(0.84508806, 0.53283256, 0.20192046, 0.59261787, 0.63243657, 0.43719977, 0.82031035, 0.71135569, 0.20175147, 0.49218348)
(0.78711623, 0.58860886, 0.82424223, 0.21743894, 0.53699499, 0.35328647, 0.49521324, 0.39454237, 0.53291678, 0.80766910)
(0.86579436, 0.15571013, 0.15794407, 0.26028988, 0.23418169, 0.51648229, 0.78954303, 0.70953822, 0.54290301, 0.25211278)
(0.78092796, 0.31851503, 0.47243124, 0.52050054, 0.12769699, 0.14354703, 0.40709138, 0.55632669, 0.45498621, 0.21798915)
(0.57303590, 0.48221210, 0.30918986, 0.67344350, 0.37433106, 0.48371461, 0.60048419, 0.78296268, 0.57624006, 0.19973974)
(0.70699865, 0.56786114, 0.29162949, 0.55683470, 0.50450331, 0.48674133, 0.76455039, 0.84246367, 0.50681740, 0.29279459)
(0.63239813, 0.74828941, 0.52840614, 0.33879709, 0.50501615, 0.74634534, 0.24101356, 0.27352089, 0.29113904, 0.84808421)
(0.63827878, 0.43888324, 0.33747399, 0.79697287, 0.84795487, 0.51950181, 0.79513699, 0.61580825, 0.38153547, 0.42346835)
(0.49019563, 0.70219946, 0.70224398, 0.20091142, 0.29147470, 0.72935659, 0.23351219, 0.47545692, 0.71888155, 0.70197630)
(0.72965342, 0.35765123, 0.55245417, 0.57558787, 0.69104421, 0.29452676, 0.81542462, 0.69044024, 0.56030893, 0.40474370)
(0.78264016, 0.35956302, 0.39872500, 0.75960052, 0.39983916, 0.15400666, 0.77346027, 0.83003712, 0.51975173, 0.13164984)
(0.53155911, 0.48367146, 0.50341767, 0.91775614, 0.91394305, 0.45437786, 0.69344646, 0.50326896, 0.38825658, 0.41298005)
(0.53201312, 0.27949610, 0.36529022, 0.56878942, 0.35756683, 0.53473133, 0.59422505, 0.65303093, 0.69527763, 0.22913538)
(0.74505281, 0.60514176, 0.25987488, 0.46400848, 0.14149931, 0.43349659, 0.59502494, 0.92393672, 0.63654554, 0.12520704)
(0.45184037, 0.74937838, 0.64064491, 0.19593559, 0.24252722, 0.87654561, 0.08953987, 0.25104362, 0.65158349, 0.80970395)
(0.80812150, 0.32227579, 0.39396870, 0.36365527, 0.39298314, 0.35900497, 0.71308523, 0.64139116, 0.47744471, 0.41529343)
(0.64116609, 0.22197510, 0.22184762, 0.92498595, 0.87327266, 0.48827219, 0.68764228, 0.27102640, 0.19675916, 0.40316325)
(0.42848378, 0.41208488, 0.53369200, 0.71446109, 0.75845391, 0.62765396, 0.55280066, 0.44312951, 0.57624108, 0.49029338)
(0.67206615, 0.45587081, 0.34520927, 0.82853651, 0.30496794, 0.24696568, 0.74357074, 0.92431968, 0.72042370, 0.05351711)
(0.82432371, 0.73518604, 0.29594815, 0.78773427, 0.60763288, 0.29167914, 0.74775666, 0.80879152, 0.21063668, 0.35806057)
(0.87392706, 0.28804663, 0.48691893, 0.23050940, 0.49231866, 0.42566493, 0.63228524, 0.27601996, 0.32521963, 0.75592399)
(0.78914106, 0.20073542, 0.42550406, 0.12247702, 0.20583460, 0.58583832, 0.70309788, 0.71869063, 0.81734008, 0.33058983)
(0.79818356, 0.83404583, 0.40673310, 0.79271644, 0.21521303, 0.15600957, 0.48503172, 0.90451473, 0.36164644, 0.15894847)
(0.75680655, 0.40272644, 0.78788882, 0.19420524, 0.19287194, 0.36536717, 0.25260863, 0.27896938, 0.62895149, 0.66730219)
(0.81060612, 0.19322759, 0.16853243, 0.24994908, 0.21160936, 0.64447403, 0.60434687, 0.49859858, 0.46606299, 0.38248733)
(0.87570447, 0.54095942, 0.54591972, 0.20930760, 0.65570897, 0.71087021, 0.38300133, 0.09659082, 0.18714346, 0.94205701)
(0.67408222, 0.45285225, 0.25658229, 0.60637486, 0.70507818, 0.61090344, 0.76931787, 0.65019250, 0.38594747, 0.46060234)
(0.84287703, 0.59492528, 0.44556072, 0.80273199, 0.63286400, 0.15411562, 0.74176216, 0.71042299, 0.21387568, 0.37903079)
(0.56442308, 0.44344404, 0.54327381, 0.41204426, 0.38575891, 0.47463834, 0.53355521, 0.62286919, 0.65219069, 0.42148075)
(0.73773712, 0.41233051, 0.52778161, 0.32629210, 0.48828849, 0.39826927, 0.67826331, 0.59828705, 0.52274150, 0.54268187)
(0.92735934, 0.58608615, 0.27868569, 0.66395754, 0.09014893, 0.09927425, 0.22949405, 0.44036230, 0.06677878, 0.36930937)
(0.72076380, 0.67791671, 0.60112143, 0.55269718, 0.57586026, 0.33954322, 0.51435888, 0.52066594, 0.31280655, 0.65400469)
(0.51695663, 0.56146896, 0.58454126, 0.56688648, 0.52749425, 0.42408770, 0.57076395, 0.67194295, 0.60973042, 0.42365572)
(0.84667486, 0.48543471, 0.85051775, 0.18139860, 0.27412286, 0.19798474, 0.51096910, 0.59277201, 0.71265042, 0.57372403)
(0.88543731, 0.29272607, 0.26101679, 0.13547531, 0.13254318, 0.49833271, 0.52368951, 0.50744718, 0.40897116, 0.49660388)
(0.58476424, 0.32741430, 0.75680178, 0.67624611, 0.80297512, 0.35947677, 0.71226591, 0.46288916, 0.69195533, 0.50818831)
(0.77123386, 0.53253418, 0.78212601, 0.24340922, 0.36296546, 0.33236760, 0.36031246, 0.33521494, 0.49972883, 0.74739271)
(0.70346755, 0.50873578, 0.49281591, 0.54402137, 0.44663376, 0.32867217, 0.45884249, 0.43296197, 0.28986073, 0.57146394)
(0.58456987, 0.23619516, 0.70131463, 0.40608990, 0.72360045, 0.60102600, 0.79278427, 0.61849999, 0.86957985, 0.43449044)
(0.63159972, 0.45110127, 0.38022950, 0.37412995, 0.78181630, 0.76945007, 0.82592267, 0.71507406, 0.64093751, 0.55934018)
(0.83861125, 0.12462221, 0.10801023, 0.90307826, 0.56995034, 0.29164454, 0.68107414, 0.29500440, 0.11331478, 0.24494506)
(0.64041817, 0.21171358, 0.20044708, 0.73067385, 0.44122994, 0.45429233, 0.66089910, 0.55946314, 0.42875960, 0.21210290)
(0.37042838, 0.79331797, 0.92004156, 0.24467798, 0.34402189, 0.70510298, 0.16013648, 0.45811880, 0.88998699, 0.72102714)
(0.61727947, 0.48334873, 0.54616976, 0.33152646, 0.41004589, 0.52220637, 0.63948750, 0.74964261, 0.72821987, 0.40519300)
(0.85928833, 0.51305366, 0.42271549, 0.32669407, 0.42446107, 0.32583976, 0.68790269, 0.63321525, 0.31855395, 0.57598573)
(0.76813042, 0.71103877, 0.61132419, 0.65335530, 0.21246053, 0.13242383, 0.33669156, 0.69754761, 0.35677555, 0.32753342)
(0.72013247, 0.39935628, 0.31782532, 0.46963799, 0.29073921, 0.42516261, 0.48403108, 0.49894664, 0.34333667, 0.42919204)
(0.53497988, 0.60291672, 0.56863284, 0.47773457, 0.55152053, 0.52755678, 0.41525698, 0.41811660, 0.42349088, 0.67215842)
(0.77486700, 0.43061715, 0.60406029, 0.41147327, 0.58004451, 0.29129019, 0.80573094, 0.76616538, 0.62777549, 0.41881832)
(0.61169374, 0.28266189, 0.50744605, 0.65749896, 0.63926405, 0.41695800, 0.79583925, 0.73058242, 0.73360020, 0.24483965)
(0.47783187, 0.44166565, 0.34147555, 0.57104480, 0.41577962, 0.65143329, 0.59449005, 0.76306444, 0.69965225, 0.24527225)
(0.76713592, 0.68134278, 0.82287169, 0.65193087, 0.17871349, 0.06488343, 0.41192845, 0.80669403, 0.65449178, 0.19991617)
(0.83369499, 0.60386771, 0.56234545, 0.63228482, 0.48378792, 0.14572151, 0.79006213, 0.87323457, 0.50000870, 0.26163989)
(0.49885857, 0.55449319, 0.36449802, 0.91583771, 0.76990771, 0.40925509, 0.50795281, 0.48110425, 0.28656432, 0.37124825)
(0.63131553, 0.82994092, 0.51652634, 0.89159822, 0.23024362, 0.14119527, 0.20893851, 0.74211568, 0.33666933, 0.18916616)
(0.89800549, 0.28721958, 0.50511444, 0.34841549, 0.13464044, 0.10316091, 0.71973515, 0.83262658, 0.63915122, 0.14982504)
(0.68613780, 0.80864936, 0.42349938, 0.74309570, 0.55874777, 0.52435690, 0.12815236, 0.15328522, 0.07666451, 0.83661205)
(0.91840202, 0.39099863, 0.19649917, 0.23140620, 0.15521942, 0.46215421, 0.47246987, 0.41155013, 0.17527510, 0.59155560)
(0.75461954, 0.34998739, 0.75920665, 0.21910930, 0.37802827, 0.32882684, 0.54054296, 0.45221120, 0.67892259, 0.60630113)
(0.76421148, 0.16131219, 0.45946455, 0.61023122, 0.51902145, 0.22449736, 0.76187032, 0.51978147, 0.52716267, 0.30359593)
(0.48902735, 0.33410728, 0.54550648, 0.79365659, 0.82181108, 0.52041215, 0.67932498, 0.49725056, 0.59105182, 0.39231944)
(0.47268796, 0.62279421, 0.64292407, 0.86767912, 0.51043153, 0.25361452, 0.29629970, 0.51843554, 0.48623365, 0.31796226)
(0.49823752, 0.40773964, 0.37073916, 0.75310320, 0.77213365, 0.63614434, 0.46687207, 0.24508801, 0.28777537, 0.63919979)
(0.65952748, 0.52734613, 0.82229275, 0.16750926, 0.50315034, 0.57631445, 0.44436300, 0.37717971, 0.73155105, 0.79213154)
(0.59796786, 0.30125463, 0.34253398, 0.61665428, 0.75294906, 0.74283904, 0.44676942, 0.14247860, 0.27039111, 0.74038291)
(0.92457521, 0.61952633, 0.59361750, 0.37066686, 0.10764887, 0.07244091, 0.45955196, 0.76543772, 0.34320134, 0.31015497)
(0.27594686, 0.75413013, 0.64415622, 0.55365944, 0.25962794, 0.78096735, 0.03824166, 0.16786402, 0.55057365, 0.68579447)
(0.74484658, 0.16500355, 0.46861136, 0.60668111, 0.39116666, 0.23609674, 0.73170108, 0.62318397, 0.65116203, 0.19876041)
(0.82741231, 0.68212551, 0.47982371, 0.54785269, 0.55467635, 0.25844541, 0.89827907, 0.96068102, 0.69002593, 0.18648751)
(0.90797651, 0.45574686, 0.23479486, 0.26947823, 0.24020340, 0.33316249, 0.71281695, 0.74271196, 0.29340684, 0.42118484)
(0.86814398, 0.36315975, 0.60849762, 0.51303673, 0.38444272, 0.13059375, 0.50965106, 0.33785748, 0.23959284, 0.56705189)
(0.67548847, 0.23155409, 0.16177957, 0.75455052, 0.61442596, 0.63462281, 0.54278177, 0.24149936, 0.19458894, 0.48633146)
(0.78879446, 0.43092206, 0.39856917, 0.83006167, 0.38320142, 0.12781911, 0.65213710, 0.75760883, 0.36889094, 0.15318137)
(0.79080051, 0.57692951, 0.60294133, 0.18692347, 0.61075240, 0.71352565, 0.44042483, 0.20199496, 0.35384738, 0.90548074)
(0.33879563, 0.78986037, 0.84060174, 0.48519871, 0.72141355, 0.82875401, 0.10792518, 0.13200934, 0.58175355, 0.90174419)
(0.63848513, 0.66194040, 0.57813853, 0.25695661, 0.34804931, 0.56002420, 0.53764451, 0.76536995, 0.68254727, 0.50194836)
(0.74926984, 0.68667901, 0.38782799, 0.74788666, 0.17917389, 0.17263934, 0.54906964, 0.90889239, 0.53011179, 0.10247898)
(0.84711999, 0.47932592, 0.65174675, 0.71951723, 0.18811911, 0.04630305, 0.32987556, 0.50441885, 0.26379696, 0.27544656)
(0.55352157, 0.39045981, 0.49321648, 0.77429974, 0.70082909, 0.37274739, 0.66806185, 0.58185780, 0.50790614, 0.34311858)
(0.53613079, 0.75648326, 0.52273053, 0.34166661, 0.46365353, 0.67843419, 0.47148201, 0.70533884, 0.57738936, 0.60639179)
(0.60070002, 0.32495734, 0.16853815, 0.19588512, 0.16915978, 0.86286885, 0.44486201, 0.64544517, 0.69944555, 0.32755792)
(0.41148585, 0.16902475, 0.30440158, 0.89283669, 0.75641042, 0.67331463, 0.33024645, 0.10747953, 0.32791436, 0.45500317)
(0.55958068, 0.68511921, 0.62104404, 0.71637917, 0.52752835, 0.37095842, 0.64376873, 0.85965717, 0.72419566, 0.23678568)
(0.59510446, 0.60667264, 0.42593485, 0.90279132, 0.89706403, 0.46014106, 0.75370276, 0.64862400, 0.35699633, 0.40237558)
(0.67466706, 0.76011372, 0.48819467, 0.23673709, 0.50916332, 0.68376589, 0.69105917, 0.84634334, 0.64883983, 0.57419509)
(0.92677999, 0.57680917, 0.57574368, 0.63246948, 0.25722381, 0.06090152, 0.43657941, 0.49032050, 0.12347237, 0.48835576)
(0.80052572, 0.64886767, 0.73892415, 0.72798115, 0.10169993, 0.05013029, 0.15972374, 0.54393405, 0.33743280, 0.25561765)
(0.77856946, 0.77299887, 0.40779054, 0.84316832, 0.46436507, 0.18752094, 0.60388273, 0.83759505, 0.28790876, 0.24216583)
(0.87643927, 0.26341355, 0.27446890, 0.56323349, 0.10297517, 0.11908459, 0.59688115, 0.73961443, 0.39671174, 0.11186061)
(0.53303367, 0.88747412, 0.65905863, 0.32602498, 0.30065712, 0.75705230, 0.08457705, 0.32659027, 0.38037923, 0.82804185)
(0.57748950, 0.16224106, 0.23934007, 0.64143646, 0.64382172, 0.71307760, 0.68392807, 0.40583706, 0.54414493, 0.36305833)
(0.83035505, 0.62765497, 0.42435810, 0.54147494, 0.19840039, 0.16216516, 0.57255620, 0.83948767, 0.40516108, 0.22796443)
(0.76400238, 0.40008479, 0.61796033, 0.48961905, 0.75077176, 0.32665065, 0.79516602, 0.56570196, 0.48902908, 0.59271300)
(0.92194176, 0.40682995, 0.45639253, 0.60316235, 0.28901133, 0.08328570, 0.64475507, 0.61398029, 0.20485194, 0.34966806)
(0.71538955, 0.55145407, 0.36867383, 0.83107430, 0.38416746, 0.19788343, 0.53448874, 0.72320700, 0.33624545, 0.19987050)
(0.69417101, 0.26135692, 0.46773791, 0.43253133, 0.71939081, 0.57412016, 0.75215626, 0.42157081, 0.53469229, 0.60071933)
(0.75266236, 0.18954389, 0.49692312, 0.02814890, 0.16344783, 0.88851136, 0.51271290, 0.50986326, 0.92482352, 0.58532780)
(0.94088608, 0.44819731, 0.43278697, 0.22280575, 0.22855553, 0.15554108, 0.74634939, 0.76854014, 0.35034102, 0.41981605)
(0.91596979, 0.27495870, 0.17249556, 0.14793949, 0.09848932, 0.48026335, 0.55326289, 0.57962489, 0.34565133, 0.40439975)
(0.57108688, 0.82527918, 0.51484782, 0.40454978, 0.64275342, 0.72900259, 0.48466092, 0.60355830, 0.42105025, 0.76170325)
(0.41408801, 0.88029462, 0.74211115, 0.24908985, 0.67672080, 0.89841408, 0.25015205, 0.39702386, 0.63779891, 0.89776784)
(0.81197047, 0.60521871, 0.61506301, 0.30625412, 0.59053528, 0.38224038, 0.66296589, 0.55546522, 0.38785297, 0.72828704)
(0.83971936, 0.55409557, 0.46585712, 0.33636895, 0.38740048, 0.37392840, 0.52397060, 0.47345850, 0.27199346, 0.67163509)
(0.49689582, 0.35169891, 0.61197591, 0.23462167, 0.28847295, 0.69078499, 0.47703376, 0.62724406, 0.87225688, 0.38826182)
(0.72359437, 0.37938073, 0.51955891, 0.58254480, 0.75144315, 0.37961414, 0.87077868, 0.78992754, 0.65291274, 0.35214698)
(0.66862857, 0.78119540, 0.60602075, 0.39764553, 0.71471566, 0.63351470, 0.47946694, 0.40430436, 0.30452409, 0.85482699)
(0.63564384, 0.31407475, 0.35180038, 0.45284513, 0.64657897, 0.63256192, 0.77295560, 0.64273036, 0.60038114, 0.43855512)
(0.85992008, 0.43415400, 0.61984146, 0.27271771, 0.14979748, 0.16066046, 0.60497427, 0.80510437, 0.66642767, 0.26279327)
(0.71832317, 0.57295245, 0.58944321, 0.54953957, 0.46403190, 0.25396052, 0.58684880, 0.65277427, 0.43654007, 0.45702037)
(0.65246660, 0.46471131, 0.25799811, 0.84791863, 0.66484177, 0.40843567, 0.55643123, 0.42071262, 0.17218488, 0.44043270)
(0.67096698, 0.35688764, 0.06207000, 0.51440275, 0.16595298, 0.79992282, 0.48920822, 0.70577729, 0.41742003, 0.18180525)
(0.52167642, 0.64359015, 0.69089520, 0.30320626, 0.27290016, 0.56589693, 0.27964249, 0.53919452, 0.68437636, 0.56977874)
(0.58925807, 0.37460804, 0.52793956, 0.49668121, 0.32738414, 0.43194064, 0.56282741, 0.69967383, 0.73272485, 0.26641980)
(0.76777363, 0.31679279, 0.26302287, 0.58849388, 0.17630699, 0.28328609, 0.64402050, 0.81736821, 0.57288498, 0.11289014)
(0.76073635, 0.75023305, 0.25446889, 0.54731792, 0.55158907, 0.74125445, 0.30553839, 0.25924221, 0.09031221, 0.83897549)
(0.49490872, 0.68921870, 0.63331848, 0.58575380, 0.83294147, 0.65387869, 0.64930320, 0.60055733, 0.57109678, 0.67820930)
(0.71983516, 0.47214279, 0.56566638, 0.88068467, 0.37192261, 0.08637229, 0.59670174, 0.79355472, 0.52394724, 0.10866069)
(0.39654917, 0.35703185, 0.37517399, 0.84603870, 0.75362104, 0.62388742, 0.40973854, 0.26581961, 0.36906603, 0.47904769)
(0.55119318, 0.38814595, 0.48467737, 0.33652487, 0.29722527, 0.83882719, 0.09142355, 0.07192481, 0.45806763, 0.79734957)
(0.52865189, 0.11729153, 0.57346112, 0.71093547, 0.75674039, 0.56879044, 0.75447553, 0.43268976, 0.81800240, 0.29274499)
(0.51819235, 0.28510046, 0.32534891, 0.63687450, 0.41833135, 0.52607530, 0.59390014, 0.60286784, 0.60555947, 0.24779500)
(0.68215001, 0.22463626, 0.54036713, 0.82360357, 0.76534629, 0.24968217, 0.88533348, 0.76590735, 0.71806920, 0.16048802)
(0.51033813, 0.76467180, 0.80164999, 0.71249473, 0.81345212, 0.43256530, 0.72475129, 0.82002866, 0.77596885, 0.45045674)
(0.40287676, 0.68514383, 0.40910912, 0.46389747, 0.23120822, 0.68085152, 0.32023317, 0.77631783, 0.68928462, 0.30449310)
(0.83376688, 0.54039234, 0.59866422, 0.62896818, 0.29770476, 0.09564809, 0.59987646, 0.75600272, 0.41161895, 0.27074423)
(0.93360144, 0.63309199, 0.59815490, 0.30264327, 0.22107090, 0.10345514, 0.62566149, 0.77182138, 0.32756343, 0.44990683)
(0.56554765, 0.26804057, 0.48009044, 0.47098118, 0.35796860, 0.52659374, 0.59652019, 0.63465667, 0.76710701, 0.26703584)
(0.63960880, 0.53520894, 0.79566872, 0.35638481, 0.55816245, 0.39855570, 0.41459712, 0.32609805, 0.54432845, 0.75580686)
(0.52267432, 0.17546175, 0.33485469, 0.78157037, 0.44945922, 0.41537833, 0.53469157, 0.43276045, 0.55371261, 0.20636758)
(0.37589949, 0.60926318, 0.49289683, 0.47363001, 0.32359922, 0.74450564, 0.46554324, 0.84294683, 0.85458499, 0.23167866)
(0.63833326, 0.37647292, 0.72000849, 0.36388901, 0.62011939, 0.42487109, 0.64490259, 0.47643879, 0.66783357, 0.61236686)
(0.46879646, 0.54206020, 0.74047637, 0.26339069, 0.30193284, 0.76248479, 0.12915856, 0.18015096, 0.70287412, 0.76338619)
(0.50503266, 0.33692002, 0.15897830, 0.26110047, 0.08195455, 0.87224966, 0.20422833, 0.48348182, 0.67963111, 0.28607371)
(0.53339249, 0.82084489, 0.73094219, 0.53654826, 0.41368970, 0.42212033, 0.40100679, 0.78318292, 0.66405898, 0.45001572)
(0.63021684, 0.13512203, 0.27150291, 0.72074836, 0.29911056, 0.37333336, 0.58005589, 0.51223856, 0.58190715, 0.14689875)
(0.47149304, 0.77407265, 0.64534873, 0.48348290, 0.32746273, 0.54041755, 0.17611150, 0.44909793, 0.47712860, 0.63773066)
(0.61380965, 0.67294663, 0.36601141, 0.59309179, 0.56215209, 0.57230878, 0.54174596, 0.61010784, 0.34567556, 0.54172248)
(0.60499513, 0.56027329, 0.26725438, 0.92988956, 0.73086643, 0.35620555, 0.57163495, 0.55007231, 0.20545630, 0.30399510)
(0.71744621, 0.44406924, 0.53081560, 0.25829199, 0.35663807, 0.46595043, 0.53276855, 0.53000617, 0.53010070, 0.58476102)
(0.86364502, 0.56311214, 0.71781111, 0.28933719, 0.46798831, 0.22127528, 0.58118510, 0.49389353, 0.37237659, 0.70941746)
(0.77467644, 0.48576766, 0.41007689, 0.22125559, 0.32065201, 0.52402222, 0.59131110, 0.62671739, 0.48630199, 0.56517458)
(0.76480824, 0.49044228, 0.51375407, 0.29327896, 0.33856449, 0.38478717, 0.51387924, 0.52219886, 0.42022672, 0.59149575)
(0.64420903, 0.13388029, 0.20023619, 0.69432259, 0.33752811, 0.50046664, 0.73750728, 0.69656265, 0.68163973, 0.10508334)
(0.88132691, 0.89456099, 0.15426214, 0.38742056, 0.01218472, 0.32816061, 0.10003781, 0.85168427, 0.22723258, 0.15877628)
(0.42875755, 0.65920478, 0.25865543, 0.58444822, 0.50777531, 0.79790020, 0.50530869, 0.71668500, 0.51078063, 0.41300064)
(0.78371894, 0.65939200, 0.34823808, 0.52829057, 0.69131494, 0.45432323, 0.81426162, 0.78670478, 0.34662998, 0.51521319)
(0.69194609, 0.45903873, 0.63358307, 0.59300482, 0.72661495, 0.31946456, 0.78637868, 0.69491351, 0.59232223, 0.45561117)
(0.55134004, 0.31171113, 0.66646171, 0.76425278, 0.60113811, 0.25257224, 0.57733673, 0.49056658, 0.62235558, 0.31682736)
(0.85113192, 0.18903425, 0.46487254, 0.22945930, 0.49598762, 0.38849494, 0.80918306, 0.56768221, 0.58341640, 0.50152147)
(0.81303728, 0.33944926, 0.73342705, 0.62262702, 0.19809200, 0.06582256, 0.58894765, 0.74325013, 0.69651037, 0.14213844)
(0.84730870, 0.57769924, 0.47375548, 0.17457969, 0.28639942, 0.60967153, 0.33131012, 0.28647438, 0.28598097, 0.81471586)
(0.45211175, 0.48471922, 0.46159270, 0.21568350, 0.24647404, 0.80294645, 0.31844607, 0.53228438, 0.76731086, 0.51252490)
(0.75254893, 0.65986139, 0.60148573, 0.41932699, 0.57919753, 0.47704482, 0.31601536, 0.21047041, 0.20591366, 0.85070139)
(0.51908565, 0.71949011, 0.53234369, 0.22592553, 0.29431224, 0.76976752, 0.45047373, 0.83146375, 0.80981475, 0.43318605)
(0.52602577, 0.52717143, 0.17541635, 0.56887525, 0.59563619, 0.82778466, 0.68502223, 0.75428933, 0.53257781, 0.34944639)
(0.75513595, 0.57729620, 0.53042394, 0.67339754, 0.44102770, 0.18935025, 0.71790892, 0.84084636, 0.52827108, 0.23686056)
(0.84309036, 0.28693733, 0.68832034, 0.16763425, 0.23325351, 0.26561630, 0.68403006, 0.71409392, 0.78558350, 0.36928567)
(0.74401885, 0.33605647, 0.39808160, 0.37813821, 0.66266221, 0.53679961, 0.78463095, 0.57850105, 0.48730791, 0.56323528)
(0.87764812, 0.42943090, 0.36968049, 0.60968381, 0.16151308, 0.09057861, 0.62767607, 0.80738348, 0.36987284, 0.14650179)
(0.87770027, 0.73656386, 0.38216880, 0.56780952, 0.29923299, 0.28936240, 0.27794823, 0.35793230, 0.08113790, 0.71318287)
(0.67251128, 0.74129057, 0.57630223, 0.48931289, 0.45108473, 0.38356066, 0.54654610, 0.75075281, 0.48422951, 0.49495429)
(0.58566350, 0.76670074, 0.52206790, 0.45496380, 0.66072017, 0.77828574, 0.21341014, 0.18721920, 0.22703190, 0.88565779)
(0.83709019, 0.54585958, 0.73495305, 0.52369535, 0.17862242, 0.07707877, 0.53143364, 0.79896122, 0.61144072, 0.21293925)
(0.41954562, 0.35664284, 0.22655576, 0.65965438, 0.20909916, 0.65082788, 0.37745887, 0.68509698, 0.66981804, 0.14453483)
(0.87159443, 0.67842788, 0.51436228, 0.68344647, 0.25019524, 0.08976199, 0.54775870, 0.79270566, 0.28593007, 0.26522610)
(0.66481847, 0.17616995, 0.59067482, 0.60045755, 0.55062890, 0.31101161, 0.62492198, 0.35597578, 0.59584248, 0.40519938)
(0.86016166, 0.16908704, 0.32874024, 0.34409410, 0.59335822, 0.42219529, 0.83715904, 0.50990433, 0.44384152, 0.50779581)
(0.82996243, 0.39538583, 0.35978398, 0.46160829, 0.16031648, 0.19706099, 0.66080242, 0.84509021, 0.56144041, 0.15072189)
(0.71146721, 0.23546034, 0.10059370, 0.51543283, 0.41884691, 0.77095741, 0.65547204, 0.50866872, 0.37514418, 0.35521770)
(0.70770460, 0.53302670, 0.39250100, 0.23560223, 0.26777226, 0.64775878, 0.37028173, 0.44911435, 0.42277381, 0.64887643)
(0.69500792, 0.23204118, 0.49843481, 0.77656841, 0.29726177, 0.13471933, 0.45114037, 0.44683972, 0.44165632, 0.19515392)
(0.81007427, 0.59807354, 0.53320146, 0.31403506, 0.64672124, 0.61866516, 0.43156755, 0.19275455, 0.20909975, 0.88985604)
(0.66032326, 0.34118184, 0.67514837, 0.63569391, 0.46967986, 0.22331111, 0.53655422, 0.49516761, 0.57176459, 0.37651289)
(0.76799244, 0.38378909, 0.35478637, 0.44715261, 0.09029378, 0.23766379, 0.49191669, 0.81154805, 0.62304354, 0.12349138)
(0.65021807, 0.78409797, 0.23887002, 0.25742230, 0.65425056, 0.91868788, 0.63305545, 0.68682259, 0.42550093, 0.76114017)
(0.84144098, 0.53024811, 0.49568856, 0.27176830, 0.37719077, 0.35252574, 0.61522526, 0.59810561, 0.37262973, 0.61268425)
(0.68449348, 0.40491626, 0.21657152, 0.30772951, 0.35395724, 0.75011504, 0.75309122, 0.86380899, 0.72123355, 0.24444997)
(0.59261912, 0.74270040, 0.54692775, 0.90502882, 0.86513174, 0.38568339, 0.58726400, 0.56109285, 0.29900953, 0.52424622)
(0.85777158, 0.33979517, 0.13699014, 0.17200334, 0.27617854, 0.91601008, 0.24505977, 0.10601949, 0.19294716, 0.83302325)
(0.61785597, 0.50564092, 0.64966828, 0.52376509, 0.35687965, 0.33223575, 0.50576574, 0.68267214, 0.67341226, 0.33942741)
(0.76985854, 0.43243858, 0.45944327, 0.49800953, 0.08268174, 0.17819904, 0.19630185, 0.42208922, 0.34440908, 0.30548584)
(0.69013578, 0.59766227, 0.87184244, 0.36939418, 0.33794573, 0.23083018, 0.34794405, 0.49342361, 0.68578124, 0.58081263)
(0.80694932, 0.47369319, 0.22314282, 0.54937834, 0.82636392, 0.61896694, 0.91405976, 0.80317068, 0.40018120, 0.46363515)
(0.52880579, 0.43399572, 0.61441904, 0.16341028, 0.08783108, 0.69036722, 0.20262225, 0.53283244, 0.86018056, 0.38219333)
(0.53736097, 0.49630386, 0.18467724, 0.54469472, 0.41216800, 0.76181024, 0.45439965, 0.52191067, 0.36830732, 0.44620702)
(0.45890209, 0.30761996, 0.40830332, 0.55406708, 0.30979738, 0.58150101, 0.45823863, 0.57535481, 0.70750153, 0.25943249)
(0.68507659, 0.62359542, 0.42856991, 0.91078979, 0.84358531, 0.31577262, 0.65084416, 0.51348603, 0.20110115, 0.47691810)
(0.63953525, 0.39195961, 0.64709330, 0.15949924, 0.46315715, 0.67876387, 0.68041414, 0.70491630, 0.85276806, 0.52934438)
(0.77126968, 0.37955359, 0.54778683, 0.34964794, 0.64138710, 0.40741342, 0.81689268, 0.70109105, 0.60802072, 0.50949323)
(0.49204654, 0.52320933, 0.66374266, 0.53354186, 0.51493269, 0.46148273, 0.60229284, 0.73358607, 0.77762055, 0.35500777)
(0.73844498, 0.58771926, 0.33680588, 0.49071351, 0.23947735, 0.44101509, 0.27009174, 0.38213307, 0.20507474, 0.56771660)
(0.69782782, 0.61587286, 0.58722585, 0.72898674, 0.77566087, 0.33062539, 0.83785856, 0.84196639, 0.61492801, 0.33798796)
(0.92071009, 0.51908571, 0.46502095, 0.19226821, 0.22898588, 0.29118448, 0.49450862, 0.45841312, 0.23984566, 0.69233543)
(0.75466543, 0.67588413, 0.40044361, 0.39542136, 0.31544676, 0.52102387, 0.33156720, 0.43525776, 0.24385802, 0.67727458)
(0.87096357, 0.74504876, 0.37301674, 0.50449657, 0.13249703, 0.20323682, 0.26358077, 0.58738393, 0.15086724, 0.46777713)
(0.69253367, 0.21455243, 0.32543391, 0.48312548, 0.79116410, 0.68966991, 0.87045616, 0.61826992, 0.62915635, 0.45370489)
(0.59976131, 0.68646497, 0.36271489, 0.58213556, 0.34321225, 0.53842044, 0.54905748, 0.85054344, 0.58702242, 0.25370753)
(0.71867323, 0.87849873, 0.75969344, 0.50809389, 0.66809922, 0.48478943, 0.18199328, 0.20801678, 0.18384968, 0.91330731)
(0.84930116, 0.20155394, 0.63380671, 0.46681699, 0.27325070, 0.11135305, 0.68696946, 0.61756545, 0.62014544, 0.24329387)
(0.79376704, 0.51997405, 0.45911694, 0.14811596, 0.62724686, 0.76891619, 0.65536934, 0.42697862, 0.44591770, 0.83805710)
(0.57471502, 0.77769077, 0.65718603, 0.25847584, 0.36589304, 0.64551002, 0.31685632, 0.57887268, 0.57734156, 0.70610267)
(0.68379366, 0.42993870, 0.57170790, 0.57678723, 0.91586411, 0.79195362, 0.44079405, 0.06877495, 0.23504996, 0.92401958)
(0.90850568, 0.85944945, 0.48529088, 0.76627338, 0.55022120, 0.16088407, 0.60760987, 0.73025441, 0.10570157, 0.57780659)
(0.78384292, 0.34958017, 0.45186976, 0.27394521, 0.21447584, 0.35534129, 0.56756961, 0.65164989, 0.57393849, 0.37244761)
(0.74905258, 0.39740163, 0.19909692, 0.62067604, 0.63990492, 0.55593795, 0.76614165, 0.60529232, 0.28645873, 0.44717082)
(0.71202886, 0.73988003, 0.38406453, 0.64152038, 0.23020835, 0.29636085, 0.54280668, 0.89443958, 0.51793838, 0.18078417)
(0.74770284, 0.43011743, 0.69020689, 0.77477193, 0.40427813, 0.08667936, 0.50900841, 0.57558912, 0.43305439, 0.27347088)
(0.59242010, 0.23004416, 0.48984697, 0.82461834, 0.83452910, 0.42193246, 0.87008953, 0.70915407, 0.71666503, 0.21246307)
(0.78007090, 0.35191500, 0.29101348, 0.17871737, 0.38900927, 0.71122688, 0.79637975, 0.80784339, 0.71134567, 0.38516432)
(0.59424591, 0.23944224, 0.31125686, 0.40904659, 0.23648505, 0.61722332, 0.59390914, 0.71675175, 0.76402903, 0.19399352)
(0.47178522, 0.55783176, 0.35064277, 0.88791311, 0.56549197, 0.37700233, 0.36252788, 0.47325930, 0.30681741, 0.32361478)
(0.53116876, 0.49590600, 0.66573870, 0.22573872, 0.55610877, 0.74574649, 0.46074498, 0.40176606, 0.72260445, 0.74586296)
(0.81641757, 0.53001094, 0.35711509, 0.57492489, 0.28963837, 0.22004661, 0.54948950, 0.65079427, 0.25991797, 0.36235332)
(0.68275136, 0.22405949, 0.44840068, 0.18388236, 0.16091973, 0.58509469, 0.44897196, 0.49724513, 0.74609005, 0.38432106)
(0.85742772, 0.32378405, 0.38452011, 0.13216284, 0.25932252, 0.52459335, 0.61831111, 0.52642822, 0.49274552, 0.59715861)
(0.61512899, 0.32786700, 0.48194826, 0.50331706, 0.40044469, 0.51324505, 0.70792627, 0.79990816, 0.81773496, 0.20064583)
(0.75862348, 0.67272198, 0.67926502, 0.63393706, 0.52857763, 0.20654017, 0.58400673, 0.68221509, 0.42022681, 0.48138759)
(0.68600059, 0.74658370, 0.51894236, 0.61680061, 0.52547401, 0.46476218, 0.20045322, 0.22341312, 0.14779426, 0.80014116)
(0.55595070, 0.51710975, 0.54392618, 0.78289169, 0.82557118, 0.46643594, 0.73801303, 0.65691358, 0.54462868, 0.41504955)
(0.41801560, 0.35455728, 0.56675351, 0.82755917, 0.79594648, 0.54364228, 0.42101026, 0.24673729, 0.46646842, 0.53808254)
(0.59425747, 0.58034760, 0.84068650, 0.42304140, 0.29640287, 0.35089692, 0.14335427, 0.23494685, 0.56266755, 0.69473898)
(0.86070323, 0.37484002, 0.59312302, 0.17461681, 0.14970487, 0.37892550, 0.25609326, 0.22274826, 0.37788269, 0.70634317)
(0.84971404, 0.50385892, 0.52751625, 0.34980524, 0.43234596, 0.41148564, 0.32459253, 0.16387290, 0.16304249, 0.83147365)
(0.79855669, 0.46742129, 0.42860976, 0.24588200, 0.74454141, 0.78524184, 0.61853695, 0.22927411, 0.30007383, 0.88358968)
(0.47403330, 0.69642031, 0.76149881, 0.57298571, 0.62969971, 0.45059416, 0.46238315, 0.58474094, 0.64029878, 0.58918983)
(0.75934166, 0.59648675, 0.56017363, 0.26487175, 0.63768625, 0.58430618, 0.61279684, 0.43943077, 0.38582522, 0.80652851)
(0.58035237, 0.55864948, 0.81414109, 0.36919811, 0.37287006, 0.38732928, 0.36541989, 0.49736029, 0.73061550, 0.56461877)
(0.92034602, 0.57165033, 0.50328642, 0.38649860, 0.28024840, 0.14743137, 0.54606086, 0.54999143, 0.18673737, 0.58270466)
(0.59815884, 0.30621171, 0.45231673, 0.81269634, 0.89380693, 0.57664758, 0.67306930, 0.28421119, 0.35597223, 0.58743131)
(0.86408186, 0.31061846, 0.50597262, 0.29340208, 0.60071975, 0.38077101, 0.70696169, 0.34267566, 0.32554740, 0.72809923)
(0.76086926, 0.41952386, 0.48714820, 0.14300673, 0.28880051, 0.58685839, 0.53383261, 0.53192335, 0.58820748, 0.62668878)
(0.81467682, 0.51581967, 0.81963241, 0.19659910, 0.39886537, 0.25827849, 0.60565335, 0.63044643, 0.69788659, 0.60906643)
(0.51518393, 0.65767586, 0.47835121, 0.62255937, 0.47125369, 0.48422381, 0.55155176, 0.77229422, 0.58649427, 0.34164122)
(0.89661646, 0.34187374, 0.38384077, 0.20593202, 0.21835616, 0.30130574, 0.61321241, 0.55971444, 0.36326757, 0.50707090)
(0.51646703, 0.57132882, 0.72552472, 0.56817698, 0.55679125, 0.38178328, 0.50466377, 0.58474201, 0.64747775, 0.49847919)
(0.82372415, 0.32581484, 0.69207925, 0.43070549, 0.66158634, 0.21690717, 0.76875132, 0.50594240, 0.49561378, 0.58638942)
(0.71573722, 0.40130305, 0.22814620, 0.30501696, 0.29667741, 0.65398592, 0.62396103, 0.69228607, 0.51296097, 0.38274503)
(0.70583218, 0.86148745, 0.57406181, 0.39280596, 0.60447377, 0.64710182, 0.34885851, 0.42359775, 0.23612694, 0.86357832)
(0.87699831, 0.75263625, 0.28820023, 0.38386014, 0.50272012, 0.39625111, 0.87836272, 0.94046676, 0.43878651, 0.34717873)
(0.74721169, 0.69721162, 0.50872087, 0.63797218, 0.67438495, 0.36559948, 0.67337275, 0.66436070, 0.32390505, 0.56134045)
(0.80990243, 0.57473272, 0.59317577, 0.17110655, 0.03732053, 0.30598074, 0.17957395, 0.62085927, 0.61611992, 0.35236225)
(0.67235494, 0.57461435, 0.71720564, 0.53085780, 0.76632673, 0.52403140, 0.29017720, 0.11355104, 0.26582831, 0.88720870)
(0.67761856, 0.48210934, 0.80264974, 0.28804696, 0.21370140, 0.35784450, 0.20368209, 0.28671613, 0.61773044, 0.64022434)
(0.89472437, 0.31412503, 0.21720329, 0.16506654, 0.07684414, 0.41322428, 0.47545034, 0.61306173, 0.38862589, 0.35034579)
(0.78396243, 0.15130417, 0.13867776, 0.24047889, 0.13261729, 0.69649535, 0.62972081, 0.67819107, 0.66001993, 0.19482462)
(0.90860105, 0.74668604, 0.27026641, 0.41532835, 0.10244594, 0.20031250, 0.43239740, 0.81821638, 0.21105629, 0.30496633)
(0.72286028, 0.36546797, 0.54899061, 0.31153417, 0.29411146, 0.43496221, 0.67308801, 0.79185683, 0.78947765, 0.27897546)
(0.60817474, 0.38335744, 0.61745209, 0.18625939, 0.31236461, 0.66758120, 0.61408323, 0.75843573, 0.88601029, 0.37593406)
(0.67056674, 0.28031722, 0.51594877, 0.57962108, 0.42977098, 0.31335476, 0.67371464, 0.65383834, 0.65351176, 0.26514363)
(0.72200179, 0.58887231, 0.58537257, 0.30099925, 0.73135829, 0.65883672, 0.57900369, 0.32379860, 0.37083122, 0.85381937)
(0.85844976, 0.32460424, 0.45544687, 0.16646944, 0.33914062, 0.41993600, 0.82818097, 0.82974851, 0.72635365, 0.36186403)
(0.65631300, 0.48925513, 0.89528978, 0.40124881, 0.41157645, 0.23928913, 0.33867410, 0.35553977, 0.71185017, 0.62327003)
(0.80350053, 0.59743285, 0.58825886, 0.14219984, 0.38941211, 0.62566859, 0.42446494, 0.36255571, 0.42083701, 0.83154833)
(0.74913335, 0.52022022, 0.20624778, 0.69879639, 0.57207650, 0.46109655, 0.65926975, 0.55964607, 0.17452624, 0.48358151)
(0.78957772, 0.62538356, 0.19361237, 0.58971971, 0.19729306, 0.36699018, 0.57731032, 0.85492170, 0.35930309, 0.18422158)
(0.37060523, 0.73956591, 0.54584682, 0.37129623, 0.58604163, 0.82229269, 0.51415902, 0.76805019, 0.77609962, 0.53961438)
(0.85691565, 0.43569371, 0.51134652, 0.29386124, 0.43099388, 0.31557769, 0.61713576, 0.45906416, 0.32195362, 0.66063976)
(0.67285699, 0.41956949, 0.68384886, 0.27066258, 0.37798065, 0.47158232, 0.60955250, 0.68307537, 0.79642051, 0.43620700)
(0.66242331, 0.21647350, 0.32396546, 0.40288621, 0.29355052, 0.53788000, 0.65935409, 0.67596227, 0.70077378, 0.23851690)
(0.63029760, 0.48069188, 0.48897371, 0.58764464, 0.72072059, 0.50901645, 0.53610069, 0.32381767, 0.30032319, 0.69931883)
(0.57328093, 0.25687435, 0.72154993, 0.22929808, 0.31979203, 0.58610713, 0.48880872, 0.46664914, 0.86895674, 0.45881417)
(0.49944991, 0.74079210, 0.54856241, 0.15095575, 0.14303902, 0.79319698, 0.25292367, 0.77159154, 0.81145066, 0.46596047)
(0.84327978, 0.22368059, 0.12955898, 0.15132610, 0.16074789, 0.89493388, 0.23277506, 0.12777533, 0.30483368, 0.70624948)
(0.80635744, 0.19439955, 0.12474737, 0.62722939, 0.09026644, 0.31020868, 0.47200522, 0.60659403, 0.33304888, 0.11073435)
(0.64518839, 0.75894624, 0.65649492, 0.30587462, 0.49318320, 0.75371391, 0.13006483, 0.14281029, 0.29920492, 0.90552914)
(0.64137000, 0.15992345, 0.24829103, 0.47334644, 0.22740339, 0.57714218, 0.60082704, 0.61947936, 0.69908994, 0.17628992)
(0.72003657, 0.60332507, 0.75897515, 0.44684345, 0.52021557, 0.26648793, 0.46886614, 0.45880330, 0.44500563, 0.67017990)
(0.78483498, 0.60753345, 0.15660983, 0.67398190, 0.22977179, 0.37548116, 0.50076222, 0.72892100, 0.20298047, 0.25781778)
(0.80981773, 0.33772779, 0.67512840, 0.62475932, 0.18182136, 0.07007212, 0.51651585, 0.66031986, 0.58104730, 0.16999182)
(0.77031314, 0.62470084, 0.11391585, 0.72700649, 0.26850328, 0.45013762, 0.54101294, 0.76189810, 0.19536069, 0.23234050)
(0.74525720, 0.66373289, 0.54306746, 0.35364142, 0.46313941, 0.43598229, 0.50746220, 0.53522503, 0.34566191, 0.69573522)
(0.57612807, 0.43102151, 0.74517798, 0.09439672, 0.44897056, 0.81832814, 0.61146724, 0.69877046, 0.93283540, 0.59516442)
(0.36373180, 0.53965467, 0.78540874, 0.59359485, 0.65306139, 0.56553447, 0.34015095, 0.34435421, 0.69627988, 0.63586843)
(0.89823031, 0.47104317, 0.60009438, 0.24633740, 0.04720552, 0.12025937, 0.25238284, 0.56848091, 0.43949208, 0.33146775)
(0.93467790, 0.24597749, 0.13502471, 0.60458434, 0.16852677, 0.15175623, 0.77263916, 0.78321582, 0.23286100, 0.13313992)
(0.74099964, 0.62536925, 0.54309314, 0.37641159, 0.47472718, 0.45599043, 0.41687673, 0.36639348, 0.27956417, 0.75771087)
(0.80455321, 0.17494299, 0.58370382, 0.34307006, 0.13253160, 0.18390478, 0.48600176, 0.49872214, 0.67090076, 0.24519989)
(0.74318779, 0.42206466, 0.66708571, 0.15321182, 0.35602003, 0.49864101, 0.64684767, 0.68861639, 0.77802593, 0.53415596)
(0.48029107, 0.63019711, 0.88454610, 0.52740693, 0.79832101, 0.49577594, 0.58842069, 0.52221620, 0.79148018, 0.68452781)
(0.78728986, 0.61418235, 0.51723617, 0.38115185, 0.59627122, 0.59025234, 0.31582400, 0.15754282, 0.16819142, 0.88370448)
(0.79054952, 0.28773603, 0.34961700, 0.45734984, 0.33645388, 0.30412045, 0.68348920, 0.63980144, 0.45299283, 0.32329819)
(0.69427025, 0.41548166, 0.66159171, 0.32061735, 0.77259958, 0.60881442, 0.67733103, 0.34734839, 0.54353499, 0.79603899)
(0.64901090, 0.51127738, 0.71313244, 0.37111679, 0.67090344, 0.49909309, 0.53600568, 0.34160709, 0.50380474, 0.77422380)
(0.39925566, 0.50539267, 0.65133882, 0.46864486, 0.58580327, 0.66362315, 0.43744129, 0.45607147, 0.69347131, 0.59263414)
(0.81742448, 0.18480432, 0.58749366, 0.36772522, 0.31221053, 0.21310641, 0.66356468, 0.52887207, 0.62049007, 0.34608543)
(0.93461615, 0.23086095, 0.13088796, 0.14148487, 0.11165954, 0.45824429, 0.74181455, 0.76402098, 0.42457479, 0.28441182)
(0.86811823, 0.67001659, 0.11397320, 0.38564306, 0.07849850, 0.44449580, 0.49419200, 0.88527578, 0.30684942, 0.17650530)
(0.91485286, 0.20138359, 0.31989241, 0.27229682, 0.36106589, 0.28519112, 0.79069811, 0.56053323, 0.36689666, 0.45967358)
(0.84975481, 0.51978290, 0.40292096, 0.26126355, 0.30226213, 0.46037635, 0.45077220, 0.39594853, 0.25395149, 0.70882857)
(0.77189726, 0.55247641, 0.55185568, 0.75313467, 0.13695346, 0.06912126, 0.39547840, 0.76680982, 0.45768270, 0.12401234)
(0.79023534, 0.34232235, 0.46860936, 0.42372939, 0.51512438, 0.30447462, 0.77976942, 0.68846488, 0.51412094, 0.40907571)
(0.76178092, 0.58975607, 0.44457233, 0.57485342, 0.43489248, 0.27733329, 0.74280363, 0.85747337, 0.52721846, 0.26384959)
(0.49437091, 0.51594430, 0.41035604, 0.86178845, 0.58539200, 0.34475255, 0.45578906, 0.54172105, 0.38640571, 0.29626814)
(0.56666690, 0.25411782, 0.12197117, 0.37613422, 0.18866006, 0.87690800, 0.37406406, 0.48287573, 0.60742128, 0.28776473)
(0.64929318, 0.41051629, 0.29214022, 0.21985060, 0.18821254, 0.71474665, 0.41786149, 0.59134662, 0.60224664, 0.43034336)
(0.93123966, 0.47610304, 0.41942722, 0.39726764, 0.24042511, 0.12649554, 0.64584517, 0.66295069, 0.22739333, 0.42061752)
(0.58325875, 0.40350705, 0.58278400, 0.77867484, 0.34677359, 0.19697118, 0.49206686, 0.67197239, 0.62961060, 0.17160843)
(0.67565542, 0.64920902, 0.36586422, 0.60332716, 0.47768408, 0.43919349, 0.63994563, 0.77408576, 0.42796755, 0.36370471)
(0.78802186, 0.56112951, 0.30960253, 0.56438351, 0.75273776, 0.66081870, 0.55907339, 0.24309479, 0.12915456, 0.82391465)
(0.84303862, 0.19039616, 0.33012617, 0.37470636, 0.20626809, 0.26847178, 0.62529641, 0.53263217, 0.44261545, 0.30194438)
(0.76392651, 0.67188799, 0.39348176, 0.49601057, 0.37494484, 0.57622313, 0.16015118, 0.16683142, 0.11870405, 0.81661403)
(0.67515558, 0.35441759, 0.62512857, 0.21469909, 0.10862210, 0.49286965, 0.20508046, 0.32020077, 0.67032325, 0.50252903)
(0.44376937, 0.52419513, 0.42581999, 0.94767344, 0.86873412, 0.44952419, 0.59960568, 0.54715008, 0.39537954, 0.29122090)
(0.70206672, 0.59314466, 0.35707334, 0.52227998, 0.34818611, 0.43162417, 0.42208648, 0.50947863, 0.26571134, 0.53080702)
(0.48137814, 0.43009064, 0.81275314, 0.63573384, 0.81666946, 0.50910145, 0.52729517, 0.31793544, 0.68509185, 0.67470855)
(0.84725791, 0.56939137, 0.24446115, 0.45848033, 0.42601791, 0.39180490, 0.80228692, 0.85662693, 0.37776414, 0.32553783)
(0.37552854, 0.75671607, 0.77327502, 0.36437216, 0.36735970, 0.69761664, 0.16179113, 0.39686024, 0.69652247, 0.70489222)
(0.73559999, 0.58347321, 0.45884153, 0.48561832, 0.37423313, 0.33512869, 0.51997024, 0.62070316, 0.35768303, 0.48239744)
(0.54265565, 0.33608383, 0.25862622, 0.29097828, 0.45341456, 0.89390695, 0.44465974, 0.35572937, 0.61536974, 0.60006678)
(0.74856848, 0.18632622, 0.56895024, 0.62024289, 0.46717399, 0.20523055, 0.74566317, 0.61573994, 0.66365105, 0.23386264)
(0.84874320, 0.43315786, 0.70173210, 0.11966187, 0.16129878, 0.40248543, 0.33380327, 0.37722483, 0.59291393, 0.67571020)
(0.76461697, 0.52561742, 0.37279472, 0.35256183, 0.26589116, 0.42437062, 0.55754006, 0.70705187, 0.45698461, 0.40194607)
(0.52695560, 0.22254220, 0.54934555, 0.32755536, 0.27470052, 0.67552388, 0.44893265, 0.47607765, 0.84482473, 0.33895886)
(0.60694546, 0.40266526, 0.36001676, 0.57753634, 0.44340298, 0.57516736, 0.30083025, 0.20436162, 0.26774931, 0.62801015)
(0.79861999, 0.35299727, 0.61892307, 0.04445576, 0.23114441, 0.80373776, 0.33388361, 0.23543735, 0.73907554, 0.84124178)
(0.74332333, 0.50385785, 0.72303450, 0.39754945, 0.29738599, 0.23288181, 0.38707405, 0.46821082, 0.50361747, 0.53873354)
(0.76446980, 0.50158316, 0.39062807, 0.35773677, 0.59117079, 0.53270668, 0.71258497, 0.58539563, 0.37951189, 0.63326234)
(0.82920969, 0.53647858, 0.86813337, 0.26207414, 0.44188654, 0.17363998, 0.57384276, 0.56752950, 0.64424300, 0.63593745)
(0.53941077, 0.71296537, 0.59707302, 0.49378341, 0.21613523, 0.51234168, 0.08917523, 0.24749847, 0.36737999, 0.65585941)
(0.75812316, 0.51472181, 0.50904357, 0.24006800, 0.33933598, 0.45399338, 0.62476057, 0.70702922, 0.58444631, 0.50265509)
(0.90582502, 0.20968077, 0.21774738, 0.35315767, 0.25012568, 0.29532963, 0.75551975, 0.65255278, 0.35760480, 0.30139861)
(0.89837116, 0.44254899, 0.35579240, 0.41450983, 0.22815149, 0.16897860, 0.74604738, 0.84303814, 0.42224118, 0.23306273)
(0.75799173, 0.19834602, 0.08470050, 0.53971714, 0.53280991, 0.86338180, 0.52125341, 0.18213357, 0.18540382, 0.59811276)
(0.85925674, 0.74831086, 0.84887946, 0.34413511, 0.15882432, 0.09197727, 0.42492673, 0.82454520, 0.65039790, 0.35723424)
(0.58983535, 0.27779803, 0.46869376, 0.58962202, 0.32296720, 0.34624472, 0.49010101, 0.50328630, 0.57886320, 0.28809312)
(0.86605173, 0.49689287, 0.32985058, 0.44266257, 0.14355275, 0.18321593, 0.68373549, 0.89628327, 0.52366126, 0.14296611)
(0.76209474, 0.77068597, 0.82754004, 0.59210402, 0.22644897, 0.10810346, 0.21422459, 0.54830140, 0.40067241, 0.48891580)
(0.89919573, 0.81769794, 0.40826219, 0.63800651, 0.32709312, 0.16324653, 0.59716988, 0.82368273, 0.18197535, 0.41165534)
(0.58098882, 0.37489852, 0.71459556, 0.57102597, 0.76960373, 0.44893116, 0.74096745, 0.56191576, 0.72021729, 0.51245487)
(0.69295502, 0.25749251, 0.26314884, 0.61689478, 0.35074750, 0.43226957, 0.74418235, 0.78773654, 0.64595968, 0.14516534)
(0.85484296, 0.40686297, 0.27641121, 0.35197991, 0.36067283, 0.44917157, 0.61581683, 0.47813478, 0.24060051, 0.58780891)
(0.85161829, 0.64483094, 0.30459619, 0.14574294, 0.20982246, 0.78741825, 0.26585788, 0.32383201, 0.25900802, 0.81152552)
(0.93955940, 0.73171729, 0.57633507, 0.55395019, 0.35897401, 0.07380697, 0.70272720, 0.82279879, 0.22588733, 0.41649383)
(0.85088277, 0.31164399, 0.60185850, 0.21952420, 0.78854501, 0.61677843, 0.73289317, 0.22571802, 0.41490135, 0.87207711)
(0.70986897, 0.79824328, 0.61533070, 0.77728510, 0.32289869, 0.16484658, 0.32933822, 0.71797901, 0.34304458, 0.34459299)
(0.88366777, 0.25678164, 0.40893614, 0.20479599, 0.25957868, 0.37801772, 0.53033346, 0.31206253, 0.33277622, 0.63762575)
(0.50817055, 0.56639171, 0.65405691, 0.86806262, 0.58185637, 0.23456408, 0.39862686, 0.53997374, 0.49836257, 0.30920464)
(0.72320449, 0.19346997, 0.08313815, 0.45214304, 0.26664025, 0.78346592, 0.78606474, 0.84793144, 0.69816214, 0.10875979)
(0.77564520, 0.65485841, 0.42415467, 0.38613504, 0.24030039, 0.53454334, 0.15701941, 0.22313170, 0.17243820, 0.75532436)
(0.67193657, 0.48261714, 0.32155105, 0.63850290, 0.40723288, 0.42797825, 0.72110027, 0.85159928, 0.60827947, 0.18196574)
(0.59408683, 0.50921082, 0.41706169, 0.70003343, 0.43396834, 0.36619145, 0.57105148, 0.71514791, 0.51102948, 0.26560166)
(0.61940283, 0.72874409, 0.62783968, 0.69166631, 0.59654903, 0.37826210, 0.29362717, 0.35900894, 0.27481547, 0.69060183)
(0.56799191, 0.76226616, 0.36393961, 0.43837851, 0.46589851, 0.70007950, 0.51082236, 0.73660684, 0.46319240, 0.54354542)
(0.74488574, 0.46187812, 0.51095808, 0.46285376, 0.40172639, 0.29662782, 0.52308643, 0.48798117, 0.35433444, 0.53663069)
(0.66929686, 0.43438506, 0.39651006, 0.35601541, 0.34789640, 0.51137382, 0.53636014, 0.56970936, 0.48735145, 0.48342776)
(0.90094233, 0.37184837, 0.45789111, 0.52607900, 0.29983979, 0.09922851, 0.78368491, 0.82804507, 0.44031647, 0.21099995)
(0.50366980, 0.73726827, 0.84715247, 0.45060694, 0.75434411, 0.52380711, 0.61376947, 0.67215800, 0.76950485, 0.66518402)
(0.59488964, 0.47976419, 0.18981434, 0.91751844, 0.55885333, 0.37230289, 0.42942351, 0.42401588, 0.15812531, 0.29346877)
(0.42183936, 0.51790756, 0.50571179, 0.61501890, 0.43785000, 0.54593897, 0.48161498, 0.69386286, 0.69395918, 0.31261441)
(0.90769494, 0.38022763, 0.39633256, 0.17940545, 0.33558416, 0.32268038, 0.78430510, 0.71727324, 0.43760145, 0.50690991)
(0.77054733, 0.66955942, 0.56069458, 0.32858998, 0.27261260, 0.40111494, 0.38362443, 0.56373328, 0.40966412, 0.58680552)
(0.92180097, 0.34566817, 0.28059688, 0.21728988, 0.24064474, 0.39941230, 0.60332674, 0.46629065, 0.25075379, 0.58936763)
(0.58782762, 0.66319585, 0.51401639, 0.94357538, 0.58773178, 0.22319829, 0.76890117, 0.94768828, 0.76932180, 0.04859334)
(0.85291511, 0.47266740, 0.44235188, 0.29985377, 0.56772989, 0.59339327, 0.43865323, 0.15752895, 0.17154956, 0.87498569)
(0.81987661, 0.48814490, 0.86387181, 0.11281803, 0.30317390, 0.34398529, 0.39815891, 0.38426057, 0.69581854, 0.76634532)
(0.67215872, 0.19815943, 0.21902783, 0.55178970, 0.13394292, 0.41759911, 0.43344256, 0.53304476, 0.50487846, 0.16974197)
(0.51874709, 0.40808046, 0.60030389, 0.57402098, 0.51751119, 0.44226074, 0.57398063, 0.59345245, 0.68046254, 0.38651216)
(0.80170351, 0.14610440, 0.40014562, 0.46296749, 0.57261276, 0.32811007, 0.83755338, 0.58437502, 0.57463747, 0.35255834)
(0.80553395, 0.28090197, 0.65264660, 0.37345254, 0.53823692, 0.24243787, 0.82295042, 0.72866791, 0.70929420, 0.36563113)
(0.77821481, 0.46712676, 0.68865591, 0.36476064, 0.66810083, 0.47095680, 0.39732987, 0.13907287, 0.28343418, 0.87550801)
(0.58098340, 0.46179190, 0.62639064, 0.39344719, 0.55284077, 0.51382780, 0.60425836, 0.58520001, 0.66690803, 0.53575957)
(0.55505705, 0.65304214, 0.80088115, 0.46679258, 0.45106155, 0.36926693, 0.40983522, 0.59023494, 0.69038689, 0.54116923)
(0.85796845, 0.59690654, 0.29127860, 0.42292640, 0.37931940, 0.30186701, 0.81797785, 0.89497596, 0.42504507, 0.28802890)
(0.78077215, 0.22032788, 0.76704150, 0.21889682, 0.53790414, 0.37467533, 0.66345406, 0.35183483, 0.70566940, 0.65967798)
(0.75325376, 0.82808250, 0.84053969, 0.82610339, 0.42565605, 0.07896912, 0.27574798, 0.61779118, 0.35202828, 0.45146257)
(0.86288553, 0.48467356, 0.43522307, 0.14134303, 0.41272765, 0.56551290, 0.67798781, 0.56022048, 0.43260860, 0.72065473)
(0.45242533, 0.66263366, 0.56575495, 0.40807086, 0.59065539, 0.68866163, 0.53557551, 0.66774386, 0.65711492, 0.57828867)
(0.55476063, 0.77437210, 0.57577413, 0.42591211, 0.78673184, 0.75768840, 0.57837063, 0.55320895, 0.47402146, 0.79126072)
(0.65895551, 0.30822578, 0.51841372, 0.16147201, 0.15355207, 0.60226721, 0.42631423, 0.58397090, 0.79431027, 0.38845640)
(0.78220624, 0.30420342, 0.35511750, 0.56916034, 0.07175900, 0.14714818, 0.30240151, 0.53621823, 0.39739600, 0.15747601)
(0.41961327, 0.58711922, 0.56579465, 0.58501822, 0.44072959, 0.54642397, 0.46162587, 0.71054626, 0.71166372, 0.34653720)
(0.46324137, 0.51149392, 0.36671162, 0.51908231, 0.59776098, 0.73419183, 0.67770267, 0.77145505, 0.70020354, 0.35228226)
(0.73232049, 0.32998675, 0.13668527, 0.10125400, 0.09994205, 0.92785317, 0.24827987, 0.37584817, 0.60857767, 0.53416580)
(0.80062884, 0.19703370, 0.52989990, 0.38074514, 0.61154276, 0.35531107, 0.74457574, 0.36348221, 0.48613575, 0.58942759)
(0.70764238, 0.63377172, 0.43108407, 0.31752783, 0.37708077, 0.55839783, 0.50402451, 0.60388309, 0.41632593, 0.61355501)
(0.42267284, 0.78661430, 0.64797044, 0.37402683, 0.47706339, 0.68190396, 0.45950311, 0.79644579, 0.75771672, 0.49827078)
(0.81768447, 0.60259122, 0.11617064, 0.67330152, 0.28033286, 0.44238141, 0.56033856, 0.69554937, 0.14552371, 0.32513565)
(0.71976185, 0.25977951, 0.30400220, 0.39921689, 0.34640291, 0.49825943, 0.60597914, 0.50047654, 0.46873391, 0.41165340)
(0.63534898, 0.51738113, 0.75789887, 0.55509633, 0.84572506, 0.42803258, 0.76017278, 0.55640537, 0.63002491, 0.66134417)
(0.55817479, 0.16432187, 0.16074426, 0.92556536, 0.20214407, 0.26761028, 0.43125823, 0.62405282, 0.52053434, 0.03940824)
(0.66566944, 0.89940882, 0.49963644, 0.74909770, 0.77015066, 0.50887477, 0.78963822, 0.93032205, 0.54552960, 0.36807626)
(0.82139134, 0.57810384, 0.88071233, 0.55873632, 0.42018387, 0.07293545, 0.45342597, 0.51060754, 0.48885870, 0.52751803)
(0.77593440, 0.36047852, 0.55039042, 0.06397691, 0.17590155, 0.67896479, 0.51993924, 0.62372953, 0.80665636, 0.56317025)
(0.72497845, 0.55151576, 0.21796833, 0.14791384, 0.23485957, 0.86230427, 0.39960656, 0.52430075, 0.47993857, 0.65362942)
(0.83483952, 0.51285768, 0.65093648, 0.70044833, 0.36235318, 0.07934461, 0.60616374, 0.71639216, 0.40387017, 0.27916691)
(0.53812355, 0.80237997, 0.86086094, 0.25686783, 0.33824080, 0.64380455, 0.10441817, 0.24832731, 0.60787237, 0.84675997)
(0.60656339, 0.14945452, 0.43269402, 0.83540571, 0.37208286, 0.22336595, 0.52929991, 0.47186264, 0.59162599, 0.13281469)
(0.77862889, 0.50888771, 0.27521914, 0.69798225, 0.53177506, 0.31423363, 0.85363680, 0.89916325, 0.49922764, 0.17200428)
(0.81367683, 0.63260394, 0.41441691, 0.34628814, 0.44241908, 0.45638222, 0.55592799, 0.52473032, 0.24833155, 0.70889461)
(0.77307671, 0.50007004, 0.65341973, 0.17615284, 0.48160565, 0.53569764, 0.51695853, 0.37393412, 0.49775162, 0.79482365)
(0.42711180, 0.80710322, 0.55502474, 0.44588369, 0.51590270, 0.78887379, 0.29671773, 0.56287909, 0.55987477, 0.67700678)
(0.89587808, 0.19793756, 0.07878625, 0.45000288, 0.03393048, 0.32755992, 0.53137022, 0.81539845, 0.41588432, 0.05945116)
(0.67717212, 0.88605022, 0.63055342, 0.54566717, 0.65317208, 0.46156612, 0.69320315, 0.88763267, 0.57326823, 0.50791436)
(0.96959656, 0.59565830, 0.43763167, 0.41557452, 0.35547242, 0.13284643, 0.53215671, 0.33264479, 0.04793864, 0.79098105)
(0.74803030, 0.42440665, 0.69271100, 0.16891989, 0.32050848, 0.44629684, 0.54430902, 0.57211995, 0.71251822, 0.58262229)
(0.66685760, 0.21002533, 0.25446230, 0.46289024, 0.33311811, 0.63858849, 0.76413578, 0.81584340, 0.79610866, 0.14302489)
(0.75910926, 0.74096996, 0.33942637, 0.35628399, 0.33727196, 0.55978942, 0.72970992, 0.93073565, 0.63870776, 0.27530518)
(0.44298726, 0.59059817, 0.73149121, 0.28548297, 0.47147989, 0.69626939, 0.38117167, 0.49895683, 0.77218592, 0.65588027)
(0.57356149, 0.53354263, 0.58622634, 0.69565809, 0.76537949, 0.42424062, 0.66163820, 0.56669903, 0.48305213, 0.52535462)
(0.57469195, 0.31980118, 0.69274426, 0.33847067, 0.36268362, 0.51487970, 0.62672997, 0.71648711, 0.89160997, 0.29646909)
(0.74136895, 0.21579075, 0.26971111, 0.62176269, 0.17041779, 0.27010939, 0.61447364, 0.73303115, 0.59165359, 0.10480829)
(0.55229962, 0.75146258, 0.57446122, 0.58468670, 0.47703397, 0.65352821, 0.08530827, 0.12576881, 0.20632572, 0.83791387)
(0.80706167, 0.22416745, 0.40746379, 0.50551879, 0.05222650, 0.12358623, 0.36574674, 0.61160535, 0.57033598, 0.10410749)
(0.71692890, 0.36898637, 0.24117251, 0.60475498, 0.37034139, 0.50002092, 0.79775214, 0.89513773, 0.70241779, 0.11861730)
(0.89289600, 0.63252711, 0.46756583, 0.76961303, 0.50704640, 0.11052880, 0.76468098, 0.81862891, 0.26236945, 0.29042691)
(0.70222920, 0.62643170, 0.83884043, 0.14465046, 0.35885417, 0.52219456, 0.35629663, 0.44879237, 0.72808611, 0.76683784)
(0.79945433, 0.29537547, 0.58086556, 0.41744006, 0.27511528, 0.20533270, 0.72792703, 0.79875672, 0.74262387, 0.20046891)
(0.70797944, 0.61043400, 0.56582570, 0.87484545, 0.92138350, 0.32421246, 0.86684370, 0.74320859, 0.44007650, 0.42602211)
(0.79897851, 0.29515117, 0.33252090, 0.54895306, 0.05645347, 0.14176485, 0.38818493, 0.69936323, 0.52209896, 0.09483798)
(0.73286134, 0.31676266, 0.36733058, 0.43612522, 0.29006189, 0.35749581, 0.59021848, 0.60712183, 0.48582509, 0.33674023)
(0.69965059, 0.79910487, 0.51553941, 0.60672843, 0.58231628, 0.52356917, 0.20817506, 0.22750100, 0.13231888, 0.84198117)
(0.85273480, 0.43939051, 0.10220644, 0.61750269, 0.07880385, 0.31488729, 0.50146097, 0.82611251, 0.29561150, 0.09867036)
(0.74850637, 0.71027070, 0.19035012, 0.53142124, 0.27171907, 0.55781496, 0.74587840, 0.95615590, 0.61311889, 0.12761766)
(0.75603193, 0.75221241, 0.50170404, 0.74838287, 0.59649479, 0.31766877, 0.35772163, 0.37705749, 0.13056652, 0.70890409)
(0.81613040, 0.30975330, 0.28975216, 0.03563287, 0.08420663, 0.87216538, 0.36978173, 0.49454951, 0.77365726, 0.59034169)
(0.88047004, 0.42515683, 0.09321458, 0.16167368, 0.00533016, 0.60463864, 0.07545792, 0.50916201, 0.34768578, 0.18767302)
(0.48104993, 0.51167887, 0.54595602, 0.63200164, 0.46585453, 0.40691262, 0.38055652, 0.45970765, 0.46926749, 0.48055705)
(0.52127641, 0.49115780, 0.56933725, 0.54309148, 0.41670060, 0.41453084, 0.46886584, 0.57437086, 0.58209896, 0.42141959)
(0.80875325, 0.39660713, 0.35355234, 0.56660092, 0.14467058, 0.16482520, 0.41713321, 0.56898510, 0.29804966, 0.24502341)
(0.46615353, 0.29058880, 0.42442572, 0.50767738, 0.31153184, 0.59746903, 0.45331046, 0.53647506, 0.70974571, 0.29345295)
(0.64724869, 0.69048727, 0.75894785, 0.25958282, 0.34255692, 0.59511280, 0.15774813, 0.21688530, 0.46653843, 0.83457536)
(0.63043362, 0.53626961, 0.65731651, 0.90621811, 0.35963267, 0.10745147, 0.58061075, 0.87435067, 0.73768383, 0.06688035)
(0.76463258, 0.31418633, 0.72960234, 0.07658078, 0.36667362, 0.61582112, 0.63906395, 0.55837238, 0.84258163, 0.65234274)
(0.72840768, 0.32163817, 0.43544820, 0.39394152, 0.66036928, 0.53470021, 0.87222034, 0.81318820, 0.73324734, 0.34555525)
(0.41991037, 0.75881714, 0.77714938, 0.36228576, 0.58886039, 0.65713012, 0.49358165, 0.72833711, 0.80539465, 0.59703100)
(0.53556228, 0.28187755, 0.54457843, 0.72214979, 0.78797001, 0.50297517, 0.74441487, 0.54361093, 0.65680236, 0.37330788)
(0.67855555, 0.33058691, 0.57129019, 0.41706419, 0.30684614, 0.34669456, 0.58894342, 0.66341656, 0.70930845, 0.30235329)
(0.71087366, 0.26733854, 0.16997708, 0.86908513, 0.54465473, 0.38644990, 0.49358642, 0.27094686, 0.12626714, 0.37057671)
(0.64324248, 0.40213683, 0.58043444, 0.35870177, 0.67157280, 0.71795022, 0.38075048, 0.14052370, 0.41423374, 0.84524834)
(0.92906994, 0.16046116, 0.15205711, 0.09050158, 0.32378224, 0.73822534, 0.78673470, 0.45289603, 0.40281942, 0.63253832)
(0.47589809, 0.67523813, 0.47953644, 0.35551989, 0.32008210, 0.67540103, 0.34555486, 0.63607955, 0.59345543, 0.52191979)
(0.77604598, 0.44428533, 0.66716450, 0.76883698, 0.77116430, 0.16241823, 0.67384297, 0.45058203, 0.31212625, 0.52828699)
(0.72508657, 0.35407799, 0.65492994, 0.30373588, 0.35583195, 0.34264311, 0.54960424, 0.51855195, 0.63413268, 0.50326461)
(0.84758896, 0.36027336, 0.22916603, 0.40171078, 0.20341504, 0.47744176, 0.32310158, 0.24723867, 0.15334781, 0.60137349)
(0.57812220, 0.72648829, 0.80693483, 0.39420387, 0.65304172, 0.55240768, 0.29236233, 0.26320976, 0.47015178, 0.85525912)
(0.81330615, 0.64878017, 0.67935866, 0.68208641, 0.64935994, 0.16323254, 0.61726648, 0.56347162, 0.26754621, 0.59123117)
(0.82372195, 0.59393913, 0.50260258, 0.24789676, 0.30824110, 0.39902824, 0.53992081, 0.62475210, 0.40627754, 0.60532725)
(0.84608537, 0.29752970, 0.32768458, 0.11108679, 0.19528037, 0.60305518, 0.59959978, 0.57289028, 0.56919223, 0.52963346)
(0.73374516, 0.54065555, 0.35422879, 0.25917122, 0.79718846, 0.83021396, 0.81657952, 0.65098268, 0.52422696, 0.73075956)
(0.93831128, 0.26883700, 0.27060774, 0.12112212, 0.29205069, 0.53324062, 0.66708046, 0.37019235, 0.27883774, 0.71690804)
(0.64662683, 0.65426296, 0.58651519, 0.28053865, 0.32779199, 0.52430177, 0.41010150, 0.59833628, 0.54667956, 0.60683328)
(0.94934899, 0.18199086, 0.20229961, 0.31911802, 0.39982259, 0.27877134, 0.85374779, 0.56072319, 0.23209007, 0.46430922)
(0.74289840, 0.55268234, 0.21527205, 0.79177678, 0.30657187, 0.30694881, 0.77234888, 0.93839055, 0.57228720, 0.06807588)
(0.74645638, 0.55198109, 0.45070046, 0.21801166, 0.24370594, 0.65925407, 0.25559053, 0.29606104, 0.35554442, 0.74475032)
(0.82604527, 0.32644239, 0.73365402, 0.40905344, 0.16785637, 0.10001379, 0.47251645, 0.56893998, 0.61570477, 0.29405189)
(0.86063451, 0.39716524, 0.35747650, 0.26185519, 0.05643079, 0.23611210, 0.35872635, 0.66877413, 0.46051517, 0.24757236)
(0.81549555, 0.24726994, 0.36626920, 0.56337523, 0.14351895, 0.13705210, 0.61935532, 0.73726976, 0.54432935, 0.11780575)
(0.56596285, 0.73707736, 0.58603942, 0.26834440, 0.19131184, 0.63944656, 0.20848875, 0.55149728, 0.58553869, 0.59217006)
(0.78865081, 0.52351755, 0.38485786, 0.36742219, 0.79750347, 0.63543212, 0.84396052, 0.65496022, 0.41230664, 0.68322313)
(0.89826685, 0.34965160, 0.46131423, 0.32796198, 0.15701458, 0.14494634, 0.74130201, 0.86655217, 0.62334037, 0.17105025)
(0.81020695, 0.57732737, 0.67265821, 0.77795875, 0.32447129, 0.06316088, 0.54497743, 0.74750668, 0.41170052, 0.21992601)
(0.44702709, 0.25469413, 0.31595150, 0.53335345, 0.32625428, 0.72356349, 0.53010696, 0.64291084, 0.77564502, 0.20966010)
(0.85839510, 0.44539022, 0.76412618, 0.52493072, 0.53645581, 0.13149250, 0.42976162, 0.23545526, 0.24090962, 0.72380811)
(0.52342880, 0.64001316, 0.70788234, 0.62314838, 0.58859789, 0.50729799, 0.15236787, 0.14069802, 0.31785923, 0.80043900)
(0.72166622, 0.84371156, 0.76009792, 0.34785798, 0.43284482, 0.45451835, 0.21863031, 0.36209136, 0.32400542, 0.83970207)
(0.42385596, 0.77062756, 0.65507686, 0.32936209, 0.47784984, 0.72246552, 0.49728864, 0.82536840, 0.81429058, 0.47638825)
(0.45351750, 0.33058709, 0.22258422, 0.66490805, 0.58025235, 0.81830353, 0.33611840, 0.20421951, 0.31870958, 0.56515241)
(0.88327086, 0.28983566, 0.12135282, 0.21875994, 0.05175902, 0.50133055, 0.43279114, 0.65257770, 0.36689159, 0.23207559)
(0.83689159, 0.79472339, 0.62979656, 0.19747573, 0.31141540, 0.46706960, 0.38779071, 0.57109660, 0.36194986, 0.77688813)
(0.71399271, 0.35350171, 0.60812747, 0.17708308, 0.35388884, 0.67216921, 0.31707489, 0.17811719, 0.55442327, 0.80074394)
(0.77979058, 0.46519974, 0.52156538, 0.19683154, 0.59922475, 0.60821813, 0.69701201, 0.50804776, 0.49911353, 0.74624032)
(0.80952138, 0.31859773, 0.67701524, 0.31678808, 0.19899434, 0.19109488, 0.47232276, 0.52449298, 0.60122162, 0.39530101)
(0.74570292, 0.61469305, 0.63319761, 0.19570686, 0.32715484, 0.63273638, 0.25776687, 0.25796339, 0.41658247, 0.82253683)
(0.73176545, 0.41708896, 0.24779446, 0.21104325, 0.35049042, 0.73082656, 0.69502652, 0.73997772, 0.59763324, 0.43716031)
(0.75967127, 0.44274360, 0.30236855, 0.49653974, 0.26635277, 0.35039461, 0.68455899, 0.82921875, 0.53914803, 0.20520115)
(0.79298961, 0.49929368, 0.61271465, 0.29614806, 0.46228352, 0.32181934, 0.74469751, 0.76330769, 0.62214541, 0.47435239)
(0.61169410, 0.56369829, 0.62143821, 0.75251096, 0.18389896, 0.14190905, 0.23706651, 0.56989014, 0.47068018, 0.23360050)
(0.87767106, 0.50148237, 0.71757758, 0.53929180, 0.37485084, 0.08641794, 0.46925485, 0.41522378, 0.24348515, 0.57334989)
(0.85630816, 0.43668288, 0.35573247, 0.56766099, 0.20077796, 0.14261900, 0.56825656, 0.68926370, 0.29839048, 0.24548952)
(0.55523825, 0.89577907, 0.78414309, 0.40343043, 0.61985874, 0.56900841, 0.39831761, 0.65934110, 0.54799950, 0.76912802)
(0.75111872, 0.25392446, 0.26702213, 0.51301056, 0.37406665, 0.45649755, 0.79991996, 0.82122940, 0.67185807, 0.16721623)
(0.65848833, 0.79781491, 0.73925900, 0.87618333, 0.22860925, 0.08996475, 0.27683520, 0.81538391, 0.55495536, 0.15031983)
(0.42100048, 0.47683635, 0.42092299, 0.96329945, 0.88819170, 0.44052267, 0.60269207, 0.53001714, 0.40798110, 0.24709310)
(0.77991790, 0.59719974, 0.47682887, 0.22070275, 0.27440611, 0.49610597, 0.67222208, 0.85778213, 0.69065601, 0.37570086)
(0.42632329, 0.76362455, 0.72490448, 0.34786278, 0.56550300, 0.75710309, 0.27327761, 0.40120164, 0.61545932, 0.79194456)
(0.79912257, 0.61044222, 0.56170952, 0.23268183, 0.30252117, 0.57025653, 0.23827347, 0.22845778, 0.28442496, 0.81977201)
(0.86369604, 0.64134157, 0.31213447, 0.25575987, 0.33802542, 0.49224043, 0.67524403, 0.75546473, 0.33971697, 0.56184447)
(0.39863807, 0.74238455, 0.39931795, 0.37728032, 0.17314713, 0.74700302, 0.24353641, 0.77672273, 0.70200002, 0.33231822)
(0.51763189, 0.24606356, 0.34676200, 0.90777409, 0.76780707, 0.43126482, 0.44175884, 0.19094197, 0.25091651, 0.43138182)
(0.50792515, 0.42583773, 0.62779838, 0.37083292, 0.34384018, 0.55713224, 0.50876176, 0.66855812, 0.81457025, 0.36069745)
(0.51820171, 0.51328057, 0.38906270, 0.36386207, 0.34720618, 0.71795464, 0.56741738, 0.79753184, 0.75763273, 0.31421563)
(0.92482752, 0.63834560, 0.40061480, 0.23856293, 0.04904583, 0.14766304, 0.56155491, 0.93434882, 0.57612413, 0.13949566)
(0.70697850, 0.66982836, 0.80657798, 0.34728161, 0.22168007, 0.26260889, 0.37022373, 0.71562517, 0.72864312, 0.41782078)
(0.40474892, 0.66913211, 0.41193402, 0.47596294, 0.41764587, 0.73367500, 0.38812393, 0.64925468, 0.58251196, 0.48476106)
(0.70785373, 0.57710570, 0.76427990, 0.51973403, 0.77708387, 0.32286644, 0.83949691, 0.80786312, 0.74563414, 0.47415477)
(0.67941457, 0.39683428, 0.42970464, 0.73177773, 0.69502658, 0.32453987, 0.72815180, 0.58587354, 0.38535428, 0.39572561)
(0.46906069, 0.43361363, 0.45330173, 0.70956105, 0.73144668, 0.61635691, 0.39676887, 0.23389173, 0.33685607, 0.66236407)
(0.89694911, 0.45126975, 0.39717907, 0.41668138, 0.08062221, 0.09778060, 0.52551860, 0.80587643, 0.42454523, 0.15770297)
(0.52163124, 0.72601295, 0.72109956, 0.24017039, 0.42035228, 0.63353431, 0.45111388, 0.71713060, 0.76497215, 0.60219848)
(0.64562839, 0.62488586, 0.44427690, 0.61054605, 0.57343751, 0.45595196, 0.51168627, 0.50990355, 0.29884261, 0.58959770)
(0.63832450, 0.42508239, 0.24970792, 0.23296124, 0.51298791, 0.91228515, 0.44300386, 0.29260027, 0.48510891, 0.75412154)
(0.64241683, 0.64150792, 0.66331142, 0.21262617, 0.29399970, 0.53531855, 0.39503416, 0.61123174, 0.65377015, 0.61085570)
(0.55120778, 0.69328898, 0.43480340, 0.42447236, 0.63242584, 0.83403438, 0.26357931, 0.21529669, 0.28420117, 0.84849256)
(0.43313402, 0.85508674, 0.44730139, 0.57915115, 0.55910701, 0.73263186, 0.56806880, 0.89514035, 0.66111010, 0.38124233)
(0.83905321, 0.28819475, 0.23271245, 0.74720013, 0.14337723, 0.11513531, 0.58621913, 0.74155217, 0.33565414, 0.08893521)
(0.47997338, 0.78921342, 0.75425315, 0.42877829, 0.70712668, 0.62363672, 0.53251487, 0.65924054, 0.66828012, 0.70104533)
(0.79919314, 0.78016979, 0.56327713, 0.37342674, 0.35763720, 0.32336855, 0.61871469, 0.84774810, 0.48863739, 0.45583016)
(0.80902779, 0.10707260, 0.33026981, 0.65935129, 0.42292395, 0.24073264, 0.65967172, 0.31084579, 0.36862645, 0.30855560)
(0.70421112, 0.47176415, 0.61906081, 0.25576761, 0.32194662, 0.52121818, 0.29901481, 0.26146030, 0.45038325, 0.74052173)
(0.51713639, 0.45635995, 0.53285760, 0.34246731, 0.49340975, 0.68252337, 0.62915069, 0.72394836, 0.79011875, 0.42222464)
(0.72320718, 0.15024360, 0.49033454, 0.46726081, 0.39725041, 0.38429666, 0.79875195, 0.74860936, 0.83502072, 0.16776748)
(0.44590390, 0.60010064, 0.49989220, 0.35921544, 0.49164540, 0.79356492, 0.35764939, 0.43671912, 0.60154718, 0.66938639)
(0.84100997, 0.58993280, 0.44692168, 0.16661295, 0.36231175, 0.61501724, 0.47373247, 0.41156498, 0.32088265, 0.80038685)
(0.68428272, 0.77061015, 0.47199023, 0.40822273, 0.40013844, 0.55346012, 0.39140457, 0.57025409, 0.31920096, 0.67620087)
(0.70107788, 0.52992874, 0.53838706, 0.13897446, 0.23245378, 0.71025133, 0.30375594, 0.38338417, 0.59050530, 0.71518695)
(0.87769455, 0.27675274, 0.21680853, 0.46177691, 0.15163091, 0.21701747, 0.68157148, 0.77009475, 0.40236491, 0.16692275)
(0.51417696, 0.84095949, 0.50564808, 0.31190965, 0.60695940, 0.84303600, 0.40982917, 0.58162516, 0.48912403, 0.79602134)
(0.65034235, 0.79411370, 0.76040900, 0.31137019, 0.61319053, 0.60264969, 0.29867932, 0.30225387, 0.39074463, 0.88261074)
(0.49036050, 0.76442170, 0.75009537, 0.47109279, 0.80855817, 0.68151850, 0.53525108, 0.51249355, 0.59286523, 0.79207796)
(0.69681692, 0.21225764, 0.56621587, 0.44504240, 0.38247332, 0.30589893, 0.57802862, 0.40741429, 0.58621931, 0.41805729)
(0.72369748, 0.36747339, 0.40919963, 0.23431893, 0.62608480, 0.67539513, 0.80987906, 0.69732285, 0.65257269, 0.55267727)
(0.60132462, 0.55152112, 0.48277107, 0.27264243, 0.35106695, 0.66460299, 0.35965377, 0.42669392, 0.50074565, 0.66807055)
(0.54103404, 0.25435039, 0.57853520, 0.80203789, 0.79062015, 0.39293024, 0.74777693, 0.54259259, 0.66330904, 0.30545390)
(0.81552684, 0.46509680, 0.13730858, 0.53167349, 0.04261126, 0.34081346, 0.18416305, 0.51759148, 0.20628184, 0.19641480)
(0.85748851, 0.14151561, 0.44183403, 0.43923506, 0.12479501, 0.12741017, 0.56254774, 0.52324450, 0.53134000, 0.18103971)
(0.66154045, 0.49740180, 0.49051872, 0.41158703, 0.32682246, 0.43522850, 0.60969144, 0.78385490, 0.67227918, 0.30966532)
(0.73122376, 0.33723506, 0.72431511, 0.84124357, 0.54880899, 0.08381867, 0.64507169, 0.62527937, 0.55461138, 0.21029221)
(0.70920002, 0.79961020, 0.66542733, 0.74203908, 0.39402959, 0.19013976, 0.65464437, 0.92999101, 0.68414682, 0.17292519)
(0.68535149, 0.16683874, 0.42974335, 0.57316303, 0.89175576, 0.68483704, 0.93714595, 0.72178423, 0.79993826, 0.35190836)
(0.64064449, 0.31029510, 0.54243881, 0.67103422, 0.52161133, 0.30941510, 0.75149405, 0.75433046, 0.73066437, 0.20137064)
(0.64688182, 0.54747492, 0.46882957, 0.41019210, 0.57295573, 0.52775192, 0.72571069, 0.75466537, 0.59673160, 0.46388990)
(0.66517246, 0.50149065, 0.50511783, 0.38844809, 0.32396302, 0.41713110, 0.46746734, 0.57058567, 0.49281836, 0.48902640)
(0.63226432, 0.18679820, 0.56619626, 0.58442628, 0.55829859, 0.36256060, 0.69459438, 0.48062402, 0.68465257, 0.33972275)
(0.80707163, 0.41657755, 0.66174322, 0.34984910, 0.30708066, 0.23988484, 0.39236400, 0.33153331, 0.37815297, 0.63090324)
(0.72122133, 0.30142450, 0.56372571, 0.40473649, 0.48203078, 0.36270219, 0.53316253, 0.30765688, 0.42463422, 0.62230122)
(0.88972068, 0.70829016, 0.52544278, 0.74169695, 0.54001737, 0.12596412, 0.70350689, 0.75960708, 0.21222995, 0.41974542)
(0.85084808, 0.34750426, 0.57725263, 0.69859737, 0.42073950, 0.08300720, 0.75397998, 0.75629652, 0.47150815, 0.21054617)
(0.73182708, 0.60494179, 0.40598404, 0.35800731, 0.40875140, 0.72792023, 0.17894101, 0.14511994, 0.18182991, 0.84690863)
(0.66322237, 0.77554917, 0.47071862, 0.60146213, 0.40873706, 0.48449945, 0.19934246, 0.34124815, 0.19105107, 0.70385623)
(0.70491672, 0.42595077, 0.74878901, 0.52616632, 0.80202073, 0.35303706, 0.89654583, 0.85013366, 0.84609330, 0.35477278)
(0.51403522, 0.44562927, 0.69082081, 0.33893910, 0.53713274, 0.64528292, 0.41740799, 0.33769083, 0.67308170, 0.69412780)
(0.76218456, 0.14925061, 0.14930704, 0.66999155, 0.19381380, 0.37884358, 0.74074054, 0.79982954, 0.62351221, 0.06759132)
(0.71170515, 0.26751646, 0.60841596, 0.44011852, 0.77367443, 0.48621425, 0.90017301, 0.79415864, 0.82560581, 0.35310340)
(0.90372640, 0.40801090, 0.37881637, 0.58513063, 0.15915670, 0.10265307, 0.46318203, 0.52936232, 0.18328749, 0.30872566)
(0.37422493, 0.68884778, 0.34499118, 0.52172053, 0.34064817, 0.75903988, 0.44165069, 0.83394265, 0.70704961, 0.27812642)
(0.57183462, 0.72493094, 0.56452674, 0.31407747, 0.29811895, 0.60250956, 0.35402381, 0.66599107, 0.59377557, 0.55232173)
(0.79809022, 0.40658262, 0.79935724, 0.49515539, 0.32975486, 0.12088418, 0.42154962, 0.41869429, 0.50046867, 0.48986506)
(0.84009278, 0.29659611, 0.32929051, 0.56882876, 0.13098502, 0.14659974, 0.46112669, 0.54812473, 0.30505422, 0.20626602)
(0.63036537, 0.15900542, 0.35684887, 0.43576506, 0.19526234, 0.49942732, 0.54944354, 0.59434718, 0.75683987, 0.18283756)
(0.76457757, 0.35651982, 0.08438993, 0.85404336, 0.22063695, 0.31979588, 0.67702037, 0.84932655, 0.33637837, 0.05857209)
(0.54045147, 0.31748983, 0.26252866, 0.75603873, 0.74765450, 0.65480983, 0.64122379, 0.42971697, 0.38336793, 0.43221694)
(0.85811985, 0.32100779, 0.71812415, 0.52586502, 0.18128772, 0.06448751, 0.49504659, 0.56308788, 0.51643592, 0.25847533)
(0.27287552, 0.85816091, 0.55085909, 0.36782134, 0.40451860, 0.92497456, 0.12464594, 0.45606798, 0.67821455, 0.72356796)
(0.73841536, 0.10603032, 0.44991410, 0.11291359, 0.17404172, 0.68777663, 0.59000671, 0.51108629, 0.87495089, 0.33868292)
(0.90274191, 0.30336827, 0.46766728, 0.19324659, 0.22144389, 0.22274829, 0.71449780, 0.69314110, 0.50929469, 0.40136889)
(0.60552746, 0.62638628, 0.33226976, 0.93340284, 0.78364992, 0.35768625, 0.67771411, 0.72403920, 0.32909936, 0.23267975)
(0.69674534, 0.85795975, 0.66964543, 0.58440745, 0.60997111, 0.41857040, 0.32004312, 0.45130447, 0.24851038, 0.79227924)
(0.44934288, 0.54296714, 0.41833031, 0.58760792, 0.53851569, 0.63852811, 0.62442601, 0.78516787, 0.70269972, 0.30387843)
(0.71190387, 0.24249011, 0.40429085, 0.72929108, 0.19174948, 0.18917781, 0.67238343, 0.83515877, 0.75832736, 0.05900270)
(0.76916236, 0.15748999, 0.18808685, 0.57345587, 0.12687965, 0.33478081, 0.58463818, 0.66273218, 0.53363997, 0.10702518)
(0.70724791, 0.62222487, 0.66507733, 0.51588851, 0.87906057, 0.51702696, 0.78918076, 0.55658239, 0.46598750, 0.76105523)
(0.77989680, 0.12395655, 0.07717507, 0.60919195, 0.82145303, 0.88007146, 0.86055046, 0.39060143, 0.34878927, 0.47225070)
(0.86504191, 0.43132204, 0.33805969, 0.31821552, 0.03232360, 0.17861661, 0.32280880, 0.76928949, 0.50763029, 0.13635825)
(0.67338574, 0.58479130, 0.40353480, 0.70669174, 0.56935674, 0.38895190, 0.81699157, 0.91293120, 0.67717159, 0.16746384)
(0.53675395, 0.65212339, 0.33685759, 0.68329078, 0.64781219, 0.80070055, 0.15559664, 0.11479593, 0.15581390, 0.82025862)
(0.58034086, 0.65945637, 0.20446476, 0.54013431, 0.57456690, 0.78629673, 0.79321641, 0.92275077, 0.67837214, 0.22835512)
(0.87971991, 0.28924102, 0.46286836, 0.26800343, 0.16705708, 0.19520633, 0.57987106, 0.59885299, 0.45789036, 0.36320558)
(0.90659583, 0.34869233, 0.25396806, 0.51192087, 0.07151039, 0.12707187, 0.43951398, 0.63276201, 0.24302126, 0.17384386)
(0.65982527, 0.62751460, 0.65069145, 0.28661469, 0.20815161, 0.48190716, 0.22668789, 0.41007927, 0.51487911, 0.63216162)
(0.62209308, 0.27082920, 0.36708811, 0.46105045, 0.27002370, 0.48202175, 0.60480309, 0.69874591, 0.70327806, 0.21910508)
(0.72044760, 0.59718865, 0.44458398, 0.59838229, 0.51626587, 0.37826642, 0.87041199, 0.95559579, 0.79691184, 0.13440780)
(0.69717824, 0.67482895, 0.78819299, 0.42798626, 0.53959012, 0.32870096, 0.79037356, 0.92359543, 0.87800133, 0.27421471)
(0.68699312, 0.51368695, 0.42436385, 0.83739305, 0.76336783, 0.29831150, 0.71221811, 0.59624070, 0.29691693, 0.39760667)
(0.68146586, 0.76225036, 0.62050974, 0.51835310, 0.48455364, 0.38424417, 0.42089808, 0.57334960, 0.35536981, 0.64901918)
(0.71136421, 0.81168020, 0.39031664, 0.73863590, 0.05464244, 0.14513646, 0.22530340, 0.89529377, 0.49176696, 0.08493300)
(0.67203856, 0.32163653, 0.37658969, 0.29870892, 0.25865042, 0.53159350, 0.54121870, 0.59347266, 0.60306835, 0.38891548)
(0.80136001, 0.32298949, 0.09238832, 0.94352299, 0.81322634, 0.44231483, 0.72423059, 0.37141708, 0.06773426, 0.36347488)
(0.79943156, 0.46319368, 0.17586301, 0.44144633, 0.35579708, 0.52077484, 0.69863069, 0.72510540, 0.32401922, 0.37468666)
(0.57830364, 0.50940537, 0.45338112, 0.61291742, 0.64180088, 0.48343408, 0.54754728, 0.45084366, 0.35372475, 0.58014464)
(0.70550209, 0.61448145, 0.53241152, 0.63652474, 0.86010295, 0.46363246, 0.87964344, 0.81406111, 0.57115215, 0.48294812)
(0.74563098, 0.55322564, 0.75773978, 0.10506058, 0.27116337, 0.59658945, 0.32394326, 0.37575853, 0.67487633, 0.78090107)
(0.48418859, 0.56539810, 0.65966016, 0.36311156, 0.37498677, 0.56397337, 0.44980317, 0.66231328, 0.76460230, 0.45635033)
(0.49777099, 0.68819159, 0.60539216, 0.32243168, 0.32275525, 0.60137182, 0.34689721, 0.63058972, 0.64086592, 0.55318189)
(0.75302285, 0.17644632, 0.25404608, 0.65342677, 0.10062272, 0.20311444, 0.45793501, 0.59823889, 0.49732956, 0.09495999)
(0.94926828, 0.50148064, 0.23323774, 0.52473414, 0.20602174, 0.29531661, 0.20909990, 0.11239412, 0.02902148, 0.78198332)
(0.76519597, 0.41185030, 0.26075140, 0.55773240, 0.58975798, 0.44217649, 0.77976680, 0.67513698, 0.33765590, 0.41994643)
(0.79898804, 0.53129363, 0.69438469, 0.12007420, 0.67231232, 0.68031800, 0.63059342, 0.35756022, 0.54993737, 0.88512719)
(0.77423167, 0.68421936, 0.57772386, 0.49089929, 0.50843161, 0.39266017, 0.27415800, 0.22618587, 0.16136368, 0.82240999)
(0.30210620, 0.69419676, 0.70078266, 0.63273489, 0.62072676, 0.66240627, 0.35254663, 0.58077604, 0.72761333, 0.52149099)
(0.68566942, 0.32752299, 0.48677912, 0.21666203, 0.32180959, 0.55320710, 0.55053163, 0.51239008, 0.63339043, 0.53165984)
(0.64605129, 0.43082672, 0.82854176, 0.22412376, 0.43152058, 0.44208401, 0.54825914, 0.56567335, 0.83962309, 0.57135266)
(0.87875563, 0.19587812, 0.39187017, 0.34870154, 0.07990178, 0.14722675, 0.47631535, 0.53989857, 0.45502707, 0.20817150)
(0.87209356, 0.54693907, 0.41745368, 0.07909172, 0.26305425, 0.69346815, 0.51806039, 0.50340819, 0.44561452, 0.78273219)
(0.63422871, 0.29682976, 0.26531923, 0.89090377, 0.86961913, 0.49373278, 0.71857387, 0.36837584, 0.23553941, 0.43128464)
(0.39816397, 0.75898081, 0.58038449, 0.50879151, 0.60014051, 0.69268066, 0.53646922, 0.80049890, 0.72398710, 0.46740526)
(0.48591256, 0.38500446, 0.72791266, 0.33988538, 0.45011520, 0.58483487, 0.49058229, 0.50714004, 0.82442093, 0.50031531)
(0.72625107, 0.70551240, 0.70662105, 0.35261634, 0.55460536, 0.37472317, 0.55798548, 0.59811419, 0.46988463, 0.69968271)
(0.90178025, 0.33088231, 0.49449223, 0.25414938, 0.60607976, 0.38710076, 0.71328342, 0.30969009, 0.26629251, 0.78483140)
(0.60418338, 0.57511199, 0.76041502, 0.44520992, 0.44192639, 0.34560877, 0.52150589, 0.67280906, 0.72338098, 0.45594409)
(0.31298366, 0.88746005, 0.48930696, 0.37466896, 0.13800201, 0.87733793, 0.05265071, 0.46941566, 0.62700868, 0.58218056)
(0.85757917, 0.69396895, 0.73147804, 0.22667061, 0.52185363, 0.37525079, 0.47345829, 0.37572032, 0.31469724, 0.85313374)
(0.84438670, 0.61833924, 0.31203759, 0.41520700, 0.35078770, 0.62973422, 0.19807830, 0.14661609, 0.08877782, 0.84556258)
(0.63820416, 0.67819482, 0.56134242, 0.39878508, 0.59515536, 0.56169492, 0.66068470, 0.74054641, 0.59699970, 0.55430055)
(0.59046984, 0.27704054, 0.44828576, 0.80788434, 0.82758921, 0.43955085, 0.73124427, 0.44978708, 0.44890538, 0.40061298)
(0.82671738, 0.60903615, 0.58481216, 0.27167502, 0.20809980, 0.45454755, 0.13808845, 0.16656111, 0.21401784, 0.80868751)
(0.37332484, 0.69226599, 0.68275636, 0.49990967, 0.39324054, 0.64120173, 0.42989150, 0.82384491, 0.86648327, 0.30118349)
(0.91641366, 0.52935714, 0.55276173, 0.23281808, 0.18804827, 0.16602652, 0.60865319, 0.74125999, 0.41890550, 0.43715447)
(0.67185175, 0.66729158, 0.62929332, 0.44404727, 0.73291838, 0.58139378, 0.41914338, 0.24820787, 0.28199250, 0.85963625)
(0.68469989, 0.51200461, 0.31041679, 0.52176160, 0.60329002, 0.56473219, 0.71287072, 0.66458201, 0.40476036, 0.47987100)
(0.78423947, 0.51607382, 0.66911733, 0.33327866, 0.46802205, 0.42418090, 0.27839455, 0.15802191, 0.26567143, 0.84142780)
(0.65893656, 0.63706654, 0.59971213, 0.20232573, 0.66146100, 0.71775502, 0.63370901, 0.56430811, 0.57912898, 0.78843236)
(0.72907758, 0.20096463, 0.55268055, 0.27703717, 0.37786600, 0.47606003, 0.79518211, 0.77707648, 0.87058800, 0.24906255)
(0.65147901, 0.37954801, 0.66759467, 0.66468841, 0.49565500, 0.21774523, 0.65810430, 0.67642570, 0.67056215, 0.27616066)
(0.86051428, 0.11256695, 0.23255751, 0.55553198, 0.20310168, 0.23291844, 0.81307888, 0.80777043, 0.65882128, 0.07959971)
(0.82827151, 0.48506951, 0.53569818, 0.16956221, 0.22933386, 0.45987535, 0.43532932, 0.47920498, 0.46979117, 0.64567769)
(0.71412963, 0.60165703, 0.86624914, 0.71985763, 0.51437569, 0.10095830, 0.66726750, 0.81680804, 0.76938885, 0.24910137)
(0.74646986, 0.38097078, 0.80786234, 0.44252279, 0.47980437, 0.18460682, 0.71091163, 0.71068805, 0.78092504, 0.35688403)
(0.82818663, 0.45506871, 0.56177962, 0.61875147, 0.22065635, 0.10681823, 0.37283671, 0.48250639, 0.27714708, 0.35594448)
(0.81601381, 0.67381215, 0.54004675, 0.49789485, 0.25729981, 0.20705016, 0.38231599, 0.59012818, 0.27479297, 0.49484998)
(0.84737813, 0.17852198, 0.23710620, 0.27196664, 0.21780398, 0.42743763, 0.74852198, 0.71152765, 0.58376360, 0.25008819)
(0.55514956, 0.30229339, 0.52385938, 0.38677734, 0.56920373, 0.62944692, 0.72144556, 0.67274481, 0.79127705, 0.38817516)
(0.80277550, 0.48956069, 0.23151301, 0.82161701, 0.52093655, 0.24154949, 0.73992723, 0.73720002, 0.22167709, 0.23952365)
(0.72917014, 0.84885281, 0.37320977, 0.48254064, 0.64629591, 0.63331681, 0.70744252, 0.82904148, 0.38903674, 0.59496152)
(0.61713922, 0.16717592, 0.11891056, 0.53468758, 0.25310266, 0.75099558, 0.61290908, 0.63266641, 0.62393355, 0.15978920)
(0.77320451, 0.23364873, 0.37349117, 0.66054678, 0.25111759, 0.16597532, 0.54676598, 0.51288503, 0.37102088, 0.21590285)
(0.54355413, 0.87425363, 0.62474346, 0.44344461, 0.85031343, 0.82493556, 0.49612942, 0.47721568, 0.39007264, 0.88461083)
(0.88155335, 0.52740777, 0.42914510, 0.27692506, 0.50071740, 0.61120522, 0.34544709, 0.12931944, 0.12633425, 0.89943242)
(0.86536074, 0.60433143, 0.02123785, 0.46201655, 0.01821408, 0.80847281, 0.06938600, 0.35735795, 0.07949987, 0.24578372)
(0.60812265, 0.39872706, 0.36201766, 0.44321397, 0.35253042, 0.51605493, 0.50912470, 0.53888559, 0.47689426, 0.43247613)
(0.75727719, 0.39782625, 0.51506549, 0.81987196, 0.59400505, 0.14769708, 0.77561313, 0.76324552, 0.48437333, 0.19642417)
(0.49365580, 0.64618427, 0.59638971, 0.77426326, 0.59359729, 0.40873969, 0.66553271, 0.86505526, 0.76544815, 0.20247236)
(0.76957750, 0.55792642, 0.56350029, 0.22784565, 0.51432538, 0.51393062, 0.58786887, 0.47917062, 0.42350337, 0.75669730)
(0.71592754, 0.33573544, 0.57707602, 0.27757448, 0.40235576, 0.40928516, 0.65302342, 0.60786092, 0.65941906, 0.47466010)
(0.68499088, 0.41527459, 0.11112515, 0.49663252, 0.40782568, 0.77626032, 0.62952709, 0.63249415, 0.35932645, 0.38363403)
(0.55106908, 0.42449746, 0.66596788, 0.62766391, 0.59779388, 0.34654164, 0.63884193, 0.62141126, 0.67894560, 0.38194397)
(0.54643863, 0.77016318, 0.73783392, 0.48654550, 0.61921418, 0.49819729, 0.39749745, 0.50180531, 0.49775958, 0.72985673)
(0.60665888, 0.68337744, 0.83336639, 0.16782583, 0.38735658, 0.57278585, 0.40231985, 0.60637093, 0.80306959, 0.69263768)
(0.67545265, 0.80084759, 0.55958891, 0.64476889, 0.65786433, 0.50889957, 0.22965391, 0.22724725, 0.14603245, 0.84531480)
(0.70426095, 0.34939715, 0.61954844, 0.28973272, 0.30880317, 0.44564852, 0.61456478, 0.70381927, 0.79112720, 0.35088927)
(0.80095977, 0.50777131, 0.51939547, 0.30689511, 0.41331035, 0.35411501, 0.63189858, 0.61831164, 0.43284345, 0.56927681)
(0.48963037, 0.62511742, 0.59847701, 0.69584763, 0.43257222, 0.35039982, 0.34813020, 0.55627167, 0.50503701, 0.41005069)
(0.87616658, 0.87809414, 0.53669018, 0.42336631, 0.12666287, 0.14891611, 0.49220103, 0.93562281, 0.44256261, 0.24985442)
(0.71272403, 0.62098849, 0.51571292, 0.46468496, 0.77546430, 0.58160442, 0.63324654, 0.39749205, 0.29002789, 0.79967469)
(0.83895063, 0.31987593, 0.24350969, 0.18031350, 0.20587091, 0.61478335, 0.55455607, 0.51962155, 0.43257371, 0.51466447)
(0.78455472, 0.64164084, 0.59955484, 0.53346443, 0.22116701, 0.16965090, 0.31367072, 0.54836047, 0.30665872, 0.45367080)
(0.81330854, 0.47098330, 0.10927776, 0.37436998, 0.10730603, 0.62146658, 0.36585253, 0.57620662, 0.24103516, 0.34333771)
(0.83386272, 0.40949264, 0.08227189, 0.79505599, 0.37243670, 0.41947228, 0.62891191, 0.57756984, 0.10476149, 0.28293362)
(0.83553314, 0.17403890, 0.19027434, 0.51759756, 0.34356076, 0.36163524, 0.78423899, 0.66830665, 0.43407834, 0.22572574)
(0.91894132, 0.72498947, 0.34612003, 0.62994426, 0.13037191, 0.10580589, 0.35224506, 0.68341470, 0.11700979, 0.34567431)
(0.71014291, 0.26791242, 0.18128005, 0.39190808, 0.23768085, 0.62707484, 0.61315709, 0.67195916, 0.54328007, 0.25386068)
(0.76565933, 0.79749185, 0.83204716, 0.65927118, 0.57242453, 0.19833514, 0.14945950, 0.17639863, 0.18130501, 0.84744579)
(0.93525124, 0.59632230, 0.57963496, 0.58830869, 0.33359492, 0.06611558, 0.59989268, 0.62106055, 0.15652773, 0.48507255)
(0.87874836, 0.50372994, 0.18099618, 0.76478451, 0.22827615, 0.18321535, 0.49694991, 0.60362124, 0.10564400, 0.26867357)
(0.85935551, 0.77294308, 0.29114085, 0.67726314, 0.29010344, 0.20344137, 0.69210362, 0.91443962, 0.31270540, 0.19859083)
(0.31034088, 0.28352746, 0.38065043, 0.94372827, 0.79102522, 0.54820156, 0.29514933, 0.16937746, 0.35601440, 0.38334939)
(0.43036228, 0.68098360, 0.44189009, 0.46210772, 0.25923860, 0.64789695, 0.38615564, 0.81141782, 0.71428216, 0.29151902)
(0.57945484, 0.39441538, 0.80746680, 0.22157739, 0.21845502, 0.57719779, 0.21695016, 0.27482408, 0.80564094, 0.62000865)
(0.89067614, 0.55404681, 0.67188275, 0.39805469, 0.71694344, 0.29554972, 0.53305554, 0.20162329, 0.14872454, 0.88280928)
(0.49594617, 0.35092369, 0.33971137, 0.76579118, 0.66420037, 0.61884105, 0.34516951, 0.17813246, 0.26273933, 0.59913975)
(0.67158830, 0.52140272, 0.36547515, 0.80007231, 0.48064992, 0.30216348, 0.80644876, 0.91833931, 0.67390764, 0.09619634)
(0.61200303, 0.52608526, 0.67789048, 0.36060667, 0.51258737, 0.46556202, 0.69235730, 0.78316158, 0.79393286, 0.41404721)
(0.76764637, 0.55091149, 0.65755254, 0.58692348, 0.40186840, 0.14767709, 0.57950896, 0.67472535, 0.44705811, 0.39030942)
(0.71963608, 0.79449499, 0.72327197, 0.32710543, 0.76048791, 0.58529872, 0.54260123, 0.42665374, 0.36800316, 0.88339484)
(0.85323334, 0.27850756, 0.19515400, 0.56502348, 0.67365670, 0.44034892, 0.86688709, 0.62919956, 0.27315557, 0.44029233)
(0.60374671, 0.30878225, 0.50896978, 0.50835401, 0.65444773, 0.54474485, 0.82098484, 0.77854824, 0.79871470, 0.29186663)
(0.71403813, 0.20959742, 0.54824179, 0.45936406, 0.50067216, 0.32829717, 0.65693563, 0.40035585, 0.54673404, 0.47294599)
(0.54781252, 0.60236305, 0.63268661, 0.33416075, 0.31516454, 0.51080096, 0.36982933, 0.58018684, 0.63408196, 0.53500050)
(0.63244528, 0.58809716, 0.59506935, 0.58375978, 0.74235326, 0.42291778, 0.75154251, 0.70529944, 0.55887109, 0.51576322)
(0.77831167, 0.52375084, 0.68394017, 0.42884877, 0.58769691, 0.27483469, 0.59450024, 0.45676959, 0.38614258, 0.68293595)
(0.87049466, 0.75565606, 0.80893368, 0.47965342, 0.29732141, 0.09354139, 0.36596248, 0.57254952, 0.30496854, 0.59992027)
(0.61809498, 0.62492108, 0.43997687, 0.93134296, 0.84437007, 0.36406946, 0.93077296, 0.96511912, 0.79687840, 0.06598829)
(0.75518870, 0.57573503, 0.30587170, 0.54883862, 0.37635708, 0.50099695, 0.31815958, 0.29749829, 0.14200887, 0.68142956)
(0.60834372, 0.61787879, 0.76918018, 0.39595652, 0.43601212, 0.38441733, 0.56210232, 0.75633931, 0.78547627, 0.42891368)
(0.77257621, 0.61488938, 0.76463109, 0.41325668, 0.56173372, 0.26032516, 0.49468377, 0.41693103, 0.38639203, 0.73340791)
(0.79844755, 0.24297115, 0.19790049, 0.51921564, 0.08514453, 0.30199516, 0.34570232, 0.47039244, 0.30578429, 0.20317154)
(0.60719055, 0.70584226, 0.78689390, 0.44922748, 0.68340355, 0.41205171, 0.54638863, 0.53075278, 0.55107361, 0.72452778)
(0.58287764, 0.47925514, 0.48225844, 0.39590770, 0.25870332, 0.56047231, 0.59074044, 0.85172015, 0.82476193, 0.20824933)
(0.76581389, 0.64783508, 0.59374207, 0.61887139, 0.91812330, 0.57676977, 0.60273570, 0.21532865, 0.17541371, 0.89582795)
(0.39815393, 0.55391127, 0.57757515, 0.74287701, 0.59480733, 0.48522463, 0.45431250, 0.59399009, 0.61807835, 0.37356597)
(0.77092576, 0.67620265, 0.60162866, 0.18891852, 0.46430275, 0.57772791, 0.52059513, 0.53014416, 0.45803216, 0.78396529)
(0.72747028, 0.12430577, 0.33441585, 0.45618483, 0.31271979, 0.41155735, 0.68001676, 0.50979948, 0.63665819, 0.25469995)
(0.70909870, 0.49061856, 0.80738974, 0.33832890, 0.46401963, 0.28470337, 0.56662422, 0.58364087, 0.70685148, 0.54876482)
(0.70645320, 0.29289573, 0.60285103, 0.50764525, 0.66982698, 0.34540817, 0.69387800, 0.39893582, 0.49872771, 0.57566571)
(0.88891298, 0.32398370, 0.07475032, 0.59163183, 0.05304073, 0.32649478, 0.36365074, 0.59929311, 0.15083294, 0.14707057)
(0.72471905, 0.45817986, 0.34059069, 0.24337938, 0.36137274, 0.61906314, 0.72553986, 0.80612195, 0.65813816, 0.38124254)
(0.71506298, 0.37624589, 0.71158582, 0.13078772, 0.10439682, 0.59481901, 0.20669261, 0.33939391, 0.78901070, 0.55820346)
(0.54152542, 0.72822827, 0.53045154, 0.49213248, 0.42662749, 0.51226640, 0.48197433, 0.74584538, 0.55961913, 0.45701286)
(0.50887078, 0.46564925, 0.52701342, 0.35110912, 0.39328560, 0.66910583, 0.65549952, 0.83515388, 0.86459261, 0.27792919)
(0.70223719, 0.18856554, 0.70315665, 0.08977336, 0.08077498, 0.74021232, 0.11337934, 0.09836835, 0.81536502, 0.68294799)
(0.40807983, 0.43640697, 0.66827035, 0.27109700, 0.25954297, 0.72331768, 0.42537630, 0.71517414, 0.91853511, 0.31699187)
(0.85575968, 0.65007192, 0.56107610, 0.22819537, 0.16152333, 0.36879000, 0.23355401, 0.35312831, 0.26970178, 0.71930128)
(0.71528560, 0.22342417, 0.30076480, 0.44580227, 0.30657339, 0.47639245, 0.69967020, 0.70786762, 0.65378183, 0.21842737)
(0.79239357, 0.58820492, 0.33460602, 0.75171655, 0.10206928, 0.10141630, 0.41249701, 0.83512503, 0.38729873, 0.09245858)
(0.73886269, 0.14413550, 0.44870594, 0.46496704, 0.59298986, 0.39908022, 0.82576996, 0.58488947, 0.67695618, 0.33519849)
(0.61323565, 0.73719549, 0.48124507, 0.41690847, 0.42005670, 0.56158197, 0.43710792, 0.63919872, 0.42692071, 0.60271823)
(0.30611598, 0.51056498, 0.37813175, 0.53149116, 0.31057394, 0.80871075, 0.42331368, 0.80258375, 0.85231733, 0.19897805)
(0.57728612, 0.29590270, 0.61511981, 0.45714265, 0.58315432, 0.48493895, 0.68224269, 0.57158375, 0.74041611, 0.42838812)
(0.65168470, 0.33681130, 0.62075120, 0.38097501, 0.47281063, 0.39075994, 0.61116028, 0.52553970, 0.63940054, 0.49330303)
(0.50799388, 0.79903626, 0.70404255, 0.49801964, 0.40512353, 0.48627380, 0.26609200, 0.55957443, 0.52434176, 0.61564952)
(0.55179542, 0.54727840, 0.71796840, 0.29467985, 0.47600469, 0.57391208, 0.40957469, 0.42549834, 0.65216595, 0.69176513)
(0.66583019, 0.77995867, 0.66638535, 0.46300030, 0.48673731, 0.42045158, 0.33407259, 0.47040182, 0.34067100, 0.73737162)
(0.69743145, 0.31409734, 0.25201842, 0.60131675, 0.10698342, 0.28634498, 0.44194159, 0.71093053, 0.52962655, 0.11530307)
(0.74426144, 0.30817732, 0.64270145, 0.39847451, 0.34454489, 0.24438092, 0.58477885, 0.55002254, 0.61459041, 0.40469766)
(0.53279221, 0.77262187, 0.51754731, 0.11530793, 0.31113067, 0.90241265, 0.26535097, 0.54988950, 0.71185672, 0.77483034)
(0.66032398, 0.66119826, 0.56532770, 0.18087350, 0.65114373, 0.79588628, 0.57628590, 0.50697863, 0.56167650, 0.82536429)
(0.60914952, 0.41163737, 0.45052528, 0.30918840, 0.26045489, 0.56797618, 0.47768244, 0.63138139, 0.66291118, 0.39561370)
(0.67896408, 0.37697852, 0.64867061, 0.26549608, 0.42083102, 0.64301473, 0.23348807, 0.11446931, 0.45919785, 0.83153719)
(0.64136446, 0.51833475, 0.42819938, 0.76576555, 0.67975187, 0.37280574, 0.54968566, 0.44026399, 0.25282931, 0.52715403)
(0.82916725, 0.32395774, 0.05548894, 0.15691966, 0.30559179, 0.92671609, 0.70107162, 0.65122241, 0.43607876, 0.48456293)
(0.88967514, 0.32236654, 0.13457634, 0.40311357, 0.04612953, 0.26807609, 0.50691360, 0.81673515, 0.39223772, 0.09993641)
(0.54865015, 0.65914595, 0.89818889, 0.51391482, 0.75991118, 0.46825016, 0.21914294, 0.13122560, 0.50073034, 0.88927609)
(0.49218169, 0.55200708, 0.38858750, 0.70556700, 0.38449168, 0.57252496, 0.63766468, 0.89738655, 0.79909694, 0.12186107)
(0.49898872, 0.47445148, 0.62191463, 0.51051241, 0.58904713, 0.56591576, 0.66268617, 0.72955602, 0.79517388, 0.36538699)
(0.65260386, 0.69684494, 0.34517765, 0.58955252, 0.50909609, 0.53065801, 0.75514799, 0.90900588, 0.62349123, 0.24183762)
(0.70591831, 0.44532925, 0.39436024, 0.61907881, 0.57804942, 0.36943653, 0.81027997, 0.82699579, 0.58438301, 0.25708759)
(0.72735506, 0.63691753, 0.79725516, 0.11207893, 0.19580564, 0.65580350, 0.14955010, 0.23448636, 0.63814592, 0.83362114)
(0.63673663, 0.80614871, 0.54552382, 0.55747747, 0.61415970, 0.64454472, 0.18669194, 0.21125582, 0.18158907, 0.85730529)
(0.27542287, 0.89662451, 0.90086442, 0.46902868, 0.46404776, 0.76095015, 0.05001983, 0.24321097, 0.70243984, 0.84023494)
(0.87694257, 0.82710433, 0.33707562, 0.57864207, 0.45234677, 0.26470765, 0.83653396, 0.95296890, 0.40363958, 0.24949346)
(0.67397434, 0.22165163, 0.49202356, 0.74194682, 0.23728856, 0.15154548, 0.43980274, 0.48581305, 0.52816272, 0.16342069)
(0.74943936, 0.29097196, 0.14508943, 0.38790986, 0.45913577, 0.72523767, 0.77617133, 0.70473391, 0.49131286, 0.34811169)
(0.78685045, 0.57907063, 0.47380936, 0.34578231, 0.02409260, 0.21079414, 0.13199027, 0.64961600, 0.54090315, 0.19392693)
(0.89075285, 0.26079795, 0.27160305, 0.82179427, 0.45134467, 0.10483404, 0.81177789, 0.72716308, 0.25117850, 0.15924214)
(0.89624858, 0.30358729, 0.33067045, 0.32221121, 0.20188637, 0.21118134, 0.70178771, 0.71932828, 0.41202191, 0.29606855)
(0.66280264, 0.43172428, 0.12200158, 0.62468427, 0.56061089, 0.73614335, 0.75187516, 0.74757171, 0.40957192, 0.29605982)
(0.84749705, 0.69820756, 0.70992988, 0.32304966, 0.35850713, 0.19951975, 0.54557776, 0.68858486, 0.42245376, 0.59151620)
(0.91049379, 0.37360066, 0.69822490, 0.51660877, 0.37750018, 0.05785974, 0.77377772, 0.77157104, 0.49545276, 0.28949711)
(0.86650509, 0.45093280, 0.47901624, 0.06094215, 0.24632969, 0.64230973, 0.66316479, 0.69298488, 0.67669386, 0.64227933)
(0.95034534, 0.48560220, 0.28623566, 0.36627206, 0.23378816, 0.12023873, 0.83037889, 0.88893062, 0.30407846, 0.24841997)
(0.78159398, 0.80773783, 0.42657241, 0.41622275, 0.56519741, 0.52035987, 0.66556621, 0.76766866, 0.34128606, 0.63654935)
(0.72148609, 0.36413485, 0.49290580, 0.13877697, 0.46699870, 0.68924421, 0.71716350, 0.65468067, 0.73278362, 0.59239781)
(0.88170725, 0.68099177, 0.14398383, 0.81365460, 0.54200941, 0.32976910, 0.69371998, 0.66976082, 0.07090199, 0.44250211)
(0.26830423, 0.74757439, 0.62958747, 0.34364939, 0.32211483, 0.84492040, 0.32458022, 0.83403671, 0.90987134, 0.34457996)
(0.69431198, 0.52963072, 0.72043693, 0.80408955, 0.82458413, 0.20325619, 0.78131974, 0.66711819, 0.53485441, 0.42446643)
(0.63600606, 0.60201949, 0.84979773, 0.25058126, 0.30037445, 0.47971448, 0.16278280, 0.22175092, 0.60913664, 0.78953248)
(0.46628797, 0.35602453, 0.22285043, 0.96683550, 0.83698899, 0.44734219, 0.48420134, 0.30023444, 0.19441350, 0.30281723)
(0.75721145, 0.66887826, 0.21795930, 0.80105013, 0.47555903, 0.35277820, 0.57795155, 0.68502849, 0.16803561, 0.34834364)
(0.43483531, 0.75499237, 0.63327122, 0.35037240, 0.35376558, 0.65377611, 0.35711876, 0.73385584, 0.72543567, 0.49841359)
(0.83904785, 0.78489041, 0.52806002, 0.65879667, 0.36659160, 0.17021421, 0.57804441, 0.82129616, 0.31052905, 0.36526188)
(0.52505046, 0.54810572, 0.35716179, 0.45687804, 0.52376401, 0.72664994, 0.72121900, 0.86238271, 0.75895560, 0.28392455)
(0.89213043, 0.35309055, 0.22656018, 0.20238443, 0.05757425, 0.38267243, 0.33564308, 0.52031881, 0.31578708, 0.36608925)
(0.75387520, 0.61825293, 0.51048136, 0.48547590, 0.47820446, 0.42476773, 0.30711964, 0.24482061, 0.17724496, 0.78324389)
(0.69664896, 0.73119897, 0.66455245, 0.52727968, 0.47484800, 0.31735915, 0.48126170, 0.64496309, 0.43279108, 0.56901073)
(0.79812986, 0.90966159, 0.44747901, 0.84667152, 0.27004009, 0.16437814, 0.57050526, 0.95658529, 0.43900290, 0.12476497)
(0.33797956, 0.82685268, 0.89626235, 0.27373764, 0.37444231, 0.80334097, 0.07171827, 0.23173268, 0.78710473, 0.84338146)
(0.80112273, 0.30463862, 0.83272153, 0.34770378, 0.45081443, 0.17333475, 0.56732106, 0.38752812, 0.62884438, 0.58462346)
(0.74024987, 0.34946233, 0.54917449, 0.57339925, 0.84289879, 0.40152290, 0.89586723, 0.72371614, 0.61960912, 0.46191853)
(0.68418032, 0.72406477, 0.81710345, 0.30985427, 0.69198096, 0.44796029, 0.65879643, 0.66186917, 0.66865009, 0.72976089)
(0.53935254, 0.60339993, 0.82522476, 0.24962580, 0.52857202, 0.58430725, 0.52100730, 0.61852616, 0.83418089, 0.63321888)
(0.53951907, 0.61250317, 0.80741543, 0.32675269, 0.44663718, 0.46914887, 0.45328969, 0.60961664, 0.78295630, 0.57079333)
(0.58518767, 0.60923731, 0.57718885, 0.70102036, 0.75461507, 0.42665631, 0.66192430, 0.61617023, 0.47190407, 0.52339751)
(0.73469013, 0.49587429, 0.35651881, 0.71555912, 0.08122788, 0.12036721, 0.24656497, 0.64105630, 0.34821588, 0.13259542)
(0.75946426, 0.51432693, 0.53635246, 0.40619218, 0.38386661, 0.31278181, 0.67792237, 0.77503651, 0.58059829, 0.36937103)
(0.78423524, 0.35155872, 0.33453694, 0.56755239, 0.15425293, 0.20609064, 0.41692901, 0.54299015, 0.32653743, 0.24561813)
(0.45382163, 0.38555917, 0.19818448, 0.59548396, 0.59620148, 0.88108641, 0.34176862, 0.22284155, 0.33056119, 0.61886096)
(0.70967180, 0.50999397, 0.30349430, 0.24733046, 0.23132460, 0.64777166, 0.47477922, 0.63764513, 0.49783432, 0.48331732)
(0.87023014, 0.25342417, 0.18111698, 0.37306613, 0.27423680, 0.43798804, 0.69380432, 0.59253925, 0.32541338, 0.35639480)
(0.74916267, 0.17475449, 0.34662384, 0.41578925, 0.41899523, 0.47951409, 0.83622295, 0.79696530, 0.77816343, 0.18654953)
(0.64865983, 0.60456294, 0.68898761, 0.65791768, 0.77257681, 0.34224570, 0.68890059, 0.59740841, 0.50140774, 0.58171499)
(0.49013761, 0.46682718, 0.46186692, 0.59972048, 0.62343782, 0.79310054, 0.15624937, 0.07855920, 0.28518480, 0.81676102)
(0.72442836, 0.29142463, 0.75019884, 0.75142074, 0.60459769, 0.12584023, 0.72720504, 0.62852627, 0.66823256, 0.26079974)
(0.57472563, 0.67863661, 0.58283317, 0.38258284, 0.46026501, 0.56517303, 0.64848024, 0.86093915, 0.77092850, 0.36211762)
(0.38068926, 0.33265865, 0.34156781, 0.86054224, 0.65638185, 0.59602296, 0.28066406, 0.18349147, 0.32327160, 0.46870863)
(0.92401487, 0.69249076, 0.37296346, 0.17471512, 0.31682408, 0.61242247, 0.37223145, 0.29140997, 0.13131768, 0.88235915)
(0.69386345, 0.59290737, 0.39975056, 0.89272779, 0.77256954, 0.27410528, 0.70521015, 0.66404605, 0.27455103, 0.33150670)
(0.61003560, 0.69610715, 0.59318560, 0.55449450, 0.59851116, 0.43277779, 0.70276004, 0.83604515, 0.65396059, 0.39277866)
(0.33514145, 0.55157900, 0.87449783, 0.38291115, 0.39207500, 0.74078357, 0.08650657, 0.12914138, 0.79636037, 0.76813191)
(0.50130332, 0.26801261, 0.19711216, 0.73964059, 0.62935233, 0.72987956, 0.53331625, 0.36499214, 0.38037840, 0.38672841)
(0.50607002, 0.18788831, 0.23887302, 0.91834742, 0.90308416, 0.71753007, 0.60032547, 0.18811688, 0.28782237, 0.44884837)
(0.56287014, 0.46670958, 0.60796070, 0.56031883, 0.42740798, 0.38129503, 0.49534681, 0.58866596, 0.61617184, 0.39405048)
(0.71507782, 0.25310215, 0.64521182, 0.48249078, 0.85035902, 0.51096040, 0.92463583, 0.79419708, 0.84842551, 0.37358975)
(0.51314610, 0.52126855, 0.53625190, 0.53380275, 0.50697500, 0.52489972, 0.63859332, 0.76789176, 0.73115522, 0.32860175)
(0.72339159, 0.48250222, 0.43236262, 0.50568682, 0.42050031, 0.34901851, 0.57487470, 0.58247626, 0.37337485, 0.46539128)
(0.66647410, 0.38970995, 0.74645466, 0.24918225, 0.55420911, 0.47055599, 0.60381460, 0.45871261, 0.70277870, 0.66912478)
(0.62881792, 0.55109328, 0.67069632, 0.38353038, 0.39406583, 0.40734205, 0.46606362, 0.57989287, 0.61092937, 0.52888685)
(0.76220852, 0.49297068, 0.59875256, 0.73689961, 0.61013991, 0.16296685, 0.79622108, 0.80952233, 0.55247009, 0.25407693)
(0.79714864, 0.70694309, 0.53916937, 0.20003907, 0.44731399, 0.69345027, 0.33725068, 0.29320559, 0.28046900, 0.87811512)
(0.78665954, 0.22776642, 0.39320543, 0.41606030, 0.35416910, 0.31796569, 0.71355677, 0.62550128, 0.54379207, 0.31815130)
(0.53423166, 0.42622966, 0.59794497, 0.39836475, 0.28990281, 0.48375702, 0.42053637, 0.57106531, 0.71605688, 0.39287904)
(0.88997829, 0.41334614, 0.67234230, 0.17957209, 0.37261683, 0.24461435, 0.64863527, 0.52946955, 0.47407076, 0.65204209)
(0.84407365, 0.72733861, 0.36202827, 0.79362053, 0.66555738, 0.24274750, 0.75055581, 0.75943148, 0.17899857, 0.43275252)
(0.48147914, 0.69157392, 0.52468532, 0.42660868, 0.23127590, 0.65680528, 0.11371946, 0.30303144, 0.43292177, 0.63814199)
(0.56171221, 0.20385653, 0.45302966, 0.64961922, 0.35463986, 0.40535420, 0.61565721, 0.63026243, 0.75834060, 0.16756092)
(0.60170400, 0.21179871, 0.44919068, 0.51492661, 0.34947565, 0.43758616, 0.56124532, 0.48681533, 0.65273494, 0.30468133)
(0.64584070, 0.47248924, 0.61342716, 0.38677442, 0.24232805, 0.40172175, 0.50671637, 0.75242275, 0.76776016, 0.28216916)
(0.84684551, 0.75275618, 0.45015317, 0.52154028, 0.07451613, 0.12844612, 0.28476259, 0.79974180, 0.32421586, 0.22639646)
(0.80278045, 0.27650598, 0.44507787, 0.62772667, 0.65862566, 0.24353749, 0.74224329, 0.43034208, 0.28508911, 0.50741702)
(0.85321748, 0.25952253, 0.25338712, 0.09233492, 0.08932620, 0.62966043, 0.55216312, 0.68619353, 0.66792852, 0.34432828)
(0.34539288, 0.46760514, 0.17416559, 0.75596917, 0.84087640, 0.94341314, 0.61083132, 0.53028065, 0.56506538, 0.44861338)
(0.87695849, 0.30516931, 0.40257272, 0.53944600, 0.29906887, 0.13707088, 0.68913555, 0.64250505, 0.33631730, 0.28722954)
(0.49381265, 0.23031966, 0.44017959, 0.72960877, 0.56283861, 0.47480470, 0.63033897, 0.54292679, 0.67121255, 0.24533786)
(0.74454850, 0.78754693, 0.35016721, 0.82690972, 0.06512128, 0.10655275, 0.23416448, 0.88112354, 0.39909860, 0.07176458)
(0.67892545, 0.52585810, 0.62735593, 0.85697871, 0.31907704, 0.09919389, 0.57404131, 0.83975297, 0.65058976, 0.09619253)
(0.85504842, 0.15930235, 0.25536186, 0.47463199, 0.09681801, 0.22488914, 0.44010144, 0.40970522, 0.33215481, 0.21790186)
(0.57959712, 0.23483782, 0.33406073, 0.91012317, 0.45726854, 0.25966701, 0.72784853, 0.80478764, 0.70242697, 0.05142171)
(0.76712549, 0.52168834, 0.51856834, 0.18425667, 0.47992977, 0.55247945, 0.72258079, 0.70302212, 0.60284281, 0.61727470)
(0.70485240, 0.60746187, 0.31799150, 0.20302874, 0.20209306, 0.72962266, 0.35907361, 0.58229882, 0.47064686, 0.58498883)
(0.92204857, 0.46907914, 0.61886680, 0.26880479, 0.03165513, 0.07649608, 0.21700905, 0.56674790, 0.40774128, 0.27742413)
(0.65022528, 0.83532006, 0.64351213, 0.12454710, 0.55032367, 0.87211126, 0.35030299, 0.44538561, 0.55327916, 0.90100241)
(0.65979493, 0.78234124, 0.51862270, 0.89091545, 0.86666656, 0.38179263, 0.77365041, 0.80867940, 0.41390750, 0.37550306)
(0.52373731, 0.78389245, 0.72171432, 0.53415436, 0.76456511, 0.55811554, 0.62911713, 0.71876121, 0.63436651, 0.63843781)
(0.83542830, 0.38105330, 0.41858962, 0.66003680, 0.13263124, 0.07959410, 0.45691368, 0.65668875, 0.33692083, 0.15740980)
(0.43842164, 0.61572671, 0.72840351, 0.46949911, 0.47597295, 0.51459974, 0.46027997, 0.65964711, 0.76703012, 0.46806210)
(0.59640390, 0.73431003, 0.83104062, 0.58871633, 0.62373626, 0.27715352, 0.55212426, 0.68963587, 0.66098362, 0.54341424)
(0.69259453, 0.50445205, 0.72519177, 0.34245965, 0.27087632, 0.31126797, 0.32458234, 0.41849712, 0.54751283, 0.57814699)
(0.72777039, 0.54112488, 0.84216470, 0.78412509, 0.69216615, 0.10704302, 0.62566942, 0.59904337, 0.55482715, 0.42203596)
(0.69782472, 0.51354617, 0.72520709, 0.46631899, 0.70841211, 0.32348055, 0.74887276, 0.64819008, 0.61458343, 0.57744211)
(0.69260669, 0.16888142, 0.51898444, 0.45013332, 0.55979478, 0.43985820, 0.77414721, 0.57298779, 0.73168391, 0.34281671)
(0.80238205, 0.50324512, 0.63499838, 0.34998897, 0.31163627, 0.24587817, 0.45535377, 0.48575467, 0.40587753, 0.57856661)
(0.60969925, 0.41252145, 0.40501225, 0.65609354, 0.34573567, 0.32887754, 0.38927257, 0.42014372, 0.33569717, 0.39599472)
(0.62579507, 0.42876703, 0.83980274, 0.39392257, 0.78460073, 0.49656150, 0.60860729, 0.31035298, 0.68020260, 0.78141230)
(0.85319525, 0.46044415, 0.63710350, 0.61404502, 0.18632095, 0.06225999, 0.44261703, 0.60998732, 0.35622948, 0.26435104)
(0.71823740, 0.44119906, 0.90025795, 0.46540704, 0.58143634, 0.16921151, 0.62278974, 0.55647939, 0.77124500, 0.51987159)
(0.78250897, 0.17728038, 0.57075387, 0.11061654, 0.29701856, 0.56672847, 0.64685160, 0.47643641, 0.77965975, 0.53417170)
(0.71766603, 0.42431813, 0.84693223, 0.77601165, 0.57957000, 0.07966591, 0.60343838, 0.58443612, 0.61686182, 0.32075989)
(0.84696603, 0.37757975, 0.75747591, 0.31049889, 0.09281090, 0.11433982, 0.28097329, 0.45065585, 0.56381601, 0.37826374)
(0.90635896, 0.36799023, 0.37166581, 0.54996926, 0.39544195, 0.23783514, 0.40763709, 0.16382526, 0.08128151, 0.71243697)
(0.69573766, 0.49527878, 0.64587599, 0.37771404, 0.54742140, 0.35930911, 0.68445629, 0.65991545, 0.60280061, 0.52908558)
(0.76583099, 0.44137383, 0.46231502, 0.65009230, 0.69298947, 0.45526025, 0.33730227, 0.10131805, 0.12042746, 0.82339942)
(0.89136195, 0.23240884, 0.21429354, 0.07552409, 0.22876506, 0.88175184, 0.35069942, 0.13367446, 0.37905270, 0.82867634)
(0.88227242, 0.29033571, 0.26653445, 0.32999691, 0.06614317, 0.20757769, 0.62946516, 0.86504316, 0.61286169, 0.09832898)
(0.34412375, 0.45128441, 0.30676103, 0.90238297, 0.65672046, 0.53306890, 0.32065088, 0.32926214, 0.32556409, 0.35878420)
(0.65126175, 0.69063175, 0.60908109, 0.12817167, 0.28587505, 0.78521162, 0.23683737, 0.37855330, 0.58878869, 0.80968136)
(0.68383086, 0.36147982, 0.71141696, 0.73771626, 0.59031481, 0.16595501, 0.46817458, 0.33506522, 0.40747663, 0.48135555)
(0.76858646, 0.51191109, 0.55893916, 0.75715584, 0.22150688, 0.09512176, 0.26987219, 0.44207630, 0.24666359, 0.31518447)
(0.67824173, 0.56632054, 0.73652333, 0.12687618, 0.36679882, 0.61880141, 0.43090665, 0.49307638, 0.71628213, 0.74210590)
(0.75662851, 0.58571535, 0.54639709, 0.45764604, 0.50366706, 0.30200079, 0.75213432, 0.82275343, 0.56624496, 0.38521415)
(0.82717735, 0.90331095, 0.36232314, 0.51123983, 0.04332194, 0.21990429, 0.14072183, 0.81854987, 0.25751394, 0.25480455)
(0.76777041, 0.41392463, 0.54458016, 0.19515923, 0.20757678, 0.42359060, 0.58809364, 0.74973994, 0.72497791, 0.37302032)
(0.78542209, 0.26381522, 0.44651374, 0.15824895, 0.29172248, 0.53780740, 0.62693012, 0.52884334, 0.62688339, 0.52831817)
(0.84351772, 0.64501464, 0.40058279, 0.21180615, 0.38764483, 0.73815578, 0.28172141, 0.20036447, 0.17901745, 0.88378632)
(0.43247354, 0.76388741, 0.61356246, 0.34270483, 0.32927448, 0.69082528, 0.26257378, 0.59541947, 0.63733995, 0.60180193)
(0.87871897, 0.32344645, 0.30641446, 0.18254562, 0.46892455, 0.53804702, 0.86755162, 0.78865457, 0.57694167, 0.45647058)
(0.83662236, 0.32330930, 0.41881749, 0.67069042, 0.32901666, 0.12063283, 0.73344189, 0.76811916, 0.44480884, 0.17441745)
(0.84841824, 0.44291762, 0.48387757, 0.62061149, 0.26516530, 0.11264793, 0.80241513, 0.92253762, 0.65738946, 0.10142982)
(0.73874813, 0.39161602, 0.33803493, 0.56421524, 0.11904635, 0.22382960, 0.47238755, 0.76014668, 0.54243231, 0.13331231)
(0.92015541, 0.32638875, 0.31295925, 0.35244840, 0.40579563, 0.30086896, 0.69347703, 0.41398549, 0.17563668, 0.62614530)
(0.37271968, 0.88339931, 0.91140211, 0.37157071, 0.59342450, 0.72155553, 0.15775582, 0.39759511, 0.74925631, 0.84379923)
(0.81355453, 0.25876772, 0.15417527, 0.07603273, 0.03983713, 0.90173304, 0.14822043, 0.24543020, 0.58399075, 0.52673572)
(0.90698922, 0.54680455, 0.25327089, 0.24249418, 0.49255374, 0.48367870, 0.84072030, 0.77947533, 0.30967417, 0.58188015)
(0.73444670, 0.59693575, 0.37348345, 0.80633718, 0.40314001, 0.22911163, 0.74409878, 0.90731251, 0.55575955, 0.11387390)
(0.72526842, 0.57564372, 0.42360264, 0.42106733, 0.44902569, 0.45163602, 0.79160303, 0.89675236, 0.69003403, 0.27129260)
(0.61666614, 0.84054637, 0.87232482, 0.26075613, 0.44243723, 0.50136989, 0.27999082, 0.52856052, 0.65830022, 0.78708023)
(0.68608308, 0.81916088, 0.82204825, 0.44500464, 0.60953575, 0.35388574, 0.37560430, 0.47092110, 0.42000008, 0.79925072)
(0.82807308, 0.48692340, 0.63040090, 0.20482865, 0.25651956, 0.33946848, 0.41121230, 0.41860983, 0.43406111, 0.66977060)
(0.68199176, 0.54451066, 0.25131413, 0.47858077, 0.59332103, 0.74530143, 0.53952193, 0.39537916, 0.24399953, 0.70081967)
(0.45774490, 0.60955691, 0.72028780, 0.63300717, 0.71070552, 0.51325858, 0.41679931, 0.39778602, 0.54948610, 0.66018838)
(0.64879370, 0.80922860, 0.67070293, 0.78978390, 0.65489841, 0.34356532, 0.16479126, 0.20915116, 0.15665680, 0.79607111)
(0.54322779, 0.78674138, 0.58685046, 0.34432212, 0.57986486, 0.72080702, 0.45568368, 0.62224066, 0.55004519, 0.72123551)
(0.65470326, 0.28367171, 0.83214456, 0.14732827, 0.56389922, 0.61395651, 0.64775342, 0.46703395, 0.88815790, 0.66656631)
(0.78291690, 0.21623424, 0.37086019, 0.30214241, 0.37909606, 0.43543485, 0.73534149, 0.61035687, 0.58227682, 0.38875228)
(0.88306475, 0.28867304, 0.37346104, 0.60240149, 0.42438269, 0.14299916, 0.82238990, 0.77214324, 0.40513623, 0.23078682)
(0.37921810, 0.66495705, 0.48759171, 0.39383417, 0.37092197, 0.75962067, 0.45626724, 0.80957252, 0.79756677, 0.35143968)
(0.67588329, 0.48657310, 0.55776924, 0.43414235, 0.17175768, 0.30515635, 0.38992074, 0.66856003, 0.61906904, 0.28962237)
(0.87249625, 0.33564436, 0.61453420, 0.31370538, 0.15988022, 0.12405276, 0.52714103, 0.60151541, 0.50240660, 0.34162396)
(0.83149165, 0.47531435, 0.69315827, 0.47896269, 0.56385660, 0.16297781, 0.81337357, 0.80509031, 0.61999106, 0.37266234)
(0.84186804, 0.12635015, 0.43632436, 0.58029264, 0.41040987, 0.16367689, 0.79723561, 0.60256791, 0.55804366, 0.21579514)
(0.79230654, 0.29008496, 0.46393678, 0.24058296, 0.24158795, 0.37811223, 0.60548258, 0.60950404, 0.60092646, 0.40316430)
(0.88846147, 0.34456888, 0.53494066, 0.33282593, 0.22517321, 0.16753532, 0.53365886, 0.49433431, 0.35404709, 0.47053492)
(0.42179981, 0.57596153, 0.58855867, 0.55214500, 0.69627202, 0.69090891, 0.63543922, 0.71362817, 0.75527370, 0.45855385)
(0.67416567, 0.39201272, 0.42883193, 0.56560248, 0.73427701, 0.48483726, 0.75686932, 0.54925185, 0.43152812, 0.54326969)
(0.71515244, 0.71588755, 0.71732378, 0.16178641, 0.28607225, 0.62820715, 0.23744793, 0.36199704, 0.52678216, 0.81091052)
(0.89823943, 0.28914905, 0.40912491, 0.26159286, 0.27584332, 0.23080800, 0.72030789, 0.63600129, 0.41459584, 0.42005178)
(0.78020269, 0.29538646, 0.37848863, 0.44871372, 0.12831314, 0.24312416, 0.60627067, 0.81227124, 0.68426281, 0.12207895)
(0.56501192, 0.42997107, 0.59278518, 0.33924520, 0.72656274, 0.69993836, 0.71377379, 0.58623004, 0.71614248, 0.62401688)
(0.70522380, 0.18862283, 0.44466496, 0.52495921, 0.77300543, 0.52359849, 0.84662282, 0.52123839, 0.61372870, 0.46406788)
(0.66081768, 0.53190267, 0.66752154, 0.26966187, 0.56268513, 0.61897105, 0.42376047, 0.28159699, 0.49989572, 0.81608570)
(0.63576472, 0.25936332, 0.43789101, 0.40591282, 0.34902784, 0.47226739, 0.50936472, 0.40003479, 0.53911358, 0.45839179)
(0.84175432, 0.89265645, 0.36703554, 0.56697690, 0.38251778, 0.33831927, 0.61929965, 0.89037788, 0.27883962, 0.43298101)
(0.85780227, 0.40381464, 0.60888511, 0.46807781, 0.45682913, 0.13899353, 0.74618065, 0.70172626, 0.45241967, 0.40289477)
(0.64976192, 0.32473251, 0.50759965, 0.29395577, 0.32082585, 0.50151914, 0.57428962, 0.60237777, 0.69345993, 0.41410574)
(0.76642841, 0.12596811, 0.10586390, 0.51069695, 0.55102903, 0.77807367, 0.72497505, 0.34131217, 0.35590190, 0.42979583)
(0.62533969, 0.48355988, 0.41823614, 0.53105849, 0.45868951, 0.44257921, 0.63083214, 0.69248092, 0.52594590, 0.36906078)
(0.63973880, 0.48156738, 0.61863756, 0.33478823, 0.28897783, 0.51482469, 0.21185906, 0.22364768, 0.43406743, 0.70318168)
(0.75926054, 0.35881281, 0.41423884, 0.16577862, 0.31352389, 0.63803339, 0.50273740, 0.40168393, 0.50910091, 0.66649264)
(0.65836793, 0.49501324, 0.57411742, 0.81988508, 0.21366784, 0.10343695, 0.26495293, 0.52442354, 0.37641022, 0.20813242)
(0.68258059, 0.43172792, 0.70079273, 0.38750222, 0.39378500, 0.31202316, 0.59452373, 0.66093725, 0.71182799, 0.40960091)
(0.76559669, 0.11635066, 0.35285243, 0.31665471, 0.30904806, 0.47296134, 0.75121146, 0.61310500, 0.73751539, 0.25243244)
(0.86755931, 0.59831053, 0.45764285, 0.15260662, 0.34388939, 0.65390748, 0.37197179, 0.27619904, 0.25206304, 0.86013770)
(0.44636163, 0.79384172, 0.54424751, 0.30959722, 0.34304723, 0.72948647, 0.37590402, 0.78582096, 0.70685667, 0.50273949)
(0.77062440, 0.55745327, 0.37511730, 0.50569290, 0.74223226, 0.52627182, 0.77060944, 0.59687763, 0.31141871, 0.64239258)
(0.54055101, 0.45950472, 0.32793376, 0.64804661, 0.72836620, 0.70558459, 0.53976279, 0.36290604, 0.33046594, 0.61917961)
(0.69378906, 0.33868802, 0.52448910, 0.32739410, 0.06531373, 0.40937012, 0.10811227, 0.22442348, 0.50753969, 0.43371326)
(0.48899662, 0.52144104, 0.39514583, 0.61502641, 0.38731730, 0.56428331, 0.54911196, 0.78191030, 0.67556918, 0.23921683)
(0.74303448, 0.53833979, 0.55896258, 0.43601534, 0.45248342, 0.30874121, 0.66927350, 0.72952944, 0.52624905, 0.43494081)
(0.72185266, 0.58751816, 0.65144211, 0.15804361, 0.48299494, 0.62782043, 0.51472771, 0.47329608, 0.57308161, 0.78520876)
(0.85426039, 0.24611193, 0.29549101, 0.20482726, 0.12254060, 0.38614765, 0.52519143, 0.55868810, 0.47018737, 0.35999045)
(0.27866775, 0.61253208, 0.53148627, 0.62733942, 0.61041629, 0.82467091, 0.18807320, 0.25034204, 0.53842080, 0.67620116)
(0.75831503, 0.25585368, 0.46641910, 0.68740547, 0.56985193, 0.20556404, 0.80754244, 0.69660801, 0.53551775, 0.24584733)
(0.82620794, 0.24021856, 0.37355441, 0.35332754, 0.47356558, 0.35434642, 0.78516567, 0.60942996, 0.47610331, 0.43487319)
(0.76203769, 0.55971533, 0.58498341, 0.14093362, 0.22144286, 0.69031411, 0.19835664, 0.22768500, 0.44711411, 0.81727427)
(0.63446575, 0.42181268, 0.37639472, 0.85192591, 0.26151353, 0.23354824, 0.69358742, 0.91750121, 0.77084273, 0.04238359)
(0.71505564, 0.45157659, 0.72556514, 0.81515497, 0.56986934, 0.10949673, 0.63818872, 0.66609746, 0.54226321, 0.26050624)
(0.86585432, 0.25132319, 0.49687997, 0.27372247, 0.27598298, 0.21425645, 0.71591365, 0.64762998, 0.54384995, 0.36570007)
(0.68042976, 0.31754294, 0.76891702, 0.73631716, 0.83587170, 0.25673679, 0.90069979, 0.81500018, 0.84875029, 0.24510102)
(0.61879426, 0.37970230, 0.46431118, 0.52348518, 0.68789095, 0.50573099, 0.75843883, 0.63656241, 0.57406676, 0.46331933)
(0.57500243, 0.43592632, 0.70205182, 0.59103239, 0.54493690, 0.30152932, 0.62202233, 0.63431001, 0.69411129, 0.37793097)
(0.88298100, 0.51788843, 0.59532803, 0.14755842, 0.30256405, 0.46995923, 0.35621852, 0.23149483, 0.29090431, 0.84312135)
(0.87350518, 0.21342656, 0.16857919, 0.16450648, 0.21345270, 0.60681355, 0.77732015, 0.74610341, 0.57176036, 0.31683356)
(0.80644107, 0.34990415, 0.36165395, 0.09304900, 0.15745758, 0.66788971, 0.52387506, 0.61011988, 0.66170216, 0.51015848)
(0.87761295, 0.48008546, 0.64823043, 0.65506095, 0.27356088, 0.05523200, 0.65384990, 0.78699213, 0.44414467, 0.20774893)
(0.77502644, 0.68118125, 0.42876586, 0.19183043, 0.26208547, 0.67053300, 0.34671602, 0.49411079, 0.37166542, 0.73520577)
(0.81079954, 0.47774935, 0.76064628, 0.46101892, 0.54541767, 0.18939088, 0.44841063, 0.27842543, 0.31377727, 0.73415154)
(0.67664605, 0.47777602, 0.33111212, 0.73539001, 0.04995774, 0.14005938, 0.26164702, 0.78924209, 0.57003748, 0.05797691)
(0.45872733, 0.51074040, 0.35825390, 0.74076462, 0.41772303, 0.53224438, 0.20254722, 0.22096655, 0.29632762, 0.50468403)
(0.73168522, 0.28813499, 0.50933713, 0.73261738, 0.49619222, 0.23967591, 0.86822730, 0.90596581, 0.83102357, 0.08301705)
(0.52896363, 0.80678117, 0.79225320, 0.23364279, 0.65150541, 0.85229647, 0.20676152, 0.21278182, 0.57476282, 0.92196882)
(0.43262780, 0.50494653, 0.49708256, 0.96409833, 0.89441317, 0.39975399, 0.66162050, 0.62959528, 0.50084883, 0.21025218)
(0.41096619, 0.83148956, 0.88023371, 0.54865265, 0.52551866, 0.48082641, 0.28218722, 0.63056749, 0.77160579, 0.59495699)
(0.51033002, 0.42393813, 0.40175202, 0.53036749, 0.30904362, 0.53305125, 0.51437151, 0.71607631, 0.67864388, 0.25530377)
(0.81462181, 0.44977283, 0.32825726, 0.32316312, 0.31940573, 0.39373463, 0.66989982, 0.69762206, 0.40773001, 0.43366098)
(0.72980994, 0.58465296, 0.46875986, 0.42609265, 0.39880913, 0.37006018, 0.65002340, 0.77197874, 0.50985062, 0.40493611)
(0.57431501, 0.57825226, 0.36269361, 0.14846194, 0.40050533, 0.87438202, 0.65579498, 0.84710032, 0.83180314, 0.45102954)
(0.86819988, 0.44107866, 0.30431607, 0.68670577, 0.22745015, 0.12215894, 0.80059391, 0.92804861, 0.52057254, 0.07949610)
(0.91566515, 0.25805235, 0.36762768, 0.12687966, 0.15047552, 0.31729680, 0.69004273, 0.68679774, 0.53385574, 0.39441079)
(0.66145688, 0.45557266, 0.40593287, 0.29750779, 0.41626793, 0.59911698, 0.58448118, 0.58387244, 0.52677947, 0.55007720)
(0.71425623, 0.18019976, 0.31764489, 0.54771417, 0.79136246, 0.66590345, 0.89397854, 0.67484969, 0.69116491, 0.34377134)
(0.69784814, 0.65927255, 0.71150160, 0.51976752, 0.45327118, 0.25863874, 0.37277055, 0.45663321, 0.36994636, 0.63907427)
(0.49100602, 0.67276150, 0.67723018, 0.22496389, 0.21116655, 0.67980087, 0.24260202, 0.59043497, 0.77290577, 0.55139852)
(0.85532039, 0.20152979, 0.21064666, 0.44985273, 0.20046812, 0.30549166, 0.71336281, 0.71751559, 0.46558732, 0.18523303)
(0.71121830, 0.57307351, 0.39787701, 0.23758821, 0.53174233, 0.68204427, 0.77776057, 0.82697397, 0.66709691, 0.48784411)
(0.69140363, 0.57984465, 0.49458170, 0.54092848, 0.81641018, 0.53991252, 0.84477448, 0.76462781, 0.55590862, 0.53003544)
(0.71466833, 0.57187217, 0.21557549, 0.20874928, 0.34914675, 0.86962831, 0.44347170, 0.47163799, 0.39893526, 0.69868749)
(0.84372723, 0.26603407, 0.51153678, 0.27514774, 0.50888431, 0.32639551, 0.78307515, 0.58124083, 0.52265406, 0.52426964)
(0.38551280, 0.55935353, 0.71935481, 0.37345323, 0.47252023, 0.65808403, 0.42273226, 0.57855380, 0.80936766, 0.53276515)
(0.91419792, 0.63838464, 0.31610593, 0.51789010, 0.16300623, 0.13053124, 0.56203687, 0.80248374, 0.21764483, 0.27120265)
(0.73040235, 0.21247090, 0.50844914, 0.60089773, 0.47912222, 0.27501714, 0.75862485, 0.66941702, 0.67033648, 0.23228972)
(0.66466248, 0.31145301, 0.45690641, 0.78237641, 0.37754276, 0.23205674, 0.74782473, 0.84544545, 0.74575853, 0.08666341)
(0.75823534, 0.33898774, 0.37074378, 0.23702776, 0.29459974, 0.52912158, 0.56062520, 0.50878328, 0.48874518, 0.53128725)
(0.81424087, 0.21168897, 0.35696423, 0.60505027, 0.12085818, 0.13888079, 0.66767716, 0.82228744, 0.68024868, 0.06480350)
(0.79167366, 0.40955597, 0.49794757, 0.50021327, 0.62456197, 0.31303412, 0.67076129, 0.42448196, 0.27922428, 0.63440251)
(0.65091145, 0.73519617, 0.45761597, 0.52218616, 0.51110679, 0.48031431, 0.67945254, 0.85247290, 0.55984819, 0.37977219)
(0.85561872, 0.21257350, 0.03338433, 0.35098982, 0.05565515, 0.77231014, 0.42623040, 0.59042811, 0.30338827, 0.16488464)
(0.61361587, 0.55521095, 0.91784906, 0.32454872, 0.46770641, 0.35052767, 0.26112798, 0.26121950, 0.71382844, 0.76644814)
(0.83037829, 0.22588500, 0.33260059, 0.44644409, 0.08572154, 0.18683480, 0.62619472, 0.82913274, 0.69370383, 0.07979976)
(0.89511132, 0.46288174, 0.11860009, 0.63201475, 0.08798335, 0.25806421, 0.35569862, 0.55796248, 0.10377330, 0.24193443)
(0.84560043, 0.20552804, 0.55716842, 0.43054891, 0.45186129, 0.18264528, 0.80351728, 0.66477984, 0.59693092, 0.31807572)
(0.90766293, 0.26033452, 0.60529691, 0.19523312, 0.21856129, 0.20401374, 0.51262182, 0.34421271, 0.40324306, 0.60547435)
(0.76549399, 0.41020045, 0.15678683, 0.56940854, 0.06382752, 0.33803713, 0.29351825, 0.64839727, 0.31783837, 0.14974448)
(0.62640029, 0.49664998, 0.61401582, 0.69770825, 0.16082358, 0.14241482, 0.29378760, 0.61738914, 0.56343895, 0.19059314)
(0.55621016, 0.66289860, 0.67474324, 0.30954781, 0.76180643, 0.73374957, 0.64991403, 0.60729569, 0.67695028, 0.74572790)
(0.89608878, 0.31876856, 0.26644266, 0.43896505, 0.24210754, 0.22452086, 0.70912415, 0.70597029, 0.32573652, 0.28061163)
(0.62827760, 0.44249362, 0.81594032, 0.11691844, 0.47086221, 0.76936018, 0.35590896, 0.24611837, 0.81609964, 0.83810836)
(0.67020106, 0.76927614, 0.33891040, 0.45713916, 0.49919510, 0.60576075, 0.71640390, 0.88972384, 0.54441434, 0.37929127)
(0.85070765, 0.32505873, 0.19681157, 0.72602177, 0.80007786, 0.46244979, 0.78924954, 0.35550293, 0.11006369, 0.63322103)
(0.62463045, 0.63705325, 0.54731977, 0.80266178, 0.87417108, 0.46125963, 0.67152184, 0.50220639, 0.32985407, 0.62785530)
(0.70584738, 0.28483933, 0.43443194, 0.60600084, 0.40469331, 0.25662893, 0.64345711, 0.58544660, 0.48237947, 0.29428685)
(0.62315100, 0.52995324, 0.26517940, 0.60538858, 0.58654255, 0.85855478, 0.12156244, 0.05686086, 0.11544729, 0.86184651)
(0.67277294, 0.67604375, 0.58909076, 0.64152032, 0.80053580, 0.43990535, 0.73261809, 0.64816219, 0.43192309, 0.61223751)
(0.71801585, 0.40094694, 0.50667608, 0.57869685, 0.16843270, 0.16419029, 0.34823588, 0.51916021, 0.42721784, 0.26752529)
(0.64043337, 0.71154445, 0.86382705, 0.44917378, 0.41736558, 0.27062646, 0.29294950, 0.46347785, 0.58747882, 0.65645909)
(0.82932585, 0.47371742, 0.70956427, 0.44488946, 0.19711785, 0.10584364, 0.41918376, 0.55964047, 0.45546120, 0.38695109)
(0.48575601, 0.81556660, 0.60515964, 0.25971687, 0.34266466, 0.86612862, 0.10410812, 0.26573795, 0.49087372, 0.84010869)
(0.47637179, 0.67997772, 0.30815649, 0.54720843, 0.54322875, 0.80228275, 0.71546108, 0.91883832, 0.78890079, 0.21754563)
(0.74215043, 0.56942797, 0.13206999, 0.74624223, 0.43585816, 0.48805004, 0.76379097, 0.87222201, 0.35956424, 0.16554020)
(0.80308211, 0.62759680, 0.67145097, 0.27955458, 0.43769836, 0.47181576, 0.25249809, 0.17908676, 0.24809667, 0.86909461)
(0.75153911, 0.30115929, 0.49204952, 0.58637714, 0.77235138, 0.37884197, 0.91089511, 0.82701033, 0.70967788, 0.28680977)
(0.63141799, 0.42025846, 0.37358895, 0.30713186, 0.69230908, 0.88830030, 0.41763398, 0.16059102, 0.40544066, 0.85124785)
(0.55555665, 0.77274257, 0.62240040, 0.37224558, 0.34598774, 0.56333828, 0.29056862, 0.56662124, 0.49910894, 0.64477640)
(0.68989295, 0.72027862, 0.17971180, 0.44751334, 0.52483994, 0.76196241, 0.80570894, 0.92803401, 0.57821625, 0.28477296)
(0.50017607, 0.49549514, 0.52170247, 0.70940238, 0.56721717, 0.44710571, 0.59584838, 0.69280285, 0.63517606, 0.30065724)
(0.70307559, 0.79503763, 0.27525198, 0.94317025, 0.58338952, 0.24746342, 0.71090686, 0.92307687, 0.37713936, 0.09864359)
(0.43731987, 0.49557722, 0.53790718, 0.46925431, 0.42439437, 0.61301780, 0.50434279, 0.67735004, 0.74240911, 0.37610537)
(0.56021166, 0.30776605, 0.17894024, 0.78378206, 0.37152290, 0.49944136, 0.52444327, 0.58863169, 0.41605848, 0.18066454)
(0.82191652, 0.30979419, 0.21010934, 0.57674706, 0.20438261, 0.28621456, 0.66811621, 0.77156967, 0.42378369, 0.15818360)
(0.77093446, 0.15628326, 0.27165776, 0.57119757, 0.21754125, 0.27840820, 0.60030872, 0.51424801, 0.45304832, 0.20168616)
(0.61249930, 0.23831251, 0.18274499, 0.79275602, 0.49652600, 0.53125173, 0.47302380, 0.29177794, 0.23688504, 0.35808140)
(0.72865313, 0.20196818, 0.63185453, 0.46565908, 0.16360967, 0.23942776, 0.63455337, 0.79507238, 0.89001209, 0.10197099)
(0.83701223, 0.48468253, 0.36668196, 0.43166575, 0.39200747, 0.37893975, 0.51022702, 0.38810405, 0.18854456, 0.65527052)
(0.86136693, 0.42530218, 0.46603450, 0.30477890, 0.10658262, 0.16773394, 0.51363999, 0.74901575, 0.51526248, 0.24758677)
(0.83871067, 0.39232278, 0.47323409, 0.11028423, 0.43456644, 0.65338558, 0.63099051, 0.42134926, 0.49019894, 0.77850842)
(0.66025287, 0.20492582, 0.20398755, 0.49709988, 0.32420427, 0.58716440, 0.62617290, 0.54933763, 0.52533460, 0.27761588)
(0.71207714, 0.56373584, 0.84032500, 0.30496022, 0.45149124, 0.38748711, 0.22010601, 0.17293040, 0.45606312, 0.84246141)
(0.46003154, 0.53542942, 0.42287084, 0.76254898, 0.70097029, 0.54246813, 0.43958861, 0.38224998, 0.33834678, 0.55856740)
(0.79853570, 0.38937119, 0.64146358, 0.33278129, 0.14408065, 0.27637878, 0.16550446, 0.18380108, 0.34446052, 0.62424713)
(0.70977610, 0.32175618, 0.62637967, 0.77575493, 0.42452568, 0.14307219, 0.78277045, 0.85989839, 0.79835135, 0.09258153)
(0.77488011, 0.50574058, 0.56003004, 0.43204480, 0.41745219, 0.28468615, 0.48904622, 0.42912537, 0.31104040, 0.62132442)
(0.86264032, 0.33379689, 0.07712286, 0.42353958, 0.20697808, 0.59904236, 0.68848860, 0.73573720, 0.29422528, 0.24802795)
(0.52846098, 0.58441836, 0.65202761, 0.37727991, 0.51642752, 0.53277630, 0.52113986, 0.60370737, 0.65169626, 0.57749975)
(0.54027939, 0.42038807, 0.44190997, 0.63893509, 0.25309190, 0.33202174, 0.34420648, 0.52164209, 0.49874455, 0.28420678)
(0.58885634, 0.64443165, 0.19581859, 0.39003566, 0.26561788, 0.81614947, 0.65601963, 0.93942797, 0.77729774, 0.15633421)
(0.88029563, 0.59648657, 0.47757202, 0.17868333, 0.13624546, 0.38219076, 0.31313491, 0.46301559, 0.30801386, 0.65388864)
(0.92146379, 0.78872329, 0.25600272, 0.59456277, 0.06732608, 0.13951629, 0.18641751, 0.60867292, 0.07538491, 0.37559178)
(0.60331887, 0.57929826, 0.67469919, 0.64461988, 0.91447461, 0.63952410, 0.61909997, 0.29604337, 0.40368849, 0.82406026)
(0.55524588, 0.29801077, 0.41736031, 0.85194170, 0.49522656, 0.32523388, 0.72411060, 0.80086243, 0.73822922, 0.08829908)
(0.53327280, 0.60929388, 0.64755434, 0.69068450, 0.88007396, 0.70152235, 0.30287462, 0.10824291, 0.26257434, 0.88757670)
(0.75532401, 0.48266923, 0.14548765, 0.76633024, 0.49601045, 0.42236039, 0.77348554, 0.80686164, 0.30204457, 0.19830497)
(0.76287252, 0.55031836, 0.54168665, 0.26410154, 0.35835624, 0.46046159, 0.43566838, 0.42000094, 0.37763870, 0.70552170)
(0.64277321, 0.51697284, 0.36611655, 0.34009847, 0.58413583, 0.75237370, 0.64531100, 0.60909146, 0.54384041, 0.59721851)
(0.36070919, 0.73697358, 0.67123014, 0.54177535, 0.35109702, 0.58871579, 0.28063118, 0.68100673, 0.73545361, 0.41587541)
(0.66671264, 0.32633129, 0.15954120, 0.38127276, 0.23961811, 0.71235514, 0.66843873, 0.81793851, 0.65994740, 0.18462020)
(0.52650553, 0.41900134, 0.53175956, 0.46365103, 0.27062550, 0.48664385, 0.48882544, 0.70963967, 0.76637882, 0.26161215)
(0.51038891, 0.63398081, 0.53477073, 0.56970102, 0.55689043, 0.50050265, 0.61791545, 0.76959813, 0.63685703, 0.39055488)
(0.91203523, 0.19146046, 0.26503369, 0.22930962, 0.30631605, 0.33158639, 0.81747705, 0.66897988, 0.44148877, 0.38255695)
(0.70508289, 0.55903876, 0.59347695, 0.16610229, 0.28326651, 0.57931042, 0.49910989, 0.66348702, 0.69128531, 0.57162625)
(0.93971509, 0.71393317, 0.18284644, 0.29113403, 0.03352274, 0.21039152, 0.39212060, 0.88631576, 0.26584104, 0.17485847)
(0.81814873, 0.54926300, 0.70538402, 0.28255188, 0.16548143, 0.23001796, 0.32041568, 0.51279831, 0.50374371, 0.52392983)
(0.90748096, 0.76405317, 0.13102341, 0.49117327, 0.37816110, 0.60331619, 0.55382437, 0.54695904, 0.06734999, 0.71430582)
(0.72297800, 0.14576450, 0.39725500, 0.53458345, 0.18378818, 0.25214991, 0.57842833, 0.56609941, 0.66294086, 0.15421304)
(0.74239159, 0.86967534, 0.44994673, 0.73983920, 0.49163345, 0.31576425, 0.64824814, 0.90267855, 0.40341100, 0.30181995)
(0.57716841, 0.70538610, 0.63787580, 0.13050830, 0.39179629, 0.88701385, 0.20803063, 0.26846629, 0.65533525, 0.86999351)
(0.54426140, 0.79732078, 0.39471263, 0.49978891, 0.64321411, 0.72239363, 0.66808677, 0.84015143, 0.56541312, 0.48848999)
(0.30921298, 0.57354206, 0.53951675, 0.51833290, 0.45769122, 0.75490183, 0.43477833, 0.73576087, 0.82886773, 0.33934855)
(0.81901139, 0.46504200, 0.38130349, 0.46783689, 0.18181093, 0.21200483, 0.63189822, 0.83459824, 0.52434397, 0.18665369)
(0.54955578, 0.49663746, 0.83104408, 0.24503461, 0.27670133, 0.49908003, 0.38093853, 0.58762157, 0.87947166, 0.47770301)
(0.79923475, 0.27658021, 0.61576980, 0.54420489, 0.13326064, 0.09769400, 0.43088439, 0.55826551, 0.56677121, 0.18940996)
(0.91600460, 0.49410895, 0.46117210, 0.52438307, 0.51533306, 0.13684948, 0.78040582, 0.68727732, 0.21058953, 0.49086007)
(0.74857217, 0.55950409, 0.62408394, 0.78419501, 0.82795596, 0.24287958, 0.85675186, 0.78379697, 0.53227389, 0.37716323)
(0.81153297, 0.44297677, 0.09091398, 0.13830808, 0.10189031, 0.85669315, 0.41836888, 0.62541473, 0.42415839, 0.43639722)
(0.88247091, 0.55686319, 0.29149470, 0.30236968, 0.50518090, 0.45054784, 0.81309628, 0.76425534, 0.32199866, 0.55724293)
(0.85734409, 0.60065204, 0.48101261, 0.13008572, 0.15861246, 0.51110590, 0.38411382, 0.55654824, 0.43571597, 0.65734416)
(0.82620960, 0.41615772, 0.55637807, 0.26821855, 0.41231582, 0.31665513, 0.70979685, 0.66755068, 0.53383207, 0.51131666)
(0.66471779, 0.55984604, 0.78349680, 0.35784033, 0.33671948, 0.30696258, 0.40367779, 0.54718447, 0.66164863, 0.53663635)
(0.72584850, 0.59542400, 0.45092469, 0.21786012, 0.21775891, 0.54335636, 0.44640124, 0.66885775, 0.53437054, 0.52256274)
(0.78185141, 0.22245559, 0.27998552, 0.45062995, 0.04630712, 0.22177681, 0.38780057, 0.67759210, 0.59174991, 0.09427620)
(0.74690497, 0.26053965, 0.18276978, 0.75272161, 0.09424877, 0.24942869, 0.63044888, 0.90166122, 0.70265102, 0.02937978)
(0.55519575, 0.62578231, 0.63630205, 0.58236009, 0.74918008, 0.63630188, 0.25618169, 0.14132766, 0.27659246, 0.85835797)
(0.54238445, 0.88244921, 0.32347110, 0.63443053, 0.70742697, 0.83669400, 0.43716353, 0.63325715, 0.27113217, 0.72243965)
(0.82446319, 0.14387257, 0.19997765, 0.37007466, 0.20634073, 0.42799017, 0.75822008, 0.74010575, 0.62560242, 0.16324921)
(0.68801862, 0.46537036, 0.65371907, 0.61780679, 0.68876582, 0.32130662, 0.87496060, 0.90003628, 0.83270115, 0.21091647)
(0.52153820, 0.80877811, 0.72649974, 0.61496902, 0.75835943, 0.60031778, 0.26266211, 0.27187976, 0.33550179, 0.84573209)
(0.59501183, 0.57337040, 0.70379388, 0.53349900, 0.49980754, 0.33799461, 0.62591881, 0.76471508, 0.73161572, 0.36075750)
(0.77908915, 0.60748339, 0.47763273, 0.20277619, 0.30536145, 0.53733462, 0.61335093, 0.76526523, 0.59759641, 0.51536107)
(0.84421152, 0.16825144, 0.36900449, 0.61774439, 0.48191702, 0.19023237, 0.87282866, 0.77595907, 0.58495843, 0.16967876)
(0.87420005, 0.44540349, 0.39390352, 0.15815459, 0.64537066, 0.76723456, 0.61694139, 0.22000374, 0.26434174, 0.89961994)
(0.87281013, 0.16160290, 0.23001741, 0.14957711, 0.12446080, 0.51866585, 0.59513974, 0.53639388, 0.53984696, 0.35957596)
(0.85652500, 0.40675241, 0.06905511, 0.70901865, 0.32729235, 0.50374967, 0.64696532, 0.59294528, 0.11319382, 0.31892714)
(0.89390022, 0.46813074, 0.05138813, 0.38174957, 0.02645498, 0.51703322, 0.27035141, 0.68777645, 0.17743483, 0.15845613)
(0.89248925, 0.88112074, 0.40025866, 0.66185802, 0.14447020, 0.14936846, 0.28013429, 0.76706493, 0.13010833, 0.39212832)
(0.58536315, 0.39244267, 0.66838533, 0.41046271, 0.66252971, 0.59204346, 0.47620779, 0.25435415, 0.55008912, 0.74587697)
(0.66497201, 0.73905039, 0.53762770, 0.87327528, 0.71024835, 0.26859239, 0.45743611, 0.52323455, 0.22342245, 0.51702160)
(0.62427390, 0.50854415, 0.70943177, 0.68144351, 0.81689036, 0.36316568, 0.55877763, 0.33360651, 0.41053417, 0.70158112)
(0.64466977, 0.13869788, 0.21527039, 0.74725026, 0.49629915, 0.46347171, 0.73178804, 0.55619395, 0.53621435, 0.17731872)
(0.54036283, 0.32643050, 0.68362874, 0.50982291, 0.54392689, 0.43881539, 0.62514180, 0.57299578, 0.77686167, 0.38841903)
(0.70552361, 0.36580852, 0.42685995, 0.24156618, 0.37486073, 0.64115608, 0.45827499, 0.32786268, 0.46808064, 0.68227512)
(0.78398126, 0.29435310, 0.83184612, 0.58513778, 0.52861100, 0.11350583, 0.79601371, 0.76108909, 0.82388639, 0.23346280)
(0.47882873, 0.54261339, 0.75550687, 0.83208209, 0.94060236, 0.57663375, 0.63630420, 0.38894293, 0.56460661, 0.66019404)
(0.76365852, 0.49385521, 0.46980295, 0.69038439, 0.60621089, 0.23370101, 0.83172846, 0.84786189, 0.54021996, 0.24229632)
(0.79266948, 0.38558251, 0.14159416, 0.79930693, 0.61062777, 0.41691539, 0.73407936, 0.56637865, 0.15289049, 0.35617477)
(0.63598990, 0.45666394, 0.43044436, 0.61404496, 0.22431861, 0.32276669, 0.56694657, 0.83223003, 0.69854563, 0.13989915)
(0.74817365, 0.59028274, 0.59969544, 0.17206337, 0.27045003, 0.56687254, 0.57308000, 0.78262025, 0.75817293, 0.47224644)
(0.75074601, 0.36214179, 0.72250235, 0.69277501, 0.52535981, 0.11485932, 0.64061004, 0.56928152, 0.51800168, 0.34781489)
(0.81896996, 0.25402129, 0.49653691, 0.12530410, 0.16350821, 0.57653159, 0.32492971, 0.22424826, 0.52573329, 0.68148881)
(0.72956288, 0.29758203, 0.13897376, 0.57984054, 0.04732269, 0.36847359, 0.32626215, 0.72850466, 0.48647857, 0.07918663)
(0.81274378, 0.76399636, 0.76748580, 0.33988258, 0.72930080, 0.47135803, 0.38085970, 0.20886138, 0.22508287, 0.92450452)
(0.91576308, 0.29767612, 0.42933333, 0.18003520, 0.49873838, 0.42024374, 0.72800159, 0.36175758, 0.30329660, 0.75311542)
(0.77204901, 0.68074882, 0.23573810, 0.89813751, 0.55748588, 0.24752776, 0.63791025, 0.75297749, 0.17354862, 0.24183512)
(0.63488233, 0.79322231, 0.39501953, 0.40572846, 0.40677696, 0.70364177, 0.35380369, 0.55875629, 0.31374505, 0.69011962)
(0.72145385, 0.25345719, 0.10094674, 0.34112695, 0.41015562, 0.85340416, 0.83831483, 0.86392623, 0.72168249, 0.18633316)
(0.68011093, 0.49580410, 0.91154712, 0.29766172, 0.34871086, 0.28298724, 0.28934628, 0.32187885, 0.75263238, 0.67519760)
(0.74141413, 0.75628126, 0.68826777, 0.17907552, 0.41460702, 0.57756078, 0.47756907, 0.63863337, 0.58435124, 0.74105448)
(0.94030505, 0.57946759, 0.26043195, 0.35435647, 0.25255594, 0.20422745, 0.74433881, 0.81526238, 0.21700910, 0.38777712)
(0.60529673, 0.67345911, 0.34841600, 0.78078043, 0.63381493, 0.48731276, 0.42272708, 0.42926437, 0.19015859, 0.59723175)
(0.72312999, 0.37671268, 0.25110206, 0.89112103, 0.16992034, 0.11895887, 0.55414593, 0.85206872, 0.49275303, 0.03969676)
(0.68403381, 0.15052083, 0.19571999, 0.39079332, 0.26960123, 0.67745101, 0.70667773, 0.69833171, 0.72673321, 0.18025331)
(0.82764226, 0.39679778, 0.65733480, 0.16894111, 0.48993739, 0.41944253, 0.65705901, 0.46932983, 0.54609543, 0.72124904)
(0.83712929, 0.10450079, 0.27064019, 0.58499348, 0.54260367, 0.31896967, 0.91960478, 0.80342966, 0.68460953, 0.13749771)
(0.76432157, 0.53658092, 0.25523195, 0.12920994, 0.56911492, 0.93947965, 0.47170290, 0.25866106, 0.38467306, 0.88724822)
(0.66560912, 0.61288887, 0.56398517, 0.41161591, 0.71241134, 0.59736049, 0.53984755, 0.35327297, 0.33713695, 0.80790311)
(0.46726891, 0.68248081, 0.26205170, 0.37528563, 0.50231212, 0.93085527, 0.24793351, 0.31192669, 0.39135855, 0.75826108)
(0.78719926, 0.34728748, 0.42030203, 0.38605377, 0.25389591, 0.35667315, 0.36538455, 0.28109220, 0.28277117, 0.57915586)
(0.80437344, 0.50456089, 0.55454308, 0.16928951, 0.50477695, 0.55007046, 0.63656712, 0.49157411, 0.46986663, 0.76306611)
(0.51199526, 0.52220041, 0.71406174, 0.92448658, 0.53369325, 0.14324461, 0.45949414, 0.68976527, 0.65368420, 0.14186165)
(0.72847700, 0.10390116, 0.45819467, 0.60721231, 0.32488874, 0.25456020, 0.68582743, 0.51882333, 0.70227218, 0.17439818)
(0.45479125, 0.83601201, 0.86461055, 0.22397147, 0.48855314, 0.80361813, 0.19102810, 0.39655381, 0.76694131, 0.84141010)
(0.93823487, 0.48796713, 0.34662500, 0.26668924, 0.30362299, 0.20546950, 0.76604372, 0.74345160, 0.25957170, 0.48775253)
(0.76183569, 0.36678529, 0.76932383, 0.54699498, 0.34597456, 0.13356152, 0.52653861, 0.54765511, 0.61310178, 0.36010909)
(0.89287055, 0.29212946, 0.39565122, 0.32553396, 0.28145516, 0.21584676, 0.75753069, 0.72675091, 0.46579331, 0.32386285)
(0.73579776, 0.78735054, 0.63347620, 0.45907438, 0.49296466, 0.36729732, 0.54971790, 0.73604107, 0.44381097, 0.58286679)
(0.60876882, 0.77271944, 0.74654639, 0.43703964, 0.67686301, 0.50034863, 0.43893698, 0.44746125, 0.43526590, 0.80240995)
(0.66047812, 0.24499980, 0.23772733, 0.88831496, 0.21289603, 0.18505521, 0.56926006, 0.77814066, 0.56079137, 0.04375383)
(0.74336898, 0.59806985, 0.65111905, 0.06598353, 0.16715765, 0.79378426, 0.19671762, 0.31162453, 0.67990679, 0.81534457)
(0.72627884, 0.36795679, 0.21806869, 0.65465915, 0.28151813, 0.35189641, 0.63624436, 0.74021906, 0.41450033, 0.18536964)
(0.50729805, 0.47476095, 0.60508144, 0.77420735, 0.64052874, 0.35884213, 0.65766388, 0.72493744, 0.69295090, 0.25779644)
(0.71743912, 0.64843839, 0.57222724, 0.32044286, 0.44289780, 0.53688616, 0.36128753, 0.35003152, 0.33068839, 0.78038520)
(0.83499736, 0.71301103, 0.33778974, 0.57587528, 0.58995134, 0.45318100, 0.55516446, 0.46197781, 0.11619652, 0.74317658)
(0.77291673, 0.19032179, 0.36357304, 0.56752491, 0.77243197, 0.47171229, 0.82086629, 0.40046746, 0.40517128, 0.54404932)
(0.46718830, 0.31626731, 0.47274083, 0.91653502, 0.45569587, 0.22624241, 0.45936704, 0.59744960, 0.60025644, 0.10988840)
(0.45142302, 0.25066492, 0.33370495, 0.20231064, 0.26145491, 0.88287669, 0.49416563, 0.66082180, 0.88667530, 0.30746403)
(0.75604498, 0.41698387, 0.50008941, 0.35916823, 0.68631542, 0.49168429, 0.74331295, 0.51470304, 0.44164282, 0.66532004)
(0.32638177, 0.31849799, 0.33026925, 0.87095714, 0.64480650, 0.63261014, 0.26596227, 0.19338085, 0.36931348, 0.42262316)
(0.81338251, 0.37084535, 0.18861409, 0.54024339, 0.31488478, 0.35486847, 0.72936934, 0.76021999, 0.35192248, 0.24590094)
(0.58763266, 0.24737500, 0.29008660, 0.66298431, 0.39395031, 0.53306639, 0.66543049, 0.69661748, 0.67132896, 0.17001255)
(0.71918684, 0.36526102, 0.81558466, 0.52112848, 0.59443533, 0.19562593, 0.75026053, 0.69327110, 0.78316230, 0.36689237)
(0.67257804, 0.31767243, 0.44829580, 0.39548817, 0.41231856, 0.42261454, 0.64433432, 0.59276563, 0.57129639, 0.41165113)
(0.61157316, 0.17373203, 0.60804123, 0.62039769, 0.60512811, 0.37603968, 0.68834144, 0.44744876, 0.71779633, 0.34232852)
(0.42236197, 0.53816831, 0.37032899, 0.89637780, 0.62089914, 0.41367114, 0.41861990, 0.52913868, 0.38403350, 0.28924993)
(0.67358881, 0.49499279, 0.57654130, 0.75748932, 0.80253762, 0.32002324, 0.80615276, 0.70920688, 0.52998757, 0.39269218)
(0.75318187, 0.80355006, 0.38363013, 0.76631945, 0.25675663, 0.24873748, 0.69866884, 0.96834815, 0.64824390, 0.08046185)
(0.79014105, 0.55153430, 0.18639557, 0.33463952, 0.11631615, 0.54397774, 0.45007753, 0.78218114, 0.42074239, 0.25932327)
(0.72382188, 0.33053139, 0.72807515, 0.49111673, 0.15894185, 0.15053828, 0.52776128, 0.75889099, 0.83231437, 0.14408356)
(0.79627651, 0.72089362, 0.34812409, 0.73766595, 0.18442816, 0.16684385, 0.52742535, 0.88704199, 0.39404789, 0.13955207)
(0.45171717, 0.45136580, 0.49590623, 0.80315125, 0.54886091, 0.40992561, 0.55123228, 0.68372291, 0.64961690, 0.21798734)
(0.89712626, 0.32642889, 0.05843592, 0.64549464, 0.03527854, 0.27155560, 0.42949721, 0.79666162, 0.22588105, 0.06006648)
(0.85003209, 0.40043497, 0.10792913, 0.52382350, 0.12037198, 0.43634588, 0.43925399, 0.58110964, 0.17761962, 0.26947188)
(0.68837738, 0.26902553, 0.60061800, 0.33774555, 0.39228410, 0.37463006, 0.59523702, 0.49026692, 0.65065140, 0.46403554)
(0.80059975, 0.48483011, 0.41126743, 0.36192009, 0.28280357, 0.35602820, 0.72481257, 0.86060923, 0.63264608, 0.25503495)
(0.67872816, 0.24763495, 0.19193232, 0.73194784, 0.13898933, 0.35631308, 0.61310488, 0.85362768, 0.69663209, 0.04861464)
(0.73568290, 0.17600079, 0.32786202, 0.87376171, 0.40955400, 0.16213864, 0.82131785, 0.82943165, 0.66869444, 0.04977943)
(0.61589104, 0.93370247, 0.18584703, 0.34654906, 0.46595892, 0.95482779, 0.28545818, 0.64224499, 0.25716230, 0.80762523)
(0.68818432, 0.50850117, 0.40071562, 0.65079099, 0.77394402, 0.48448300, 0.87543344, 0.85259008, 0.61410373, 0.31195247)
(0.75441587, 0.59509212, 0.11404549, 0.95508349, 0.73979145, 0.38479757, 0.66800267, 0.62092727, 0.09086706, 0.25676936)
(0.72756648, 0.63132495, 0.85326362, 0.68060428, 0.40723777, 0.09874101, 0.33525139, 0.49273011, 0.46919680, 0.48536971)
(0.61403823, 0.21563055, 0.44053224, 0.87076873, 0.34828267, 0.16385354, 0.49734461, 0.54604316, 0.53808719, 0.11409964)
(0.45899770, 0.73105645, 0.27616024, 0.32387498, 0.39788935, 0.86884159, 0.48664626, 0.80358303, 0.66149610, 0.44617170)
(0.50263613, 0.52086502, 0.69522321, 0.40282461, 0.36418253, 0.49082881, 0.36315581, 0.48635137, 0.68524122, 0.52822775)
(0.50980717, 0.58172023, 0.48014542, 0.64521617, 0.67468607, 0.72927827, 0.17217886, 0.10314304, 0.21761428, 0.82941329)
(0.83940995, 0.42823705, 0.43579343, 0.36127901, 0.51852351, 0.44936764, 0.53695703, 0.27308208, 0.21274361, 0.76529860)
(0.58016944, 0.68112195, 0.55803806, 0.13376340, 0.38693014, 0.79808521, 0.62544703, 0.86282295, 0.85547525, 0.49755716)
(0.75410569, 0.63887298, 0.41454637, 0.48749447, 0.43293640, 0.59416771, 0.17180532, 0.14075518, 0.12445269, 0.83686978)
(0.76343185, 0.32112768, 0.05829809, 0.34947258, 0.24155274, 0.87547225, 0.51915509, 0.51151431, 0.32877648, 0.39735562)
(0.78499818, 0.39897579, 0.62197733, 0.39847660, 0.54675120, 0.25494337, 0.70507854, 0.56644088, 0.47853863, 0.55078340)
(0.76196367, 0.17707616, 0.36232463, 0.14431199, 0.23687997, 0.66558158, 0.55566728, 0.42309883, 0.67919278, 0.49710575)
(0.83529848, 0.50050747, 0.48776415, 0.51104712, 0.10327311, 0.11102144, 0.31649509, 0.58021343, 0.32061327, 0.27264246)
(0.74655867, 0.73376942, 0.63807410, 0.34147555, 0.63418871, 0.54046696, 0.49960229, 0.42337328, 0.33496016, 0.82834923)
(0.73416507, 0.75276923, 0.83468705, 0.31341428, 0.47880796, 0.35648853, 0.32183522, 0.38287377, 0.45263767, 0.81070423)
(0.49737787, 0.61263001, 0.31376460, 0.48664683, 0.59957451, 0.86248976, 0.28201732, 0.24083893, 0.29624200, 0.77082026)
(0.87524974, 0.78330314, 0.78876323, 0.43473497, 0.53496122, 0.17828682, 0.38799891, 0.37304389, 0.19398837, 0.82633841)
(0.85259497, 0.65127069, 0.25745621, 0.53688413, 0.07081131, 0.18264949, 0.40910405, 0.85973132, 0.35203922, 0.13699074)
(0.49135840, 0.73233634, 0.69124073, 0.52164513, 0.46011576, 0.48097071, 0.27532929, 0.46436197, 0.49925730, 0.63933825)
(0.67465711, 0.52012432, 0.29203334, 0.59871554, 0.58141237, 0.71893346, 0.25544578, 0.12958807, 0.13054906, 0.80041325)
(0.74949706, 0.65510952, 0.49813059, 0.39116213, 0.47065160, 0.38480350, 0.67117941, 0.75773364, 0.45710012, 0.51416081)
(0.44333595, 0.43727407, 0.63375521, 0.61889142, 0.60974139, 0.48372278, 0.55783695, 0.56157732, 0.69266957, 0.42589957)
(0.88681686, 0.20926897, 0.32121867, 0.26271766, 0.13330586, 0.24116777, 0.68407959, 0.73005605, 0.55888665, 0.21736988)
(0.71170247, 0.13498855, 0.34544387, 0.57370234, 0.24687168, 0.30778757, 0.64067400, 0.57364684, 0.64709365, 0.16219164)
(0.78458005, 0.37564510, 0.22802824, 0.52260917, 0.10012811, 0.30464351, 0.57892293, 0.87367427, 0.60126382, 0.08771031)
(0.82248688, 0.26522040, 0.14545494, 0.78155798, 0.09190112, 0.17464662, 0.35190299, 0.52300555, 0.18849891, 0.11453292)
(0.62704784, 0.36006066, 0.40634516, 0.59511274, 0.35016179, 0.36785483, 0.58812630, 0.67135340, 0.57087386, 0.25365379)
(0.80200225, 0.61205298, 0.63877374, 0.50219774, 0.51878399, 0.21500272, 0.63392186, 0.64602119, 0.37904882, 0.54957652)
(0.52756894, 0.76062644, 0.70404482, 0.41314706, 0.56019843, 0.53619814, 0.45260158, 0.62049508, 0.58227241, 0.66520882)
(0.67462856, 0.44303706, 0.49307823, 0.73463196, 0.81341422, 0.38124213, 0.72794563, 0.49887839, 0.35193038, 0.53960156)
(0.57582486, 0.23486507, 0.24042334, 0.37909979, 0.25905359, 0.75982302, 0.64290208, 0.77823186, 0.81300235, 0.16995057)
(0.68393928, 0.55156642, 0.52359408, 0.31999284, 0.34926656, 0.71234328, 0.13007019, 0.11461150, 0.28198731, 0.84140164)
(0.47876564, 0.63052142, 0.86314565, 0.38754562, 0.35657069, 0.46779007, 0.30090067, 0.53396672, 0.83196235, 0.53503698)
(0.86737204, 0.17629096, 0.36806941, 0.39562532, 0.26891619, 0.20596632, 0.78903848, 0.73395485, 0.57798409, 0.20854680)
(0.87109596, 0.52532315, 0.15263921, 0.58446985, 0.19487026, 0.26944572, 0.62829322, 0.79089385, 0.21558706, 0.22150628)
(0.80993354, 0.52389753, 0.13906410, 0.37552500, 0.03270853, 0.42614180, 0.26850107, 0.79417539, 0.40251362, 0.13380936)
(0.76019758, 0.86578506, 0.86519659, 0.39139137, 0.45140320, 0.23461509, 0.50496489, 0.82191545, 0.64863980, 0.57561809)
(0.69101989, 0.64163285, 0.61480057, 0.55137694, 0.45431674, 0.29336616, 0.49698135, 0.60524446, 0.41304383, 0.51836592)
(0.50189513, 0.73064321, 0.52216893, 0.66052747, 0.83673835, 0.72073644, 0.45198333, 0.34955603, 0.31161526, 0.79496711)
(0.71585286, 0.61654055, 0.48787189, 0.60485464, 0.37221777, 0.29491204, 0.38666552, 0.50671047, 0.27134892, 0.51116914)
(0.56913716, 0.36892131, 0.77995878, 0.54699451, 0.61547303, 0.33541048, 0.51233518, 0.36813462, 0.65233803, 0.57023239)
(0.88240987, 0.63419002, 0.66536552, 0.39645091, 0.25546238, 0.14938450, 0.37575120, 0.47700527, 0.25650889, 0.61414689)
(0.76516843, 0.25627843, 0.39853334, 0.53388077, 0.07165691, 0.15175001, 0.41922200, 0.67323786, 0.61302567, 0.10266513)
(0.70281357, 0.45272723, 0.68717468, 0.61462694, 0.86710441, 0.37310055, 0.83466804, 0.59740531, 0.57379937, 0.59997517)
(0.68426460, 0.24837399, 0.16754170, 0.87915444, 0.20086755, 0.23093551, 0.63467598, 0.83094430, 0.55357629, 0.03695411)
(0.58833337, 0.51368672, 0.30565137, 0.96126974, 0.23356158, 0.13196306, 0.45071188, 0.87724787, 0.57103205, 0.02746196)
(0.78617394, 0.21427742, 0.37389854, 0.47765023, 0.32635993, 0.27519751, 0.64924753, 0.51343673, 0.44496271, 0.33491859)
(0.63078856, 0.54870403, 0.56116712, 0.46439826, 0.45030308, 0.46123976, 0.63449013, 0.77057850, 0.68922037, 0.35772917)
(0.89675426, 0.52947897, 0.23260489, 0.22534055, 0.20440094, 0.41371000, 0.78835648, 0.90471208, 0.50879860, 0.26793852)
(0.80763596, 0.57257801, 0.82171667, 0.36904082, 0.42346692, 0.15977596, 0.74984467, 0.86172080, 0.79667926, 0.33331123)
(0.83438998, 0.35682908, 0.46002474, 0.32823682, 0.62389231, 0.50323886, 0.63287473, 0.26481432, 0.28338423, 0.78122985)
(0.76002371, 0.09494360, 0.22186361, 0.72150743, 0.71441877, 0.52815360, 0.68639344, 0.16443726, 0.26396057, 0.50365156)
(0.35345048, 0.78261679, 0.58270949, 0.48146316, 0.23760225, 0.66080558, 0.24701673, 0.78120977, 0.75844145, 0.33905333)
(0.42758217, 0.58962893, 0.57284129, 0.51338458, 0.39424101, 0.55457824, 0.42772833, 0.68074310, 0.69840813, 0.38769385)
(0.62468094, 0.64169979, 0.51151979, 0.22123939, 0.62735128, 0.89382207, 0.29193747, 0.17550883, 0.42830819, 0.90346640)
(0.59222132, 0.59639454, 0.69717479, 0.65419447, 0.59195977, 0.30727670, 0.44133720, 0.47114718, 0.45424286, 0.56516802)
(0.66665792, 0.33384919, 0.05278198, 0.51899427, 0.10665721, 0.79190767, 0.37849483, 0.65375638, 0.39290449, 0.15929228)
(0.92941749, 0.83867049, 0.34955490, 0.31984109, 0.08384020, 0.17925689, 0.41169506, 0.86766583, 0.23135389, 0.34988332)
(0.78002000, 0.40440062, 0.67743504, 0.22191595, 0.60060805, 0.41566801, 0.73318684, 0.55406624, 0.61122704, 0.67162532)
(0.85021174, 0.64002752, 0.72495472, 0.08902747, 0.33469266, 0.53877705, 0.44578272, 0.46011698, 0.54662770, 0.82738650)
(0.85642838, 0.30678403, 0.21203090, 0.46495038, 0.06670807, 0.22128327, 0.47110036, 0.72486997, 0.39734057, 0.12950626)
(0.83099163, 0.23299654, 0.31334117, 0.50469899, 0.20829384, 0.25600839, 0.53049034, 0.45741192, 0.32701147, 0.31048924)
(0.83758199, 0.28657377, 0.14697039, 0.29138288, 0.06795647, 0.48175594, 0.45222938, 0.67796469, 0.43023258, 0.19902004)
(0.52928108, 0.67262340, 0.69448268, 0.37173608, 0.50287533, 0.54403400, 0.58448434, 0.78623325, 0.78033882, 0.46045694)
(0.78596961, 0.27045801, 0.78195977, 0.52293450, 0.36919305, 0.12710235, 0.62571067, 0.57660037, 0.70227259, 0.31196564)
(0.46314347, 0.73046672, 0.66970903, 0.48818228, 0.64661503, 0.57927686, 0.58428341, 0.75346237, 0.69568735, 0.53666776)
(0.53276950, 0.18798782, 0.52735156, 0.75382084, 0.65589511, 0.41541511, 0.66395313, 0.46536738, 0.67982733, 0.28027236)
(0.91218221, 0.41782182, 0.33237416, 0.26707935, 0.14299086, 0.19888586, 0.70735657, 0.84131241, 0.46766040, 0.24060360)
(0.77518409, 0.63330084, 0.47995493, 0.67404824, 0.10438849, 0.10850362, 0.28255352, 0.72138727, 0.36762679, 0.17893933)
(0.57398939, 0.42225721, 0.79649621, 0.34639364, 0.63977683, 0.50864464, 0.53181475, 0.35930312, 0.70586830, 0.71247172)
(0.48187038, 0.70158905, 0.55981869, 0.36347514, 0.34417477, 0.61618185, 0.35553378, 0.64221483, 0.60589904, 0.53995442)
(0.42805254, 0.56633788, 0.47153005, 0.38809359, 0.15111960, 0.62636685, 0.22047876, 0.59903610, 0.69602424, 0.34448126)
(0.91136974, 0.76158828, 0.18364304, 0.35018998, 0.03038416, 0.33879235, 0.10896523, 0.52928609, 0.11507552, 0.40809962)
(0.83579183, 0.83475763, 0.18647142, 0.74673235, 0.04684037, 0.17814045, 0.27604333, 0.92012364, 0.29417586, 0.07775839)
(0.83107686, 0.75808817, 0.65633321, 0.38732356, 0.48860005, 0.38206869, 0.26213712, 0.23665842, 0.16189253, 0.87073636)
(0.84829116, 0.28729540, 0.39149669, 0.34420234, 0.37928149, 0.31860510, 0.65563303, 0.45442691, 0.33737558, 0.53292167)
(0.69616830, 0.46081951, 0.25179443, 0.71634573, 0.55287260, 0.41964555, 0.61353105, 0.52170509, 0.21880668, 0.43795013)
(0.62007403, 0.85004365, 0.63563061, 0.57441550, 0.86713457, 0.66730976, 0.58175421, 0.50307912, 0.32913032, 0.84481478)
(0.95176476, 0.43635657, 0.27829710, 0.08164584, 0.19226666, 0.44649792, 0.77930796, 0.78600967, 0.41909420, 0.53875828)
(0.43129694, 0.39845270, 0.21440932, 0.64226842, 0.57489592, 0.84122366, 0.34004191, 0.25125673, 0.33137125, 0.56931418)
(0.72965389, 0.39248130, 0.73882937, 0.55363792, 0.77283436, 0.26246002, 0.77200687, 0.52478772, 0.57339364, 0.58210713)
(0.77136004, 0.59235764, 0.57064342, 0.80457926, 0.23580749, 0.07383374, 0.44248399, 0.74421251, 0.38545346, 0.17039609)
(0.63268906, 0.58063972, 0.59778869, 0.58455008, 0.58500183, 0.43421257, 0.27802607, 0.20317890, 0.25255385, 0.76254570)
(0.77191252, 0.67995024, 0.58646512, 0.25116423, 0.40927047, 0.48077977, 0.76321638, 0.90555024, 0.76757246, 0.37532529)
(0.90647644, 0.73622227, 0.30163112, 0.43874592, 0.12261593, 0.15993443, 0.62292469, 0.92368734, 0.35341215, 0.18301585)
(0.57174987, 0.30939016, 0.39633861, 0.65385205, 0.78652400, 0.65107107, 0.64890474, 0.34950152, 0.43357286, 0.58110732)
(0.77616900, 0.26189297, 0.55969006, 0.43068966, 0.18311255, 0.19033262, 0.61280334, 0.72549009, 0.72419375, 0.17684366)
(0.84252620, 0.57279670, 0.87220740, 0.44988635, 0.27110478, 0.07490023, 0.40008703, 0.53445554, 0.52770531, 0.49287602)
(0.61640245, 0.53809643, 0.81185400, 0.18526700, 0.25595024, 0.65974683, 0.12518395, 0.14987399, 0.66222775, 0.82004255)
(0.79523152, 0.39763936, 0.66067636, 0.33198076, 0.43903324, 0.24432136, 0.68200201, 0.63479042, 0.57801729, 0.48847777)
(0.79122674, 0.12811747, 0.38117701, 0.24057075, 0.10719565, 0.38404545, 0.57209808, 0.62834179, 0.76420826, 0.18526354)
(0.71322852, 0.10818562, 0.45684531, 0.51343620, 0.23881321, 0.32380950, 0.68562061, 0.64471745, 0.81762999, 0.12782258)
(0.67817944, 0.46718740, 0.49107748, 0.93556029, 0.62508357, 0.13691515, 0.65402925, 0.73911035, 0.43025696, 0.13369733)
(0.71402180, 0.43932894, 0.81024826, 0.32676122, 0.56752092, 0.35890919, 0.42580950, 0.24303712, 0.51530772, 0.79012477)
(0.41847509, 0.68795484, 0.89583808, 0.26387629, 0.40391988, 0.72077417, 0.11449893, 0.19074741, 0.78143340, 0.83095330)
(0.68950045, 0.53351152, 0.61849958, 0.46405151, 0.48465151, 0.31146163, 0.64492577, 0.70366859, 0.57450646, 0.44114876)
(0.68154216, 0.69693387, 0.43216103, 0.41209149, 0.74309397, 0.74220312, 0.57910466, 0.41847795, 0.28579390, 0.82297885)
(0.65043885, 0.77400118, 0.43471634, 0.67696482, 0.49506167, 0.50670904, 0.19803661, 0.27399576, 0.14512122, 0.74763882)
(0.91628945, 0.33727366, 0.52040237, 0.23959176, 0.68482453, 0.42564490, 0.71371293, 0.22721113, 0.22128625, 0.85725439)
(0.44023198, 0.49662942, 0.61989152, 0.65174741, 0.59323895, 0.48755839, 0.58774143, 0.69099587, 0.74255693, 0.34345472)
(0.61562264, 0.66732502, 0.19040290, 0.94293678, 0.79748261, 0.48028556, 0.68644398, 0.72989911, 0.22750683, 0.24459662)
(0.64399743, 0.39988551, 0.60622287, 0.42984274, 0.37105316, 0.36713710, 0.58988976, 0.67048287, 0.69899100, 0.35384819)
(0.41761062, 0.65097702, 0.64317316, 0.57445967, 0.40471548, 0.52687603, 0.38934001, 0.69267642, 0.72131795, 0.37470654)
(0.79484832, 0.28040579, 0.56609488, 0.51301783, 0.51833582, 0.21788432, 0.75699359, 0.62549281, 0.54090703, 0.37232557)
(0.68755472, 0.28831699, 0.21691176, 0.88120002, 0.34606037, 0.23644269, 0.74869651, 0.85687691, 0.56563270, 0.05042662)
(0.74531710, 0.22456270, 0.65822411, 0.71344757, 0.45757365, 0.13069482, 0.71044731, 0.63582575, 0.66596520, 0.19966552)
(0.83660883, 0.58549541, 0.59049833, 0.58923095, 0.60780221, 0.20217402, 0.65195328, 0.55401647, 0.24390213, 0.60210264)
(0.90161556, 0.39925075, 0.26836881, 0.22511877, 0.24053185, 0.66517615, 0.24834876, 0.12017623, 0.12992375, 0.82743084)
(0.55601263, 0.55613035, 0.60963386, 0.82543236, 0.27670673, 0.16304438, 0.34769690, 0.68667758, 0.57784259, 0.16600089)
(0.57300967, 0.19493765, 0.27641952, 0.30326849, 0.35931727, 0.79400229, 0.66751766, 0.66294765, 0.80556262, 0.27858385)
(0.70169067, 0.23642290, 0.33702043, 0.22918171, 0.21539333, 0.60117280, 0.56988335, 0.59703356, 0.68412107, 0.35125482)
(0.81260496, 0.61196190, 0.31202504, 0.62062132, 0.60944200, 0.32711262, 0.82687271, 0.83782226, 0.34602258, 0.35122061)
(0.58289379, 0.46184251, 0.82834047, 0.29921734, 0.27644250, 0.45956373, 0.24036159, 0.30687562, 0.75086820, 0.62143207)
(0.84855986, 0.71751398, 0.55674881, 0.70617163, 0.15112601, 0.07431880, 0.37465093, 0.78454632, 0.31108150, 0.21518852)
(0.86848509, 0.32495585, 0.45130733, 0.24333714, 0.47937018, 0.37390086, 0.73225594, 0.50075305, 0.39122263, 0.62918985)
(0.79426962, 0.57827628, 0.31361172, 0.52091753, 0.07029867, 0.22077845, 0.20622911, 0.58016104, 0.26752630, 0.26547030)
(0.50100046, 0.37095943, 0.60169774, 0.73336369, 0.86825198, 0.60143304, 0.70121670, 0.46258208, 0.60459942, 0.52127123)
(0.74883312, 0.56977654, 0.56807542, 0.62250811, 0.31182170, 0.17062849, 0.65716404, 0.85770464, 0.60808629, 0.19399068)
(0.54717594, 0.23357056, 0.67064697, 0.51576316, 0.73255658, 0.59060282, 0.76265669, 0.56611145, 0.83899552, 0.41434032)
(0.91996318, 0.17873903, 0.29192367, 0.32778004, 0.41030496, 0.26220971, 0.81605428, 0.52485365, 0.31814602, 0.45706436)
(0.92676544, 0.68986583, 0.40760583, 0.35346580, 0.09105483, 0.12200671, 0.46122956, 0.82299107, 0.28438887, 0.28829503)
(0.80724943, 0.15864184, 0.17819846, 0.69656861, 0.17953289, 0.23417386, 0.60803533, 0.59378129, 0.35841596, 0.12242283)
(0.70285052, 0.53906000, 0.66294754, 0.10037333, 0.25315583, 0.68896455, 0.35116491, 0.45311478, 0.71147531, 0.73265773)
(0.42720276, 0.75208682, 0.90731233, 0.59479147, 0.78553814, 0.44920284, 0.54803574, 0.62619209, 0.81793553, 0.63606191)
(0.57963157, 0.37097549, 0.79114306, 0.19122840, 0.18410322, 0.55076343, 0.29272568, 0.42230353, 0.86674666, 0.49761632)
(0.65253836, 0.58248425, 0.39354801, 0.84453946, 0.15032683, 0.12933858, 0.23051225, 0.62176675, 0.33095995, 0.14065199)
(0.57455271, 0.60977346, 0.80390143, 0.36754924, 0.74550462, 0.52670050, 0.71756786, 0.69324833, 0.79009962, 0.62927657)
(0.68987662, 0.39080250, 0.73568761, 0.52719533, 0.67378074, 0.26311561, 0.69977438, 0.52141410, 0.59236979, 0.54223442)
(0.71612352, 0.34429398, 0.23025422, 0.85511196, 0.10718028, 0.14677675, 0.54901713, 0.88653314, 0.62346303, 0.02759969)
(0.89398593, 0.65692258, 0.27952248, 0.67785275, 0.73438591, 0.36191359, 0.73378307, 0.48578629, 0.07054188, 0.73458010)
(0.62204546, 0.35303295, 0.25530457, 0.91006422, 0.87419808, 0.46613944, 0.80125004, 0.58637637, 0.31819555, 0.29014996)
(0.93231827, 0.56667387, 0.45112199, 0.34631479, 0.48548701, 0.38406888, 0.38127923, 0.14026727, 0.06807720, 0.89694160)
(0.72385424, 0.39969811, 0.65132332, 0.22970882, 0.46081844, 0.53665924, 0.43639228, 0.25829110, 0.50699210, 0.78076130)
(0.42028677, 0.74836534, 0.28544557, 0.49844015, 0.58922434, 0.86278337, 0.56319606, 0.78948843, 0.59121180, 0.47272676)
(0.59836388, 0.26573586, 0.29842904, 0.68034250, 0.80134916, 0.70998657, 0.66705310, 0.31628960, 0.38098720, 0.57280785)
(0.82087237, 0.67522877, 0.66726744, 0.72906440, 0.63031226, 0.14349589, 0.61027914, 0.60050398, 0.25302258, 0.54959249)
(0.85156149, 0.50859290, 0.64369130, 0.28306749, 0.33922550, 0.23368713, 0.51866704, 0.49356100, 0.37759289, 0.63447267)
(0.51793468, 0.63615751, 0.81368220, 0.23524998, 0.17680992, 0.60137695, 0.16926369, 0.44739950, 0.81588548, 0.57772720)
(0.91992688, 0.30400097, 0.39778653, 0.07671340, 0.02364989, 0.32169744, 0.44179085, 0.81924671, 0.74943554, 0.18786331)
(0.84754372, 0.64336479, 0.56414801, 0.46831593, 0.12069670, 0.11042377, 0.41618672, 0.78494114, 0.42451680, 0.25201881)
(0.62307823, 0.26666781, 0.61561257, 0.73051888, 0.77127755, 0.37399283, 0.87424862, 0.78959703, 0.82062721, 0.20707062)
(0.68151689, 0.82355201, 0.83200127, 0.20351222, 0.52272469, 0.61790681, 0.27424160, 0.34800595, 0.51196432, 0.89046174)
(0.50100034, 0.68553615, 0.50020713, 0.56661153, 0.79634827, 0.72873300, 0.57291692, 0.50809526, 0.43738744, 0.71495545)
(0.81169593, 0.43063343, 0.72252768, 0.44614559, 0.40485844, 0.14992586, 0.60353047, 0.58436376, 0.50840795, 0.46608183)
(0.46813065, 0.54073781, 0.78771037, 0.42968658, 0.46230441, 0.68786442, 0.09268415, 0.08570248, 0.53632736, 0.83636403)
(0.81448710, 0.60415852, 0.57673913, 0.44722593, 0.77406561, 0.53298229, 0.42876986, 0.13876529, 0.14072695, 0.91100305)
(0.49565494, 0.46631119, 0.36207247, 0.93787980, 0.32851392, 0.20644836, 0.41254193, 0.76007879, 0.55639935, 0.06557743)
(0.79796797, 0.61648458, 0.69775617, 0.32943529, 0.39410046, 0.24324512, 0.58727407, 0.68669879, 0.51799309, 0.54578650)
(0.76479739, 0.31610492, 0.20848265, 0.78898096, 0.07218730, 0.14432618, 0.53100902, 0.87810165, 0.60364020, 0.02961386)
(0.84503120, 0.15374514, 0.38434622, 0.26907277, 0.47627982, 0.49609017, 0.66372502, 0.23496045, 0.39534625, 0.66512918)
(0.89234000, 0.56171203, 0.21475026, 0.58602977, 0.38505080, 0.21556902, 0.82994008, 0.88653427, 0.28238285, 0.23115921)
(0.56852120, 0.26052576, 0.38514861, 0.94191551, 0.38542214, 0.17347652, 0.65250057, 0.82116687, 0.71769136, 0.03445387)
(0.84074759, 0.45078966, 0.34598401, 0.49675921, 0.46728319, 0.26397043, 0.80116451, 0.78829736, 0.38664865, 0.34318471)
(0.72798437, 0.22437871, 0.43968484, 0.76572794, 0.47922066, 0.20663135, 0.82211739, 0.79808396, 0.68958223, 0.11173581)
(0.69122756, 0.59416044, 0.20098263, 0.87652069, 0.53449523, 0.41046762, 0.82193679, 0.93182278, 0.54965758, 0.07763851)
(0.70077890, 0.33490828, 0.31364647, 0.67473012, 0.31584525, 0.32278034, 0.71771431, 0.82982051, 0.63319445, 0.12141369)
(0.81234872, 0.17411423, 0.54605347, 0.59218526, 0.22304115, 0.11220520, 0.69411522, 0.69751644, 0.68804926, 0.12352435)
(0.67309457, 0.51810974, 0.49976242, 0.45631751, 0.28502122, 0.34550846, 0.46801651, 0.64000499, 0.49904174, 0.39175269)
(0.85262960, 0.31506169, 0.20455886, 0.54691499, 0.30211976, 0.28427619, 0.72533464, 0.69869739, 0.30217674, 0.26064610)
(0.30947727, 0.64788026, 0.75680465, 0.44150168, 0.44620597, 0.74217224, 0.30335507, 0.57179672, 0.85401410, 0.50418997)
(0.37530422, 0.55755514, 0.55712748, 0.52554488, 0.30079317, 0.64736605, 0.39757144, 0.76721615, 0.83082950, 0.24771538)
(0.31111494, 0.76395059, 0.57867497, 0.38583043, 0.07161026, 0.79196811, 0.03432606, 0.33775458, 0.73003465, 0.46353984)
(0.81704170, 0.61075407, 0.60253870, 0.25991833, 0.27101517, 0.32058144, 0.47790754, 0.62176490, 0.45218000, 0.57486057)
(0.82270074, 0.35562202, 0.15626545, 0.61245233, 0.12206265, 0.30563852, 0.42059883, 0.57194340, 0.21206805, 0.21369205)
(0.52814400, 0.36631486, 0.64199048, 0.59727502, 0.62174052, 0.46768507, 0.73505831, 0.74031067, 0.82488346, 0.28044438)
(0.54366815, 0.72239965, 0.63105845, 0.48147389, 0.49081469, 0.52307993, 0.29005802, 0.41011792, 0.40533543, 0.71002227)
(0.58389193, 0.25559419, 0.53495467, 0.16792051, 0.31122532, 0.72053486, 0.59309995, 0.63168263, 0.87024188, 0.40456700)
(0.76187170, 0.59300244, 0.73875493, 0.38700217, 0.15990224, 0.23457323, 0.14078030, 0.26796970, 0.36514211, 0.63207024)
(0.87308657, 0.15601066, 0.09617881, 0.90199095, 0.80822527, 0.39484334, 0.81494564, 0.29301268, 0.07698181, 0.40484619)
(0.83749521, 0.53042829, 0.37237984, 0.25264359, 0.34609979, 0.46489736, 0.68047792, 0.72052890, 0.43440774, 0.52056253)
(0.75360984, 0.32382634, 0.59214121, 0.31790167, 0.56088871, 0.41821921, 0.62033421, 0.35151762, 0.46815661, 0.68403995)
(0.65258443, 0.31267673, 0.58774650, 0.38275552, 0.59806085, 0.46767971, 0.68562466, 0.50392717, 0.62635946, 0.54826331)
(0.81525588, 0.42961803, 0.52290809, 0.10526320, 0.27687874, 0.59331328, 0.51451486, 0.47419918, 0.56318420, 0.70572346)
(0.84588623, 0.50196338, 0.34447667, 0.26032358, 0.49053371, 0.66658664, 0.50578219, 0.26969710, 0.20616390, 0.83196837)
(0.72561091, 0.58898342, 0.81391072, 0.20642662, 0.24692345, 0.35462144, 0.30998221, 0.46837953, 0.66348130, 0.65357679)
(0.88373280, 0.25696778, 0.16349089, 0.45257401, 0.14165826, 0.34962931, 0.49944901, 0.43581048, 0.19200221, 0.34012711)
(0.76031548, 0.33070478, 0.30290520, 0.63459814, 0.05088465, 0.13816367, 0.30179518, 0.67169380, 0.46965885, 0.08570302)
(0.78033584, 0.18183938, 0.55983639, 0.49270770, 0.53333032, 0.24581419, 0.80900723, 0.63772523, 0.67024732, 0.30185884)
(0.45382890, 0.37224245, 0.62063855, 0.67182571, 0.74002701, 0.55726606, 0.59976560, 0.47542661, 0.66633123, 0.47259605)
(0.69691777, 0.30613822, 0.42145613, 0.21699297, 0.33612674, 0.60786140, 0.67606699, 0.69410998, 0.73029739, 0.40226156)
(0.56950396, 0.76721168, 0.41156572, 0.26317769, 0.29916114, 0.77656513, 0.37307289, 0.72258341, 0.59180135, 0.56401086)
(0.48702261, 0.71736026, 0.73011947, 0.60672498, 0.49426010, 0.39648890, 0.31771043, 0.52673060, 0.54581237, 0.56550181)
(0.85906041, 0.56379950, 0.52974808, 0.26048079, 0.41492105, 0.32670009, 0.71074301, 0.72491032, 0.45024121, 0.56039572)
(0.48053285, 0.71149725, 0.79289931, 0.51802778, 0.43834057, 0.41167498, 0.39484802, 0.67519295, 0.74186325, 0.47293293)
(0.71896887, 0.31442264, 0.24522954, 0.27983215, 0.43755910, 0.71112812, 0.68324095, 0.58049798, 0.51820582, 0.49677911)
(0.55234987, 0.57377487, 0.47472569, 0.39014187, 0.47976294, 0.71338385, 0.29498574, 0.28372407, 0.38687313, 0.74264091)
(0.57050818, 0.62097025, 0.61813080, 0.89327842, 0.89924771, 0.39198774, 0.59847665, 0.43629730, 0.35008314, 0.57684088)
(0.71795994, 0.13638726, 0.18628755, 0.48457244, 0.30342796, 0.61508590, 0.79539442, 0.79411018, 0.76802373, 0.11600113)
(0.84957188, 0.15239100, 0.04278260, 0.24930945, 0.24574322, 0.87201500, 0.76441377, 0.67300045, 0.48644382, 0.26307124)
(0.59886658, 0.33769390, 0.28241068, 0.53027266, 0.65914708, 0.68997633, 0.74017513, 0.60743117, 0.53254938, 0.43582854)
(0.46094617, 0.61691022, 0.69865954, 0.63563013, 0.65320557, 0.46562651, 0.59688646, 0.71145916, 0.72649050, 0.42855826)
(0.69413286, 0.30058745, 0.09876937, 0.36487255, 0.15246852, 0.76233721, 0.52673447, 0.71437579, 0.52472854, 0.20315154)
(0.84581077, 0.74547756, 0.50858766, 0.40437874, 0.77585745, 0.43640599, 0.84476316, 0.77323472, 0.35841906, 0.69776154)
(0.61278361, 0.19387758, 0.19585451, 0.86649185, 0.25829867, 0.31403196, 0.63161278, 0.76600605, 0.62662268, 0.04817180)
(0.72842139, 0.43664744, 0.78509754, 0.42261913, 0.60879892, 0.25315130, 0.77305168, 0.74303615, 0.76911908, 0.42930734)
(0.52397573, 0.65591782, 0.75031394, 0.85434097, 0.94043756, 0.50397640, 0.61288512, 0.40044352, 0.46304691, 0.69987655)
(0.77235705, 0.79007298, 0.36793381, 0.82710296, 0.22755507, 0.17239583, 0.49769586, 0.90135556, 0.39023837, 0.12916543)
(0.82097727, 0.39782718, 0.56489432, 0.07869505, 0.34855124, 0.63680142, 0.65129906, 0.58190000, 0.69146645, 0.69216484)
(0.67724532, 0.71728545, 0.66205192, 0.51315540, 0.72267401, 0.41670454, 0.65749151, 0.62040293, 0.44477755, 0.68269002)
(0.76425904, 0.25165445, 0.63902462, 0.44142735, 0.41740373, 0.23699716, 0.67976004, 0.57875377, 0.65139598, 0.36209133)
(0.73622966, 0.45926830, 0.58020663, 0.23221146, 0.19183381, 0.43426371, 0.41865966, 0.59949094, 0.64270836, 0.46086177)
(0.41137612, 0.68114078, 0.31356782, 0.49445611, 0.47264248, 0.81996953, 0.62992018, 0.89974433, 0.78481191, 0.24725254)
(0.84127814, 0.23516423, 0.42880520, 0.52231520, 0.44196719, 0.19532318, 0.76428586, 0.61698246, 0.43237931, 0.33160299)
(0.87205803, 0.45020923, 0.64469945, 0.59780043, 0.19964214, 0.06896924, 0.37384078, 0.47989002, 0.27783671, 0.36200312)
(0.65989721, 0.41171026, 0.43884444, 0.28493699, 0.68260401, 0.73168731, 0.70109421, 0.50066119, 0.55034781, 0.68917173)
(0.70463628, 0.61450583, 0.64118928, 0.35261083, 0.49411336, 0.41297558, 0.49832982, 0.49728563, 0.43932539, 0.68492621)
(0.58830482, 0.52404392, 0.36029217, 0.78475165, 0.75576156, 0.49743575, 0.57304019, 0.41424030, 0.24490856, 0.56946534)
(0.71245903, 0.65544420, 0.47556236, 0.90238160, 0.36157700, 0.12636165, 0.57609630, 0.87671626, 0.49610066, 0.09711046)
(0.59473324, 0.30668384, 0.32019669, 0.65595645, 0.66284138, 0.56461847, 0.75701714, 0.63203752, 0.55175793, 0.33156604)
(0.74266869, 0.21930836, 0.65956676, 0.05866996, 0.30218837, 0.75030440, 0.56923515, 0.43998787, 0.87416083, 0.65760601)
(0.53661764, 0.61364597, 0.63159567, 0.34793434, 0.32063317, 0.55180919, 0.52388149, 0.81499135, 0.81833589, 0.33277601)
(0.54629517, 0.49779284, 0.86022431, 0.65680921, 0.87518489, 0.43558991, 0.55310529, 0.29357272, 0.62957519, 0.75390524)
(0.76214302, 0.15812261, 0.47425312, 0.24005540, 0.35884243, 0.49597600, 0.76500744, 0.66207498, 0.79816204, 0.31303599)
(0.80700952, 0.40763897, 0.23860779, 0.48876521, 0.59073067, 0.54540044, 0.71331787, 0.46473283, 0.21909505, 0.61995989)
(0.93542135, 0.66792011, 0.23481794, 0.15789695, 0.08211827, 0.34197536, 0.63190210, 0.90802509, 0.41160953, 0.28517339)
(0.86185932, 0.84162623, 0.60620290, 0.54855543, 0.27425760, 0.20112383, 0.24463415, 0.50674897, 0.15215714, 0.66563058)
(0.83697009, 0.48245478, 0.55304205, 0.24606460, 0.25804865, 0.38988137, 0.31360856, 0.26021519, 0.28600192, 0.74290180)
(0.67615539, 0.41348290, 0.64846122, 0.45694235, 0.44407788, 0.29121116, 0.55568624, 0.53020674, 0.55437696, 0.48672387)
(0.61022544, 0.67601329, 0.57585347, 0.66718203, 0.84741288, 0.54775739, 0.63510984, 0.47447169, 0.35313335, 0.72577685)
(0.79770058, 0.46788117, 0.75923139, 0.62639171, 0.59820461, 0.11341499, 0.81804717, 0.82182759, 0.67859304, 0.28347394)
(0.83921325, 0.52202839, 0.53113979, 0.64630884, 0.29146111, 0.10191610, 0.58675498, 0.72544914, 0.34936073, 0.27416441)
(0.75079328, 0.47841287, 0.38954765, 0.32886422, 0.61581886, 0.57068521, 0.85025972, 0.83644640, 0.64541847, 0.41660854)
(0.62157500, 0.61974937, 0.46344087, 0.19047655, 0.49268544, 0.76675999, 0.65464145, 0.76630187, 0.71369433, 0.58517396)
(0.70129514, 0.33730263, 0.50293881, 0.40268824, 0.61298203, 0.47602350, 0.68915647, 0.47577220, 0.50114340, 0.58292353)
(0.63591975, 0.83832914, 0.48179191, 0.22840105, 0.30875742, 0.73278219, 0.38831791, 0.75734544, 0.54843086, 0.64492643)
(0.74378163, 0.46581537, 0.54602045, 0.56741518, 0.71742696, 0.32779288, 0.72956169, 0.53501189, 0.36445120, 0.58850873)
(0.71218103, 0.48494166, 0.35141641, 0.68816596, 0.06826100, 0.14589460, 0.32189554, 0.78518414, 0.53551000, 0.08134250)
(0.87992138, 0.76407576, 0.48784590, 0.56095880, 0.79966176, 0.43923926, 0.59002811, 0.31328452, 0.07779002, 0.89173478)
(0.59353679, 0.40233842, 0.73935592, 0.80057240, 0.79215670, 0.23749112, 0.73231763, 0.60891348, 0.65192032, 0.35711873)
(0.57568973, 0.69746363, 0.77501434, 0.20842579, 0.67386574, 0.79006749, 0.37129340, 0.28581879, 0.62907189, 0.89335549)
(0.85240585, 0.59829479, 0.41728273, 0.63994795, 0.21543469, 0.13667440, 0.41928601, 0.62746137, 0.20221101, 0.35010827)
(0.64690465, 0.51684892, 0.36959261, 0.79788512, 0.85230100, 0.51050657, 0.71815032, 0.49183011, 0.27158538, 0.56332093)
(0.91121382, 0.31437248, 0.18133463, 0.33990461, 0.05242075, 0.21834058, 0.50046229, 0.74535483, 0.34367079, 0.15425783)
(0.65522856, 0.64780980, 0.79170680, 0.38884747, 0.37382507, 0.51006562, 0.08794516, 0.09785035, 0.35227743, 0.86368680)
(0.73898208, 0.49629697, 0.79431206, 0.13400297, 0.40032136, 0.58863109, 0.34313968, 0.25425404, 0.64245802, 0.84082353)
(0.69879121, 0.42507806, 0.61770672, 0.47885922, 0.80256313, 0.48335654, 0.73079032, 0.41755554, 0.47066453, 0.71520650)
(0.56891984, 0.34860647, 0.48235705, 0.58718473, 0.30657512, 0.35229191, 0.44810998, 0.53492659, 0.57072771, 0.29858890)
(0.68249023, 0.67043746, 0.72003466, 0.32774913, 0.47196469, 0.52504790, 0.24122137, 0.23143500, 0.36989018, 0.83669412)
(0.51958811, 0.71272022, 0.76282603, 0.37880862, 0.60453010, 0.53140026, 0.51109731, 0.61836487, 0.67333955, 0.66460437)
(0.53198415, 0.41727585, 0.49742129, 0.25808299, 0.29667205, 0.65595096, 0.45997599, 0.60490239, 0.73464495, 0.45192054)
(0.50348568, 0.67136526, 0.88212657, 0.38160741, 0.53356820, 0.46997404, 0.57428968, 0.79715794, 0.91223884, 0.43962979)
(0.54515845, 0.09183687, 0.55361825, 0.27189597, 0.14917147, 0.70997179, 0.37685835, 0.35484844, 0.92072254, 0.23367643)
(0.84023309, 0.45716453, 0.26529995, 0.19041571, 0.31405982, 0.58908868, 0.77755266, 0.82500273, 0.56942403, 0.40114838)
(0.49739626, 0.83738351, 0.53757769, 0.15441336, 0.74492329, 0.95198941, 0.51717383, 0.63230956, 0.71793491, 0.85805392)
(0.44986069, 0.55417532, 0.51894486, 0.35684147, 0.39642161, 0.75203180, 0.60270566, 0.85588121, 0.87568837, 0.28298602)
(0.49171957, 0.49843302, 0.76984185, 0.44631612, 0.76111805, 0.60305828, 0.69652182, 0.63778764, 0.81931591, 0.57241988)
(0.94207901, 0.32062411, 0.24502988, 0.24223490, 0.44549805, 0.30253562, 0.90016687, 0.80289435, 0.35083690, 0.42719111)
(0.65159082, 0.34573531, 0.23623499, 0.85090071, 0.75944614, 0.44288483, 0.81804651, 0.70706230, 0.40021843, 0.22478636)
(0.73013276, 0.35061252, 0.20502448, 0.77461147, 0.63818789, 0.44280669, 0.63560414, 0.39567813, 0.16325633, 0.46978608)
(0.36426577, 0.66532451, 0.52001679, 0.39573601, 0.23408857, 0.70193142, 0.26816928, 0.69717091, 0.74991328, 0.37250927)
(0.77072388, 0.62204444, 0.78038371, 0.52993435, 0.69151419, 0.21044165, 0.64260519, 0.53295302, 0.42218086, 0.67924631)
(0.93878353, 0.62055731, 0.29653636, 0.21473737, 0.30393320, 0.31975159, 0.77291191, 0.80967695, 0.26479614, 0.53791130)
(0.70832449, 0.72069436, 0.77808535, 0.69491494, 0.62920082, 0.21324886, 0.42498538, 0.49077436, 0.36979091, 0.63660210)
(0.77522486, 0.30917180, 0.65454721, 0.21457563, 0.18061227, 0.32672742, 0.43532425, 0.49391460, 0.67566413, 0.45345458)
(0.73030275, 0.68267381, 0.73997569, 0.54178846, 0.54964536, 0.25269175, 0.41044635, 0.43355563, 0.34017545, 0.69597697)
(0.52126545, 0.49645582, 0.57765186, 0.73487288, 0.45426229, 0.35252213, 0.58581102, 0.77493113, 0.72716457, 0.19686146)
(0.76074570, 0.62924278, 0.22629629, 0.52396518, 0.49314514, 0.53299600, 0.72014773, 0.77777684, 0.32435000, 0.42113194)
(0.70753258, 0.57697916, 0.42840719, 0.52912581, 0.36609185, 0.34525391, 0.55589253, 0.69709677, 0.41431740, 0.38746372)
(0.79284942, 0.18740295, 0.29881629, 0.19755152, 0.07576999, 0.48459035, 0.37902176, 0.46549648, 0.58953589, 0.30327660)
(0.68503219, 0.54203993, 0.49476454, 0.65856135, 0.81531823, 0.44399139, 0.79136294, 0.63585353, 0.41877690, 0.55213237)
(0.76618379, 0.30750290, 0.44079134, 0.59209943, 0.23043454, 0.15734099, 0.53766602, 0.58993495, 0.42621714, 0.23214807)
(0.84782195, 0.83980155, 0.38340333, 0.56555450, 0.06242115, 0.15157896, 0.40022597, 0.94851834, 0.47949776, 0.10556988)
(0.31095833, 0.85154325, 0.33320034, 0.55430293, 0.24709976, 0.83918786, 0.29856715, 0.90073985, 0.74695605, 0.23541060)
(0.70001644, 0.44591886, 0.46108177, 0.64061654, 0.60704166, 0.31410426, 0.75576866, 0.72068769, 0.48953506, 0.34721056)
(0.94169915, 0.10673864, 0.14146553, 0.12873723, 0.42723584, 0.64547813, 0.88642991, 0.54443061, 0.42917261, 0.53067702)
(0.79848140, 0.20177215, 0.23871800, 0.46892369, 0.42761207, 0.43301639, 0.79859513, 0.68475300, 0.50873238, 0.27556944)
(0.88647318, 0.39363831, 0.81655157, 0.26561993, 0.18567911, 0.09248771, 0.49619663, 0.57966000, 0.61675978, 0.42969540)
(0.83080268, 0.30808452, 0.33967003, 0.46429330, 0.25029472, 0.26847488, 0.56787306, 0.53247803, 0.33705884, 0.35564044)
(0.64191812, 0.44667402, 0.67185533, 0.74618322, 0.74293876, 0.27470177, 0.81259340, 0.78413844, 0.71560514, 0.27617294)
(0.47747341, 0.50694698, 0.65741795, 0.51788449, 0.47161880, 0.44594789, 0.49100193, 0.58766222, 0.68451226, 0.44448024)
(0.56774658, 0.85350323, 0.57073212, 0.46867386, 0.48039922, 0.72054350, 0.11883564, 0.24480522, 0.23579746, 0.85297960)
(0.79060048, 0.60500830, 0.49322343, 0.33675864, 0.58925074, 0.43193021, 0.83401549, 0.84979820, 0.59450328, 0.46223074)
(0.37882510, 0.61746144, 0.76921558, 0.62930721, 0.52809006, 0.52011514, 0.45037031, 0.70802200, 0.84304523, 0.34981406)
(0.79307538, 0.51926488, 0.51356775, 0.23315850, 0.41486707, 0.45464614, 0.60241133, 0.56223345, 0.43929210, 0.66120034)
(0.52673692, 0.23356973, 0.49604434, 0.41333359, 0.21305358, 0.56306744, 0.39723378, 0.47294316, 0.77445018, 0.28263623)
(0.53734291, 0.61775416, 0.67454141, 0.59763616, 0.64437431, 0.40750423, 0.65849423, 0.74087489, 0.68241590, 0.42995000)
(0.91872692, 0.49405882, 0.06602008, 0.49581414, 0.26372084, 0.44439226, 0.84740299, 0.91014546, 0.25492108, 0.17554238)
(0.54774958, 0.42702791, 0.27679819, 0.85630292, 0.45010766, 0.38961074, 0.66303873, 0.82037449, 0.59526807, 0.09896742)
(0.66583872, 0.23766778, 0.79363292, 0.18554640, 0.33634499, 0.50716120, 0.59183317, 0.55520952, 0.90833420, 0.43758735)
(0.83189899, 0.20490642, 0.41901508, 0.31602415, 0.41524804, 0.32533854, 0.78980178, 0.64110661, 0.56887972, 0.37622339)
(0.72808194, 0.47856933, 0.41034791, 0.46425855, 0.17232372, 0.32852566, 0.26136458, 0.40011463, 0.30976543, 0.45314208)
(0.89353228, 0.37980521, 0.37418154, 0.42462945, 0.28025690, 0.15999348, 0.78737736, 0.83252859, 0.44472823, 0.24191166)
(0.65214139, 0.50589675, 0.65830606, 0.30283210, 0.31670034, 0.43339840, 0.42003131, 0.52962077, 0.62175769, 0.55053246)
(0.54152036, 0.43245366, 0.36080840, 0.80748415, 0.71665043, 0.47108603, 0.51947629, 0.36378422, 0.27367616, 0.50486940)
(0.80625403, 0.16563849, 0.15381506, 0.52323592, 0.53677547, 0.54686236, 0.83536994, 0.62030482, 0.42339066, 0.30718488)
(0.55911678, 0.35775691, 0.24302042, 0.55045968, 0.37269139, 0.67810023, 0.66722745, 0.79990143, 0.70323950, 0.18585512)
(0.81666285, 0.56310892, 0.72973889, 0.69079077, 0.26281381, 0.06216225, 0.49728411, 0.71388358, 0.46073300, 0.24871565)
(0.62256449, 0.81136841, 0.70189190, 0.34019217, 0.71005028, 0.59290290, 0.66255033, 0.75771952, 0.61955094, 0.71134603)
(0.47281253, 0.71269614, 0.65004426, 0.33913749, 0.50604677, 0.72065717, 0.29513687, 0.39279270, 0.55403584, 0.76337987)
(0.89174038, 0.24498008, 0.19963050, 0.65667599, 0.21153677, 0.15616289, 0.72367376, 0.72185796, 0.28642273, 0.14720052)
(0.62860388, 0.38203412, 0.20232734, 0.94397444, 0.74201691, 0.35673583, 0.54641664, 0.35683808, 0.13787714, 0.32059953)
(0.72326142, 0.63350797, 0.25814942, 0.41470790, 0.26816610, 0.58807826, 0.65781027, 0.89890033, 0.60404843, 0.22395971)
(0.89824140, 0.34153506, 0.30101603, 0.32619303, 0.09539273, 0.18457082, 0.60431534, 0.78993225, 0.46251547, 0.18237218)
(0.77293509, 0.17071332, 0.35733202, 0.40375337, 0.20529802, 0.30749512, 0.65561998, 0.64920288, 0.64269853, 0.19756168)
(0.74011636, 0.50840920, 0.72249091, 0.34567702, 0.34844548, 0.27254435, 0.57365727, 0.69881290, 0.68150252, 0.43148848)
(0.75647819, 0.24968711, 0.41398028, 0.46141949, 0.34777388, 0.31239447, 0.66526264, 0.60177660, 0.53391147, 0.31648681)
(0.62072325, 0.38332292, 0.50435621, 0.62943780, 0.78756636, 0.55062652, 0.57419610, 0.27069962, 0.35026240, 0.69690382)
(0.69013798, 0.40401885, 0.77564847, 0.23954639, 0.57401472, 0.45114776, 0.60301673, 0.44119295, 0.69485515, 0.70281821)
(0.91275996, 0.54103619, 0.56206948, 0.54064178, 0.42269495, 0.09859605, 0.67381716, 0.63166326, 0.20677069, 0.50474304)
(0.51641756, 0.63735723, 0.52987570, 0.18685086, 0.40729275, 0.78759217, 0.49613318, 0.70628357, 0.76016599, 0.59685087)
(0.53694302, 0.77125734, 0.63955414, 0.49164084, 0.41364166, 0.60352623, 0.12407310, 0.23641957, 0.32176042, 0.78924876)
(0.62518501, 0.84701324, 0.46614799, 0.36067423, 0.36632690, 0.65075207, 0.42617831, 0.77780962, 0.47868708, 0.58403140)
(0.69211197, 0.85075486, 0.48721123, 0.45751795, 0.59398037, 0.59799886, 0.52392274, 0.66111004, 0.33106357, 0.72517961)
(0.44700220, 0.21195771, 0.26795065, 0.76432818, 0.65002966, 0.78699130, 0.27642140, 0.09642388, 0.31059259, 0.58460629)
(0.69210535, 0.49939811, 0.25015804, 0.47289625, 0.34846622, 0.60000420, 0.68095744, 0.82976973, 0.58397019, 0.24766652)
(0.72378337, 0.30550006, 0.52249753, 0.59024984, 0.75748312, 0.35292235, 0.84604466, 0.65953743, 0.57158709, 0.41955683)
(0.38013259, 0.49151537, 0.32495782, 0.55697656, 0.14220184, 0.65931767, 0.27551019, 0.73214740, 0.74771899, 0.16445158)
(0.62347132, 0.45508069, 0.75838876, 0.49343985, 0.38079661, 0.26370281, 0.53580368, 0.65739131, 0.75096309, 0.35169816)
(0.53150368, 0.57856101, 0.69195688, 0.43235943, 0.35340604, 0.44745362, 0.43770626, 0.66575736, 0.73424959, 0.41943341)
(0.37344566, 0.70761120, 0.49444708, 0.39378640, 0.29945344, 0.72708988, 0.33351484, 0.75188017, 0.72895110, 0.40066823)
(0.81925088, 0.50374502, 0.61811244, 0.42785636, 0.29912770, 0.16963890, 0.60277653, 0.71950477, 0.49897525, 0.37097037)
(0.76703465, 0.76284939, 0.54618615, 0.87546551, 0.65208113, 0.17437449, 0.61458284, 0.75117910, 0.27769354, 0.34470719)
(0.45627314, 0.34023136, 0.53139806, 0.48838168, 0.54272443, 0.67197847, 0.67270201, 0.71780151, 0.84423339, 0.29488432)
(0.51685214, 0.38491940, 0.38782191, 0.90017498, 0.35569417, 0.24833423, 0.56845921, 0.81056011, 0.68376637, 0.06293150)
(0.71091467, 0.30823115, 0.46231654, 0.40833893, 0.20259237, 0.32887039, 0.40721053, 0.44848391, 0.48906198, 0.38192686)
(0.67793357, 0.37984842, 0.28942892, 0.44984463, 0.54818112, 0.59374571, 0.71283752, 0.61996019, 0.45959872, 0.46095583)
(0.42015254, 0.66888607, 0.58694375, 0.96341264, 0.86083579, 0.38102636, 0.65987581, 0.81119847, 0.66587776, 0.15501635)
(0.53738987, 0.65205437, 0.62459719, 0.29709142, 0.73107070, 0.75526774, 0.67511797, 0.68907833, 0.71705717, 0.68714172)
(0.32705671, 0.69474268, 0.47352296, 0.41328812, 0.08502494, 0.75366068, 0.06270675, 0.40770623, 0.70081323, 0.38225394)
(0.74264807, 0.58116603, 0.54505700, 0.49349573, 0.32940152, 0.25377029, 0.53810471, 0.70433897, 0.45471117, 0.39389500)
(0.80096132, 0.32328647, 0.34938633, 0.51570398, 0.77006513, 0.48163131, 0.82110596, 0.49275014, 0.32282826, 0.61171860)
(0.59330940, 0.47444496, 0.74680269, 0.17188700, 0.39260331, 0.62025219, 0.43518746, 0.46038324, 0.77358162, 0.68068200)
(0.89362836, 0.42551768, 0.50139886, 0.36095828, 0.36386976, 0.16798587, 0.74775106, 0.72524619, 0.39419606, 0.41660452)
(0.78891158, 0.44435716, 0.73503417, 0.66643763, 0.40223631, 0.09967767, 0.38396662, 0.34857959, 0.30772370, 0.49484718)
(0.77636325, 0.16161430, 0.42307371, 0.73989069, 0.37189975, 0.14537752, 0.64994586, 0.51450461, 0.45471540, 0.19018383)
(0.73863357, 0.15857092, 0.51531893, 0.82513607, 0.45361510, 0.13776731, 0.76492739, 0.70113564, 0.68287230, 0.10022162)
(0.81058562, 0.46722177, 0.71042675, 0.46159890, 0.59981680, 0.20669731, 0.65932667, 0.49610955, 0.41593912, 0.62656116)
(0.69073403, 0.34557262, 0.57381219, 0.27134451, 0.37733102, 0.44153631, 0.66404700, 0.67385632, 0.72889638, 0.42078772)
(0.70538145, 0.50856590, 0.22765757, 0.81281251, 0.54637367, 0.37947381, 0.82964641, 0.89581454, 0.51513135, 0.12154670)
(0.90812564, 0.70092332, 0.22364858, 0.47870412, 0.28485414, 0.22726347, 0.77280456, 0.90480393, 0.25739914, 0.27682149)
(0.72733539, 0.28959149, 0.39622468, 0.70229441, 0.43846413, 0.26991054, 0.82849419, 0.86489248, 0.72377783, 0.10757590)
(0.61829197, 0.65793312, 0.41097450, 0.29604742, 0.30777514, 0.66303813, 0.39992058, 0.61021239, 0.48550642, 0.58746928)
(0.63416821, 0.76692438, 0.39270064, 0.94420296, 0.70049274, 0.25978473, 0.67038935, 0.86346292, 0.39834666, 0.15420111)
(0.83271670, 0.83339971, 0.81587017, 0.39755875, 0.56184196, 0.26598433, 0.32068497, 0.35603786, 0.23759127, 0.86487156)
(0.79623026, 0.34535351, 0.49201432, 0.39393067, 0.47762206, 0.28374159, 0.79804808, 0.75288373, 0.58334297, 0.36111757)
(0.89064950, 0.44190767, 0.26089147, 0.47476867, 0.36713982, 0.25619131, 0.75122416, 0.71613419, 0.24385318, 0.38422206)
(0.46898714, 0.25559741, 0.34752226, 0.67463166, 0.38904330, 0.52995735, 0.50097209, 0.52174574, 0.62417001, 0.24049881)
(0.79347116, 0.29009306, 0.30198821, 0.35848930, 0.26581180, 0.39559457, 0.68514615, 0.70493674, 0.53257459, 0.29128236)
(0.67919111, 0.41614130, 0.56124479, 0.56678224, 0.65812111, 0.40365675, 0.87233162, 0.89264375, 0.82160401, 0.21349035)
(0.83230740, 0.55916929, 0.63800681, 0.61584866, 0.51744479, 0.12829028, 0.82472110, 0.88611597, 0.59873289, 0.24305546)
(0.76992536, 0.34066427, 0.56803554, 0.36832675, 0.36721423, 0.27026734, 0.55773389, 0.45617315, 0.45281017, 0.52247530)
(0.76952249, 0.73150909, 0.71383137, 0.78395629, 0.66499990, 0.17154035, 0.62154281, 0.70727366, 0.39047095, 0.45235223)
(0.45043328, 0.63217252, 0.47961080, 0.34055594, 0.26074335, 0.67492485, 0.35597530, 0.71181005, 0.69560736, 0.40985292)
(0.44031256, 0.48383927, 0.41746837, 0.67178452, 0.47715044, 0.57442749, 0.53973532, 0.71438873, 0.66637248, 0.26541606)
(0.78032255, 0.13666081, 0.44337949, 0.08919117, 0.25338003, 0.70752752, 0.63280851, 0.45484254, 0.80610228, 0.51096720)
(0.58304161, 0.38669553, 0.18572403, 0.46309149, 0.39506710, 0.79220831, 0.74636739, 0.87683272, 0.76005691, 0.16895995)
(0.86300933, 0.45489419, 0.40060976, 0.48462760, 0.40874675, 0.21124576, 0.78976357, 0.80983120, 0.41922683, 0.30919713)
(0.85053629, 0.90525061, 0.43167552, 0.38779095, 0.13531613, 0.30311215, 0.36237603, 0.88430703, 0.31687433, 0.40237203)
(0.72236067, 0.59061110, 0.26318204, 0.61287719, 0.34693006, 0.43131331, 0.44469976, 0.53790790, 0.20588732, 0.46786290)
(0.71589309, 0.42891991, 0.75570011, 0.32237807, 0.37423828, 0.34123433, 0.69814909, 0.81286907, 0.86583698, 0.30561706)
(0.75127721, 0.33236793, 0.65088862, 0.35181236, 0.21828884, 0.26451647, 0.32188469, 0.31226537, 0.47933829, 0.53339261)
(0.87491971, 0.47767282, 0.45742056, 0.65270329, 0.57778841, 0.15370755, 0.79678392, 0.72937423, 0.28431714, 0.38618287)
(0.79749507, 0.28940213, 0.69103783, 0.17112458, 0.49818668, 0.40452737, 0.70309925, 0.49299195, 0.67432106, 0.64120835)
(0.68803114, 0.16753061, 0.26071799, 0.59024626, 0.30837721, 0.40464962, 0.62324536, 0.52048582, 0.51749265, 0.22828351)
(0.72472137, 0.57215577, 0.66474950, 0.17338806, 0.44035974, 0.64697349, 0.37660602, 0.29838192, 0.50896746, 0.83012480)
(0.63282478, 0.77382749, 0.66331369, 0.81398350, 0.91287237, 0.47027197, 0.63117611, 0.47606689, 0.31782192, 0.74431759)
(0.63488662, 0.54510880, 0.85012394, 0.62217408, 0.61356431, 0.20928837, 0.67714816, 0.74348772, 0.79370022, 0.36082190)
(0.66839492, 0.41581970, 0.64563620, 0.44068471, 0.39460653, 0.33180031, 0.49470139, 0.50049418, 0.57026762, 0.48613536)
(0.43933403, 0.69825590, 0.35166213, 0.60318500, 0.60082656, 0.75597972, 0.43771836, 0.56443709, 0.39437211, 0.58779871)
(0.84308720, 0.56980526, 0.33448797, 0.24952951, 0.10932267, 0.35050982, 0.51474762, 0.82841861, 0.50652879, 0.27637073)
(0.68479806, 0.24039228, 0.38420910, 0.51522017, 0.22850150, 0.34614882, 0.57795030, 0.65272999, 0.64457661, 0.19231175)
(0.62218732, 0.56953424, 0.55947214, 0.44160646, 0.59485251, 0.78720886, 0.12043890, 0.05913306, 0.23647118, 0.90585601)
(0.93272358, 0.50204384, 0.56969893, 0.04164065, 0.06649441, 0.39773181, 0.48941588, 0.74712497, 0.67738682, 0.52378690)
(0.84342396, 0.53367281, 0.58853322, 0.25788236, 0.31477502, 0.31558186, 0.44582066, 0.41584194, 0.32862949, 0.69372320)
(0.78296077, 0.18874042, 0.29505703, 0.28579736, 0.03274368, 0.34974539, 0.28698549, 0.56350029, 0.64470071, 0.14172752)
(0.79397869, 0.26224238, 0.23013832, 0.16667277, 0.21378152, 0.67806137, 0.68965846, 0.72401553, 0.66407895, 0.33461353)
(0.93057865, 0.56935680, 0.43412358, 0.17648399, 0.19339037, 0.22371526, 0.72880393, 0.84918702, 0.44391766, 0.40456682)
(0.59778416, 0.45922852, 0.43027607, 0.47927094, 0.41921979, 0.57554984, 0.73625052, 0.87759018, 0.81140828, 0.20255120)
(0.79083127, 0.42084941, 0.51194102, 0.14410976, 0.39991835, 0.82064641, 0.22354248, 0.09008897, 0.37851313, 0.90547174)
(0.81988627, 0.29708701, 0.46046719, 0.75471574, 0.62443721, 0.15477976, 0.90575379, 0.87329727, 0.62181824, 0.13816696)
(0.74111301, 0.12665445, 0.06776345, 0.67032671, 0.08862071, 0.52655065, 0.50388128, 0.66227406, 0.47950992, 0.06302217)
(0.67220855, 0.54881948, 0.38249341, 0.19485706, 0.25565109, 0.67856735, 0.55002463, 0.76848435, 0.66886467, 0.43928650)
(0.68498272, 0.25075242, 0.31491950, 0.19465537, 0.18203183, 0.66125166, 0.53293633, 0.61410230, 0.71227401, 0.34236491)
(0.46224245, 0.40798140, 0.26201379, 0.55016708, 0.33478892, 0.73129100, 0.56879437, 0.78849471, 0.73259676, 0.19116513)
(0.72572428, 0.29600185, 0.03102077, 0.78795791, 0.22605997, 0.75037372, 0.46970725, 0.55342156, 0.19099948, 0.16129403)
(0.57528794, 0.55670649, 0.28384653, 0.66410029, 0.61194658, 0.68481320, 0.35778162, 0.25982457, 0.18897066, 0.69176179)
(0.43750298, 0.69207382, 0.63281381, 0.33277684, 0.61643529, 0.77785158, 0.41660684, 0.49378598, 0.64406204, 0.74109370)
(0.71862322, 0.53225225, 0.72008979, 0.41669911, 0.37234312, 0.26113769, 0.64280766, 0.79492414, 0.74673527, 0.32868469)
(0.61285883, 0.62612736, 0.48297799, 0.24442819, 0.26675069, 0.63009882, 0.42015269, 0.67878562, 0.61562300, 0.51941204)
(0.76067013, 0.86675799, 0.46175003, 0.61893421, 0.31706455, 0.30219644, 0.57620329, 0.91600001, 0.46133468, 0.27750912)
(0.84673947, 0.23807454, 0.19844165, 0.26732084, 0.18495406, 0.48373327, 0.70522410, 0.74010140, 0.53835744, 0.25135237)
(0.80920637, 0.70923913, 0.62105680, 0.73899233, 0.31776747, 0.10483386, 0.67232400, 0.90941018, 0.55926800, 0.16103800)
(0.78105390, 0.19460310, 0.39583999, 0.65501153, 0.20748216, 0.14840689, 0.67362392, 0.72225177, 0.61711627, 0.10367434)
(0.32146278, 0.53391635, 0.31465515, 0.92335904, 0.68128139, 0.54572594, 0.27732286, 0.32061645, 0.30030793, 0.38180619)
(0.64091021, 0.59759396, 0.58918124, 0.33210203, 0.25838530, 0.45259318, 0.48830095, 0.77225816, 0.70851868, 0.36705393)
(0.29228288, 0.58409029, 0.72372413, 0.54352432, 0.50410223, 0.69057572, 0.34866816, 0.58223289, 0.83761251, 0.44365361)
(0.68102640, 0.66253603, 0.55876541, 0.43680865, 0.41579163, 0.61304647, 0.12608530, 0.12964670, 0.20654242, 0.84520578)
(0.37152132, 0.38021925, 0.41160384, 0.91065365, 0.80182821, 0.54822308, 0.47122023, 0.37501734, 0.43109700, 0.34120455)
(0.50766170, 0.45238775, 0.80858231, 0.31932715, 0.46158358, 0.54490834, 0.56466532, 0.67832607, 0.89869821, 0.43558267)
(0.57820934, 0.21256605, 0.15672226, 0.66501337, 0.40092257, 0.66803163, 0.52424359, 0.41347915, 0.40634346, 0.29169160)
(0.78058791, 0.52053988, 0.71500927, 0.42480737, 0.73810774, 0.44357446, 0.38421437, 0.12615316, 0.24501580, 0.89393842)
(0.74635124, 0.59965402, 0.38623342, 0.26967534, 0.46697411, 0.77323496, 0.33306155, 0.23860611, 0.25201488, 0.84203154)
(0.71726650, 0.73770601, 0.41396981, 0.29909495, 0.42454347, 0.68697357, 0.41541260, 0.51599514, 0.31480917, 0.75612253)
(0.36684847, 0.65221691, 0.33754012, 0.74052864, 0.73029715, 0.80453676, 0.31441283, 0.30996704, 0.29893586, 0.67824984)
(0.83162028, 0.58950162, 0.48329604, 0.81084311, 0.68978763, 0.17125979, 0.69195956, 0.59578741, 0.17428885, 0.47141507)
(0.44039303, 0.64404625, 0.82838130, 0.44545636, 0.53701854, 0.52813148, 0.33157721, 0.43828937, 0.72599190, 0.66108257)
(0.61794651, 0.44338122, 0.51049948, 0.09643896, 0.30022189, 0.82301962, 0.52507997, 0.66404289, 0.84389520, 0.57057256)
(0.55329233, 0.68186557, 0.76460052, 0.47011372, 0.77516615, 0.55317134, 0.53331661, 0.42589125, 0.53361702, 0.78758317)
(0.64852893, 0.12554313, 0.46034843, 0.53419167, 0.71780854, 0.58712006, 0.85557663, 0.60103172, 0.79965955, 0.30092576)
(0.86119103, 0.14810726, 0.27928954, 0.35344839, 0.06465121, 0.21437421, 0.47033346, 0.52546954, 0.47009489, 0.16942258)
(0.90262228, 0.61293250, 0.38456205, 0.20969410, 0.40189430, 0.52801400, 0.54420495, 0.41172391, 0.19308262, 0.81783956)
(0.51743281, 0.41983256, 0.41851303, 0.49755463, 0.43799958, 0.60980785, 0.65093130, 0.77669334, 0.75094497, 0.26979616)
(0.73931098, 0.53539157, 0.57608849, 0.79483849, 0.69407326, 0.19627731, 0.66125697, 0.58911860, 0.32497296, 0.42787266)
(0.60520113, 0.43007267, 0.58665079, 0.27614057, 0.49148920, 0.59440672, 0.71264082, 0.76612157, 0.81036526, 0.42509508)
(0.44197670, 0.49903068, 0.65272230, 0.84815025, 0.86668360, 0.50220883, 0.43985593, 0.26558208, 0.43046185, 0.63418686)
(0.72242785, 0.20908327, 0.34266633, 0.70142430, 0.51603454, 0.33772004, 0.84752512, 0.80967182, 0.69398874, 0.12930049)
(0.62691677, 0.84927511, 0.67579573, 0.62375176, 0.64315945, 0.43142936, 0.48466188, 0.67027843, 0.42269453, 0.64179671)
(0.34876788, 0.68435007, 0.88585466, 0.30339238, 0.44663283, 0.72909135, 0.16916879, 0.30109009, 0.83295125, 0.76215786)
(0.89471120, 0.20413123, 0.39067096, 0.14034711, 0.16492704, 0.32921320, 0.69909775, 0.66191816, 0.60583895, 0.36229795)
(0.52979320, 0.25537372, 0.44439811, 0.15773796, 0.03623613, 0.77978212, 0.11654144, 0.35962370, 0.86256927, 0.28738680)
(0.63030440, 0.15454586, 0.26613793, 0.91354990, 0.81642550, 0.40825403, 0.87837833, 0.69662690, 0.59237373, 0.11458099)
(0.50685120, 0.58275884, 0.72005820, 0.47480705, 0.55830055, 0.47239372, 0.56873065, 0.67559016, 0.74316913, 0.48262104)
(0.84600317, 0.51866639, 0.24511902, 0.47408608, 0.33730620, 0.30280271, 0.75421256, 0.82626641, 0.34207717, 0.29616356)
(0.80934519, 0.18295507, 0.39158812, 0.44279417, 0.33050668, 0.26574168, 0.65510237, 0.45062825, 0.43884766, 0.37111467)
(0.60523075, 0.33495238, 0.53189451, 0.36882555, 0.38327965, 0.50403392, 0.66653371, 0.72168308, 0.78803033, 0.31415057)
(0.70022440, 0.74145401, 0.58171183, 0.36690360, 0.64804071, 0.53257883, 0.81702381, 0.90115756, 0.72163373, 0.44699830)
(0.68872476, 0.26271877, 0.45439029, 0.39854521, 0.41873619, 0.41035181, 0.69417739, 0.62484342, 0.63338560, 0.35743403)
(0.65541142, 0.25381407, 0.46580270, 0.45202014, 0.19102001, 0.41424841, 0.56397951, 0.73520523, 0.80253547, 0.15816206)
(0.88780361, 0.32335088, 0.36573252, 0.23924764, 0.02798863, 0.19027045, 0.26148319, 0.58907157, 0.45655221, 0.21046104)
(0.52297765, 0.47720093, 0.50944579, 0.71380115, 0.83554518, 0.61645937, 0.65781444, 0.48374671, 0.48115245, 0.56432158)
(0.29360372, 0.74043626, 0.76158035, 0.56265372, 0.54203194, 0.68778765, 0.35842240, 0.71462482, 0.84853923, 0.44777232)
(0.56800300, 0.74183095, 0.87913823, 0.28622711, 0.37421966, 0.44634092, 0.30741709, 0.57319111, 0.77993315, 0.65572155)
(0.73626190, 0.54929084, 0.60126400, 0.25408053, 0.37751910, 0.65141708, 0.19559783, 0.14484292, 0.32493338, 0.85460383)
(0.81841290, 0.84002501, 0.76556236, 0.33836281, 0.60518187, 0.36656418, 0.47062004, 0.50677234, 0.30065337, 0.84760845)
(0.39828190, 0.77020657, 0.67540216, 0.39536983, 0.59851050, 0.74985510, 0.35920423, 0.53191322, 0.63719934, 0.72369874)
(0.75420052, 0.15025710, 0.53527790, 0.51406127, 0.41639227, 0.28386000, 0.83423382, 0.78676367, 0.84159964, 0.14117059)
(0.46125269, 0.26974380, 0.46074322, 0.72256941, 0.49711919, 0.51530474, 0.66725433, 0.71167320, 0.80734020, 0.16151151)
(0.58979881, 0.58659559, 0.54110211, 0.77350199, 0.76266766, 0.40609226, 0.49474546, 0.38227329, 0.30004835, 0.62201226)
(0.72003883, 0.23192708, 0.21051387, 0.60775906, 0.08936576, 0.35721126, 0.56384665, 0.85213691, 0.72871190, 0.05249061)
(0.77471447, 0.50645268, 0.31415612, 0.63968885, 0.11387510, 0.16247678, 0.49142447, 0.83106631, 0.46832785, 0.10966463)
(0.70415694, 0.32553345, 0.30234209, 0.29987195, 0.57417160, 0.88967586, 0.28760692, 0.07977307, 0.29970399, 0.86412925)
(0.79058921, 0.66428792, 0.69760501, 0.58162355, 0.57304096, 0.19385026, 0.63934374, 0.67499030, 0.40307137, 0.53923374)
(0.45433664, 0.60392040, 0.37211573, 0.58954847, 0.80814695, 0.82576555, 0.71735984, 0.69938385, 0.61447138, 0.53140765)
(0.25382325, 0.86152017, 0.48815659, 0.48650268, 0.19517002, 0.89960116, 0.02696194, 0.21542691, 0.52344865, 0.68585968)
(0.73778486, 0.57714158, 0.67452955, 0.23867041, 0.36557668, 0.46336439, 0.41433135, 0.45198402, 0.51892990, 0.70507640)
(0.70612735, 0.57187915, 0.60677916, 0.27555081, 0.31360546, 0.44103298, 0.51172000, 0.67760694, 0.62502098, 0.50546408)
(0.82551026, 0.19287826, 0.61266267, 0.15297554, 0.35975718, 0.38108423, 0.72860849, 0.54804045, 0.72573054, 0.49832809)
(0.69327325, 0.22490996, 0.16818056, 0.60630995, 0.21452661, 0.47332391, 0.49939165, 0.50432938, 0.37104580, 0.22636813)
(0.83947647, 0.12874714, 0.27842727, 0.46273285, 0.45455506, 0.32765618, 0.80750334, 0.52759182, 0.45631796, 0.33487502)
(0.88861686, 0.22644104, 0.08943154, 0.56549793, 0.10697344, 0.37468606, 0.48285189, 0.47843820, 0.15409793, 0.22631139)
(0.92306095, 0.69380093, 0.26526555, 0.28764519, 0.25312379, 0.32777962, 0.67357689, 0.80240220, 0.22298412, 0.50075042)
(0.78976750, 0.39682400, 0.12145522, 0.73508424, 0.52584070, 0.47376928, 0.77122873, 0.70036888, 0.22594202, 0.27809158)
(0.83899873, 0.14598030, 0.23357493, 0.16159609, 0.02253956, 0.46585914, 0.29106736, 0.54433656, 0.66714096, 0.15999915)
(0.74225122, 0.21906969, 0.60554457, 0.36873993, 0.35853177, 0.29402977, 0.69738615, 0.63165057, 0.74366206, 0.30787674)
(0.67483068, 0.59725583, 0.80065000, 0.33143929, 0.68540156, 0.49405330, 0.44085863, 0.26056120, 0.48360136, 0.85418409)
(0.54113209, 0.35393968, 0.64238709, 0.47403666, 0.71697605, 0.57420754, 0.69614166, 0.52826786, 0.71981305, 0.54291368)
(0.35181677, 0.32254946, 0.50434184, 0.85907817, 0.76197106, 0.58726656, 0.56413066, 0.52831918, 0.69250441, 0.26225239)
(0.87425703, 0.73427260, 0.29415390, 0.91009325, 0.68977910, 0.18712896, 0.69907653, 0.70885319, 0.09450131, 0.37168968)
(0.91503441, 0.33571273, 0.15765327, 0.36089864, 0.02208057, 0.19814976, 0.30918771, 0.69460982, 0.28930545, 0.12308988)
(0.69532865, 0.44580466, 0.68374920, 0.58684927, 0.77007633, 0.33987114, 0.87005216, 0.83038366, 0.77742726, 0.33735985)
(0.70634288, 0.19081528, 0.57940537, 0.70234442, 0.16217697, 0.12930204, 0.52455664, 0.66874802, 0.76127839, 0.08378416)
(0.27174103, 0.89371574, 0.91627532, 0.49195510, 0.60994285, 0.74507201, 0.12405866, 0.42668447, 0.79951513, 0.79329473)
(0.70138586, 0.67720664, 0.66241932, 0.43272734, 0.13704906, 0.25199142, 0.26287812, 0.67040741, 0.56437778, 0.35768402)
(0.77529895, 0.54725134, 0.61500680, 0.20503753, 0.35626185, 0.42268977, 0.57980376, 0.64454812, 0.58075196, 0.59891558)
(0.66256434, 0.57037753, 0.38032833, 0.66411614, 0.08643315, 0.19633380, 0.31421590, 0.79842466, 0.55536348, 0.10831110)
(0.77384883, 0.16889486, 0.59061480, 0.29813346, 0.26465324, 0.29169312, 0.65541780, 0.57381493, 0.75492615, 0.30229631)
(0.85553533, 0.83133560, 0.65718317, 0.43783811, 0.73013568, 0.41291758, 0.50052094, 0.37368360, 0.14376152, 0.89776468)
(0.55938506, 0.72745419, 0.81489789, 0.24493116, 0.48615420, 0.56203282, 0.47395161, 0.67836207, 0.78526640, 0.65533143)
(0.89942706, 0.75062811, 0.42110294, 0.61317301, 0.36072117, 0.22286257, 0.33622780, 0.37644625, 0.06634673, 0.72765803)
(0.70784968, 0.49376708, 0.49808523, 0.52515614, 0.35085201, 0.33011967, 0.33559823, 0.32554144, 0.27046046, 0.59094483)
(0.68306530, 0.61210531, 0.74292219, 0.30168673, 0.49773604, 0.51350659, 0.27438307, 0.21867602, 0.41308591, 0.84254265)
(0.48546579, 0.51296079, 0.23288825, 0.96878046, 0.50299484, 0.32566395, 0.70943981, 0.93090576, 0.70926356, 0.02339386)
(0.52049839, 0.41913521, 0.41945037, 0.63001508, 0.50476038, 0.50793421, 0.60607827, 0.65779579, 0.60300934, 0.31301472)
(0.56800854, 0.68295109, 0.50532925, 0.72718066, 0.62610149, 0.47203949, 0.72797513, 0.87638116, 0.68825990, 0.24555762)
(0.59207028, 0.57140893, 0.46010301, 0.75722265, 0.15297367, 0.16947441, 0.28648621, 0.69372356, 0.48639005, 0.15309447)
(0.74206054, 0.25111666, 0.71864134, 0.28943700, 0.49213856, 0.42539620, 0.42507100, 0.16320705, 0.51815319, 0.76659805)
(0.42564270, 0.64588034, 0.71448278, 0.48405319, 0.42868248, 0.67962128, 0.09515864, 0.14373729, 0.46990749, 0.79069608)
(0.82405984, 0.52759629, 0.56407189, 0.09351403, 0.22430283, 0.57624352, 0.60679805, 0.75603116, 0.73654425, 0.54271543)
(0.91982824, 0.22248709, 0.09955306, 0.19953027, 0.12140242, 0.51426679, 0.73253012, 0.75900662, 0.40101829, 0.24402744)
(0.58430600, 0.47412091, 0.58818060, 0.18852128, 0.31835809, 0.68974423, 0.61565661, 0.80826694, 0.87450922, 0.37625742)
(0.88270152, 0.43059981, 0.26663718, 0.39178210, 0.04343541, 0.16379522, 0.40963641, 0.79467463, 0.41656792, 0.12583485)
(0.78467184, 0.47552279, 0.17956789, 0.83345151, 0.59573907, 0.32602090, 0.77740300, 0.74327087, 0.22115618, 0.23851481)
(0.67683429, 0.48585334, 0.59501833, 0.72409779, 0.16270685, 0.11613020, 0.24720488, 0.51291710, 0.41632137, 0.23588160)
(0.49983889, 0.66247660, 0.38496226, 0.15996888, 0.09661609, 0.84321320, 0.18991660, 0.67552119, 0.75793874, 0.42701122)
(0.58781445, 0.52341264, 0.88790154, 0.26867664, 0.58360213, 0.55252284, 0.29266557, 0.19191095, 0.70500034, 0.84889412)
(0.88155133, 0.43678173, 0.52070659, 0.63809347, 0.66130012, 0.12979497, 0.86054796, 0.77691734, 0.36484036, 0.37309772)
(0.26900351, 0.74751520, 0.60075557, 0.73459452, 0.76709884, 0.81111795, 0.55801874, 0.83908683, 0.84996110, 0.34015045)
(0.79661375, 0.57533580, 0.67922270, 0.18391259, 0.60418099, 0.49453470, 0.69211644, 0.56546652, 0.54540735, 0.76953703)
(0.48129496, 0.35458732, 0.66852051, 0.66218942, 0.66313756, 0.43299046, 0.56900489, 0.46216908, 0.67107981, 0.44730282)
(0.66871238, 0.15325831, 0.41560271, 0.41753846, 0.20354216, 0.45352545, 0.59592253, 0.63332772, 0.79648465, 0.17259616)
(0.56583101, 0.57934374, 0.34579033, 0.87126786, 0.90476006, 0.62474054, 0.88633317, 0.86289245, 0.61334324, 0.24872941)
(0.80506361, 0.58847505, 0.69587940, 0.24792521, 0.27400675, 0.27973941, 0.48284870, 0.63200724, 0.54967242, 0.55536729)
(0.72632599, 0.33006474, 0.09555975, 0.65906662, 0.10078442, 0.46328858, 0.37071976, 0.63815767, 0.30231038, 0.13183214)
(0.80410510, 0.37448394, 0.37806284, 0.22521889, 0.20904157, 0.46739817, 0.69132370, 0.82184869, 0.69758648, 0.27513817)
(0.59429866, 0.42118865, 0.66595566, 0.19626169, 0.28451976, 0.74522626, 0.17109968, 0.14789428, 0.64083809, 0.79302400)
(0.66750336, 0.57684714, 0.69387871, 0.55688560, 0.77575260, 0.38587487, 0.60645318, 0.41779351, 0.40100211, 0.72829777)
(0.69312847, 0.27506685, 0.32133359, 0.74123472, 0.33972219, 0.26863930, 0.73483312, 0.80128175, 0.62268978, 0.10624187)
(0.83051038, 0.42179158, 0.14301878, 0.52769482, 0.11830892, 0.46363205, 0.24831130, 0.32982704, 0.12838371, 0.41815558)
(0.88946742, 0.89209551, 0.33525604, 0.61584622, 0.08411997, 0.16284393, 0.29427281, 0.87963903, 0.20529938, 0.23679262)
(0.85580158, 0.63156354, 0.41795146, 0.33854297, 0.62339795, 0.48524305, 0.69129163, 0.51271695, 0.21698141, 0.78120404)
(0.56767249, 0.49225199, 0.31307289, 0.40850437, 0.48631179, 0.70377654, 0.69864976, 0.80146509, 0.66915703, 0.33865470)
(0.67208248, 0.72330165, 0.76281542, 0.16498427, 0.66181934, 0.72042012, 0.51229274, 0.45225239, 0.61568362, 0.86838990)
(0.64002329, 0.46662340, 0.49137613, 0.42936131, 0.85707456, 0.75561106, 0.78785235, 0.53157401, 0.55764240, 0.71658379)
(0.63101745, 0.24510166, 0.19956511, 0.29272735, 0.28977948, 0.81404150, 0.68756557, 0.78285503, 0.79074579, 0.21518092)
(0.79053396, 0.35526466, 0.80356932, 0.13647033, 0.46849954, 0.39497307, 0.63864708, 0.48125970, 0.74539667, 0.69513649)
(0.62251598, 0.64528757, 0.52185190, 0.64631677, 0.70655215, 0.46115127, 0.51047766, 0.42601100, 0.28707844, 0.68445730)
(0.41436151, 0.76797450, 0.28607586, 0.28530714, 0.35256603, 0.90450907, 0.50606489, 0.89649254, 0.80037183, 0.34074771)
(0.71235216, 0.75315696, 0.47051206, 0.57004035, 0.58503246, 0.41942373, 0.75062072, 0.87409943, 0.52933681, 0.37450159)
(0.85032213, 0.27172780, 0.51216561, 0.37217906, 0.44178221, 0.21508346, 0.79622751, 0.69172388, 0.53818423, 0.37303320)
(0.87754107, 0.78180593, 0.38444176, 0.52199703, 0.07108098, 0.12700687, 0.35856730, 0.87675047, 0.32155958, 0.18124332)
(0.67348206, 0.42773855, 0.72848040, 0.27241495, 0.51498133, 0.42325160, 0.63627595, 0.58180743, 0.72078097, 0.58000743)
(0.62616974, 0.14750138, 0.52148277, 0.37806079, 0.25399601, 0.50794590, 0.59225243, 0.57683074, 0.85248011, 0.21778542)
(0.52262253, 0.40985948, 0.57591128, 0.68320751, 0.51859045, 0.33943522, 0.44213781, 0.42802155, 0.47726831, 0.43714610)
(0.61642808, 0.14376621, 0.51639664, 0.68171912, 0.56407255, 0.35575414, 0.62623632, 0.35038626, 0.61289501, 0.32919344)
(0.68444413, 0.56371629, 0.70543534, 0.28476149, 0.54328322, 0.43618092, 0.64855313, 0.65688831, 0.66307181, 0.61364877)
(0.72796541, 0.68895417, 0.68978685, 0.61299157, 0.91871011, 0.50476629, 0.71868956, 0.40668386, 0.31609008, 0.84052527)
(0.68669611, 0.24401383, 0.56961495, 0.83422494, 0.53271329, 0.16292684, 0.79757696, 0.78935599, 0.74300677, 0.10089527)
(0.44801718, 0.49333051, 0.68220043, 0.77224678, 0.88971913, 0.63115674, 0.63142657, 0.45614794, 0.63129073, 0.58122504)
(0.87906790, 0.22834516, 0.14183484, 0.14194879, 0.04808306, 0.61876476, 0.32651153, 0.41629949, 0.38191310, 0.37251881)
(0.80446279, 0.72688419, 0.73922545, 0.30298093, 0.47868407, 0.29260719, 0.62623709, 0.73938447, 0.54287922, 0.62071675)
(0.71499836, 0.35861135, 0.44584075, 0.20212975, 0.36785990, 0.68701720, 0.82283866, 0.90696508, 0.89797044, 0.23049456)
(0.71187580, 0.56294674, 0.87474108, 0.24091665, 0.39282095, 0.31273586, 0.39003175, 0.43871859, 0.70454919, 0.69741064)
(0.77964628, 0.12834637, 0.30318424, 0.46596274, 0.58004588, 0.55411410, 0.78149617, 0.42341295, 0.53756118, 0.41438043)
(0.69622678, 0.59190935, 0.59720904, 0.27468470, 0.32549819, 0.54634130, 0.35296923, 0.42751929, 0.49388617, 0.67492068)
(0.71759254, 0.73584199, 0.58398396, 0.33992469, 0.69347739, 0.59832519, 0.57029921, 0.46691665, 0.33724359, 0.83267891)
(0.81359828, 0.52115905, 0.40016282, 0.75397307, 0.13803677, 0.08114426, 0.46753669, 0.79421216, 0.37389275, 0.11127841)
(0.56057411, 0.35524118, 0.47597748, 0.69824898, 0.47591546, 0.36326179, 0.54796278, 0.56561095, 0.54678291, 0.29736021)
(0.67320669, 0.27284893, 0.63769931, 0.29106408, 0.74801433, 0.62894326, 0.78871912, 0.50919151, 0.74562508, 0.63495851)
(0.68518949, 0.67328089, 0.48827639, 0.19861311, 0.43817574, 0.70031708, 0.54322034, 0.64180505, 0.54614586, 0.69979429)
(0.79100662, 0.29398876, 0.12282369, 0.55444556, 0.24232878, 0.51773566, 0.59070545, 0.57303327, 0.27046821, 0.28650731)
(0.85020560, 0.59756577, 0.27469638, 0.25047675, 0.03697144, 0.45284608, 0.12149679, 0.42484930, 0.26430932, 0.43660423)
(0.69914824, 0.55109376, 0.22504744, 0.70079756, 0.08991196, 0.24840832, 0.26196703, 0.67638707, 0.32751679, 0.13881011)
(0.63203686, 0.70577103, 0.73095429, 0.93524241, 0.79545635, 0.16566767, 0.54765028, 0.64094013, 0.42104506, 0.33348224)
(0.66891634, 0.38443834, 0.78134876, 0.30096909, 0.28701958, 0.36365151, 0.25992185, 0.24366833, 0.59486538, 0.66255432)
(0.62548304, 0.58246177, 0.31409350, 0.69553691, 0.68524176, 0.53727049, 0.83237839, 0.88411289, 0.60510230, 0.23532340)
(0.71492273, 0.56100750, 0.75782329, 0.79852772, 0.41944903, 0.09099210, 0.44108582, 0.60743916, 0.46232134, 0.30192551)
(0.84620714, 0.26244003, 0.19629630, 0.24011929, 0.11133689, 0.46489820, 0.53526121, 0.62709934, 0.43908039, 0.29291949)
(0.43892738, 0.55949575, 0.46589857, 0.10215279, 0.04229983, 0.89980477, 0.08443104, 0.49579185, 0.88105893, 0.41877651)
(0.75916350, 0.67274570, 0.39444646, 0.63366830, 0.68805104, 0.58965045, 0.28129482, 0.13471591, 0.08619682, 0.87361747)
(0.78126603, 0.77300638, 0.66309094, 0.41915268, 0.49238282, 0.39891052, 0.25480223, 0.27323017, 0.19593418, 0.84706497)
(0.71550018, 0.47534719, 0.57766801, 0.25204015, 0.29767069, 0.52941912, 0.38694578, 0.41567683, 0.53675693, 0.63672197)
(0.80141050, 0.46708316, 0.55895281, 0.17021565, 0.66732448, 0.74050385, 0.56341958, 0.22905265, 0.40806839, 0.88968068)
(0.72613364, 0.30830255, 0.21604188, 0.89489943, 0.79891747, 0.37313947, 0.69948292, 0.36490491, 0.14111562, 0.42130095)
(0.82022512, 0.80001748, 0.58667344, 0.29178897, 0.70056146, 0.63733202, 0.47967729, 0.31448758, 0.19774894, 0.91832030)
(0.56459630, 0.60825133, 0.77591908, 0.33520481, 0.52889740, 0.47312811, 0.58842415, 0.70513493, 0.79112124, 0.53523290)
(0.81113559, 0.61039746, 0.54943639, 0.23091175, 0.63168865, 0.50925320, 0.80173683, 0.74839830, 0.54588920, 0.66328728)
(0.79977041, 0.56124717, 0.24612485, 0.38215947, 0.44256562, 0.53684074, 0.85863417, 0.92543364, 0.62339467, 0.24097160)
(0.84755898, 0.37003154, 0.38089126, 0.22946224, 0.38919830, 0.42708871, 0.78885168, 0.75145549, 0.55134851, 0.44095528)
(0.86467171, 0.67272806, 0.07750688, 0.54383695, 0.08352785, 0.44092268, 0.43826336, 0.84035683, 0.19448990, 0.16875249)
(0.68234581, 0.36093882, 0.17988078, 0.71940225, 0.15091334, 0.37764239, 0.59626931, 0.87659907, 0.62589192, 0.06241384)
(0.52171183, 0.44479671, 0.33949989, 0.70539957, 0.41755432, 0.45540234, 0.54926121, 0.68375307, 0.53269297, 0.23995550)
(0.58941561, 0.53612936, 0.40190169, 0.40564054, 0.34384230, 0.63085449, 0.63654155, 0.85503203, 0.76058877, 0.25412002)
(0.69610959, 0.62246281, 0.51179963, 0.29926425, 0.33245596, 0.66665107, 0.19459130, 0.22275950, 0.29903176, 0.79808456)
(0.54548860, 0.42068708, 0.27480790, 0.39229357, 0.26617807, 0.71447003, 0.55453968, 0.78319895, 0.71350521, 0.24231729)
(0.61621714, 0.41325298, 0.70856583, 0.75770706, 0.77931076, 0.26897043, 0.61158878, 0.41859889, 0.48739284, 0.52353877)
(0.72391850, 0.51476026, 0.86344171, 0.35919935, 0.46775335, 0.25483748, 0.32727039, 0.26639298, 0.52452469, 0.75310123)
(0.85860652, 0.26515374, 0.31029028, 0.54613495, 0.15765147, 0.16768825, 0.52634060, 0.53256238, 0.29346076, 0.23412529)
(0.57729006, 0.41422835, 0.41535729, 0.87923086, 0.86804736, 0.44288802, 0.71012527, 0.49787581, 0.35648727, 0.40450045)
(0.55127060, 0.53648949, 0.62734097, 0.66941381, 0.71871471, 0.40932220, 0.61789936, 0.55931687, 0.52520722, 0.51838958)
(0.79414803, 0.38516843, 0.33602229, 0.31447199, 0.02356075, 0.27053845, 0.18712468, 0.62936562, 0.55646712, 0.15591969)
(0.63546592, 0.21114229, 0.19868524, 0.90756541, 0.78943640, 0.47110453, 0.64893955, 0.30789673, 0.21693282, 0.33772409)
(0.81103450, 0.67973471, 0.71050066, 0.48253021, 0.35982350, 0.23088284, 0.21439852, 0.25660649, 0.21164452, 0.75626844)
(0.58680016, 0.76099586, 0.59796530, 0.45658511, 0.77882594, 0.73529118, 0.37967747, 0.26647428, 0.29293928, 0.88303626)
(0.79942483, 0.09080178, 0.09271736, 0.32633409, 0.29123646, 0.77198189, 0.81471306, 0.69207615, 0.67156672, 0.17883465)
(0.87332225, 0.27420369, 0.41469458, 0.37635297, 0.63020211, 0.29819641, 0.84984201, 0.60958219, 0.39578062, 0.52386844)
(0.70761824, 0.36343136, 0.54489410, 0.73016334, 0.16483469, 0.12190416, 0.55881643, 0.81887037, 0.72223729, 0.07673544)
(0.69964510, 0.61273831, 0.69782597, 0.56720501, 0.55567795, 0.24927671, 0.68441844, 0.77348864, 0.61500883, 0.39770126)
(0.71647495, 0.69444036, 0.44246066, 0.62752390, 0.11159091, 0.17762871, 0.33381087, 0.81335747, 0.46861503, 0.17041428)
(0.57301503, 0.48859447, 0.40308127, 0.54572058, 0.85548508, 0.76220185, 0.85931021, 0.78014261, 0.68762273, 0.47422728)
(0.87843287, 0.44586134, 0.56164938, 0.43975514, 0.28652164, 0.19910923, 0.31859249, 0.21935247, 0.16719659, 0.68654704)
(0.82953125, 0.52152753, 0.70993745, 0.14270714, 0.36516631, 0.41578850, 0.50282758, 0.45286781, 0.53215653, 0.75331914)
(0.78839290, 0.56887627, 0.67010355, 0.53919131, 0.53493506, 0.17824745, 0.78035337, 0.83757704, 0.61004281, 0.33188930)
(0.45986006, 0.79636639, 0.67380488, 0.60995549, 0.84058291, 0.68488640, 0.64873266, 0.71487069, 0.63614231, 0.65278661)
(0.44880947, 0.66268253, 0.85667491, 0.41630214, 0.44823027, 0.50401998, 0.24847831, 0.39609790, 0.73687273, 0.67190045)
(0.64602494, 0.46605057, 0.38667282, 0.63898766, 0.51371592, 0.41367519, 0.79120213, 0.86880970, 0.68172419, 0.18838507)
(0.70526105, 0.49834999, 0.32935697, 0.72506797, 0.84129077, 0.52512813, 0.79882807, 0.58792740, 0.30017033, 0.54363352)
(0.76705211, 0.34998760, 0.58984101, 0.31445947, 0.45824414, 0.47953472, 0.35042298, 0.15218306, 0.33229679, 0.79818803)
(0.77093238, 0.22433546, 0.10756516, 0.41773453, 0.10082483, 0.59969461, 0.44019765, 0.55419499, 0.38691470, 0.20661111)
(0.81164002, 0.65046245, 0.43364313, 0.23019880, 0.29422709, 0.50271493, 0.49413997, 0.60922879, 0.36208692, 0.65621400)
(0.79272467, 0.31899238, 0.60565549, 0.77150673, 0.79958272, 0.17310280, 0.81224608, 0.54255944, 0.40241000, 0.42398205)
(0.85497642, 0.93469226, 0.47677839, 0.42897549, 0.08853956, 0.22933118, 0.30302274, 0.92425799, 0.35398149, 0.30297542)
(0.51780808, 0.53391802, 0.61999947, 0.60822380, 0.70052505, 0.73596853, 0.12900257, 0.05762672, 0.26898819, 0.87917835)
(0.50646949, 0.39061806, 0.47418085, 0.52616930, 0.42835391, 0.53530586, 0.55806649, 0.63339531, 0.67836279, 0.33707178)
(0.91728950, 0.31839129, 0.40405253, 0.24379861, 0.06663407, 0.13006718, 0.62761456, 0.83927828, 0.59541982, 0.14812747)
(0.85281730, 0.77722520, 0.30868044, 0.60486126, 0.46320626, 0.33349743, 0.65236533, 0.75663167, 0.17645630, 0.52121234)
(0.86648738, 0.44982180, 0.06765576, 0.46274373, 0.25740427, 0.62475121, 0.71742171, 0.76952201, 0.22889690, 0.29661575)
(0.76560974, 0.59216714, 0.36563045, 0.31825432, 0.46707833, 0.53293824, 0.79692453, 0.86747944, 0.60580254, 0.37935463)
(0.62452340, 0.75125754, 0.63017821, 0.35856274, 0.76512915, 0.73100054, 0.47944885, 0.34841129, 0.36981598, 0.87759900)
(0.79201639, 0.51885289, 0.70195478, 0.56592768, 0.15652199, 0.08736837, 0.35365948, 0.60926223, 0.47326580, 0.27584904)
(0.87109035, 0.27436769, 0.54766220, 0.19745824, 0.38617224, 0.31257010, 0.69314212, 0.47955248, 0.48377040, 0.60118663)
(0.90952951, 0.31660533, 0.37989289, 0.31656367, 0.13914150, 0.14080021, 0.72506410, 0.82798439, 0.52060890, 0.18649380)
(0.54134363, 0.65800726, 0.76110584, 0.37091658, 0.74119884, 0.67403573, 0.50292879, 0.40935653, 0.61737293, 0.80381811)
(0.85115576, 0.69261301, 0.83974808, 0.25390053, 0.64177382, 0.26046747, 0.63137722, 0.51195508, 0.45781144, 0.81969398)
(0.85851300, 0.37947351, 0.31461573, 0.31267494, 0.36951795, 0.36634171, 0.73661596, 0.67220348, 0.37189737, 0.45963314)
(0.57070988, 0.54959583, 0.52305758, 0.56541032, 0.69282264, 0.57449073, 0.41366491, 0.26695973, 0.30858156, 0.75199759)
(0.62622631, 0.66727340, 0.92469448, 0.20447391, 0.52651906, 0.58483166, 0.19282100, 0.16857047, 0.70190251, 0.89979011)
(0.76683384, 0.42438972, 0.55424786, 0.26520851, 0.30506966, 0.36115924, 0.52569407, 0.53683966, 0.50709826, 0.54469597)
(0.55761933, 0.43377885, 0.74056327, 0.17937191, 0.27088046, 0.63350630, 0.50500011, 0.71505511, 0.91155869, 0.40497985)
(0.54831064, 0.57820326, 0.84347993, 0.41285720, 0.46075016, 0.53062111, 0.11355456, 0.10811526, 0.51626796, 0.84042621)
(0.83968312, 0.24194051, 0.32631117, 0.52610493, 0.10172080, 0.16354096, 0.39778516, 0.47358829, 0.32487845, 0.21142508)
(0.71414012, 0.37358186, 0.56300408, 0.24198580, 0.54778725, 0.51542097, 0.71197033, 0.58454329, 0.62963563, 0.59860981)
(0.85803610, 0.44829234, 0.06058588, 0.78356719, 0.24180043, 0.39280370, 0.66746253, 0.77976626, 0.14759701, 0.14712065)
(0.36328560, 0.54214174, 0.71658492, 0.23508896, 0.10648011, 0.76879781, 0.12416560, 0.46319833, 0.90034384, 0.41266480)
(0.58172154, 0.58499092, 0.65150285, 0.51709658, 0.80055147, 0.75462109, 0.23783460, 0.08245519, 0.28902623, 0.91230410)
(0.81109434, 0.60024512, 0.46055713, 0.57169223, 0.77159697, 0.40677187, 0.69650197, 0.43327326, 0.17203254, 0.76032239)
(0.52151233, 0.45792955, 0.57863224, 0.61650354, 0.48499110, 0.37583512, 0.44809005, 0.47970769, 0.50781775, 0.45472971)
(0.48949951, 0.55747396, 0.31214020, 0.89033860, 0.91956162, 0.70727730, 0.75761873, 0.64449936, 0.40928382, 0.39418507)
(0.76320869, 0.57984930, 0.23732778, 0.34635812, 0.31277469, 0.66109937, 0.45500407, 0.50075775, 0.25608888, 0.62391591)
(0.42922962, 0.51676756, 0.79209518, 0.30399776, 0.57585734, 0.67245311, 0.55485314, 0.63413441, 0.88021570, 0.55460322)
(0.93350971, 0.31637144, 0.18665819, 0.39506552, 0.18178442, 0.23005249, 0.68426305, 0.63643318, 0.19746427, 0.32793039)
(0.60517269, 0.29673547, 0.39872208, 0.52258921, 0.54152161, 0.52414781, 0.73307651, 0.68191510, 0.66249955, 0.31584355)
(0.81671518, 0.45007724, 0.51546896, 0.36848080, 0.27426341, 0.28168565, 0.41712436, 0.39741388, 0.31127587, 0.58246571)
(0.77710390, 0.61159414, 0.69615233, 0.54777628, 0.47705013, 0.18377817, 0.57267886, 0.63342041, 0.41993719, 0.50883853)
(0.74381417, 0.15936300, 0.22961463, 0.55215311, 0.30833611, 0.45373052, 0.78019845, 0.77574474, 0.69586051, 0.12474839)
(0.72655940, 0.35502672, 0.13670826, 0.81409222, 0.59716111, 0.48867348, 0.66369432, 0.50108439, 0.17424375, 0.34408110)
(0.54328525, 0.38608545, 0.60819870, 0.35986120, 0.34752339, 0.58106655, 0.60670376, 0.76270968, 0.86921579, 0.28210741)
(0.73423362, 0.36743495, 0.14360256, 0.77888101, 0.30234897, 0.36334553, 0.71084696, 0.82375640, 0.40768310, 0.10416968)
(0.57943499, 0.68063885, 0.74552286, 0.39908725, 0.42086425, 0.45282918, 0.26320273, 0.37022883, 0.49775216, 0.71893835)
(0.63337660, 0.63537061, 0.80970103, 0.18211812, 0.23403740, 0.63604510, 0.12233581, 0.19967994, 0.62454069, 0.81840956)
(0.78533620, 0.85953170, 0.22646725, 0.82208353, 0.21982433, 0.26946381, 0.54322767, 0.93867677, 0.34296781, 0.11698098)
(0.69764215, 0.44197437, 0.62704146, 0.16501440, 0.35722741, 0.54332370, 0.58903962, 0.62802672, 0.72953296, 0.57051599)
(0.61824256, 0.58078104, 0.62162608, 0.78865087, 0.17888080, 0.12142953, 0.23473841, 0.59659809, 0.46205425, 0.20618875)
(0.73466849, 0.69076365, 0.62095457, 0.34135750, 0.69557399, 0.62320948, 0.42241800, 0.24526522, 0.26991615, 0.88935351)
(0.53088748, 0.71490061, 0.88433892, 0.32875404, 0.39907590, 0.45584315, 0.26007774, 0.44995654, 0.74874657, 0.69563621)
(0.46126452, 0.66679305, 0.38545564, 0.31826323, 0.11904944, 0.79678202, 0.09183019, 0.35273677, 0.54088253, 0.53739375)
(0.71615118, 0.16648443, 0.19633690, 0.46186626, 0.19617033, 0.52438056, 0.57468802, 0.55158150, 0.54520535, 0.21285301)
(0.66725755, 0.21595953, 0.41732258, 0.77642727, 0.42157283, 0.20563774, 0.59603417, 0.52076048, 0.46969575, 0.20303412)
(0.62949985, 0.42091066, 0.58919638, 0.74770916, 0.83429456, 0.40324444, 0.86208582, 0.78213280, 0.70485514, 0.31018025)
(0.54059058, 0.31163085, 0.65539443, 0.60296577, 0.79133350, 0.54411358, 0.62392741, 0.32498628, 0.60433304, 0.61719042)
(0.59431797, 0.64981979, 0.73161703, 0.44913301, 0.72654366, 0.47677240, 0.73860717, 0.76405871, 0.73318124, 0.54876941)
(0.87674493, 0.61420208, 0.74984598, 0.45598757, 0.48343307, 0.15341251, 0.38434550, 0.28032753, 0.18816955, 0.78612471)
(0.53015053, 0.31911454, 0.24884763, 0.35780641, 0.39725405, 0.85671175, 0.34620580, 0.28080738, 0.52605689, 0.58566296)
(0.53843147, 0.45602545, 0.78187144, 0.16966790, 0.34584922, 0.73395234, 0.28414479, 0.29532254, 0.81886995, 0.72818512)
(0.78712177, 0.17495014, 0.42847165, 0.34854102, 0.81601864, 0.62944138, 0.89829993, 0.55152482, 0.65239388, 0.56286454)
(0.61395657, 0.68131769, 0.75801462, 0.56823742, 0.75640309, 0.39043334, 0.55720752, 0.47568926, 0.47041601, 0.72611767)
(0.74399108, 0.25053632, 0.17172822, 0.34665459, 0.42517546, 0.72460157, 0.76699752, 0.69454879, 0.56811726, 0.33444557)
(0.83562791, 0.80117267, 0.57148749, 0.50145042, 0.32530677, 0.21990508, 0.50655174, 0.77580768, 0.32464489, 0.48030460)
(0.82990259, 0.16568495, 0.28014529, 0.46742889, 0.39868248, 0.32289806, 0.80396682, 0.65722412, 0.50900728, 0.26437959)
(0.86182833, 0.47188467, 0.51060683, 0.26938242, 0.01384334, 0.13209295, 0.17103867, 0.73194051, 0.63244998, 0.12165754)
(0.50576323, 0.61217481, 0.85648739, 0.43882424, 0.65822434, 0.47119525, 0.46926174, 0.44448590, 0.72739935, 0.69700074)
(0.91632432, 0.43246329, 0.52746004, 0.55046034, 0.17887411, 0.07841206, 0.37230131, 0.38301671, 0.15489951, 0.45560932)
(0.81019551, 0.61824310, 0.53796101, 0.26764202, 0.28065041, 0.43904251, 0.32400498, 0.36089969, 0.28788209, 0.73991454)
(0.81797040, 0.28146413, 0.19752227, 0.50249112, 0.24411052, 0.34019750, 0.74428147, 0.79724693, 0.47874019, 0.17283100)
(0.51280904, 0.78172445, 0.43345854, 0.28143489, 0.30946329, 0.79911703, 0.30263078, 0.64655185, 0.57145613, 0.62102032)
(0.65584022, 0.60386920, 0.67892838, 0.66493404, 0.58246738, 0.25804147, 0.60203773, 0.67085141, 0.52616334, 0.43062997)
(0.65340054, 0.67046976, 0.42506713, 0.56759292, 0.68130809, 0.51838911, 0.76105654, 0.80183357, 0.50571257, 0.44604862)
(0.40619916, 0.80968398, 0.60110039, 0.36708197, 0.31796554, 0.78713477, 0.13153483, 0.40490922, 0.54212499, 0.71573186)
(0.82288337, 0.31552655, 0.55268610, 0.22466017, 0.42131418, 0.47538051, 0.48419502, 0.21933277, 0.38029191, 0.77099162)
(0.84256464, 0.41960034, 0.39265767, 0.81889707, 0.23646300, 0.07256977, 0.46679544, 0.59660137, 0.20642161, 0.18877771)
(0.62385702, 0.61540592, 0.60390270, 0.62740576, 0.70398158, 0.41641170, 0.65172911, 0.62294072, 0.48770148, 0.54359478)
(0.75988770, 0.65734184, 0.44646367, 0.65032083, 0.07339714, 0.11141928, 0.23132646, 0.72750950, 0.37373817, 0.16165623)
(0.58728224, 0.35393509, 0.47513208, 0.38392714, 0.21621512, 0.49846515, 0.46762657, 0.65867597, 0.73047346, 0.27821967)
(0.79981023, 0.57047611, 0.62396586, 0.28199831, 0.48664480, 0.34294161, 0.66587895, 0.64671451, 0.48920527, 0.62218726)
(0.82481349, 0.27408460, 0.53086215, 0.23570018, 0.56862944, 0.46390575, 0.70195305, 0.37446779, 0.46756411, 0.70007533)
(0.82688582, 0.44691396, 0.80075288, 0.10336810, 0.17481628, 0.42796215, 0.25022528, 0.26779854, 0.62565303, 0.76756239)
(0.85086548, 0.25888851, 0.28199089, 0.26942769, 0.43111968, 0.48948237, 0.76787978, 0.58200186, 0.42577201, 0.50224376)
(0.76767057, 0.88655823, 0.67916805, 0.88716966, 0.66336828, 0.15004103, 0.63006568, 0.87219334, 0.37537766, 0.31938219)
(0.40249139, 0.43384445, 0.78623331, 0.14338033, 0.22379650, 0.81598330, 0.23111512, 0.40092480, 0.92657208, 0.58007568)
(0.56797552, 0.44482294, 0.49593982, 0.64478534, 0.39900210, 0.36786506, 0.53388518, 0.66540670, 0.59254384, 0.28078026)
(0.59648287, 0.79048681, 0.68796617, 0.50924933, 0.50713909, 0.44967496, 0.35703096, 0.55115044, 0.44354627, 0.66838896)
(0.52489877, 0.49673298, 0.48958081, 0.48050186, 0.45628181, 0.59117830, 0.66293412, 0.81573582, 0.78471702, 0.27652243)
(0.82005835, 0.12951614, 0.24336153, 0.47598618, 0.13269676, 0.28111133, 0.55377650, 0.47768277, 0.44604728, 0.19281800)
(0.56549573, 0.48758730, 0.38146010, 0.73291582, 0.74777901, 0.55211252, 0.76072615, 0.72584724, 0.54830253, 0.34062278)
(0.64921778, 0.50789344, 0.47182825, 0.34940806, 0.57230240, 0.59655851, 0.73147768, 0.74627048, 0.65153152, 0.47778583)
(0.82978952, 0.23994616, 0.61767864, 0.29703864, 0.49317762, 0.26329568, 0.78526419, 0.61293942, 0.63176167, 0.45701793)
(0.76952529, 0.34227878, 0.58318514, 0.19053280, 0.25177947, 0.41390574, 0.48592585, 0.46085125, 0.59051847, 0.56516796)
(0.73443538, 0.80143636, 0.31587613, 0.77727813, 0.14419848, 0.20548935, 0.28119645, 0.80317748, 0.29184911, 0.17693698)
(0.79722464, 0.33841044, 0.51270777, 0.47582984, 0.12766272, 0.14013645, 0.37330011, 0.50184000, 0.42106980, 0.27519426)
(0.38811600, 0.74851441, 0.84077960, 0.56987530, 0.45170134, 0.54653531, 0.08416937, 0.19479719, 0.54981744, 0.76758808)
(0.84210724, 0.48003206, 0.19032788, 0.42100888, 0.06431799, 0.30725175, 0.49447638, 0.87313157, 0.48584300, 0.11134092)
(0.79450381, 0.70568424, 0.52986747, 0.78407258, 0.72725600, 0.32322103, 0.26866218, 0.14818357, 0.06920940, 0.84400541)
(0.69317776, 0.34039590, 0.36819121, 0.45917597, 0.39186323, 0.42513323, 0.64826965, 0.63414502, 0.51332241, 0.36261615)
(0.79291362, 0.33123606, 0.53631216, 0.73931497, 0.41332364, 0.10913127, 0.67687595, 0.68116164, 0.44934350, 0.21175694)
(0.50887334, 0.64036840, 0.37931377, 0.33475628, 0.47748107, 0.80474043, 0.49942303, 0.66420734, 0.62068534, 0.55912250)
(0.63638741, 0.66813058, 0.73777241, 0.20983355, 0.37783432, 0.60474771, 0.62432033, 0.86479121, 0.88642454, 0.40996191)
(0.64364469, 0.73642784, 0.72677767, 0.42264798, 0.29050732, 0.34742394, 0.26012120, 0.51786411, 0.48089525, 0.60564351)
(0.32985905, 0.81387889, 0.62459612, 0.64576238, 0.78873837, 0.79757702, 0.50916076, 0.71697646, 0.69714493, 0.59313679)
(0.82147545, 0.65185577, 0.50269508, 0.38453260, 0.44969246, 0.33392963, 0.62117839, 0.66694206, 0.33130768, 0.59887785)
(0.85822362, 0.25114679, 0.40313557, 0.15695386, 0.65634358, 0.63960189, 0.84756315, 0.54834938, 0.55857867, 0.67998505)
(0.82593948, 0.27420488, 0.50637877, 0.71306187, 0.85364455, 0.25266483, 0.85345989, 0.47433770, 0.32826468, 0.52920383)
(0.47661039, 0.20799616, 0.33274233, 0.90018266, 0.90401965, 0.72006172, 0.50121832, 0.12521209, 0.29044673, 0.57721329)
(0.68556964, 0.52407318, 0.41219255, 0.76244009, 0.82964504, 0.46226957, 0.67337620, 0.42306486, 0.22747366, 0.63266051)
(0.77423394, 0.71578842, 0.36563987, 0.59356338, 0.64394855, 0.42785290, 0.77276874, 0.80690306, 0.34934020, 0.46322846)
(0.61106008, 0.80199361, 0.66755730, 0.35659549, 0.29613161, 0.50273174, 0.25516865, 0.56567323, 0.48487478, 0.65206176)
(0.53311002, 0.80500364, 0.73224252, 0.41769296, 0.47505379, 0.50698543, 0.40788373, 0.70542794, 0.63715005, 0.60270184)
(0.90187597, 0.46646205, 0.56380337, 0.43210456, 0.21354665, 0.08575179, 0.60775721, 0.71411341, 0.35969535, 0.32788396)
(0.90642059, 0.39789420, 0.22096087, 0.16855240, 0.16967902, 0.48474964, 0.59647292, 0.60927671, 0.31266686, 0.51441509)
(0.73708016, 0.84026730, 0.77527583, 0.61000258, 0.50303096, 0.29355317, 0.12799613, 0.20848837, 0.18114689, 0.84509254)
(0.73257065, 0.72658235, 0.52771991, 0.29826531, 0.42054418, 0.56263781, 0.40968046, 0.48993990, 0.33923066, 0.75953317)
(0.73006660, 0.84946388, 0.40815914, 0.44472644, 0.63491857, 0.63159359, 0.62860262, 0.73162580, 0.32612404, 0.70110410)
(0.84101170, 0.82627678, 0.51465720, 0.50833136, 0.29988891, 0.20871745, 0.59283048, 0.87925601, 0.37862924, 0.36801600)
(0.66349268, 0.74779266, 0.63309646, 0.24524634, 0.39652851, 0.60630894, 0.36107758, 0.51892662, 0.48603374, 0.75421149)
(0.84108734, 0.65341771, 0.60076392, 0.09567965, 0.51581150, 0.64502925, 0.69604737, 0.65165907, 0.56329697, 0.80963868)
(0.82938677, 0.62944448, 0.69656926, 0.24015152, 0.30353716, 0.30476388, 0.39742273, 0.46889791, 0.40236729, 0.70470572)
(0.93360054, 0.50351036, 0.52540302, 0.68694973, 0.56044513, 0.07303829, 0.82509208, 0.76558197, 0.22437319, 0.37389988)
(0.71523875, 0.54921144, 0.43896413, 0.35188574, 0.23352021, 0.55987459, 0.19196332, 0.25215933, 0.27091011, 0.68959564)
(0.60706049, 0.63534570, 0.76554513, 0.36516833, 0.30506653, 0.38106778, 0.34363163, 0.58166277, 0.67667240, 0.52813947)
(0.58119422, 0.72060406, 0.36365065, 0.47444913, 0.36928037, 0.61108869, 0.61596048, 0.89370286, 0.65927094, 0.27048045)
(0.85013443, 0.54588288, 0.33000425, 0.11957984, 0.21442527, 0.71640217, 0.38156435, 0.40924975, 0.33899617, 0.76063764)
(0.71693033, 0.46180803, 0.56678230, 0.65648711, 0.26629424, 0.17083465, 0.61845368, 0.82607788, 0.66994196, 0.14867592)
(0.76005363, 0.57640713, 0.45008469, 0.28319857, 0.37527525, 0.47101110, 0.60889232, 0.68193221, 0.46460554, 0.55815816)
(0.78166407, 0.78945398, 0.51584512, 0.41172025, 0.43155485, 0.54508257, 0.21538375, 0.26591092, 0.15545993, 0.85029155)
(0.83102274, 0.44036973, 0.34371775, 0.62370759, 0.52294540, 0.22521277, 0.83237231, 0.82647473, 0.40661070, 0.26430941)
(0.73469371, 0.57080114, 0.21854815, 0.84901208, 0.62215936, 0.36139810, 0.66587079, 0.65166271, 0.18259676, 0.33042982)
(0.81660277, 0.57499832, 0.57830077, 0.56079823, 0.56745130, 0.30606818, 0.31471345, 0.16432233, 0.12334499, 0.81950814)
(0.48575118, 0.54014659, 0.20243838, 0.94203883, 0.51819921, 0.39647520, 0.56946725, 0.79792523, 0.45192689, 0.08483953)
(0.62933034, 0.35025063, 0.52575421, 0.53659832, 0.31306064, 0.35732245, 0.33073717, 0.31494147, 0.42864323, 0.47193167)
(0.84726274, 0.52510750, 0.70791477, 0.11533248, 0.22483374, 0.35614404, 0.52681446, 0.64782691, 0.66173935, 0.60058397)
(0.61956590, 0.24735898, 0.78623480, 0.09289384, 0.34872136, 0.73035860, 0.51548910, 0.43829048, 0.92208809, 0.61328220)
(0.62588668, 0.51916385, 0.63749933, 0.16791408, 0.22035795, 0.58909130, 0.42014763, 0.65914619, 0.78214353, 0.49843451)
(0.86560041, 0.51946133, 0.39463151, 0.27745193, 0.59792161, 0.50824571, 0.72904962, 0.50524122, 0.27462286, 0.75195312)
(0.84784937, 0.42616850, 0.32623053, 0.27941823, 0.41994613, 0.47033530, 0.68551362, 0.55933309, 0.32466778, 0.60704195)
(0.75103652, 0.44373256, 0.48108566, 0.28886753, 0.57657850, 0.51190788, 0.76939303, 0.68488526, 0.56980586, 0.55467629)
(0.90642262, 0.60369426, 0.42958590, 0.17413971, 0.30996048, 0.46932268, 0.49287462, 0.42729431, 0.22636037, 0.79220665)
(0.60212487, 0.72338945, 0.89020216, 0.47054631, 0.64836645, 0.31808072, 0.40807068, 0.43657687, 0.60906309, 0.75071341)
(0.59945667, 0.30942628, 0.41170597, 0.65815467, 0.47648087, 0.45508137, 0.72455668, 0.76533771, 0.72680402, 0.18262330)
(0.82374352, 0.56399381, 0.16488095, 0.82483792, 0.78086990, 0.46443179, 0.77853841, 0.57568604, 0.10552698, 0.51354796)
(0.52376437, 0.65295213, 0.55442107, 0.93253613, 0.51038671, 0.21613298, 0.58739704, 0.88659829, 0.70885175, 0.07856181)
(0.66981608, 0.79908764, 0.56350517, 0.36155954, 0.51738107, 0.58160537, 0.53518701, 0.71947712, 0.48630062, 0.65646625)
(0.78354037, 0.60067046, 0.62164032, 0.26088738, 0.30223501, 0.39449534, 0.38793731, 0.45827499, 0.41565657, 0.67758995)
(0.71313661, 0.19236279, 0.35105729, 0.30397111, 0.18534271, 0.49903318, 0.57896239, 0.63037032, 0.71246690, 0.24304345)
(0.31394693, 0.42397863, 0.33153936, 0.92123789, 0.72892129, 0.56563777, 0.31301525, 0.28589451, 0.34368169, 0.37394208)
(0.72479099, 0.38278732, 0.32133237, 0.47841701, 0.84449887, 0.69558942, 0.89753807, 0.73856008, 0.56245416, 0.51153451)
(0.80141842, 0.69191271, 0.59116274, 0.26135910, 0.21091466, 0.45122808, 0.21141766, 0.32786000, 0.29649416, 0.74810755)
(0.79698908, 0.24193053, 0.07765445, 0.67334193, 0.30606258, 0.62920994, 0.47037140, 0.29326451, 0.12859721, 0.39356136)
(0.76097369, 0.38983822, 0.45660210, 0.22070201, 0.41505006, 0.52170151, 0.66982704, 0.59930563, 0.55474949, 0.56684834)
(0.78781301, 0.47934684, 0.52083927, 0.18887231, 0.19754985, 0.47172847, 0.35671127, 0.42784771, 0.45921987, 0.63324869)
(0.49589550, 0.42747670, 0.45440170, 0.77961594, 0.51712829, 0.42781240, 0.61559254, 0.73629010, 0.67288959, 0.18684457)
(0.66670299, 0.61500752, 0.63198638, 0.20850939, 0.17528746, 0.51584929, 0.28516999, 0.55558616, 0.62834167, 0.56287730)
(0.83641797, 0.47534865, 0.72701591, 0.55206603, 0.24870914, 0.07709822, 0.66263491, 0.82967532, 0.66437203, 0.18829072)
(0.74517328, 0.12742883, 0.17555335, 0.60648650, 0.63371408, 0.62656915, 0.73574805, 0.31390923, 0.34851938, 0.44368571)
(0.62444693, 0.73972613, 0.55061942, 0.62346840, 0.11185906, 0.21069506, 0.19296896, 0.70185733, 0.47996834, 0.24539626)
(0.90428591, 0.63695258, 0.38649622, 0.38591251, 0.04573883, 0.13377117, 0.23176715, 0.66661286, 0.25113350, 0.28065470)
(0.74135399, 0.84527570, 0.68341732, 0.33928967, 0.52066326, 0.45427951, 0.50936925, 0.70092154, 0.43903548, 0.72968560)
(0.79472715, 0.66170949, 0.63272077, 0.47524583, 0.72804403, 0.44917235, 0.37974721, 0.17578615, 0.15675916, 0.89037544)
(0.88514155, 0.31605637, 0.70069170, 0.51928765, 0.29694757, 0.06889624, 0.64935076, 0.62679940, 0.48528752, 0.30535820)
(0.74250805, 0.72063899, 0.55919743, 0.42619744, 0.69559175, 0.52984738, 0.56129372, 0.43203381, 0.26724038, 0.81555122)
(0.71738786, 0.47771862, 0.70889360, 0.20059679, 0.44686505, 0.52880710, 0.43389669, 0.32829309, 0.56472600, 0.77862293)
(0.80629045, 0.22011335, 0.57920963, 0.42133766, 0.46422079, 0.30096573, 0.50657529, 0.20931473, 0.37209892, 0.63730001)
(0.72593296, 0.60891092, 0.45983642, 0.81626201, 0.24356614, 0.11888555, 0.35847834, 0.67377484, 0.30725530, 0.20478921)
(0.52590042, 0.63000375, 0.36117652, 0.62040073, 0.57530773, 0.63933134, 0.72940683, 0.88189989, 0.70250720, 0.24528478)
(0.61187792, 0.26973417, 0.53012407, 0.59666491, 0.40260151, 0.31227162, 0.53529316, 0.47541505, 0.57076627, 0.33713585)
(0.71065676, 0.71337306, 0.31900650, 0.50152200, 0.35474515, 0.51427543, 0.52557093, 0.74905550, 0.36282286, 0.43360433)
(0.40294173, 0.81970114, 0.77422667, 0.48741031, 0.56238395, 0.61189467, 0.37961522, 0.69521487, 0.73155504, 0.58993733)
(0.73284841, 0.58891785, 0.43775547, 0.30742347, 0.64005244, 0.64087993, 0.70845807, 0.62184489, 0.45009279, 0.68810761)
(0.72750479, 0.24491726, 0.43269536, 0.49887151, 0.38646686, 0.30730775, 0.62268168, 0.48971039, 0.47671905, 0.37763992)
(0.43542302, 0.58960462, 0.53871626, 0.61685026, 0.68790948, 0.65659797, 0.47717318, 0.48702154, 0.53083450, 0.58940470)
(0.72312343, 0.62383330, 0.59584457, 0.51927775, 0.44811085, 0.30484664, 0.38170236, 0.41419390, 0.28229174, 0.65202183)
(0.74743778, 0.68567574, 0.26857024, 0.53683412, 0.50035733, 0.75697774, 0.20707139, 0.16170596, 0.09204444, 0.84685326)
(0.74967062, 0.67897522, 0.47794518, 0.39816746, 0.53391761, 0.56354809, 0.39006433, 0.31859905, 0.20777008, 0.81828022)
(0.74864680, 0.21502332, 0.31065872, 0.63436174, 0.16570294, 0.19994573, 0.47497576, 0.51240176, 0.40041116, 0.17576694)
(0.91989416, 0.31196234, 0.17899916, 0.25092942, 0.25273418, 0.38490495, 0.87784356, 0.89845580, 0.53468835, 0.21208915)
(0.37276632, 0.53870642, 0.77662301, 0.58452809, 0.67801481, 0.58292860, 0.34292790, 0.31685632, 0.66633379, 0.67097181)
(0.85457700, 0.31227675, 0.06810658, 0.61763740, 0.33159876, 0.54571110, 0.76682252, 0.72350454, 0.23046347, 0.23123747)
(0.78957623, 0.33309069, 0.32877097, 0.36259264, 0.11897996, 0.35019994, 0.66079152, 0.88652498, 0.75502533, 0.11050231)
(0.72915214, 0.62156999, 0.37508845, 0.19487706, 0.29129007, 0.84521520, 0.20016149, 0.22165540, 0.32962736, 0.82622468)
(0.88840050, 0.61961865, 0.54922205, 0.19129580, 0.35594624, 0.45145392, 0.40464056, 0.30569878, 0.22768064, 0.84236866)
(0.79014087, 0.20300126, 0.30580708, 0.24842781, 0.29689306, 0.52135754, 0.68581468, 0.57067639, 0.57336193, 0.39842987)
(0.76667905, 0.73362046, 0.64526951, 0.42383370, 0.67520040, 0.41341260, 0.58209246, 0.49941912, 0.30031788, 0.79042298)
(0.69400126, 0.13013095, 0.17419566, 0.89850402, 0.78638351, 0.55169767, 0.56850052, 0.13133961, 0.15922099, 0.44483840)
(0.66147900, 0.58551204, 0.17168607, 0.73911709, 0.26356354, 0.43690112, 0.58081090, 0.85380870, 0.42956015, 0.13501430)
(0.81260663, 0.66033316, 0.77619708, 0.41955510, 0.50381267, 0.22512257, 0.33688527, 0.28690067, 0.25964811, 0.80442798)
(0.63171470, 0.26961032, 0.49821621, 0.69565338, 0.36121535, 0.27507249, 0.59274465, 0.64147711, 0.65561342, 0.18496782)
(0.73369974, 0.57678056, 0.81950134, 0.56716204, 0.28047153, 0.11239600, 0.44616905, 0.68023896, 0.64540088, 0.32923347)
(0.92203307, 0.60143191, 0.25084391, 0.15286826, 0.08468001, 0.47255471, 0.33292839, 0.54217887, 0.22420256, 0.59142411)
(0.89665717, 0.18165667, 0.11752712, 0.49125665, 0.03310023, 0.21381204, 0.44512799, 0.67203844, 0.33508816, 0.07822846)
(0.60193831, 0.94818449, 0.64808291, 0.24688391, 0.47063783, 0.79847521, 0.28671005, 0.71128726, 0.46793005, 0.83286816)
(0.76771885, 0.45382065, 0.44421035, 0.41594166, 0.46629894, 0.34926525, 0.70144671, 0.67785615, 0.44922459, 0.46044692)
(0.87790811, 0.43012601, 0.37472320, 0.45981830, 0.26341256, 0.16985303, 0.70846868, 0.78335047, 0.38039771, 0.27387866)
(0.64179778, 0.37110227, 0.40764228, 0.70407575, 0.79078478, 0.50332636, 0.89305264, 0.84447318, 0.70823568, 0.23404126)
(0.55865449, 0.67058641, 0.75164777, 0.24997240, 0.42275503, 0.56900150, 0.39684996, 0.56525630, 0.69921035, 0.67495900)
(0.71922714, 0.31958294, 0.60376114, 0.79591560, 0.87315011, 0.25211409, 0.88119340, 0.66670716, 0.55637640, 0.36539066)
(0.91494095, 0.61896551, 0.70758438, 0.58424234, 0.37784711, 0.05727115, 0.68531233, 0.78183782, 0.34378979, 0.37397602)
(0.52032775, 0.53885937, 0.45329645, 0.55913383, 0.42897213, 0.49241033, 0.59160572, 0.76474488, 0.64704144, 0.30611429)
(0.38644800, 0.57521003, 0.76613742, 0.54008621, 0.61240578, 0.56714082, 0.38079163, 0.43038866, 0.70533347, 0.61150014)
(0.56632835, 0.50975919, 0.42644221, 0.09326480, 0.20597126, 0.86684769, 0.38476211, 0.64297754, 0.82267970, 0.56010079)
(0.89640874, 0.21538205, 0.51223004, 0.21698225, 0.21156421, 0.23509656, 0.55043393, 0.37618199, 0.41929236, 0.53003532)
(0.82024950, 0.20391519, 0.35420725, 0.14624995, 0.41294897, 0.64600122, 0.74855375, 0.52704948, 0.61688375, 0.56520593)
(0.63083720, 0.78801012, 0.71743667, 0.45707580, 0.55623937, 0.39637280, 0.54235232, 0.72597611, 0.55698490, 0.60266209)
(0.31356356, 0.73824936, 0.66099823, 0.52684683, 0.37572202, 0.66955578, 0.22244331, 0.57111079, 0.70551896, 0.49953255)
(0.71308231, 0.77417016, 0.69828773, 0.11726195, 0.36199841, 0.73100972, 0.30764481, 0.44927374, 0.56217080, 0.85013872)
(0.71024215, 0.80916369, 0.67059320, 0.60187584, 0.58657372, 0.34718689, 0.39120933, 0.50996661, 0.28936529, 0.71432191)
(0.88008338, 0.17325583, 0.11057177, 0.47823885, 0.07079123, 0.36015719, 0.44150567, 0.47703868, 0.24217945, 0.18317026)
(0.91656876, 0.56556940, 0.32320797, 0.40604901, 0.20940766, 0.17089933, 0.75302941, 0.89078993, 0.38341445, 0.22416051)
(0.68899274, 0.76622051, 0.44634148, 0.58394802, 0.75102997, 0.60189211, 0.57672524, 0.49097130, 0.23552878, 0.76733226)
(0.84995872, 0.33482870, 0.17657232, 0.47553453, 0.18760304, 0.50087202, 0.27012751, 0.19159798, 0.11019540, 0.58608806)
(0.67218918, 0.74062151, 0.48687539, 0.80300063, 0.18464699, 0.16813399, 0.44287047, 0.89759278, 0.58637834, 0.10346394)
(0.89268905, 0.58608711, 0.44661221, 0.66514605, 0.65414244, 0.16556984, 0.82134104, 0.74583381, 0.21546254, 0.46479627)
(0.45028722, 0.73695743, 0.52329659, 0.47883102, 0.47973248, 0.67487752, 0.58442992, 0.87984902, 0.78128827, 0.31811979)
(0.64371914, 0.69783849, 0.54141188, 0.77601647, 0.80767447, 0.39498851, 0.67575037, 0.61839062, 0.34551710, 0.55887413)
(0.83566189, 0.24571690, 0.74998456, 0.67733920, 0.53723282, 0.07911570, 0.80389589, 0.69693977, 0.66347319, 0.23328175)
(0.73196852, 0.70217311, 0.45721272, 0.26919654, 0.48250312, 0.61464292, 0.66105956, 0.76300108, 0.52697819, 0.60312158)
(0.91568726, 0.65634328, 0.22765024, 0.36311358, 0.04674863, 0.21104816, 0.27522385, 0.70673662, 0.18983789, 0.28031150)
(0.78781867, 0.13897833, 0.41811576, 0.22093968, 0.08849917, 0.37833443, 0.47572848, 0.54621053, 0.74111366, 0.22061135)
(0.81396502, 0.45464522, 0.75770938, 0.60588813, 0.19734885, 0.05945029, 0.47123390, 0.65411258, 0.54841566, 0.23290843)
(0.85321808, 0.47503570, 0.70517987, 0.20419307, 0.27336037, 0.24348423, 0.51181334, 0.53981102, 0.52176625, 0.60136777)
(0.74005240, 0.58705133, 0.20802264, 0.24500881, 0.44961274, 0.87336648, 0.46626344, 0.39285806, 0.28866345, 0.77283567)
(0.70650452, 0.47619644, 0.54927301, 0.79864407, 0.54829365, 0.19549704, 0.79238397, 0.86526936, 0.66737300, 0.14291482)
(0.50942534, 0.52458811, 0.43678814, 0.25548100, 0.22176075, 0.76088643, 0.47363734, 0.82043624, 0.84147274, 0.28851500)
(0.79356039, 0.73356140, 0.34195998, 0.72451693, 0.69295108, 0.43432704, 0.62659639, 0.56658155, 0.14484765, 0.64228636)
(0.81806260, 0.37269217, 0.46009153, 0.53192413, 0.16553114, 0.12568833, 0.51657301, 0.66053671, 0.42447653, 0.21774335)
(0.84978777, 0.28282401, 0.41963762, 0.34285510, 0.08787119, 0.16147541, 0.46916303, 0.63115567, 0.49508446, 0.21390305)
(0.78684586, 0.45005676, 0.41709849, 0.39135960, 0.46137115, 0.40153369, 0.59846318, 0.46825436, 0.30208391, 0.62014967)
(0.55759883, 0.60258943, 0.45543084, 0.47725511, 0.38980657, 0.52907425, 0.53195602, 0.74628305, 0.59730697, 0.37862548)
(0.75883412, 0.60624486, 0.65687186, 0.40798217, 0.54534054, 0.32603520, 0.53150666, 0.46849602, 0.35912821, 0.70450526)
(0.42696974, 0.70449787, 0.61274832, 0.33208919, 0.33072814, 0.66038424, 0.36926550, 0.72773796, 0.74881923, 0.46762720)
(0.74388683, 0.10806744, 0.28747737, 0.49462572, 0.23555502, 0.38530961, 0.71197414, 0.64419073, 0.70990789, 0.14198521)
(0.83145934, 0.34637031, 0.17239156, 0.51174629, 0.06503625, 0.26206756, 0.52918732, 0.85005760, 0.50121278, 0.07891922)
(0.77779901, 0.59192282, 0.71761245, 0.07608207, 0.35445756, 0.62702137, 0.56033081, 0.63722408, 0.74899167, 0.74024612)
(0.40028545, 0.75886846, 0.85076481, 0.43000135, 0.29211500, 0.54557389, 0.15192266, 0.46836215, 0.77101439, 0.58702570)
(0.63614672, 0.75940096, 0.58254629, 0.32096839, 0.64434671, 0.76346290, 0.32870460, 0.27858478, 0.32043567, 0.88490057)
(0.54882801, 0.70404315, 0.77413434, 0.43739948, 0.25476551, 0.44300517, 0.10175420, 0.25436279, 0.48520723, 0.70614153)
(0.68215221, 0.64462882, 0.79720736, 0.23258996, 0.58137792, 0.47759703, 0.60611945, 0.62117535, 0.70481747, 0.71027899)
(0.78599662, 0.69538069, 0.81498516, 0.42959514, 0.45077518, 0.19665889, 0.38529688, 0.45013046, 0.38632050, 0.70746106)
(0.58511674, 0.85782552, 0.66193461, 0.53463680, 0.63343847, 0.59626722, 0.22938029, 0.33793408, 0.27649531, 0.83866137)
(0.73741323, 0.18984406, 0.29749051, 0.35673270, 0.60118455, 0.66909271, 0.77372336, 0.48543707, 0.55426794, 0.49994957)
(0.78338158, 0.34937853, 0.51362723, 0.49470961, 0.29989302, 0.22744830, 0.43508258, 0.37728575, 0.33135712, 0.47690579)
(0.56259573, 0.34388641, 0.56266904, 0.47787791, 0.44656238, 0.56305325, 0.71028852, 0.80212259, 0.87104380, 0.21734014)
(0.66537839, 0.68836588, 0.50214750, 0.40105069, 0.61330044, 0.56984836, 0.56336880, 0.53211522, 0.36369386, 0.73095834)
(0.68483585, 0.59149623, 0.55196244, 0.22003619, 0.35576499, 0.57141787, 0.46775240, 0.55762815, 0.53771544, 0.65948713)
(0.93298280, 0.64805502, 0.12210489, 0.39510441, 0.02682539, 0.29185158, 0.16002229, 0.54782760, 0.09202210, 0.31387505)
(0.57871014, 0.61464709, 0.86148953, 0.37029827, 0.54146546, 0.38424000, 0.45911101, 0.51198912, 0.74132210, 0.65254396)
(0.65013659, 0.73417968, 0.52916908, 0.75396949, 0.05418162, 0.11068437, 0.14789784, 0.78128344, 0.51752293, 0.10343951)
(0.70248592, 0.49157998, 0.27714750, 0.42913836, 0.09251699, 0.43014589, 0.34768751, 0.74736297, 0.53229958, 0.19619116)
(0.78151095, 0.43402705, 0.34671366, 0.70200175, 0.53344506, 0.24407552, 0.83572400, 0.85234457, 0.48873270, 0.19385585)
(0.72139132, 0.12766093, 0.42589661, 0.50354958, 0.58195978, 0.43788928, 0.84307170, 0.65573359, 0.75109839, 0.24965887)
(0.83371711, 0.56383109, 0.49653035, 0.22908257, 0.53591681, 0.45897576, 0.77764839, 0.72667450, 0.48704591, 0.62932658)
(0.86343884, 0.88818365, 0.47179544, 0.55544204, 0.15489995, 0.16702044, 0.41857609, 0.89605957, 0.30466926, 0.29627633)
(0.50219434, 0.64997739, 0.38916814, 0.54354495, 0.37858158, 0.61514509, 0.47273549, 0.75645691, 0.58163053, 0.34346926)
(0.77216858, 0.30641243, 0.74802697, 0.06867775, 0.37666038, 0.66248471, 0.53552181, 0.35871059, 0.80325812, 0.77599573)
(0.72326189, 0.42959398, 0.58216137, 0.23421803, 0.53887534, 0.55671984, 0.57839346, 0.39201680, 0.50679702, 0.74259192)
(0.56383139, 0.66354233, 0.59834713, 0.71553463, 0.58871537, 0.40785420, 0.69828176, 0.86634231, 0.73446137, 0.23808679)
(0.83877879, 0.17234014, 0.08246814, 0.32575533, 0.03490924, 0.54111320, 0.44895032, 0.74391943, 0.52839130, 0.08529191)
(0.44199613, 0.25319943, 0.26253161, 0.64492881, 0.55207402, 0.77744704, 0.71872836, 0.73496175, 0.78814244, 0.18160278)
(0.54372489, 0.65690339, 0.54851371, 0.30197361, 0.40251523, 0.64490664, 0.41387439, 0.58506525, 0.57860500, 0.62567991)
(0.80687350, 0.42306852, 0.32882661, 0.58172876, 0.71123284, 0.35256898, 0.87852955, 0.78888547, 0.40994918, 0.37968031)
(0.60322529, 0.33471435, 0.38661098, 0.78459185, 0.74507904, 0.45490399, 0.52280635, 0.25281030, 0.24924172, 0.57412797)
(0.68822867, 0.44454885, 0.88667053, 0.34235710, 0.54628301, 0.30871531, 0.33944160, 0.20717175, 0.59557039, 0.79147428)
(0.51226789, 0.49374309, 0.40333450, 0.62204909, 0.83496338, 0.75544935, 0.75402004, 0.63549155, 0.57569247, 0.52215552)
(0.84889597, 0.27871275, 0.32002628, 0.20504530, 0.32443750, 0.47451192, 0.73666412, 0.63989365, 0.50598979, 0.46520680)
(0.78013253, 0.58632272, 0.45277774, 0.62726039, 0.06709920, 0.11070848, 0.17742272, 0.57909971, 0.31422985, 0.20610724)
(0.84722286, 0.39605626, 0.55720669, 0.26450402, 0.14836204, 0.22381587, 0.41280037, 0.51655722, 0.45092803, 0.45186436)
(0.73916453, 0.47080544, 0.62535155, 0.27259737, 0.44434857, 0.41939539, 0.62673312, 0.61727989, 0.61152148, 0.56530225)
(0.68642277, 0.45725948, 0.28291777, 0.73260647, 0.29294339, 0.32957432, 0.71080256, 0.89343733, 0.63097727, 0.09237848)
(0.79967570, 0.32084897, 0.27716622, 0.47397915, 0.03486201, 0.18580128, 0.31300256, 0.70692730, 0.52027977, 0.09310985)
(0.91744190, 0.70863110, 0.56581235, 0.69122636, 0.67269105, 0.15126576, 0.59905237, 0.42231533, 0.07297084, 0.75613469)
(0.47025785, 0.53326380, 0.52946818, 0.82499897, 0.91195530, 0.73314494, 0.33472279, 0.10882780, 0.24117044, 0.83658576)
(0.79862595, 0.43012264, 0.54741484, 0.23490824, 0.44049862, 0.51325965, 0.47143039, 0.27796295, 0.36470947, 0.77820826)
(0.34342894, 0.67424321, 0.72138995, 0.46971372, 0.49299097, 0.66875398, 0.34292775, 0.58248317, 0.76611680, 0.54907173)
(0.52774113, 0.57409889, 0.83935905, 0.81726938, 0.84548891, 0.28282991, 0.41817325, 0.28669405, 0.50030458, 0.67622179)
(0.85237485, 0.44122487, 0.49069777, 0.58237219, 0.18662828, 0.09228564, 0.49637052, 0.64239150, 0.32153666, 0.25747770)
(0.90526646, 0.28317389, 0.57049459, 0.21611978, 0.80240756, 0.52179426, 0.79675585, 0.23922636, 0.33315057, 0.87066102)
(0.56695700, 0.41606680, 0.28436103, 0.82474506, 0.51111221, 0.37122431, 0.50786263, 0.51360661, 0.30925989, 0.28587452)
(0.76364553, 0.39869428, 0.50966173, 0.08065114, 0.22675627, 0.67213249, 0.53681815, 0.60101062, 0.73409289, 0.60706598)
(0.52212226, 0.38992342, 0.78948283, 0.35662445, 0.53276330, 0.70473331, 0.15688971, 0.07537411, 0.60154217, 0.85170841)
(0.33408433, 0.46690777, 0.51082194, 0.35497305, 0.37316975, 0.81464833, 0.41844663, 0.67454118, 0.85776055, 0.36744705)
(0.87235451, 0.60901040, 0.13430618, 0.54136616, 0.03508705, 0.26045495, 0.19075041, 0.64824879, 0.16014835, 0.18209563)
(0.83982712, 0.19030848, 0.28659943, 0.24644792, 0.15190651, 0.41039392, 0.64251691, 0.66935408, 0.60757673, 0.25175366)
(0.50521690, 0.50125486, 0.33124876, 0.72948062, 0.38805312, 0.52579421, 0.20165363, 0.20439827, 0.25711748, 0.51896101)
(0.81673837, 0.12977275, 0.21393481, 0.58225077, 0.26400667, 0.30811852, 0.77763277, 0.72602856, 0.58023059, 0.12264879)
(0.89929748, 0.19819453, 0.19846831, 0.18973476, 0.23613217, 0.51194596, 0.69235587, 0.50239509, 0.37061951, 0.47693247)
(0.96182460, 0.52911317, 0.38104492, 0.31157055, 0.14063527, 0.09218022, 0.63062227, 0.74363232, 0.20169213, 0.37024295)
(0.42274237, 0.53171510, 0.79560864, 0.71135634, 0.86291438, 0.55007029, 0.57076776, 0.43662205, 0.69102252, 0.63193357)
(0.89588398, 0.52031142, 0.09733986, 0.80360514, 0.52808893, 0.34133857, 0.75202423, 0.63033849, 0.06632364, 0.39194736)
(0.80084640, 0.24166189, 0.31772795, 0.69742173, 0.22709532, 0.14672503, 0.63760692, 0.68579000, 0.42989275, 0.13162963)
(0.86119926, 0.74495047, 0.57685846, 0.25447479, 0.34927282, 0.33498985, 0.58229160, 0.73125011, 0.38012287, 0.64134175)
(0.76797092, 0.10398266, 0.52805334, 0.50071812, 0.59794754, 0.31194788, 0.82714301, 0.48745096, 0.69673836, 0.32983750)
(0.90986520, 0.28070396, 0.20108940, 0.12974691, 0.17834048, 0.78636009, 0.26508275, 0.11125225, 0.19287883, 0.81183106)
(0.62509978, 0.56278396, 0.52448493, 0.42248300, 0.40940154, 0.48136351, 0.57085347, 0.71659797, 0.61467451, 0.42432243)
(0.53651142, 0.74744368, 0.51497871, 0.17329766, 0.17540197, 0.75699145, 0.27438807, 0.72362065, 0.71264374, 0.53052014)
(0.49638337, 0.67450750, 0.46424201, 0.94408780, 0.46365163, 0.23292895, 0.47596544, 0.85087436, 0.60701805, 0.08300027)
(0.79948944, 0.31204075, 0.25559810, 0.90419638, 0.83800989, 0.29069036, 0.72553378, 0.32566562, 0.10255378, 0.48065695)
(0.61720967, 0.54367006, 0.51448047, 0.65434426, 0.56230789, 0.35334808, 0.46469921, 0.43548635, 0.31163192, 0.56392258)
(0.71852767, 0.80325282, 0.54456228, 0.57139575, 0.43533742, 0.43944150, 0.17019346, 0.26374948, 0.14885665, 0.79850149)
(0.88358736, 0.54311061, 0.23849653, 0.32429007, 0.10910765, 0.31986564, 0.40605989, 0.63826740, 0.23843889, 0.38429058)
(0.82096088, 0.37434590, 0.77796704, 0.60374188, 0.17581503, 0.05523151, 0.55112475, 0.74297702, 0.70663124, 0.14859857)
(0.73198897, 0.54894358, 0.56514245, 0.83630341, 0.48113611, 0.13934802, 0.56307077, 0.69592631, 0.38806203, 0.24577795)
(0.58049190, 0.58954430, 0.39271539, 0.30496389, 0.27824020, 0.64665931, 0.42451572, 0.65762192, 0.55617356, 0.48290187)
(0.68326890, 0.47529346, 0.38323584, 0.27411720, 0.30787808, 0.58800596, 0.48662624, 0.54466230, 0.48039052, 0.55514461)
(0.65464842, 0.54420084, 0.60053116, 0.37548095, 0.51719946, 0.44798708, 0.51629812, 0.47120869, 0.45669785, 0.66470963)
(0.78702062, 0.60478598, 0.86197883, 0.29265225, 0.42156550, 0.22086607, 0.47120807, 0.53137678, 0.62055629, 0.65998441)
(0.82218993, 0.42148536, 0.74020010, 0.32941386, 0.29826340, 0.17243746, 0.50646204, 0.52362245, 0.53672278, 0.50868535)
(0.64221674, 0.42187813, 0.43749994, 0.81180638, 0.77824515, 0.33453181, 0.75495434, 0.61218870, 0.39930594, 0.36290818)
(0.53217852, 0.78397197, 0.44680461, 0.55280572, 0.70650035, 0.72313476, 0.51156098, 0.56821638, 0.36049682, 0.71500754)
(0.52824849, 0.58162856, 0.30708346, 0.67310041, 0.53232336, 0.58633262, 0.70002627, 0.84693837, 0.61871368, 0.22678612)
(0.67206740, 0.87283492, 0.40299645, 0.69131082, 0.45002812, 0.60403854, 0.09146691, 0.19120018, 0.08739221, 0.82509249)
(0.47181574, 0.46639061, 0.18594967, 0.48809206, 0.47072068, 0.89098710, 0.32097125, 0.31379342, 0.37926489, 0.59198970)
(0.59539902, 0.65980047, 0.51703161, 0.39494002, 0.41898149, 0.58156663, 0.59903169, 0.82263845, 0.70190179, 0.38623160)
(0.69035441, 0.77397197, 0.65777272, 0.29968223, 0.40223068, 0.59716350, 0.22044714, 0.31336161, 0.33917272, 0.83311331)
(0.54847825, 0.54074293, 0.42114246, 0.47390354, 0.48712334, 0.58544636, 0.64499056, 0.77043062, 0.64837790, 0.36471137)
(0.79261774, 0.51438254, 0.55078965, 0.38832790, 0.70241654, 0.40705132, 0.86437970, 0.81082124, 0.61634201, 0.48472646)
(0.83984172, 0.29380906, 0.08403241, 0.56519824, 0.51616925, 0.67365462, 0.76525134, 0.52681929, 0.18924499, 0.44324902)
(0.56794530, 0.57074922, 0.49897185, 0.18648034, 0.38030183, 0.75891596, 0.46203563, 0.58963448, 0.68724853, 0.63863701)
(0.54842794, 0.40758920, 0.64660639, 0.52071363, 0.51725483, 0.42934605, 0.63743079, 0.67781979, 0.76096535, 0.35583690)
(0.81709659, 0.55963337, 0.31316075, 0.43868458, 0.70680457, 0.49684441, 0.87812620, 0.82802111, 0.42895740, 0.47163916)
(0.66302580, 0.53830868, 0.45157194, 0.41348046, 0.60794574, 0.54504740, 0.69587225, 0.65479439, 0.49758369, 0.55502856)
(0.80032980, 0.35044995, 0.13354559, 0.63860530, 0.78613681, 0.67057097, 0.92976069, 0.85318160, 0.47280520, 0.27172109)
(0.84947509, 0.45881748, 0.38599038, 0.45588735, 0.06972331, 0.14861706, 0.27709702, 0.56060863, 0.30031937, 0.25748429)
(0.64119047, 0.33662912, 0.21696253, 0.87384719, 0.88131166, 0.58722794, 0.77231205, 0.46422455, 0.25893831, 0.42145500)
(0.94517332, 0.57172966, 0.47264269, 0.62940156, 0.24551974, 0.05897813, 0.54559690, 0.60015726, 0.11284133, 0.42527249)
(0.70554465, 0.42947561, 0.30309990, 0.32894117, 0.19758941, 0.54795307, 0.44472256, 0.60348439, 0.47890455, 0.38684458)
(0.76788396, 0.65897769, 0.20250763, 0.69010586, 0.50976717, 0.43398097, 0.83491975, 0.92708665, 0.46324265, 0.17585529)
(0.59732002, 0.66905200, 0.55441439, 0.61892188, 0.52436441, 0.39835775, 0.64259171, 0.81425267, 0.61526155, 0.33706391)
(0.82457674, 0.84663612, 0.77489287, 0.67152739, 0.26753443, 0.09541392, 0.50131601, 0.89537889, 0.53736597, 0.26485640)
(0.73429537, 0.60723889, 0.67365646, 0.53905129, 0.58219558, 0.27289960, 0.49851668, 0.44603127, 0.32798427, 0.66948426)
(0.92455137, 0.30391246, 0.22588997, 0.26956791, 0.19987120, 0.44156879, 0.44461265, 0.23875725, 0.14012274, 0.66941625)
(0.67936653, 0.70167208, 0.59031838, 0.63721019, 0.51862663, 0.29540053, 0.67572790, 0.84029442, 0.57688445, 0.32757190)
(0.42744556, 0.35840014, 0.33767828, 0.46401080, 0.17944677, 0.69440931, 0.38017181, 0.69810432, 0.78684205, 0.19051154)
(0.64405411, 0.47123888, 0.54032087, 0.40887934, 0.43270242, 0.47737402, 0.72734386, 0.83546919, 0.78704500, 0.28459629)
(0.90810585, 0.36128679, 0.35731426, 0.57573754, 0.18752883, 0.10996071, 0.55196565, 0.54858488, 0.19518220, 0.30301672)
(0.83678615, 0.17616399, 0.22233053, 0.67774612, 0.35097480, 0.22787324, 0.85989523, 0.83253264, 0.55484074, 0.09903473)
(0.84055805, 0.19531922, 0.19854218, 0.26420280, 0.17614530, 0.49868482, 0.62302822, 0.57568330, 0.46647710, 0.31844670)
(0.72346532, 0.56516057, 0.53099740, 0.77183324, 0.52072728, 0.19150935, 0.56499672, 0.62917340, 0.33079222, 0.36068672)
(0.73654407, 0.37912050, 0.31887457, 0.61622167, 0.64216375, 0.38956085, 0.79594988, 0.67374188, 0.38697255, 0.38903847)
(0.72348911, 0.76569825, 0.57819766, 0.57164252, 0.54029191, 0.43236378, 0.21568912, 0.23020203, 0.15337850, 0.82489890)
(0.84345007, 0.21332456, 0.12064493, 0.32995266, 0.03467017, 0.45399773, 0.31111223, 0.54507571, 0.37491348, 0.16268605)
(0.66463381, 0.24477467, 0.27896565, 0.79719305, 0.65570402, 0.46811229, 0.48525417, 0.18264785, 0.18406901, 0.53472006)
(0.74952829, 0.42716056, 0.67943424, 0.15088226, 0.23229155, 0.45232043, 0.49666640, 0.61309665, 0.74687010, 0.52464664)
(0.86650193, 0.73400193, 0.49071604, 0.37286454, 0.34263995, 0.39598134, 0.29432094, 0.30954796, 0.12955576, 0.81640404)
(0.59722769, 0.33481094, 0.41634768, 0.20720778, 0.17530760, 0.66226554, 0.43128589, 0.61932415, 0.75745779, 0.36075616)
(0.42797762, 0.57917416, 0.77884942, 0.32551154, 0.53568250, 0.71023011, 0.30425009, 0.32115918, 0.73775578, 0.74776059)
(0.68739331, 0.66940069, 0.72953314, 0.66407579, 0.59676325, 0.24091361, 0.38407078, 0.41031602, 0.33379295, 0.65676540)
(0.31510988, 0.66322201, 0.64908046, 0.40850100, 0.32468861, 0.74631572, 0.30875343, 0.70881879, 0.85264993, 0.38468462)
(0.74023139, 0.22630566, 0.40979353, 0.40558425, 0.42903915, 0.41857141, 0.76489234, 0.69318449, 0.66770464, 0.29403010)
(0.71465182, 0.45260915, 0.52226943, 0.26097065, 0.52748060, 0.55190390, 0.74392557, 0.72359240, 0.67569697, 0.51043272)
(0.36366829, 0.42875177, 0.55994999, 0.87348032, 0.81796807, 0.56714672, 0.32670683, 0.20157410, 0.40617150, 0.58344042)
(0.77278233, 0.30012193, 0.09547202, 0.72225779, 0.65233946, 0.66184664, 0.76805973, 0.53462446, 0.20688191, 0.38550639)
(0.70667356, 0.26220033, 0.66427428, 0.23841113, 0.43064553, 0.45877925, 0.61072010, 0.45941836, 0.71751630, 0.55401528)
(0.42298475, 0.31181037, 0.33101073, 0.87194884, 0.67751849, 0.50948286, 0.42915896, 0.31126255, 0.36808580, 0.35418323)
(0.49450302, 0.55755913, 0.80638981, 0.22333531, 0.51103574, 0.75791955, 0.26542935, 0.23417754, 0.75429219, 0.82777357)
(0.65035933, 0.12004059, 0.34854344, 0.59192705, 0.48804635, 0.53498214, 0.80818623, 0.70229381, 0.81039888, 0.14949267)
(0.94405538, 0.39220920, 0.11540014, 0.48171952, 0.09888787, 0.23004536, 0.56352538, 0.64821666, 0.12035231, 0.25811470)
(0.69845957, 0.50407487, 0.28405187, 0.43058991, 0.49817801, 0.83971632, 0.18529983, 0.09377169, 0.16336972, 0.84665543)
(0.92739218, 0.76616645, 0.18012807, 0.12984504, 0.17975652, 0.58619529, 0.79098171, 0.94460517, 0.44595805, 0.38643819)
(0.59760356, 0.64345753, 0.72608757, 0.59102511, 0.45756766, 0.27766332, 0.43174666, 0.59606916, 0.54267734, 0.48884252)
(0.57260811, 0.77797467, 0.56353444, 0.28388864, 0.28513625, 0.63210028, 0.40727389, 0.79446590, 0.68041861, 0.48149943)
(0.72253323, 0.61752045, 0.79614741, 0.22907977, 0.61041123, 0.47146443, 0.51098049, 0.38562483, 0.54455435, 0.82885551)
(0.72241962, 0.56831795, 0.68828940, 0.16217163, 0.71451551, 0.80915642, 0.46519920, 0.20016634, 0.52333748, 0.92096108)
(0.61607999, 0.49223918, 0.87077558, 0.36634842, 0.41451156, 0.31640917, 0.50242293, 0.61973202, 0.85008901, 0.46134892)
(0.91961735, 0.13620271, 0.09264663, 0.09285887, 0.06431219, 0.75884539, 0.46304876, 0.37993860, 0.42649877, 0.41206801)
(0.51465827, 0.56024885, 0.57517594, 0.89115399, 0.95981032, 0.63378698, 0.81077045, 0.63514096, 0.54143733, 0.47700673)
(0.76009858, 0.64309716, 0.88165504, 0.77365637, 0.47779787, 0.06220212, 0.38625300, 0.52893651, 0.46504468, 0.43661767)
(0.63221914, 0.86909062, 0.57688409, 0.36295480, 0.42453501, 0.55364984, 0.48358896, 0.81932479, 0.53071618, 0.58736122)
(0.79233384, 0.60350055, 0.46803635, 0.58072317, 0.09474608, 0.11888560, 0.28488308, 0.67714792, 0.35347334, 0.21785039)
(0.46436551, 0.82170707, 0.60156167, 0.44982749, 0.82525444, 0.81896025, 0.62111831, 0.69880158, 0.62312388, 0.74149370)
(0.55417609, 0.52480602, 0.45758462, 0.29551625, 0.29293361, 0.65015835, 0.47667339, 0.71077955, 0.70003605, 0.41290787)
(0.91755360, 0.28729630, 0.24263637, 0.35994181, 0.16567490, 0.21525505, 0.66157746, 0.65383983, 0.29115826, 0.29066917)
(0.58903390, 0.51814985, 0.59874713, 0.32532573, 0.27456158, 0.65201867, 0.13796254, 0.17265952, 0.44814384, 0.74811721)
(0.65692073, 0.86253703, 0.54446101, 0.70371395, 0.82455045, 0.66690207, 0.20499964, 0.14793007, 0.09807198, 0.92097420)
(0.80755800, 0.55299890, 0.11881349, 0.69791985, 0.26067236, 0.38092312, 0.64702511, 0.81963170, 0.24616748, 0.18120274)
(0.57887632, 0.64767236, 0.40763131, 0.32465765, 0.42398256, 0.71406084, 0.47413361, 0.61773747, 0.52144879, 0.60229629)
(0.87850428, 0.22347936, 0.55590487, 0.31293914, 0.30398583, 0.17027435, 0.66154307, 0.48361912, 0.45254990, 0.45006633)
(0.38835388, 0.53755456, 0.52863002, 0.49525666, 0.72040188, 0.83897358, 0.79150003, 0.90732431, 0.92655289, 0.25155050)
(0.91421539, 0.35433179, 0.32403037, 0.40027967, 0.24896547, 0.15441360, 0.78756213, 0.81883746, 0.38926774, 0.24583140)
(0.69906276, 0.71518481, 0.72068620, 0.68115932, 0.67978454, 0.26850647, 0.43327478, 0.43018419, 0.30858198, 0.69634998)
(0.71271366, 0.63020730, 0.71538907, 0.37039480, 0.53367251, 0.32664409, 0.60605586, 0.64470518, 0.55041176, 0.61054647)
(0.49778837, 0.50143456, 0.41747332, 0.55766493, 0.51318008, 0.61055607, 0.63823634, 0.76436746, 0.68756676, 0.31393343)
(0.73679012, 0.59557378, 0.40382072, 0.94257092, 0.67350429, 0.15608341, 0.75781631, 0.84870243, 0.38952583, 0.11866450)
(0.30404010, 0.78345591, 0.66336828, 0.36115015, 0.15128404, 0.75330973, 0.14010821, 0.70451796, 0.84949368, 0.37330884)
(0.92311323, 0.32318038, 0.23218310, 0.21069457, 0.05327697, 0.37469885, 0.22888371, 0.28045321, 0.19073398, 0.50834978)
(0.73922354, 0.26334456, 0.24007933, 0.55802333, 0.27962816, 0.40220663, 0.58401024, 0.56375349, 0.40973750, 0.26730713)
(0.72515059, 0.51627123, 0.61724645, 0.40473211, 0.56746221, 0.34137309, 0.74626285, 0.74218643, 0.61083412, 0.47712263)
(0.86831588, 0.53511786, 0.53270298, 0.73316234, 0.40245235, 0.09108388, 0.63965118, 0.70912206, 0.27008611, 0.31510454)
(0.48409784, 0.35618389, 0.41322598, 0.91499001, 0.84038645, 0.43607649, 0.60997856, 0.43585050, 0.38387933, 0.32270184)
(0.89901400, 0.17090760, 0.38546351, 0.48569250, 0.29014322, 0.12137052, 0.81741989, 0.75100249, 0.51170713, 0.18186378)
(0.65988392, 0.43628436, 0.50457156, 0.39758086, 0.33092082, 0.45405558, 0.62178445, 0.76305252, 0.71519828, 0.29896352)
(0.80403584, 0.67805380, 0.49388626, 0.49447069, 0.68043113, 0.36184826, 0.75659353, 0.69718570, 0.31844190, 0.62678051)
(0.63002026, 0.29333881, 0.58552438, 0.49415323, 0.55602425, 0.39106950, 0.54490989, 0.32349378, 0.49302664, 0.57786095)
(0.71351033, 0.10656872, 0.27488577, 0.09621160, 0.09315198, 0.81943744, 0.49630484, 0.56779784, 0.88809747, 0.24660948)
(0.48025301, 0.27571326, 0.40415126, 0.90659475, 0.42288178, 0.25414214, 0.44914389, 0.55780190, 0.56188482, 0.11312881)
(0.71567869, 0.48181561, 0.39391455, 0.23348996, 0.20960547, 0.56754518, 0.45647588, 0.62760854, 0.55270946, 0.46916667)
(0.37579742, 0.47997707, 0.36098516, 0.55702817, 0.25029013, 0.66821587, 0.34942734, 0.67986244, 0.70744836, 0.24194595)
(0.52840632, 0.51786780, 0.64595079, 0.48145100, 0.40148121, 0.44676292, 0.53393352, 0.71249050, 0.75540054, 0.35122088)
(0.52218378, 0.49923345, 0.54671681, 0.56708366, 0.67887175, 0.59618765, 0.77776051, 0.83535266, 0.80512083, 0.30376238)
(0.57866430, 0.38325804, 0.31664911, 0.66326529, 0.46986496, 0.49281678, 0.69877309, 0.75987554, 0.60974181, 0.21091726)
(0.47042546, 0.37197173, 0.32603529, 0.44114774, 0.10958707, 0.62043071, 0.27835965, 0.64089137, 0.72805351, 0.19162700)
(0.81012034, 0.59675103, 0.53670478, 0.25901905, 0.65566283, 0.49405283, 0.82504737, 0.76622742, 0.54647702, 0.62979782)
(0.71270198, 0.65306246, 0.66655755, 0.68676895, 0.75726467, 0.29026175, 0.63539296, 0.54597425, 0.35579342, 0.62758923)
(0.74108613, 0.28380904, 0.28496215, 0.46797693, 0.52629966, 0.51815897, 0.84172618, 0.80710542, 0.64678508, 0.25409004)
(0.52788675, 0.53652042, 0.64597982, 0.69245732, 0.91801506, 0.80830252, 0.29336849, 0.06542582, 0.27704281, 0.91669637)
(0.42684948, 0.62120414, 0.67633331, 0.49719137, 0.51147515, 0.54746169, 0.42592326, 0.57827967, 0.67282760, 0.53584188)
(0.85215664, 0.67171979, 0.63619047, 0.70857549, 0.75597823, 0.17349193, 0.76260763, 0.67476934, 0.26746440, 0.56839323)
(0.69446117, 0.18476486, 0.52077347, 0.76718056, 0.51501435, 0.21643016, 0.79924256, 0.73088855, 0.74115157, 0.12741800)
(0.88712955, 0.31217626, 0.18971610, 0.61811435, 0.80668646, 0.46480855, 0.90338606, 0.59112185, 0.19430327, 0.54710525)
(0.82284403, 0.74464464, 0.64965141, 0.49571252, 0.44998491, 0.25768754, 0.35078889, 0.40496853, 0.19738239, 0.74632668)
(0.91442496, 0.70249683, 0.43473065, 0.25275320, 0.06045365, 0.16572429, 0.54841501, 0.93672723, 0.57359195, 0.16292331)
(0.50440329, 0.72836041, 0.50349683, 0.35548437, 0.24844767, 0.62740290, 0.30691981, 0.69497830, 0.59637833, 0.47389039)
(0.68584317, 0.62608451, 0.34225851, 0.85584629, 0.16067182, 0.13172790, 0.32976952, 0.77857822, 0.36486444, 0.10469537)
(0.62848264, 0.69691843, 0.46244511, 0.55120021, 0.63521439, 0.56153834, 0.48055586, 0.45066151, 0.27385658, 0.72030950)
(0.53875941, 0.35278785, 0.15642376, 0.68670040, 0.29173240, 0.61853904, 0.43860736, 0.57223064, 0.42009678, 0.22552487)
(0.81279463, 0.35964268, 0.78283924, 0.25433451, 0.30001861, 0.22313513, 0.41492751, 0.33472341, 0.54273921, 0.64482558)
(0.92359489, 0.42902631, 0.30422843, 0.38351491, 0.14811420, 0.13899595, 0.68992412, 0.82327843, 0.34664255, 0.21955311)
(0.50438058, 0.37212536, 0.17918250, 0.53399628, 0.44747463, 0.85577321, 0.31762448, 0.26020569, 0.34172472, 0.55625004)
(0.50150663, 0.60584122, 0.66936123, 0.40334818, 0.52724200, 0.53293300, 0.53701049, 0.65828037, 0.69903028, 0.53488833)
(0.66801912, 0.74163133, 0.83524555, 0.29999843, 0.31992075, 0.40653181, 0.18265329, 0.32652605, 0.51588225, 0.77958554)
(0.80140036, 0.16735080, 0.43980923, 0.34304017, 0.63204819, 0.43938479, 0.89607215, 0.74610907, 0.73312420, 0.33322191)
(0.93095493, 0.34503403, 0.49351400, 0.56639200, 0.47977200, 0.09020770, 0.79138446, 0.64155114, 0.23435710, 0.41437781)
(0.42863131, 0.66320783, 0.64299560, 0.63031501, 0.42207423, 0.45365548, 0.35645652, 0.63659465, 0.63616318, 0.40515640)
(0.59585828, 0.36022311, 0.25621855, 0.83123332, 0.51294440, 0.40540799, 0.70788193, 0.76359493, 0.52333051, 0.13507283)
(0.71795171, 0.29928851, 0.27909121, 0.36180538, 0.39006767, 0.57645619, 0.68879217, 0.63730437, 0.53890979, 0.38326600)
(0.68787521, 0.29423055, 0.11915750, 0.63855666, 0.39259043, 0.67376798, 0.52188402, 0.39931169, 0.24143636, 0.39298984)
(0.70064813, 0.34163806, 0.50683022, 0.75783831, 0.25572759, 0.12331669, 0.48036814, 0.61747521, 0.48205137, 0.16403535)
(0.82978344, 0.29508331, 0.14138462, 0.71562570, 0.06779850, 0.19805807, 0.29867792, 0.51108772, 0.18485381, 0.13185921)
(0.26212266, 0.71225387, 0.58904958, 0.47955796, 0.14830284, 0.76192898, 0.06379812, 0.36971888, 0.72968793, 0.45252705)
(0.71823418, 0.54033643, 0.94909161, 0.13019364, 0.43307504, 0.44998226, 0.26135033, 0.20771195, 0.80420482, 0.87012118)
(0.52508819, 0.36786270, 0.51333094, 0.30229321, 0.49281186, 0.68659562, 0.63676882, 0.65372270, 0.77950883, 0.45226815)
(0.92532921, 0.63316023, 0.48000732, 0.14664561, 0.03013636, 0.20447841, 0.24580890, 0.72378576, 0.42878881, 0.34403494)
(0.88688737, 0.58876157, 0.27093139, 0.14274877, 0.14520818, 0.78563857, 0.17243323, 0.19860531, 0.18990183, 0.82699102)
(0.38851961, 0.29135111, 0.38974819, 0.84217232, 0.70688927, 0.60954332, 0.33679530, 0.18599434, 0.37321648, 0.49010009)
(0.37213337, 0.57873833, 0.24058367, 0.54740298, 0.14402147, 0.74600291, 0.24075632, 0.71697366, 0.67807102, 0.18642165)
(0.77420652, 0.18299137, 0.56329983, 0.27746481, 0.30669436, 0.32486466, 0.62876564, 0.47547093, 0.65895218, 0.41267368)
(0.74992162, 0.53488499, 0.44652405, 0.73410475, 0.85116345, 0.45226189, 0.58550811, 0.24875292, 0.13800699, 0.78292477)
(0.50252497, 0.62582910, 0.48176894, 0.77994108, 0.79087591, 0.53751838, 0.50024337, 0.41755453, 0.32723695, 0.62349689)
(0.67116201, 0.40199244, 0.62256444, 0.24029291, 0.44797179, 0.55133259, 0.46955419, 0.33658710, 0.56339437, 0.71830964)
(0.72244251, 0.28740469, 0.57012987, 0.29438046, 0.28329101, 0.36586812, 0.57218546, 0.57315934, 0.67670721, 0.39734617)
(0.71528232, 0.22997163, 0.82669580, 0.07084800, 0.22238034, 0.62460887, 0.54889512, 0.57464105, 0.94927347, 0.48836169)
(0.84284127, 0.38450825, 0.34687474, 0.51238644, 0.10915916, 0.16823681, 0.41956717, 0.62657017, 0.34489840, 0.21565340)
(0.50260860, 0.20438273, 0.20659891, 0.77755374, 0.37871075, 0.57595056, 0.62788451, 0.67591435, 0.66940403, 0.10946099)
(0.48879921, 0.62952954, 0.35125741, 0.69687998, 0.69038218, 0.65025955, 0.61386311, 0.67110586, 0.44914719, 0.45241165)
(0.56298232, 0.67413157, 0.75262070, 0.49952611, 0.56621909, 0.39275855, 0.61596060, 0.77800620, 0.74957478, 0.43883967)
(0.47768548, 0.44101870, 0.24572764, 0.51004779, 0.58515137, 0.85581762, 0.40208209, 0.30251807, 0.38501215, 0.63348085)
(0.57105041, 0.46916565, 0.47512665, 0.26705804, 0.53971082, 0.74768817, 0.66412342, 0.70081103, 0.74878454, 0.51822507)
(0.92909753, 0.57974190, 0.08613986, 0.64732534, 0.11318941, 0.21957205, 0.64692843, 0.88723725, 0.17116091, 0.11681278)
(0.84572929, 0.23572257, 0.32768074, 0.17415796, 0.20092615, 0.45593452, 0.71562415, 0.72250849, 0.64741904, 0.32456326)
(0.46349594, 0.45541254, 0.74352735, 0.48445478, 0.47962454, 0.47110823, 0.46927366, 0.52389044, 0.77254647, 0.46433792)
(0.45902467, 0.59093601, 0.66773093, 0.80880284, 0.69782466, 0.36047480, 0.38565838, 0.41273549, 0.46210283, 0.51585519)
(0.65619069, 0.50194067, 0.77066314, 0.33502296, 0.45000640, 0.43253991, 0.28478235, 0.22757518, 0.49350578, 0.77611643)
(0.63319176, 0.47883031, 0.41896394, 0.49578977, 0.67656434, 0.80173749, 0.22038034, 0.07398668, 0.20434892, 0.87947994)
(0.47159860, 0.71439517, 0.63535702, 0.34884894, 0.56507277, 0.69923395, 0.59155691, 0.80173922, 0.78689647, 0.50152522)
(0.77276134, 0.65848440, 0.38019034, 0.21198925, 0.30269429, 0.59298611, 0.64894313, 0.82864302, 0.57189327, 0.47719744)
(0.79883945, 0.46603331, 0.30537516, 0.51090747, 0.16439445, 0.29059014, 0.73738432, 0.93833333, 0.71343458, 0.08511338)
(0.86552644, 0.67614698, 0.61687326, 0.59048098, 0.64371252, 0.17338049, 0.76483810, 0.74470872, 0.31827846, 0.53368038)
(0.51903373, 0.44255421, 0.26791605, 0.56761193, 0.55726993, 0.74905467, 0.75487101, 0.84892887, 0.74291682, 0.21773474)
(0.64680022, 0.52662379, 0.28897458, 0.61065853, 0.35702622, 0.45876339, 0.57128054, 0.72630244, 0.43503922, 0.28572950)
(0.50824785, 0.45447931, 0.31622845, 0.78908235, 0.65098852, 0.52069736, 0.64144307, 0.64543045, 0.46374956, 0.29172674)
(0.81220609, 0.55647492, 0.14714567, 0.67042542, 0.03335207, 0.19885851, 0.21724531, 0.74354160, 0.26632592, 0.08605207)
(0.85024059, 0.38360059, 0.42459875, 0.32849213, 0.59202230, 0.36656776, 0.86820418, 0.78598696, 0.53292155, 0.44707653)
(0.79319912, 0.30244401, 0.45890510, 0.58273041, 0.27365339, 0.16934301, 0.49898615, 0.45910376, 0.33795890, 0.33377329)
(0.75451553, 0.70599926, 0.47251889, 0.37283331, 0.53088647, 0.48100397, 0.82776308, 0.92424035, 0.69247943, 0.33884975)
(0.49047145, 0.53459245, 0.41061684, 0.83809811, 0.84862620, 0.58874303, 0.51419079, 0.33463454, 0.27783152, 0.61372191)
(0.34218276, 0.88594478, 0.64709061, 0.34933865, 0.65356559, 0.91938394, 0.17830874, 0.35818961, 0.56497550, 0.87178242)
(0.56488973, 0.27661952, 0.17648152, 0.58073568, 0.59634727, 0.85876358, 0.38574132, 0.16749170, 0.27817768, 0.63490313)
(0.76963145, 0.44320801, 0.42055529, 0.64448208, 0.04617703, 0.10466469, 0.30426091, 0.78335434, 0.58485878, 0.07009269)
(0.44767138, 0.79998970, 0.44949543, 0.49805158, 0.57463920, 0.85135210, 0.16142963, 0.25204083, 0.29149762, 0.82329428)
(0.78009850, 0.58857107, 0.71571434, 0.43499514, 0.61638963, 0.28076962, 0.53940761, 0.39937237, 0.33522129, 0.74649185)
(0.88157302, 0.30118206, 0.41348013, 0.35204077, 0.50807136, 0.24798490, 0.86114085, 0.75642908, 0.47712123, 0.39425823)
(0.90849495, 0.72163874, 0.18851480, 0.44503295, 0.39540830, 0.42921969, 0.69851583, 0.73152554, 0.12750177, 0.58902210)
(0.75248724, 0.50364769, 0.84173381, 0.18384919, 0.28362054, 0.32766822, 0.46856087, 0.60427934, 0.79820830, 0.55756485)
(0.94003373, 0.78468448, 0.15537232, 0.50736707, 0.06773472, 0.15432672, 0.50926894, 0.91537917, 0.17591411, 0.15463625)
(0.70993382, 0.81017226, 0.52747208, 0.23423412, 0.23360643, 0.78731418, 0.09009799, 0.21914272, 0.27191368, 0.85772938)
(0.58198786, 0.67356873, 0.88517308, 0.41711590, 0.65308964, 0.37183890, 0.50214612, 0.51358312, 0.71865660, 0.70191777)
(0.69147325, 0.68500888, 0.57239211, 0.19473979, 0.35867551, 0.78491890, 0.18105744, 0.21190481, 0.38630933, 0.86768055)
(0.77982980, 0.59734589, 0.66446775, 0.47572589, 0.39386946, 0.20037875, 0.74981362, 0.88942933, 0.71261334, 0.25493810)
(0.56718081, 0.36793798, 0.15763423, 0.94563925, 0.36628863, 0.30753309, 0.66397905, 0.87239712, 0.56279558, 0.03160152)
(0.89072353, 0.50465614, 0.76951081, 0.34191734, 0.48161587, 0.12827349, 0.65499318, 0.55225933, 0.40518960, 0.63453555)
(0.74594408, 0.27868262, 0.31916183, 0.34181517, 0.26910409, 0.51375431, 0.72161692, 0.79474199, 0.71660346, 0.21625738)
(0.64150852, 0.50578243, 0.55581331, 0.36891386, 0.55685437, 0.51411146, 0.75950760, 0.81187212, 0.74271345, 0.40089735)
(0.74207306, 0.48509678, 0.75224948, 0.71953613, 0.61006409, 0.13897820, 0.84796119, 0.89965737, 0.80774546, 0.16415453)
(0.68911421, 0.79857880, 0.56823486, 0.58149439, 0.67994314, 0.51149219, 0.39662090, 0.40113503, 0.22419789, 0.80005020)
(0.69501424, 0.73862910, 0.63763106, 0.31536186, 0.38147452, 0.45717067, 0.44770905, 0.65180534, 0.50835776, 0.62852967)
(0.84596354, 0.39753166, 0.05650003, 0.58752024, 0.04300278, 0.43136889, 0.35024759, 0.74675286, 0.23116933, 0.09513104)
(0.78267771, 0.79445714, 0.61645621, 0.72456574, 0.81564081, 0.29811820, 0.82509059, 0.82899797, 0.43093038, 0.50791496)
(0.85611379, 0.48005390, 0.79987347, 0.30159205, 0.43623036, 0.15453105, 0.63975525, 0.60144550, 0.55820626, 0.57448661)
(0.67194116, 0.30618969, 0.51442641, 0.51931059, 0.33394787, 0.29541454, 0.57842678, 0.59703630, 0.59964830, 0.29968891)
(0.73035681, 0.33937815, 0.80663919, 0.63975310, 0.56188267, 0.13334496, 0.59922695, 0.46781522, 0.59370589, 0.43499282)
(0.52450007, 0.73361737, 0.54816079, 0.24949640, 0.70673645, 0.92430848, 0.28415295, 0.20636544, 0.48340634, 0.91201270)
(0.81903774, 0.30861169, 0.05421924, 0.41229951, 0.30911571, 0.79453343, 0.73710680, 0.71759534, 0.34228301, 0.28755695)
(0.55646348, 0.43752024, 0.41725028, 0.34707665, 0.15886521, 0.54184180, 0.35054496, 0.63832456, 0.65847999, 0.31065077)
(0.85909861, 0.73557484, 0.45748192, 0.54504907, 0.54784089, 0.35180146, 0.45936280, 0.38412932, 0.10163737, 0.79300714)
(0.76511973, 0.55529183, 0.73677588, 0.27598202, 0.68634492, 0.42480132, 0.65702039, 0.44743353, 0.49341118, 0.79497111)
(0.73132133, 0.67347085, 0.76349932, 0.39470974, 0.60778087, 0.33475420, 0.48832864, 0.42495885, 0.40127069, 0.77516329)
(0.36806911, 0.58845401, 0.67730737, 0.33983308, 0.30130810, 0.68677443, 0.32911542, 0.64633018, 0.84337217, 0.42840439)
(0.91053206, 0.55463678, 0.54989231, 0.78389889, 0.70483625, 0.09486903, 0.81983310, 0.72329056, 0.20830311, 0.41797155)
(0.72296852, 0.54804218, 0.74473578, 0.57024354, 0.75112295, 0.25941443, 0.72073817, 0.57741600, 0.50665069, 0.61820453)
(0.79267806, 0.43458080, 0.49335906, 0.44307032, 0.34634063, 0.37751788, 0.27350414, 0.16691411, 0.19677964, 0.72723615)
(0.51846731, 0.46431631, 0.71993023, 0.43948582, 0.53487372, 0.50383645, 0.51099849, 0.51595539, 0.72642428, 0.53942895)
(0.62073749, 0.81627846, 0.95003515, 0.52426445, 0.88165522, 0.40589914, 0.35299680, 0.21420363, 0.54431754, 0.92473400)
(0.83904314, 0.25627744, 0.43135446, 0.31165001, 0.32102305, 0.29426125, 0.64098924, 0.48478797, 0.42164537, 0.47502902)
(0.60508555, 0.53833771, 0.83322990, 0.45081362, 0.57425994, 0.32329825, 0.62277234, 0.67664826, 0.79684979, 0.48092547)
(0.80075860, 0.24036407, 0.47494221, 0.29480344, 0.32093728, 0.33533570, 0.72275883, 0.67320728, 0.65183961, 0.33738351)
(0.60132104, 0.32497850, 0.44145736, 0.54168248, 0.34613726, 0.46270528, 0.55588073, 0.62600422, 0.65342534, 0.27606550)
(0.72100282, 0.31237277, 0.77074611, 0.26121578, 0.43639097, 0.34156615, 0.61699110, 0.51898855, 0.76322949, 0.52962625)
(0.88858956, 0.21811721, 0.08561517, 0.51438075, 0.46903399, 0.52026403, 0.88146442, 0.76414043, 0.31570405, 0.24875103)
(0.85256928, 0.70679593, 0.63529128, 0.61553109, 0.55178666, 0.15597229, 0.70877945, 0.77298164, 0.34724113, 0.47064400)
(0.92680085, 0.35743165, 0.22277938, 0.51368666, 0.07879518, 0.12849054, 0.49846485, 0.66948533, 0.21353012, 0.17799774)
(0.60036343, 0.41304603, 0.49105740, 0.33328250, 0.41648734, 0.58454382, 0.65944660, 0.74365705, 0.74975872, 0.37357813)
(0.53366089, 0.50187713, 0.48618281, 0.67596376, 0.77109653, 0.55094230, 0.66018230, 0.55103016, 0.47206536, 0.52018583)
(0.62127143, 0.83298093, 0.58549452, 0.55684346, 0.53508991, 0.54578632, 0.25991616, 0.42531812, 0.27828023, 0.75465083)
(0.82731140, 0.56693512, 0.61847103, 0.71623564, 0.21848358, 0.06547484, 0.49752608, 0.75036466, 0.39928308, 0.19935596)
(0.75478774, 0.63887775, 0.58731931, 0.17887601, 0.48996395, 0.57395440, 0.67613512, 0.71330208, 0.60960191, 0.67296922)
(0.74725592, 0.19828810, 0.31184107, 0.18697755, 0.19097143, 0.60475320, 0.59516579, 0.58652520, 0.68882960, 0.34674227)
(0.57831937, 0.66709930, 0.87206221, 0.27533525, 0.41611826, 0.50864553, 0.21510266, 0.28575507, 0.66212261, 0.79776746)
(0.78822511, 0.47936365, 0.51910061, 0.34199527, 0.63580441, 0.42001131, 0.74074405, 0.57075673, 0.41616955, 0.65634185)
(0.48488823, 0.53802627, 0.61756444, 0.40654820, 0.69863516, 0.67342222, 0.66871345, 0.67171681, 0.73692590, 0.56526065)
(0.55479234, 0.32398391, 0.64622462, 0.63719934, 0.49851075, 0.32419327, 0.59858328, 0.58458906, 0.71409631, 0.30540305)
(0.81882995, 0.42924130, 0.24036904, 0.13468193, 0.23065785, 0.84853315, 0.31719279, 0.25247639, 0.34846431, 0.77094918)
(0.65653753, 0.43057391, 0.33896998, 0.60458875, 0.65138459, 0.49909049, 0.77577740, 0.71924788, 0.49585342, 0.37050435)
(0.73833126, 0.10848894, 0.15682106, 0.75029278, 0.85576969, 0.71724749, 0.91022950, 0.56209928, 0.53421915, 0.28439662)
(0.73764735, 0.32767078, 0.13794234, 0.85912192, 0.35234860, 0.34429362, 0.83482301, 0.91847104, 0.57984954, 0.04293084)
(0.85567158, 0.26513237, 0.51325214, 0.37937158, 0.79455602, 0.46817625, 0.75466907, 0.23179308, 0.29640737, 0.80200887)
(0.70113701, 0.35706604, 0.37754551, 0.31991452, 0.36500913, 0.60042971, 0.79092276, 0.87831730, 0.81993377, 0.21462008)
(0.73317933, 0.20361760, 0.24773054, 0.67312711, 0.10579105, 0.20527916, 0.41863891, 0.56638181, 0.43991533, 0.10884593)
(0.63309568, 0.75676620, 0.59233862, 0.55789560, 0.47900033, 0.42133260, 0.68135160, 0.90611392, 0.72445548, 0.27450374)
(0.77023304, 0.55545014, 0.60062128, 0.64378506, 0.22938213, 0.14833553, 0.21773031, 0.34495994, 0.24164356, 0.47656089)
(0.58252174, 0.37147972, 0.70313686, 0.35200390, 0.43490645, 0.46194607, 0.59483087, 0.62183261, 0.80735022, 0.42354271)
(0.87115657, 0.43886378, 0.23957753, 0.38779223, 0.16214943, 0.30285513, 0.52315998, 0.63631594, 0.26342303, 0.34466803)
(0.47857675, 0.78317362, 0.64306056, 0.44516757, 0.66062170, 0.69254029, 0.37641114, 0.46244642, 0.47187391, 0.77831692)
(0.78746706, 0.32889804, 0.34338671, 0.74548811, 0.63059849, 0.23489587, 0.86613029, 0.79760134, 0.46131605, 0.20761530)
(0.86308348, 0.67893791, 0.54852235, 0.45040900, 0.28952736, 0.16717391, 0.60969478, 0.80945593, 0.38477764, 0.38159871)
(0.91354454, 0.30563018, 0.39995188, 0.40230134, 0.53889406, 0.25808075, 0.76471174, 0.45094845, 0.22870828, 0.60862792)
(0.87126273, 0.67296058, 0.44603324, 0.33354238, 0.42264420, 0.38983774, 0.54192370, 0.50640792, 0.19463834, 0.74998242)
(0.55640459, 0.55638367, 0.26237175, 0.62579751, 0.59260744, 0.67764992, 0.52639204, 0.50116730, 0.30270383, 0.54188555)
(0.82415611, 0.19604462, 0.21346821, 0.33077094, 0.13431282, 0.39479259, 0.68031096, 0.77358502, 0.62051076, 0.15211368)
(0.88139480, 0.42727190, 0.54441065, 0.23632076, 0.19249688, 0.22985077, 0.47254014, 0.50264782, 0.37545851, 0.54208547)
(0.67568761, 0.45474923, 0.59954274, 0.28307191, 0.73403299, 0.73779637, 0.55873549, 0.25837955, 0.49504957, 0.84331894)
(0.79949081, 0.31196073, 0.28784743, 0.58677405, 0.35924321, 0.27013442, 0.77377558, 0.79032248, 0.48666644, 0.19468012)
(0.85406566, 0.48734042, 0.48567513, 0.51902914, 0.84248519, 0.41818789, 0.76331645, 0.34649104, 0.17932326, 0.80610722)
(0.77294755, 0.19822441, 0.26316381, 0.37716308, 0.26054719, 0.44503972, 0.60356241, 0.47595403, 0.44472918, 0.36255392)
(0.66948628, 0.51154882, 0.65336037, 0.69463432, 0.71616185, 0.27448171, 0.65594870, 0.54972202, 0.45143858, 0.51258135)
(0.69633287, 0.46325180, 0.69920576, 0.75697273, 0.71835941, 0.20173873, 0.83725059, 0.83394098, 0.73019755, 0.23395400)
(0.64636552, 0.28286764, 0.12640853, 0.90886801, 0.21799505, 0.30745059, 0.65928769, 0.87848300, 0.58815682, 0.02673933)
(0.79484266, 0.28538480, 0.80710316, 0.04862026, 0.08146902, 0.58215123, 0.22887819, 0.30575940, 0.86942768, 0.64026088)
(0.92867088, 0.22842441, 0.35429677, 0.16987090, 0.21579479, 0.30109310, 0.66780072, 0.49217644, 0.36250621, 0.52051330)
(0.49683866, 0.20937856, 0.15277199, 0.85223603, 0.82228476, 0.81196052, 0.73925298, 0.50128609, 0.50964457, 0.26078251)
(0.86807948, 0.20146956, 0.22281598, 0.65676939, 0.20293981, 0.16075221, 0.72802043, 0.74311346, 0.40085074, 0.11402123)
(0.89850974, 0.66084385, 0.43588129, 0.28318825, 0.10456411, 0.21049488, 0.33717674, 0.63859713, 0.26084659, 0.46754119)
(0.93560958, 0.86317879, 0.11454887, 0.50269097, 0.03755065, 0.32648152, 0.12262595, 0.58454353, 0.04753910, 0.42426598)
(0.44211146, 0.32531798, 0.37148923, 0.90857661, 0.73830736, 0.41775987, 0.40604264, 0.26082763, 0.29898712, 0.39073786)
(0.39912188, 0.62322158, 0.81284833, 0.53263390, 0.32829598, 0.53335041, 0.09646318, 0.21825366, 0.63554448, 0.66089439)
(0.74434882, 0.56014448, 0.26892155, 0.63437164, 0.67615360, 0.47921190, 0.79995924, 0.76078933, 0.34419191, 0.40868178)
(0.73573482, 0.13971159, 0.56240755, 0.57779741, 0.35015455, 0.22335510, 0.69582832, 0.57674313, 0.73192728, 0.19432729)
(0.61215383, 0.60810536, 0.62844747, 0.38044554, 0.79902267, 0.70434052, 0.59213996, 0.37666631, 0.46989059, 0.82749742)
(0.75654519, 0.31159735, 0.59460378, 0.27524632, 0.66201812, 0.51921374, 0.70576036, 0.38307250, 0.53865480, 0.71640927)
(0.67552084, 0.44231749, 0.53625995, 0.55632925, 0.78401256, 0.45198748, 0.76918572, 0.55234259, 0.46541592, 0.59460288)
(0.80388993, 0.63784689, 0.80708736, 0.49165231, 0.45002374, 0.19351880, 0.21150248, 0.18747748, 0.23812670, 0.80854535)
(0.68496495, 0.54014158, 0.48054996, 0.61822796, 0.77939755, 0.46940947, 0.66983223, 0.45908508, 0.29582632, 0.66679573)
(0.75577211, 0.32837713, 0.60411686, 0.80127329, 0.20045218, 0.06468850, 0.47922432, 0.67456120, 0.55021042, 0.10587058)
(0.68303984, 0.28502896, 0.68163460, 0.57260013, 0.67005569, 0.29202425, 0.74918896, 0.55358678, 0.66154534, 0.43223941)
(0.60387957, 0.59542412, 0.40226236, 0.58908045, 0.61927021, 0.55755252, 0.76995271, 0.85347795, 0.65185523, 0.30034199)
(0.58893871, 0.64509541, 0.36384201, 0.91394895, 0.68247080, 0.30751002, 0.57545811, 0.68759829, 0.31297931, 0.25509602)
(0.43207940, 0.72354519, 0.70766342, 0.56501836, 0.78102136, 0.66782910, 0.40229142, 0.37568799, 0.50547761, 0.78424269)
(0.70599169, 0.65665698, 0.50483173, 0.65839750, 0.52597982, 0.34304792, 0.52493376, 0.61433893, 0.33742768, 0.48774719)
(0.68733627, 0.64725274, 0.60152531, 0.40587920, 0.47128510, 0.39326057, 0.70980024, 0.85151231, 0.69221121, 0.37259552)
(0.71148837, 0.62214202, 0.40122113, 0.59897655, 0.38990760, 0.33958259, 0.62167478, 0.79252201, 0.44864088, 0.30877858)
(0.68806225, 0.43162900, 0.66459948, 0.43753171, 0.66790771, 0.52066052, 0.35747874, 0.13503519, 0.33481503, 0.84097904)
(0.81803423, 0.59249598, 0.48018235, 0.28547528, 0.17162707, 0.32944298, 0.39600351, 0.62116563, 0.40353942, 0.48009315)
(0.48054269, 0.46129921, 0.36257038, 0.89388162, 0.87052816, 0.56934893, 0.54226726, 0.33127582, 0.26498151, 0.52016485)
(0.91955256, 0.30687490, 0.11316695, 0.52942628, 0.11125698, 0.23319380, 0.65155846, 0.75923151, 0.22514103, 0.15060341)
(0.41165054, 0.41041830, 0.22569475, 0.91966957, 0.65702575, 0.51508445, 0.35237575, 0.30871403, 0.23647408, 0.33868307)
(0.89941704, 0.32922074, 0.47272867, 0.22143917, 0.51118004, 0.32753676, 0.79232514, 0.55996954, 0.39515716, 0.62873030)
(0.84206885, 0.27671558, 0.52211839, 0.37280822, 0.17727154, 0.16082942, 0.48736033, 0.47684503, 0.42828140, 0.36127874)
(0.84189475, 0.66238368, 0.79082161, 0.25595611, 0.28643739, 0.20910721, 0.46185872, 0.64129668, 0.54723322, 0.59429049)
(0.89398849, 0.15510190, 0.42037371, 0.50738931, 0.20324355, 0.10300993, 0.69314933, 0.60178733, 0.45587903, 0.18888958)
(0.33979255, 0.82933015, 0.70492291, 0.24930842, 0.49062958, 0.85382295, 0.33404049, 0.71118033, 0.82800776, 0.66796511)
(0.94511372, 0.26960188, 0.12148874, 0.31918651, 0.15236720, 0.29310095, 0.74168831, 0.71174413, 0.22378220, 0.27505314)
(0.60948384, 0.48127279, 0.24687938, 0.53420949, 0.46776366, 0.63219291, 0.56321502, 0.55955923, 0.36280671, 0.47083262)
(0.64246839, 0.37837765, 0.42329901, 0.32192135, 0.27319893, 0.51244360, 0.49102867, 0.56669617, 0.57627684, 0.43000174)
(0.91036129, 0.42035940, 0.27504990, 0.35318235, 0.23981152, 0.20677447, 0.77644783, 0.83007920, 0.36326650, 0.27669963)
(0.84004974, 0.40155080, 0.41952497, 0.52414042, 0.75064737, 0.29955819, 0.87090135, 0.69001627, 0.35784924, 0.51378095)
(0.71664584, 0.66726273, 0.81369793, 0.55936164, 0.68174362, 0.24057169, 0.44840279, 0.38128895, 0.38700503, 0.75269175)
(0.87674373, 0.29130232, 0.44587478, 0.69744664, 0.44995305, 0.11526585, 0.79977834, 0.74195373, 0.41212499, 0.20913431)
(0.55939412, 0.33263651, 0.63856441, 0.33153826, 0.30623224, 0.55697602, 0.58668905, 0.73014921, 0.88481069, 0.27685514)
(0.77132881, 0.63983470, 0.45799825, 0.60462552, 0.67034322, 0.45197597, 0.39955357, 0.23416656, 0.11813255, 0.81825572)
(0.52910006, 0.36496985, 0.35355806, 0.60158110, 0.39016339, 0.53686196, 0.53306687, 0.61321604, 0.58219683, 0.28830764)
(0.86780506, 0.62514240, 0.59923303, 0.70145625, 0.72976804, 0.17798735, 0.65004891, 0.45753911, 0.14232503, 0.68661606)
(0.67834079, 0.21833833, 0.39028510, 0.34955919, 0.29254553, 0.53575468, 0.71551311, 0.75881767, 0.80359483, 0.20986567)
(0.79885167, 0.67941988, 0.61773700, 0.33617222, 0.69427079, 0.43724108, 0.72340584, 0.61773759, 0.39656848, 0.75206220)
(0.79072052, 0.57912832, 0.43829167, 0.65179324, 0.33844984, 0.17744879, 0.68208748, 0.84254473, 0.44674745, 0.21912771)
(0.69645441, 0.45819089, 0.58100551, 0.14300609, 0.19660531, 0.63678694, 0.52547151, 0.77031296, 0.84414810, 0.39067113)
(0.70698065, 0.59872568, 0.72289681, 0.31936631, 0.64168108, 0.44630170, 0.59844375, 0.48948449, 0.52086467, 0.74899864)
(0.63689011, 0.15978111, 0.27238637, 0.18289322, 0.10563613, 0.79013944, 0.37388399, 0.46416804, 0.80602545, 0.27892405)
(0.72299057, 0.44425747, 0.84657258, 0.31978238, 0.35889080, 0.25010085, 0.36798358, 0.34804827, 0.63385469, 0.64490896)
(0.85041279, 0.33065408, 0.68674940, 0.19287978, 0.52273238, 0.35872644, 0.63994044, 0.34442741, 0.48549715, 0.75679076)
(0.30398136, 0.73135364, 0.68623656, 0.43096519, 0.25982788, 0.77286094, 0.06567114, 0.24377926, 0.64035797, 0.68950820)
(0.70657837, 0.64729923, 0.15875900, 0.60654235, 0.81867945, 0.86570179, 0.67254573, 0.43973720, 0.16279994, 0.75660509)
(0.67410070, 0.63130033, 0.69181085, 0.68277502, 0.62162060, 0.30138421, 0.24410872, 0.18768036, 0.22602104, 0.76590550)
(0.77269357, 0.77774411, 0.57999617, 0.35524434, 0.58505791, 0.48222530, 0.55190063, 0.56792170, 0.30930802, 0.78181767)
(0.53471309, 0.27683082, 0.44765607, 0.57676703, 0.28043151, 0.45192999, 0.50277334, 0.60936064, 0.71886289, 0.21301588)
(0.91795665, 0.14163211, 0.18722278, 0.16744152, 0.12928528, 0.47230345, 0.59269792, 0.41175002, 0.37262192, 0.42171153)
(0.38022834, 0.80977452, 0.65310168, 0.61791521, 0.71526372, 0.70579940, 0.40945366, 0.61213654, 0.58989704, 0.64708823)
(0.80250072, 0.75016934, 0.40086564, 0.67451411, 0.07415622, 0.11725324, 0.26528805, 0.81998891, 0.33930397, 0.15007907)
(0.50745505, 0.60653132, 0.55176091, 0.69462037, 0.62870848, 0.47047484, 0.61891443, 0.72644919, 0.61578196, 0.36606860)
(0.66070396, 0.42807320, 0.64753014, 0.40389735, 0.49475992, 0.43768430, 0.74998182, 0.81756282, 0.82922846, 0.30506802)
(0.77758551, 0.43910283, 0.44935814, 0.18188439, 0.38053542, 0.54847515, 0.69341165, 0.68743891, 0.60142714, 0.54704159)
(0.82506967, 0.57190228, 0.71050298, 0.41447887, 0.14867954, 0.10168821, 0.43792191, 0.72866237, 0.54872286, 0.29816151)
(0.78549576, 0.46064180, 0.50600767, 0.77075076, 0.60591954, 0.16088051, 0.71967757, 0.66094512, 0.33423275, 0.33698776)
(0.78230107, 0.69322515, 0.39775646, 0.70988840, 0.10452335, 0.11472815, 0.36561981, 0.83640569, 0.38887948, 0.12937810)
(0.56553060, 0.28109488, 0.47395784, 0.68457687, 0.37982276, 0.33236390, 0.41064811, 0.38144076, 0.47873312, 0.33560973)
(0.70522285, 0.39523029, 0.35474554, 0.26406077, 0.48619741, 0.67622757, 0.63608205, 0.52199996, 0.49838215, 0.61037570)
(0.80617601, 0.26445305, 0.59867316, 0.67978173, 0.27483121, 0.08637688, 0.67909920, 0.72177631, 0.61834580, 0.13964613)
(0.90477514, 0.20355071, 0.23525286, 0.10417808, 0.09755209, 0.51699007, 0.52146345, 0.46891847, 0.44797423, 0.46572474)
(0.65306467, 0.27751246, 0.54123038, 0.20959370, 0.37171015, 0.60310549, 0.64154613, 0.61448789, 0.78747433, 0.44891304)
(0.53852785, 0.76960951, 0.57350206, 0.48838338, 0.43570584, 0.50270158, 0.50510627, 0.80569702, 0.61779207, 0.42424893)
(0.72153330, 0.45183107, 0.43587092, 0.27223444, 0.36573353, 0.50230008, 0.58908105, 0.59647745, 0.50417125, 0.54447401)
(0.74328899, 0.19072761, 0.19821471, 0.68189126, 0.63492602, 0.48126772, 0.80253184, 0.54603636, 0.37496930, 0.31626087)
(0.63560915, 0.34111029, 0.20317143, 0.95865697, 0.81827319, 0.36289260, 0.55508214, 0.27684152, 0.11269623, 0.36418393)
(0.48020485, 0.48734766, 0.55595446, 0.24965742, 0.34941003, 0.71100861, 0.51264870, 0.71079534, 0.82172358, 0.43219823)
(0.71747017, 0.85143530, 0.84234780, 0.53286582, 0.66025859, 0.32271641, 0.24227010, 0.28880379, 0.27641386, 0.87259549)
(0.76001555, 0.51846409, 0.89564097, 0.36988595, 0.48731437, 0.17852001, 0.46146932, 0.41699529, 0.63612294, 0.66706407)
(0.77055508, 0.33884805, 0.17401086, 0.49247834, 0.26810071, 0.50197828, 0.77790338, 0.88024968, 0.61711168, 0.13420664)
(0.75996959, 0.43500930, 0.48254651, 0.78757137, 0.24692936, 0.10430563, 0.62631148, 0.83361477, 0.55805492, 0.09645636)
(0.69257700, 0.25422800, 0.21374232, 0.90888327, 0.83235401, 0.41290802, 0.72441471, 0.36392149, 0.18537188, 0.37236300)
(0.80576599, 0.78148192, 0.61775249, 0.22385152, 0.40261018, 0.55433327, 0.36145079, 0.43906885, 0.32021114, 0.83465248)
(0.86104447, 0.39033324, 0.70522362, 0.49327406, 0.26560283, 0.08638924, 0.47881714, 0.47567746, 0.37629578, 0.43182418)
(0.89463454, 0.31743339, 0.63802004, 0.48002788, 0.52327442, 0.11277281, 0.72672504, 0.48715216, 0.32616329, 0.53252846)
(0.54016799, 0.47058973, 0.65740085, 0.35166034, 0.42414138, 0.59450001, 0.65346360, 0.81112260, 0.88367712, 0.31129250)
(0.75542414, 0.29461274, 0.35094774, 0.44795913, 0.31050310, 0.36784291, 0.63952202, 0.63508260, 0.50394821, 0.31104994)
(0.59341449, 0.43656370, 0.36174709, 0.75056118, 0.82362902, 0.58611125, 0.65424412, 0.40216929, 0.30342978, 0.58242947)
(0.74380815, 0.12141957, 0.45660776, 0.06641950, 0.20076978, 0.78239965, 0.62576634, 0.54013550, 0.89868200, 0.42450973)
(0.83470190, 0.30085498, 0.62638801, 0.30138344, 0.68843794, 0.44526547, 0.62998641, 0.19624284, 0.35672522, 0.82732522)
(0.85425299, 0.46571669, 0.28126991, 0.27170470, 0.01771297, 0.29001251, 0.13904554, 0.57535452, 0.39867324, 0.21496452)
(0.86307096, 0.12280671, 0.28040585, 0.38247672, 0.65039486, 0.47405678, 0.85495126, 0.42708504, 0.42539045, 0.51949328)
(0.89428902, 0.82183033, 0.20709272, 0.24233741, 0.28948504, 0.55524576, 0.77485210, 0.93202347, 0.37193111, 0.42253339)
(0.68037260, 0.12567961, 0.45470417, 0.45083004, 0.26114219, 0.42768514, 0.63554335, 0.57074308, 0.79680437, 0.19251052)
(0.59620720, 0.85230577, 0.81181598, 0.35076833, 0.70089585, 0.59541619, 0.40777528, 0.46070698, 0.49179256, 0.86075217)
(0.81205833, 0.19699126, 0.31790057, 0.32086176, 0.14062874, 0.31768402, 0.60775954, 0.67184776, 0.60561460, 0.20633709)
(0.77073908, 0.60676467, 0.46777609, 0.29103169, 0.51952851, 0.57445025, 0.53223383, 0.42844278, 0.31027108, 0.77801776)
(0.85295618, 0.28604823, 0.52866060, 0.50816190, 0.41288322, 0.16261765, 0.62853169, 0.41789171, 0.30952892, 0.47875291)
(0.52915072, 0.48683393, 0.40286255, 0.59334880, 0.41115788, 0.47309574, 0.52219367, 0.64861059, 0.52692902, 0.34299076)
(0.77188164, 0.63769484, 0.53330767, 0.23988844, 0.32295853, 0.65210879, 0.20185235, 0.20463681, 0.26212913, 0.84360701)
(0.63105881, 0.81249022, 0.61731386, 0.33255947, 0.51783061, 0.62189692, 0.59952754, 0.83617395, 0.68012571, 0.54740107)
(0.81581897, 0.25847074, 0.70008916, 0.44429642, 0.46867299, 0.30400485, 0.26168305, 0.06654923, 0.26251715, 0.79894018)
(0.58563226, 0.66780740, 0.57345021, 0.45846492, 0.41581744, 0.44623238, 0.55109364, 0.77697682, 0.63162750, 0.40802789)
(0.85418046, 0.72500515, 0.18117720, 0.53236496, 0.16433550, 0.31286302, 0.52270335, 0.83898550, 0.22646615, 0.25868374)
(0.76586539, 0.24650918, 0.24867761, 0.55816805, 0.30999041, 0.37983584, 0.55778766, 0.42006415, 0.29475334, 0.36989781)
(0.82737023, 0.60303432, 0.41325065, 0.62894666, 0.55886388, 0.22074671, 0.82156789, 0.85726309, 0.40148488, 0.30813253)
(0.89323622, 0.38154927, 0.44677737, 0.57800227, 0.40175828, 0.11428321, 0.81336594, 0.82188314, 0.41376191, 0.23920637)
(0.88947213, 0.11251692, 0.21415475, 0.46942544, 0.23504607, 0.27964246, 0.69228393, 0.42517912, 0.33679321, 0.27876073)
(0.69724029, 0.68852824, 0.23084372, 0.88528031, 0.31080979, 0.28110552, 0.67322278, 0.93880570, 0.53043193, 0.06065762)
(0.63458276, 0.50819296, 0.41749954, 0.42855301, 0.33079296, 0.47816476, 0.57752991, 0.74960130, 0.59595603, 0.33741629)
(0.78276545, 0.24690200, 0.29932818, 0.14722559, 0.07366773, 0.68469614, 0.21116212, 0.24309991, 0.51225466, 0.52010858)
(0.70371664, 0.46772268, 0.21374269, 0.66853303, 0.36639035, 0.40029219, 0.61636949, 0.70048970, 0.32440498, 0.26757365)
(0.73635781, 0.19384991, 0.59540462, 0.36507198, 0.37258559, 0.31893116, 0.72082758, 0.63730747, 0.77208054, 0.29223710)
(0.69396698, 0.49986127, 0.28425762, 0.75383919, 0.36375010, 0.28785780, 0.61922705, 0.76575750, 0.38919666, 0.19272339)
(0.77554601, 0.59560913, 0.15219679, 0.86949819, 0.50051194, 0.32929093, 0.71503770, 0.81128991, 0.21624994, 0.17557649)
(0.67346227, 0.79437554, 0.80477381, 0.30184111, 0.68874842, 0.54128015, 0.44779268, 0.40461120, 0.45998237, 0.87048924)
(0.82753354, 0.54079103, 0.25803408, 0.72081596, 0.73469138, 0.38997257, 0.75254762, 0.52695167, 0.12578171, 0.59562451)
(0.75672609, 0.52346790, 0.30176714, 0.14807060, 0.53117698, 0.88725537, 0.51671696, 0.34158385, 0.41092265, 0.84233308)
(0.87858295, 0.48462945, 0.55469155, 0.14063637, 0.16548580, 0.45431167, 0.28657082, 0.28678513, 0.35319147, 0.75075340)
(0.42297679, 0.39579096, 0.32777846, 0.41481510, 0.10504203, 0.71966571, 0.29833612, 0.74699640, 0.83040476, 0.14890721)
(0.78970337, 0.35036319, 0.62667626, 0.28096300, 0.22847700, 0.28175697, 0.66419345, 0.79221773, 0.78801149, 0.26120988)
(0.94651204, 0.47554943, 0.22014935, 0.13462393, 0.05920232, 0.32716548, 0.45926613, 0.68426359, 0.27624571, 0.40771407)
(0.81418318, 0.57517248, 0.66823232, 0.24570346, 0.25931677, 0.27058950, 0.63131881, 0.81985718, 0.69072282, 0.38660616)
(0.79441696, 0.66491389, 0.34227565, 0.86371469, 0.71180707, 0.23501925, 0.81351912, 0.84017301, 0.29909715, 0.24816790)
(0.82999301, 0.40211233, 0.42611113, 0.35660508, 0.55731791, 0.35814369, 0.84205067, 0.77829129, 0.52365655, 0.42805967)
(0.69480330, 0.68742418, 0.27924711, 0.55249846, 0.35092309, 0.70328104, 0.15288213, 0.19944899, 0.12371435, 0.75540727)
(0.63134491, 0.22907217, 0.23582610, 0.80717933, 0.72670764, 0.59518534, 0.52008319, 0.18341568, 0.20355168, 0.53800172)
(0.68707091, 0.14212535, 0.65935063, 0.69709963, 0.74221194, 0.29418719, 0.84845090, 0.58902305, 0.79053539, 0.25531486)
(0.47945178, 0.41521415, 0.41645622, 0.76508749, 0.82835501, 0.68494594, 0.46844503, 0.22492252, 0.31910065, 0.67623937)
(0.48550558, 0.55374712, 0.55863476, 0.35873041, 0.48868486, 0.64121753, 0.55548400, 0.68569493, 0.71699834, 0.49493310)
(0.38060895, 0.64328378, 0.74255276, 0.60475850, 0.59725904, 0.52331734, 0.36244702, 0.49117517, 0.66277432, 0.57106251)
(0.69779044, 0.17121772, 0.76351237, 0.31881431, 0.31684345, 0.32437274, 0.50619638, 0.34099084, 0.79354781, 0.43933308)
(0.64575553, 0.46527609, 0.60301411, 0.42144242, 0.33940709, 0.53217232, 0.15772693, 0.12846734, 0.34211791, 0.75780904)
(0.55393028, 0.42592719, 0.57495892, 0.13386793, 0.47940561, 0.82573497, 0.61277199, 0.65963030, 0.85966486, 0.59430933)
(0.75485563, 0.81452799, 0.47349757, 0.55909830, 0.57438195, 0.40891993, 0.75210220, 0.89621365, 0.49357423, 0.39602643)
(0.63847560, 0.84300059, 0.67308962, 0.44728690, 0.38045761, 0.54486865, 0.11268119, 0.25088426, 0.25569421, 0.83092219)
(0.89511532, 0.52026862, 0.41622117, 0.23746116, 0.13900058, 0.25059330, 0.45167425, 0.61120975, 0.31806764, 0.47540605)
(0.78351563, 0.74316621, 0.46908522, 0.53070807, 0.46855804, 0.35419038, 0.61531192, 0.76166838, 0.34890324, 0.49372116)
(0.77516854, 0.52539289, 0.15875018, 0.88161212, 0.57927644, 0.33079430, 0.68083906, 0.66111350, 0.14553797, 0.26312241)
(0.75306976, 0.62569392, 0.24978858, 0.86973286, 0.42146719, 0.23252371, 0.50255108, 0.66023797, 0.16933440, 0.26006910)
(0.67543787, 0.63027531, 0.87115026, 0.56451499, 0.67993098, 0.21622860, 0.47135156, 0.42511448, 0.53809792, 0.69663423)
(0.49240699, 0.74119371, 0.53276610, 0.35189515, 0.44440278, 0.69205391, 0.39045206, 0.61706126, 0.55566633, 0.63889998)
(0.73679048, 0.23960964, 0.03492705, 0.55156916, 0.29157382, 0.87170994, 0.70263398, 0.72291243, 0.42861125, 0.17278667)
(0.81880254, 0.63355559, 0.68489283, 0.38989767, 0.39987540, 0.22090136, 0.51180631, 0.57968688, 0.38251010, 0.60845417)
(0.85376751, 0.45852491, 0.36620030, 0.09766086, 0.12293296, 0.67670304, 0.29815057, 0.36967275, 0.42778853, 0.69387746)
(0.55609167, 0.77620345, 0.74713421, 0.44828215, 0.80382776, 0.69614321, 0.34654170, 0.24716850, 0.38694489, 0.89919895)
(0.56942511, 0.78986681, 0.80282950, 0.58178574, 0.75575137, 0.47683960, 0.28834313, 0.26236483, 0.35863429, 0.85642660)
(0.81460577, 0.38072425, 0.12511033, 0.39369443, 0.48699445, 0.75959122, 0.67665815, 0.45118615, 0.21641068, 0.61575127)
(0.77159274, 0.42832783, 0.76746410, 0.09500282, 0.19257969, 0.54338080, 0.28445849, 0.30886891, 0.70306581, 0.74376005)
(0.86443323, 0.32620978, 0.38337007, 0.58526969, 0.19070597, 0.10907799, 0.61302602, 0.69097435, 0.36021578, 0.19039166)
(0.87508035, 0.54347336, 0.51946151, 0.17253180, 0.17022614, 0.29108807, 0.59370446, 0.77880889, 0.55107075, 0.42610061)
(0.91318262, 0.42933482, 0.38708368, 0.62640125, 0.38562241, 0.10319277, 0.79139650, 0.79835421, 0.28614211, 0.25788012)
(0.77716386, 0.20523922, 0.28383610, 0.82963049, 0.26080117, 0.14006555, 0.69369811, 0.76167846, 0.50299543, 0.06802072)
(0.47059911, 0.27188393, 0.22713953, 0.69795930, 0.59810352, 0.81476152, 0.29395610, 0.13148093, 0.28407544, 0.59999329)
(0.70785189, 0.53871292, 0.52888191, 0.60392326, 0.45898861, 0.28196436, 0.43635294, 0.43474197, 0.27239424, 0.56194168)
(0.54801798, 0.83368236, 0.49228388, 0.75546479, 0.45263928, 0.58145303, 0.05830942, 0.12453095, 0.13429382, 0.79253739)
(0.69127530, 0.50077951, 0.69257271, 0.70509207, 0.32133943, 0.12100264, 0.38389114, 0.53645766, 0.44366929, 0.32747725)
(0.57816756, 0.45366171, 0.58160913, 0.30612838, 0.26839647, 0.53915662, 0.39460307, 0.54655099, 0.68674749, 0.47152340)
(0.78637195, 0.65472263, 0.14856634, 0.60740614, 0.07562184, 0.33211929, 0.31629646, 0.78208292, 0.26870731, 0.15409635)
(0.72467184, 0.20573831, 0.60489309, 0.11188435, 0.12007972, 0.59133232, 0.44626945, 0.54966003, 0.87797868, 0.36022794)
(0.69979858, 0.14903325, 0.26976931, 0.55977613, 0.08714499, 0.33107290, 0.47325674, 0.66898394, 0.71244359, 0.07911296)
(0.64550602, 0.61064625, 0.49846110, 0.61193287, 0.76345181, 0.50181705, 0.62232757, 0.47114432, 0.31222183, 0.68277156)
(0.74025726, 0.49743643, 0.09689640, 0.81038821, 0.36249343, 0.49246815, 0.79663986, 0.91741985, 0.44988993, 0.07683330)
(0.70528805, 0.62654477, 0.30485034, 0.41598690, 0.56983322, 0.65067708, 0.77604014, 0.83807153, 0.54668480, 0.41088247)
(0.62107956, 0.94188166, 0.51158136, 0.33371830, 0.64865392, 0.83078665, 0.42697608, 0.69802189, 0.36694095, 0.84696662)
(0.72010368, 0.40526238, 0.70855695, 0.17600414, 0.22703008, 0.44575548, 0.53894973, 0.70046037, 0.83527911, 0.41328669)
(0.84100264, 0.25897351, 0.55649048, 0.45236248, 0.61274827, 0.22428647, 0.81509256, 0.58885151, 0.48732954, 0.46612498)
(0.77610993, 0.39381471, 0.38710132, 0.42370310, 0.05664980, 0.20544754, 0.27625206, 0.60386336, 0.47817713, 0.19163248)
(0.87541258, 0.23235929, 0.44001177, 0.65695375, 0.34974822, 0.10111174, 0.84969997, 0.85626203, 0.60624498, 0.10974010)
(0.51905370, 0.69275898, 0.83963782, 0.48447415, 0.36309522, 0.39997649, 0.15822938, 0.32123610, 0.58798599, 0.68219298)
(0.72918034, 0.64956981, 0.80209017, 0.23702964, 0.50306815, 0.42729372, 0.43649581, 0.42292172, 0.55491954, 0.78865993)
(0.84214908, 0.61569285, 0.73919749, 0.36814564, 0.25689644, 0.13217363, 0.68634963, 0.88620079, 0.71538466, 0.26572925)
(0.87234074, 0.38928026, 0.28028589, 0.46246275, 0.34896353, 0.57196271, 0.19212788, 0.06648313, 0.07321359, 0.83192265)
(0.42761856, 0.64165109, 0.46603501, 0.97044206, 0.88675302, 0.41414329, 0.71314317, 0.80386102, 0.58304858, 0.14705180)
(0.54703832, 0.24266291, 0.71567303, 0.26827183, 0.24831462, 0.56625801, 0.50962389, 0.61109686, 0.92131436, 0.28583568)
(0.70764989, 0.48837397, 0.30676308, 0.64531118, 0.24063894, 0.34205297, 0.69522548, 0.91219687, 0.67782259, 0.09748434)
(0.67147791, 0.73394030, 0.59150314, 0.24366276, 0.44637626, 0.70421237, 0.31139210, 0.36818138, 0.39996496, 0.82805246)
(0.41707990, 0.74153584, 0.68357885, 0.34383464, 0.67885971, 0.81992543, 0.38649037, 0.45349696, 0.65678161, 0.79143018)
(0.49380040, 0.39011726, 0.61191297, 0.47464311, 0.48167107, 0.51517808, 0.49332634, 0.47504926, 0.67128962, 0.48577419)
(0.61683846, 0.66273314, 0.55710119, 0.34291431, 0.29019383, 0.51385534, 0.35659930, 0.59484649, 0.52271140, 0.55519074)
(0.58809787, 0.21289842, 0.25069067, 0.78656065, 0.53246444, 0.43526021, 0.63148779, 0.49183905, 0.42815465, 0.23483637)
(0.44789809, 0.31199515, 0.41670835, 0.67233264, 0.34164807, 0.47310960, 0.41724280, 0.51580513, 0.62885684, 0.24927911)
(0.72419208, 0.24069428, 0.32656169, 0.42042446, 0.29067099, 0.43261471, 0.64323968, 0.62997407, 0.57884508, 0.28005064)
(0.65120816, 0.41440138, 0.47550371, 0.82673323, 0.79826212, 0.30621633, 0.74118757, 0.56708109, 0.38218516, 0.38673604)
(0.59042495, 0.35846719, 0.66136134, 0.35376164, 0.45151758, 0.52653039, 0.64435887, 0.68558335, 0.83353990, 0.37889698)
(0.67544878, 0.30496338, 0.72379041, 0.34437740, 0.38079324, 0.32741845, 0.50852507, 0.41962007, 0.68022317, 0.51243889)
(0.86817425, 0.32130930, 0.54304898, 0.25658488, 0.30169609, 0.22644822, 0.67322445, 0.60527742, 0.48854369, 0.46394274)
(0.60959089, 0.30443320, 0.70179093, 0.20703262, 0.31410274, 0.61379498, 0.64834917, 0.75911003, 0.92950439, 0.31163597)
(0.62028241, 0.15740904, 0.21963377, 0.80878741, 0.22474396, 0.31073040, 0.46518803, 0.50987816, 0.48920286, 0.10544653)
(0.67224234, 0.46523058, 0.46391052, 0.44147679, 0.08622852, 0.26582295, 0.27968302, 0.63277179, 0.58036411, 0.21964106)
(0.70227104, 0.43474832, 0.14281034, 0.74119896, 0.31925869, 0.44594201, 0.53871173, 0.63691700, 0.24553423, 0.23831289)
(0.78676790, 0.14768539, 0.16244893, 0.51143742, 0.09277259, 0.40722647, 0.65780461, 0.83690977, 0.72181636, 0.05577365)
(0.82941246, 0.51531571, 0.12443718, 0.38808724, 0.08803587, 0.47588816, 0.47996834, 0.82173067, 0.35976335, 0.17980658)
(0.62898630, 0.62188280, 0.34227723, 0.72520941, 0.71427250, 0.54843760, 0.51155609, 0.38984466, 0.18868001, 0.66610968)
(0.69431841, 0.37021518, 0.51258260, 0.24270284, 0.61267102, 0.66825718, 0.65275568, 0.42756978, 0.56179142, 0.71270394)
(0.71138811, 0.65482646, 0.74032933, 0.55102205, 0.30844197, 0.32986149, 0.07418372, 0.09812941, 0.22387455, 0.80282056)
(0.55152047, 0.56576395, 0.31033891, 0.73402303, 0.47561920, 0.49352992, 0.54884064, 0.70804304, 0.45158425, 0.27938160)
(0.63289261, 0.62475610, 0.76819474, 0.63515639, 0.60541803, 0.26931357, 0.30756429, 0.28898397, 0.36419228, 0.71113139)
(0.83688027, 0.50478876, 0.22797155, 0.67007762, 0.13454729, 0.18052287, 0.64559937, 0.90586913, 0.45908347, 0.08011834)
(0.57228726, 0.32855254, 0.24320880, 0.76971549, 0.66162747, 0.56991708, 0.74609345, 0.67191380, 0.50445205, 0.24384461)
(0.90374136, 0.60657680, 0.44553027, 0.49181286, 0.36568731, 0.20166451, 0.50531960, 0.46383637, 0.12508066, 0.65154386)
(0.92551625, 0.28309479, 0.11240733, 0.31676188, 0.04757860, 0.31841329, 0.45420310, 0.64012015, 0.23683177, 0.19716239)
(0.68126380, 0.39916328, 0.58387208, 0.20640822, 0.50636977, 0.59593797, 0.65182614, 0.56761897, 0.67834932, 0.62634468)
(0.74263227, 0.19634967, 0.22373697, 0.37386408, 0.48363805, 0.64386600, 0.75050282, 0.53994775, 0.51311576, 0.41658241)
(0.43598539, 0.67068589, 0.28521588, 0.72158742, 0.74090856, 0.78103799, 0.56306905, 0.61911857, 0.38756761, 0.52230519)
(0.70472831, 0.54923236, 0.54721177, 0.31263340, 0.39640665, 0.53333312, 0.36663651, 0.33273974, 0.37454268, 0.73107332)
(0.85037965, 0.29529956, 0.82247198, 0.29789197, 0.69216961, 0.24038407, 0.70367438, 0.29687688, 0.53597742, 0.76889241)
(0.77747524, 0.58217168, 0.63721019, 0.55348998, 0.68780452, 0.24342354, 0.72079748, 0.61325568, 0.37222168, 0.59779215)
(0.64881349, 0.49305743, 0.56090915, 0.81365293, 0.84890443, 0.38219616, 0.93352926, 0.93744171, 0.83478862, 0.14009531)
(0.92324889, 0.22021769, 0.28881007, 0.27731338, 0.22620907, 0.21409895, 0.76963627, 0.67813736, 0.38682222, 0.32222229)
(0.71429491, 0.64337742, 0.83481252, 0.18462719, 0.44277874, 0.48808786, 0.34611964, 0.34779841, 0.60895127, 0.82277548)
(0.81272441, 0.62706107, 0.35337049, 0.41835034, 0.33398670, 0.35369760, 0.66485083, 0.80645442, 0.39445919, 0.38138419)
(0.74770373, 0.70705020, 0.52273107, 0.86718506, 0.59773028, 0.16800393, 0.70428669, 0.84620631, 0.41032082, 0.21729402)
(0.79791516, 0.37410474, 0.14275196, 0.81658041, 0.65100127, 0.42000750, 0.70410061, 0.46024087, 0.11435923, 0.42777810)
(0.85698318, 0.47461480, 0.62426305, 0.25799739, 0.37432885, 0.36184716, 0.33885726, 0.19287695, 0.24465679, 0.82078820)
(0.90932500, 0.37496981, 0.29668009, 0.37008893, 0.11692582, 0.22657940, 0.39606360, 0.42369172, 0.18650188, 0.43533605)
(0.73779875, 0.25988287, 0.66083127, 0.65279144, 0.30423760, 0.12096737, 0.59027934, 0.60616338, 0.64858335, 0.19850661)
(0.45568219, 0.63326049, 0.76835918, 0.38607243, 0.57576185, 0.57590419, 0.56359351, 0.71339464, 0.82295829, 0.51857346)
(0.80131567, 0.30625567, 0.78328216, 0.55741906, 0.64885473, 0.14145495, 0.74322873, 0.50978023, 0.57413387, 0.49202645)
(0.69268489, 0.48182136, 0.49601245, 0.20571047, 0.49406680, 0.63576335, 0.66883558, 0.64621323, 0.62759984, 0.61584914)
(0.65662616, 0.49902469, 0.47484383, 0.77479428, 0.43752787, 0.23388349, 0.52729356, 0.65299737, 0.42012227, 0.26523677)
(0.74241310, 0.73912358, 0.78783226, 0.38533050, 0.37478420, 0.23067680, 0.47279790, 0.71477050, 0.56978518, 0.54456401)
(0.53875065, 0.49247000, 0.85206908, 0.33927849, 0.25913987, 0.54214233, 0.07652037, 0.09931079, 0.63310289, 0.77624357)
(0.87599510, 0.54374522, 0.53445709, 0.49215108, 0.15288068, 0.11185863, 0.37497494, 0.58135933, 0.27523175, 0.37324414)
(0.65818912, 0.66656303, 0.89398241, 0.21991879, 0.37588698, 0.45026442, 0.27814487, 0.39320356, 0.74136806, 0.75957155)
(0.64947033, 0.46617618, 0.57727510, 0.37382689, 0.47964823, 0.51119560, 0.74473906, 0.83110607, 0.80936348, 0.32021770)
(0.62633717, 0.56605518, 0.49682212, 0.37254629, 0.50706601, 0.56443340, 0.49885014, 0.46612829, 0.42192504, 0.67400062)
(0.68249702, 0.44896570, 0.43755227, 0.58486766, 0.52117699, 0.46213499, 0.84899485, 0.92269331, 0.82345235, 0.14308427)
(0.64732087, 0.61660886, 0.39825085, 0.73041338, 0.33887860, 0.31017509, 0.50140512, 0.76416749, 0.45102575, 0.23568508)
(0.82154638, 0.44824091, 0.62437809, 0.08749603, 0.09633351, 0.52087271, 0.25840786, 0.39833391, 0.63401407, 0.64169395)
(0.76477569, 0.41041574, 0.35047692, 0.17256209, 0.16914234, 0.65386724, 0.45481658, 0.60222220, 0.61188620, 0.46453986)
(0.63727075, 0.39761144, 0.76232177, 0.38649648, 0.64487118, 0.42117268, 0.70686913, 0.61196703, 0.77482438, 0.52755940)
(0.93297076, 0.24536800, 0.17944112, 0.15462060, 0.18623355, 0.42229503, 0.75303525, 0.66988105, 0.35771665, 0.41505933)
(0.59723175, 0.65521663, 0.47933984, 0.37572226, 0.42270508, 0.57339370, 0.50972909, 0.67514360, 0.52549404, 0.54390788)
(0.66268253, 0.57999068, 0.55269462, 0.40550613, 0.37831640, 0.41754112, 0.63673335, 0.81501079, 0.68508387, 0.34417677)
(0.56290460, 0.59901422, 0.66771567, 0.49189222, 0.78575361, 0.59262913, 0.61898297, 0.48140797, 0.54178101, 0.72659338)
(0.73035771, 0.51805580, 0.55156094, 0.84867060, 0.70227468, 0.18053347, 0.81052291, 0.81765413, 0.52189577, 0.20985675)
(0.73346114, 0.29490960, 0.61362153, 0.63527137, 0.30104014, 0.14326230, 0.52259415, 0.54130495, 0.54104710, 0.25564182)
(0.65301055, 0.41535577, 0.50300670, 0.33228853, 0.29620829, 0.44025269, 0.54055578, 0.64992529, 0.63266122, 0.40092787)
(0.50388312, 0.48889208, 0.52111614, 0.51962805, 0.49797228, 0.52683228, 0.60944289, 0.71207315, 0.69493932, 0.36393383)
(0.46527171, 0.71019781, 0.72293067, 0.47871247, 0.24907252, 0.62220085, 0.04919800, 0.13763817, 0.43620887, 0.75937867)
(0.82744700, 0.61225337, 0.34451804, 0.03874256, 0.32988101, 0.90876079, 0.56732869, 0.59843189, 0.64440173, 0.83104336)
(0.58839691, 0.65996659, 0.49532172, 0.21924490, 0.55273861, 0.90367794, 0.24150816, 0.18780716, 0.45905045, 0.88776833)
(0.80631775, 0.62150961, 0.64199054, 0.07376947, 0.41184333, 0.66591161, 0.62442946, 0.65325135, 0.67262709, 0.77699292)
(0.67718965, 0.63141870, 0.64580905, 0.47366688, 0.86107373, 0.65087312, 0.55118698, 0.24613050, 0.31030688, 0.88249367)
(0.55966234, 0.51746929, 0.76268530, 0.55920297, 0.63326800, 0.39382425, 0.75719029, 0.83541745, 0.86823356, 0.29436469)
(0.78395492, 0.81651425, 0.40802917, 0.61194032, 0.10033325, 0.18980971, 0.22525544, 0.76310939, 0.27763265, 0.27312967)
(0.72265935, 0.14112334, 0.21085998, 0.77751410, 0.18681851, 0.23229325, 0.54033732, 0.56704819, 0.45894065, 0.09126976)
(0.70499915, 0.62192541, 0.50183076, 0.22640374, 0.41023684, 0.63463396, 0.46527812, 0.49932012, 0.44712192, 0.73255515)
(0.69064766, 0.42431155, 0.35761720, 0.60109288, 0.66456676, 0.54793280, 0.51173788, 0.25517306, 0.20502162, 0.70392615)
(0.69858599, 0.64239538, 0.47376961, 0.76521719, 0.63659662, 0.31684288, 0.77441633, 0.85705626, 0.54202092, 0.25058010)
(0.53451538, 0.56274813, 0.42346239, 0.29643250, 0.13907194, 0.65595031, 0.21201429, 0.50320560, 0.58940619, 0.45598152)
(0.79477227, 0.16836143, 0.54609334, 0.32721087, 0.06939291, 0.20158517, 0.37249279, 0.49751344, 0.71103257, 0.18374422)
(0.78791207, 0.56602007, 0.51215291, 0.42361218, 0.24041802, 0.22977617, 0.64589071, 0.85774928, 0.60038114, 0.24605057)
(0.82202828, 0.63411391, 0.55276960, 0.36902618, 0.47065878, 0.45796695, 0.28822267, 0.19167997, 0.16406853, 0.85373914)
(0.76415628, 0.37468344, 0.39461404, 0.59215629, 0.80733967, 0.44428471, 0.84048569, 0.58175677, 0.37000439, 0.55595452)
(0.69792855, 0.38138986, 0.16266817, 0.82204849, 0.42227018, 0.36496848, 0.59877825, 0.60609573, 0.23190126, 0.21795261)
(0.66918361, 0.43217346, 0.67186099, 0.37466392, 0.51798207, 0.36833414, 0.65869731, 0.63401866, 0.66999823, 0.49676976)
(0.65858662, 0.62000954, 0.33433846, 0.51647532, 0.65115565, 0.60301244, 0.83607894, 0.89479840, 0.63927132, 0.31032485)
(0.37649682, 0.88850421, 0.43235308, 0.20970526, 0.40909833, 0.93116063, 0.44875082, 0.91235709, 0.85152423, 0.48457065)
(0.83074063, 0.57143372, 0.57556808, 0.18709721, 0.45520714, 0.43159825, 0.70901263, 0.69314128, 0.52758485, 0.65053940)
(0.73819095, 0.74852788, 0.30809775, 0.67094874, 0.79441869, 0.55524069, 0.90857506, 0.94310659, 0.57300317, 0.27671725)
(0.82152015, 0.72976553, 0.54482388, 0.21400554, 0.41746631, 0.57169002, 0.43436703, 0.44968522, 0.30741519, 0.82157809)
(0.55014408, 0.32775423, 0.16005920, 0.59971696, 0.47330078, 0.77021211, 0.67148882, 0.69915086, 0.57867074, 0.24387859)
(0.56189656, 0.47113460, 0.68579835, 0.16584872, 0.26724157, 0.67350161, 0.51825565, 0.75401592, 0.89986277, 0.40814868)
(0.80251467, 0.17964847, 0.24026339, 0.32589149, 0.22306982, 0.50023854, 0.76616770, 0.79539871, 0.71389455, 0.16772722)
(0.70508069, 0.73333275, 0.43455401, 0.78684157, 0.71991462, 0.37329239, 0.64596993, 0.67126340, 0.26468134, 0.49462083)
(0.79515809, 0.69100231, 0.39835811, 0.63201326, 0.44877604, 0.28067765, 0.71129996, 0.84817570, 0.39321041, 0.30640739)
(0.68957829, 0.73970008, 0.52894044, 0.46247762, 0.49145684, 0.47473267, 0.44945398, 0.54162908, 0.31703931, 0.68533224)
(0.65655273, 0.65186954, 0.49068847, 0.91246569, 0.76902092, 0.28243008, 0.86229187, 0.92970300, 0.67447788, 0.11130153)
(0.77988291, 0.34828070, 0.64565039, 0.63724142, 0.86055160, 0.27478299, 0.87486792, 0.59614235, 0.52541131, 0.53811556)
(0.78327554, 0.42886728, 0.25598687, 0.44238216, 0.24917223, 0.40171662, 0.73046714, 0.86746019, 0.57894909, 0.18247382)
(0.75131804, 0.47772035, 0.17749745, 0.71308559, 0.56602627, 0.47217670, 0.69227570, 0.59907597, 0.19351476, 0.41467512)
(0.90025824, 0.39529958, 0.32753658, 0.14025593, 0.40344325, 0.77414048, 0.40245852, 0.13466983, 0.20802848, 0.89065403)
(0.82215446, 0.59117103, 0.68015826, 0.17870544, 0.36484441, 0.48046497, 0.34145743, 0.27181330, 0.36479139, 0.83821613)
(0.79752356, 0.52848464, 0.86454165, 0.17415458, 0.32490543, 0.26294082, 0.45074463, 0.50624454, 0.70595771, 0.67218506)
(0.82667530, 0.81930530, 0.80189955, 0.70190006, 0.31416574, 0.08158665, 0.41735676, 0.77935398, 0.40901756, 0.37741682)
(0.70302230, 0.50354505, 0.81918424, 0.26149592, 0.33743584, 0.36150518, 0.30479002, 0.31085688, 0.60215670, 0.71762878)
(0.48251131, 0.61628097, 0.83792502, 0.60865933, 0.72739369, 0.44748479, 0.28944275, 0.22202621, 0.53232563, 0.78409696)
(0.37152001, 0.41973087, 0.34727660, 0.60447770, 0.27516535, 0.66472876, 0.40397489, 0.69687945, 0.73939502, 0.20091796)
(0.88484597, 0.28783941, 0.29515395, 0.31788695, 0.38460404, 0.29898170, 0.81990695, 0.72353911, 0.40882969, 0.38261634)
(0.47867614, 0.19492628, 0.36523086, 0.92763585, 0.79178178, 0.45486611, 0.40607426, 0.14956462, 0.28891420, 0.40008208)
(0.83581215, 0.37968990, 0.24333705, 0.38860941, 0.54891098, 0.50477403, 0.78503472, 0.61037505, 0.30412334, 0.54228181)
(0.55323988, 0.61017370, 0.52588117, 0.18715122, 0.30060962, 0.74323946, 0.53046596, 0.81588984, 0.82421845, 0.43023011)
(0.36840323, 0.51428932, 0.24743851, 0.97469610, 0.91848421, 0.63637203, 0.46280289, 0.31988174, 0.21283326, 0.38203827)
(0.72883523, 0.30262759, 0.77829015, 0.71255243, 0.39725447, 0.09955999, 0.59046417, 0.60472816, 0.68646896, 0.22451416)
(0.59470248, 0.39933753, 0.50206381, 0.48500648, 0.35309625, 0.45130369, 0.59328800, 0.72258264, 0.71481764, 0.27984306)
(0.75931704, 0.30670619, 0.23525128, 0.23852678, 0.14039671, 0.57098466, 0.50580025, 0.63749677, 0.54254365, 0.31883609)
(0.60597402, 0.54033810, 0.75872874, 0.15816933, 0.27497053, 0.62885940, 0.27281037, 0.37229291, 0.73563319, 0.71983451)
(0.60424173, 0.46710083, 0.40328643, 0.51584113, 0.78543359, 0.69933194, 0.84378612, 0.79426968, 0.69039327, 0.41570139)
(0.50483805, 0.67986101, 0.67010760, 0.33078837, 0.40608466, 0.65966845, 0.23033330, 0.34018466, 0.53500021, 0.74965042)
(0.86080521, 0.33027312, 0.37897599, 0.65227485, 0.41625512, 0.14029220, 0.81128484, 0.80807251, 0.42761129, 0.19777463)
(0.49468639, 0.67265582, 0.72867584, 0.36010146, 0.28496206, 0.52845132, 0.24319606, 0.50039905, 0.66691321, 0.57812130)
(0.73602945, 0.58544707, 0.53560781, 0.33324173, 0.47303927, 0.42782199, 0.60983020, 0.62603897, 0.45365760, 0.60896701)
(0.84443051, 0.62223810, 0.72820938, 0.23564923, 0.51563209, 0.45143226, 0.30968279, 0.16368777, 0.24893889, 0.90378237)
(0.43191960, 0.60792416, 0.73176962, 0.34579080, 0.58276308, 0.66767484, 0.58725363, 0.73771936, 0.85033101, 0.50817102)
(0.85519183, 0.49275050, 0.84673893, 0.24184287, 0.20570305, 0.12645338, 0.47779247, 0.63743973, 0.69239402, 0.45949024)
(0.54570681, 0.49217781, 0.72250229, 0.55274379, 0.60057950, 0.38635224, 0.49872485, 0.45987514, 0.59119296, 0.57062805)
(0.72867459, 0.33480778, 0.87587410, 0.06562438, 0.36537713, 0.62317657, 0.53873408, 0.47396255, 0.91668725, 0.70910686)
(0.50238353, 0.53916824, 0.67496830, 0.64958650, 0.47747967, 0.33342031, 0.34287661, 0.43559712, 0.50216889, 0.51155984)
(0.73284113, 0.37207487, 0.75109380, 0.30077267, 0.36070713, 0.28052732, 0.50893545, 0.47004166, 0.65116256, 0.54440582)
(0.45905778, 0.51818889, 0.62761098, 0.36442164, 0.45687929, 0.62215436, 0.52928650, 0.67355347, 0.78495306, 0.45600292)
(0.92063844, 0.47341666, 0.76618856, 0.51637173, 0.35611483, 0.04880665, 0.54911876, 0.48208979, 0.26428249, 0.53008175)
(0.75019240, 0.16364184, 0.34663594, 0.40567863, 0.07886287, 0.28159696, 0.42641726, 0.56029367, 0.64074796, 0.14518146)
(0.44472131, 0.63503420, 0.70313239, 0.30109793, 0.29832613, 0.64869934, 0.37747735, 0.72751468, 0.84705651, 0.42334846)
(0.83255517, 0.63801610, 0.84344727, 0.57247776, 0.40469357, 0.08238322, 0.41763133, 0.51176530, 0.38087967, 0.55562747)
(0.42198077, 0.79426306, 0.36923632, 0.45001587, 0.06359953, 0.82073647, 0.03388867, 0.34010929, 0.52783036, 0.44608042)
(0.73989326, 0.35670200, 0.38742441, 0.34037653, 0.47652787, 0.84699160, 0.14263955, 0.04099958, 0.22459967, 0.89154476)
(0.69572496, 0.66331482, 0.34859064, 0.54440039, 0.40372032, 0.47463480, 0.50964731, 0.65708899, 0.32517362, 0.47776845)
(0.44299251, 0.51547545, 0.58256918, 0.61165082, 0.59470344, 0.58088195, 0.63438129, 0.76437598, 0.79139757, 0.31382731)
(0.44948012, 0.66624469, 0.58545339, 0.36305699, 0.43810511, 0.65758348, 0.40007082, 0.60839409, 0.64452159, 0.58427095)
(0.85316104, 0.49711284, 0.49380261, 0.41368991, 0.06588890, 0.10897990, 0.36588138, 0.73703134, 0.46588230, 0.18430376)
(0.56844461, 0.44110879, 0.55787432, 0.64267737, 0.37737682, 0.31259483, 0.34188899, 0.39802527, 0.42806360, 0.44303599)
(0.69196779, 0.31009069, 0.12762076, 0.58180374, 0.26971722, 0.60917324, 0.64395970, 0.74433708, 0.48034519, 0.17615534)
(0.82221359, 0.67110628, 0.18365295, 0.48540512, 0.26680282, 0.43860900, 0.76996332, 0.93802547, 0.47937149, 0.17039779)
(0.88520461, 0.81503332, 0.76242262, 0.69433427, 0.62031698, 0.12010445, 0.51910645, 0.56987208, 0.18535548, 0.69648355)
(0.85929924, 0.70807540, 0.44082075, 0.39629880, 0.37894511, 0.39322200, 0.40848008, 0.41024500, 0.14890766, 0.76935327)
(0.70057440, 0.49801722, 0.65010041, 0.50401455, 0.71391302, 0.35306329, 0.77401948, 0.68438917, 0.59136355, 0.52688867)
(0.73642021, 0.66788363, 0.57414341, 0.37452474, 0.70879424, 0.53639030, 0.61515194, 0.44890007, 0.32509509, 0.80883855)
(0.39334834, 0.51184893, 0.62654799, 0.65279198, 0.74304092, 0.63508791, 0.58741975, 0.60033464, 0.71691835, 0.47157967)
(0.68071109, 0.33340514, 0.59067798, 0.16838931, 0.35082111, 0.57938099, 0.55768883, 0.50709087, 0.71776187, 0.58170903)
(0.60951227, 0.72803599, 0.61366785, 0.49383324, 0.53953624, 0.48475322, 0.39458036, 0.48163790, 0.38483208, 0.68896252)
(0.87317801, 0.42014912, 0.46705621, 0.25267643, 0.15087166, 0.25361735, 0.42006463, 0.49856859, 0.35406241, 0.49460083)
(0.47502467, 0.57088256, 0.51673943, 0.37695381, 0.29503590, 0.64709461, 0.49668664, 0.81320435, 0.80966711, 0.29270920)
(0.75258052, 0.72345912, 0.47404000, 0.30340436, 0.61867189, 0.77388382, 0.33164534, 0.21339703, 0.20055990, 0.90471894)
(0.79109633, 0.21256594, 0.47216293, 0.16547669, 0.30153364, 0.51685214, 0.73901367, 0.68988526, 0.77485204, 0.37617025)
(0.77173626, 0.35837615, 0.35698247, 0.53105676, 0.65844274, 0.38651329, 0.82091260, 0.67491323, 0.41649279, 0.43846348)
(0.64108074, 0.42567858, 0.62438500, 0.34706816, 0.14814521, 0.55091619, 0.08388058, 0.11650006, 0.44065934, 0.67913830)
(0.72903454, 0.54018706, 0.29129589, 0.79425645, 0.93089145, 0.62132591, 0.89190358, 0.69140869, 0.32508385, 0.52804172)
(0.83870018, 0.45358655, 0.47271472, 0.27056760, 0.39487818, 0.37457326, 0.66098613, 0.60884869, 0.42276031, 0.57040733)
(0.89946061, 0.83261037, 0.62371016, 0.79424316, 0.37374336, 0.08168952, 0.42290515, 0.69891495, 0.14364249, 0.45975083)
(0.70306814, 0.77588272, 0.35419551, 0.83306092, 0.50145942, 0.29322022, 0.56115299, 0.80062538, 0.29154140, 0.28098583)
(0.71194303, 0.55191892, 0.46064758, 0.36684391, 0.71180648, 0.63677126, 0.66034490, 0.44713998, 0.35756263, 0.76572651)
(0.37970495, 0.70107234, 0.79882389, 0.54540378, 0.50901908, 0.56296378, 0.48583990, 0.81757700, 0.89458084, 0.33155930)
(0.88881797, 0.52849305, 0.60895771, 0.33369952, 0.19835162, 0.12556809, 0.64266098, 0.81930643, 0.52536917, 0.30606452)
(0.91769862, 0.43926653, 0.35698283, 0.22116351, 0.41696605, 0.48473042, 0.58992821, 0.30853128, 0.18020378, 0.80485833)
(0.49940181, 0.50280136, 0.45528570, 0.90788305, 0.91222811, 0.54493141, 0.67108625, 0.48821422, 0.37675145, 0.44553187)
(0.84896827, 0.16518149, 0.18151726, 0.46171677, 0.05789845, 0.25421867, 0.47300461, 0.61273062, 0.43182811, 0.11286695)
(0.66478854, 0.44889191, 0.53763211, 0.52008104, 0.41815397, 0.34584877, 0.68051732, 0.78379899, 0.68203402, 0.27697247)
(0.81588054, 0.50897259, 0.78252101, 0.17604676, 0.28963453, 0.27996272, 0.51659071, 0.60282028, 0.67088544, 0.59289497)
(0.76795346, 0.47454312, 0.65335351, 0.21195608, 0.21944197, 0.37620470, 0.37240252, 0.45814583, 0.55266565, 0.59963387)
(0.36038163, 0.66795129, 0.68014461, 0.36759508, 0.51116174, 0.74632138, 0.46707332, 0.73247749, 0.84300029, 0.49248943)
(0.79341924, 0.57322478, 0.71283704, 0.51552880, 0.15632054, 0.13256052, 0.18418960, 0.35883015, 0.32319897, 0.49511433)
(0.66398740, 0.51518112, 0.45517844, 0.34842634, 0.58195299, 0.79354548, 0.26479819, 0.12729914, 0.28213012, 0.86632746)
(0.66774583, 0.33823815, 0.39561069, 0.45857158, 0.77406728, 0.67366827, 0.76396459, 0.47074077, 0.48192525, 0.63049090)
(0.72108746, 0.59449917, 0.66786784, 0.36627895, 0.40641177, 0.32995936, 0.47657228, 0.54962593, 0.47964641, 0.60586309)
(0.86944437, 0.52106386, 0.81437141, 0.23357841, 0.49269730, 0.20282213, 0.56605870, 0.41801459, 0.44595358, 0.76399398)
(0.65665644, 0.63460189, 0.47438323, 0.74837601, 0.37969899, 0.30613953, 0.17663001, 0.22355933, 0.16590814, 0.61048400)
(0.88738579, 0.51783335, 0.38902116, 0.18923540, 0.33373153, 0.44243899, 0.64207631, 0.59441346, 0.32523817, 0.66632169)
(0.92687041, 0.47196352, 0.09746414, 0.42778069, 0.20659924, 0.40947092, 0.65346748, 0.64873499, 0.11608959, 0.42596471)
(0.81170785, 0.47219434, 0.47252971, 0.51828432, 0.59584266, 0.26562414, 0.82429236, 0.78602099, 0.47085696, 0.38624728)
(0.47634521, 0.53327239, 0.59689975, 0.57040817, 0.39086869, 0.49897322, 0.53440994, 0.77842093, 0.79616481, 0.25689563)
(0.81160235, 0.65531933, 0.62493664, 0.76581305, 0.46103123, 0.11051397, 0.71793735, 0.86203897, 0.48656589, 0.22148016)
(0.87879509, 0.16888738, 0.15681008, 0.12794143, 0.11702951, 0.65157568, 0.59563416, 0.54305178, 0.51716644, 0.36962706)
(0.50512689, 0.59352291, 0.83742505, 0.52623934, 0.82040000, 0.53007442, 0.56568933, 0.40902099, 0.67394876, 0.75052142)
(0.48153022, 0.79641342, 0.37784910, 0.65672398, 0.65589952, 0.73151088, 0.45115510, 0.60171616, 0.33024028, 0.63861918)
(0.59407210, 0.55979842, 0.29572478, 0.68520999, 0.67986232, 0.65978485, 0.42824462, 0.28533378, 0.18592858, 0.69909787)
(0.54619950, 0.39639059, 0.48248306, 0.36351934, 0.19587298, 0.53314370, 0.43171725, 0.68373525, 0.75687456, 0.27612302)
(0.86581260, 0.33808720, 0.56901193, 0.28434938, 0.35976174, 0.25096998, 0.56729490, 0.37755659, 0.35391700, 0.63646758)
(0.38466430, 0.23996387, 0.50190413, 0.84012824, 0.76073581, 0.57819968, 0.63309622, 0.51656735, 0.73158556, 0.24204835)
(0.81092548, 0.64267784, 0.22486585, 0.85701853, 0.15390673, 0.13384040, 0.50024289, 0.88436455, 0.32197431, 0.07277076)
(0.39886412, 0.76465672, 0.83826363, 0.57347834, 0.48999524, 0.46870273, 0.23447154, 0.50657886, 0.69430661, 0.60386431)
(0.78369898, 0.28979912, 0.16183294, 0.44493261, 0.32952660, 0.52910137, 0.73477036, 0.71485567, 0.43445489, 0.27573618)
(0.87819523, 0.21299879, 0.07222897, 0.27357712, 0.08611757, 0.64172757, 0.53238541, 0.59781104, 0.32959923, 0.24044289)
(0.59727818, 0.48225179, 0.39066422, 0.28385961, 0.29732156, 0.64695072, 0.57788014, 0.77023488, 0.70550412, 0.35989320)
(0.70463341, 0.27998206, 0.66461307, 0.20899551, 0.28111741, 0.45371264, 0.44150981, 0.35997894, 0.68118745, 0.57891726)
(0.64876151, 0.14834864, 0.36803606, 0.71879834, 0.41685110, 0.33228537, 0.71913582, 0.63066393, 0.68165165, 0.14334039)
(0.34531116, 0.50291628, 0.31842455, 0.92705446, 0.72752029, 0.53350818, 0.34170371, 0.35743904, 0.31048772, 0.36983615)
(0.70956957, 0.41229081, 0.71387267, 0.49538851, 0.38462731, 0.21406050, 0.41453856, 0.38779938, 0.47002622, 0.53320581)
(0.65647757, 0.46518552, 0.51348823, 0.33336258, 0.45720798, 0.48654372, 0.61786151, 0.62085134, 0.57163221, 0.52749413)
(0.79078865, 0.50032598, 0.59767604, 0.15907380, 0.39559060, 0.52327567, 0.54587787, 0.48406532, 0.52369869, 0.72819006)
(0.41098940, 0.58911324, 0.47313246, 0.37009960, 0.21498892, 0.67912889, 0.28909335, 0.66375792, 0.71824896, 0.37025464)
(0.56606418, 0.71436530, 0.68639207, 0.30020225, 0.58355284, 0.61939281, 0.61999178, 0.76378423, 0.73970354, 0.59332263)
(0.69276488, 0.72670972, 0.71647173, 0.38959375, 0.35056961, 0.34628189, 0.33690253, 0.53795302, 0.45782942, 0.64014137)
(0.69805515, 0.53987128, 0.37446392, 0.04922009, 0.25226188, 0.91014570, 0.50017571, 0.66994607, 0.80865508, 0.67865032)
(0.64707023, 0.60053670, 0.69950116, 0.30042031, 0.56801295, 0.51508743, 0.69990069, 0.77087611, 0.76463079, 0.52623361)
(0.81180668, 0.25474736, 0.16766490, 0.31554660, 0.04407318, 0.45853469, 0.28240857, 0.50508529, 0.39333567, 0.21759018)
(0.81783003, 0.12046301, 0.51314294, 0.32336769, 0.70859104, 0.44252315, 0.89731562, 0.58812201, 0.72928935, 0.43300986)
(0.73467815, 0.57394350, 0.65490371, 0.29936963, 0.63584775, 0.47605959, 0.64268684, 0.51370609, 0.48899713, 0.73998100)
(0.78125679, 0.21813966, 0.42548954, 0.19211058, 0.29744923, 0.54996741, 0.77707940, 0.78143412, 0.81578463, 0.28533456)
(0.52601492, 0.58462578, 0.71175045, 0.27845103, 0.32124761, 0.56576109, 0.34403414, 0.53340328, 0.72461671, 0.58216590)
(0.54431987, 0.24175805, 0.54052609, 0.75655675, 0.62911248, 0.35611373, 0.58576638, 0.41434622, 0.56528115, 0.34232181)
(0.80721194, 0.54246241, 0.49790058, 0.64881897, 0.63551563, 0.22838962, 0.78707248, 0.74423772, 0.38160363, 0.40178859)
(0.83739233, 0.47580642, 0.08286393, 0.43575501, 0.66738319, 0.84188813, 0.81300575, 0.61531079, 0.19918798, 0.61779046)
(0.45403180, 0.37933472, 0.45083237, 0.82458818, 0.78718632, 0.56076223, 0.44460416, 0.25621822, 0.35892034, 0.55257916)
(0.83872277, 0.58879781, 0.49014953, 0.16973174, 0.28992224, 0.49125934, 0.51471126, 0.56784785, 0.40860710, 0.69074672)
(0.82653254, 0.42325261, 0.53787917, 0.34825253, 0.29027942, 0.21853931, 0.62624955, 0.67404062, 0.48313478, 0.40390611)
(0.83361721, 0.19363631, 0.34932417, 0.36113200, 0.39202246, 0.54608828, 0.36304179, 0.09292067, 0.21822932, 0.74632514)
(0.67843801, 0.44160569, 0.53375912, 0.37447241, 0.32750452, 0.38139924, 0.45468563, 0.48350489, 0.47425237, 0.52506179)
(0.80961031, 0.60731518, 0.47882423, 0.64669389, 0.61377257, 0.30647206, 0.41506281, 0.26352996, 0.10423990, 0.76418006)
(0.65316665, 0.27272317, 0.16038635, 0.32333815, 0.29182056, 0.79670799, 0.67484367, 0.75791419, 0.69029772, 0.23676926)
(0.64278245, 0.62330472, 0.78806162, 0.53430426, 0.83424127, 0.42458421, 0.67645895, 0.49214491, 0.54827380, 0.74673092)
(0.64206564, 0.86493665, 0.66381621, 0.39518669, 0.45065850, 0.59699667, 0.22211233, 0.42723426, 0.33433956, 0.80994058)
(0.71065074, 0.55712509, 0.70622981, 0.68685293, 0.48973578, 0.17546476, 0.36662897, 0.39329216, 0.32945082, 0.54939312)
(0.86802280, 0.31652552, 0.39634058, 0.50261497, 0.18050116, 0.16221553, 0.47381681, 0.46526423, 0.26913071, 0.33961150)
(0.75675023, 0.47598794, 0.41473484, 0.81756043, 0.20047249, 0.10032738, 0.35807297, 0.61339784, 0.29312721, 0.16622145)
(0.45459288, 0.45135662, 0.45905346, 0.81979108, 0.83883798, 0.63100481, 0.41646409, 0.21157095, 0.30940634, 0.67158228)
(0.55656677, 0.29175344, 0.81770200, 0.53081870, 0.79388183, 0.48676512, 0.73473263, 0.48044014, 0.83767390, 0.53488630)
(0.80539113, 0.49744517, 0.55768365, 0.18474115, 0.45641389, 0.48506403, 0.63971514, 0.54768366, 0.48885739, 0.70395052)
(0.87584949, 0.43865484, 0.08292709, 0.83443844, 0.30135211, 0.25668952, 0.70706904, 0.77057904, 0.12592450, 0.14972952)
(0.87266666, 0.61460310, 0.62961000, 0.38898689, 0.53718197, 0.25738946, 0.55993092, 0.43018669, 0.23081329, 0.75431710)
(0.87117279, 0.54938430, 0.59566110, 0.69280237, 0.55647749, 0.10685665, 0.71631968, 0.68664503, 0.27520189, 0.42554876)
(0.51214808, 0.58000308, 0.48944798, 0.65374845, 0.78595811, 0.65337515, 0.46951178, 0.31414616, 0.32905653, 0.73379022)
(0.53051090, 0.89631563, 0.74192637, 0.20990777, 0.25447851, 0.83957577, 0.06258024, 0.27465114, 0.51212126, 0.87191510)
(0.54890472, 0.49616671, 0.43523735, 0.74403280, 0.70511270, 0.47711977, 0.45850283, 0.32395533, 0.27511552, 0.61123496)
(0.81168884, 0.51619154, 0.28865328, 0.56097960, 0.37094703, 0.35932964, 0.54770809, 0.53392845, 0.20100205, 0.49015626)
(0.71506649, 0.46777031, 0.36059186, 0.31273618, 0.30059651, 0.52426708, 0.50740135, 0.56110770, 0.43007898, 0.52084422)
(0.87421221, 0.54641837, 0.49442253, 0.32008523, 0.21079174, 0.20673147, 0.47027397, 0.57574284, 0.29772559, 0.51137209)
(0.72537076, 0.12996827, 0.56266046, 0.40495676, 0.22314367, 0.32102782, 0.63866013, 0.61872029, 0.83532268, 0.17627923)
(0.86967236, 0.66770524, 0.44078276, 0.58103716, 0.41939282, 0.22481844, 0.53112984, 0.55529124, 0.14905174, 0.59632730)
(0.75009918, 0.75030029, 0.42802721, 0.68134332, 0.42052773, 0.36670798, 0.24766743, 0.34019604, 0.11937901, 0.70053476)
(0.71094936, 0.54673028, 0.71720737, 0.26837131, 0.39787063, 0.43212426, 0.35794029, 0.33459729, 0.47859985, 0.75062722)
(0.83036953, 0.54941463, 0.51544893, 0.41060641, 0.03296830, 0.12156368, 0.17100273, 0.62487733, 0.45243037, 0.19813202)
(0.47829875, 0.43668595, 0.51016676, 0.51846099, 0.57905304, 0.60405922, 0.57949042, 0.57357800, 0.64186615, 0.46524662)
(0.33625308, 0.91509300, 0.43921721, 0.57720715, 0.52638036, 0.84820241, 0.46274009, 0.92339504, 0.72506267, 0.37300429)
(0.85783774, 0.54219300, 0.66341501, 0.35159093, 0.37286055, 0.21249834, 0.44357809, 0.37597293, 0.27883908, 0.70087314)
(0.82226181, 0.22670962, 0.29188883, 0.36327422, 0.02943379, 0.21041843, 0.28383669, 0.57916087, 0.52083427, 0.12506030)
(0.85692072, 0.23764443, 0.16382557, 0.43597472, 0.09358576, 0.34816349, 0.45395121, 0.52022195, 0.28464445, 0.23051508)
(0.66597027, 0.22095962, 0.37308094, 0.52951294, 0.47921935, 0.49325231, 0.76624656, 0.71667624, 0.71366924, 0.23039874)
(0.58965158, 0.42463005, 0.60982543, 0.54859108, 0.81245703, 0.56751031, 0.73409718, 0.50605136, 0.59186840, 0.61804771)
(0.74908733, 0.73524749, 0.41606870, 0.29837403, 0.74862421, 0.81137729, 0.59009534, 0.39125773, 0.25750202, 0.88572609)
(0.53417450, 0.40305236, 0.34191138, 0.42414579, 0.27953383, 0.61956632, 0.51391113, 0.70548469, 0.66854483, 0.28567949)
(0.66450936, 0.59136534, 0.36998656, 0.60348058, 0.60956639, 0.67777014, 0.21966718, 0.12108255, 0.12857103, 0.83493561)
(0.78414387, 0.29940081, 0.30011281, 0.62046802, 0.10633545, 0.16196330, 0.53788167, 0.76989102, 0.52958524, 0.09075467)
(0.80272985, 0.50062078, 0.46194652, 0.32373732, 0.03895812, 0.22198686, 0.18074325, 0.58018279, 0.48496532, 0.25582284)
(0.61807287, 0.44631171, 0.70734280, 0.50937462, 0.49400347, 0.33555740, 0.61702073, 0.66772002, 0.72741896, 0.38352144)
(0.44758755, 0.42646903, 0.51112181, 0.52039981, 0.40368757, 0.62630314, 0.60347986, 0.79706663, 0.84706908, 0.22443898)
(0.62489623, 0.46002534, 0.60990417, 0.21862495, 0.48011276, 0.59442413, 0.59990263, 0.58727372, 0.69192725, 0.61682141)
(0.75529963, 0.82801723, 0.68189216, 0.18727231, 0.33623660, 0.62233877, 0.25383946, 0.42310011, 0.39062759, 0.84834230)
(0.67385972, 0.66263664, 0.58098632, 0.51126599, 0.78064579, 0.56694055, 0.54511279, 0.34762564, 0.28938815, 0.81633377)
(0.72585338, 0.18667372, 0.34200364, 0.45117080, 0.26251566, 0.38317561, 0.68460631, 0.68678486, 0.67504764, 0.19268718)
(0.64389139, 0.69785541, 0.49501988, 0.41267160, 0.44102493, 0.53374916, 0.63323373, 0.83056402, 0.63503551, 0.40171143)
(0.82487750, 0.29774985, 0.44816223, 0.41843727, 0.29001614, 0.22224154, 0.69320756, 0.69710594, 0.52467668, 0.28767067)
(0.74605113, 0.54404026, 0.40726739, 0.23038466, 0.28283516, 0.69186932, 0.29117671, 0.29601896, 0.33491221, 0.75166517)
(0.53037995, 0.54165483, 0.48422247, 0.34755978, 0.36918706, 0.62096584, 0.50904655, 0.69970649, 0.67558891, 0.43873271)
(0.91435230, 0.63503814, 0.64211810, 0.51504987, 0.58760560, 0.15396784, 0.55718642, 0.37403485, 0.11342137, 0.78203684)
(0.86339885, 0.60512304, 0.65933704, 0.61030269, 0.61818367, 0.16687429, 0.53231281, 0.38710701, 0.16336472, 0.71591270)
(0.87714273, 0.50634581, 0.56043059, 0.39619732, 0.23537403, 0.13779283, 0.51590103, 0.60180461, 0.32097670, 0.45130605)
(0.54356998, 0.28549170, 0.63284117, 0.39414954, 0.31316501, 0.49069652, 0.54149264, 0.61750513, 0.84494150, 0.29049286)
(0.73081774, 0.65348929, 0.74002731, 0.27448228, 0.20595734, 0.39589271, 0.19494607, 0.34416959, 0.47692835, 0.69533354)
(0.37889218, 0.49652669, 0.53478688, 0.63538188, 0.59988874, 0.65192658, 0.60429192, 0.75827992, 0.80460060, 0.29519498)
(0.68814558, 0.42648661, 0.53459567, 0.31139168, 0.19836538, 0.40106300, 0.36675090, 0.49964488, 0.54941732, 0.46005142)
(0.82103187, 0.83688509, 0.67788225, 0.75914448, 0.62520278, 0.15974811, 0.73209769, 0.87814689, 0.42789423, 0.37593845)
(0.90031350, 0.32554618, 0.53385592, 0.44080549, 0.73548073, 0.27763742, 0.73333502, 0.26293549, 0.18555689, 0.78082812)
(0.30683109, 0.88337868, 0.28798985, 0.63554043, 0.29930907, 0.85968292, 0.38736147, 0.94943196, 0.77885455, 0.16876033)
(0.56210774, 0.72357279, 0.49381360, 0.12816946, 0.09407727, 0.85381138, 0.10671848, 0.45306906, 0.68851805, 0.64389622)
(0.72815043, 0.31553948, 0.82230783, 0.29653513, 0.70330614, 0.37409011, 0.74080426, 0.46937257, 0.75582165, 0.65695822)
(0.59754592, 0.74638307, 0.63651812, 0.58312631, 0.43115035, 0.46874008, 0.12958936, 0.20724754, 0.24684571, 0.77494979)
(0.83223778, 0.27447575, 0.52188700, 0.35212773, 0.45631519, 0.25037238, 0.77569681, 0.64531308, 0.53944868, 0.41679394)
(0.76363313, 0.66223639, 0.54932529, 0.81627923, 0.61117935, 0.16395915, 0.69795871, 0.77711207, 0.36136389, 0.30986977)
(0.52123797, 0.81211841, 0.79214126, 0.47011569, 0.58780396, 0.50102490, 0.30327278, 0.45657158, 0.51183975, 0.76830250)
(0.92645335, 0.18726064, 0.21228871, 0.15809159, 0.09026508, 0.46887815, 0.37413606, 0.23466550, 0.24433139, 0.56205684)
(0.89091653, 0.16940242, 0.21828139, 0.38480830, 0.44562495, 0.33824337, 0.86552554, 0.68815923, 0.41843879, 0.31995282)
(0.85116446, 0.44926843, 0.74718297, 0.29515734, 0.39259386, 0.21774256, 0.44618806, 0.31128502, 0.37327012, 0.72995067)
(0.86477304, 0.59750748, 0.41907126, 0.89313227, 0.51885360, 0.09019118, 0.72117054, 0.80639702, 0.24346788, 0.18168066)
(0.85698223, 0.43794835, 0.48347521, 0.47645995, 0.29822007, 0.18761188, 0.50841832, 0.47576869, 0.25572816, 0.49633339)
(0.82909560, 0.68671024, 0.33442849, 0.53668088, 0.30370602, 0.25916314, 0.75296241, 0.92408186, 0.48017669, 0.19849259)
(0.78872752, 0.36369503, 0.23402159, 0.66660386, 0.67048496, 0.57673061, 0.49324593, 0.15969165, 0.10295874, 0.73991996)
(0.79576290, 0.43996978, 0.27966350, 0.31553936, 0.20284919, 0.62875360, 0.23470309, 0.22406863, 0.21378206, 0.67637002)
(0.88343298, 0.60245484, 0.46865705, 0.42340845, 0.60335165, 0.39190343, 0.51930934, 0.27060044, 0.11251372, 0.84545052)
(0.57752222, 0.38428071, 0.51175374, 0.20425649, 0.35199907, 0.72434562, 0.61104602, 0.73309207, 0.84186441, 0.40309912)
(0.92262691, 0.64462596, 0.65839040, 0.76679021, 0.31187445, 0.04300822, 0.41453975, 0.52040499, 0.12131023, 0.45097420)
(0.91601151, 0.28610125, 0.18605061, 0.44709316, 0.25018835, 0.36617851, 0.49718791, 0.27100441, 0.10913415, 0.57298070)
(0.39632177, 0.39015171, 0.42875147, 0.81020743, 0.65333337, 0.56535232, 0.28430039, 0.19529128, 0.34310615, 0.54456633)
(0.71820176, 0.47454092, 0.40546286, 0.41399491, 0.10304008, 0.32653490, 0.34177679, 0.68800241, 0.55092591, 0.23649640)
(0.77815622, 0.28110093, 0.23884696, 0.31031233, 0.46644321, 0.63229477, 0.84066015, 0.80327660, 0.65180916, 0.30904573)
(0.52786064, 0.73809063, 0.76342535, 0.55394882, 0.56798112, 0.49659678, 0.16299964, 0.20706926, 0.36839405, 0.81505704)
(0.66520554, 0.22391532, 0.36115232, 0.24904817, 0.40579009, 0.72514600, 0.57643211, 0.40920526, 0.64109111, 0.53289747)
(0.68891591, 0.92871827, 0.50793654, 0.74640340, 0.62831891, 0.56098050, 0.19126542, 0.38446388, 0.11759356, 0.83141547)
(0.70996088, 0.49213070, 0.77472383, 0.18091586, 0.33903587, 0.45549470, 0.45860139, 0.51668155, 0.73403054, 0.64034718)
(0.82096428, 0.21397702, 0.20711078, 0.36566600, 0.32390055, 0.48766240, 0.77302712, 0.70717877, 0.52032810, 0.27646908)
(0.68278211, 0.58466691, 0.45353830, 0.59116316, 0.51166201, 0.37872046, 0.72426158, 0.82979548, 0.57146877, 0.30068243)
(0.79096347, 0.36028740, 0.52956462, 0.71681774, 0.71428961, 0.18495262, 0.84778750, 0.72636896, 0.46635625, 0.32753336)
(0.72916925, 0.62836808, 0.39505661, 0.28393215, 0.34431669, 0.77214968, 0.19079114, 0.19260684, 0.23319852, 0.83062369)
(0.92380202, 0.46494272, 0.25617173, 0.52417427, 0.21496074, 0.12478227, 0.76937091, 0.86909109, 0.29851627, 0.18488334)
(0.65542424, 0.63654000, 0.41848922, 0.51998222, 0.73082042, 0.63078803, 0.62705219, 0.49273184, 0.31358981, 0.71251732)
(0.79164654, 0.24021100, 0.36133844, 0.30959678, 0.36197323, 0.42254394, 0.76070195, 0.69644445, 0.61246181, 0.33580831)
(0.65484869, 0.62913799, 0.69910938, 0.32865578, 0.49740216, 0.42850113, 0.54940683, 0.62362128, 0.60290873, 0.62153143)
(0.51271230, 0.21552153, 0.38821241, 0.69848931, 0.47097763, 0.47910434, 0.60346496, 0.54161686, 0.65643257, 0.22755875)
(0.74122345, 0.52741051, 0.47338587, 0.32922760, 0.29335397, 0.59541321, 0.18030559, 0.17129205, 0.24152882, 0.77961332)
(0.72932225, 0.47616276, 0.62157476, 0.29708871, 0.63675684, 0.47306415, 0.75169677, 0.65043509, 0.61739302, 0.61716652)
(0.48821762, 0.38131070, 0.46088523, 0.77037609, 0.60471195, 0.40356144, 0.54671037, 0.51496887, 0.49731618, 0.33335310)
(0.77827632, 0.62855113, 0.72559738, 0.36193052, 0.34225553, 0.22882028, 0.44435358, 0.57107681, 0.46035215, 0.58879554)
(0.80786133, 0.21129102, 0.36626300, 0.25431597, 0.23525630, 0.44342852, 0.52581608, 0.37721840, 0.46340835, 0.49255151)
(0.82263184, 0.43536276, 0.40534008, 0.26444349, 0.55474102, 0.60635662, 0.57780463, 0.28318295, 0.26885399, 0.80935532)
(0.82452983, 0.44764429, 0.72182447, 0.33241549, 0.48231468, 0.28193411, 0.39368275, 0.20791781, 0.30132279, 0.80071247)
(0.66153550, 0.78004944, 0.52831113, 0.33287919, 0.55957073, 0.65956634, 0.47789335, 0.56177217, 0.38892308, 0.77071553)
(0.43428400, 0.67513680, 0.50379080, 0.48733646, 0.59849268, 0.70869231, 0.64357680, 0.84265268, 0.76532751, 0.37966835)
(0.65125674, 0.39721003, 0.36323938, 0.30007151, 0.24866827, 0.62293583, 0.36483547, 0.39815018, 0.47191796, 0.54399472)
(0.90611374, 0.55792439, 0.44262138, 0.14945866, 0.27464584, 0.46224165, 0.49713811, 0.44106355, 0.27020606, 0.76895165)
(0.67924541, 0.55234230, 0.51918209, 0.48857990, 0.76249009, 0.52183867, 0.76785529, 0.64220363, 0.48897341, 0.60934269)
(0.74749601, 0.70674807, 0.56015027, 0.36871764, 0.79733813, 0.76571769, 0.36995721, 0.13550249, 0.18646812, 0.93838495)
(0.40462488, 0.47126949, 0.78589922, 0.60598671, 0.77891374, 0.59639400, 0.64031160, 0.59475970, 0.84008276, 0.49429190)
(0.69627577, 0.45567778, 0.78137767, 0.45320749, 0.40250352, 0.21980041, 0.56663197, 0.64416689, 0.71425444, 0.40212184)
(0.70659167, 0.40410316, 0.34312019, 0.27897432, 0.71276468, 0.75522685, 0.84451687, 0.74154538, 0.64503759, 0.54251003)
(0.67515022, 0.08987837, 0.37328383, 0.60385138, 0.61555284, 0.50179070, 0.78668725, 0.43273246, 0.68531352, 0.28801641)
(0.58962101, 0.67488420, 0.22689408, 0.94150066, 0.58221161, 0.35161948, 0.67857403, 0.88230175, 0.43583649, 0.08887640)
(0.74057692, 0.65433913, 0.61182517, 0.38124666, 0.42308718, 0.37637007, 0.53314263, 0.64799953, 0.47763762, 0.56760317)
(0.80454230, 0.33481115, 0.45262745, 0.11816152, 0.41575611, 0.64901084, 0.67948699, 0.52082431, 0.59521389, 0.67739362)
(0.73646879, 0.30835330, 0.57785082, 0.24339662, 0.39120620, 0.41881496, 0.67259955, 0.60873061, 0.68565822, 0.47116497)
(0.48983383, 0.19870226, 0.22394995, 0.69222957, 0.33440849, 0.63053215, 0.55311435, 0.60020411, 0.67039400, 0.15282857)
(0.62284172, 0.63497847, 0.85278106, 0.90922374, 0.62739599, 0.08992546, 0.52145475, 0.71883017, 0.65568566, 0.21813653)
(0.74697334, 0.64735103, 0.63403362, 0.54481804, 0.76870281, 0.36445597, 0.71274495, 0.56576097, 0.36084989, 0.69706988)
(0.97377849, 0.46276277, 0.01172699, 0.54002964, 0.03979667, 0.54468030, 0.44826707, 0.61844367, 0.02622012, 0.24301636)
(0.52037466, 0.60102934, 0.63664532, 0.31095946, 0.45026490, 0.59021056, 0.53448832, 0.69935089, 0.73765564, 0.51526165)
(0.49699026, 0.65720880, 0.55824763, 0.71329874, 0.83043027, 0.60763425, 0.64977521, 0.61143309, 0.51024538, 0.57700813)
(0.81621534, 0.21881515, 0.08769016, 0.80476904, 0.55118120, 0.51482707, 0.65923154, 0.33438393, 0.11087449, 0.38695163)
(0.47920877, 0.34961966, 0.77299756, 0.70239192, 0.79961795, 0.46554422, 0.54193455, 0.31739724, 0.67748857, 0.58363867)
(0.58555692, 0.51550400, 0.74650925, 0.36409280, 0.37693885, 0.42708051, 0.29400733, 0.32827482, 0.56848162, 0.66726029)
(0.71347147, 0.82671094, 0.18052767, 0.50340676, 0.65596920, 0.84417796, 0.60788858, 0.64578694, 0.19581072, 0.73017335)
(0.69828916, 0.71602315, 0.47404459, 0.92065650, 0.88888907, 0.32964545, 0.65265924, 0.51404357, 0.18293945, 0.56292385)
(0.81073779, 0.32257065, 0.56388843, 0.04688413, 0.35795465, 0.78472948, 0.62024045, 0.47737396, 0.78174508, 0.76413834)
(0.84692991, 0.29002929, 0.36946934, 0.42323110, 0.27143723, 0.24942361, 0.61356342, 0.54118842, 0.35913479, 0.37271541)
(0.57414740, 0.45809609, 0.32957774, 0.92672139, 0.85978276, 0.41594058, 0.68774426, 0.52715760, 0.28719074, 0.33128625)
(0.90398663, 0.57425761, 0.54015285, 0.51946390, 0.35893524, 0.11262517, 0.61083013, 0.61977786, 0.20383129, 0.50496536)
(0.63442647, 0.77495825, 0.71506304, 0.34954649, 0.65102446, 0.51935405, 0.68613082, 0.80235946, 0.68497616, 0.61413378)
(0.80967492, 0.34526837, 0.77882427, 0.22652134, 0.31250057, 0.23257309, 0.52560717, 0.46845517, 0.65251052, 0.56487709)
(0.74546462, 0.56696624, 0.79036057, 0.17506279, 0.34477296, 0.40864763, 0.45208114, 0.53503424, 0.68588161, 0.68045163)
(0.68581885, 0.26941198, 0.70772207, 0.33383965, 0.42278421, 0.38073590, 0.53996944, 0.39753151, 0.69108516, 0.53651637)
(0.49288553, 0.60395449, 0.49026862, 0.74525934, 0.47664723, 0.46086663, 0.57722402, 0.82627153, 0.69815803, 0.19985835)
(0.73944110, 0.54864424, 0.85459894, 0.33266762, 0.39799902, 0.29158145, 0.23086853, 0.20799409, 0.46886262, 0.79209203)
(0.78961742, 0.18400288, 0.10055700, 0.61945796, 0.06452639, 0.36200652, 0.45038378, 0.67413831, 0.40716448, 0.07721016)
(0.73423851, 0.41037786, 0.35874417, 0.70835072, 0.42612490, 0.30362800, 0.41788641, 0.33588615, 0.18808636, 0.48340443)
(0.86308455, 0.51052541, 0.06290253, 0.73436832, 0.30446282, 0.47695771, 0.67711467, 0.73591548, 0.12228251, 0.24517234)
(0.52286232, 0.72185999, 0.65219784, 0.97255522, 0.78323990, 0.18872322, 0.64890522, 0.86806124, 0.65226990, 0.10049077)
(0.83230704, 0.22138648, 0.45104855, 0.18246068, 0.08119721, 0.33572701, 0.44133472, 0.57674515, 0.66817570, 0.28700268)
(0.68461353, 0.55916876, 0.22628330, 0.89346242, 0.56858999, 0.30993056, 0.60776037, 0.67238086, 0.22016235, 0.23250687)
(0.79503059, 0.47008941, 0.42466715, 0.29694149, 0.43995446, 0.50289243, 0.53235608, 0.37883052, 0.29885647, 0.72175068)
(0.37363213, 0.65758395, 0.74417853, 0.45160314, 0.39390105, 0.58838153, 0.34547135, 0.63861215, 0.80474931, 0.46113428)
(0.59553158, 0.35876700, 0.66983253, 0.16479753, 0.30841807, 0.82129633, 0.15981841, 0.10045765, 0.69276410, 0.83123261)
(0.43413621, 0.56769419, 0.37416884, 0.36664036, 0.17556557, 0.74366462, 0.33656090, 0.77726954, 0.77594256, 0.25309983)
(0.74825054, 0.44607565, 0.30957150, 0.77117324, 0.70404416, 0.31514665, 0.85875154, 0.80509555, 0.40994290, 0.25170723)
(0.44832590, 0.65094596, 0.71766818, 0.42092088, 0.44070888, 0.54574811, 0.46094590, 0.71210945, 0.78616887, 0.45178571)
(0.34769872, 0.51935267, 0.44069272, 0.53854728, 0.24939279, 0.68245012, 0.30849066, 0.67367262, 0.75811994, 0.25813210)
(0.64365447, 0.52081233, 0.47888291, 0.18821718, 0.20575245, 0.62596965, 0.48292392, 0.75339580, 0.73783278, 0.40730706)
(0.80996567, 0.70551080, 0.31966537, 0.61842197, 0.13009159, 0.20103881, 0.58988649, 0.94054943, 0.53247225, 0.09797784)
(0.55679661, 0.60399169, 0.45339206, 0.35734504, 0.59958518, 0.83482093, 0.30507618, 0.22279662, 0.38234675, 0.82601708)
(0.64218223, 0.48161012, 0.48887876, 0.20632288, 0.24795273, 0.62796801, 0.38300696, 0.49696317, 0.60433429, 0.58339822)
(0.40354955, 0.63517660, 0.67605704, 0.40057164, 0.23960786, 0.62000287, 0.16963236, 0.42168641, 0.69212836, 0.53798598)
(0.76463461, 0.63140947, 0.74078500, 0.82705241, 0.54868203, 0.10008532, 0.62758213, 0.77159059, 0.50185198, 0.26636645)
(0.58220983, 0.25012732, 0.29257613, 0.92669988, 0.79127747, 0.38182059, 0.52357203, 0.22506514, 0.19528513, 0.39509645)
(0.70487124, 0.47479650, 0.21220784, 0.86743784, 0.07082910, 0.12068065, 0.36278346, 0.86324739, 0.48801994, 0.03184514)
(0.55618435, 0.31201756, 0.50287038, 0.68288493, 0.43509594, 0.32863402, 0.47067866, 0.44442755, 0.50619942, 0.33882299)
(0.91864675, 0.41866371, 0.38597935, 0.29671210, 0.24482176, 0.19857910, 0.68054163, 0.68029445, 0.31122783, 0.42609817)
(0.68555188, 0.29588494, 0.49667794, 0.47023112, 0.39324850, 0.34026375, 0.53698546, 0.42404735, 0.47089002, 0.46377468)
(0.74318880, 0.55166399, 0.58311033, 0.40396157, 0.36519212, 0.30796218, 0.45668581, 0.50155574, 0.38290012, 0.58347207)
(0.80845124, 0.51336217, 0.41551438, 0.26427782, 0.50285363, 0.49824557, 0.78813595, 0.77017951, 0.53307718, 0.51375806)
(0.58764619, 0.24889302, 0.15645739, 0.80268973, 0.41600296, 0.52136731, 0.59603232, 0.59063590, 0.42431086, 0.16178384)
(0.37843889, 0.66117513, 0.23466226, 0.64034259, 0.42823750, 0.79982805, 0.38236797, 0.65858477, 0.48881483, 0.36777824)
(0.74498516, 0.60120386, 0.48340955, 0.39928326, 0.50152832, 0.40901643, 0.64331412, 0.66300195, 0.40810034, 0.57178307)
(0.45094365, 0.13309404, 0.66102725, 0.87307465, 0.85887700, 0.49204943, 0.65750355, 0.28132373, 0.74717492, 0.32734239)
(0.87063652, 0.78460962, 0.39565971, 0.47596705, 0.35198092, 0.23430493, 0.84054357, 0.96553147, 0.55637062, 0.19492824)
(0.79205292, 0.46296811, 0.46835056, 0.32841492, 0.57564557, 0.43563154, 0.81403834, 0.76434803, 0.56314468, 0.48116502)
(0.76716113, 0.61068726, 0.37613717, 0.70624793, 0.68783188, 0.34168744, 0.75176746, 0.68980724, 0.27199340, 0.46678454)
(0.64951420, 0.39095446, 0.41803208, 0.33713752, 0.34875664, 0.56525928, 0.45839307, 0.41811857, 0.47485349, 0.56214052)
(0.87077606, 0.51435012, 0.63739806, 0.24140535, 0.53012025, 0.29625699, 0.69701630, 0.54713285, 0.39662519, 0.71193480)
(0.79380053, 0.35281563, 0.26490685, 0.50572002, 0.07002289, 0.21565458, 0.36368310, 0.64396012, 0.39345586, 0.15640339)
(0.49614879, 0.40934771, 0.46755698, 0.68393022, 0.72239912, 0.58344543, 0.43004331, 0.24755567, 0.35200772, 0.65453684)
(0.74672008, 0.21213621, 0.55097908, 0.24079148, 0.15522891, 0.38676614, 0.56146997, 0.66465402, 0.81572706, 0.24435909)
(0.68120635, 0.42322981, 0.46188837, 0.66760558, 0.52890283, 0.32480478, 0.79339153, 0.84683359, 0.68177879, 0.18915077)
(0.68924481, 0.43235227, 0.41619998, 0.09917595, 0.41694111, 0.82055008, 0.69105232, 0.72367257, 0.78912276, 0.58591545)
(0.87773478, 0.69848478, 0.62843180, 0.41398603, 0.56739813, 0.26620939, 0.54591042, 0.44158554, 0.18024901, 0.79595321)
(0.78758383, 0.57396042, 0.55100065, 0.40439498, 0.23418887, 0.26196361, 0.37334540, 0.51300621, 0.35314485, 0.51095861)
(0.72469825, 0.22171563, 0.23214583, 0.30088386, 0.28893673, 0.64218622, 0.72387886, 0.73247033, 0.68641156, 0.25503093)
(0.78321677, 0.54918790, 0.53673488, 0.45422977, 0.49485490, 0.28478131, 0.75361532, 0.80128902, 0.53597867, 0.39098105)
(0.90704697, 0.29158393, 0.22386298, 0.56975430, 0.53405488, 0.22798613, 0.87037778, 0.71259320, 0.23792477, 0.34810683)
(0.84804070, 0.19947298, 0.34291357, 0.27790350, 0.14884980, 0.30951858, 0.52902848, 0.47125217, 0.44650850, 0.35476419)
(0.75500059, 0.16600432, 0.26782924, 0.47817737, 0.34820649, 0.42460161, 0.66121441, 0.45743954, 0.45795664, 0.33858618)
(0.59470332, 0.33462206, 0.37926999, 0.47781315, 0.30120331, 0.49013996, 0.54337484, 0.64217651, 0.61991036, 0.28816649)
(0.57958084, 0.36931679, 0.48231623, 0.64020759, 0.67743707, 0.48291820, 0.77745301, 0.73021477, 0.68374717, 0.30592805)
(0.61356032, 0.48540577, 0.33802044, 0.92920429, 0.87552917, 0.39290529, 0.79757369, 0.68819588, 0.36621624, 0.25695583)
(0.92705590, 0.49177110, 0.77257055, 0.33164626, 0.46553224, 0.09605529, 0.63614833, 0.46161747, 0.30065930, 0.69381618)
(0.77961493, 0.47928801, 0.23147190, 0.56584918, 0.37565249, 0.36938220, 0.69827628, 0.75469834, 0.33510178, 0.30070850)
(0.51580441, 0.47150481, 0.66059625, 0.64447582, 0.74753463, 0.48072681, 0.71293962, 0.65974110, 0.71439248, 0.43286091)
(0.74762511, 0.31498107, 0.52246803, 0.56200492, 0.11317444, 0.16733074, 0.56089419, 0.83498204, 0.78705478, 0.07991585)
(0.82935673, 0.39828929, 0.18983997, 0.58882749, 0.59506261, 0.41654217, 0.84749818, 0.76000816, 0.30347362, 0.34642461)
(0.70463622, 0.43963939, 0.60931170, 0.37807238, 0.57629830, 0.39405182, 0.60652173, 0.44479200, 0.46060812, 0.65871948)
(0.88300169, 0.36874798, 0.40332723, 0.26110572, 0.50955325, 0.34560895, 0.82529682, 0.68886983, 0.41916263, 0.53877383)
(0.38294080, 0.65082449, 0.73201823, 0.27268744, 0.15639636, 0.78162920, 0.06585736, 0.23826990, 0.75080085, 0.66580820)
(0.83094776, 0.39340708, 0.68897891, 0.03702798, 0.27299231, 0.71503747, 0.50525844, 0.42935362, 0.77669120, 0.80541515)
(0.54652745, 0.32913035, 0.63575643, 0.34866652, 0.34926075, 0.53095162, 0.54353219, 0.61472386, 0.82464266, 0.36083573)
(0.65709734, 0.52462131, 0.15715009, 0.93790686, 0.21002018, 0.20943527, 0.51433825, 0.88339251, 0.43065292, 0.03532273)
(0.73846722, 0.33287242, 0.45206371, 0.22388759, 0.41946262, 0.54083461, 0.74201965, 0.70808089, 0.68991864, 0.44649968)
(0.90552646, 0.43037602, 0.14759959, 0.38482565, 0.04174154, 0.25988689, 0.34417859, 0.68005139, 0.22443902, 0.19096445)
(0.76417655, 0.58447218, 0.44370160, 0.44482243, 0.39733139, 0.45229849, 0.33296561, 0.29540557, 0.19477454, 0.73334366)
(0.41511902, 0.48807061, 0.36856827, 0.89418131, 0.63147289, 0.41442698, 0.30496487, 0.30971667, 0.28349820, 0.40966934)
(0.62576926, 0.51659787, 0.14051402, 0.57818186, 0.54323262, 0.76888907, 0.74221444, 0.81087232, 0.48446855, 0.28891841)
(0.60178393, 0.75782210, 0.48545647, 0.29573974, 0.80357230, 0.86886328, 0.64682853, 0.58153325, 0.50497818, 0.82791680)
(0.57396191, 0.60103697, 0.56578457, 0.21448798, 0.38395989, 0.67391515, 0.51263458, 0.68733460, 0.71742129, 0.57101113)
(0.78884733, 0.58759880, 0.67113394, 0.75625902, 0.30445120, 0.07719578, 0.50356394, 0.72980833, 0.42393556, 0.23458675)
(0.43669406, 0.78171748, 0.69791448, 0.70846355, 0.65516561, 0.52557510, 0.60034811, 0.86475807, 0.79217052, 0.32014766)
(0.62095392, 0.73131073, 0.55933070, 0.44490418, 0.46248412, 0.61664420, 0.18121591, 0.23613447, 0.25610399, 0.81287056)
(0.81057203, 0.27523792, 0.15474382, 0.42186067, 0.04901898, 0.36322448, 0.37384334, 0.67277801, 0.42289707, 0.13045596)
(0.48915917, 0.45725957, 0.38061076, 0.58100182, 0.49704409, 0.63087308, 0.66884452, 0.79713297, 0.72932011, 0.24809019)
(0.52948099, 0.62427002, 0.78133690, 0.17255718, 0.27338472, 0.64331621, 0.33338782, 0.60358000, 0.84286481, 0.59450567)
(0.45722857, 0.34665334, 0.65196574, 0.81068498, 0.81366754, 0.45838866, 0.68654209, 0.56201017, 0.70962566, 0.33698928)
(0.83838052, 0.32129943, 0.51530296, 0.43409312, 0.11804204, 0.13148184, 0.34861878, 0.43608513, 0.36373460, 0.32522908)
(0.78501022, 0.56932801, 0.38543344, 0.18460411, 0.30505139, 0.59091812, 0.70585597, 0.83598769, 0.64421648, 0.43209085)
(0.93288350, 0.55217373, 0.31425074, 0.32867214, 0.18876332, 0.16129678, 0.76408511, 0.88793689, 0.36298621, 0.25130597)
(0.73022366, 0.28432679, 0.30384094, 0.42279872, 0.32805327, 0.47486269, 0.67118120, 0.66860867, 0.55888522, 0.29767582)
(0.64990091, 0.32328770, 0.12747881, 0.70020616, 0.29827771, 0.58031458, 0.64559466, 0.76570112, 0.48792446, 0.13407440)
(0.70459402, 0.52865022, 0.51485312, 0.31940046, 0.07218439, 0.33972564, 0.31496778, 0.78294182, 0.71129984, 0.20323783)
(0.72143441, 0.63447821, 0.37416023, 0.21772967, 0.40316403, 0.81145781, 0.35672888, 0.33976954, 0.34705833, 0.80449766)
(0.80322593, 0.36103520, 0.61552024, 0.57038152, 0.19949621, 0.09714895, 0.57413894, 0.71334273, 0.58387411, 0.18388569)
(0.74530774, 0.20005074, 0.22106536, 0.27526423, 0.19272943, 0.60373664, 0.58331162, 0.57461625, 0.58085561, 0.30468675)
(0.81073135, 0.18584608, 0.28125775, 0.55209255, 0.24992971, 0.27207547, 0.59445214, 0.45985320, 0.35457882, 0.27730700)
(0.70394474, 0.37885189, 0.43233064, 0.61139709, 0.26432994, 0.24530968, 0.65903854, 0.81858677, 0.66164303, 0.14320165)
(0.67990166, 0.50873458, 0.45715281, 0.39649063, 0.62656426, 0.55044734, 0.68039310, 0.57282376, 0.45298508, 0.61692405)
(0.87597591, 0.26883152, 0.35030231, 0.40568200, 0.55203205, 0.28259715, 0.86599368, 0.72025448, 0.43089017, 0.39544535)
(0.53308284, 0.69236737, 0.81986845, 0.31736559, 0.47950664, 0.52057314, 0.34551787, 0.46939260, 0.68240988, 0.71598274)
(0.79443729, 0.26243699, 0.68459398, 0.41256645, 0.75008965, 0.34485170, 0.77354008, 0.37125653, 0.53835696, 0.67066371)
(0.59482342, 0.64424109, 0.42002517, 0.63670415, 0.60570407, 0.50798768, 0.79808664, 0.91167569, 0.71224040, 0.22147627)
(0.85548526, 0.21198750, 0.25855008, 0.39704287, 0.22582813, 0.30375415, 0.71295869, 0.68839121, 0.47392312, 0.23632124)
(0.79697973, 0.73649830, 0.40633920, 0.64087975, 0.11018209, 0.15258200, 0.47041839, 0.91506594, 0.50499344, 0.11394216)
(0.37685379, 0.85342091, 0.60341638, 0.33945215, 0.60433400, 0.85551858, 0.36459330, 0.65564573, 0.66884232, 0.73460972)
(0.59545434, 0.70227152, 0.66015697, 0.81614709, 0.19411275, 0.13034889, 0.24437329, 0.71429098, 0.52730757, 0.18446831)
(0.87260747, 0.59731245, 0.50636595, 0.46984395, 0.58837539, 0.20653254, 0.78937930, 0.73752195, 0.30170864, 0.53170568)
(0.77506667, 0.51151359, 0.50776488, 0.70605016, 0.54988724, 0.19260618, 0.74463302, 0.76366216, 0.43340790, 0.30139077)
(0.51369482, 0.56934851, 0.54809296, 0.74144340, 0.82054114, 0.54035729, 0.72778243, 0.69001704, 0.58577365, 0.43899068)
(0.71494460, 0.33433309, 0.44756567, 0.54861766, 0.64384770, 0.65558434, 0.24425654, 0.05585346, 0.18538237, 0.84961849)
(0.53651094, 0.63409418, 0.49137819, 0.78121436, 0.75975031, 0.47733724, 0.70743901, 0.74915123, 0.54207456, 0.36831543)
(0.86333257, 0.68906248, 0.55813044, 0.54295653, 0.07213243, 0.07620066, 0.25923347, 0.71655840, 0.31848371, 0.23550868)
(0.67865837, 0.29073805, 0.51815629, 0.48857364, 0.15791984, 0.23725447, 0.39862967, 0.52594680, 0.60217255, 0.24060489)
(0.85453117, 0.20402570, 0.38446191, 0.25514358, 0.39034069, 0.37120968, 0.75743365, 0.55129999, 0.49650660, 0.47030872)
(0.57974118, 0.45417094, 0.66438621, 0.91381502, 0.57241100, 0.14922769, 0.63608134, 0.78500271, 0.69618690, 0.11058741)
(0.45390391, 0.36029914, 0.43877476, 0.71122724, 0.48021990, 0.50556260, 0.56158727, 0.64928025, 0.68246591, 0.23352124)
(0.78150886, 0.23475917, 0.45836002, 0.51223534, 0.27262521, 0.19165537, 0.58770704, 0.51583093, 0.46168774, 0.29285237)
(0.53499937, 0.94522774, 0.79133260, 0.49589199, 0.44697323, 0.53857708, 0.47353083, 0.94808608, 0.82333493, 0.35410628)
(0.70909286, 0.53004611, 0.29586998, 0.64894098, 0.08907159, 0.21314466, 0.22623985, 0.58471721, 0.31399056, 0.18960983)
(0.79717529, 0.67857844, 0.49284279, 0.29334092, 0.19530107, 0.38843042, 0.38397262, 0.65776157, 0.40842602, 0.51978785)
(0.38377354, 0.85519624, 0.84559816, 0.45193434, 0.46246490, 0.57560748, 0.32202405, 0.76139683, 0.82396954, 0.53606218)
(0.80366230, 0.35635725, 0.54601121, 0.37508819, 0.16550992, 0.19640236, 0.63342935, 0.81340069, 0.71926326, 0.17932448)
(0.74799693, 0.75979310, 0.83411735, 0.35530496, 0.30074069, 0.32541472, 0.11875719, 0.21369480, 0.34522086, 0.82623607)
(0.76858282, 0.85417897, 0.53574055, 0.23878802, 0.40666017, 0.67278051, 0.35746637, 0.54743457, 0.31626391, 0.82480097)
(0.47459334, 0.41820014, 0.19385514, 0.88843220, 0.48489457, 0.47658548, 0.54286259, 0.68706715, 0.44567698, 0.13138656)
(0.32599750, 0.33508670, 0.49673405, 0.90063316, 0.82740903, 0.61776131, 0.33626655, 0.18574761, 0.42677581, 0.50560772)
(0.50617993, 0.52535719, 0.57070941, 0.68768007, 0.49534172, 0.39144418, 0.55894130, 0.71441072, 0.65861475, 0.28782111)
(0.92406690, 0.22626582, 0.26972061, 0.25903118, 0.03376159, 0.16306730, 0.39490262, 0.59762836, 0.37825519, 0.18115413)
(0.80621475, 0.53720379, 0.63263398, 0.69264185, 0.68403596, 0.17531106, 0.77560198, 0.70628244, 0.41797769, 0.43141341)
(0.41164282, 0.49297851, 0.21538001, 0.95560884, 0.16994311, 0.26549840, 0.21924132, 0.73938346, 0.52187556, 0.03675349)
(0.73394346, 0.64712948, 0.62785918, 0.10908662, 0.31627971, 0.76306552, 0.26586282, 0.30303019, 0.53677917, 0.85433590)
(0.79240817, 0.66222852, 0.13528574, 0.59286743, 0.10502858, 0.39073545, 0.37240231, 0.77865899, 0.24471217, 0.18934879)
(0.90068680, 0.36291230, 0.09227861, 0.51905894, 0.04532626, 0.27910000, 0.43037489, 0.75090504, 0.22843355, 0.11168122)
(0.44992483, 0.83210814, 0.60152161, 0.14966829, 0.19386750, 0.83842689, 0.24064393, 0.78345877, 0.81805342, 0.55911887)
(0.68858182, 0.72791946, 0.48152807, 0.43758813, 0.39964989, 0.43046415, 0.56580323, 0.77851814, 0.46887627, 0.47169274)
(0.62179762, 0.27701172, 0.65917319, 0.15871389, 0.31444940, 0.70823520, 0.34152055, 0.23068720, 0.76082242, 0.70498776)
(0.80535680, 0.36444417, 0.28046742, 0.73566145, 0.06255492, 0.08984832, 0.34457397, 0.70908910, 0.36372340, 0.07358059)
(0.84771764, 0.67911953, 0.59860498, 0.81647629, 0.75883359, 0.16178969, 0.66098183, 0.55072594, 0.16339245, 0.58522439)
(0.61220670, 0.31410581, 0.53360337, 0.21700491, 0.25268349, 0.58002114, 0.50440735, 0.57521176, 0.76831359, 0.42035410)
(0.84347200, 0.32463300, 0.36207804, 0.47813517, 0.32781610, 0.23188303, 0.79079479, 0.81751931, 0.53861105, 0.21241538)
(0.33911982, 0.81349593, 0.54235715, 0.47798032, 0.60895991, 0.84849995, 0.56089991, 0.89219356, 0.85076851, 0.38103759)
(0.53324330, 0.90718216, 0.51156008, 0.48993534, 0.61437511, 0.87819403, 0.08708477, 0.17217994, 0.17916328, 0.91800123)
(0.87623304, 0.79737335, 0.44378206, 0.82734752, 0.55091614, 0.12918524, 0.79045343, 0.90745485, 0.28869650, 0.23727457)
(0.57392424, 0.56978643, 0.47576967, 0.50386333, 0.67582875, 0.63374168, 0.50865912, 0.38917941, 0.36201790, 0.71115422)
(0.77520651, 0.51052511, 0.56349230, 0.34581462, 0.51091421, 0.33918202, 0.71278852, 0.67911804, 0.50098509, 0.54110765)
(0.83900291, 0.50351381, 0.35320079, 0.28797969, 0.77630877, 0.73737073, 0.74876851, 0.37582207, 0.26448631, 0.84312499)
(0.79063791, 0.24015680, 0.16843925, 0.53141600, 0.16777973, 0.42759427, 0.76580179, 0.89972842, 0.70675927, 0.06870845)
(0.72153479, 0.35982147, 0.42675096, 0.52095449, 0.45897570, 0.33228111, 0.62686187, 0.52918547, 0.39726394, 0.44546187)
(0.38532257, 0.70450652, 0.53824663, 0.33683059, 0.30821761, 0.72970903, 0.32681865, 0.71354270, 0.73305380, 0.46494636)
(0.65032417, 0.42293185, 0.63159364, 0.35129595, 0.39123905, 0.39330003, 0.58912104, 0.64510107, 0.69252938, 0.43837330)
(0.90003878, 0.25471550, 0.41728911, 0.22090410, 0.47821704, 0.34148526, 0.84663522, 0.67496878, 0.50434560, 0.49601829)
(0.53524888, 0.57773077, 0.29112288, 0.60880429, 0.73233926, 0.78773934, 0.49902660, 0.36824679, 0.27792233, 0.69496226)
(0.80235153, 0.22412091, 0.08972405, 0.67424172, 0.57433456, 0.61084348, 0.88153261, 0.78144783, 0.41371787, 0.18478802)
(0.26222536, 0.74474245, 0.72188354, 0.57350743, 0.40681925, 0.74045324, 0.32703501, 0.82183748, 0.90863913, 0.28058997)
(0.67136496, 0.63399416, 0.51868588, 0.15104450, 0.27422836, 0.68777752, 0.47204494, 0.70104951, 0.68301702, 0.58680809)
(0.34486443, 0.66711628, 0.45307815, 0.62719584, 0.39717644, 0.76915634, 0.08827924, 0.16865923, 0.38084176, 0.66644186)
(0.72942096, 0.59084135, 0.54171282, 0.23449332, 0.14546981, 0.61581987, 0.11550427, 0.21746922, 0.36118373, 0.73309362)
(0.80063468, 0.49421757, 0.76689857, 0.26978070, 0.19994007, 0.23366474, 0.31093583, 0.41916549, 0.53982103, 0.58514905)
(0.90321255, 0.75405222, 0.49165115, 0.24930693, 0.03098179, 0.15366247, 0.34303081, 0.91995913, 0.57962179, 0.15454133)
(0.76169425, 0.29523981, 0.33034587, 0.22341339, 0.33311632, 0.79728246, 0.26412037, 0.11556163, 0.34848422, 0.79669607)
(0.90423238, 0.30214906, 0.51719481, 0.29877108, 0.08107034, 0.10132170, 0.45046622, 0.58830333, 0.43758136, 0.26737115)
(0.65135461, 0.70817679, 0.31339070, 0.13963616, 0.45701712, 0.87933314, 0.69542116, 0.86204058, 0.73371422, 0.55815375)
(0.67507547, 0.66363543, 0.34126869, 0.37602419, 0.39898318, 0.59340250, 0.69933301, 0.87765545, 0.61585706, 0.33466321)
(0.58643442, 0.60812294, 0.37061107, 0.49915054, 0.72772819, 0.72443157, 0.66593897, 0.58670217, 0.42301086, 0.63540912)
(0.90782040, 0.25369978, 0.62085122, 0.20498693, 0.37983683, 0.17342754, 0.80159265, 0.65425014, 0.56787533, 0.46992582)
(0.82617337, 0.32881698, 0.44756162, 0.26075467, 0.04897093, 0.21718036, 0.32201323, 0.63000381, 0.58264816, 0.21317655)
(0.41561770, 0.71613961, 0.39913964, 0.52721429, 0.55814284, 0.83678162, 0.22064206, 0.30245978, 0.35316396, 0.73795885)
(0.58303392, 0.18742003, 0.37186041, 0.56023026, 0.34024572, 0.48947117, 0.60147816, 0.55294192, 0.69170761, 0.22923638)
(0.41966370, 0.32873073, 0.36845359, 0.80615473, 0.58390677, 0.53626055, 0.32834017, 0.23347528, 0.36398476, 0.44588065)
(0.45786771, 0.58927602, 0.67187172, 0.55633581, 0.58594513, 0.52115357, 0.52939761, 0.63360137, 0.69842649, 0.47910801)
(0.90816683, 0.39819464, 0.27741921, 0.42198670, 0.23409425, 0.27178246, 0.52957916, 0.43148163, 0.15742105, 0.51686007)
(0.65546358, 0.17117679, 0.53792059, 0.39503840, 0.37584543, 0.47666943, 0.71880811, 0.67214870, 0.84868836, 0.22828847)
(0.75971884, 0.50402385, 0.31962493, 0.76402652, 0.50404882, 0.25178131, 0.78108853, 0.83264446, 0.41810691, 0.19284232)
(0.83038086, 0.37570089, 0.27448177, 0.32910883, 0.42474076, 0.53268963, 0.65708244, 0.49131671, 0.30973917, 0.58438569)
(0.81009561, 0.48087353, 0.87223959, 0.20051071, 0.49276513, 0.27031800, 0.49482998, 0.35824379, 0.61028641, 0.78289753)
(0.91875881, 0.30356514, 0.30321258, 0.30541033, 0.25702664, 0.26430053, 0.65916413, 0.50197470, 0.24177223, 0.49404579)
(0.48502564, 0.70236194, 0.47699383, 0.33743727, 0.37349600, 0.83517075, 0.15525237, 0.26886648, 0.43354696, 0.77303189)
(0.81279290, 0.42790803, 0.50790232, 0.22243966, 0.26257989, 0.39912954, 0.73201579, 0.84981000, 0.74624276, 0.30218571)
(0.31170082, 0.45310146, 0.55174172, 0.57115531, 0.48842674, 0.73885494, 0.43791744, 0.64192611, 0.82749975, 0.32655105)
(0.90130812, 0.27647585, 0.46228710, 0.14599207, 0.06879012, 0.22284415, 0.51142454, 0.68669581, 0.60745955, 0.28715175)
(0.59648538, 0.85469878, 0.90168351, 0.52588886, 0.81023270, 0.42382634, 0.42591101, 0.44118556, 0.54028940, 0.85336548)
(0.44235584, 0.47856769, 0.55610180, 0.63487935, 0.35305244, 0.45830533, 0.44200152, 0.68205619, 0.73187727, 0.25471115)
(0.78934783, 0.33029100, 0.16639701, 0.91481423, 0.85536331, 0.38622096, 0.78709239, 0.42475441, 0.10807542, 0.41737384)
(0.43483952, 0.50227338, 0.46726006, 0.91774565, 0.88075495, 0.52290434, 0.52133238, 0.37024117, 0.34369981, 0.47567660)
(0.45831087, 0.62393206, 0.56930232, 0.75705618, 0.86522007, 0.65013760, 0.54662859, 0.42190173, 0.43039602, 0.66866273)
(0.68318337, 0.35699922, 0.68068022, 0.23778406, 0.45605925, 0.51230705, 0.60858768, 0.54132277, 0.74233621, 0.56809896)
(0.65260738, 0.73967296, 0.71186715, 0.71051860, 0.79851335, 0.37918991, 0.39499718, 0.29738110, 0.26062831, 0.80077195)
(0.85664606, 0.24841709, 0.07258177, 0.53787291, 0.36250231, 0.64582509, 0.70134360, 0.48794723, 0.18271360, 0.39319751)
(0.76788574, 0.33903095, 0.16205768, 0.57283294, 0.11182064, 0.36392480, 0.38647726, 0.57771540, 0.28820437, 0.19942828)
(0.50035119, 0.69811159, 0.42865476, 0.40818149, 0.24128187, 0.62595034, 0.28875187, 0.63566172, 0.52779371, 0.45914698)
(0.57540959, 0.81934810, 0.41145754, 0.38628638, 0.75852501, 0.91833919, 0.31507835, 0.25112164, 0.25292861, 0.90890414)
(0.53222710, 0.69787925, 0.52612865, 0.92440903, 0.33215788, 0.17706969, 0.36466137, 0.82102400, 0.56913477, 0.10010100)
(0.45295975, 0.69201034, 0.88412666, 0.38809708, 0.52660412, 0.52931976, 0.24163797, 0.33126003, 0.71920085, 0.76022732)
(0.86350852, 0.46912071, 0.36392814, 0.24650823, 0.43214008, 0.49340051, 0.63746887, 0.46897686, 0.27789682, 0.71220970)
(0.62903506, 0.64292699, 0.78882176, 0.64176810, 0.79642850, 0.35305405, 0.42433375, 0.27182910, 0.37536213, 0.79690772)
(0.65390223, 0.55587494, 0.43646348, 0.85152805, 0.90422922, 0.46419114, 0.81440842, 0.65138787, 0.36771643, 0.45425677)
(0.64218128, 0.36245522, 0.52932906, 0.42468700, 0.44856218, 0.42031533, 0.67124325, 0.67915714, 0.67444497, 0.36972323)
(0.44706491, 0.30086049, 0.60353136, 0.68723571, 0.79027635, 0.61877340, 0.73282838, 0.59998834, 0.79021859, 0.36177024)
(0.79456139, 0.68805307, 0.67497826, 0.19766241, 0.35137221, 0.45850000, 0.38933092, 0.46472976, 0.42587227, 0.77540720)
(0.82229275, 0.85064787, 0.86968488, 0.70286673, 0.33840272, 0.08348984, 0.14582890, 0.38765675, 0.23359697, 0.67494625)
(0.44865775, 0.46655083, 0.44544104, 0.44325969, 0.17299700, 0.60557359, 0.30167669, 0.64537615, 0.73348749, 0.26540563)
(0.79163903, 0.35453510, 0.30587313, 0.14742273, 0.41854408, 0.72819740, 0.73388374, 0.64920563, 0.59609628, 0.56948727)
(0.79259545, 0.30481771, 0.63687009, 0.30954263, 0.26152790, 0.23209730, 0.51687533, 0.48432663, 0.55942208, 0.45686144)
(0.75784981, 0.44343936, 0.78688318, 0.10500955, 0.34113339, 0.56121701, 0.38417506, 0.30954137, 0.69428080, 0.80413789)
(0.39595637, 0.79253596, 0.76942587, 0.25523934, 0.41261849, 0.79380846, 0.24937847, 0.56160206, 0.79569459, 0.70259309)
(0.74880552, 0.22065151, 0.22678308, 0.29677168, 0.23356806, 0.58772504, 0.62279111, 0.59819734, 0.55821586, 0.32080147)
(0.60698986, 0.77704191, 0.83808500, 0.50947297, 0.68851578, 0.34414107, 0.53607059, 0.61216497, 0.59217876, 0.69411170)
(0.71074980, 0.53043628, 0.60317618, 0.84578133, 0.45988744, 0.13012193, 0.69132447, 0.85087895, 0.62202567, 0.12942451)
(0.96280611, 0.75787026, 0.06334563, 0.64544117, 0.04244959, 0.28966168, 0.11633705, 0.34361076, 0.01457676, 0.47786757)
(0.77021545, 0.70561236, 0.64013374, 0.74935901, 0.82374430, 0.25930291, 0.81643236, 0.76011997, 0.42593265, 0.50696433)
(0.59264278, 0.83071226, 0.58071971, 0.48502421, 0.43666905, 0.53825265, 0.34173423, 0.61154920, 0.39305940, 0.65317076)
(0.32206020, 0.27933520, 0.33370748, 0.92397386, 0.71896827, 0.57648569, 0.27426744, 0.17126936, 0.34555078, 0.37984467)
(0.81454217, 0.51521337, 0.37920186, 0.04132053, 0.13830777, 0.88351029, 0.28687739, 0.39586440, 0.65036106, 0.78204799)
(0.72791195, 0.54113984, 0.80804217, 0.70702332, 0.45271584, 0.09976121, 0.47190332, 0.56663424, 0.50651550, 0.39177230)
(0.92293042, 0.74219614, 0.64842176, 0.44603401, 0.05120987, 0.05238741, 0.23013225, 0.72950155, 0.28866702, 0.28012276)
(0.84308332, 0.32734618, 0.44407535, 0.12728393, 0.71472651, 0.73330492, 0.85259718, 0.58505535, 0.60827607, 0.74381918)
(0.52165431, 0.53899372, 0.74846786, 0.49242237, 0.54391617, 0.40442881, 0.56001598, 0.63614726, 0.73987526, 0.47500482)
(0.65605551, 0.64109200, 0.17743145, 0.23428947, 0.25110906, 0.84587097, 0.52629590, 0.80475020, 0.56850201, 0.41222772)
(0.80699492, 0.69995022, 0.26519859, 0.41714105, 0.64341128, 0.82898021, 0.35303259, 0.17551178, 0.09118125, 0.90624815)
(0.67504984, 0.64441574, 0.42767417, 0.35328844, 0.30895698, 0.54546493, 0.49140859, 0.70737863, 0.51062244, 0.47165030)
(0.33026162, 0.61648440, 0.78545529, 0.30470258, 0.32285246, 0.78707904, 0.12358631, 0.25226003, 0.79583299, 0.71041048)
(0.57059979, 0.57444054, 0.88411063, 0.23942381, 0.33845565, 0.58701736, 0.12979150, 0.15400091, 0.70184636, 0.82632291)
(0.81495750, 0.56559646, 0.63918132, 0.51103491, 0.16217418, 0.10130077, 0.49793503, 0.78804219, 0.54111415, 0.22164647)
(0.65201092, 0.60562712, 0.21232621, 0.64178044, 0.81296188, 0.75412124, 0.84918547, 0.81782407, 0.45984671, 0.41720843)
(0.68097466, 0.64753073, 0.44607556, 0.51666212, 0.53451627, 0.48167792, 0.80153239, 0.91453373, 0.71326941, 0.25248444)
(0.59065098, 0.36560160, 0.39337918, 0.59905511, 0.46226364, 0.54788291, 0.77816254, 0.87109083, 0.82275343, 0.14596747)
(0.46917579, 0.52687186, 0.49338594, 0.22125717, 0.41190073, 0.80719239, 0.46082321, 0.61378324, 0.76519513, 0.57318836)
(0.63772392, 0.50153834, 0.49994487, 0.56984484, 0.40218714, 0.37973925, 0.70161766, 0.85403872, 0.73447251, 0.20595653)
(0.46512142, 0.70672649, 0.24385704, 0.49393728, 0.55682403, 0.87032658, 0.44711909, 0.57507986, 0.40132511, 0.61756450)
(0.83883762, 0.63210851, 0.76802224, 0.40723351, 0.34865671, 0.19897057, 0.21288808, 0.20943433, 0.22386174, 0.79661751)
(0.78239381, 0.15165348, 0.13067374, 0.11139771, 0.02472407, 0.88102025, 0.10987427, 0.18238503, 0.60906297, 0.37503111)
(0.81179929, 0.60930204, 0.62994730, 0.64460158, 0.23862104, 0.09051023, 0.50034940, 0.74985796, 0.41566250, 0.26007161)
(0.79019380, 0.63124019, 0.42087087, 0.45449230, 0.72088641, 0.53360367, 0.69734651, 0.49626422, 0.24013790, 0.75834316)
(0.79911947, 0.34653062, 0.31098738, 0.69267118, 0.49664769, 0.23112704, 0.72214782, 0.60305715, 0.26042929, 0.34154907)
(0.61165208, 0.53433919, 0.38297501, 0.65597606, 0.80888391, 0.61829424, 0.72775775, 0.56880069, 0.38879487, 0.57652432)
(0.65795141, 0.21121384, 0.21426494, 0.85104835, 0.69097966, 0.43478861, 0.65731245, 0.36960936, 0.25921473, 0.32509729)
(0.86757922, 0.59462678, 0.55428934, 0.31564322, 0.55258590, 0.34883991, 0.62290776, 0.46219304, 0.25613645, 0.76973790)
(0.76413918, 0.33754230, 0.42132425, 0.33683211, 0.02471853, 0.22762138, 0.19367220, 0.61795849, 0.65548849, 0.13250057)
(0.84330314, 0.50455594, 0.65640175, 0.47816661, 0.63568902, 0.17929611, 0.90627056, 0.91139102, 0.72531670, 0.27892256)
(0.77464312, 0.18962483, 0.38941410, 0.73269176, 0.16997729, 0.10949668, 0.46005389, 0.49674228, 0.41138825, 0.13455224)
(0.88456744, 0.15724750, 0.31081232, 0.07500286, 0.48358211, 0.77192330, 0.81720334, 0.46994865, 0.63273841, 0.68445337)
(0.80960256, 0.23619093, 0.22433205, 0.17485438, 0.37824088, 0.71364999, 0.74791670, 0.60242665, 0.56030345, 0.49566779)
(0.77451575, 0.39684668, 0.28151166, 0.42669448, 0.36963186, 0.47264227, 0.80082828, 0.86529827, 0.63903767, 0.21470529)
(0.76339829, 0.52814656, 0.50627738, 0.15410015, 0.30368239, 0.76912302, 0.22317742, 0.18065973, 0.39537820, 0.85209960)
(0.83015597, 0.20192957, 0.29252312, 0.44742373, 0.17670819, 0.29627964, 0.46316105, 0.34111953, 0.29639727, 0.36706299)
(0.80650842, 0.29682893, 0.14814126, 0.36403531, 0.26744735, 0.58257324, 0.65122050, 0.61650580, 0.36596057, 0.35471386)
(0.75370544, 0.75095624, 0.44868338, 0.51688820, 0.50074655, 0.39443773, 0.69600880, 0.83879733, 0.44112816, 0.42464718)
(0.78809708, 0.41945553, 0.24130341, 0.82119036, 0.08933656, 0.10210209, 0.51202440, 0.87702662, 0.49032399, 0.03825136)
(0.81460893, 0.60241270, 0.64771205, 0.68884879, 0.44457540, 0.11216430, 0.59411091, 0.69307154, 0.35244620, 0.38266417)
(0.29713324, 0.83339310, 0.83720011, 0.38452479, 0.59170425, 0.79608929, 0.27866518, 0.59215778, 0.83091927, 0.70712286)
(0.63324547, 0.40447441, 0.53919071, 0.70323420, 0.81552273, 0.42040059, 0.75004786, 0.53098309, 0.46729335, 0.51069951)
(0.37236145, 0.63656086, 0.73221421, 0.46815211, 0.71073866, 0.73366767, 0.52809745, 0.61471665, 0.79759115, 0.60560691)
(0.71975255, 0.34050038, 0.84818250, 0.26967549, 0.38046855, 0.34950998, 0.28095451, 0.17107160, 0.60870278, 0.75912470)
(0.60342568, 0.54727554, 0.53965056, 0.63219833, 0.46028957, 0.32424286, 0.40253013, 0.45917735, 0.35746494, 0.51518935)
(0.60597003, 0.48953745, 0.30929902, 0.71332771, 0.65828502, 0.51099837, 0.74498099, 0.73551697, 0.47003576, 0.31664321)
(0.55385494, 0.58369136, 0.87444377, 0.43161324, 0.59835267, 0.41698644, 0.28410721, 0.24330015, 0.61177212, 0.78690845)
(0.69537711, 0.59797174, 0.56419474, 0.33519450, 0.43345341, 0.45283887, 0.68288547, 0.81095171, 0.67622238, 0.42417693)
(0.85218954, 0.50430858, 0.64128262, 0.32471627, 0.44673815, 0.22741823, 0.61259550, 0.52417243, 0.36962742, 0.63855934)
(0.53194243, 0.55246979, 0.51857710, 0.58774447, 0.36216560, 0.42637351, 0.53380334, 0.77201140, 0.68073273, 0.26596999)
(0.37869549, 0.29139695, 0.32139760, 0.87359822, 0.59442562, 0.54273570, 0.29214862, 0.20918654, 0.35507226, 0.37189567)
(0.82259870, 0.51007795, 0.43533927, 0.39689040, 0.11107765, 0.18834406, 0.50207305, 0.81590956, 0.53902763, 0.19301116)
(0.86756641, 0.35347518, 0.38044792, 0.39493945, 0.06242127, 0.13882090, 0.36638990, 0.61532438, 0.38392159, 0.20376419)
(0.60064924, 0.45865363, 0.57712203, 0.18249522, 0.36492160, 0.71185672, 0.40110871, 0.40641874, 0.67911369, 0.69248980)
(0.81430620, 0.86804515, 0.65554732, 0.26232529, 0.56449676, 0.60011244, 0.37080190, 0.40177703, 0.23887746, 0.90408158)
(0.81880629, 0.66738331, 0.64902061, 0.28461638, 0.48031461, 0.35398281, 0.57616413, 0.58622712, 0.39843723, 0.71149522)
(0.67924714, 0.88013452, 0.42152157, 0.53132480, 0.57351619, 0.69680810, 0.29895693, 0.44462216, 0.16595067, 0.82038355)
(0.77415007, 0.57769120, 0.52148771, 0.31068140, 0.07726124, 0.24624065, 0.32252795, 0.75175810, 0.58220690, 0.25860858)
(0.56344199, 0.55368030, 0.58545357, 0.63546783, 0.76618719, 0.66823059, 0.22532204, 0.09353530, 0.23202939, 0.86464167)
(0.41508743, 0.52235001, 0.80511087, 0.56192988, 0.68918091, 0.53066236, 0.38617346, 0.32539144, 0.67635125, 0.68010151)
(0.63831973, 0.43791777, 0.35921526, 0.66711545, 0.10708300, 0.21164267, 0.34505787, 0.71733785, 0.55079329, 0.11770403)
(0.71532083, 0.25971544, 0.45769477, 0.50500274, 0.49300578, 0.37764993, 0.80085641, 0.76987839, 0.72083485, 0.23652206)
(0.59497964, 0.75573391, 0.58929318, 0.59717906, 0.63360018, 0.46945140, 0.67341024, 0.82749575, 0.61419797, 0.42994541)
(0.47770223, 0.69623524, 0.82210737, 0.46173298, 0.57943106, 0.47337466, 0.40571541, 0.51816463, 0.68798232, 0.65945345)
(0.71399993, 0.59859890, 0.82522148, 0.39730316, 0.45015529, 0.26874080, 0.35482731, 0.37519297, 0.50430220, 0.70187902)
(0.41662124, 0.67313570, 0.66590327, 0.38586575, 0.39261371, 0.63758367, 0.42767921, 0.74670535, 0.80285186, 0.42730618)
(0.40459144, 0.71709234, 0.55883610, 0.30154410, 0.50935656, 0.81605875, 0.57150209, 0.85252517, 0.85140646, 0.43616247)
(0.78631055, 0.48935652, 0.40051809, 0.17117074, 0.16059418, 0.62488765, 0.28033361, 0.36394721, 0.40461466, 0.66103083)
(0.65528846, 0.61197484, 0.28468931, 0.35395232, 0.18459009, 0.79809189, 0.10595390, 0.20494458, 0.24807954, 0.69611490)
(0.74952501, 0.22510374, 0.45725986, 0.24280789, 0.12875022, 0.41451845, 0.39554921, 0.43937507, 0.62310952, 0.36628819)
(0.73874140, 0.20338745, 0.31583360, 0.28650302, 0.21290831, 0.50014126, 0.53262502, 0.46271351, 0.54672468, 0.38109609)
(0.57370794, 0.91970176, 0.71101648, 0.42882392, 0.68085414, 0.74004328, 0.19737281, 0.33020517, 0.29015595, 0.90857846)
(0.67663616, 0.83027971, 0.51487356, 0.38078281, 0.73403358, 0.78192317, 0.40901786, 0.33779606, 0.23110728, 0.90049720)
(0.84145999, 0.21290952, 0.22163919, 0.22838856, 0.20489134, 0.49986663, 0.72485441, 0.71583349, 0.57623446, 0.28396013)
(0.63340110, 0.46791750, 0.40196007, 0.35234138, 0.50825489, 0.62381727, 0.67614698, 0.68961310, 0.59895450, 0.47827518)
(0.88903427, 0.59193987, 0.32156849, 0.17978708, 0.20864776, 0.49867839, 0.49881360, 0.58132082, 0.28080434, 0.65008676)
(0.66541588, 0.67898059, 0.65262979, 0.44112697, 0.27421680, 0.34776214, 0.22743374, 0.40963516, 0.37785640, 0.62365031)
(0.64482242, 0.23515995, 0.81010514, 0.10393800, 0.12808709, 0.65108746, 0.20591152, 0.21367595, 0.88870651, 0.60822797)
(0.63908356, 0.11678031, 0.22650121, 0.68640167, 0.18328571, 0.40025392, 0.57157397, 0.61264735, 0.68097037, 0.08728643)
(0.50412500, 0.36940727, 0.44345981, 0.73564202, 0.65945899, 0.51395452, 0.73944414, 0.73207116, 0.70047462, 0.23388694)
(0.59798878, 0.53384644, 0.40227348, 0.24795288, 0.10634633, 0.68609929, 0.22927116, 0.57791144, 0.66421932, 0.38867301)
(0.94233036, 0.76177877, 0.06421425, 0.28569743, 0.06126974, 0.47134551, 0.61927605, 0.94280869, 0.23185524, 0.17707078)
(0.49776864, 0.45521250, 0.39465594, 0.41547623, 0.24163964, 0.61174726, 0.41831103, 0.67839313, 0.67602134, 0.30684096)
(0.71717632, 0.27661282, 0.36769432, 0.08296177, 0.10920194, 0.83363849, 0.28963739, 0.35216373, 0.76113337, 0.55930609)
(0.72052139, 0.65437388, 0.82358783, 0.25447834, 0.31341821, 0.35093611, 0.30919591, 0.45393834, 0.60537767, 0.69662279)
(0.74364918, 0.27830654, 0.62158757, 0.44051412, 0.09663592, 0.17775960, 0.31318435, 0.49433622, 0.65138125, 0.22167030)
(0.79037714, 0.74964386, 0.54891735, 0.23820455, 0.17840745, 0.61318707, 0.11938939, 0.24894801, 0.25184143, 0.80776227)
(0.38785627, 0.46875232, 0.51291156, 0.45201254, 0.23875825, 0.72211367, 0.43404648, 0.80604750, 0.89236003, 0.18377841)
(0.72425008, 0.75976604, 0.65329587, 0.38289922, 0.45955387, 0.42306355, 0.46437132, 0.62151694, 0.43625501, 0.66357803)
(0.64762694, 0.83332753, 0.62597907, 0.31893250, 0.34123635, 0.65774828, 0.15836117, 0.34175017, 0.32672414, 0.82012069)
(0.77956027, 0.74703777, 0.42071542, 0.73964185, 0.57663643, 0.26999336, 0.80128831, 0.91081721, 0.46692446, 0.23800872)
(0.76779085, 0.77510214, 0.83111233, 0.26647359, 0.27537084, 0.29625857, 0.28387338, 0.54256982, 0.54294461, 0.69450963)
(0.79606944, 0.22191359, 0.32295305, 0.22870614, 0.02754162, 0.38116932, 0.29689583, 0.68083823, 0.73004061, 0.12638411)
(0.59660387, 0.52002907, 0.38155678, 0.73329675, 0.57338011, 0.41547549, 0.41336492, 0.34590852, 0.21577352, 0.57181859)
(0.87708914, 0.41136920, 0.46954167, 0.17362782, 0.23230539, 0.30380037, 0.73619330, 0.80331028, 0.60739362, 0.38054508)
(0.56992334, 0.71162516, 0.59914184, 0.44975543, 0.44633645, 0.49361768, 0.58102149, 0.82907844, 0.69923389, 0.38354230)
(0.63717020, 0.75860620, 0.39454529, 0.26095954, 0.38386732, 0.75154501, 0.43780443, 0.65071028, 0.45621511, 0.68041366)
(0.48613220, 0.65229678, 0.59393078, 0.31945217, 0.34784931, 0.70494920, 0.37345767, 0.65492713, 0.73851079, 0.51202178)
(0.60385936, 0.46892589, 0.57626593, 0.88743109, 0.92123121, 0.39013457, 0.84131515, 0.69656080, 0.54429275, 0.34295541)
(0.47582543, 0.62261337, 0.68041432, 0.53504008, 0.41425842, 0.43502188, 0.41254720, 0.63447422, 0.67015207, 0.44029829)
(0.76601285, 0.50201350, 0.30491069, 0.48555616, 0.10136818, 0.26280537, 0.40449744, 0.75603336, 0.44698268, 0.18450329)
(0.55581421, 0.63455993, 0.79357380, 0.28246409, 0.57847983, 0.64681566, 0.32101759, 0.27843475, 0.61416972, 0.83464617)
(0.77083194, 0.36443859, 0.24628992, 0.21645127, 0.35920298, 0.68611747, 0.72949809, 0.72662765, 0.57433331, 0.43255597)
(0.72367442, 0.46847746, 0.62543023, 0.70593947, 0.78861064, 0.26399192, 0.73398119, 0.54054612, 0.40171313, 0.53455853)
(0.93138570, 0.42334217, 0.25699341, 0.14270496, 0.04937851, 0.29507893, 0.42917228, 0.69408482, 0.36149466, 0.33034083)
(0.66348875, 0.70939255, 0.45728579, 0.19379771, 0.62442255, 0.86861604, 0.47965512, 0.41139632, 0.44566172, 0.86293477)
(0.54887903, 0.24856272, 0.30953836, 0.46848986, 0.20335139, 0.59352732, 0.48175913, 0.63301075, 0.71410018, 0.19936819)
(0.51246172, 0.47859532, 0.67704076, 0.43178791, 0.22925669, 0.45014942, 0.29696923, 0.51545823, 0.73262578, 0.39159158)
(0.87343109, 0.53652018, 0.35770440, 0.14933832, 0.44684306, 0.55830735, 0.87167835, 0.88720661, 0.63419527, 0.46220374)
(0.83813018, 0.52415609, 0.46289623, 0.15658467, 0.45081970, 0.64767784, 0.52789080, 0.34891519, 0.33853054, 0.83200490)
(0.71363777, 0.40891910, 0.70239043, 0.35002887, 0.22645122, 0.27243742, 0.55842507, 0.74963194, 0.80516160, 0.26589772)
(0.61001396, 0.29901326, 0.62297964, 0.52827150, 0.40588579, 0.33179665, 0.42261788, 0.33516657, 0.53576446, 0.47898751)
(0.54407674, 0.43679819, 0.29467395, 0.26590878, 0.12683117, 0.72317326, 0.33679488, 0.68942857, 0.70387393, 0.28376397)
(0.66790873, 0.13533223, 0.16969766, 0.83560675, 0.52139133, 0.43120405, 0.79132807, 0.66497594, 0.53683764, 0.10440378)
(0.48741183, 0.65317166, 0.69181901, 0.40388408, 0.55168402, 0.58925569, 0.62515819, 0.81193584, 0.82470232, 0.41748911)
(0.77031571, 0.78242701, 0.33871141, 0.77556336, 0.48384219, 0.28931838, 0.78401649, 0.93990785, 0.47982886, 0.16378240)
(0.82965177, 0.47577581, 0.80168182, 0.20667545, 0.71663535, 0.45776111, 0.58361155, 0.22411135, 0.45450923, 0.89721185)
(0.47069490, 0.62069052, 0.70532465, 0.32880977, 0.43141383, 0.59395075, 0.40604299, 0.57719421, 0.72346133, 0.59027767)
(0.62963331, 0.71866989, 0.77600831, 0.40568501, 0.60562634, 0.53891325, 0.21119708, 0.18205287, 0.35461420, 0.87733209)
(0.87534326, 0.19441582, 0.28433532, 0.27438566, 0.17970325, 0.34559447, 0.60268784, 0.49953446, 0.41120985, 0.36851752)
(0.61917555, 0.61566699, 0.77760679, 0.25176165, 0.54657483, 0.53223991, 0.49446496, 0.50152314, 0.67156327, 0.73359054)
(0.93880600, 0.43864653, 0.19100933, 0.15843403, 0.23436064, 0.45416799, 0.80340225, 0.81302696, 0.35066006, 0.44556043)
(0.58442742, 0.62862015, 0.44458073, 0.65605748, 0.73614484, 0.55561924, 0.72987980, 0.73545301, 0.51392424, 0.45425504)
(0.41131470, 0.33708405, 0.39592391, 0.84769660, 0.83134669, 0.67710042, 0.47485942, 0.25800201, 0.38551041, 0.51436394)
(0.81555575, 0.14655130, 0.11938534, 0.48191181, 0.07897568, 0.43111438, 0.48892355, 0.56779385, 0.41081366, 0.13382371)
(0.89918870, 0.50797945, 0.30735549, 0.71310228, 0.30490673, 0.11042623, 0.77714896, 0.87948179, 0.31902170, 0.15226886)
(0.62111789, 0.27615681, 0.30820721, 0.61632222, 0.45979679, 0.48913726, 0.72334421, 0.70845252, 0.62140298, 0.22038761)
(0.93539393, 0.62165928, 0.45055604, 0.17207403, 0.23746544, 0.30206993, 0.53547406, 0.55106014, 0.21999823, 0.71779704)
(0.64547187, 0.48419932, 0.25901192, 0.40505266, 0.55412084, 0.73136234, 0.68186837, 0.65558648, 0.47714141, 0.50002784)
(0.48046690, 0.32446161, 0.55647773, 0.66292346, 0.50703597, 0.45353314, 0.62477195, 0.66360921, 0.77296537, 0.24031813)
(0.66546363, 0.83192027, 0.49972060, 0.44954950, 0.50067151, 0.52759641, 0.65910560, 0.88790369, 0.57654154, 0.43693617)
(0.38849735, 0.63627672, 0.66047776, 0.67195308, 0.77803439, 0.65199298, 0.37845984, 0.33260840, 0.50368756, 0.71175951)
(0.56841123, 0.75013310, 0.66329139, 0.81279969, 0.15941218, 0.15441148, 0.11231787, 0.54523212, 0.42103565, 0.28094369)
(0.73633611, 0.61808538, 0.72447419, 0.44573113, 0.78029370, 0.52321082, 0.35577825, 0.13197471, 0.25125816, 0.90981925)
(0.84373879, 0.64061427, 0.33391175, 0.15164089, 0.31316978, 0.74669111, 0.41314840, 0.41288599, 0.27957422, 0.81150275)
(0.54198658, 0.75673014, 0.41934040, 0.23008257, 0.51400423, 0.92512369, 0.25870952, 0.31459031, 0.46526048, 0.85561007)
(0.88751310, 0.42123035, 0.61779380, 0.47515777, 0.22678944, 0.10067824, 0.38800624, 0.35776415, 0.22678187, 0.52268416)
(0.83198017, 0.42479101, 0.58095348, 0.67734075, 0.35819352, 0.08888051, 0.74600214, 0.83087420, 0.54485631, 0.17291948)
(0.83970529, 0.64182156, 0.77696180, 0.74291754, 0.17695476, 0.04042787, 0.22993812, 0.52455276, 0.28328538, 0.32560188)
(0.52747852, 0.81977201, 0.72887981, 0.37090406, 0.30173686, 0.52539575, 0.33822393, 0.79021454, 0.73634958, 0.46629304)
(0.47476858, 0.40994516, 0.19805297, 0.52386868, 0.62964302, 0.90637219, 0.38016939, 0.23868810, 0.35657427, 0.66853780)
(0.55502337, 0.46359015, 0.58610213, 0.37496343, 0.53811032, 0.55272597, 0.68065083, 0.72910064, 0.75717753, 0.43091834)
(0.87771416, 0.29535910, 0.21941818, 0.16113658, 0.15738285, 0.72614735, 0.28112182, 0.17342637, 0.24565980, 0.72369647)
(0.92238486, 0.25917631, 0.30251226, 0.17570877, 0.11191326, 0.25064641, 0.70688331, 0.78003162, 0.52925205, 0.25411445)
(0.58151740, 0.26904178, 0.66413277, 0.55269974, 0.80320257, 0.54390663, 0.77900249, 0.49400437, 0.74252975, 0.52037442)
(0.56700206, 0.38123423, 0.54364836, 0.44293493, 0.30951357, 0.51807261, 0.56701219, 0.74390227, 0.81072444, 0.24795537)
(0.53377712, 0.25604638, 0.23618811, 0.56520802, 0.55243427, 0.75354260, 0.68812597, 0.60049450, 0.63317329, 0.30937603)
(0.48461366, 0.43075335, 0.49737108, 0.33868149, 0.44378290, 0.69087952, 0.59934598, 0.71038264, 0.78795499, 0.39703843)
(0.80760938, 0.70060998, 0.52176994, 0.17879112, 0.15741783, 0.52638096, 0.29563358, 0.56049776, 0.43548021, 0.64848006)
(0.74740225, 0.59213233, 0.72106147, 0.49613196, 0.47180054, 0.20213996, 0.61545902, 0.70620608, 0.54686517, 0.45859516)
(0.78820175, 0.51780927, 0.63638395, 0.12620875, 0.56175858, 0.60129809, 0.73018372, 0.63567197, 0.65910268, 0.73701674)
(0.62713963, 0.48601317, 0.19796501, 0.56943607, 0.25527254, 0.58923364, 0.49895328, 0.72402805, 0.45687246, 0.24037212)
(0.73693573, 0.81247669, 0.62877774, 0.64849931, 0.73124945, 0.36341402, 0.62138557, 0.65012366, 0.31976491, 0.66961676)
(0.90584916, 0.54544973, 0.23954350, 0.63439107, 0.21207771, 0.12824874, 0.76841378, 0.91280860, 0.32983127, 0.12747937)
(0.51395249, 0.69684619, 0.66970307, 0.64633930, 0.46808049, 0.37435591, 0.45351455, 0.71308154, 0.62192076, 0.39615861)
(0.78411871, 0.28823170, 0.31549779, 0.25412741, 0.32723078, 0.53158063, 0.73271286, 0.71180683, 0.60970640, 0.36775997)
(0.77038908, 0.70438522, 0.42690438, 0.44875675, 0.76248676, 0.57502824, 0.75410080, 0.63292843, 0.31019858, 0.73013991)
(0.45702001, 0.38235116, 0.22545861, 0.54415596, 0.58323592, 0.87576640, 0.35684094, 0.23984262, 0.38279259, 0.62529987)
(0.77481675, 0.15213226, 0.07603519, 0.55306178, 0.07398583, 0.54407519, 0.49491528, 0.67649645, 0.47697192, 0.08223291)
(0.59632272, 0.75978976, 0.34435150, 0.25762936, 0.51671135, 0.90451407, 0.34059614, 0.40348497, 0.37345457, 0.83157456)
(0.63895202, 0.43755004, 0.61223751, 0.28514040, 0.32973143, 0.50598198, 0.61010569, 0.74763620, 0.80540180, 0.36467981)
(0.88741839, 0.37158489, 0.26821825, 0.21472055, 0.29942581, 0.43700016, 0.77192450, 0.74942851, 0.43755755, 0.42910585)
(0.89313275, 0.62584251, 0.14125879, 0.50636297, 0.12465366, 0.27886513, 0.72736466, 0.94787645, 0.40685457, 0.09947897)
(0.77034515, 0.13341384, 0.21494630, 0.53136784, 0.09289016, 0.31618956, 0.52990538, 0.62415612, 0.58837742, 0.09831930)
(0.92472380, 0.88487267, 0.30674195, 0.65214211, 0.29449677, 0.21358006, 0.52265757, 0.79431164, 0.09150186, 0.51557702)
(0.68942863, 0.43214813, 0.74367303, 0.20591415, 0.25917611, 0.51837647, 0.24087238, 0.23334248, 0.60493028, 0.73517776)
(0.90412378, 0.32677683, 0.11147520, 0.46606526, 0.37828356, 0.51123512, 0.71616870, 0.46805531, 0.12771688, 0.53577197)
(0.55696255, 0.56193393, 0.51801509, 0.43337435, 0.37745062, 0.48511675, 0.49511391, 0.66569859, 0.58986455, 0.43847081)
(0.26725620, 0.83728379, 0.59157652, 0.47441897, 0.12016188, 0.80180728, 0.02945803, 0.29329464, 0.64882803, 0.55384803)
(0.68311226, 0.83173972, 0.38472405, 0.48407307, 0.63582414, 0.70421064, 0.50788105, 0.57504064, 0.25704959, 0.76032549)
(0.89128172, 0.29901949, 0.51524734, 0.43368232, 0.49169260, 0.17580076, 0.70733368, 0.41956547, 0.26239178, 0.57630742)
(0.46960324, 0.72685796, 0.76378804, 0.28896016, 0.66980666, 0.80586845, 0.31046292, 0.30314910, 0.64176846, 0.86455554)
(0.71631050, 0.78882092, 0.62755084, 0.51620424, 0.61275744, 0.40064871, 0.72497511, 0.86338222, 0.59907198, 0.45549473)
(0.69775379, 0.45837930, 0.50585938, 0.14267173, 0.34290922, 0.67876488, 0.65001422, 0.74260247, 0.77250600, 0.50223321)
(0.47815087, 0.55874830, 0.83345783, 0.67921883, 0.71493292, 0.34033537, 0.45218432, 0.42065927, 0.65558171, 0.59551197)
(0.30117890, 0.78292072, 0.68490297, 0.44136968, 0.21732511, 0.78640741, 0.04185000, 0.21420625, 0.60768414, 0.70734769)
(0.77783698, 0.19279464, 0.37411505, 0.47218955, 0.26515335, 0.27356401, 0.63692665, 0.56175530, 0.52614111, 0.26024970)
(0.64787614, 0.51552677, 0.72488922, 0.15436687, 0.37153298, 0.74192297, 0.22453585, 0.17797077, 0.62850630, 0.85719603)
(0.69989157, 0.41352901, 0.74294144, 0.43703851, 0.38358361, 0.24514429, 0.40305260, 0.37177968, 0.51803946, 0.57234573)
(0.58067697, 0.33262569, 0.47108275, 0.69640696, 0.50328094, 0.35767528, 0.61391544, 0.60295451, 0.57285523, 0.27998200)
(0.52544749, 0.79318964, 0.47047922, 0.67413300, 0.74149573, 0.64513326, 0.60773563, 0.71738338, 0.44379792, 0.56763643)
(0.92946237, 0.43598220, 0.31653711, 0.30062610, 0.27933100, 0.20564745, 0.76087564, 0.75087643, 0.28605801, 0.40825033)
(0.82714432, 0.47747704, 0.56628215, 0.48147297, 0.32476661, 0.17359515, 0.61430508, 0.69327432, 0.44143999, 0.36766258)
(0.41519755, 0.54368275, 0.36617827, 0.94927305, 0.83248609, 0.47018331, 0.52768081, 0.51999235, 0.35634929, 0.29291257)
(0.93268335, 0.75002736, 0.37271506, 0.45433402, 0.07146194, 0.11720118, 0.24556646, 0.63684106, 0.12640551, 0.40094537)
(0.55266523, 0.59663355, 0.78646356, 0.61612630, 0.70358312, 0.35264927, 0.46814883, 0.42129648, 0.54319239, 0.65849102)
(0.86747068, 0.50778174, 0.51690048, 0.64110506, 0.26924118, 0.08269344, 0.67409432, 0.82043934, 0.40540338, 0.20014025)
(0.82661688, 0.70432776, 0.11278391, 0.80663013, 0.31563637, 0.36295655, 0.59546059, 0.80885077, 0.14355174, 0.21874586)
(0.92589658, 0.90430897, 0.53534955, 0.40513396, 0.22929244, 0.17698108, 0.47466853, 0.84193945, 0.20189473, 0.55796361)
(0.88891101, 0.52630359, 0.53466928, 0.25934166, 0.49143606, 0.41911212, 0.49329558, 0.24443185, 0.19247942, 0.85081977)
(0.48561564, 0.70253229, 0.69916987, 0.50333571, 0.68205696, 0.55707264, 0.64280879, 0.77384424, 0.73996943, 0.50785166)
(0.71085310, 0.46734306, 0.54149711, 0.41283908, 0.38421646, 0.33402306, 0.58408087, 0.63686574, 0.51991856, 0.44771689)
(0.84371173, 0.43404523, 0.64458162, 0.35864457, 0.18551789, 0.18384895, 0.27895024, 0.30091012, 0.31235284, 0.58784485)
(0.93054539, 0.50261819, 0.41960084, 0.17844918, 0.25670049, 0.25906947, 0.70466471, 0.71147406, 0.33168364, 0.55368060)
(0.86491567, 0.66407943, 0.50814825, 0.22025965, 0.23395663, 0.42805621, 0.34272084, 0.42723465, 0.26624277, 0.74321079)
(0.76329929, 0.10258757, 0.19705544, 0.62123263, 0.09890378, 0.30973038, 0.62162244, 0.73857886, 0.71209359, 0.05036810)
(0.86457747, 0.14759825, 0.18310964, 0.42750251, 0.07668024, 0.25565884, 0.57141793, 0.64526892, 0.45391250, 0.12253287)
(0.47496721, 0.69576561, 0.64210331, 0.43645167, 0.28101858, 0.52598453, 0.31197339, 0.67917395, 0.68559510, 0.43296498)
(0.73498994, 0.68396997, 0.27278596, 0.52941650, 0.38339192, 0.48717290, 0.58345550, 0.74727505, 0.31591648, 0.41775852)
(0.84174454, 0.45783064, 0.71770829, 0.14050758, 0.35942346, 0.40328482, 0.46637014, 0.34909356, 0.49715173, 0.78357357)
(0.70881587, 0.47819752, 0.12053588, 0.66193581, 0.35334232, 0.62842941, 0.45567799, 0.45961088, 0.16509829, 0.44105163)
(0.79807532, 0.30545267, 0.44965303, 0.29006115, 0.35789597, 0.36331993, 0.74548513, 0.71975803, 0.62068677, 0.36529997)
(0.80005598, 0.27778015, 0.04943618, 0.71975136, 0.10245606, 0.48744994, 0.50807291, 0.73834419, 0.27336991, 0.08349374)
(0.52737135, 0.50349593, 0.54220432, 0.20278655, 0.39078355, 0.74301171, 0.45413858, 0.55259889, 0.73082376, 0.61491513)
(0.81601918, 0.22866055, 0.18370694, 0.34354597, 0.30386704, 0.74643922, 0.32927191, 0.13006517, 0.21501268, 0.68542510)
(0.63342291, 0.51465023, 0.44964877, 0.67330414, 0.57225901, 0.36975917, 0.74228793, 0.80541140, 0.58751267, 0.26799634)
(0.77879280, 0.57298255, 0.53717566, 0.16519403, 0.35185796, 0.55299371, 0.58047825, 0.64279634, 0.56403756, 0.64993882)
(0.79221392, 0.61259741, 0.35964516, 0.67794454, 0.04512358, 0.09562942, 0.30103654, 0.85347122, 0.47782099, 0.07000478)
(0.79543740, 0.59757757, 0.63481325, 0.36161691, 0.47317526, 0.30200493, 0.62839836, 0.65760833, 0.46777344, 0.57870293)
(0.89754450, 0.37599999, 0.46604061, 0.25512150, 0.25175387, 0.31750235, 0.42299566, 0.26912653, 0.23265253, 0.69938856)
(0.55973828, 0.46238199, 0.44320670, 0.62503409, 0.41506892, 0.46073452, 0.63821334, 0.79645544, 0.70436722, 0.21371074)
(0.88708478, 0.34857529, 0.45413119, 0.66452628, 0.23449515, 0.07433989, 0.56930500, 0.59359753, 0.25567546, 0.24991962)
(0.72289181, 0.37729642, 0.56170994, 0.23475166, 0.31208766, 0.49296710, 0.41436663, 0.34075683, 0.50209779, 0.65782481)
(0.69565022, 0.50075740, 0.50969934, 0.27297613, 0.31867960, 0.56345284, 0.34301633, 0.34044814, 0.41090357, 0.69370705)
(0.60267735, 0.64230919, 0.90717185, 0.53458101, 0.64578062, 0.25887078, 0.36666009, 0.36610863, 0.62847626, 0.72352797)
(0.60706615, 0.80993962, 0.32869068, 0.59119046, 0.72853220, 0.74493790, 0.69815338, 0.80325186, 0.43797138, 0.54233146)
(0.96040690, 0.71953303, 0.24239790, 0.23021628, 0.07476724, 0.17420636, 0.61087334, 0.90306550, 0.25636953, 0.27188772)
(0.71923280, 0.45310900, 0.50210321, 0.38764820, 0.62903810, 0.51077795, 0.61374241, 0.39172301, 0.37210932, 0.71369046)
(0.42497730, 0.36224875, 0.38836390, 0.82022142, 0.74771172, 0.62314433, 0.38522521, 0.21933626, 0.33823887, 0.55196708)
(0.69204921, 0.61694235, 0.58798033, 0.45928353, 0.72165108, 0.46511522, 0.69565856, 0.58375341, 0.43506163, 0.67823803)
(0.52723950, 0.66529691, 0.87148774, 0.37301490, 0.69978845, 0.53582335, 0.44877639, 0.39191037, 0.69934213, 0.79194164)
(0.68813401, 0.52137607, 0.35819185, 0.72959870, 0.33420098, 0.28228775, 0.61792004, 0.81524056, 0.50142735, 0.17185973)
(0.76981777, 0.42230368, 0.71458685, 0.30991372, 0.40406254, 0.26596686, 0.52192140, 0.45067632, 0.52005941, 0.61279237)
(0.53955889, 0.74591070, 0.35868028, 0.60798353, 0.48046327, 0.63123864, 0.52418911, 0.77158988, 0.47404593, 0.40927705)
(0.87393004, 0.28922358, 0.30354458, 0.46423748, 0.07561938, 0.14250451, 0.45584881, 0.63161910, 0.35834241, 0.16538493)
(0.32512227, 0.57495022, 0.61712140, 0.51127917, 0.35703319, 0.69681263, 0.38954622, 0.75522780, 0.86709380, 0.28202188)
(0.84346539, 0.60816139, 0.62570435, 0.36115739, 0.32876173, 0.19853836, 0.60620928, 0.72899473, 0.44901064, 0.47039565)
(0.64220279, 0.51766312, 0.31081730, 0.90112805, 0.38185355, 0.18941483, 0.46200612, 0.68685615, 0.31813118, 0.14594224)
(0.78621680, 0.48699942, 0.28028622, 0.60605061, 0.29999128, 0.26648518, 0.72502708, 0.85875523, 0.46006742, 0.17716208)
(0.45398167, 0.44314700, 0.34474945, 0.82760763, 0.79401249, 0.63148803, 0.47100425, 0.30398741, 0.29493281, 0.55427015)
(0.86967957, 0.33124241, 0.72392619, 0.10325039, 0.28215092, 0.34622937, 0.56599563, 0.45204124, 0.64020836, 0.67544961)
(0.36854014, 0.90715122, 0.45533642, 0.60069680, 0.29286990, 0.73368192, 0.24454398, 0.83260286, 0.59398502, 0.37966445)
(0.63886607, 0.63095665, 0.56383759, 0.50155407, 0.76653671, 0.58004826, 0.57852143, 0.40119281, 0.34491083, 0.77429736)
(0.61665523, 0.57869440, 0.32887378, 0.68880886, 0.66886461, 0.52855736, 0.62298012, 0.56938380, 0.30376408, 0.51234168)
(0.55985898, 0.64930123, 0.65734702, 0.30556425, 0.30980426, 0.52814263, 0.36807308, 0.62259746, 0.66134810, 0.54750288)
(0.53676736, 0.73147464, 0.24757613, 0.38203141, 0.53000027, 0.87619263, 0.49863416, 0.64420664, 0.44970548, 0.63521791)
(0.75381571, 0.15114231, 0.25330412, 0.28019765, 0.48715889, 0.69309092, 0.79966724, 0.58951908, 0.65566158, 0.39384460)
(0.76755214, 0.46936774, 0.70163703, 0.70737481, 0.63480532, 0.13554184, 0.71713358, 0.65405065, 0.47528154, 0.39477631)
(0.91685718, 0.35874978, 0.39320791, 0.46413285, 0.23667328, 0.11385001, 0.72135097, 0.75531298, 0.34370810, 0.25785044)
(0.60938555, 0.73771769, 0.34491754, 0.63080907, 0.38428503, 0.51677948, 0.58352035, 0.86859417, 0.54137284, 0.25661561)
(0.83576506, 0.17597157, 0.25501230, 0.41389802, 0.16599248, 0.28740045, 0.64219683, 0.62638932, 0.48136547, 0.20433661)
(0.69102234, 0.47101608, 0.47392976, 0.68177140, 0.85277820, 0.45726594, 0.83124667, 0.63097697, 0.43432671, 0.53434438)
(0.50751472, 0.68271232, 0.52140921, 0.44988704, 0.32876658, 0.54892462, 0.36816424, 0.66498512, 0.56367260, 0.46648031)
(0.65274888, 0.41562206, 0.81995833, 0.63486391, 0.46882224, 0.17661197, 0.68204176, 0.77792847, 0.84519488, 0.21654424)
(0.69547105, 0.21993893, 0.54960138, 0.16808856, 0.65019554, 0.73512292, 0.78376609, 0.52964216, 0.78935766, 0.62573349)
(0.94412744, 0.57329863, 0.14958997, 0.15461044, 0.10840022, 0.62672347, 0.37432197, 0.45620847, 0.13831477, 0.68580836)
(0.48561776, 0.44331667, 0.73661166, 0.47618887, 0.75675666, 0.59496224, 0.62215722, 0.46245489, 0.72326893, 0.64548171)
(0.58594298, 0.54302442, 0.57608628, 0.52051526, 0.71826100, 0.63335556, 0.35270840, 0.18018007, 0.31160471, 0.82450491)
(0.86126089, 0.70961332, 0.39816868, 0.46405721, 0.39104503, 0.33978009, 0.47757724, 0.48983976, 0.14068229, 0.70564145)
(0.76247787, 0.56904215, 0.86096317, 0.51534319, 0.47054538, 0.12789007, 0.66871500, 0.78565335, 0.75918269, 0.35256135)
(0.72666341, 0.29780370, 0.22619529, 0.71742719, 0.67768365, 0.46513224, 0.76974398, 0.55119824, 0.30281833, 0.38116482)
(0.51791286, 0.33165902, 0.51387513, 0.86273170, 0.47952494, 0.23521584, 0.43238902, 0.48599640, 0.50069529, 0.21243845)
(0.90893203, 0.47133461, 0.56336612, 0.50017536, 0.30449918, 0.08818696, 0.69538319, 0.75556296, 0.35493332, 0.32924727)
(0.63538307, 0.49039337, 0.41813907, 0.67352551, 0.62898135, 0.40833536, 0.54778659, 0.42655486, 0.26691964, 0.56059140)
(0.74272245, 0.60357386, 0.48797747, 0.55421704, 0.39647141, 0.27909124, 0.75485808, 0.90224224, 0.64972895, 0.20801818)
(0.74745560, 0.23923062, 0.21810530, 0.61398524, 0.10672320, 0.28840199, 0.59102660, 0.82364786, 0.64900762, 0.06497847)
(0.46043167, 0.61330175, 0.68938798, 0.42872879, 0.46145907, 0.65716761, 0.16686703, 0.20616995, 0.49732077, 0.77207857)
(0.70202774, 0.74909663, 0.65461397, 0.87215680, 0.87721813, 0.29098636, 0.65780103, 0.57553202, 0.29753882, 0.59051269)
(0.87083489, 0.41422823, 0.41133329, 0.36375943, 0.78859228, 0.46676290, 0.85827839, 0.55738318, 0.32098505, 0.70737779)
(0.60775864, 0.61269188, 0.72102702, 0.23021112, 0.53367692, 0.58154982, 0.64505613, 0.74431217, 0.79139417, 0.58390582)
(0.72918260, 0.51123673, 0.24193802, 0.49650106, 0.43490732, 0.58621299, 0.84376037, 0.93535441, 0.72235954, 0.15457189)
(0.69720966, 0.68195909, 0.73764724, 0.61204922, 0.60537082, 0.24338815, 0.67746490, 0.78026813, 0.60681725, 0.42871058)
(0.69871277, 0.52717614, 0.79728329, 0.55990225, 0.79226112, 0.27145347, 0.76626736, 0.61870438, 0.62696570, 0.59956014)
(0.77800435, 0.41672423, 0.41214877, 0.41781184, 0.02903347, 0.17587060, 0.16585520, 0.57000071, 0.49936149, 0.16177638)
(0.59904104, 0.76364046, 0.52276003, 0.34526086, 0.63750637, 0.69550836, 0.64157879, 0.75801915, 0.58080155, 0.64569992)
(0.49126929, 0.68142724, 0.68379444, 0.49200451, 0.37535596, 0.48263121, 0.43145168, 0.74828297, 0.74525875, 0.38262439)
(0.74801147, 0.37677315, 0.26441765, 0.64853638, 0.35659555, 0.35147977, 0.67296451, 0.72890127, 0.42516485, 0.22160974)
(0.64437920, 0.17573622, 0.34780040, 0.84247488, 0.31317425, 0.19234887, 0.48387560, 0.47166365, 0.45866308, 0.13187954)
(0.50170898, 0.18193127, 0.39010209, 0.71374100, 0.47667637, 0.48716438, 0.58043635, 0.47933510, 0.66233534, 0.22725800)
(0.63681364, 0.54150420, 0.55897719, 0.53512049, 0.87261796, 0.75452828, 0.45769048, 0.13931972, 0.26428515, 0.89486301)
(0.90878665, 0.41219464, 0.72682732, 0.58519387, 0.31591454, 0.05177304, 0.46121210, 0.37621850, 0.22316490, 0.50259495)
(0.91137290, 0.52781147, 0.65773416, 0.22224069, 0.12277593, 0.11267386, 0.52821118, 0.75993741, 0.51340550, 0.36697826)
(0.81363523, 0.38483885, 0.54334277, 0.38117915, 0.40284154, 0.24562135, 0.78793699, 0.80980545, 0.64702463, 0.30135539)
(0.63790154, 0.13324431, 0.34264362, 0.82202619, 0.67441195, 0.38810173, 0.84450150, 0.68207932, 0.69652992, 0.12769558)
(0.43654096, 0.44081751, 0.64092994, 0.29675549, 0.06505312, 0.71812546, 0.04850275, 0.19068031, 0.76908851, 0.47083849)
(0.91833127, 0.57785898, 0.12201660, 0.68471336, 0.33287007, 0.29533154, 0.62645280, 0.59320414, 0.06194285, 0.45790076)
(0.85593104, 0.40078279, 0.28779316, 0.06936734, 0.32117715, 0.90910143, 0.35834375, 0.17548203, 0.41449189, 0.88392729)
(0.74292344, 0.39052081, 0.51464206, 0.53904217, 0.39101082, 0.22292598, 0.62603164, 0.63212132, 0.46491766, 0.35495630)
(0.65764427, 0.51913828, 0.46374130, 0.91139621, 0.35785225, 0.13815117, 0.66149813, 0.90043807, 0.66355509, 0.05411412)
(0.82112807, 0.18017890, 0.31334749, 0.39266613, 0.35342175, 0.40753153, 0.59126925, 0.28876767, 0.33392689, 0.51821786)
(0.89624858, 0.59720474, 0.31539005, 0.36075872, 0.08097623, 0.18023738, 0.58347434, 0.90959626, 0.48475176, 0.14593592)
(0.45668885, 0.19775704, 0.29894814, 0.87238175, 0.78155267, 0.69641811, 0.40538526, 0.14251511, 0.33209094, 0.47766143)
(0.59440875, 0.69618011, 0.57354534, 0.33395463, 0.40250969, 0.56651670, 0.42325988, 0.61035693, 0.52882165, 0.62371671)
(0.72314316, 0.67023289, 0.39580703, 0.33442563, 0.22477685, 0.59087843, 0.24517311, 0.41937941, 0.28592941, 0.66080129)
(0.83536786, 0.65670574, 0.58684462, 0.31968793, 0.48533916, 0.32205406, 0.62702459, 0.62963104, 0.35220742, 0.67607903)
(0.33210760, 0.58959734, 0.18568882, 0.71334064, 0.34444001, 0.81228155, 0.41504446, 0.79789209, 0.64304698, 0.17761314)
(0.76977760, 0.60450518, 0.59066874, 0.37726203, 0.74018091, 0.49637496, 0.64943123, 0.40606683, 0.31225508, 0.81382370)
(0.74947470, 0.37120521, 0.55371004, 0.66550559, 0.23681782, 0.13286716, 0.64291209, 0.81155312, 0.67255700, 0.12160814)
(0.68420768, 0.24828422, 0.37253866, 0.81076175, 0.27355850, 0.15797859, 0.44163999, 0.48752835, 0.38285723, 0.16241412)
(0.91148770, 0.21193233, 0.02059726, 0.21553707, 0.01932710, 0.78684759, 0.39957032, 0.73612201, 0.33338290, 0.10176478)
(0.80452740, 0.17089534, 0.26138198, 0.30895296, 0.24558592, 0.45331904, 0.67249036, 0.56075841, 0.53467816, 0.32088387)
(0.71911770, 0.71726316, 0.46414116, 0.78711617, 0.36407587, 0.19110326, 0.50655687, 0.79293251, 0.36280319, 0.24981816)
(0.83962500, 0.80953455, 0.76619840, 0.45651415, 0.71211755, 0.29302719, 0.56577754, 0.49701416, 0.26371592, 0.83145189)
(0.50236917, 0.52545774, 0.61851197, 0.90538865, 0.46290791, 0.17072763, 0.33610520, 0.55391717, 0.49600160, 0.20648929)
(0.83709770, 0.72025609, 0.13836561, 0.79413050, 0.45981857, 0.35928017, 0.79773015, 0.91377223, 0.25744030, 0.16712315)
(0.72041190, 0.46859822, 0.20886816, 0.61735576, 0.41855246, 0.45591515, 0.68053603, 0.72747231, 0.35045841, 0.29691333)
(0.31888574, 0.58644408, 0.69863069, 0.48828265, 0.52259451, 0.72185928, 0.42419985, 0.65735251, 0.85281497, 0.43988258)
(0.59351474, 0.56623340, 0.74919862, 0.84940583, 0.45687366, 0.12903702, 0.34885535, 0.53881097, 0.50003910, 0.29735270)
(0.44374543, 0.53490806, 0.49772680, 0.45897320, 0.42012858, 0.68749613, 0.59366113, 0.82396400, 0.83055228, 0.27053002)
(0.31437787, 0.34321800, 0.31254742, 0.91145837, 0.84622228, 0.77339309, 0.36677119, 0.20250368, 0.36476427, 0.47516865)
(0.93246144, 0.40938032, 0.44527018, 0.41984260, 0.35174027, 0.13333029, 0.70094812, 0.56972849, 0.19839375, 0.51052606)
(0.79936635, 0.48622668, 0.70854968, 0.22189464, 0.32333574, 0.35205555, 0.42135006, 0.39357099, 0.50214559, 0.69503236)
(0.51401800, 0.46378401, 0.67921692, 0.61382687, 0.62616634, 0.39225259, 0.47883910, 0.41070920, 0.54336220, 0.56128138)
(0.77252263, 0.42580548, 0.59451318, 0.38289356, 0.14914006, 0.29225811, 0.16410546, 0.20663746, 0.32352668, 0.59303164)
(0.65482026, 0.81352091, 0.73848569, 0.36395437, 0.52511019, 0.50070947, 0.33875126, 0.46377426, 0.41727975, 0.79951119)
(0.73927718, 0.33316326, 0.42454582, 0.76050746, 0.28245446, 0.14522375, 0.68694949, 0.81386387, 0.60023504, 0.09906696)
(0.84219432, 0.75694859, 0.72096157, 0.60076821, 0.15111044, 0.08299433, 0.20875783, 0.57424581, 0.26409948, 0.42867014)
(0.78593129, 0.17203180, 0.68054056, 0.18225406, 0.32341772, 0.38014197, 0.71293855, 0.59734297, 0.83841133, 0.38851371)
(0.48419651, 0.50853366, 0.47305882, 0.85229605, 0.89785022, 0.61978054, 0.59207726, 0.37089375, 0.34840149, 0.59132010)
(0.62970531, 0.19776346, 0.16521978, 0.54450059, 0.13762330, 0.55868733, 0.41751099, 0.54362452, 0.52958465, 0.16409145)
(0.61392009, 0.57195789, 0.42184284, 0.78231728, 0.50735432, 0.33738059, 0.53344238, 0.67077816, 0.40868485, 0.29828116)
(0.77272737, 0.85886675, 0.44016245, 0.90781665, 0.79864055, 0.26966980, 0.71167725, 0.81506848, 0.21618018, 0.38930807)
(0.87779045, 0.41704065, 0.05327367, 0.74626207, 0.09794207, 0.36419451, 0.46529582, 0.72044438, 0.12847866, 0.12067070)
(0.89306998, 0.40532872, 0.51105750, 0.44878522, 0.34130579, 0.13930210, 0.63442314, 0.54511106, 0.26456305, 0.48517165)
(0.84086591, 0.29264569, 0.08318793, 0.51045650, 0.14656068, 0.49082974, 0.64443254, 0.76449263, 0.33502233, 0.15351166)
(0.65241647, 0.52282417, 0.56385684, 0.46625784, 0.62324053, 0.46166301, 0.82223773, 0.86943859, 0.77490723, 0.31774703)
(0.81248754, 0.39859292, 0.57606518, 0.32469565, 0.28849992, 0.25591660, 0.72620291, 0.82303733, 0.71100962, 0.27337572)
(0.43131152, 0.69407457, 0.63835561, 0.53992915, 0.57951260, 0.59251416, 0.31990767, 0.42198271, 0.49467397, 0.67779827)
(0.81464821, 0.62501383, 0.57106358, 0.28380299, 0.48337302, 0.38221002, 0.69405538, 0.71666664, 0.48072737, 0.60207480)
(0.49491742, 0.41915208, 0.49040803, 0.10035679, 0.04803694, 0.88071615, 0.09327182, 0.34107032, 0.87080997, 0.47185192)
(0.36182016, 0.73814416, 0.84578788, 0.59249806, 0.54242045, 0.50295484, 0.28625172, 0.54421973, 0.76210696, 0.56079167)
(0.75753683, 0.69047421, 0.43074229, 0.22499864, 0.44964358, 0.60022873, 0.73091185, 0.83822745, 0.58533680, 0.54106587)
(0.78364426, 0.39662600, 0.10600950, 0.47500160, 0.18446887, 0.58676803, 0.56148654, 0.71276486, 0.33053583, 0.23951964)
(0.52504593, 0.64320427, 0.45283934, 0.91002417, 0.29805002, 0.21326911, 0.44906780, 0.87272489, 0.65393800, 0.07063522)
(0.82258797, 0.21578442, 0.26171350, 0.47979745, 0.10041203, 0.22851957, 0.62303787, 0.79534161, 0.61491495, 0.09142095)
(0.91321146, 0.28717765, 0.45382163, 0.56583971, 0.30054024, 0.07850949, 0.77278817, 0.75688547, 0.38542023, 0.21336989)
(0.59325695, 0.41883641, 0.60398728, 0.20698407, 0.24534079, 0.66127223, 0.55638546, 0.78607476, 0.88933098, 0.31475666)
(0.92574310, 0.41447449, 0.38616544, 0.46241435, 0.36955342, 0.15298118, 0.71523964, 0.58862698, 0.18496457, 0.48511457)
(0.51467544, 0.18041271, 0.26961461, 0.55682427, 0.25643215, 0.64636910, 0.52302647, 0.58542341, 0.73280084, 0.17234892)
(0.68405515, 0.19301692, 0.10119835, 0.54819810, 0.40240288, 0.77602619, 0.63350922, 0.48129609, 0.41630313, 0.31116435)
(0.93412232, 0.67027223, 0.12778617, 0.34076118, 0.00724952, 0.24599425, 0.06759789, 0.57206100, 0.13039778, 0.20166855)
(0.71194506, 0.33398172, 0.54840529, 0.77455097, 0.52108288, 0.15665898, 0.70871359, 0.68827200, 0.53182083, 0.21221253)
(0.76434696, 0.58097142, 0.55217463, 0.76197231, 0.56707680, 0.18085308, 0.64737141, 0.68920970, 0.35334453, 0.36009148)
(0.75502193, 0.39680803, 0.83040881, 0.11227426, 0.12715946, 0.46265787, 0.21442746, 0.30700678, 0.78530252, 0.65450084)
(0.84631580, 0.23155682, 0.25157440, 0.45909190, 0.14297879, 0.23147057, 0.62533450, 0.69227970, 0.44068268, 0.17249966)
(0.69754928, 0.18857534, 0.18265134, 0.64362073, 0.58611923, 0.58803004, 0.75347114, 0.51872993, 0.42280012, 0.32085380)
(0.87180752, 0.25356996, 0.14025871, 0.46084374, 0.14047571, 0.37841541, 0.54298091, 0.52710783, 0.22948866, 0.27770153)
(0.50628656, 0.67064822, 0.54468143, 0.39892176, 0.31379312, 0.57620752, 0.34751549, 0.63290131, 0.58949453, 0.49690899)
(0.33112898, 0.54734993, 0.60770512, 0.58130705, 0.36251384, 0.75788611, 0.07480711, 0.12415740, 0.52398115, 0.68928105)
(0.72678202, 0.58822966, 0.23908511, 0.62395793, 0.52796900, 0.54649228, 0.53650987, 0.45871785, 0.16572081, 0.60634315)
(0.62724954, 0.66216511, 0.64368719, 0.38291171, 0.63912451, 0.50775647, 0.57134438, 0.53766048, 0.48133880, 0.71790159)
(0.73615646, 0.62466097, 0.52402776, 0.31826580, 0.52671725, 0.50943744, 0.56805968, 0.52374130, 0.37931180, 0.71942514)
(0.62254113, 0.21242154, 0.78328609, 0.29202402, 0.18249361, 0.44467053, 0.21206258, 0.18749693, 0.78337598, 0.51670057)
(0.74030936, 0.35329196, 0.17940553, 0.64144015, 0.32743421, 0.42462406, 0.61241192, 0.61980671, 0.29535276, 0.27560446)
(0.72852129, 0.43878558, 0.67746669, 0.26979861, 0.38894373, 0.36171007, 0.61754340, 0.65368050, 0.69001716, 0.49495313)
(0.68277353, 0.44786203, 0.61603343, 0.40334144, 0.37925667, 0.32712907, 0.54497606, 0.59911388, 0.58071947, 0.45880735)
(0.32001874, 0.85021842, 0.68213195, 0.64885050, 0.65943170, 0.73660463, 0.47487381, 0.85421216, 0.81409156, 0.40410960)
(0.81167847, 0.46353912, 0.13893560, 0.33897978, 0.24489701, 0.61567551, 0.71776742, 0.83737522, 0.45247144, 0.26554891)
(0.84399712, 0.27352065, 0.54052776, 0.33581448, 0.53040123, 0.36076763, 0.55462891, 0.19464552, 0.28396368, 0.75608057)
(0.84322375, 0.26446655, 0.38209558, 0.47809893, 0.34868252, 0.24147056, 0.85075331, 0.87296820, 0.68359107, 0.15024109)
(0.64621985, 0.78982872, 0.72257251, 0.54799891, 0.66345686, 0.38073561, 0.64315063, 0.76921105, 0.58035988, 0.56808752)
(0.86415249, 0.40680894, 0.55115592, 0.09718587, 0.43262914, 0.53933084, 0.74687421, 0.62213588, 0.60938299, 0.69284153)
(0.87247115, 0.50560206, 0.56368554, 0.63833821, 0.36592907, 0.09271856, 0.66788435, 0.73808986, 0.34108397, 0.31100008)
(0.78801107, 0.17574988, 0.15749411, 0.48936826, 0.07417130, 0.37402338, 0.41064084, 0.52807873, 0.40378478, 0.14911717)
(0.83420569, 0.55340219, 0.52466387, 0.24518768, 0.53515494, 0.44579148, 0.67703581, 0.55036676, 0.37471488, 0.73006719)
(0.87012494, 0.27486312, 0.08286484, 0.46088734, 0.06759891, 0.40165862, 0.57841486, 0.81414670, 0.37550098, 0.09679321)
(0.68424940, 0.68715000, 0.66279769, 0.61051422, 0.76653177, 0.39578128, 0.53333324, 0.41190568, 0.30815905, 0.75634545)
(0.76197302, 0.57015175, 0.57760930, 0.81240445, 0.29100400, 0.10439196, 0.67265081, 0.90162158, 0.64855105, 0.08990593)
(0.42973572, 0.39127979, 0.37278804, 0.88897622, 0.72210991, 0.44538110, 0.42405775, 0.32926545, 0.32531458, 0.39546928)
(0.82554543, 0.19553678, 0.08421710, 0.14782013, 0.11074810, 0.90696007, 0.28320876, 0.23307185, 0.40466413, 0.52799362)
(0.60830814, 0.19629841, 0.47917363, 0.70595551, 0.62109977, 0.36625922, 0.69320953, 0.48197582, 0.59730709, 0.30752739)
(0.59433061, 0.27550003, 0.19893056, 0.54967278, 0.55632776, 0.75711578, 0.59603041, 0.41275558, 0.41778046, 0.45789656)
(0.62916178, 0.67137975, 0.73302901, 0.27443427, 0.16598639, 0.61202610, 0.06401676, 0.15606529, 0.46003962, 0.78400880)
(0.68808776, 0.86196768, 0.52248430, 0.39815196, 0.41762230, 0.54437441, 0.50849867, 0.81943679, 0.47397786, 0.56446177)
(0.80918735, 0.15799309, 0.16709131, 0.67750913, 0.36641979, 0.33006173, 0.84224629, 0.78170013, 0.52041727, 0.11383257)
(0.51854920, 0.41463983, 0.67064071, 0.24690060, 0.24421877, 0.75405705, 0.13566351, 0.15290610, 0.68759406, 0.72421497)
(0.75356656, 0.76409864, 0.45828235, 0.39468968, 0.41729954, 0.48032388, 0.53006661, 0.70475960, 0.35296759, 0.60683924)
(0.80402237, 0.50137591, 0.36258939, 0.13005660, 0.35748982, 0.70414430, 0.62677127, 0.60919702, 0.51149929, 0.68107879)
(0.86734682, 0.22780424, 0.34875438, 0.40612784, 0.04083141, 0.13055040, 0.33973721, 0.55303586, 0.43374938, 0.14512518)
(0.78249663, 0.33315548, 0.77575552, 0.56091064, 0.47011247, 0.12147545, 0.64547086, 0.54982883, 0.59871119, 0.39229146)
(0.51461625, 0.23646867, 0.17903234, 0.75552446, 0.61731958, 0.72119093, 0.56540555, 0.39328468, 0.40409571, 0.33316925)
(0.68727082, 0.65959901, 0.65212005, 0.59857833, 0.87617260, 0.48784706, 0.76255357, 0.56490409, 0.42967504, 0.73328882)
(0.53669488, 0.73884708, 0.24109013, 0.24129747, 0.56062728, 0.94573778, 0.46990901, 0.57088220, 0.51653785, 0.74757552)
(0.71040761, 0.26078120, 0.15464602, 0.62299377, 0.08570678, 0.36826253, 0.34684721, 0.58351457, 0.38954693, 0.12717958)
(0.85701531, 0.67495251, 0.41571862, 0.47662005, 0.31060982, 0.21387041, 0.66871935, 0.83944368, 0.35489520, 0.34202832)
(0.40457037, 0.86328948, 0.66630608, 0.50976384, 0.52684516, 0.65687799, 0.46250507, 0.86573082, 0.75952417, 0.43139413)
(0.33510119, 0.49071321, 0.33837014, 0.38860860, 0.14328191, 0.81622875, 0.26020622, 0.72987890, 0.83456379, 0.21007380)
(0.85852373, 0.26365295, 0.46049833, 0.28641292, 0.27293026, 0.22765872, 0.75776583, 0.74236959, 0.59770489, 0.29978001)
(0.69312239, 0.24604049, 0.69074762, 0.57219321, 0.69319409, 0.28473893, 0.77896404, 0.54245073, 0.68479156, 0.42031920)
(0.79955345, 0.60693836, 0.72489226, 0.49809912, 0.37419105, 0.17247674, 0.32006603, 0.35584819, 0.27344108, 0.66576225)
(0.75233328, 0.87059981, 0.63705415, 0.32329330, 0.41982803, 0.49504870, 0.39425093, 0.65545404, 0.36077917, 0.75624663)
(0.80748588, 0.14181110, 0.33202708, 0.30237684, 0.60803479, 0.56132621, 0.85351825, 0.56635261, 0.61484128, 0.45281377)
(0.44724959, 0.62132621, 0.68768132, 0.35396716, 0.39954191, 0.61591679, 0.46223369, 0.72700942, 0.81777984, 0.43937093)
(0.80164218, 0.20949440, 0.73187631, 0.24077691, 0.21252629, 0.25668266, 0.40965554, 0.29785621, 0.64329422, 0.52714080)
(0.86879575, 0.24511862, 0.26437813, 0.04352104, 0.15388024, 0.85180122, 0.44244960, 0.32906225, 0.61886603, 0.71375227)
(0.61979604, 0.31525978, 0.39125460, 0.31638172, 0.22733606, 0.55706519, 0.48547775, 0.59264070, 0.65654457, 0.34607136)
(0.44903243, 0.57613903, 0.39967418, 0.75216478, 0.91612637, 0.85254282, 0.64553356, 0.44479492, 0.45255449, 0.67136049)
(0.88330489, 0.44039404, 0.14540793, 0.46071407, 0.09536857, 0.28103641, 0.70729905, 0.92729855, 0.49196953, 0.08394930)
(0.67370987, 0.52073979, 0.51958662, 0.80948257, 0.85732722, 0.36990193, 0.70415568, 0.48570645, 0.30855480, 0.55981255)
(0.91628087, 0.35293540, 0.23879857, 0.05454442, 0.01757511, 0.66817731, 0.13786305, 0.34456170, 0.44207656, 0.51363450)
(0.75730389, 0.72414380, 0.46552843, 0.51446658, 0.49906603, 0.52154320, 0.25063252, 0.23527168, 0.13891044, 0.82247651)
(0.57405925, 0.89475477, 0.64681894, 0.40953889, 0.54270762, 0.73585409, 0.16607054, 0.33762413, 0.30274290, 0.87094051)
(0.78197116, 0.42452160, 0.55350751, 0.45193851, 0.43278521, 0.26030076, 0.63926649, 0.60745579, 0.45659128, 0.45921242)
(0.48578313, 0.42808613, 0.58288306, 0.49108478, 0.45128089, 0.51836044, 0.54887980, 0.63454878, 0.73542339, 0.37482718)
(0.76909894, 0.48336214, 0.39153326, 0.10288820, 0.42149487, 0.76962566, 0.68069398, 0.65588802, 0.63449472, 0.68291777)
(0.60620928, 0.31564060, 0.59347451, 0.80157983, 0.61198008, 0.21726590, 0.60229474, 0.50933558, 0.51447815, 0.30023944)
(0.39223540, 0.54193616, 0.48200110, 0.53537816, 0.37554604, 0.67108524, 0.47435930, 0.77288580, 0.78735918, 0.27125311)
(0.47187230, 0.33160460, 0.30356219, 0.89736515, 0.45143527, 0.34575492, 0.55054498, 0.68859464, 0.57258737, 0.09912490)
(0.70871407, 0.29291961, 0.41482034, 0.26044706, 0.56524587, 0.64867312, 0.76059318, 0.61630189, 0.65777272, 0.52524459)
(0.76132226, 0.65154529, 0.79926795, 0.17810763, 0.29293182, 0.39180070, 0.37080365, 0.52932847, 0.63913274, 0.69813883)
(0.45686337, 0.59716517, 0.70565373, 0.52001005, 0.59748250, 0.50886977, 0.48611283, 0.55423361, 0.65919358, 0.57060421)
(0.65607107, 0.79959065, 0.57261342, 0.38783222, 0.80509323, 0.75758451, 0.58161217, 0.47626209, 0.36268657, 0.86211163)
(0.37893003, 0.72112590, 0.32952622, 0.65381008, 0.43988246, 0.72654188, 0.51562989, 0.87333721, 0.68447357, 0.23853134)
(0.53303993, 0.73511612, 0.38390091, 0.86965460, 0.42553630, 0.36196792, 0.53325045, 0.87775141, 0.57841372, 0.13094150)
(0.62045437, 0.57100302, 0.57815570, 0.47715607, 0.78410017, 0.60762888, 0.61735874, 0.40722910, 0.41259474, 0.76408029)
(0.39760265, 0.27751660, 0.30201027, 0.91801983, 0.86869401, 0.69840062, 0.49362466, 0.23954171, 0.33961889, 0.41458070)
(0.48982880, 0.73552138, 0.75485194, 0.67493415, 0.53804123, 0.36578956, 0.26591265, 0.44629604, 0.49121958, 0.60569447)
(0.52183479, 0.68956017, 0.65950322, 0.20791300, 0.50574142, 0.87745094, 0.19648224, 0.20094284, 0.60219812, 0.88123542)
(0.79507828, 0.29557213, 0.15616365, 0.46515158, 0.59610140, 0.73108637, 0.67135018, 0.32700065, 0.21308830, 0.64217234)
(0.87322903, 0.34584475, 0.43098909, 0.23710428, 0.31236729, 0.30217320, 0.67506713, 0.58178580, 0.40239277, 0.51936620)
(0.41933912, 0.65492243, 0.71135366, 0.48784181, 0.51548743, 0.55133849, 0.36021236, 0.51001954, 0.64103049, 0.60233623)
(0.53780121, 0.66806382, 0.58583361, 0.30841574, 0.51228756, 0.67813247, 0.43484312, 0.52152747, 0.55852222, 0.70635545)
(0.67438614, 0.80127317, 0.47070390, 0.35964781, 0.44341865, 0.61140567, 0.47440138, 0.69038314, 0.40526307, 0.66199130)
(0.55088633, 0.58614326, 0.53175992, 0.29979831, 0.16742808, 0.76442826, 0.06930584, 0.16199598, 0.44757566, 0.73030025)
(0.81681383, 0.64713866, 0.37689337, 0.69766766, 0.22909001, 0.14562176, 0.62881356, 0.88384700, 0.41118008, 0.15192148)
(0.69348222, 0.19311239, 0.41555071, 0.38680476, 0.22250138, 0.39315122, 0.55951691, 0.55341786, 0.66615194, 0.26759332)
(0.70194733, 0.21557303, 0.23819152, 0.53172320, 0.11818136, 0.35895836, 0.36294612, 0.43984962, 0.40639198, 0.21642165)
(0.86254865, 0.55073786, 0.24274562, 0.47957006, 0.04470038, 0.17769706, 0.32384765, 0.77871871, 0.32810917, 0.14065219)
(0.69187248, 0.64018708, 0.28711799, 0.45089862, 0.47143489, 0.63742399, 0.67780918, 0.79405636, 0.48284215, 0.41322368)
(0.70574152, 0.82682550, 0.79045135, 0.38095409, 0.68753481, 0.42229313, 0.57511437, 0.64050734, 0.49960080, 0.77581835)
(0.44084993, 0.84373218, 0.56035990, 0.42534128, 0.44631025, 0.70917243, 0.39804837, 0.79131001, 0.63993597, 0.53571218)
(0.59674489, 0.48129797, 0.63087267, 0.53653634, 0.42421478, 0.34428328, 0.38291013, 0.41094166, 0.46661600, 0.53613764)
(0.91295046, 0.49832988, 0.46939337, 0.32656801, 0.14163360, 0.11867229, 0.64777595, 0.83424991, 0.44876385, 0.24739867)
(0.43262887, 0.74442744, 0.43980691, 0.46296605, 0.29611823, 0.81796855, 0.07902621, 0.21238659, 0.36394939, 0.72150987)
(0.81223935, 0.49025223, 0.75640917, 0.52641255, 0.42325503, 0.11595816, 0.62210435, 0.65878946, 0.52448434, 0.41216630)
(0.64008355, 0.50590008, 0.57411402, 0.84685868, 0.24897228, 0.10217062, 0.34793517, 0.64084768, 0.46063983, 0.15525359)
(0.75050712, 0.19494197, 0.36379781, 0.45227087, 0.31149313, 0.35611114, 0.68011248, 0.60880888, 0.59251869, 0.26239231)
(0.37154186, 0.88145518, 0.56722945, 0.36522731, 0.23682550, 0.84260482, 0.07224686, 0.40054709, 0.53020704, 0.71371454)
(0.67066526, 0.35619655, 0.34688279, 0.29879555, 0.16265844, 0.54362088, 0.37488955, 0.50732672, 0.53803438, 0.39388907)
(0.69750190, 0.29004261, 0.48026714, 0.19479527, 0.60938483, 0.72748399, 0.70533103, 0.45843548, 0.65787506, 0.67953354)
(0.89359242, 0.50146753, 0.41027704, 0.38096657, 0.38721809, 0.34735259, 0.43223751, 0.24974640, 0.12085114, 0.77776510)
(0.62540889, 0.51183093, 0.72253245, 0.50058430, 0.41215256, 0.31008643, 0.27469236, 0.27922195, 0.42583275, 0.65672529)
(0.62257314, 0.74694705, 0.70743144, 0.29510215, 0.26967123, 0.63044447, 0.10641366, 0.22760178, 0.41443717, 0.81125742)
(0.47635633, 0.63412589, 0.45929047, 0.39654726, 0.38813850, 0.66206849, 0.48676804, 0.74967813, 0.66767013, 0.42082611)
(0.78927869, 0.20611690, 0.66357255, 0.56266761, 0.21490063, 0.11266121, 0.62949330, 0.67551082, 0.74626762, 0.14566936)
(0.91902173, 0.62271428, 0.29165348, 0.38791540, 0.46185461, 0.25095272, 0.85085559, 0.86116374, 0.26647440, 0.43475041)
(0.75531226, 0.44046929, 0.50706995, 0.20104611, 0.39791778, 0.51225579, 0.66240561, 0.64746255, 0.60187596, 0.56640053)
(0.38432649, 0.51851523, 0.77868301, 0.25214258, 0.37154883, 0.73580176, 0.36997387, 0.57361895, 0.90277451, 0.51941341)
(0.84141296, 0.46437523, 0.18232240, 0.62285054, 0.25901979, 0.33658054, 0.47115755, 0.47632289, 0.12790868, 0.41897699)
(0.70834696, 0.42112908, 0.30437803, 0.57265252, 0.35291311, 0.43912750, 0.65500760, 0.75839055, 0.52562040, 0.24174322)
(0.42454714, 0.50092024, 0.65196192, 0.46151391, 0.40768707, 0.55861586, 0.36686155, 0.47857794, 0.69538945, 0.50205153)
(0.60020602, 0.79269534, 0.81337470, 0.40183029, 0.38787279, 0.48881847, 0.10483649, 0.20471571, 0.39640570, 0.84137845)
(0.79008448, 0.82829565, 0.42541721, 0.75161564, 0.19836098, 0.17532998, 0.49229926, 0.91194934, 0.41976127, 0.15717234)
(0.90879673, 0.69556642, 0.28331327, 0.30442268, 0.20782182, 0.63766342, 0.14896141, 0.16306759, 0.07311801, 0.85712713)
(0.50592875, 0.30191287, 0.66348797, 0.39533937, 0.49351454, 0.59399861, 0.55741400, 0.50726151, 0.81247717, 0.44693762)
(0.81882745, 0.46351719, 0.62655723, 0.20736812, 0.13092975, 0.34988222, 0.22998452, 0.31015617, 0.43118697, 0.63538337)
(0.88608158, 0.57925433, 0.67639428, 0.46343428, 0.43216851, 0.14487973, 0.45589617, 0.36214399, 0.18228424, 0.71279275)
(0.52906621, 0.38576189, 0.83279139, 0.54759872, 0.66787666, 0.39502355, 0.60972893, 0.51380795, 0.81700987, 0.49138141)
(0.74079484, 0.78161502, 0.91487670, 0.23466922, 0.43380201, 0.36909583, 0.24396615, 0.33474576, 0.58970362, 0.85086340)
(0.72251934, 0.72677428, 0.73204517, 0.43708423, 0.46532875, 0.35689768, 0.24261871, 0.28331774, 0.28958419, 0.80150902)
(0.84141898, 0.33938053, 0.45675412, 0.08657089, 0.32212928, 0.76478940, 0.40870449, 0.19976622, 0.48346707, 0.84593594)
(0.39280009, 0.35287985, 0.27042449, 0.70579851, 0.62776625, 0.83185607, 0.27258521, 0.16148494, 0.33456638, 0.60923749)
(0.47006664, 0.27621719, 0.32431537, 0.55373240, 0.37343028, 0.69284183, 0.62240118, 0.73524439, 0.79435611, 0.18563919)
(0.83039868, 0.25754449, 0.35457236, 0.61535263, 0.24520694, 0.17100574, 0.81759721, 0.89643753, 0.70045018, 0.07719458)
(0.61084616, 0.64284390, 0.65006918, 0.37684321, 0.59309655, 0.50196683, 0.62203574, 0.67258263, 0.61134452, 0.60951328)
(0.83125705, 0.51437008, 0.51372021, 0.71997249, 0.36513552, 0.12000870, 0.56304479, 0.65163732, 0.28752068, 0.31350034)
(0.78835100, 0.20540704, 0.10975494, 0.53661215, 0.28745487, 0.54241484, 0.77370113, 0.76675820, 0.49189430, 0.15569684)
(0.83767998, 0.45540395, 0.62639993, 0.69123214, 0.39668545, 0.08414438, 0.76350987, 0.84666765, 0.56634796, 0.17938204)
(0.62177861, 0.80417854, 0.76742887, 0.39567322, 0.56718403, 0.47469699, 0.38778841, 0.51283759, 0.48070389, 0.76828408)
(0.80656403, 0.22273731, 0.37436152, 0.25181004, 0.20443103, 0.39489067, 0.56305468, 0.50530136, 0.52607334, 0.40226164)
(0.65758330, 0.51437527, 0.48253047, 0.72010338, 0.12238079, 0.13053656, 0.28573158, 0.66382706, 0.47611925, 0.14869846)
(0.72135019, 0.38715929, 0.33290336, 0.40624624, 0.26591271, 0.46567449, 0.49877989, 0.55682522, 0.43794963, 0.40276077)
(0.54762417, 0.42713514, 0.91928029, 0.53380489, 0.82559937, 0.45983163, 0.38792601, 0.14828865, 0.70129484, 0.83035779)
(0.71993971, 0.29043427, 0.60188204, 0.19690806, 0.25769746, 0.45759121, 0.54075301, 0.54155540, 0.73374313, 0.46547407)
(0.95944524, 0.73721063, 0.54306382, 0.53512025, 0.19884317, 0.05244674, 0.52337521, 0.71112168, 0.12078432, 0.46378559)
(0.70648831, 0.62250519, 0.49040702, 0.32439399, 0.19756827, 0.44831818, 0.43518159, 0.74929982, 0.58780754, 0.37493399)
(0.74339449, 0.59930521, 0.70621705, 0.35323751, 0.37581483, 0.33668140, 0.29091102, 0.29830456, 0.34606263, 0.75019145)
(0.45657381, 0.38289186, 0.23391414, 0.52158958, 0.55939734, 0.88382512, 0.31677973, 0.21270804, 0.39227757, 0.64754617)
(0.55815423, 0.58783990, 0.29435095, 0.17045555, 0.29949769, 0.90631318, 0.33088711, 0.48722288, 0.62624198, 0.66523612)
(0.91497040, 0.26888892, 0.14612444, 0.42781559, 0.18119454, 0.26372465, 0.75040114, 0.76362729, 0.29969734, 0.20414649)
(0.84604740, 0.34272954, 0.41185093, 0.17447935, 0.42626068, 0.50020665, 0.82123142, 0.76586372, 0.64309657, 0.46382782)
(0.72715759, 0.50562888, 0.52536696, 0.62365979, 0.24975827, 0.24287505, 0.18086618, 0.20507091, 0.21180306, 0.57110786)
(0.69209319, 0.72436315, 0.51023036, 0.26030859, 0.33577839, 0.57774073, 0.47126547, 0.69378370, 0.50830841, 0.61391288)
(0.57987028, 0.50380427, 0.70202875, 0.22175772, 0.48240218, 0.64458722, 0.42558935, 0.38343239, 0.67779469, 0.74098474)
(0.85856396, 0.50607657, 0.38036081, 0.43462366, 0.64565378, 0.37913194, 0.76649314, 0.55536705, 0.22376472, 0.66936815)
(0.77072215, 0.53443682, 0.36571130, 0.45418194, 0.28814650, 0.38222849, 0.42000359, 0.47637114, 0.25967935, 0.53445798)
(0.84468585, 0.46946147, 0.36277944, 0.30876875, 0.25107303, 0.35028076, 0.63672704, 0.73522830, 0.43806776, 0.38832411)
(0.59831345, 0.39730638, 0.76821345, 0.17017777, 0.19605038, 0.62234074, 0.21445043, 0.26908982, 0.78526902, 0.65205061)
(0.64286107, 0.75175577, 0.71486050, 0.24711016, 0.18110877, 0.56236291, 0.13894399, 0.37165695, 0.51532525, 0.71931559)
(0.53654808, 0.39236721, 0.51893467, 0.94660330, 0.89977378, 0.36473787, 0.92214841, 0.91302717, 0.82434326, 0.07635832)
(0.79422426, 0.58876199, 0.73688447, 0.65045756, 0.40509209, 0.10706411, 0.55714476, 0.68784857, 0.45969978, 0.37084141)
(0.91354072, 0.37922242, 0.44179770, 0.10468560, 0.46426108, 0.56483060, 0.70332569, 0.39610389, 0.35942966, 0.81672150)
(0.85281748, 0.25922424, 0.45803276, 0.50171804, 0.40643895, 0.17446645, 0.85785234, 0.84614700, 0.64888221, 0.18050174)
(0.47536626, 0.32493570, 0.41403335, 0.62148541, 0.60887915, 0.61773026, 0.57490593, 0.47718963, 0.57971388, 0.42232949)
(0.51957053, 0.54285604, 0.62409508, 0.42593879, 0.71322042, 0.66185915, 0.57713729, 0.47770289, 0.59991819, 0.69398433)
(0.89628595, 0.89049566, 0.45577282, 0.75368512, 0.34728155, 0.12971427, 0.64570749, 0.92273504, 0.25406763, 0.26571408)
(0.53252596, 0.56849670, 0.82233530, 0.37266904, 0.70418006, 0.53307122, 0.66845828, 0.66110158, 0.82590014, 0.59963679)
(0.63349319, 0.19283527, 0.24163501, 0.81012547, 0.82120907, 0.64262599, 0.64285582, 0.21402974, 0.26412293, 0.52859920)
(0.85460049, 0.66826582, 0.63500196, 0.20983361, 0.27022740, 0.35781983, 0.36825496, 0.45265633, 0.33570853, 0.74567223)
(0.42890552, 0.65558392, 0.78947109, 0.17427245, 0.43461022, 0.88239908, 0.16412759, 0.20941500, 0.80299300, 0.85365093)
(0.83639485, 0.48379093, 0.17253870, 0.59372908, 0.06585718, 0.26770183, 0.20739345, 0.46536180, 0.14989741, 0.25909013)
(0.59747684, 0.69653392, 0.79580861, 0.38669974, 0.61711955, 0.42165446, 0.61242539, 0.70147598, 0.71465433, 0.60880965)
(0.65234828, 0.65010363, 0.53881550, 0.39244634, 0.30726719, 0.66556174, 0.09407258, 0.13282506, 0.24543417, 0.81851655)
(0.83115995, 0.16118279, 0.28178337, 0.13508216, 0.12540290, 0.57048219, 0.62375754, 0.63810074, 0.70937783, 0.29659644)
(0.91348064, 0.54879224, 0.36855850, 0.67365640, 0.21279730, 0.08195916, 0.62064672, 0.78369671, 0.22115093, 0.21945921)
(0.82907349, 0.56021398, 0.30090442, 0.19240271, 0.31212041, 0.77931702, 0.34022555, 0.27989003, 0.25332469, 0.81052524)
(0.85815573, 0.26682335, 0.42049140, 0.24515744, 0.07503775, 0.23333336, 0.57195413, 0.80196112, 0.71134043, 0.15229642)
(0.72188008, 0.20271818, 0.15789750, 0.65655142, 0.09488787, 0.32615528, 0.40662912, 0.58103895, 0.41519114, 0.10649686)
(0.47696710, 0.57910401, 0.76330912, 0.45683128, 0.54068428, 0.49553999, 0.54248804, 0.67798185, 0.80212569, 0.47457287)
(0.71062905, 0.37385580, 0.85428119, 0.21605194, 0.43886602, 0.35468391, 0.56658763, 0.50514436, 0.82300252, 0.59467423)
(0.62429523, 0.76907146, 0.48494554, 0.78403360, 0.06445517, 0.13323145, 0.14293131, 0.77428788, 0.48213583, 0.10799555)
(0.76433569, 0.14965928, 0.70503664, 0.30339745, 0.33439395, 0.28854895, 0.71559036, 0.60620469, 0.85241002, 0.28406557)
(0.87538207, 0.30427870, 0.33983985, 0.29211402, 0.18137421, 0.31076378, 0.48647368, 0.41869220, 0.29468116, 0.48457322)
(0.76007646, 0.32266665, 0.44675767, 0.66606355, 0.52264887, 0.20708093, 0.76160592, 0.69185013, 0.46227273, 0.27914244)
(0.47932854, 0.35231715, 0.36032188, 0.90873784, 0.91371000, 0.63323182, 0.71055108, 0.46851084, 0.42282084, 0.36247808)
(0.78053749, 0.53413832, 0.37216201, 0.49460793, 0.46893597, 0.33778876, 0.76326257, 0.80897695, 0.45279896, 0.34622657)
(0.77775615, 0.77607042, 0.80902249, 0.80780458, 0.28231254, 0.06273849, 0.28523505, 0.68312728, 0.38652971, 0.32103139)
(0.52988952, 0.21741499, 0.74677783, 0.19453403, 0.23855081, 0.71026683, 0.27539110, 0.22626580, 0.87569135, 0.56723011)
(0.58958739, 0.49564773, 0.88907778, 0.33338711, 0.62635469, 0.43160325, 0.46221048, 0.33504122, 0.75231272, 0.74851799)
(0.60124946, 0.49173939, 0.66066700, 0.66436714, 0.92017996, 0.59470862, 0.83237964, 0.61459762, 0.63535786, 0.60987890)
(0.77241790, 0.24499118, 0.47966999, 0.64392650, 0.36754704, 0.16195337, 0.68532968, 0.63023549, 0.51359111, 0.22061026)
(0.88690013, 0.83982825, 0.56254143, 0.36583853, 0.04108508, 0.13654026, 0.15590890, 0.75148308, 0.30669370, 0.33122709)
(0.64950687, 0.40108719, 0.39881000, 0.28015345, 0.25641024, 0.63047010, 0.66025299, 0.84788793, 0.81539071, 0.23788001)
(0.87521505, 0.57049966, 0.29695734, 0.55150622, 0.58490050, 0.36150306, 0.70598435, 0.52762097, 0.12760699, 0.65650147)
(0.89335185, 0.49046612, 0.30308086, 0.50666481, 0.15692587, 0.15402244, 0.54028803, 0.70206934, 0.23716831, 0.27347445)
(0.83136421, 0.79371470, 0.44924134, 0.62573397, 0.29186836, 0.19462599, 0.68253571, 0.93129170, 0.47309920, 0.20199184)
(0.65467620, 0.78258139, 0.38816217, 0.54379505, 0.71557629, 0.63464338, 0.69395262, 0.73511463, 0.38301578, 0.62108004)
(0.82694846, 0.43063155, 0.70491546, 0.53239858, 0.42093685, 0.10964231, 0.66835213, 0.66771108, 0.49994338, 0.37820664)
(0.78473502, 0.45435184, 0.33973527, 0.71147889, 0.65410870, 0.30272192, 0.70848501, 0.52914804, 0.19634451, 0.49545336)
(0.59415758, 0.55326390, 0.73666656, 0.56555021, 0.63221735, 0.35421243, 0.67171955, 0.71549559, 0.72109485, 0.42787075)
(0.87966824, 0.19491249, 0.46667489, 0.20977463, 0.11122201, 0.19989330, 0.62867928, 0.68973351, 0.65946072, 0.23268497)
(0.81604344, 0.59921974, 0.73996526, 0.08762112, 0.27190393, 0.51258802, 0.47048351, 0.58144993, 0.68739599, 0.72894049)
(0.67796296, 0.74123657, 0.49117899, 0.76317644, 0.81918234, 0.48751771, 0.47886404, 0.33364496, 0.15966721, 0.78486162)
(0.59054273, 0.64699149, 0.52384079, 0.40318713, 0.60225451, 0.60428762, 0.59041834, 0.62254828, 0.51472741, 0.63088518)
(0.57054240, 0.55401552, 0.34275484, 0.89815629, 0.73066199, 0.36736482, 0.56026322, 0.53164029, 0.26041445, 0.35832494)
(0.93529683, 0.29682502, 0.09780463, 0.27009445, 0.02212190, 0.32678854, 0.31384993, 0.61097276, 0.21966490, 0.17912985)
(0.74303418, 0.52201366, 0.77733445, 0.38433892, 0.62724668, 0.30283800, 0.53316253, 0.35143098, 0.44521320, 0.76407433)
(0.85591614, 0.39363071, 0.33045849, 0.11670610, 0.17968710, 0.61726058, 0.47293016, 0.46230590, 0.43559843, 0.64084643)
(0.75766218, 0.13292156, 0.11383336, 0.66419965, 0.09051836, 0.37281841, 0.47335815, 0.58422202, 0.43555075, 0.08414312)
(0.77787864, 0.50871527, 0.42035949, 0.41170344, 0.53333700, 0.63982517, 0.26749957, 0.11660219, 0.15348285, 0.86024988)
(0.66062665, 0.27319461, 0.50172108, 0.84556514, 0.20407791, 0.10031057, 0.36245161, 0.52628517, 0.49581671, 0.11145687)
(0.84904939, 0.55388749, 0.34618786, 0.36645290, 0.36301774, 0.45777690, 0.49273399, 0.41238940, 0.19299041, 0.69637537)
(0.91420299, 0.48637930, 0.26491207, 0.17237529, 0.31493762, 0.68963838, 0.43310258, 0.23731329, 0.15637484, 0.84389418)
(0.61383981, 0.50221223, 0.27499858, 0.94823122, 0.80466527, 0.33730203, 0.81761152, 0.82273203, 0.43255934, 0.12128749)
(0.45143148, 0.58892006, 0.61985958, 0.35436818, 0.50670868, 0.69878536, 0.39009401, 0.46070960, 0.64492512, 0.66214806)
(0.55885011, 0.35824424, 0.68445569, 0.50131792, 0.48651892, 0.40075499, 0.61245728, 0.62366062, 0.77734607, 0.35901895)
(0.55608594, 0.31916538, 0.45840690, 0.33532771, 0.51669240, 0.67692101, 0.63210887, 0.56064427, 0.70068187, 0.48806170)
(0.84045935, 0.21309869, 0.28898573, 0.23034282, 0.13436334, 0.39630595, 0.63010544, 0.69625443, 0.60802728, 0.24417453)
(0.71374357, 0.88615686, 0.75815195, 0.45510757, 0.82855743, 0.65946639, 0.29200998, 0.21391168, 0.20678449, 0.94522166)
(0.65988016, 0.80153477, 0.66781014, 0.12031055, 0.41900963, 0.80620575, 0.30503631, 0.45525941, 0.57032299, 0.86856842)
(0.90476781, 0.79159081, 0.11960525, 0.70600921, 0.15970550, 0.24812764, 0.64025968, 0.93191493, 0.20015845, 0.12719363)
(0.85538667, 0.33992466, 0.54542649, 0.52931970, 0.33041641, 0.11742009, 0.70422608, 0.71143520, 0.46511266, 0.27474540)
(0.83602870, 0.33618003, 0.08728753, 0.74736333, 0.05575040, 0.22697942, 0.43413180, 0.79367340, 0.28905568, 0.05349406)
(0.56899840, 0.14401112, 0.29742783, 0.66213173, 0.34416139, 0.50025010, 0.57050544, 0.48099211, 0.64491016, 0.19344904)
(0.64263320, 0.40579662, 0.52290070, 0.48012403, 0.77435416, 0.61923867, 0.63585734, 0.32950211, 0.42079201, 0.73542053)
(0.68401098, 0.58010197, 0.35002726, 0.68444616, 0.12105855, 0.19066457, 0.27751017, 0.67069536, 0.36226329, 0.18134351)
(0.78186172, 0.45441869, 0.43933246, 0.73763883, 0.12917292, 0.08393213, 0.29112303, 0.55004656, 0.28259557, 0.18381181)
(0.44649154, 0.52754563, 0.49159324, 0.71577847, 0.58924913, 0.52755636, 0.63599551, 0.78227073, 0.72055399, 0.25048992)
(0.40300366, 0.51577592, 0.48918003, 0.42666492, 0.27400842, 0.69188952, 0.41351983, 0.74543738, 0.80924010, 0.27761662)
(0.75003445, 0.40053424, 0.53473473, 0.44371590, 0.69207191, 0.43009204, 0.90810275, 0.89960617, 0.80758911, 0.26820749)
(0.76510811, 0.78115922, 0.84075898, 0.77367300, 0.47943780, 0.09176819, 0.43016773, 0.69832778, 0.44586641, 0.42642400)
(0.76064306, 0.71566856, 0.27797309, 0.91705304, 0.42904180, 0.17286405, 0.62009078, 0.86882752, 0.29167119, 0.11885516)
(0.74372351, 0.71872562, 0.48433015, 0.55501360, 0.74408573, 0.51650798, 0.60513526, 0.47081125, 0.22433344, 0.77195424)
(0.64725816, 0.68665224, 0.60657936, 0.26551956, 0.22081402, 0.58867133, 0.19919865, 0.39226601, 0.46616623, 0.69181198)
(0.89833343, 0.17253532, 0.11504006, 0.63490146, 0.09007228, 0.22889930, 0.52014863, 0.54306835, 0.20147182, 0.13503875)
(0.65663397, 0.38539401, 0.31844985, 0.80411714, 0.14673012, 0.15461777, 0.42163199, 0.74073684, 0.50097525, 0.08067080)
(0.84567934, 0.36423910, 0.42668259, 0.60157549, 0.19628382, 0.10172901, 0.62786651, 0.75528818, 0.42712998, 0.16669354)
(0.54613310, 0.46578184, 0.38295752, 0.71033418, 0.73181170, 0.56422079, 0.52996588, 0.34760788, 0.29137233, 0.61348629)
(0.80885828, 0.47852597, 0.53405803, 0.27851638, 0.52248424, 0.39036095, 0.69437176, 0.57109720, 0.42746642, 0.65164721)
(0.68970257, 0.46855292, 0.46968636, 0.33242133, 0.34972665, 0.46676371, 0.62727988, 0.72933519, 0.62409234, 0.39805818)
(0.34326246, 0.66006774, 0.59838891, 0.61214721, 0.56487936, 0.66244537, 0.43830174, 0.70108157, 0.73866838, 0.41634759)
(0.78280413, 0.60391885, 0.53124458, 0.37855762, 0.43574858, 0.36136225, 0.55585134, 0.57845992, 0.35730749, 0.61752766)
(0.70722204, 0.36203203, 0.65742362, 0.47357467, 0.62401086, 0.29541221, 0.68928528, 0.50002074, 0.53330779, 0.55249166)
(0.61023235, 0.68942010, 0.44103521, 0.73421168, 0.85438639, 0.60751832, 0.60138857, 0.42594212, 0.24167542, 0.73348147)
(0.91414064, 0.31320769, 0.38162827, 0.18320131, 0.10776419, 0.23506746, 0.59494931, 0.70383263, 0.48597315, 0.32466239)
(0.69867688, 0.16680394, 0.45783687, 0.56890851, 0.42512244, 0.35250738, 0.74501610, 0.65775722, 0.73179930, 0.20051646)
(0.78974003, 0.71005714, 0.59132558, 0.54488605, 0.55518264, 0.26317233, 0.63435715, 0.68959075, 0.33990404, 0.56509364)
(0.67603523, 0.71505159, 0.50967121, 0.38767517, 0.49842510, 0.67665029, 0.22793901, 0.22966963, 0.23036435, 0.84371114)
(0.68435973, 0.67312437, 0.51796895, 0.87761617, 0.67269599, 0.20410496, 0.62623829, 0.71773475, 0.33604392, 0.30964491)
(0.85969198, 0.31586263, 0.54491210, 0.38437453, 0.09935819, 0.13820155, 0.28415403, 0.36225465, 0.35007793, 0.37991095)
(0.43819830, 0.72840869, 0.89506495, 0.65029693, 0.91494906, 0.60884756, 0.48256972, 0.32207960, 0.65847409, 0.84280676)
(0.37300405, 0.81143886, 0.86771071, 0.54067785, 0.59697616, 0.52099925, 0.32589021, 0.59732896, 0.76362276, 0.63162100)
(0.44679564, 0.46862078, 0.34903899, 0.39635298, 0.44635066, 0.80091482, 0.39894816, 0.43910405, 0.57367408, 0.56328464)
(0.67449433, 0.09887846, 0.45295739, 0.08067087, 0.08962681, 0.82889849, 0.33598495, 0.33645707, 0.91394764, 0.36960018)
(0.77922231, 0.76476568, 0.50277007, 0.55462217, 0.42713949, 0.34952283, 0.45743766, 0.63211179, 0.26776975, 0.58425462)
(0.78117406, 0.33138898, 0.32826561, 0.53993398, 0.85808325, 0.58401710, 0.90550506, 0.67463440, 0.46471640, 0.52933496)
(0.89330220, 0.54976904, 0.48423940, 0.29841447, 0.42031530, 0.31024230, 0.60562390, 0.49037388, 0.23246494, 0.71230114)
(0.70277739, 0.52075005, 0.37988549, 0.40279371, 0.23948927, 0.52165323, 0.25342605, 0.32828656, 0.27808061, 0.60520935)
(0.80167228, 0.49237925, 0.77506769, 0.31710640, 0.59457171, 0.25743264, 0.68969369, 0.56867468, 0.56893402, 0.65257531)
(0.38941789, 0.78604615, 0.45747584, 0.41887966, 0.25432861, 0.72233427, 0.29240531, 0.78946495, 0.67177504, 0.39137030)
(0.69779086, 0.71725923, 0.78868705, 0.26917261, 0.49647099, 0.42901602, 0.64889777, 0.81441420, 0.78156126, 0.54040879)
(0.82150251, 0.60627073, 0.72213298, 0.30245894, 0.57073569, 0.32627741, 0.50767314, 0.34913412, 0.32311052, 0.81719053)
(0.44427282, 0.52743834, 0.50359821, 0.44355980, 0.48601538, 0.65364647, 0.47038567, 0.56735313, 0.63043362, 0.51312006)
(0.72784495, 0.16661580, 0.59589344, 0.16761434, 0.26110575, 0.52218741, 0.67566311, 0.62991720, 0.87410063, 0.33341810)
(0.65458590, 0.51919699, 0.38599908, 0.49964371, 0.31208214, 0.46006036, 0.50643218, 0.68110538, 0.49552435, 0.35032949)
(0.71472460, 0.67721260, 0.60203260, 0.42892772, 0.68578702, 0.46078056, 0.64279318, 0.56010222, 0.38670182, 0.72667795)
(0.58600551, 0.58092928, 0.28533515, 0.62000030, 0.42705873, 0.56607580, 0.61143190, 0.78990507, 0.51693887, 0.27478465)
(0.73666960, 0.14466164, 0.58771849, 0.75509751, 0.66347414, 0.19617921, 0.87798291, 0.72570276, 0.77126044, 0.15080337)
(0.79242218, 0.42329901, 0.46972141, 0.55489951, 0.21033432, 0.16614333, 0.68727130, 0.86526513, 0.64858890, 0.13181628)
(0.79877049, 0.20556505, 0.27620739, 0.37230057, 0.23516165, 0.42733881, 0.79404718, 0.84534597, 0.74550027, 0.13852797)
(0.78597564, 0.35908842, 0.69370323, 0.25059998, 0.38892260, 0.28990826, 0.58324420, 0.47614411, 0.58148086, 0.58956784)
(0.76474041, 0.53328353, 0.62699097, 0.76577747, 0.81832886, 0.23734079, 0.67477757, 0.44931799, 0.26562658, 0.61386514)
(0.81434542, 0.49354392, 0.42575988, 0.46936071, 0.15210532, 0.24875082, 0.24731115, 0.37303758, 0.23500913, 0.47410494)
(0.47651818, 0.56705409, 0.58897269, 0.39166397, 0.40687609, 0.58627647, 0.49395427, 0.69545817, 0.73369205, 0.43350255)
(0.77787566, 0.54227567, 0.70949191, 0.55242997, 0.11407291, 0.08776524, 0.28429002, 0.60771322, 0.50535643, 0.25276861)
(0.75858843, 0.52183902, 0.61816609, 0.62660915, 0.49519014, 0.19443907, 0.47588119, 0.43236941, 0.27351907, 0.56013674)
(0.67169416, 0.48674658, 0.65844905, 0.14895767, 0.60226828, 0.68826604, 0.74556416, 0.71988040, 0.80425143, 0.64590436)
(0.63632214, 0.45171365, 0.22483750, 0.67304426, 0.65791076, 0.60520726, 0.72964799, 0.66324800, 0.38337582, 0.38061175)
(0.53276169, 0.69537282, 0.59202027, 0.15727969, 0.24750641, 0.80294454, 0.26068678, 0.55139893, 0.73390913, 0.66728175)
(0.82869530, 0.51561391, 0.41130203, 0.29542592, 0.28139594, 0.54325223, 0.25604028, 0.20482789, 0.19138069, 0.77966630)
(0.55953318, 0.43378979, 0.62958843, 0.36040288, 0.36806527, 0.47987553, 0.50835884, 0.60157472, 0.72807360, 0.44126701)
(0.76963490, 0.37581626, 0.39052922, 0.15686819, 0.20613602, 0.59311277, 0.50784254, 0.57130086, 0.58732808, 0.51829338)
(0.93277967, 0.74658930, 0.61548710, 0.44462064, 0.28902125, 0.08487791, 0.57765847, 0.73809636, 0.20858037, 0.51896685)
(0.49091738, 0.73090315, 0.68007433, 0.28036588, 0.41684642, 0.67407084, 0.33347729, 0.55706817, 0.65428621, 0.68482053)
(0.76581073, 0.49485117, 0.24318832, 0.16013859, 0.15796675, 0.74837047, 0.39533538, 0.56615520, 0.47776982, 0.54067910)
(0.66708428, 0.69900149, 0.69790751, 0.52231985, 0.48496357, 0.30397385, 0.57677704, 0.76569527, 0.59674120, 0.44994843)
(0.76659882, 0.32305318, 0.73318660, 0.63155502, 0.65693283, 0.15746732, 0.66906536, 0.43024576, 0.47596905, 0.51040494)
(0.73929173, 0.64577007, 0.47475556, 0.44639266, 0.74608898, 0.52160466, 0.81931263, 0.77172625, 0.49149981, 0.57488644)
(0.33373410, 0.88863784, 0.89842063, 0.40244424, 0.34776667, 0.65513176, 0.16476806, 0.67851925, 0.86542207, 0.59449178)
(0.44996634, 0.48441261, 0.40971151, 0.74590504, 0.69352078, 0.58023071, 0.40486383, 0.31169280, 0.32891282, 0.58635622)
(0.82153815, 0.60136586, 0.71862972, 0.45670050, 0.67981684, 0.24200772, 0.60243505, 0.42175388, 0.28840622, 0.76044160)
(0.48214492, 0.16381763, 0.27984264, 0.67114705, 0.22444727, 0.56945610, 0.46122265, 0.57315671, 0.74761271, 0.12149093)
(0.85904855, 0.32670480, 0.38564330, 0.54062057, 0.25213972, 0.15209448, 0.62293023, 0.61652058, 0.32728565, 0.28060609)
(0.88162565, 0.58919752, 0.50531721, 0.57524288, 0.25487587, 0.10092080, 0.57066745, 0.73786479, 0.28400329, 0.32584843)
(0.82292730, 0.24395545, 0.22384258, 0.39880887, 0.52236605, 0.53270394, 0.75327015, 0.46835756, 0.31697103, 0.53089917)
(0.58577722, 0.25845522, 0.32026839, 0.32318538, 0.17778414, 0.69619280, 0.55624568, 0.77234250, 0.83660775, 0.17116012)
(0.91353875, 0.29055649, 0.21142955, 0.40393806, 0.07012327, 0.18860449, 0.48751986, 0.63793665, 0.27861881, 0.19084622)
(0.68282729, 0.52957064, 0.46115810, 0.46691355, 0.67695147, 0.52437866, 0.68875790, 0.55907834, 0.40811047, 0.62534231)
(0.88772625, 0.20816670, 0.31056166, 0.24360901, 0.19038765, 0.41266838, 0.45486453, 0.25400513, 0.28749523, 0.57716811)
(0.68819577, 0.44388306, 0.43123698, 0.74589497, 0.11391894, 0.11341896, 0.32313886, 0.67699879, 0.46968502, 0.11440679)
(0.60386878, 0.30766359, 0.56848919, 0.31397703, 0.55158353, 0.60976648, 0.70559698, 0.63068837, 0.77784938, 0.45933872)
(0.76988298, 0.54931170, 0.40827131, 0.37942490, 0.54764414, 0.46414706, 0.73001939, 0.69186097, 0.41666397, 0.54948312)
(0.45078656, 0.36864242, 0.40057853, 0.62606823, 0.38463572, 0.53581411, 0.46441427, 0.57188070, 0.61836034, 0.29124233)
(0.70072085, 0.42652613, 0.58302575, 0.29863346, 0.37530556, 0.50983870, 0.68688971, 0.78978467, 0.80126935, 0.34089932)
(0.74754775, 0.45016584, 0.59389436, 0.23163271, 0.32556543, 0.56314963, 0.27715424, 0.20081422, 0.39970624, 0.78767639)
(0.78979832, 0.32186326, 0.07492090, 0.85730320, 0.29032016, 0.35901088, 0.67324537, 0.75693583, 0.22850852, 0.09371895)
(0.78511602, 0.54557467, 0.70999426, 0.45895928, 0.61501557, 0.20686318, 0.76473624, 0.72877693, 0.55647379, 0.50678015)
(0.67617488, 0.78809732, 0.58291775, 0.61981618, 0.51223034, 0.36519247, 0.47744578, 0.67243785, 0.36797962, 0.55045587)
(0.79108864, 0.23292595, 0.26626259, 0.53401309, 0.43141165, 0.37044433, 0.80895174, 0.74664652, 0.53388196, 0.22822364)
(0.50351572, 0.47275099, 0.58233947, 0.63473409, 0.47940633, 0.36928809, 0.41559950, 0.46394941, 0.49541765, 0.46184129)
(0.71295863, 0.42317554, 0.74790490, 0.45281684, 0.43958649, 0.21898346, 0.60761744, 0.61983663, 0.66568857, 0.42326483)
(0.71858501, 0.32440567, 0.29068571, 0.73898089, 0.78895646, 0.47471237, 0.75010914, 0.42807397, 0.24956790, 0.52597809)
(0.79645234, 0.68911284, 0.64800674, 0.46427110, 0.55165106, 0.25605422, 0.68911028, 0.74740732, 0.44489637, 0.54376328)
(0.73022342, 0.14403954, 0.18774760, 0.17323217, 0.14684995, 0.80080050, 0.51958907, 0.53325486, 0.73837149, 0.29218102)
(0.91650838, 0.26749334, 0.25818920, 0.11700600, 0.14323595, 0.52777326, 0.48326251, 0.34895870, 0.31007424, 0.63038462)
(0.81439412, 0.55411899, 0.45451787, 0.39405283, 0.11695062, 0.19065800, 0.50045019, 0.83140230, 0.54567313, 0.20302698)
(0.70456111, 0.22081558, 0.55784380, 0.59852707, 0.60419160, 0.28153577, 0.66441417, 0.37401193, 0.47846887, 0.46636623)
(0.81587207, 0.46138462, 0.32710302, 0.41128695, 0.08104112, 0.23523785, 0.34453213, 0.65117770, 0.37240419, 0.24250779)
(0.42867047, 0.52542061, 0.17349081, 0.68830180, 0.47430727, 0.82137555, 0.68853748, 0.89559561, 0.74869400, 0.13011858)
(0.65171999, 0.66756612, 0.57783431, 0.36276460, 0.48503619, 0.49459091, 0.58864176, 0.70980167, 0.56734192, 0.55823076)
(0.67108232, 0.70526767, 0.58323056, 0.20180513, 0.64524043, 0.77702248, 0.52237606, 0.45477682, 0.48951352, 0.85031676)
(0.59436911, 0.24982476, 0.07420847, 0.44278899, 0.13868190, 0.84787762, 0.42089731, 0.62712759, 0.56492221, 0.17135648)
(0.59605557, 0.62527221, 0.53243387, 0.62474293, 0.49012649, 0.38027197, 0.54049057, 0.68156058, 0.48945621, 0.41590202)
(0.63426858, 0.75482851, 0.57694411, 0.70474321, 0.79220736, 0.45074263, 0.68767607, 0.68494874, 0.41991884, 0.58488882)
(0.62775546, 0.56855124, 0.57855064, 0.24804851, 0.39288068, 0.61049289, 0.67276096, 0.84643686, 0.82126397, 0.38014945)
(0.83620661, 0.35797283, 0.54021323, 0.14025915, 0.25613284, 0.46883789, 0.47717756, 0.37796929, 0.48706242, 0.68480688)
(0.72825319, 0.78542310, 0.70712221, 0.62511235, 0.58799654, 0.25539589, 0.69261861, 0.85828578, 0.58856708, 0.40329126)
(0.44305515, 0.23543166, 0.36499873, 0.74416274, 0.49307257, 0.54880476, 0.59262615, 0.57951587, 0.69585645, 0.19300207)
(0.73057598, 0.49138615, 0.66805035, 0.59944475, 0.74606675, 0.28497788, 0.89100677, 0.88620162, 0.78168988, 0.28080663)
(0.71079588, 0.24158750, 0.14615472, 0.63707042, 0.22152038, 0.47768930, 0.50833565, 0.52475518, 0.33206818, 0.21959525)
(0.60377181, 0.69724590, 0.75609201, 0.35540348, 0.61051315, 0.52841812, 0.41678101, 0.39528236, 0.50346577, 0.79706174)
(0.56594896, 0.65114230, 0.20523497, 0.65009648, 0.58220166, 0.88124692, 0.13806169, 0.10506491, 0.10792791, 0.82918978)
(0.64626384, 0.53580505, 0.88406211, 0.26191521, 0.36878547, 0.44996393, 0.17897567, 0.17655194, 0.64056319, 0.81156230)
(0.61819172, 0.79068780, 0.85983878, 0.29081172, 0.49697572, 0.48039684, 0.32777369, 0.48638025, 0.63737124, 0.78169823)
(0.68718106, 0.43371660, 0.43544754, 0.53477013, 0.42779747, 0.34857047, 0.60200948, 0.61094570, 0.43928310, 0.40183201)
(0.44130751, 0.35924217, 0.38673902, 0.70849860, 0.67652947, 0.65465349, 0.65529227, 0.62173796, 0.65578324, 0.31613809)
(0.87144190, 0.66267037, 0.37439373, 0.75475276, 0.35687122, 0.13522746, 0.57982767, 0.71172255, 0.16157743, 0.34361956)
(0.88017619, 0.24185695, 0.28882489, 0.19761968, 0.11476977, 0.36058205, 0.71553206, 0.83499396, 0.68209279, 0.18176277)
(0.38450238, 0.61965209, 0.39980128, 0.92266470, 0.75161141, 0.49238431, 0.34182632, 0.39295027, 0.30063769, 0.43828133)
(0.74104178, 0.17734514, 0.10976151, 0.43183932, 0.05813389, 0.56209248, 0.37716323, 0.59310520, 0.50059617, 0.12348340)
(0.89465201, 0.31041041, 0.29982162, 0.29797697, 0.37085843, 0.47200391, 0.54238576, 0.23914866, 0.17783950, 0.73032713)
(0.62668735, 0.49982560, 0.46546844, 0.34924975, 0.45935950, 0.55874538, 0.67192978, 0.75132102, 0.66203922, 0.42637971)
(0.78886330, 0.45136559, 0.64092547, 0.53365159, 0.30503216, 0.12443943, 0.58499783, 0.67777336, 0.50118887, 0.31531239)
(0.77666450, 0.44895148, 0.19117989, 0.56553644, 0.60936981, 0.54187518, 0.82432383, 0.77011210, 0.36512190, 0.36038890)
(0.80282813, 0.10780287, 0.56479436, 0.07068896, 0.16631070, 0.61629283, 0.62953782, 0.51655096, 0.89121127, 0.40194109)
(0.37315369, 0.60350573, 0.88392109, 0.19655780, 0.41623217, 0.77214515, 0.31119916, 0.51128250, 0.93287832, 0.64791983)
(0.50987566, 0.73215365, 0.86668503, 0.39845189, 0.69728839, 0.51123190, 0.49404550, 0.53380251, 0.72356844, 0.74337131)
(0.75378311, 0.31493112, 0.36921319, 0.37589923, 0.26473618, 0.37587202, 0.56251985, 0.56536269, 0.47012654, 0.37749016)
(0.76424617, 0.40864050, 0.57969916, 0.43675518, 0.37279201, 0.27815959, 0.56653792, 0.56703985, 0.49891967, 0.45177001)
(0.64652431, 0.16934550, 0.38323045, 0.84575170, 0.57294971, 0.25982240, 0.79816341, 0.70417446, 0.66156626, 0.10692596)
(0.48570853, 0.53081918, 0.43454191, 0.91405118, 0.83962941, 0.44015381, 0.52005494, 0.40706745, 0.29921022, 0.45155394)
(0.43772718, 0.55213755, 0.51412982, 0.93798554, 0.89498293, 0.48963735, 0.68913603, 0.66767073, 0.54843420, 0.27103087)
(0.64944297, 0.75822026, 0.25101006, 0.54286551, 0.64739293, 0.78236306, 0.53315711, 0.53714985, 0.22137624, 0.71646345)
(0.78354859, 0.28524458, 0.23024644, 0.71691185, 0.62828803, 0.35127527, 0.84799600, 0.71289122, 0.37050286, 0.25895086)
(0.86005700, 0.36715996, 0.60341901, 0.48062381, 0.37138745, 0.12681209, 0.71474493, 0.70820779, 0.48617211, 0.33470318)
(0.73691398, 0.46974361, 0.65259171, 0.26225844, 0.57086164, 0.42929083, 0.69091880, 0.58063716, 0.58796042, 0.64953387)
(0.73690110, 0.53484225, 0.69961262, 0.41223902, 0.36550584, 0.22813027, 0.56592768, 0.68400800, 0.59757149, 0.43435460)
(0.83886367, 0.51056373, 0.66280782, 0.19942150, 0.52558208, 0.38353139, 0.69320208, 0.57707542, 0.51791584, 0.71047688)
(0.81557935, 0.32413080, 0.45597482, 0.23639338, 0.32203501, 0.39730480, 0.79515964, 0.82873553, 0.73546576, 0.29588741)
(0.49629086, 0.39918363, 0.49312699, 0.81339723, 0.87327826, 0.59177470, 0.67874706, 0.46890324, 0.48627603, 0.46939528)
(0.72255653, 0.33640498, 0.45497358, 0.33572540, 0.70076114, 0.58163381, 0.81539530, 0.63337088, 0.59873885, 0.55779964)
(0.54259157, 0.39358550, 0.43047836, 0.72024983, 0.81039321, 0.74667180, 0.29236549, 0.08417617, 0.22562890, 0.81507915)
(0.82897705, 0.36345115, 0.50021356, 0.54678476, 0.17226440, 0.10844573, 0.45476815, 0.54943424, 0.35364911, 0.26958311)
(0.86886507, 0.50682461, 0.53758121, 0.28883967, 0.05739099, 0.13585815, 0.39879921, 0.79661518, 0.58097827, 0.19422223)
(0.88745105, 0.42558730, 0.19947611, 0.20345777, 0.04964257, 0.37439200, 0.44935888, 0.79339093, 0.45190123, 0.20932564)
(0.60540879, 0.80659318, 0.68589014, 0.28948507, 0.44514453, 0.71441245, 0.16279705, 0.26062071, 0.37628517, 0.86801052)
(0.61871558, 0.63331771, 0.39587682, 0.64269865, 0.58247685, 0.70279431, 0.14748214, 0.10613156, 0.14378344, 0.82801563)
(0.67194766, 0.57291585, 0.42626220, 0.18075094, 0.19636723, 0.80777806, 0.16553874, 0.25728893, 0.45980611, 0.75084180)
(0.79550588, 0.48734108, 0.28403044, 0.47813562, 0.42963281, 0.42257300, 0.78209168, 0.83289808, 0.48314995, 0.29233935)
(0.93871796, 0.17718567, 0.19163360, 0.41376981, 0.18867050, 0.22894658, 0.69291252, 0.48241121, 0.20252527, 0.33220738)
(0.92038864, 0.56083030, 0.25254625, 0.33326343, 0.12231997, 0.20426162, 0.76724470, 0.94281161, 0.50449640, 0.13524260)
(0.57072759, 0.50924081, 0.49492240, 0.91878629, 0.45345733, 0.19183578, 0.67469972, 0.89034909, 0.72548229, 0.05860784)
(0.77607870, 0.24926770, 0.73678267, 0.35766634, 0.43096775, 0.23055920, 0.62510318, 0.44835910, 0.65047753, 0.49145108)
(0.72080767, 0.20310624, 0.42521071, 0.64087367, 0.14043006, 0.17394893, 0.51784033, 0.66065800, 0.66249812, 0.09964254)
(0.54836708, 0.54121774, 0.43947333, 0.56484395, 0.72420996, 0.61361444, 0.76407582, 0.76346350, 0.62572199, 0.42430872)
(0.54919863, 0.71472818, 0.82054341, 0.63288546, 0.82010323, 0.41866350, 0.54439908, 0.47118995, 0.55297750, 0.73598528)
(0.72995973, 0.70094305, 0.49618438, 0.89195913, 0.62886024, 0.18083204, 0.80831605, 0.92273033, 0.55702728, 0.12519924)
(0.62640673, 0.42585412, 0.77768469, 0.17583910, 0.19327973, 0.53509301, 0.25982982, 0.36241275, 0.78509849, 0.60530549)
(0.64423716, 0.36033973, 0.62407523, 0.68873388, 0.54344147, 0.25242698, 0.70807374, 0.70582032, 0.68617278, 0.25073549)
(0.55790460, 0.22063927, 0.13282590, 0.83984846, 0.33574453, 0.50505668, 0.49704897, 0.53481996, 0.40659714, 0.12779866)
(0.31802285, 0.78567833, 0.54080373, 0.43814644, 0.31540200, 0.77920109, 0.28679532, 0.78368610, 0.77483886, 0.39305425)
(0.57581341, 0.65444839, 0.84829247, 0.61432886, 0.57236922, 0.27380389, 0.62508422, 0.80229932, 0.82927531, 0.33854139)
(0.85312539, 0.13630158, 0.82151502, 0.51745677, 0.51265806, 0.08942845, 0.84214026, 0.65560597, 0.82545483, 0.23330468)
(0.68721080, 0.58335197, 0.73335916, 0.26483005, 0.15569696, 0.45840019, 0.14377876, 0.28033024, 0.54621238, 0.65994585)
(0.84799564, 0.70626146, 0.26237118, 0.74300486, 0.42305458, 0.23093188, 0.71228933, 0.83788532, 0.22028352, 0.27625161)
(0.59225088, 0.41467327, 0.41296068, 0.37632698, 0.39835966, 0.57512051, 0.59391201, 0.65571427, 0.62110257, 0.41367111)
(0.79236680, 0.54064226, 0.75359839, 0.30135727, 0.29637823, 0.32056653, 0.21077885, 0.20043789, 0.34536329, 0.78277081)
(0.56367081, 0.78647506, 0.87661189, 0.71189636, 0.92944324, 0.46361452, 0.63149494, 0.48023343, 0.57597107, 0.80796486)
(0.59496593, 0.64351952, 0.57330561, 0.22949430, 0.52432537, 0.80159712, 0.33520380, 0.29717624, 0.51257980, 0.83614016)
(0.77127862, 0.40260002, 0.50533420, 0.54342353, 0.72745484, 0.38114753, 0.91677034, 0.90119725, 0.76166064, 0.24388929)
(0.78239185, 0.33909622, 0.67001975, 0.37365294, 0.15652743, 0.16739148, 0.51296300, 0.69170076, 0.72255689, 0.23224095)
(0.78866309, 0.36418721, 0.61985189, 0.73834479, 0.27138191, 0.06942028, 0.55870521, 0.67043269, 0.48673460, 0.17137660)
(0.78320074, 0.59345716, 0.42644978, 0.52706486, 0.28453633, 0.24606547, 0.62500733, 0.82409513, 0.46446848, 0.26651618)
(0.71640468, 0.10950676, 0.18693574, 0.65213072, 0.16124550, 0.40413636, 0.67028862, 0.73627108, 0.71447492, 0.06345368)
(0.56984472, 0.46351975, 0.27769276, 0.64663911, 0.74492329, 0.71087849, 0.83274031, 0.82678032, 0.65149987, 0.28654259)
(0.68372023, 0.15758044, 0.65928233, 0.42561510, 0.60364991, 0.41808447, 0.65479392, 0.28091225, 0.66813922, 0.55616111)
(0.56507468, 0.61088449, 0.30683449, 0.46523967, 0.45831469, 0.67508501, 0.69070268, 0.86469370, 0.65976733, 0.29112536)
(0.48047504, 0.71127659, 0.86909252, 0.22714736, 0.48922929, 0.63971138, 0.44929311, 0.68081474, 0.88522702, 0.63363439)
(0.89242047, 0.24308391, 0.44696516, 0.22648346, 0.25909650, 0.22467656, 0.77613801, 0.72628051, 0.56979841, 0.33543283)
(0.37936711, 0.50560254, 0.56610060, 0.54407203, 0.33980212, 0.61495340, 0.43662703, 0.74101353, 0.82836634, 0.25332832)
(0.56915402, 0.34342134, 0.70668930, 0.28797305, 0.41518012, 0.56195283, 0.40686309, 0.31296557, 0.70581359, 0.64167321)
(0.85660028, 0.44605601, 0.11210884, 0.15779668, 0.43708596, 0.87074155, 0.75459927, 0.64973783, 0.36224145, 0.64476281)
(0.61731815, 0.51381153, 0.90594804, 0.38217771, 0.48473665, 0.28990939, 0.35784262, 0.35049781, 0.74055129, 0.67406553)
(0.65175450, 0.73293817, 0.57892197, 0.45814192, 0.82944119, 0.63558173, 0.72303927, 0.62238592, 0.44489172, 0.75790381)
(0.49245450, 0.35185724, 0.31180954, 0.46017098, 0.20620421, 0.70677036, 0.54386389, 0.83608407, 0.84277010, 0.13240372)
(0.48622638, 0.59261191, 0.64436734, 0.36585760, 0.40070906, 0.62716323, 0.57669818, 0.82753092, 0.86340994, 0.32610154)
(0.82004344, 0.69111961, 0.65690970, 0.48570386, 0.45900217, 0.22282650, 0.47590780, 0.51824617, 0.26630929, 0.66471440)
(0.40844691, 0.91553330, 0.25434175, 0.46312627, 0.55173987, 0.94157106, 0.39416850, 0.79854673, 0.48289064, 0.64697129)
(0.50527304, 0.65909690, 0.53857595, 0.52760792, 0.54472190, 0.55625653, 0.64543557, 0.83084857, 0.71657240, 0.35283256)
(0.71646398, 0.43312213, 0.66072321, 0.24082483, 0.26252061, 0.40518397, 0.54630226, 0.69456738, 0.75943983, 0.41246316)
(0.62390196, 0.10780875, 0.35186517, 0.67883420, 0.24985048, 0.39944938, 0.63541216, 0.63089687, 0.79879302, 0.09165411)
(0.67973948, 0.32778797, 0.22649722, 0.59610081, 0.46627748, 0.56189549, 0.83048701, 0.87213182, 0.69740164, 0.14688110)
(0.48317957, 0.79440933, 0.80381465, 0.29462516, 0.28572983, 0.62266791, 0.16411787, 0.45434853, 0.68057984, 0.70743710)
(0.76824856, 0.46243781, 0.77008003, 0.41505063, 0.44369173, 0.18680546, 0.67599791, 0.71459663, 0.69418037, 0.40147167)
(0.93658137, 0.38559830, 0.55046022, 0.44381848, 0.20113984, 0.08173663, 0.45978287, 0.36573055, 0.16497615, 0.52447867)
(0.63595027, 0.60016024, 0.35701954, 0.57380307, 0.60729998, 0.72437203, 0.23798133, 0.14641853, 0.15350324, 0.82309216)
(0.61123675, 0.59475040, 0.30111259, 0.53372544, 0.55338973, 0.63044739, 0.70791805, 0.79858088, 0.53486836, 0.36172172)
(0.65575552, 0.53870434, 0.37360671, 0.27269283, 0.39687845, 0.72364110, 0.50430858, 0.55912590, 0.52143914, 0.60680181)
(0.94257349, 0.38665384, 0.32679585, 0.20114464, 0.08552048, 0.31791469, 0.24633633, 0.22446653, 0.14505936, 0.66540331)
(0.85335207, 0.22829400, 0.08028100, 0.12278459, 0.14642549, 0.89406681, 0.42317405, 0.35354263, 0.39797917, 0.53868377)
(0.60872591, 0.55879974, 0.70922422, 0.53255355, 0.41963139, 0.33103302, 0.61939788, 0.81238651, 0.79385936, 0.27593243)
(0.66836631, 0.79196864, 0.37925652, 0.58917534, 0.50933695, 0.60076809, 0.30916607, 0.40185368, 0.16196886, 0.74857491)
(0.88944280, 0.42194474, 0.37493259, 0.35769564, 0.21393205, 0.37713066, 0.24366261, 0.16176283, 0.12859105, 0.73174173)
(0.79050738, 0.29220262, 0.07981673, 0.56376612, 0.24425679, 0.61590832, 0.67642748, 0.72332901, 0.35805720, 0.19033295)
(0.46141186, 0.69480503, 0.70428360, 0.42881733, 0.76551265, 0.68592912, 0.68211818, 0.75801462, 0.77442938, 0.59648532)
(0.70142132, 0.48675698, 0.34955993, 0.67203283, 0.32024446, 0.31907117, 0.61827147, 0.79658979, 0.50982022, 0.19101124)
(0.80447114, 0.29248694, 0.70647919, 0.42679456, 0.35980448, 0.16268209, 0.73899287, 0.74635905, 0.75254321, 0.25853664)
(0.64398128, 0.45118123, 0.50427204, 0.52709943, 0.47299793, 0.43103781, 0.64683163, 0.70863909, 0.62727755, 0.35198367)
(0.84586227, 0.43954104, 0.09800871, 0.82856470, 0.54281563, 0.36928573, 0.77510577, 0.69292843, 0.12386413, 0.26383898)
(0.67677367, 0.42462373, 0.78518605, 0.25177255, 0.40504998, 0.40553439, 0.64468920, 0.71907359, 0.85893357, 0.43698406)
(0.79097235, 0.25215790, 0.32491845, 0.24670653, 0.10256886, 0.41917637, 0.39106739, 0.47733414, 0.49479353, 0.34787041)
(0.55572438, 0.55742627, 0.49689028, 0.19754173, 0.41090173, 0.74745846, 0.58971465, 0.74790585, 0.77109361, 0.51789665)
(0.53574568, 0.43872294, 0.82320428, 0.63864583, 0.85685372, 0.43688044, 0.74034089, 0.54135275, 0.77167988, 0.57347822)
(0.56997633, 0.15686828, 0.17114174, 0.69254154, 0.30282238, 0.61388594, 0.59536272, 0.59310013, 0.62526280, 0.13420668)
(0.79967064, 0.31028059, 0.49129346, 0.29163954, 0.05281920, 0.20668316, 0.37588844, 0.70319414, 0.69752973, 0.15902998)
(0.59735018, 0.65183198, 0.65621507, 0.28315148, 0.50416631, 0.63201714, 0.36812317, 0.37339950, 0.50113708, 0.78544182)
(0.78994101, 0.35864642, 0.72809893, 0.41988614, 0.08402921, 0.10920423, 0.35080788, 0.64018351, 0.72063512, 0.18488221)
(0.72626722, 0.28661290, 0.73995101, 0.61496294, 0.60449564, 0.17811334, 0.69626218, 0.51241612, 0.61336446, 0.41265363)
(0.49741089, 0.61075497, 0.46494678, 0.73259562, 0.20347704, 0.30727524, 0.35454959, 0.78668302, 0.64195406, 0.15032043)
(0.66289663, 0.55897641, 0.83180100, 0.37364724, 0.58262324, 0.33443820, 0.46058708, 0.38110003, 0.57572985, 0.73517704)
(0.70934910, 0.64700866, 0.56803262, 0.92707956, 0.51839310, 0.10163511, 0.59776437, 0.82463324, 0.44397315, 0.13356414)
(0.72157365, 0.54027307, 0.65135175, 0.14361107, 0.42375165, 0.63097847, 0.53110570, 0.52357948, 0.65494853, 0.72814518)
(0.69593287, 0.43406075, 0.87529474, 0.15974993, 0.18083794, 0.49027309, 0.13157505, 0.15656687, 0.72252887, 0.77088487)
(0.76175898, 0.33830628, 0.60997403, 0.58942181, 0.72233325, 0.24797806, 0.82762253, 0.66169459, 0.55472416, 0.42784593)
(0.90593427, 0.50031835, 0.47863874, 0.58263642, 0.61355144, 0.14255483, 0.82019895, 0.71697104, 0.23463494, 0.47767255)
(0.63502932, 0.26819754, 0.20530689, 0.68452066, 0.28598773, 0.44687325, 0.61168694, 0.69185483, 0.52007020, 0.15132727)
(0.62904972, 0.23857071, 0.47196516, 0.85551482, 0.46640036, 0.17679808, 0.46679986, 0.39233971, 0.38708246, 0.22930588)
(0.71008313, 0.51758915, 0.73339802, 0.36949247, 0.51960391, 0.30076420, 0.59490770, 0.57270652, 0.58173263, 0.59320289)
(0.82521880, 0.71623409, 0.69155902, 0.35390651, 0.38238767, 0.26357532, 0.39870593, 0.47475141, 0.29289004, 0.72757006)
(0.65168053, 0.81508666, 0.80079943, 0.48048672, 0.72628266, 0.56273192, 0.18286346, 0.14371516, 0.25667626, 0.92413223)
(0.81829387, 0.83440638, 0.68475384, 0.52898937, 0.72699291, 0.31458339, 0.70270181, 0.71958798, 0.33779916, 0.71413481)
(0.89453256, 0.38205996, 0.58313692, 0.53659159, 0.45072776, 0.09872552, 0.76237005, 0.69518882, 0.38121754, 0.36953408)
(0.77110136, 0.49600434, 0.34133604, 0.22703050, 0.25419012, 0.56179726, 0.53822511, 0.63341898, 0.46022019, 0.52586418)
(0.50259340, 0.46868896, 0.62063736, 0.39442831, 0.36234960, 0.58723742, 0.51022583, 0.70431852, 0.81869638, 0.34767127)
(0.83783144, 0.22010125, 0.07065195, 0.33713099, 0.18397200, 0.72566420, 0.65601403, 0.64190519, 0.38666677, 0.25882685)
(0.62489974, 0.88461608, 0.33633253, 0.45545578, 0.46645153, 0.71426684, 0.58988881, 0.89387220, 0.49369845, 0.46948490)
(0.75457639, 0.57339185, 0.80456245, 0.39823234, 0.37233725, 0.19545253, 0.48579237, 0.60438555, 0.60496587, 0.51550001)
(0.81687886, 0.15084776, 0.11654197, 0.17740683, 0.07395174, 0.71511489, 0.54427540, 0.66847008, 0.65023059, 0.18538046)
(0.73218054, 0.59640807, 0.55647618, 0.28003836, 0.56998408, 0.61009270, 0.47930333, 0.33137286, 0.35117167, 0.82323605)
(0.77785242, 0.34095797, 0.82605880, 0.39327174, 0.38651925, 0.17154042, 0.51248538, 0.43173048, 0.64855015, 0.51697129)
(0.51006013, 0.65185428, 0.48801029, 0.21864305, 0.07703744, 0.71583641, 0.13930278, 0.58657175, 0.72090441, 0.41242105)
(0.56187010, 0.61763561, 0.38346326, 0.67468965, 0.53547078, 0.51493162, 0.69760764, 0.85366756, 0.63265526, 0.24023284)
(0.54493284, 0.47679266, 0.69076598, 0.62008834, 0.50074488, 0.31363916, 0.55990636, 0.64022535, 0.68499166, 0.35808346)
(0.69876277, 0.48388728, 0.71396166, 0.19080147, 0.22440262, 0.44715920, 0.38636944, 0.54047358, 0.71925795, 0.55206531)
(0.41835129, 0.65171033, 0.53644872, 0.40108219, 0.58397526, 0.74637455, 0.51040196, 0.65424287, 0.68109989, 0.57846135)
(0.85595554, 0.23072977, 0.41615939, 0.58662724, 0.37973580, 0.14442153, 0.76926351, 0.68768764, 0.44458506, 0.23610362)
(0.86335504, 0.71883243, 0.77645004, 0.26703545, 0.48558313, 0.24135628, 0.55776238, 0.58275956, 0.40358129, 0.74825358)
(0.86138338, 0.26899362, 0.35378879, 0.20799190, 0.52459669, 0.52530479, 0.78819358, 0.52851337, 0.44416761, 0.62055719)
(0.64659441, 0.65734345, 0.64969385, 0.36510506, 0.45834538, 0.48062810, 0.35644895, 0.38904104, 0.40870169, 0.73762709)
(0.73406363, 0.14078483, 0.37261105, 0.56208313, 0.18798468, 0.25207236, 0.61832875, 0.61897975, 0.67873693, 0.12869002)
(0.42139646, 0.82136267, 0.52295548, 0.19643711, 0.15592040, 0.83477896, 0.17644767, 0.72024572, 0.74703020, 0.53196818)
(0.69539446, 0.68452442, 0.68885332, 0.77194536, 0.37945795, 0.14510515, 0.36779180, 0.63392550, 0.40047500, 0.35424086)
(0.34849253, 0.61346018, 0.44605973, 0.43230405, 0.44551679, 0.85397410, 0.59761935, 0.89892000, 0.90617639, 0.22277546)
(0.80349481, 0.56678718, 0.35479283, 0.35778582, 0.02854710, 0.28639689, 0.10212000, 0.47995296, 0.34907848, 0.29336748)
(0.54022133, 0.48692316, 0.64407390, 0.38045022, 0.49430296, 0.55315012, 0.66193318, 0.76991242, 0.82592833, 0.37752321)
(0.39106393, 0.74417019, 0.75155622, 0.32506183, 0.45928571, 0.69090444, 0.38366616, 0.69072133, 0.80871063, 0.57875854)
(0.71541840, 0.51835805, 0.68587857, 0.49621132, 0.67734832, 0.29380855, 0.66781610, 0.52193213, 0.45335564, 0.63806039)
(0.47028035, 0.71810287, 0.56205237, 0.22389969, 0.42758226, 0.81034946, 0.35571548, 0.57012177, 0.67824221, 0.70351833)
(0.67518103, 0.58197212, 0.78390557, 0.83488423, 0.54165298, 0.11593643, 0.68918300, 0.84787941, 0.74074262, 0.16273825)
(0.58824116, 0.58185941, 0.52084941, 0.60488492, 0.59362578, 0.43518046, 0.70606273, 0.79305977, 0.62934250, 0.34588680)
(0.63175654, 0.82218403, 0.80915785, 0.89383703, 0.52528125, 0.13334528, 0.53740716, 0.89038110, 0.70449954, 0.16607702)
(0.72602522, 0.38860586, 0.40618110, 0.38875267, 0.76814520, 0.61137211, 0.87382406, 0.75042480, 0.61601055, 0.50210971)
(0.74235827, 0.17276765, 0.09496722, 0.23627360, 0.06165496, 0.78282785, 0.37209773, 0.55712336, 0.59616798, 0.18606381)
(0.85951924, 0.32804677, 0.24337716, 0.19150811, 0.32572308, 0.59102893, 0.71188819, 0.60371315, 0.42283988, 0.53451908)
(0.90899467, 0.33995530, 0.30285349, 0.40385678, 0.35470286, 0.27477533, 0.66655570, 0.45584249, 0.18434991, 0.54830110)
(0.47920418, 0.66717446, 0.54167247, 0.63552034, 0.81751198, 0.66930956, 0.67716503, 0.66219246, 0.56672299, 0.58336163)
(0.59908372, 0.80503076, 0.59104782, 0.67343503, 0.71875304, 0.53523690, 0.33698928, 0.36949393, 0.25527900, 0.77619976)
(0.42028001, 0.83945566, 0.75650388, 0.40198290, 0.31954059, 0.61445731, 0.19084905, 0.59065980, 0.66364706, 0.62300235)
(0.65804249, 0.37623560, 0.60077214, 0.83840996, 0.24499118, 0.09157905, 0.43610331, 0.66944760, 0.57859606, 0.11228161)
(0.96495485, 0.51018184, 0.17684494, 0.28917676, 0.08271563, 0.19643526, 0.52150160, 0.65324908, 0.11852942, 0.39435679)
(0.75010252, 0.22074480, 0.11527277, 0.43255687, 0.40370995, 0.73405695, 0.71903014, 0.58079433, 0.42930567, 0.34629726)
(0.78710932, 0.20341890, 0.64811319, 0.24203467, 0.40250012, 0.35760829, 0.60497200, 0.35114691, 0.61706299, 0.58737767)
(0.70533228, 0.32160354, 0.50914174, 0.12640701, 0.08291574, 0.66211343, 0.32713366, 0.61266172, 0.84044957, 0.33375034)
(0.87393069, 0.20808780, 0.08084491, 0.38202447, 0.06344549, 0.46782118, 0.58566397, 0.78087580, 0.42603579, 0.10475486)
(0.90065354, 0.43348244, 0.29217613, 0.47280455, 0.07108807, 0.12997854, 0.40756956, 0.67079031, 0.26130795, 0.19785275)
(0.68195319, 0.36586630, 0.36937246, 0.65841150, 0.38666040, 0.30745453, 0.60376835, 0.63930839, 0.44586134, 0.26710674)
(0.92657059, 0.75821459, 0.44415390, 0.39835268, 0.19402559, 0.19444035, 0.35913226, 0.53446913, 0.11809980, 0.65251666)
(0.59745395, 0.33205739, 0.25659749, 0.87515551, 0.18071699, 0.19446431, 0.39246705, 0.69715083, 0.47934794, 0.06738409)
(0.56545478, 0.45615092, 0.65508986, 0.36049572, 0.48984766, 0.54452807, 0.68242639, 0.77516824, 0.84107703, 0.37093395)
(0.73227394, 0.67213625, 0.21483833, 0.81792766, 0.09881547, 0.18211359, 0.23949283, 0.73099822, 0.25759074, 0.11172911)
(0.73209584, 0.84451348, 0.56145072, 0.88047338, 0.70089954, 0.23378682, 0.77888608, 0.93001533, 0.52444822, 0.20490021)
(0.70770437, 0.45377398, 0.56250668, 0.46105009, 0.82102734, 0.58710444, 0.68080962, 0.32630789, 0.37544394, 0.79196614)
(0.81012768, 0.57134312, 0.38060400, 0.69764936, 0.21019566, 0.14399843, 0.69698471, 0.92122686, 0.55072767, 0.09452106)
(0.47608039, 0.37633574, 0.20008247, 0.61302549, 0.56668967, 0.84726894, 0.34238365, 0.22438534, 0.30355939, 0.59740835)
(0.88367182, 0.27254015, 0.43416873, 0.18367337, 0.06874466, 0.23991185, 0.39864519, 0.54262346, 0.50373256, 0.33939752)
(0.71855658, 0.09798566, 0.36874792, 0.55828351, 0.51921535, 0.42020443, 0.82829243, 0.62066460, 0.74244553, 0.19982161)
(0.75147611, 0.33913717, 0.52008480, 0.16768819, 0.39464200, 0.75487608, 0.30638564, 0.12979640, 0.46869776, 0.84837937)
(0.82970601, 0.85943341, 0.50751090, 0.74534631, 0.35636529, 0.17130497, 0.45132393, 0.78914875, 0.21357782, 0.39676428)
(0.35814399, 0.63049042, 0.50524598, 0.61450601, 0.53086203, 0.67291129, 0.25436163, 0.36288744, 0.45741236, 0.60908163)
(0.84354299, 0.42534137, 0.41609490, 0.28232649, 0.40240961, 0.38170713, 0.64505643, 0.52406698, 0.33727261, 0.61505878)
(0.81770402, 0.45701101, 0.10934313, 0.43018135, 0.61881930, 0.87182623, 0.57856357, 0.25482908, 0.11885986, 0.79239649)
(0.69803917, 0.25722510, 0.54810143, 0.26879704, 0.35850897, 0.50427920, 0.46718273, 0.28801632, 0.55217957, 0.62201387)
(0.38698804, 0.75142324, 0.56833935, 0.62450814, 0.45603001, 0.60733277, 0.42390120, 0.80448776, 0.71790111, 0.33435035)
(0.62740958, 0.40915212, 0.63921720, 0.38128158, 0.34180877, 0.40999928, 0.58406979, 0.70577669, 0.77580106, 0.33586970)
(0.88707107, 0.67120862, 0.52825063, 0.88364440, 0.45432916, 0.06700782, 0.54241765, 0.67042917, 0.14574637, 0.30943742)
(0.74722934, 0.12894566, 0.23899201, 0.59208393, 0.18256229, 0.32653680, 0.54200345, 0.46450010, 0.47460204, 0.17673033)
(0.43651399, 0.60679865, 0.61720127, 0.91185713, 0.56118500, 0.25517824, 0.38485581, 0.63892692, 0.57381177, 0.20871840)
(0.64855111, 0.35794345, 0.43246976, 0.20154284, 0.27135304, 0.68536079, 0.61369610, 0.75310105, 0.80514681, 0.35078984)
(0.44908953, 0.39072084, 0.71634787, 0.58940506, 0.74267650, 0.55756629, 0.64313287, 0.53090000, 0.77321327, 0.49731481)
(0.86049646, 0.45412436, 0.34917766, 0.59373331, 0.29573587, 0.35315615, 0.17766429, 0.09043209, 0.07249251, 0.75171912)
(0.85642016, 0.55124277, 0.50270176, 0.36211324, 0.43483981, 0.28607571, 0.61785549, 0.56161898, 0.28576943, 0.62908524)
(0.75901562, 0.70164090, 0.70946467, 0.53116518, 0.51707703, 0.21598494, 0.63919157, 0.76472056, 0.51139349, 0.47640121)
(0.78858340, 0.51889187, 0.40219128, 0.15485482, 0.34717071, 0.63292497, 0.62310708, 0.64177078, 0.51884478, 0.63956779)
(0.69615513, 0.27678239, 0.46047446, 0.33386612, 0.54203951, 0.51620996, 0.77810109, 0.67672247, 0.68723899, 0.41609472)
(0.72941512, 0.41039023, 0.74712306, 0.09989467, 0.21146533, 0.72548991, 0.15763368, 0.12384849, 0.67103946, 0.85108978)
(0.78928411, 0.70084703, 0.25042567, 0.78450656, 0.28974178, 0.25324285, 0.73061305, 0.94327134, 0.47939193, 0.09300252)
(0.82858860, 0.15541771, 0.13380516, 0.32739711, 0.15259178, 0.56571305, 0.62325537, 0.58806032, 0.47913963, 0.23065224)
(0.62462699, 0.42708588, 0.36295670, 0.48689049, 0.56354445, 0.66434598, 0.46894908, 0.31451660, 0.34279051, 0.65532762)
(0.71228623, 0.33346403, 0.22417453, 0.50115687, 0.49448910, 0.58493227, 0.74968034, 0.69538248, 0.48497722, 0.33504635)
(0.69261533, 0.49434024, 0.46303895, 0.55364019, 0.16717392, 0.28843832, 0.60226005, 0.89781213, 0.77588069, 0.10434061)
(0.53860289, 0.39730081, 0.41581970, 0.40534264, 0.35836282, 0.59927541, 0.59919667, 0.72891146, 0.72613388, 0.30890244)
(0.80975991, 0.58054596, 0.69709808, 0.21288010, 0.34878576, 0.38821030, 0.38105062, 0.36441392, 0.41026300, 0.76938057)
(0.54471523, 0.45964471, 0.44692743, 0.77556723, 0.84802526, 0.56656832, 0.66954088, 0.46850222, 0.39177135, 0.53087664)
(0.68981314, 0.67916942, 0.84268826, 0.50306368, 0.73433524, 0.27186868, 0.69465804, 0.67776370, 0.64938325, 0.63068897)
(0.65621400, 0.30134001, 0.57172680, 0.38002086, 0.40857306, 0.38853556, 0.57295674, 0.48618844, 0.60727519, 0.46997857)
(0.83012605, 0.51879615, 0.55521947, 0.47357574, 0.63501590, 0.39866892, 0.37846094, 0.14241028, 0.13372867, 0.86020559)
(0.40015984, 0.54134101, 0.64549679, 0.60138571, 0.69477737, 0.62730128, 0.63650131, 0.72876722, 0.80381966, 0.39822930)
(0.61949766, 0.67284977, 0.84654641, 0.34831056, 0.63081396, 0.47384292, 0.32812798, 0.26425782, 0.52234077, 0.84973747)
(0.91041774, 0.26899460, 0.20494406, 0.43742529, 0.05166626, 0.16729498, 0.44126517, 0.64111304, 0.29347578, 0.14766249)
(0.71771061, 0.68317217, 0.69456315, 0.25713542, 0.32065138, 0.48312998, 0.27669930, 0.37142730, 0.43953314, 0.76069713)
(0.63057971, 0.61233330, 0.31809780, 0.57075858, 0.05033556, 0.31771475, 0.25438628, 0.85699928, 0.64768219, 0.09022912)
(0.78649229, 0.53750968, 0.11794087, 0.54454619, 0.33144894, 0.56183898, 0.72902846, 0.83799899, 0.33940262, 0.24525966)
(0.83164102, 0.71160352, 0.52316433, 0.25525782, 0.41048732, 0.46284896, 0.51652497, 0.56596571, 0.31150430, 0.74954218)
(0.71402317, 0.55600727, 0.77522862, 0.51057267, 0.54896182, 0.21579474, 0.45695525, 0.40600759, 0.42233181, 0.65908629)
(0.54665965, 0.36281812, 0.31271932, 0.53027314, 0.30982792, 0.57884014, 0.58686489, 0.74801987, 0.68318081, 0.21108353)
(0.81697893, 0.44890755, 0.80349451, 0.56559944, 0.30741739, 0.08337706, 0.42504770, 0.48225811, 0.46786526, 0.42519519)
(0.61401594, 0.23158643, 0.10150914, 0.26735055, 0.08667556, 0.86982197, 0.32161719, 0.56136644, 0.65560752, 0.21170647)
(0.89820302, 0.68226403, 0.53530967, 0.12823059, 0.26652932, 0.55569887, 0.34906074, 0.35405016, 0.26779488, 0.85123384)
(0.83398598, 0.51542228, 0.21659151, 0.25808412, 0.32125250, 0.59051877, 0.74814105, 0.81035423, 0.45219252, 0.41391742)
(0.42467901, 0.57301515, 0.54134542, 0.30549160, 0.37734756, 0.75809819, 0.51832885, 0.79489058, 0.84929234, 0.37497166)
(0.71448320, 0.57763129, 0.57007998, 0.54137194, 0.73362750, 0.38206875, 0.72359449, 0.58870190, 0.39473602, 0.62711626)
(0.82370353, 0.53344351, 0.41969910, 0.10406686, 0.31171456, 0.66960776, 0.60141146, 0.61759245, 0.52872413, 0.70070034)
(0.69093108, 0.42876646, 0.45460457, 0.25477377, 0.44236696, 0.58167541, 0.75936085, 0.80995041, 0.74443609, 0.38796845)
(0.70174217, 0.34771016, 0.18873270, 0.22017184, 0.11379375, 0.74821687, 0.32030889, 0.48383158, 0.50522923, 0.39457569)
(0.68631929, 0.60490471, 0.79666483, 0.15039736, 0.54144150, 0.59314924, 0.54432464, 0.52832073, 0.73024917, 0.77887625)
(0.81569666, 0.26738566, 0.13537283, 0.24496858, 0.04885117, 0.66425067, 0.19947708, 0.31074923, 0.31993398, 0.36873814)
(0.84953541, 0.32207462, 0.22754696, 0.40337610, 0.47692841, 0.43258268, 0.85994625, 0.80929178, 0.47135273, 0.30904377)
(0.92177856, 0.47128239, 0.35822347, 0.29296836, 0.10480269, 0.18429308, 0.40330246, 0.54765022, 0.22804718, 0.43044117)
(0.92275602, 0.58689058, 0.52514285, 0.66953772, 0.66379720, 0.11521157, 0.82411110, 0.72717059, 0.19286764, 0.49618226)
(0.58958161, 0.69458437, 0.70518291, 0.19125141, 0.65223807, 0.73613042, 0.59981441, 0.62606150, 0.71009612, 0.76985246)
(0.32337531, 0.44109181, 0.34528100, 0.83153284, 0.62322277, 0.62560004, 0.30349529, 0.30451784, 0.38751742, 0.43339589)
(0.41616821, 0.49619651, 0.27122226, 0.95128810, 0.84931666, 0.55040556, 0.47658548, 0.37746897, 0.24549425, 0.36892572)
(0.48303822, 0.37863213, 0.64665580, 0.36745352, 0.25163385, 0.57391006, 0.47641107, 0.71634567, 0.88868105, 0.25388533)
(0.66822797, 0.38796121, 0.75136429, 0.65099466, 0.71704024, 0.22801626, 0.74748522, 0.60980874, 0.65220070, 0.43286136)
(0.64146507, 0.64318562, 0.65007305, 0.29992139, 0.55187213, 0.51548827, 0.67271465, 0.75412303, 0.68521839, 0.56678575)
(0.58446431, 0.48483357, 0.77855110, 0.49579033, 0.80073392, 0.53598142, 0.51246244, 0.25856623, 0.54576766, 0.79836404)
(0.72568887, 0.54446429, 0.36977607, 0.88332158, 0.74418586, 0.26293910, 0.90202415, 0.92158514, 0.58435249, 0.11520517)
(0.72595352, 0.66777658, 0.22730918, 0.90933931, 0.62908882, 0.31024796, 0.58694643, 0.64828467, 0.14502953, 0.31052375)
(0.80187380, 0.40955997, 0.33432770, 0.66255254, 0.13557565, 0.13481590, 0.61318350, 0.85991424, 0.53539276, 0.08384241)
(0.66057980, 0.85460025, 0.60309166, 0.60468954, 0.72589225, 0.62982970, 0.18356249, 0.17618960, 0.14176266, 0.90292805)
(0.87678653, 0.57082063, 0.42486477, 0.37817445, 0.17041515, 0.17837074, 0.68141305, 0.89305967, 0.52534419, 0.20648134)
(0.47741526, 0.51900023, 0.33941725, 0.94771969, 0.94787431, 0.65100402, 0.78532070, 0.65630198, 0.43253553, 0.29894111)
(0.73360336, 0.45634705, 0.53995031, 0.54734117, 0.87448156, 0.58719659, 0.66483188, 0.25215930, 0.27905846, 0.82620132)
(0.65790981, 0.77095586, 0.49393809, 0.67744309, 0.83606917, 0.69441444, 0.27901873, 0.13924095, 0.11631853, 0.90756738)
(0.81325221, 0.38574338, 0.25436041, 0.66155618, 0.11850365, 0.15757523, 0.46851754, 0.70808434, 0.32654601, 0.13260619)
(0.53815049, 0.17668143, 0.28342623, 0.87415433, 0.90666652, 0.74289310, 0.64372003, 0.18809430, 0.34321442, 0.51960713)
(0.63679165, 0.45480150, 0.30722874, 0.24267992, 0.22273655, 0.74182940, 0.64012992, 0.87517250, 0.81533784, 0.22342527)
(0.75194687, 0.11559869, 0.27014849, 0.51078171, 0.13672282, 0.34858075, 0.63031483, 0.69093460, 0.72665334, 0.09361867)
(0.86172700, 0.45094514, 0.31222472, 0.55774415, 0.12663449, 0.13805179, 0.50955945, 0.73504603, 0.31322184, 0.18551663)
(0.92422217, 0.32715937, 0.19487529, 0.38780341, 0.13369428, 0.20169035, 0.66818035, 0.73970199, 0.27673912, 0.22646691)
(0.17487934, 0.80188924, 0.83964294, 0.45972955, 0.20187946, 0.82835835, 0.04333636, 0.35955143, 0.88500983, 0.54459327)
(0.67638582, 0.40726215, 0.87902856, 0.39680475, 0.47280791, 0.24614175, 0.36920345, 0.28040919, 0.65465426, 0.67306614)
(0.65823847, 0.83931845, 0.51764745, 0.76330549, 0.70952398, 0.46202815, 0.50039321, 0.63518888, 0.28021437, 0.60906380)
(0.78527576, 0.22228241, 0.46380484, 0.40573716, 0.23126705, 0.26037526, 0.59103280, 0.57726109, 0.58048224, 0.28116316)
(0.89635307, 0.33355680, 0.29351988, 0.20658408, 0.06008826, 0.39995247, 0.18504672, 0.23571096, 0.22687335, 0.55356026)
(0.74512029, 0.67553872, 0.52727675, 0.85441178, 0.80278963, 0.26922083, 0.64114839, 0.54661012, 0.21409957, 0.54307002)
(0.73459899, 0.25420538, 0.09368057, 0.74027026, 0.34879124, 0.53421760, 0.68631130, 0.67401940, 0.33495295, 0.15898305)
(0.83271867, 0.23761231, 0.56100571, 0.58162445, 0.27842310, 0.10588273, 0.72493571, 0.73415542, 0.62292081, 0.16158235)
(0.83353984, 0.64181930, 0.63169724, 0.16490085, 0.15472509, 0.48527685, 0.18744427, 0.28752527, 0.36206111, 0.77109587)
(0.83092630, 0.84333324, 0.34166580, 0.64578527, 0.55522186, 0.34257779, 0.79942566, 0.92329341, 0.35232863, 0.33241907)
(0.56082350, 0.44582731, 0.24598615, 0.93615294, 0.81292522, 0.43461215, 0.67240238, 0.56844777, 0.28253481, 0.25102320)
(0.78645235, 0.77187204, 0.47220317, 0.29792708, 0.36804646, 0.66529876, 0.23711365, 0.30488980, 0.20632641, 0.84360218)
(0.71761209, 0.34702989, 0.39937285, 0.57795835, 0.53705430, 0.38549122, 0.83900225, 0.85444605, 0.70193499, 0.19668284)
(0.90139526, 0.29418182, 0.28362760, 0.64563763, 0.11843605, 0.11274686, 0.42353153, 0.46643516, 0.16877133, 0.22769132)
(0.69617653, 0.43700644, 0.26784360, 0.74779356, 0.81509727, 0.63552582, 0.63702786, 0.31301719, 0.18665878, 0.66217887)
(0.76253378, 0.43507528, 0.17027944, 0.28695410, 0.37659976, 0.74461955, 0.65536755, 0.63312048, 0.39373550, 0.51482779)
(0.73663664, 0.43416962, 0.74083358, 0.45029637, 0.56899202, 0.23247394, 0.63239270, 0.51398093, 0.54153585, 0.57257193)
(0.45695186, 0.75484848, 0.49042535, 0.52606004, 0.38585696, 0.66260558, 0.49675068, 0.87646216, 0.75204909, 0.28197730)
(0.63353664, 0.16232309, 0.18371411, 0.90632296, 0.92211843, 0.69086879, 0.79436225, 0.31356880, 0.30353194, 0.38555217)
(0.57217371, 0.51488668, 0.61743832, 0.33989057, 0.58141822, 0.59368163, 0.71418679, 0.77637684, 0.79083169, 0.45515200)
(0.83983147, 0.44249016, 0.40425760, 0.18839362, 0.55495912, 0.56864041, 0.80069661, 0.66858649, 0.49093750, 0.64664698)
(0.63441247, 0.57233870, 0.42318672, 0.74297136, 0.10156728, 0.16090824, 0.18139708, 0.57657176, 0.38630483, 0.17002897)
(0.71628314, 0.21698634, 0.07273875, 0.51133418, 0.10699538, 0.69780159, 0.52184135, 0.74010408, 0.53494596, 0.10096622)
(0.49239206, 0.82005930, 0.42420259, 0.45283920, 0.60074800, 0.86172432, 0.23151134, 0.33326343, 0.29262924, 0.82981336)
(0.65335166, 0.39273545, 0.82563227, 0.25359228, 0.35568297, 0.40257421, 0.35314491, 0.31008148, 0.71590900, 0.66928470)
(0.73863816, 0.35945547, 0.21671440, 0.63819265, 0.23576923, 0.33965161, 0.59679186, 0.72646338, 0.40714189, 0.17943841)
(0.85149968, 0.56570995, 0.38818529, 0.36971629, 0.35717016, 0.37757027, 0.51811939, 0.46701941, 0.20790800, 0.66562825)
(0.68001449, 0.25091755, 0.76711965, 0.19265564, 0.35151267, 0.57013839, 0.30907813, 0.15157381, 0.70211023, 0.75841361)
(0.47223103, 0.55217409, 0.72993994, 0.39685139, 0.76061219, 0.68202394, 0.64942348, 0.59481925, 0.76968145, 0.65493482)
(0.73324031, 0.66893572, 0.29518303, 0.30872953, 0.57579887, 0.74139810, 0.68908441, 0.68825936, 0.38944411, 0.66185212)
(0.65750426, 0.48963261, 0.34149709, 0.41059497, 0.24167314, 0.52196521, 0.45817867, 0.65288264, 0.50131911, 0.35965440)
(0.71767116, 0.65005511, 0.64473951, 0.27871948, 0.38005757, 0.47268903, 0.51350641, 0.66668385, 0.60398346, 0.58015674)
(0.89107919, 0.29018936, 0.40739509, 0.45911166, 0.31300369, 0.15312512, 0.72319949, 0.65062213, 0.35776821, 0.32591027)
(0.54017425, 0.40207160, 0.46042520, 0.50360715, 0.28478107, 0.50566489, 0.47627398, 0.67043602, 0.69231927, 0.27232271)
(0.41494215, 0.40879235, 0.44457936, 0.84551477, 0.78250879, 0.55889434, 0.39704674, 0.24813296, 0.34285420, 0.55026650)
(0.56694722, 0.64394534, 0.35138911, 0.93771166, 0.38343811, 0.21486500, 0.35941973, 0.73291188, 0.37196395, 0.12031641)
(0.87217611, 0.23201522, 0.29536480, 0.06461503, 0.06182999, 0.63009906, 0.49024960, 0.65087044, 0.72256213, 0.35585657)
(0.71062160, 0.43811160, 0.56743258, 0.32827494, 0.53718340, 0.44251794, 0.72453499, 0.68372053, 0.63011587, 0.50645965)
(0.87123257, 0.63802612, 0.21116380, 0.54475850, 0.47326323, 0.32342827, 0.82632887, 0.87026674, 0.26647621, 0.33375582)
(0.80600274, 0.22203645, 0.45875305, 0.12316965, 0.27831006, 0.58529490, 0.58113569, 0.39949676, 0.61894083, 0.61271214)
(0.81845349, 0.38196036, 0.58235371, 0.22196773, 0.13171512, 0.30193177, 0.39686534, 0.55465788, 0.58856601, 0.42088360)
(0.90777695, 0.37273380, 0.41316906, 0.44253185, 0.24520572, 0.16339144, 0.54696906, 0.44501153, 0.20135798, 0.48144549)
(0.79433560, 0.75140607, 0.25770211, 0.83492482, 0.48133069, 0.26831552, 0.76709044, 0.91785741, 0.35008338, 0.15492670)
(0.53677535, 0.58033711, 0.55212677, 0.96491510, 0.86209947, 0.25817776, 0.80639768, 0.85902220, 0.64414078, 0.10932720)
(0.55119032, 0.21692148, 0.45808393, 0.87608927, 0.45705763, 0.21826939, 0.46986884, 0.43990046, 0.50763172, 0.16798751)
(0.76758546, 0.18356273, 0.37713221, 0.46074596, 0.25191152, 0.28080180, 0.64511096, 0.58879071, 0.57317048, 0.23547171)
(0.37558499, 0.75064015, 0.74368525, 0.58237571, 0.49159959, 0.54582077, 0.34903699, 0.67767608, 0.73945719, 0.46976423)
(0.79864794, 0.42474395, 0.59778613, 0.31320047, 0.29327220, 0.27368513, 0.46760306, 0.44799435, 0.42486235, 0.56964409)
(0.65126884, 0.26909924, 0.15083162, 0.90284187, 0.21513748, 0.25929219, 0.62506551, 0.84350514, 0.55705070, 0.03270411)
(0.63165188, 0.64061111, 0.66085106, 0.44081718, 0.48969355, 0.51322925, 0.20453423, 0.19294283, 0.30774215, 0.81323600)
(0.76919454, 0.65964657, 0.61553580, 0.23672521, 0.32407451, 0.47196853, 0.34650400, 0.41225591, 0.37777016, 0.75708973)
(0.71677935, 0.45512652, 0.58117491, 0.89738810, 0.78131431, 0.18130901, 0.92182285, 0.93028939, 0.77016175, 0.08765091)
(0.66052908, 0.88627845, 0.60449052, 0.61633223, 0.70055008, 0.48054010, 0.67863613, 0.86037701, 0.51664680, 0.52580059)
(0.49510127, 0.27026069, 0.22665685, 0.68913388, 0.71455407, 0.79618770, 0.62604797, 0.42285424, 0.49103498, 0.42178234)
(0.59039533, 0.49367741, 0.51930487, 0.26490763, 0.28843737, 0.58965623, 0.54601103, 0.75464356, 0.76009977, 0.38223314)
(0.60603201, 0.68757093, 0.84616143, 0.26308998, 0.23092060, 0.43106678, 0.23762031, 0.53198457, 0.76216793, 0.59386528)
(0.71756482, 0.80229908, 0.55084378, 0.34001836, 0.33412811, 0.71258569, 0.08214208, 0.14547984, 0.17744382, 0.88724512)
(0.62009227, 0.38033405, 0.85369015, 0.42307580, 0.73002517, 0.39043152, 0.68451524, 0.48804680, 0.79793161, 0.61419886)
(0.28170100, 0.77075845, 0.75810057, 0.33046374, 0.16771217, 0.80681688, 0.06230687, 0.35972992, 0.81191301, 0.60330635)
(0.40951538, 0.64478779, 0.43590027, 0.37724906, 0.23316544, 0.70717573, 0.28516865, 0.67044836, 0.66929567, 0.40367046)
(0.62623125, 0.49083784, 0.65130544, 0.11318462, 0.47839880, 0.84889644, 0.39789289, 0.31657568, 0.75930965, 0.82673645)
(0.76376247, 0.77906781, 0.60838604, 0.84674996, 0.45968542, 0.13452153, 0.61811751, 0.87743640, 0.45636135, 0.20155530)
(0.80101669, 0.76593643, 0.65811044, 0.62121356, 0.27549052, 0.15418679, 0.38314363, 0.70693642, 0.34575480, 0.41101825)
(0.53551495, 0.48972219, 0.66263878, 0.24456199, 0.54146540, 0.65337354, 0.57455832, 0.58041680, 0.75102431, 0.62695467)
(0.70192248, 0.54602468, 0.28517815, 0.84579861, 0.09379219, 0.11392777, 0.36582258, 0.84898579, 0.46803921, 0.05096098)
(0.63231456, 0.74785846, 0.90705472, 0.44094551, 0.70627350, 0.37081632, 0.31040031, 0.26604238, 0.52118713, 0.86396950)
(0.49141100, 0.37143102, 0.23442940, 0.61420882, 0.63629401, 0.77675849, 0.61591101, 0.53006804, 0.49133962, 0.42380810)
(0.83353800, 0.43379670, 0.85232085, 0.08053954, 0.27764899, 0.38070846, 0.58222651, 0.63777894, 0.85299760, 0.62104464)
(0.69159788, 0.39293706, 0.38813040, 0.72336751, 0.05883170, 0.12192171, 0.18836141, 0.56082439, 0.43990457, 0.10608023)
(0.72161049, 0.23424794, 0.68601602, 0.50235236, 0.54643041, 0.25330943, 0.74617589, 0.59742272, 0.72430962, 0.34904245)
(0.60964972, 0.39606184, 0.10122474, 0.59728229, 0.28889269, 0.76014471, 0.65686321, 0.84469718, 0.58388436, 0.13304174)
(0.66179442, 0.27417237, 0.21497819, 0.86600953, 0.16466494, 0.17852682, 0.38464692, 0.61275816, 0.37216011, 0.07805990)
(0.67758304, 0.46242416, 0.31022170, 0.46300194, 0.30903742, 0.47202292, 0.58231550, 0.71178728, 0.48551905, 0.32431710)
(0.81048834, 0.44645229, 0.21445255, 0.43146881, 0.14286192, 0.36184070, 0.66845220, 0.89244944, 0.56320959, 0.13096863)
(0.73668343, 0.24072230, 0.44052050, 0.51739371, 0.73188192, 0.42894211, 0.82626611, 0.54545122, 0.51813889, 0.48455968)
(0.69530445, 0.32219443, 0.67952275, 0.33921728, 0.46967271, 0.36620015, 0.69558585, 0.64935941, 0.75899684, 0.42140675)
(0.65346187, 0.76511467, 0.67136383, 0.68530619, 0.51492167, 0.31266841, 0.19736828, 0.29182470, 0.22514741, 0.73127782)
(0.77203274, 0.51733088, 0.44411623, 0.49017146, 0.69878906, 0.41063839, 0.81080717, 0.71319473, 0.42697626, 0.52275741)
(0.47306949, 0.64677405, 0.55296558, 0.49944052, 0.68170959, 0.68436611, 0.56481063, 0.60979724, 0.59560692, 0.60829395)
(0.65866184, 0.33173493, 0.26044571, 0.64555550, 0.64287341, 0.54242373, 0.76333904, 0.63085037, 0.44166961, 0.35800251)
(0.62844241, 0.77859259, 0.62023056, 0.58778977, 0.52609640, 0.37899607, 0.63568908, 0.85991311, 0.62381303, 0.37466189)
(0.72475392, 0.48475456, 0.51892656, 0.32434374, 0.57779616, 0.49199748, 0.64143491, 0.49637920, 0.43172115, 0.68156624)
(0.62366956, 0.56940341, 0.73531789, 0.52030134, 0.67419130, 0.35297227, 0.53409618, 0.43084726, 0.47993103, 0.68567950)
(0.55525064, 0.22417857, 0.32380795, 0.68763191, 0.66083992, 0.65950066, 0.43532977, 0.16714761, 0.32669786, 0.58244509)
(0.61792797, 0.35087553, 0.54283512, 0.17563410, 0.24766989, 0.69381863, 0.51737958, 0.66298819, 0.84395200, 0.40401918)
(0.58191532, 0.23673989, 0.18215279, 0.71059787, 0.27884501, 0.51573884, 0.55833822, 0.64580160, 0.54230559, 0.14003371)
(0.54462713, 0.67134190, 0.71997583, 0.59686470, 0.49878976, 0.33838359, 0.46773085, 0.65458238, 0.60845846, 0.47091687)
(0.69087440, 0.43758246, 0.57030988, 0.31080776, 0.61724877, 0.55160242, 0.60707253, 0.40081054, 0.48005122, 0.72714692)
(0.82843697, 0.53032362, 0.51421160, 0.30813792, 0.68330628, 0.59140223, 0.53078967, 0.20657904, 0.21516632, 0.88244140)
(0.82501101, 0.18116942, 0.41910627, 0.41370010, 0.77363545, 0.42877215, 0.91955638, 0.69273436, 0.62271565, 0.42569900)
(0.87034184, 0.24067642, 0.28060034, 0.18014616, 0.25199330, 0.66559058, 0.40291163, 0.17043796, 0.28177992, 0.73705548)
(0.81126702, 0.35606396, 0.09140649, 0.74188262, 0.40893021, 0.49596339, 0.63765901, 0.52438301, 0.13403438, 0.33325207)
(0.77551073, 0.57843429, 0.54262298, 0.42485714, 0.14386897, 0.23196965, 0.32013613, 0.61591971, 0.42936790, 0.36829790)
(0.80698645, 0.40846986, 0.61144090, 0.46090066, 0.37978309, 0.17706428, 0.64019996, 0.63845277, 0.48191547, 0.40229413)
(0.60788995, 0.50824624, 0.58795416, 0.61040330, 0.75526476, 0.42744443, 0.71743983, 0.59272826, 0.51483881, 0.54761147)
(0.60663509, 0.92376810, 0.61275411, 0.67373800, 0.16881296, 0.30980030, 0.22638291, 0.86980230, 0.53305012, 0.28088292)
(0.89536047, 0.39253545, 0.09558712, 0.67974705, 0.22970672, 0.26662943, 0.76088375, 0.83465058, 0.21763203, 0.14145957)
(0.51027030, 0.50705940, 0.43819213, 0.18936817, 0.19758013, 0.78958488, 0.31084520, 0.58147520, 0.75126952, 0.48752552)
(0.63623953, 0.60485166, 0.91985214, 0.39924172, 0.69671202, 0.32044703, 0.51206803, 0.41082889, 0.73045349, 0.75090718)
(0.70203549, 0.31908557, 0.57635593, 0.42241803, 0.41829774, 0.35498434, 0.71977544, 0.73505026, 0.74538493, 0.29590020)
(0.40143457, 0.46970582, 0.25620255, 0.95378858, 0.76029193, 0.46935421, 0.40940517, 0.38988489, 0.25814533, 0.29268089)
(0.37355161, 0.46918687, 0.29858708, 0.89627749, 0.67777848, 0.53324240, 0.34409308, 0.33036605, 0.29041743, 0.39851764)
(0.70431262, 0.67913437, 0.66831923, 0.60782397, 0.84566087, 0.42656642, 0.66237396, 0.46030292, 0.33529916, 0.76749539)
(0.70238656, 0.43150258, 0.65952379, 0.27830762, 0.74666113, 0.64994609, 0.61686611, 0.28607899, 0.52152628, 0.83547354)
(0.63000149, 0.39290524, 0.27937883, 0.73630571, 0.68476140, 0.50088882, 0.76683652, 0.68302655, 0.44051087, 0.30968595)
(0.79782802, 0.13395800, 0.15124963, 0.33163595, 0.28082150, 0.63659567, 0.74052280, 0.60427094, 0.56624478, 0.26482165)
(0.71148181, 0.56216723, 0.42158642, 0.45009482, 0.33255535, 0.40149072, 0.56616712, 0.72569394, 0.47901782, 0.38464701)
(0.35245287, 0.44536904, 0.38930902, 0.84658211, 0.62092048, 0.56882083, 0.50756723, 0.64886552, 0.63720733, 0.21720627)
(0.83253753, 0.20463254, 0.24069645, 0.64322478, 0.23505476, 0.21289913, 0.78176826, 0.82710326, 0.56276405, 0.09176783)
(0.61539227, 0.32013693, 0.43890923, 0.73216867, 0.32737759, 0.28064311, 0.64664841, 0.77503520, 0.70387661, 0.11984085)
(0.39604124, 0.44579288, 0.36670607, 0.58657503, 0.37918654, 0.69146746, 0.50696242, 0.74032164, 0.74472004, 0.23619109)
(0.64111024, 0.58166260, 0.85112411, 0.31239194, 0.62624347, 0.39711207, 0.64557952, 0.63846171, 0.78901577, 0.62879282)
(0.74045610, 0.26397291, 0.34542456, 0.29804569, 0.28820229, 0.48376462, 0.62605900, 0.58790141, 0.56391841, 0.38668835)
(0.68691134, 0.28819355, 0.69219869, 0.74701047, 0.66635007, 0.18403520, 0.65105200, 0.45189235, 0.52857238, 0.38794035)
(0.56151795, 0.62259686, 0.76011127, 0.49505419, 0.49042925, 0.39159390, 0.45900714, 0.60096127, 0.66934878, 0.52309167)
(0.74052382, 0.34686014, 0.76168472, 0.26689583, 0.60409975, 0.37357795, 0.69621646, 0.49840793, 0.69185197, 0.63952392)
(0.44860151, 0.63821006, 0.67505240, 0.44386926, 0.29247260, 0.54467696, 0.25042519, 0.51657927, 0.66880178, 0.50316978)
(0.69693917, 0.18131116, 0.16880029, 0.80525941, 0.16825612, 0.28898579, 0.59208935, 0.74809462, 0.56783193, 0.05280936)
(0.62989062, 0.55732203, 0.72867310, 0.91898823, 0.47426307, 0.08847645, 0.44677919, 0.69165516, 0.54803258, 0.15790054)
(0.47311792, 0.60272402, 0.68797821, 0.31421226, 0.36344415, 0.60190529, 0.47129965, 0.73287171, 0.82716322, 0.42838332)
(0.80068088, 0.67237538, 0.59091282, 0.65445828, 0.89088196, 0.38043678, 0.80478716, 0.55554777, 0.26880032, 0.74572641)
(0.60669518, 0.55964392, 0.78314739, 0.28769407, 0.50804198, 0.45964280, 0.50305206, 0.52238739, 0.70344180, 0.66129917)
(0.68574727, 0.37822840, 0.44677100, 0.91347897, 0.74758118, 0.19056569, 0.85407358, 0.82881349, 0.56248569, 0.11684529)
(0.88803691, 0.12039238, 0.06209800, 0.11435027, 0.32090962, 0.94994187, 0.55375606, 0.17616622, 0.35547152, 0.69686919)
(0.70875448, 0.16510291, 0.18675692, 0.81287271, 0.87693745, 0.66692942, 0.81332839, 0.34081605, 0.30761445, 0.45284569)
(0.92066836, 0.43218479, 0.60873669, 0.47863474, 0.20703901, 0.07109949, 0.45082393, 0.44067842, 0.20962590, 0.47455898)
(0.72660601, 0.69048411, 0.76001322, 0.29798102, 0.21967417, 0.35080114, 0.24394923, 0.47620833, 0.53395241, 0.63158435)
(0.46557787, 0.67961925, 0.54166889, 0.51226068, 0.62941962, 0.65127248, 0.55882114, 0.68101281, 0.61054760, 0.54304320)
(0.71696776, 0.53675056, 0.17270972, 0.31113452, 0.71070611, 0.88636863, 0.81264055, 0.73733139, 0.48689687, 0.58716410)
(0.81140554, 0.67526972, 0.85133976, 0.72355586, 0.59957117, 0.08935169, 0.38256958, 0.39159340, 0.29817387, 0.65138263)
(0.85768920, 0.53618443, 0.74156183, 0.63055944, 0.38798818, 0.06884583, 0.70668501, 0.81354183, 0.54433733, 0.26026878)
(0.79150295, 0.44540665, 0.37032124, 0.53178090, 0.10380617, 0.16490507, 0.39959624, 0.68157458, 0.40183142, 0.18761106)
(0.89298040, 0.87528032, 0.49908116, 0.51599598, 0.21222119, 0.16841994, 0.46689826, 0.85730284, 0.24752744, 0.41481927)
(0.56497222, 0.50233626, 0.50984424, 0.37730843, 0.35876662, 0.61087656, 0.60232067, 0.80984634, 0.79683715, 0.30115098)
(0.52608049, 0.63345593, 0.79378295, 0.52784348, 0.71823168, 0.63919175, 0.16954923, 0.10140479, 0.39933506, 0.88576758)
(0.64820683, 0.75032914, 0.70347363, 0.52633369, 0.58088076, 0.35652766, 0.65897828, 0.82447290, 0.64966446, 0.45391956)
(0.50285369, 0.57141203, 0.23395802, 0.91040021, 0.63108313, 0.46259892, 0.44956857, 0.52103913, 0.23587568, 0.31143567)
(0.70834619, 0.54215866, 0.77345967, 0.76307350, 0.50402838, 0.10955160, 0.51930016, 0.61199510, 0.50610727, 0.34935665)
(0.78072935, 0.66691720, 0.43447614, 0.05834656, 0.34499481, 0.85455835, 0.55313355, 0.65579200, 0.65304583, 0.79519337)
(0.71609586, 0.64238125, 0.57805014, 0.28921294, 0.55848110, 0.53438389, 0.57235599, 0.52834857, 0.43065509, 0.74695289)
(0.51248968, 0.63878179, 0.67216510, 0.71896762, 0.55058098, 0.32602867, 0.33094087, 0.43697676, 0.43624786, 0.54047829)
(0.72823703, 0.67906576, 0.68706065, 0.33163154, 0.57118863, 0.41983396, 0.52390367, 0.49763739, 0.42013231, 0.75678086)
(0.62132555, 0.70219982, 0.56069803, 0.47246391, 0.68735009, 0.56477493, 0.76955372, 0.85097992, 0.68573636, 0.45349857)
(0.70989996, 0.49584696, 0.53702873, 0.54550201, 0.81205815, 0.45042509, 0.85395217, 0.73380953, 0.56520677, 0.51762062)
(0.64174914, 0.93043166, 0.74145114, 0.35608733, 0.71202230, 0.72368348, 0.27520344, 0.39769614, 0.29913661, 0.92454880)
(0.75498593, 0.19253130, 0.16494483, 0.61841226, 0.25070667, 0.45274040, 0.79351002, 0.85975516, 0.69116366, 0.07617091)
(0.51976728, 0.49934319, 0.40384451, 0.34438062, 0.23966679, 0.64314121, 0.40448347, 0.67407519, 0.66250271, 0.36767524)
(0.81779236, 0.53408992, 0.51045454, 0.64416087, 0.71260583, 0.21732441, 0.86024398, 0.81140983, 0.44591227, 0.38262808)
(0.89857650, 0.60053778, 0.54251009, 0.39024535, 0.37654480, 0.25704756, 0.38095957, 0.27695698, 0.12869148, 0.78896743)
(0.89613205, 0.68929011, 0.69734031, 0.18838717, 0.27291748, 0.22490419, 0.54753864, 0.69663727, 0.44027504, 0.63186121)
(0.75607294, 0.40525836, 0.47177190, 0.49988070, 0.20628574, 0.24765173, 0.66366166, 0.86071885, 0.72154778, 0.14138152)
(0.80540222, 0.68915391, 0.85713297, 0.34850881, 0.55358446, 0.27529544, 0.26976439, 0.19865498, 0.30867979, 0.88008529)
(0.88675499, 0.50354272, 0.28474456, 0.47917742, 0.19270301, 0.21064454, 0.55070692, 0.67512882, 0.22893520, 0.33372393)
(0.74330521, 0.67049348, 0.47274220, 0.41039553, 0.45697799, 0.42040139, 0.72876281, 0.86017215, 0.57906979, 0.38229045)
(0.63997418, 0.53809845, 0.60097831, 0.53500026, 0.79898399, 0.69000131, 0.30088955, 0.09233849, 0.24021597, 0.89842474)
(0.34062690, 0.41573325, 0.41500059, 0.85855079, 0.76095897, 0.63630563, 0.35274571, 0.26130852, 0.38996297, 0.50048411)
(0.67109811, 0.20830604, 0.54491353, 0.61775976, 0.38502637, 0.25583136, 0.64133346, 0.57479870, 0.67133045, 0.22896625)
(0.41489905, 0.49233913, 0.75868964, 0.68183422, 0.73194140, 0.47675571, 0.46253347, 0.39440137, 0.65451348, 0.57989049)
(0.83865911, 0.24963675, 0.66325480, 0.53266054, 0.18536671, 0.08201917, 0.57751572, 0.63143891, 0.61889350, 0.18715551)
(0.83232182, 0.20055547, 0.28405413, 0.55034089, 0.15117496, 0.17388828, 0.64847308, 0.70493728, 0.48714784, 0.12668991)
(0.93253964, 0.33499900, 0.31765434, 0.39911929, 0.36865214, 0.22888833, 0.69553274, 0.44856074, 0.15721685, 0.57021552)
(0.75112152, 0.19579060, 0.23832086, 0.68825936, 0.21739164, 0.26254472, 0.59316039, 0.62164360, 0.44719839, 0.13622612)
(0.66382551, 0.64022183, 0.66782939, 0.33708230, 0.32756934, 0.41867185, 0.55935502, 0.81243235, 0.74967992, 0.38058484)
(0.35860085, 0.49928090, 0.29819551, 0.88294733, 0.73639125, 0.64927852, 0.43448919, 0.43575504, 0.37376484, 0.37663949)
(0.78253716, 0.48641267, 0.46663392, 0.16798544, 0.51221567, 0.63130879, 0.67022598, 0.54068995, 0.48712838, 0.73450559)
(0.87507242, 0.47154784, 0.45514128, 0.49173316, 0.18188965, 0.11722120, 0.50797004, 0.64148241, 0.29433912, 0.31497931)
(0.80147666, 0.23479633, 0.31732374, 0.32698181, 0.77850747, 0.68346554, 0.90895092, 0.70208287, 0.62690330, 0.50134027)
(0.74031079, 0.47161391, 0.77948767, 0.24415107, 0.20415059, 0.30762580, 0.28804183, 0.38635224, 0.62138587, 0.59703004)
(0.57784110, 0.55956799, 0.61129808, 0.20990828, 0.19211304, 0.63622713, 0.46768126, 0.82532036, 0.87024432, 0.31258503)
(0.88130051, 0.20375359, 0.38944116, 0.46844637, 0.15286551, 0.13162041, 0.57837516, 0.53682619, 0.38188636, 0.22843908)
(0.72500122, 0.13875347, 0.07952368, 0.35356101, 0.15885854, 0.80275077, 0.62217283, 0.66472006, 0.62904048, 0.15638550)
(0.40362331, 0.62583131, 0.61650509, 0.44904602, 0.35395476, 0.63660067, 0.19891287, 0.36190495, 0.56901580, 0.62230682)
(0.89896894, 0.22212499, 0.38784957, 0.16387905, 0.07197626, 0.24575514, 0.61921406, 0.77963555, 0.68302333, 0.19393067)
(0.65975565, 0.47034338, 0.43159038, 0.37679520, 0.47553697, 0.52061176, 0.67815959, 0.70265567, 0.57958972, 0.44977430)
(0.46726924, 0.55543226, 0.60405523, 0.28714463, 0.40330842, 0.81628865, 0.17693932, 0.19367693, 0.60347390, 0.79074162)
(0.82228708, 0.49095428, 0.45197168, 0.65199935, 0.24442767, 0.11502481, 0.68365419, 0.85845363, 0.49286664, 0.14630876)
(0.80569190, 0.64962661, 0.65794873, 0.88368064, 0.61796838, 0.09373442, 0.80671167, 0.90481794, 0.57110673, 0.14217603)
(0.85842729, 0.57146144, 0.33847973, 0.38946807, 0.26735616, 0.31734270, 0.55582476, 0.66117585, 0.27328956, 0.46890676)
(0.56479710, 0.64934361, 0.27867153, 0.88706684, 0.10516692, 0.19493598, 0.29590461, 0.87929988, 0.56440580, 0.04432122)
(0.84965956, 0.22056454, 0.62614244, 0.21750030, 0.49153182, 0.31182852, 0.73080641, 0.43718538, 0.56556994, 0.60828257)
(0.91000015, 0.31519416, 0.27669123, 0.15017004, 0.20056184, 0.49127781, 0.55025876, 0.41173801, 0.29571810, 0.63092041)
(0.49485758, 0.32310936, 0.47529927, 0.52787763, 0.30661738, 0.50185674, 0.42969477, 0.51492435, 0.66730887, 0.31441861)
(0.60306787, 0.66271067, 0.93288320, 0.39617804, 0.50890690, 0.34963563, 0.14857717, 0.16721393, 0.60865808, 0.84430945)
(0.53375095, 0.46973497, 0.76323122, 0.33140814, 0.34135577, 0.52019840, 0.53963786, 0.75182599, 0.89974958, 0.33318278)
(0.57080150, 0.20948489, 0.76962912, 0.55327117, 0.74534082, 0.45840561, 0.63312238, 0.28671914, 0.74719733, 0.57293308)
(0.73304832, 0.61361700, 0.30680087, 0.43620813, 0.49203706, 0.56317621, 0.84550214, 0.93504745, 0.69815212, 0.22426498)
(0.68967527, 0.71071398, 0.63439494, 0.33263499, 0.59127313, 0.48986816, 0.60068214, 0.62646377, 0.48172417, 0.71163797)
(0.39303905, 0.57375157, 0.42446095, 0.48928618, 0.64900923, 0.80673766, 0.60916555, 0.71348989, 0.72299284, 0.46044192)
(0.75562364, 0.35049504, 0.67400998, 0.13739996, 0.49115759, 0.55106384, 0.65479052, 0.48571101, 0.69787866, 0.70095867)
(0.81367606, 0.64610177, 0.34426299, 0.25431225, 0.36570382, 0.69167840, 0.39051357, 0.36527142, 0.22417977, 0.79678756)
(0.48820585, 0.65452242, 0.42107004, 0.70853722, 0.74095297, 0.64693987, 0.37839183, 0.31047720, 0.25307009, 0.72076839)
(0.64441389, 0.59271467, 0.70626462, 0.24135979, 0.30283850, 0.50357920, 0.40215302, 0.58984369, 0.69740713, 0.57681507)
(0.48197034, 0.65359837, 0.79318261, 0.64082891, 0.63644224, 0.35356301, 0.43067506, 0.51617700, 0.61529928, 0.57594174)
(0.93622178, 0.37315241, 0.36212406, 0.24108665, 0.15514176, 0.18207374, 0.59821856, 0.60380441, 0.27826378, 0.42769426)
(0.72392917, 0.78266120, 0.44984323, 0.35373309, 0.36877969, 0.53145176, 0.55863929, 0.80613548, 0.47522926, 0.51843637)
(0.60610753, 0.49990848, 0.66159248, 0.37600285, 0.25205874, 0.37559089, 0.39051783, 0.59641910, 0.67900252, 0.41636106)
(0.79413724, 0.45603615, 0.39642918, 0.45882162, 0.60607684, 0.38235191, 0.74932790, 0.60318661, 0.33417878, 0.55528426)
(0.42523623, 0.82703698, 0.51737291, 0.64521253, 0.67010260, 0.71461207, 0.53574014, 0.79073852, 0.59607047, 0.49816605)
(0.88774079, 0.28570586, 0.28886995, 0.60292423, 0.13718051, 0.12592810, 0.51127046, 0.54321736, 0.22681901, 0.21080241)
(0.53979248, 0.64422262, 0.72035456, 0.52827156, 0.62784129, 0.40285698, 0.58264267, 0.65280980, 0.63291359, 0.55077690)
(0.62599838, 0.66752338, 0.55883747, 0.42803717, 0.82788253, 0.84388137, 0.31499812, 0.11320014, 0.25265315, 0.93075186)
(0.78527290, 0.68984038, 0.46411252, 0.62385380, 0.17801599, 0.16394383, 0.46849081, 0.83297706, 0.42340139, 0.20855799)
(0.67127192, 0.58422476, 0.68091923, 0.74965310, 0.46981838, 0.17035024, 0.40408605, 0.52039164, 0.38645014, 0.42387888)
(0.84023666, 0.29330593, 0.36205921, 0.17277816, 0.20130740, 0.70772249, 0.20953505, 0.10647175, 0.29483351, 0.79473716)
(0.78286058, 0.41765296, 0.11371374, 0.93381834, 0.85472542, 0.45657051, 0.81894761, 0.58875990, 0.11714143, 0.31164584)
(0.70432168, 0.36114961, 0.56188357, 0.26121855, 0.62266994, 0.57091188, 0.68742073, 0.46677142, 0.57683438, 0.68040311)
(0.87380260, 0.74119371, 0.71150607, 0.56584138, 0.28944615, 0.08703008, 0.56020015, 0.81940007, 0.40313247, 0.35789186)
(0.87679464, 0.63379604, 0.23855762, 0.39652422, 0.15707384, 0.30317825, 0.76140469, 0.95387220, 0.56071103, 0.12674257)
(0.59546220, 0.72901881, 0.64204443, 0.23651008, 0.54255986, 0.76836199, 0.31289479, 0.32041875, 0.48129976, 0.85919619)
(0.82966334, 0.19146451, 0.12197832, 0.41019598, 0.26748636, 0.54931730, 0.80767912, 0.79651618, 0.54809672, 0.16898824)
(0.85293317, 0.42305163, 0.38374469, 0.42033750, 0.11527672, 0.16647936, 0.44897926, 0.65398711, 0.36078471, 0.25993606)
(0.63558966, 0.49091062, 0.39772713, 0.46638340, 0.35103196, 0.48561969, 0.62726039, 0.79188240, 0.63455385, 0.28720924)
(0.62529343, 0.70254499, 0.58436221, 0.37945881, 0.50725269, 0.69324178, 0.19076304, 0.19414827, 0.29221797, 0.85189539)
(0.89648247, 0.54138762, 0.17999934, 0.64529264, 0.62276232, 0.47517186, 0.63413954, 0.33740714, 0.06013528, 0.72389954)
(0.74763829, 0.69901603, 0.63661355, 0.49468219, 0.46277687, 0.27931091, 0.57148999, 0.71485132, 0.44817489, 0.51348412)
(0.88427842, 0.47243804, 0.54997015, 0.23010327, 0.32859498, 0.26140767, 0.59542429, 0.52644527, 0.34634084, 0.63545144)
(0.60868430, 0.38814399, 0.28268757, 0.77922332, 0.30282748, 0.30169523, 0.49367931, 0.66198385, 0.42992884, 0.16539167)
(0.89150912, 0.29415399, 0.08483822, 0.49046183, 0.09566420, 0.36226392, 0.61953181, 0.77908307, 0.28309271, 0.13204865)
(0.83565921, 0.24534883, 0.23524408, 0.20675570, 0.02467667, 0.39479393, 0.28309566, 0.64472067, 0.58542573, 0.15731058)
(0.91298413, 0.56875831, 0.58173859, 0.18870115, 0.41566634, 0.30366445, 0.63058901, 0.50997871, 0.29393107, 0.76329887)
(0.48723421, 0.54647052, 0.48306093, 0.58170974, 0.52711892, 0.56392443, 0.62444246, 0.77310580, 0.69883555, 0.32173923)
(0.49924499, 0.72861969, 0.73909861, 0.64653099, 0.81443602, 0.52294844, 0.46687296, 0.40201157, 0.45822591, 0.76536089)
(0.73188871, 0.53078169, 0.84245431, 0.73027790, 0.31757933, 0.06655277, 0.39437410, 0.59648448, 0.57307339, 0.28916654)
(0.51814783, 0.30142355, 0.19606918, 0.50274122, 0.26528350, 0.76313215, 0.59035087, 0.78530443, 0.74953067, 0.15355335)
(0.59775537, 0.62364912, 0.77859193, 0.12508008, 0.42801729, 0.79454654, 0.26013264, 0.26537406, 0.73384637, 0.86552763)
(0.39610702, 0.75664210, 0.31111327, 0.66534287, 0.71506739, 0.84081924, 0.44755924, 0.56495088, 0.36166704, 0.63485998)
(0.55571598, 0.56146324, 0.52206320, 0.34470239, 0.26415136, 0.57096738, 0.46188727, 0.75538963, 0.73209596, 0.34756997)
(0.29635420, 0.43125319, 0.50158298, 0.87998146, 0.75665843, 0.62855589, 0.52449065, 0.63319606, 0.73346853, 0.22929908)
(0.81760800, 0.34892941, 0.64007503, 0.29215735, 0.11459687, 0.22707121, 0.22240151, 0.28051323, 0.42896360, 0.52441150)
(0.50175881, 0.63471419, 0.79022276, 0.47253966, 0.64814502, 0.47255865, 0.51163322, 0.53511006, 0.67749703, 0.64883173)
(0.64181274, 0.49146244, 0.58218640, 0.89176190, 0.54884970, 0.14667362, 0.69463539, 0.82138765, 0.61847204, 0.12071557)
(0.86170352, 0.60966212, 0.29862154, 0.82961637, 0.54664683, 0.17725866, 0.67384720, 0.66171640, 0.11935092, 0.37455520)
(0.80345827, 0.86465538, 0.67689633, 0.66359395, 0.40773684, 0.19743559, 0.47072557, 0.79163545, 0.35160798, 0.46416819)
(0.58706164, 0.49258915, 0.44186798, 0.77984470, 0.88903898, 0.57752293, 0.80848753, 0.65608424, 0.48382297, 0.45274931)
(0.73946565, 0.53236526, 0.43702430, 0.83801401, 0.57702357, 0.17898399, 0.72597617, 0.77367461, 0.38148999, 0.21818915)
(0.79449040, 0.63557273, 0.69907826, 0.49720192, 0.66382724, 0.23946203, 0.66660148, 0.57522672, 0.35751328, 0.67036611)
(0.77128726, 0.20564552, 0.21037439, 0.32900381, 0.10415264, 0.47945976, 0.47287884, 0.57660383, 0.51609606, 0.22249736)
(0.73664004, 0.65675724, 0.75760084, 0.32071370, 0.48044989, 0.33165833, 0.49365515, 0.54372478, 0.51496160, 0.68803155)
(0.71816438, 0.20658679, 0.39735195, 0.36789516, 0.21847595, 0.38859031, 0.55689883, 0.54906517, 0.62275612, 0.29066715)
(0.45944870, 0.82099414, 0.90055096, 0.51496172, 0.69402617, 0.46370941, 0.33938411, 0.48083004, 0.68523109, 0.76513666)
(0.94129699, 0.69568259, 0.07800732, 0.32345888, 0.02366915, 0.32734647, 0.36007112, 0.88945711, 0.19916457, 0.13475825)
(0.48365510, 0.77755117, 0.53133100, 0.57100320, 0.40526465, 0.54697675, 0.34883732, 0.66634935, 0.49008760, 0.50007015)
(0.79402626, 0.69479895, 0.49867019, 0.43630320, 0.07711086, 0.19408078, 0.23890290, 0.70899832, 0.40505999, 0.28632247)
(0.84323984, 0.32861942, 0.39355916, 0.39184517, 0.44472465, 0.31524539, 0.85843319, 0.84928507, 0.63100469, 0.25791356)
(0.84822488, 0.59324604, 0.72671074, 0.26649511, 0.55738741, 0.27677304, 0.65157640, 0.54329646, 0.42550957, 0.73533475)
(0.64728016, 0.55742496, 0.62641746, 0.52666271, 0.49387202, 0.31610534, 0.54916835, 0.60748446, 0.49914768, 0.49834266)
(0.76845413, 0.80427361, 0.59278482, 0.81721735, 0.78092486, 0.23496580, 0.79597300, 0.85110557, 0.40603057, 0.39664516)
(0.61725104, 0.33713117, 0.74721771, 0.34105882, 0.29267138, 0.39823884, 0.45985532, 0.53528148, 0.81501216, 0.39368397)
(0.95189750, 0.68938732, 0.58110666, 0.23363017, 0.05873777, 0.08201954, 0.35687390, 0.75570947, 0.30265033, 0.37422347)
(0.47721308, 0.54774195, 0.62263888, 0.61697143, 0.69499367, 0.57311827, 0.75263155, 0.84882164, 0.84095192, 0.28643680)
(0.78707844, 0.43744752, 0.70991063, 0.54810643, 0.41085520, 0.14396277, 0.79348874, 0.87850988, 0.78266424, 0.18525721)
(0.78014672, 0.46547088, 0.66815394, 0.31711456, 0.42637199, 0.29278529, 0.76202863, 0.82147253, 0.75052744, 0.35744575)
(0.57980061, 0.29381186, 0.52984172, 0.63461924, 0.41397470, 0.32538176, 0.47557542, 0.43271118, 0.53208399, 0.35764307)
(0.86121035, 0.41282415, 0.47304574, 0.62813568, 0.29125783, 0.10365644, 0.75156206, 0.85078335, 0.49828482, 0.15844409)
(0.72141105, 0.59736890, 0.57857358, 0.81763500, 0.31731647, 0.11341007, 0.50536209, 0.77925056, 0.47160786, 0.17147486)
(0.92394412, 0.59939665, 0.66337132, 0.61120969, 0.41671446, 0.06720332, 0.55487740, 0.51201892, 0.14657766, 0.57954240)
(0.75368768, 0.47465777, 0.78888130, 0.04094267, 0.26743975, 0.77164030, 0.33712026, 0.33131289, 0.83201200, 0.84502435)
(0.52933246, 0.47186503, 0.73585445, 0.48964038, 0.56903952, 0.42290395, 0.56068158, 0.55915910, 0.71881568, 0.50790590)
(0.66301966, 0.59039146, 0.40517324, 0.03653390, 0.19780751, 0.94022936, 0.38998187, 0.64793265, 0.85642368, 0.70416164)
(0.73541808, 0.36448362, 0.33959925, 0.38778311, 0.59843087, 0.57517630, 0.74103665, 0.57243234, 0.44549686, 0.54799247)
(0.72557527, 0.80419117, 0.64759332, 0.64822268, 0.76687747, 0.42346042, 0.41839784, 0.35158783, 0.19400105, 0.83289170)
(0.69194502, 0.58420902, 0.85493296, 0.70517999, 0.54934806, 0.11800188, 0.48985460, 0.56382161, 0.57232839, 0.45158437)
(0.81815743, 0.48525164, 0.48848140, 0.19555138, 0.23311695, 0.40813160, 0.55537701, 0.66266942, 0.52781713, 0.50862640)
(0.60731280, 0.68662512, 0.69297481, 0.25361380, 0.47597909, 0.55217999, 0.55774522, 0.71564251, 0.70349300, 0.60993111)
(0.79074299, 0.73272306, 0.60654515, 0.77588832, 0.43675259, 0.13301125, 0.48198846, 0.69375557, 0.27391791, 0.39063117)
(0.87483317, 0.60871959, 0.46504453, 0.45897797, 0.37734577, 0.28681174, 0.39063367, 0.32181755, 0.12192655, 0.74471211)
(0.66010869, 0.76649618, 0.76033658, 0.28114119, 0.67538506, 0.59332693, 0.46483162, 0.41525969, 0.47184762, 0.85907036)
(0.75434464, 0.58451712, 0.47370961, 0.67815226, 0.88788974, 0.54590249, 0.61743504, 0.24589434, 0.14987338, 0.84047264)
(0.85940111, 0.48440868, 0.10810015, 0.77528095, 0.48380283, 0.34942225, 0.79919523, 0.77488631, 0.15584719, 0.24530073)
(0.80516404, 0.35349306, 0.17201112, 0.45407280, 0.04328089, 0.32742143, 0.26274791, 0.59955937, 0.33590591, 0.16414335)
(0.86331189, 0.46018785, 0.30477268, 0.09985418, 0.23486438, 0.67506409, 0.61028570, 0.62863332, 0.48432943, 0.63794148)
(0.86316723, 0.25308210, 0.32267290, 0.44359031, 0.74310029, 0.38967130, 0.94393641, 0.84572172, 0.58557439, 0.32438126)
(0.77672553, 0.15121709, 0.47533524, 0.53662205, 0.48041385, 0.27253288, 0.83383685, 0.72170287, 0.73122710, 0.19575129)
(0.69302052, 0.56754810, 0.81752211, 0.74022388, 0.58634448, 0.13166235, 0.35895783, 0.35766801, 0.39417866, 0.57560730)
(0.51182967, 0.20824507, 0.32149392, 0.85696834, 0.86519098, 0.74140567, 0.41742751, 0.08885609, 0.25729963, 0.65816504)
(0.93188202, 0.60911644, 0.70792449, 0.35551426, 0.53273469, 0.16714261, 0.50001419, 0.27905589, 0.13709436, 0.84580076)
(0.71767819, 0.64200383, 0.82820445, 0.36835179, 0.56378907, 0.30617788, 0.42609113, 0.38369280, 0.48112440, 0.77225477)
(0.76387995, 0.20695248, 0.48609960, 0.44617403, 0.40682960, 0.29159850, 0.73730689, 0.62901491, 0.63246679, 0.29856321)
(0.55082321, 0.61927336, 0.48767155, 0.45180941, 0.37435654, 0.51032662, 0.48599878, 0.70448792, 0.57052982, 0.42833567)
(0.74710548, 0.69202667, 0.38131201, 0.13443622, 0.14498612, 0.82959688, 0.16904652, 0.37058604, 0.43518478, 0.75026697)
(0.73450363, 0.16397111, 0.31677848, 0.50417209, 0.25266564, 0.34303287, 0.61267716, 0.52264822, 0.54142761, 0.24042884)
(0.87060308, 0.26034084, 0.57392585, 0.13903140, 0.53016192, 0.42134008, 0.88170868, 0.77039558, 0.75541162, 0.48870730)
(0.88978422, 0.42405704, 0.48883191, 0.23035663, 0.20968787, 0.23546274, 0.53096414, 0.53492355, 0.34646711, 0.53941822)
(0.90656233, 0.39783645, 0.43360513, 0.20284076, 0.26411569, 0.29213861, 0.59727013, 0.49753916, 0.30582881, 0.61434960)
(0.81118184, 0.25007200, 0.38529900, 0.20871465, 0.45333847, 0.54384875, 0.73283064, 0.51733106, 0.53039491, 0.57339543)
(0.71037221, 0.41102514, 0.23678795, 0.67610091, 0.69147813, 0.51753408, 0.78075570, 0.64751214, 0.33685941, 0.40152988)
(0.76783401, 0.81894934, 0.50646532, 0.82959044, 0.67754954, 0.25322857, 0.61754191, 0.74207968, 0.23458675, 0.46194023)
(0.78920305, 0.32150671, 0.47810638, 0.59833854, 0.67406082, 0.24493994, 0.79473716, 0.58175290, 0.38226151, 0.45727029)
(0.91204172, 0.45390660, 0.33672678, 0.33852997, 0.07206404, 0.18298070, 0.29632518, 0.47759932, 0.20692213, 0.39460939)
(0.81895149, 0.37269974, 0.37663963, 0.21636057, 0.27371365, 0.46800575, 0.60549647, 0.59097129, 0.47259998, 0.51022428)
(0.66855705, 0.48037016, 0.23474409, 0.59734368, 0.63948202, 0.65911657, 0.61827475, 0.45542789, 0.24963379, 0.59066391)
(0.84803820, 0.27494115, 0.63095367, 0.31658870, 0.14569497, 0.22919543, 0.20930275, 0.15475568, 0.33536029, 0.60747421)
(0.41968271, 0.73317498, 0.40084097, 0.45093739, 0.70055580, 0.85773993, 0.57825994, 0.70354903, 0.61376315, 0.61105269)
(0.76231700, 0.23226364, 0.25911978, 0.31495222, 0.37708929, 0.61224043, 0.83320701, 0.83603358, 0.75575548, 0.21520278)
(0.54299098, 0.54399830, 0.50053251, 0.92501974, 0.86655879, 0.35583776, 0.66967517, 0.58748609, 0.38933340, 0.34088948)
(0.59374511, 0.89130801, 0.67650360, 0.35773665, 0.56874561, 0.70396954, 0.29926586, 0.51010633, 0.40491185, 0.83689612)
(0.70058686, 0.70689505, 0.64341223, 0.30104351, 0.44313005, 0.45532310, 0.62340617, 0.79116762, 0.64905125, 0.52942026)
(0.77658057, 0.52969354, 0.30815658, 0.85782975, 0.35589400, 0.15972060, 0.74104136, 0.89656174, 0.46261573, 0.08403417)
(0.90500706, 0.73000836, 0.15465900, 0.32060581, 0.04019398, 0.32123145, 0.40047589, 0.90593821, 0.32325000, 0.15530534)
(0.59566939, 0.51605719, 0.29550418, 0.48775128, 0.54108304, 0.83639193, 0.20253925, 0.12176759, 0.20549032, 0.81325316)
(0.49212700, 0.45180196, 0.66438431, 0.95659727, 0.89449954, 0.26167190, 0.79526162, 0.76066869, 0.70334411, 0.15518111)
(0.51111162, 0.60105455, 0.84156829, 0.44768992, 0.80415976, 0.71180975, 0.26051542, 0.11278623, 0.54512924, 0.90552795)
(0.79089373, 0.23625617, 0.52837175, 0.79307753, 0.29888573, 0.08244190, 0.56824493, 0.57733351, 0.45081091, 0.14883791)
(0.64833939, 0.60931545, 0.68809009, 0.30291396, 0.42873138, 0.44832900, 0.49603432, 0.60519212, 0.61808699, 0.60872871)
(0.79050583, 0.64422947, 0.58806771, 0.76069862, 0.76189965, 0.23162287, 0.66667026, 0.54901201, 0.22918166, 0.59352565)
(0.83878011, 0.48922306, 0.52049923, 0.32298052, 0.47154266, 0.31725031, 0.65569341, 0.54806113, 0.34941867, 0.63262206)
(0.66425908, 0.50556940, 0.20973022, 0.69560093, 0.47196534, 0.56944388, 0.38648239, 0.30330798, 0.14117539, 0.58347040)
(0.66053647, 0.53543353, 0.69108725, 0.72296977, 0.67635566, 0.24940181, 0.76183534, 0.79055595, 0.67883897, 0.30033889)
(0.78050125, 0.60626370, 0.35579026, 0.45727178, 0.30830461, 0.39124659, 0.46772936, 0.57680947, 0.26754668, 0.52119964)
(0.85816371, 0.53515732, 0.38810471, 0.46890336, 0.79972988, 0.47882348, 0.81202006, 0.50420499, 0.20559104, 0.75650644)
(0.75397253, 0.46322989, 0.47787467, 0.76483929, 0.59150565, 0.21091548, 0.88079846, 0.92313510, 0.70337546, 0.11787239)
(0.78703117, 0.52606148, 0.19363368, 0.66338450, 0.38314480, 0.35461494, 0.67069435, 0.72942287, 0.23959100, 0.30095571)
(0.86715996, 0.33943948, 0.23887691, 0.65757108, 0.10659240, 0.12965664, 0.45771220, 0.62628746, 0.23239675, 0.15093531)
(0.67436540, 0.58092916, 0.75384796, 0.13560688, 0.40889752, 0.74660569, 0.25075409, 0.20492375, 0.63062531, 0.87746543)
(0.87649351, 0.69355655, 0.79325294, 0.71596992, 0.31775513, 0.04773006, 0.45794934, 0.69626582, 0.33150050, 0.36532336)
(0.73025668, 0.70805496, 0.56195706, 0.22920531, 0.30334437, 0.51812857, 0.47361466, 0.69828409, 0.53853291, 0.60680217)
(0.72887051, 0.18180063, 0.33613938, 0.30704996, 0.24971333, 0.50010300, 0.64437807, 0.60038352, 0.67039597, 0.29041147)
(0.60345775, 0.74248666, 0.38091442, 0.31341264, 0.51254481, 0.77521193, 0.53868043, 0.68187094, 0.48875520, 0.66212189)
(0.86222059, 0.53495747, 0.18687397, 0.75636888, 0.60191309, 0.33484313, 0.68001276, 0.49367356, 0.07538239, 0.55155283)
(0.85777235, 0.24283247, 0.48314905, 0.52578783, 0.18514715, 0.10453560, 0.57463211, 0.57620025, 0.42809394, 0.22375675)
(0.43971580, 0.84031874, 0.65908653, 0.30270249, 0.50951868, 0.75788158, 0.41148484, 0.74916571, 0.71649891, 0.65033847)
(0.86555511, 0.41665962, 0.60762978, 0.38289765, 0.51269454, 0.17479871, 0.80013299, 0.73539358, 0.49174795, 0.45141301)
(0.35877326, 0.75096178, 0.42432618, 0.42802837, 0.15073371, 0.72959834, 0.19638325, 0.75028330, 0.72039759, 0.30086097)
(0.81711709, 0.53157359, 0.42094523, 0.16213888, 0.22543681, 0.54165226, 0.56312895, 0.70321357, 0.55046999, 0.52831078)
(0.72959268, 0.82929546, 0.67321879, 0.53185397, 0.55617744, 0.34249595, 0.52363151, 0.69108099, 0.38192132, 0.64499396)
(0.64324474, 0.37625158, 0.47155812, 0.72829407, 0.82734317, 0.44215047, 0.80704403, 0.61144435, 0.49289733, 0.43136302)
(0.89549536, 0.35859632, 0.69210559, 0.42307681, 0.50013083, 0.10287172, 0.76360387, 0.62076694, 0.43105665, 0.48747373)
(0.82491660, 0.53137529, 0.44413674, 0.55132693, 0.21852289, 0.15381768, 0.45776871, 0.61324149, 0.27400491, 0.35340792)
(0.67068368, 0.62505358, 0.47659805, 0.73320371, 0.44388875, 0.26653334, 0.41420659, 0.53616703, 0.27434334, 0.44566453)
(0.48241764, 0.46715859, 0.59719062, 0.58291340, 0.76162416, 0.62130880, 0.62587923, 0.51046205, 0.62085646, 0.57259214)
(0.74807554, 0.55258799, 0.40493956, 0.43439972, 0.03062155, 0.20618142, 0.16533428, 0.68576163, 0.53054005, 0.15280333)
(0.80825740, 0.34501535, 0.69972235, 0.51567870, 0.21232505, 0.09231082, 0.54183578, 0.63588959, 0.59867513, 0.24301276)
(0.71605736, 0.50591069, 0.40614295, 0.62843800, 0.67780721, 0.38547111, 0.71237051, 0.57904065, 0.30560717, 0.52796358)
(0.70933700, 0.55148375, 0.72507119, 0.26654133, 0.70772177, 0.50881696, 0.78544885, 0.71912789, 0.73047864, 0.64210910)
(0.43464163, 0.70043045, 0.67758214, 0.54662150, 0.33533850, 0.51614439, 0.34883872, 0.72968405, 0.75206900, 0.35171947)
(0.81216347, 0.27249473, 0.72078037, 0.46184984, 0.21406330, 0.10617621, 0.59989750, 0.66353828, 0.71219969, 0.21690390)
(0.88441771, 0.20990212, 0.35836864, 0.34611008, 0.55006629, 0.30013874, 0.90802121, 0.79680502, 0.57564193, 0.31927344)
(0.90068275, 0.39357010, 0.36084682, 0.54579622, 0.34787402, 0.14547883, 0.73050684, 0.68757933, 0.25429612, 0.34263757)
(0.77473140, 0.52859491, 0.19356672, 0.86793458, 0.41753080, 0.22922017, 0.69107711, 0.80782008, 0.25860327, 0.14057270)
(0.75251812, 0.14272913, 0.62206584, 0.28565896, 0.12954146, 0.29934067, 0.39393359, 0.35726187, 0.74158019, 0.31238604)
(0.71008742, 0.44240087, 0.58551967, 0.18222684, 0.40627617, 0.56343657, 0.54070699, 0.48142427, 0.59371328, 0.67942923)
(0.62374246, 0.66319871, 0.39735499, 0.19721887, 0.62692177, 0.89206696, 0.56730789, 0.55136609, 0.57180804, 0.78170735)
(0.58588916, 0.34332243, 0.58316511, 0.58408248, 0.55933851, 0.39327717, 0.70107907, 0.67997664, 0.72092384, 0.31306756)
(0.73923588, 0.57857347, 0.56052524, 0.56434768, 0.55849087, 0.31269386, 0.87808055, 0.94838279, 0.81619787, 0.16332483)
(0.54940259, 0.64349848, 0.56113940, 0.74497449, 0.24223073, 0.22915356, 0.27121523, 0.63340449, 0.47703120, 0.26688096)
(0.79844320, 0.22880794, 0.10204147, 0.55677533, 0.11519980, 0.44469485, 0.59775823, 0.75951749, 0.43247965, 0.10484829)
(0.80958033, 0.22867256, 0.47192901, 0.21582963, 0.08714702, 0.31471163, 0.45932117, 0.62692261, 0.70201772, 0.24601720)
(0.68969917, 0.69322115, 0.59456694, 0.45026854, 0.62038624, 0.56889677, 0.27896634, 0.19908354, 0.22306395, 0.85984206)
(0.37678224, 0.46746233, 0.33539385, 0.94940740, 0.83148527, 0.50781673, 0.40182316, 0.31329736, 0.27849156, 0.38460475)
(0.77907211, 0.46215802, 0.49481192, 0.63045299, 0.16459428, 0.11175471, 0.35225910, 0.55739057, 0.32996494, 0.25705320)
(0.81672043, 0.43172604, 0.48781833, 0.23920262, 0.14095104, 0.45754015, 0.18051670, 0.20429407, 0.29661277, 0.68701822)
(0.79165405, 0.50463778, 0.60763729, 0.30397385, 0.65903658, 0.52954686, 0.50730425, 0.21563712, 0.29538706, 0.86160332)
(0.49795833, 0.75317490, 0.59990770, 0.49475095, 0.33757022, 0.50619155, 0.35327441, 0.71623319, 0.60499465, 0.44313756)
(0.62163508, 0.49510783, 0.65421104, 0.41643548, 0.44838223, 0.43271518, 0.67889833, 0.80281675, 0.80539906, 0.32662612)
(0.57412297, 0.69543821, 0.78998715, 0.33041656, 0.66289955, 0.55719125, 0.72921008, 0.84428626, 0.85822284, 0.50205433)
(0.49168557, 0.46657303, 0.45016041, 0.73777461, 0.64548707, 0.51746780, 0.73189992, 0.79860449, 0.71503663, 0.22399402)
(0.43261257, 0.46154714, 0.17300218, 0.59983677, 0.63403922, 0.90168875, 0.40924624, 0.32753581, 0.35593382, 0.58786005)
(0.80604488, 0.65338796, 0.18665522, 0.40114927, 0.47150216, 0.64676088, 0.71679300, 0.75193137, 0.28605649, 0.52823353)
(0.55508292, 0.47352687, 0.71471149, 0.57621670, 0.70107174, 0.44177061, 0.49115500, 0.34585616, 0.52723789, 0.66057909)
(0.86673570, 0.16970013, 0.31005752, 0.36289153, 0.24815160, 0.41316754, 0.37269297, 0.12545890, 0.21304330, 0.62852830)
(0.65894228, 0.46804845, 0.75684631, 0.42717049, 0.65518278, 0.35020775, 0.74955016, 0.70686007, 0.75473565, 0.48874670)
(0.58737689, 0.67495716, 0.81034797, 0.34586728, 0.41819388, 0.40873438, 0.46721905, 0.69363284, 0.77223015, 0.52859992)
(0.71726453, 0.32788569, 0.47144344, 0.40567008, 0.26468638, 0.41166767, 0.69925046, 0.83436406, 0.80042028, 0.17832614)
(0.73431188, 0.10492224, 0.20444703, 0.86722219, 0.61103815, 0.32424846, 0.89865321, 0.78676510, 0.64739364, 0.06481773)
(0.77942193, 0.41655135, 0.51041883, 0.45103982, 0.30481082, 0.24987465, 0.49230239, 0.49846444, 0.37596264, 0.46466354)
(0.70257127, 0.33380836, 0.63585871, 0.36979273, 0.37503368, 0.33894330, 0.61959594, 0.62586540, 0.70394063, 0.38829026)
(0.60990566, 0.26930052, 0.63376915, 0.62801427, 0.86848617, 0.53910738, 0.88113260, 0.67837763, 0.79490888, 0.40418532)
(0.43397141, 0.53371763, 0.29929489, 0.37443939, 0.46156576, 0.85514933, 0.51203531, 0.68672442, 0.69432271, 0.43791616)
(0.75707990, 0.70810556, 0.66646796, 0.55301017, 0.66348666, 0.27408138, 0.83320004, 0.89777213, 0.67089862, 0.36502343)
(0.74540162, 0.50118536, 0.63131297, 0.57451445, 0.56727380, 0.24880825, 0.82652223, 0.87911016, 0.73945487, 0.24003185)
(0.72101021, 0.74593002, 0.83773887, 0.88480657, 0.42341614, 0.05878468, 0.40674978, 0.75431168, 0.52584672, 0.22760922)
(0.91668254, 0.44343194, 0.37589163, 0.08995598, 0.42325699, 0.62342656, 0.73194838, 0.51501429, 0.37405726, 0.79561806)
(0.76464295, 0.37386024, 0.41395548, 0.60925162, 0.12647814, 0.13976681, 0.39546546, 0.62044191, 0.42012307, 0.17567839)
(0.44863531, 0.56366622, 0.38547218, 0.85391122, 0.91439736, 0.74118519, 0.70160568, 0.57611257, 0.45032185, 0.48249578)
(0.76061898, 0.35196498, 0.67615855, 0.56247705, 0.41182983, 0.15435870, 0.71353555, 0.73619699, 0.67814201, 0.25418192)
(0.63528848, 0.81277525, 0.54094905, 0.40184271, 0.71367443, 0.66236979, 0.63024676, 0.68316549, 0.45314297, 0.74156404)
(0.93255579, 0.54237932, 0.67009288, 0.49330100, 0.28686377, 0.05738001, 0.56910628, 0.59617007, 0.22626586, 0.48669168)
(0.82887280, 0.55338222, 0.40466198, 0.46653003, 0.05789581, 0.13803689, 0.33483136, 0.77943367, 0.45361790, 0.15224801)
(0.50406480, 0.38744947, 0.47289598, 0.64992017, 0.36415625, 0.37626326, 0.39893958, 0.47840992, 0.51259202, 0.33962563)
(0.81616884, 0.49792498, 0.59499711, 0.37593907, 0.45136273, 0.29186523, 0.49953023, 0.37265119, 0.29627079, 0.69676411)
(0.29243112, 0.66109520, 0.45575756, 0.61812538, 0.33427742, 0.72604740, 0.27242133, 0.69613177, 0.72057718, 0.30542701)
(0.80989665, 0.12519675, 0.14968722, 0.42353138, 0.08701602, 0.44741410, 0.65241468, 0.79787439, 0.70178205, 0.07055240)
(0.75914717, 0.40661839, 0.44651601, 0.36878774, 0.34341431, 0.38520667, 0.61773789, 0.64865512, 0.51357317, 0.41886026)
(0.79150969, 0.39770350, 0.59742713, 0.26263320, 0.43123206, 0.37566006, 0.55082107, 0.39298183, 0.43732259, 0.68296468)
(0.79846215, 0.26991293, 0.08457334, 0.87352127, 0.22184010, 0.26582837, 0.74771893, 0.86892647, 0.37889534, 0.04042203)
(0.61775976, 0.50483555, 0.68783271, 0.23531571, 0.13142943, 0.66035289, 0.06594289, 0.12609288, 0.54358041, 0.74450016)
(0.77626574, 0.52382666, 0.45124483, 0.17882702, 0.27351132, 0.56652272, 0.49315622, 0.55897599, 0.48601159, 0.63305324)
(0.51649988, 0.37449229, 0.42531410, 0.47787079, 0.71084416, 0.72765201, 0.73387629, 0.63636202, 0.68643165, 0.47119033)
(0.73350215, 0.62759012, 0.55468965, 0.39634022, 0.36239019, 0.37257919, 0.42024443, 0.51093048, 0.35569763, 0.62179655)
(0.58479685, 0.49633962, 0.54833061, 0.93667150, 0.85034549, 0.26148096, 0.84785825, 0.84399128, 0.65272373, 0.13592815)
(0.42550483, 0.45692298, 0.33273205, 0.93526763, 0.63871300, 0.39885756, 0.60078740, 0.75072277, 0.58591521, 0.10645089)
(0.64518869, 0.62762344, 0.46998635, 0.57376719, 0.49703979, 0.41758820, 0.66447741, 0.80397063, 0.55822384, 0.34666157)
(0.87628061, 0.39128208, 0.49312913, 0.17266418, 0.28545076, 0.35191935, 0.62785840, 0.57006633, 0.44905940, 0.58607036)
(0.84044981, 0.42982167, 0.29926527, 0.70792615, 0.63743705, 0.24079500, 0.82190692, 0.69285905, 0.23102066, 0.38053140)
(0.57421207, 0.35775733, 0.54486269, 0.65417546, 0.42451257, 0.31573153, 0.41819322, 0.40875968, 0.46535084, 0.40293044)
(0.68075293, 0.35753861, 0.52648258, 0.29152617, 0.17501506, 0.49902678, 0.21916972, 0.24183372, 0.47301406, 0.58901715)
(0.54442060, 0.65087020, 0.73716128, 0.17559081, 0.28283301, 0.71576917, 0.21554467, 0.37638041, 0.71462047, 0.74859709)
(0.59677660, 0.70689648, 0.63647425, 0.87458664, 0.24905935, 0.12791325, 0.39401820, 0.85753876, 0.65191245, 0.10062917)
(0.67825747, 0.33322957, 0.37542292, 0.81795156, 0.77438587, 0.33007395, 0.72907531, 0.47933847, 0.29666790, 0.40888724)
(0.54230899, 0.66001213, 0.77627224, 0.32829729, 0.32152158, 0.46154237, 0.33012864, 0.58412880, 0.72535670, 0.55960077)
(0.81816131, 0.51083809, 0.08709576, 0.67850661, 0.24268946, 0.48202756, 0.58415228, 0.71647733, 0.17290318, 0.24399140)
(0.77880019, 0.60926753, 0.55698532, 0.71218032, 0.20174591, 0.09856380, 0.52331740, 0.82634294, 0.49113095, 0.15654451)
(0.89749771, 0.53418237, 0.34807640, 0.16682509, 0.13161530, 0.33666870, 0.63085443, 0.83316737, 0.49721619, 0.34923959)
(0.63373041, 0.32551402, 0.55770975, 0.39523488, 0.45858896, 0.41033605, 0.59726930, 0.50409776, 0.59366518, 0.48445004)
(0.85828918, 0.43756410, 0.41899264, 0.61636209, 0.09015239, 0.08360960, 0.30191845, 0.55018055, 0.25402099, 0.20896193)
(0.53467882, 0.45640793, 0.30878210, 0.75348222, 0.87532693, 0.75048643, 0.78494525, 0.63454413, 0.49129668, 0.44440272)
(0.39971167, 0.37398380, 0.45842764, 0.61628908, 0.43191302, 0.62590611, 0.52777648, 0.67588693, 0.77560765, 0.24794720)
(0.70113140, 0.63092953, 0.43829834, 0.60971457, 0.33661789, 0.30359879, 0.68002635, 0.89454651, 0.61888176, 0.18543899)
(0.79229397, 0.29753283, 0.06360876, 0.83163595, 0.27415109, 0.42393667, 0.69139576, 0.76868439, 0.25433856, 0.09014180)
(0.85111678, 0.70974344, 0.06578805, 0.52563661, 0.03347298, 0.45413268, 0.26923034, 0.84821117, 0.22351454, 0.11084060)
(0.84303075, 0.67916429, 0.67848337, 0.24587907, 0.68790531, 0.47937882, 0.58681208, 0.35404867, 0.28866535, 0.88788754)
(0.81305164, 0.65933102, 0.78140968, 0.44490522, 0.07171608, 0.09486324, 0.18502377, 0.61046928, 0.52891588, 0.31285945)
(0.72251624, 0.66823447, 0.69969350, 0.25928435, 0.25182968, 0.39400294, 0.43653461, 0.72901237, 0.67546576, 0.49403864)
(0.76573908, 0.51875186, 0.69417548, 0.76059198, 0.56430560, 0.12220938, 0.59226680, 0.60021156, 0.39304563, 0.38728103)
(0.59593451, 0.51898974, 0.32946870, 0.71187836, 0.55243385, 0.48804191, 0.73606932, 0.82630479, 0.58754772, 0.21529973)
(0.86631638, 0.47731784, 0.81524503, 0.31593192, 0.51684570, 0.15145566, 0.62743628, 0.48488703, 0.47260034, 0.67790735)
(0.69261456, 0.73204297, 0.83468866, 0.43519995, 0.64371592, 0.29570037, 0.57485598, 0.62712139, 0.58093643, 0.68409914)
(0.86612344, 0.40767175, 0.42134187, 0.39798522, 0.58989263, 0.27741331, 0.89498782, 0.85176098, 0.53396302, 0.35593015)
(0.81285781, 0.44135475, 0.61882091, 0.38266593, 0.38047513, 0.21685211, 0.55111277, 0.49646321, 0.39514425, 0.56058943)
(0.61320597, 0.57922542, 0.78641886, 0.42022943, 0.75525844, 0.47995135, 0.59844995, 0.41701049, 0.57919490, 0.76605219)
(0.77301502, 0.26369756, 0.48354143, 0.46286908, 0.52887559, 0.32043111, 0.65671074, 0.37568697, 0.38585278, 0.55330533)
(0.77464265, 0.64006007, 0.61164111, 0.67252684, 0.43561819, 0.15494561, 0.61116672, 0.74955505, 0.40992010, 0.35359722)
(0.93046093, 0.55596220, 0.48060685, 0.46873075, 0.56609249, 0.22339268, 0.58744723, 0.31868371, 0.08509079, 0.80084759)
(0.87422228, 0.14592662, 0.43565673, 0.10108979, 0.03052291, 0.37218264, 0.32697183, 0.49313378, 0.73751509, 0.25208378)
(0.83940321, 0.50727767, 0.42283908, 0.22719119, 0.32364652, 0.42453244, 0.79798526, 0.88470751, 0.67499989, 0.32836911)
(0.47935790, 0.89021945, 0.56353027, 0.35398942, 0.46265408, 0.77324474, 0.40055978, 0.81384099, 0.64414352, 0.60330194)
(0.71188498, 0.39205751, 0.53519785, 0.10248201, 0.28271428, 0.68304884, 0.59371799, 0.66452432, 0.78984970, 0.54838312)
(0.88055027, 0.63318914, 0.37774417, 0.61484236, 0.48183602, 0.18388936, 0.76711929, 0.80151683, 0.24516053, 0.38362977)
(0.70929211, 0.37132245, 0.66412741, 0.58885640, 0.40943551, 0.21254928, 0.74006301, 0.82717562, 0.79310858, 0.18214776)
(0.55500984, 0.40458182, 0.46507412, 0.88018388, 0.87244630, 0.44839630, 0.64625847, 0.41403365, 0.34988436, 0.45171756)
(0.93967462, 0.50677067, 0.18858583, 0.33507708, 0.04132240, 0.19986926, 0.30432141, 0.60659969, 0.15185696, 0.29350236)
(0.81928527, 0.33215618, 0.59770793, 0.14109731, 0.38512903, 0.61283600, 0.41631281, 0.18321091, 0.47176224, 0.83268899)
(0.57695621, 0.60937893, 0.27613083, 0.29478288, 0.16805321, 0.74443924, 0.30196732, 0.64167833, 0.53129214, 0.42605463)
(0.63588572, 0.40012240, 0.80542779, 0.77021134, 0.78735149, 0.18682198, 0.69123602, 0.51773167, 0.62576538, 0.44374365)
(0.68763304, 0.29939947, 0.85244608, 0.44858027, 0.74828041, 0.39145410, 0.46996772, 0.14374359, 0.58662301, 0.80708557)
(0.65279764, 0.27704346, 0.49985352, 0.23095119, 0.35321131, 0.58839297, 0.65796018, 0.65633518, 0.78022701, 0.39763230)
(0.84038097, 0.22268306, 0.22719349, 0.39192170, 0.31257525, 0.41105500, 0.67450047, 0.49485922, 0.33352110, 0.40332058)
(0.85871971, 0.27530339, 0.10420322, 0.68091041, 0.37143365, 0.39610019, 0.72684157, 0.57720941, 0.16541503, 0.29440802)
(0.64327228, 0.60839647, 0.48927978, 0.35333195, 0.51929474, 0.56154960, 0.66489941, 0.74166095, 0.59046793, 0.51653677)
(0.57219207, 0.61772245, 0.62495321, 0.59218842, 0.83795816, 0.56143373, 0.67610383, 0.52308643, 0.48088202, 0.70087612)
(0.53969270, 0.71289819, 0.67912126, 0.55834693, 0.84683973, 0.67452860, 0.46722582, 0.30778465, 0.38565809, 0.84692472)
(0.60008496, 0.59770697, 0.50903940, 0.92435008, 0.90550685, 0.38124114, 0.63816065, 0.45944443, 0.27727923, 0.51099473)
(0.63913029, 0.72472286, 0.56412721, 0.39119273, 0.54579175, 0.53450710, 0.57220292, 0.68258578, 0.49846739, 0.62769783)
(0.62310648, 0.69479042, 0.29294083, 0.69740433, 0.85225689, 0.75778425, 0.66370618, 0.51465487, 0.24488977, 0.69548100)
(0.80289614, 0.60101700, 0.44552749, 0.59368968, 0.42116925, 0.23581506, 0.69788092, 0.80444008, 0.40575397, 0.32052937)
(0.86893517, 0.19947931, 0.31587401, 0.50566620, 0.30012113, 0.18492004, 0.78835440, 0.73360473, 0.47531915, 0.20036750)
(0.55514747, 0.43730709, 0.24920212, 0.90850598, 0.79478014, 0.47833675, 0.74422562, 0.67914855, 0.37996989, 0.21961485)
(0.64591986, 0.15320760, 0.27817467, 0.53895837, 0.19757716, 0.45838356, 0.57056671, 0.60699004, 0.68483394, 0.14918450)
(0.66104221, 0.35354066, 0.34010619, 0.47413003, 0.52524757, 0.52534389, 0.70402265, 0.62894309, 0.50821465, 0.41514808)
(0.78344363, 0.49321344, 0.62874311, 0.22540891, 0.42913625, 0.67612165, 0.18779126, 0.08604046, 0.29870135, 0.90214795)
(0.60405517, 0.67713177, 0.82288444, 0.23146941, 0.57280207, 0.60241741, 0.39708075, 0.38570365, 0.65646553, 0.82202661)
(0.67857766, 0.86857212, 0.79496980, 0.44087639, 0.51165748, 0.38751069, 0.37905687, 0.64329237, 0.48295742, 0.71686608)
(0.47359583, 0.30693138, 0.26863626, 0.91006088, 0.75135571, 0.50528359, 0.45299190, 0.25764379, 0.24732919, 0.39026827)
(0.53398615, 0.55057818, 0.24949507, 0.56009054, 0.52986860, 0.70908958, 0.64022076, 0.74362934, 0.51994950, 0.35877666)
(0.69041049, 0.63304228, 0.42769906, 0.88192540, 0.79634821, 0.29697612, 0.72731924, 0.69500279, 0.30334255, 0.35169441)
(0.57633615, 0.76091594, 0.69831878, 0.59009933, 0.73175335, 0.46205115, 0.57259637, 0.60854393, 0.49728966, 0.66832447)
(0.89607733, 0.53457618, 0.34003010, 0.58302146, 0.21913972, 0.12353311, 0.72058064, 0.87857890, 0.36488125, 0.17049989)
(0.57578284, 0.36329645, 0.57164025, 0.28072438, 0.33939600, 0.65726930, 0.67496163, 0.82413840, 0.90269536, 0.25937420)
(0.87664276, 0.56772953, 0.13149127, 0.77376318, 0.42476854, 0.28383139, 0.76886243, 0.80412132, 0.15055975, 0.23977432)
(0.52172840, 0.46517330, 0.34766355, 0.17009988, 0.05721305, 0.83933151, 0.11688023, 0.40730652, 0.74404693, 0.41285849)
(0.58635443, 0.34008333, 0.34767580, 0.83225167, 0.70986545, 0.37298232, 0.72000241, 0.60384381, 0.42422256, 0.26800439)
(0.80039316, 0.32602113, 0.30259046, 0.37262636, 0.30515561, 0.42314872, 0.67425787, 0.67354792, 0.47731626, 0.34440410)
(0.58213264, 0.58749247, 0.65057552, 0.65556008, 0.92149210, 0.63864923, 0.75741571, 0.51962364, 0.52349007, 0.71731979)
(0.56911153, 0.59074104, 0.52983624, 0.70707792, 0.50852823, 0.35963267, 0.51069385, 0.65157789, 0.48650178, 0.36788687)
(0.42277429, 0.55162859, 0.34859338, 0.53707892, 0.36802742, 0.73164320, 0.54878634, 0.83597898, 0.76946491, 0.21773684)
(0.75750339, 0.56291592, 0.57930654, 0.38383862, 0.33526167, 0.32677701, 0.44665766, 0.52217185, 0.40387484, 0.57001448)
(0.54871917, 0.56379414, 0.64415485, 0.57263345, 0.73451900, 0.46571824, 0.65559000, 0.58356684, 0.56564361, 0.58402002)
(0.40312916, 0.23953955, 0.42444977, 0.87979370, 0.74411553, 0.56108904, 0.34620672, 0.16041553, 0.38495573, 0.45744151)
(0.82627612, 0.77338105, 0.30935600, 0.57092261, 0.09986876, 0.24020524, 0.16578370, 0.54520321, 0.14511208, 0.40514848)
(0.65417558, 0.21162823, 0.83915561, 0.15372995, 0.27201396, 0.52917951, 0.56343442, 0.57384396, 0.94923103, 0.38424170)
(0.35720834, 0.85372972, 0.60446131, 0.29342544, 0.43209410, 0.83468431, 0.37171397, 0.82390916, 0.80548936, 0.54676533)
(0.66445148, 0.59318954, 0.71123844, 0.31241554, 0.54364032, 0.50334615, 0.41661012, 0.33763334, 0.47131222, 0.78860915)
(0.76695323, 0.43020216, 0.86296380, 0.34751761, 0.32344243, 0.19083415, 0.32483843, 0.31282073, 0.59189743, 0.63884097)
(0.92506218, 0.44319674, 0.37593544, 0.29496717, 0.36050743, 0.40620655, 0.42128921, 0.17978671, 0.10631839, 0.82975459)
(0.48108655, 0.71464980, 0.75373423, 0.57885015, 0.53139985, 0.45870438, 0.44188300, 0.67394406, 0.70586926, 0.47581726)
(0.58933908, 0.54665232, 0.54427314, 0.52934080, 0.52650392, 0.41708994, 0.55195272, 0.58325499, 0.48449335, 0.51530164)
(0.72650146, 0.63660073, 0.47466606, 0.35846296, 0.27185154, 0.42590752, 0.39622906, 0.58077520, 0.38522446, 0.55353546)
(0.60951674, 0.60577953, 0.61829293, 0.34174386, 0.45833877, 0.49869925, 0.51857758, 0.61891538, 0.59169644, 0.58744162)
(0.74876904, 0.82037914, 0.83548361, 0.78621107, 0.69541413, 0.14801261, 0.41123828, 0.52671158, 0.32269633, 0.65408087)
(0.39807072, 0.74568617, 0.56552619, 0.41336191, 0.39404088, 0.71363187, 0.34107691, 0.68858218, 0.68692815, 0.51368719)
(0.52898741, 0.77419698, 0.76604182, 0.70198393, 0.80364817, 0.48850524, 0.32266018, 0.28721365, 0.36079898, 0.81050354)
(0.49682960, 0.61079514, 0.28490016, 0.92559803, 0.29212293, 0.26188704, 0.32884249, 0.74344444, 0.42865130, 0.09399536)
(0.50843155, 0.34845597, 0.47137085, 0.93479323, 0.49696511, 0.21328974, 0.66518778, 0.82888907, 0.74515879, 0.05186204)
(0.58630580, 0.39762753, 0.16626391, 0.72114265, 0.50860828, 0.64518750, 0.70686698, 0.75375873, 0.49756011, 0.20261098)
(0.74376059, 0.24036171, 0.60224456, 0.51050651, 0.14241736, 0.14818750, 0.41726267, 0.51457071, 0.63182062, 0.20430468)
(0.44224620, 0.47859100, 0.69059336, 0.28012049, 0.08381018, 0.70135027, 0.05822878, 0.20538349, 0.76817381, 0.52490938)
(0.82306874, 0.75668246, 0.70224845, 0.39272633, 0.21043158, 0.15678099, 0.46073300, 0.81219435, 0.50365561, 0.39460880)
(0.73745298, 0.56580108, 0.49316862, 0.30209604, 0.58146459, 0.62988830, 0.50443053, 0.32277584, 0.31838652, 0.81354821)
(0.68459129, 0.70504439, 0.71825516, 0.43117324, 0.45816761, 0.32310629, 0.55120939, 0.73984516, 0.59846979, 0.50990176)
(0.62692791, 0.16832663, 0.48880783, 0.59372950, 0.52037954, 0.38997912, 0.65810370, 0.43191758, 0.63252980, 0.33649141)
(0.61026484, 0.48934582, 0.55799526, 0.60459554, 0.59513682, 0.38266698, 0.74153578, 0.78814405, 0.68267423, 0.30865589)
(0.78619754, 0.54303628, 0.63738918, 0.54903340, 0.40376690, 0.14877751, 0.68303859, 0.78680682, 0.53343266, 0.31910917)
(0.79531389, 0.28991315, 0.72556406, 0.12910147, 0.24370849, 0.47392350, 0.36144421, 0.24780355, 0.64141405, 0.72271216)
(0.33766466, 0.51616490, 0.38183403, 0.97374153, 0.86892509, 0.51996505, 0.71571296, 0.82687736, 0.70215571, 0.08811329)
(0.84961939, 0.45915774, 0.38259572, 0.60484743, 0.56926322, 0.20159000, 0.82872301, 0.78484565, 0.34396017, 0.34399742)
(0.64920670, 0.71893346, 0.61975807, 0.48459092, 0.32247144, 0.33673441, 0.36619580, 0.63392293, 0.44799760, 0.51060641)
(0.39537033, 0.60867023, 0.68081236, 0.64961147, 0.72896445, 0.68542260, 0.20341700, 0.15460542, 0.41223708, 0.80271012)
(0.74338096, 0.51790035, 0.80784154, 0.46222842, 0.59052283, 0.21453090, 0.78700185, 0.82268250, 0.79576653, 0.36455861)
(0.68813688, 0.19445126, 0.15226389, 0.64999360, 0.64778906, 0.70725769, 0.69372004, 0.37067321, 0.32485926, 0.43614712)
(0.61561382, 0.60761583, 0.57924294, 0.75475675, 0.88473147, 0.51647133, 0.64151764, 0.41471615, 0.33543327, 0.70409012)
(0.83624834, 0.32079318, 0.18271148, 0.13122270, 0.25779119, 0.76983178, 0.62769747, 0.54851127, 0.46849421, 0.57134074)
(0.89408296, 0.52109313, 0.61277968, 0.61094338, 0.47398847, 0.09034701, 0.70349950, 0.68025213, 0.28225386, 0.43540308)
(0.83414537, 0.51949823, 0.68995780, 0.49254259, 0.58263659, 0.16929530, 0.64955527, 0.52556270, 0.33583343, 0.61892813)
(0.87851000, 0.49159646, 0.54440498, 0.66791701, 0.51720023, 0.11625826, 0.62862170, 0.51192278, 0.16981451, 0.52178836)
(0.59177142, 0.44728535, 0.78267592, 0.31028768, 0.53941655, 0.46684089, 0.56122774, 0.51666534, 0.76418757, 0.60625303)
(0.84417742, 0.65266991, 0.80030757, 0.69936615, 0.21518031, 0.04449654, 0.34068173, 0.63690549, 0.37047109, 0.31542879)
(0.59229797, 0.77904773, 0.52174026, 0.29219079, 0.76826280, 0.86159688, 0.58462769, 0.56312126, 0.51664066, 0.82752979)
(0.80035281, 0.70765936, 0.82817733, 0.38544658, 0.56094611, 0.24219196, 0.38255662, 0.34091467, 0.33073056, 0.82034266)
(0.74949199, 0.59787732, 0.22461683, 0.78333491, 0.15134525, 0.20269032, 0.47665578, 0.85308325, 0.37945265, 0.09607169)
(0.82223672, 0.28774181, 0.41112620, 0.58507383, 0.23440526, 0.15567458, 0.53033358, 0.51470429, 0.33436486, 0.27648535)
(0.83265078, 0.19680218, 0.26020148, 0.26705641, 0.23565291, 0.46181697, 0.72747141, 0.69010097, 0.58877313, 0.28302386)
(0.86246854, 0.42912313, 0.07800161, 0.66472322, 0.03270561, 0.26202637, 0.26831886, 0.70382434, 0.18629012, 0.08609516)
(0.93603563, 0.27640560, 0.40083149, 0.28222355, 0.53671986, 0.21628176, 0.86884642, 0.63675678, 0.32466957, 0.54209197)
(0.74501181, 0.62869865, 0.70794445, 0.24971458, 0.32003456, 0.39724672, 0.40013513, 0.52591676, 0.54262900, 0.65550804)
(0.66242576, 0.45477012, 0.64209872, 0.18563962, 0.19514143, 0.67604679, 0.14469954, 0.16987869, 0.56074840, 0.76309413)
(0.71390057, 0.59378296, 0.31584585, 0.92874420, 0.26652175, 0.11735347, 0.43909574, 0.80736250, 0.33695734, 0.08034478)
(0.81686914, 0.37051174, 0.33376548, 0.82357377, 0.81698155, 0.24128602, 0.92739421, 0.83144450, 0.41516164, 0.22642146)
(0.87403852, 0.71729779, 0.55437320, 0.65546477, 0.13470273, 0.06942273, 0.36180264, 0.76214433, 0.27202818, 0.24637577)
(0.68871307, 0.39299747, 0.54996294, 0.77105975, 0.18655965, 0.10473194, 0.48431695, 0.75073165, 0.62040955, 0.09961083)
(0.66110992, 0.47806105, 0.55563188, 0.62902999, 0.37951118, 0.25090936, 0.59317362, 0.72945601, 0.58488613, 0.26519993)
(0.59754407, 0.80313116, 0.85190785, 0.58610964, 0.76615316, 0.48732144, 0.17251432, 0.13474444, 0.30073047, 0.91267705)
(0.74869043, 0.53891808, 0.69752163, 0.35495120, 0.52132946, 0.32220387, 0.50728428, 0.40816689, 0.40939263, 0.71822721)
(0.25718218, 0.88858044, 0.47143269, 0.42030790, 0.42332122, 0.91164309, 0.33744401, 0.88814384, 0.83059615, 0.41066960)
(0.75017941, 0.26810953, 0.12332463, 0.65414691, 0.06892448, 0.33163664, 0.36945498, 0.66044927, 0.36961320, 0.09199834)
(0.47285023, 0.20754442, 0.39129969, 0.83042634, 0.80631334, 0.65438598, 0.47587961, 0.16850419, 0.39080098, 0.52556783)
(0.45389894, 0.38586664, 0.19241522, 0.57923377, 0.54444802, 0.87302977, 0.33544531, 0.24770066, 0.34757546, 0.58294809)
(0.88083792, 0.40214011, 0.38652363, 0.27825844, 0.48692247, 0.42793423, 0.68138474, 0.42716861, 0.26447675, 0.70549387)
(0.65702921, 0.63865596, 0.35805455, 0.38823754, 0.58230585, 0.83345020, 0.28826284, 0.19908470, 0.22585437, 0.84922123)
(0.74064595, 0.45756412, 0.50314444, 0.30276582, 0.41638756, 0.44812340, 0.53766602, 0.46442562, 0.41931581, 0.63734221)
(0.60054862, 0.71653640, 0.71970081, 0.34513026, 0.28119862, 0.55238611, 0.11905998, 0.23650272, 0.42550749, 0.77648062)
(0.76276702, 0.49229521, 0.75558341, 0.53442580, 0.89566207, 0.48683584, 0.56921107, 0.15439969, 0.30701700, 0.89341503)
(0.63575411, 0.64201212, 0.67766720, 0.21801177, 0.61021054, 0.76178443, 0.38136199, 0.27077323, 0.52809179, 0.87291551)
(0.91236436, 0.44782397, 0.49303651, 0.36361396, 0.87993330, 0.52889854, 0.79129022, 0.22726698, 0.15404719, 0.90490139)
(0.88963223, 0.46336588, 0.70697236, 0.50868493, 0.37918481, 0.07368937, 0.75348550, 0.80571806, 0.52541792, 0.30008274)
(0.88622969, 0.32242319, 0.22736131, 0.41868651, 0.05821789, 0.20803159, 0.36842641, 0.58031636, 0.27767614, 0.20499924)
(0.73184490, 0.42756525, 0.16393717, 0.79699522, 0.47159821, 0.37466887, 0.71062481, 0.72896701, 0.27312893, 0.20353951)
(0.62810463, 0.48904544, 0.65743828, 0.18206745, 0.41463658, 0.77331406, 0.25034174, 0.17824738, 0.60089749, 0.84642917)
(0.94398487, 0.39139977, 0.32460475, 0.44608861, 0.19827023, 0.12319805, 0.63484102, 0.59502405, 0.17151879, 0.38058576)
(0.61355996, 0.65169626, 0.40288362, 0.80121571, 0.07486419, 0.14108315, 0.15101705, 0.67218179, 0.41807982, 0.10920966)
(0.58435839, 0.51349318, 0.90532750, 0.48928863, 0.78984773, 0.36368006, 0.66636914, 0.50521308, 0.80886662, 0.65731359)
(0.55279052, 0.51659662, 0.48531020, 0.45859146, 0.47781414, 0.60044080, 0.36141992, 0.33271244, 0.40187520, 0.65675747)
(0.88259375, 0.13331921, 0.23430859, 0.15898658, 0.07873452, 0.43793699, 0.52875441, 0.51033759, 0.54231471, 0.29144847)
(0.66361129, 0.40931860, 0.42447665, 0.66647047, 0.12676641, 0.16816743, 0.30588508, 0.58527094, 0.46035281, 0.17030427)
(0.76456344, 0.35511822, 0.57234210, 0.41764608, 0.14092553, 0.18364289, 0.39171332, 0.54780436, 0.54102600, 0.28988966)
(0.91387057, 0.64276963, 0.11906233, 0.34045961, 0.06409480, 0.34603089, 0.51825857, 0.88394547, 0.27435425, 0.17747411)
(0.89949322, 0.22939254, 0.17429532, 0.05280564, 0.02188151, 0.77517647, 0.18239933, 0.30527669, 0.53000349, 0.47716355)
(0.55248916, 0.53457183, 0.43388528, 0.77879888, 0.87219584, 0.60803658, 0.68685710, 0.50279230, 0.36978245, 0.56911105)
(0.73615092, 0.33821216, 0.39554402, 0.31972957, 0.40853816, 0.48016393, 0.64001977, 0.54440409, 0.48580575, 0.50955313)
(0.54517716, 0.58280742, 0.27392963, 0.49947852, 0.48746961, 0.73507035, 0.51303601, 0.58682215, 0.42116693, 0.51101989)
(0.64332551, 0.75343293, 0.70481271, 0.35014772, 0.47429478, 0.49693131, 0.34245226, 0.44790483, 0.43613780, 0.76473361)
(0.94669676, 0.52865791, 0.46036187, 0.61717147, 0.34800825, 0.06669629, 0.73557246, 0.74659115, 0.17541341, 0.35864851)
(0.88124996, 0.56044221, 0.61720037, 0.22649314, 0.35787928, 0.33588508, 0.43502617, 0.33572444, 0.27382731, 0.78869969)
(0.52740771, 0.88194466, 0.59035546, 0.37551188, 0.29464054, 0.73272192, 0.11523839, 0.41897348, 0.37188500, 0.75956976)
(0.84670204, 0.51045942, 0.47820646, 0.80232072, 0.43873042, 0.10818419, 0.63863450, 0.69638479, 0.26722440, 0.26400790)
(0.80201846, 0.52015626, 0.59760863, 0.35785055, 0.59656209, 0.30527648, 0.76890081, 0.68861848, 0.48829731, 0.57685989)
(0.47805494, 0.27999663, 0.48790964, 0.57672238, 0.69200563, 0.68792421, 0.73813570, 0.64819682, 0.79444289, 0.33607656)
(0.89337814, 0.40215603, 0.10235440, 0.35634968, 0.05146870, 0.36219060, 0.53745729, 0.85871702, 0.37392050, 0.11391802)
(0.81116486, 0.25518578, 0.08055931, 0.56081313, 0.09931244, 0.51078719, 0.41309467, 0.52376449, 0.23053470, 0.19517145)
(0.68443054, 0.13499480, 0.20103079, 0.55771238, 0.20357507, 0.52547300, 0.65149063, 0.69045097, 0.70281476, 0.11029986)
(0.81235087, 0.66755110, 0.60442543, 0.29294395, 0.49538654, 0.41443926, 0.51519459, 0.47056341, 0.31492785, 0.77644134)
(0.64444286, 0.55131626, 0.62185323, 0.69701982, 0.68342096, 0.29121935, 0.68178344, 0.65138227, 0.49702752, 0.44505614)
(0.44760972, 0.33254483, 0.31708565, 0.55227435, 0.26474828, 0.67317116, 0.51876616, 0.75034004, 0.78557295, 0.16357094)
(0.77121550, 0.88312060, 0.69115686, 0.45002189, 0.39509013, 0.40100282, 0.15371154, 0.32017124, 0.18000567, 0.84884948)
(0.32701328, 0.79286385, 0.79391748, 0.37703568, 0.49277121, 0.86894310, 0.06113284, 0.13194272, 0.62283188, 0.88067192)
(0.31493396, 0.75469226, 0.37126836, 0.56929070, 0.63040775, 0.89542526, 0.30756858, 0.48958328, 0.49866223, 0.65862471)
(0.39364493, 0.69795787, 0.87034756, 0.49400663, 0.64937842, 0.56507599, 0.29482806, 0.37466651, 0.72330821, 0.73766655)
(0.74459755, 0.69655073, 0.48179069, 0.59026605, 0.53786761, 0.41247430, 0.32569614, 0.29463223, 0.14328708, 0.77317935)
(0.90037429, 0.26799533, 0.39488038, 0.34837094, 0.08008499, 0.12557063, 0.48039955, 0.60190845, 0.39922529, 0.22108400)
(0.72994953, 0.55494505, 0.72189456, 0.24411663, 0.37604180, 0.42985693, 0.64570373, 0.79647607, 0.80131167, 0.44194624)
(0.86171478, 0.27654076, 0.49259192, 0.27729762, 0.46279579, 0.30551964, 0.72652018, 0.48349962, 0.42018715, 0.57923877)
(0.61052567, 0.26651376, 0.04551112, 0.62752342, 0.15875904, 0.83564180, 0.48797974, 0.72359234, 0.49991882, 0.10592106)
(0.55067229, 0.57230353, 0.60230106, 0.92009497, 0.29736575, 0.11763101, 0.25392798, 0.61769611, 0.47166270, 0.14240052)
(0.72380418, 0.39705929, 0.21196273, 0.87063879, 0.28042966, 0.20019193, 0.67875677, 0.86137408, 0.46175128, 0.06098468)
(0.40146884, 0.38410640, 0.39568144, 0.63442582, 0.31635109, 0.63802630, 0.47786716, 0.72804207, 0.78818929, 0.17702009)
(0.62674111, 0.49832726, 0.49762431, 0.43996963, 0.61837411, 0.52078378, 0.72763896, 0.71176481, 0.60585082, 0.47739318)
(0.86244595, 0.41755337, 0.58991218, 0.34977227, 0.49448660, 0.23104794, 0.64875460, 0.44913420, 0.32322419, 0.65490788)
(0.42537192, 0.44373196, 0.88724232, 0.28851587, 0.44409341, 0.69776541, 0.18845108, 0.17527504, 0.84594995, 0.75634831)
(0.68076509, 0.65500408, 0.40751621, 0.43035725, 0.49906370, 0.55101019, 0.67779338, 0.78724879, 0.52892309, 0.44725817)
(0.44863713, 0.83776426, 0.83226401, 0.42515191, 0.79546231, 0.69106859, 0.52630055, 0.63015187, 0.72268969, 0.77974546)
(0.69218361, 0.72372937, 0.58935261, 0.54263443, 0.50764346, 0.36696604, 0.51185608, 0.63572842, 0.38738948, 0.57752866)
(0.67247123, 0.33559400, 0.16105694, 0.77995610, 0.38438961, 0.43119326, 0.68403941, 0.74538529, 0.41139147, 0.14133388)
(0.88495284, 0.72652251, 0.50707215, 0.17847957, 0.38540906, 0.43376163, 0.63066685, 0.68803304, 0.33570287, 0.73827612)
(0.57504886, 0.53177357, 0.72899997, 0.87049049, 0.91630805, 0.33943713, 0.83575344, 0.74066401, 0.68450266, 0.35914430)
(0.71962655, 0.21182092, 0.39920142, 0.40904209, 0.22209822, 0.34679237, 0.56472504, 0.56174719, 0.60624743, 0.26742786)
(0.37065518, 0.70791018, 0.76986629, 0.36124787, 0.48615345, 0.70634317, 0.47420570, 0.79568613, 0.89606696, 0.43811688)
(0.27318066, 0.67298365, 0.39691973, 0.51721305, 0.13221684, 0.77255106, 0.09952855, 0.51759601, 0.70995140, 0.29882458)
(0.59956604, 0.66381335, 0.75082719, 0.35221609, 0.59043610, 0.47665936, 0.57882082, 0.64332402, 0.66954058, 0.64102477)
(0.77023554, 0.34028441, 0.38900840, 0.38659012, 0.70993298, 0.53778160, 0.81044316, 0.57263565, 0.45444503, 0.59336197)
(0.67809051, 0.43506637, 0.57916379, 0.41339216, 0.44263455, 0.44056264, 0.77726054, 0.86752403, 0.83740330, 0.23913917)
(0.81550825, 0.54554355, 0.61800480, 0.17482236, 0.20016156, 0.49886680, 0.23259373, 0.25235084, 0.38297334, 0.77184457)
(0.72455430, 0.55434495, 0.67504442, 0.25854439, 0.57803315, 0.68646592, 0.27295339, 0.12610811, 0.36286992, 0.90181845)
(0.94931924, 0.30180174, 0.04998304, 0.37732196, 0.04680503, 0.40142289, 0.48343173, 0.61982727, 0.11793742, 0.21021926)
(0.38886866, 0.44439802, 0.38711172, 0.41029164, 0.38513300, 0.78502584, 0.48768294, 0.69569981, 0.77913743, 0.33519545)
(0.81882119, 0.86759096, 0.50416696, 0.57610995, 0.05385039, 0.13625021, 0.13514118, 0.76578921, 0.28007710, 0.26571813)
(0.40604466, 0.34101006, 0.31133479, 0.53921545, 0.16406901, 0.66862786, 0.34027472, 0.66536915, 0.76464313, 0.16515245)
(0.41760820, 0.93290716, 0.71983838, 0.32088989, 0.41832185, 0.88363755, 0.05691749, 0.26253188, 0.44641906, 0.89801592)
(0.86790687, 0.71630120, 0.57205325, 0.29549104, 0.26962957, 0.28548297, 0.40409288, 0.55147880, 0.26589093, 0.68118131)
(0.93015897, 0.47796196, 0.53177786, 0.44801635, 0.04064070, 0.04374750, 0.29454550, 0.64583880, 0.30309919, 0.18562825)
(0.59484959, 0.50038075, 0.61497658, 0.82487315, 0.26627406, 0.13339368, 0.43754375, 0.75292140, 0.64326060, 0.12149125)
(0.71513695, 0.55674583, 0.38777474, 0.70981061, 0.60391057, 0.32647145, 0.69823200, 0.68727070, 0.33861896, 0.38520053)
(0.64019465, 0.53646797, 0.41959769, 0.65802407, 0.69719750, 0.46167636, 0.60493714, 0.46439776, 0.28061616, 0.59802753)
(0.93609607, 0.47623581, 0.23387542, 0.49768829, 0.26853627, 0.24847142, 0.51690918, 0.39723828, 0.07759165, 0.59576327)
(0.55115706, 0.50763828, 0.87777752, 0.87062621, 0.81498539, 0.17519945, 0.37463504, 0.27244073, 0.53497529, 0.57724833)
(0.77624941, 0.43184367, 0.33364156, 0.44377765, 0.62030250, 0.55550438, 0.64671218, 0.37618393, 0.24228379, 0.70389050)
(0.65877903, 0.58207601, 0.57982159, 0.50820571, 0.58151907, 0.40890631, 0.78690159, 0.87093306, 0.74039650, 0.30806983)
(0.71690708, 0.30450743, 0.60251737, 0.34436238, 0.28516859, 0.31544554, 0.49594036, 0.47700679, 0.59961808, 0.44271037)
(0.73681164, 0.19941527, 0.34170446, 0.37948456, 0.09482885, 0.34443948, 0.48464578, 0.67742836, 0.70044369, 0.14153454)
(0.51015592, 0.39901328, 0.56048602, 0.72297263, 0.57040733, 0.33836237, 0.53965396, 0.52539045, 0.54081452, 0.36251974)
(0.85695350, 0.66436201, 0.55473644, 0.75082147, 0.73822570, 0.19097105, 0.71492511, 0.60764444, 0.18173735, 0.58075035)
(0.49371007, 0.43088496, 0.25676399, 0.48052898, 0.49036762, 0.82569593, 0.35749820, 0.30663988, 0.39649072, 0.60497767)
(0.61897612, 0.82073528, 0.76793122, 0.71649575, 0.79444534, 0.35283041, 0.74382424, 0.84985006, 0.67615759, 0.46911389)
(0.38814697, 0.80481392, 0.62483126, 0.31553051, 0.22845854, 0.71771032, 0.24899465, 0.78071654, 0.78212607, 0.43396914)
(0.90040195, 0.24815024, 0.30914578, 0.38820267, 0.30740494, 0.23168056, 0.74878722, 0.62571007, 0.34564301, 0.35001650)
(0.86287212, 0.46613425, 0.09274572, 0.57582855, 0.03739232, 0.29131618, 0.40149766, 0.85786098, 0.32507411, 0.06947849)
(0.84126157, 0.35978359, 0.47153988, 0.70349926, 0.46390066, 0.12564340, 0.74091035, 0.70161235, 0.36635792, 0.26387441)
(0.85555011, 0.66913313, 0.48196429, 0.58332747, 0.58619642, 0.23218289, 0.74981844, 0.75209194, 0.28403249, 0.49523380)
(0.50486112, 0.28005567, 0.38271990, 0.80759346, 0.71614760, 0.60088032, 0.32620654, 0.12171183, 0.27340865, 0.60921609)
(0.76344037, 0.57527769, 0.28072914, 0.44675776, 0.44202974, 0.50940698, 0.73747200, 0.81232333, 0.45183682, 0.36596325)
(0.84495956, 0.50505245, 0.46545982, 0.18038067, 0.18299316, 0.54280668, 0.25639603, 0.26325500, 0.29642153, 0.75125301)
(0.38188651, 0.42226386, 0.69646251, 0.74201524, 0.71738213, 0.49861163, 0.48769173, 0.43490478, 0.68557876, 0.46043551)
(0.84895909, 0.15876380, 0.38058475, 0.43848529, 0.57533574, 0.28397983, 0.89007199, 0.72304642, 0.59208322, 0.29614690)
(0.81411165, 0.31282076, 0.31845757, 0.07889755, 0.08307201, 0.67962104, 0.42871720, 0.61335832, 0.69481349, 0.42469651)
(0.60438144, 0.36410576, 0.68150634, 0.65875691, 0.52254373, 0.26386967, 0.60509652, 0.59610289, 0.67145681, 0.32440430)
(0.65602189, 0.55049181, 0.57621157, 0.58557439, 0.61274868, 0.37492213, 0.78187144, 0.84308922, 0.70525247, 0.29493967)
(0.81762058, 0.40021351, 0.52597660, 0.74838060, 0.41910186, 0.10141210, 0.74621660, 0.79687929, 0.48215058, 0.17774422)
(0.72853547, 0.37447679, 0.58908319, 0.43848521, 0.72168154, 0.42120388, 0.86876321, 0.79611880, 0.73858196, 0.39358464)
(0.56452787, 0.27417219, 0.67358333, 0.59061635, 0.62872750, 0.41188294, 0.73121148, 0.63923067, 0.80916518, 0.31124094)
(0.74447340, 0.55715781, 0.50244421, 0.22787377, 0.29778999, 0.51988381, 0.47084901, 0.56597531, 0.49108374, 0.61525571)
(0.92796880, 0.33391646, 0.21099828, 0.25950471, 0.09600004, 0.27331063, 0.51671129, 0.57841235, 0.23883909, 0.35354614)
(0.75827676, 0.54399961, 0.55484837, 0.38827789, 0.40272161, 0.36769149, 0.39649013, 0.34444827, 0.29003334, 0.69810146)
(0.83630365, 0.58368653, 0.73643529, 0.63273633, 0.20609044, 0.05352070, 0.51634818, 0.76961434, 0.50227547, 0.22009580)
(0.64229411, 0.52732897, 0.46486703, 0.32926300, 0.46779409, 0.57394761, 0.71896869, 0.81424975, 0.70797944, 0.39189437)
(0.82486182, 0.31740490, 0.34356230, 0.29517707, 0.42690629, 0.42771053, 0.76058406, 0.65324616, 0.46699283, 0.46570671)
(0.43829373, 0.68245393, 0.56364101, 0.36061311, 0.51406288, 0.73562765, 0.58383024, 0.82503611, 0.80419254, 0.42406914)
(0.46296334, 0.29662141, 0.29494485, 0.35449073, 0.13166803, 0.75659555, 0.37584862, 0.70311838, 0.82666051, 0.17367144)
(0.78651905, 0.17819339, 0.15533450, 0.38290337, 0.12823938, 0.50256991, 0.63205230, 0.73800075, 0.59797895, 0.13801117)
(0.89256585, 0.36754823, 0.43042076, 0.29107773, 0.42069542, 0.29931858, 0.67710066, 0.45863307, 0.27275386, 0.63833076)
(0.96679425, 0.45257208, 0.43500334, 0.48421860, 0.41898066, 0.09618167, 0.66861707, 0.38396466, 0.06394228, 0.68323976)
(0.88046670, 0.86421001, 0.45072216, 0.68639904, 0.41317722, 0.17569579, 0.65400934, 0.87957531, 0.23685017, 0.37498742)
(0.85702312, 0.22302133, 0.54438561, 0.09621197, 0.11905181, 0.41104412, 0.52680361, 0.55814725, 0.72834247, 0.43439806)
(0.88820952, 0.30036888, 0.51986402, 0.10412370, 0.05515487, 0.40973413, 0.21015909, 0.27079231, 0.48736164, 0.58301115)
(0.95421660, 0.67455292, 0.16085252, 0.30039909, 0.05601732, 0.23268178, 0.39620015, 0.75143939, 0.13369800, 0.33911955)
(0.66687042, 0.62873125, 0.21552077, 0.58718759, 0.04448132, 0.37246746, 0.29697403, 0.90735281, 0.63434857, 0.06537641)
(0.39914641, 0.45259961, 0.72240293, 0.63792425, 0.70896840, 0.56569320, 0.58635175, 0.58829767, 0.79958242, 0.43899858)
(0.44070959, 0.80030268, 0.51033795, 0.40312356, 0.14467682, 0.62404436, 0.25000292, 0.85177648, 0.74542534, 0.27260819)
(0.72480756, 0.52965778, 0.42758811, 0.53218693, 0.69037598, 0.46709397, 0.67881298, 0.49470058, 0.28552726, 0.65499264)
(0.91319346, 0.28577363, 0.13978888, 0.23322251, 0.04065903, 0.34442383, 0.45230550, 0.70218861, 0.34962675, 0.18767354)
(0.77509218, 0.59566396, 0.24642327, 0.59349209, 0.07527949, 0.26088068, 0.52914560, 0.94113982, 0.63505244, 0.05974601)
(0.49388912, 0.54672283, 0.33139393, 0.82553989, 0.81188309, 0.66665095, 0.40764803, 0.24342640, 0.20677464, 0.67811596)
(0.69164443, 0.56539989, 0.75478840, 0.38062114, 0.60017824, 0.32742929, 0.67940545, 0.67057031, 0.65690744, 0.57622355)
(0.35853940, 0.56391084, 0.37340999, 0.93371534, 0.40413585, 0.36476371, 0.29888532, 0.68707728, 0.56441820, 0.11021994)
(0.73876154, 0.36655325, 0.28924382, 0.55192947, 0.73273772, 0.62072062, 0.70351213, 0.37731379, 0.26643580, 0.65476632)
(0.71775758, 0.50921959, 0.28247041, 0.16498077, 0.15961714, 0.73006809, 0.49826592, 0.77759045, 0.66465670, 0.37135655)
(0.64097273, 0.58057374, 0.54214394, 0.63385493, 0.84350377, 0.63352048, 0.45533279, 0.19266587, 0.23592785, 0.84345406)
(0.70622337, 0.37971166, 0.51302671, 0.16350706, 0.59563124, 0.76616800, 0.62181640, 0.39108360, 0.62207657, 0.77556545)
(0.65374637, 0.15481868, 0.52557874, 0.59063792, 0.36374319, 0.31856570, 0.64203417, 0.53869271, 0.73796749, 0.21221823)
(0.71658552, 0.78534019, 0.51550430, 0.42757475, 0.72732759, 0.59109604, 0.70087576, 0.69752479, 0.40196201, 0.71821386)
(0.55207336, 0.63750398, 0.56739473, 0.31124327, 0.52008790, 0.63485289, 0.61224300, 0.74670714, 0.69666630, 0.53752691)
(0.50195718, 0.67011207, 0.47756246, 0.71044487, 0.49667504, 0.46671855, 0.54209554, 0.78227884, 0.59175205, 0.29538962)
(0.67893344, 0.35078940, 0.63472396, 0.69899362, 0.52493662, 0.22765416, 0.79249644, 0.83418387, 0.79609054, 0.15530221)
(0.49791068, 0.59357709, 0.64746916, 0.30507052, 0.24153101, 0.63399589, 0.33585620, 0.67215544, 0.80195546, 0.41356045)
(0.44139305, 0.80130219, 0.61153954, 0.37714118, 0.42923424, 0.73238099, 0.27105820, 0.55275631, 0.57637984, 0.68265992)
(0.62218380, 0.75315464, 0.85304803, 0.25018549, 0.27373233, 0.50612420, 0.14766064, 0.31899381, 0.61153442, 0.78377074)
(0.68555629, 0.41269064, 0.34317964, 0.45549023, 0.80421549, 0.70857346, 0.90285128, 0.84278309, 0.70405382, 0.39034379)
(0.46474165, 0.51724011, 0.67982036, 0.46229193, 0.52053416, 0.53210998, 0.55409342, 0.66038942, 0.77381712, 0.44073686)
(0.67635989, 0.55725110, 0.70087057, 0.12290251, 0.16591179, 0.65317780, 0.21411422, 0.37805676, 0.70650214, 0.69808197)
(0.94406199, 0.45175171, 0.13761304, 0.37718511, 0.05496294, 0.18876188, 0.54435802, 0.82373673, 0.23117398, 0.15613933)
(0.85896045, 0.49323514, 0.09924924, 0.65419954, 0.14983110, 0.32718444, 0.58756602, 0.80010223, 0.20766328, 0.15576872)
(0.36506894, 0.63121563, 0.52257854, 0.41119802, 0.27497983, 0.68238223, 0.29942554, 0.66565585, 0.72921449, 0.39782655)
(0.70595527, 0.37871990, 0.50872117, 0.29665890, 0.55802149, 0.54191720, 0.83665752, 0.83790451, 0.79673338, 0.35290524)
(0.76483065, 0.50204825, 0.31401542, 0.14084454, 0.27648330, 0.81203395, 0.38634440, 0.39166036, 0.45047444, 0.73939782)
(0.60340607, 0.70459050, 0.74238807, 0.42933059, 0.38498846, 0.37073594, 0.33645982, 0.53518331, 0.53757620, 0.61052877)
(0.70118135, 0.11158717, 0.31310740, 0.64621049, 0.25536454, 0.31275055, 0.58137798, 0.46211872, 0.58305234, 0.16805512)
(0.88310796, 0.36570558, 0.09706432, 0.56635624, 0.05088051, 0.28180280, 0.40883526, 0.72879928, 0.22898543, 0.11251891)
(0.75627095, 0.44817677, 0.73132086, 0.38172585, 0.22189377, 0.21576494, 0.27926946, 0.34502217, 0.46813363, 0.55794364)
(0.66765457, 0.47617763, 0.74087310, 0.34974211, 0.23353289, 0.30426311, 0.33563682, 0.48659062, 0.65385216, 0.48088533)
(0.68456250, 0.69635779, 0.48116922, 0.32009807, 0.39053047, 0.62070966, 0.37043989, 0.47040468, 0.35758030, 0.72424322)
(0.81474507, 0.18509206, 0.15774360, 0.15756848, 0.25195318, 0.77227223, 0.68337029, 0.58144224, 0.58716416, 0.40936661)
(0.80823934, 0.50140429, 0.57969159, 0.39747706, 0.45656428, 0.25382099, 0.67604178, 0.66443157, 0.45049259, 0.50273114)
(0.83478004, 0.59657270, 0.14125414, 0.71238542, 0.61996257, 0.48860061, 0.77865899, 0.69469905, 0.13831191, 0.46574667)
(0.80734879, 0.27707121, 0.10698515, 0.47329593, 0.22581218, 0.63622117, 0.51210296, 0.43876851, 0.23822832, 0.37392583)
(0.47139850, 0.77009386, 0.72725850, 0.36958101, 0.29778913, 0.59168714, 0.20286885, 0.51256859, 0.62894368, 0.63120747)
(0.67736745, 0.38127929, 0.17975667, 0.18995471, 0.24270113, 0.88715053, 0.38872388, 0.42098856, 0.54469788, 0.56278330)
(0.68212599, 0.70649683, 0.64775085, 0.47218710, 0.67505068, 0.49898243, 0.35871777, 0.25996816, 0.25417444, 0.84509772)
(0.87266761, 0.83501554, 0.39488348, 0.49350896, 0.21928874, 0.21112981, 0.62472767, 0.92455930, 0.37130347, 0.26836932)
(0.75697529, 0.47532922, 0.68512493, 0.29446462, 0.72183675, 0.48049122, 0.89718598, 0.88028711, 0.84834152, 0.42345795)
(0.58310109, 0.46145219, 0.34788853, 0.44927108, 0.42849255, 0.68737662, 0.75335813, 0.89476699, 0.81989741, 0.19035037)
(0.64021707, 0.59361959, 0.86815244, 0.35198370, 0.30856165, 0.32081768, 0.17366320, 0.25571457, 0.58645433, 0.72406560)
(0.75969636, 0.49479547, 0.37562820, 0.55392051, 0.44223738, 0.33643484, 0.76627600, 0.84001571, 0.53976893, 0.25408277)
(0.76324034, 0.55171186, 0.20320289, 0.75658292, 0.57990241, 0.38942361, 0.85905576, 0.90337390, 0.44310313, 0.16486333)
(0.79253340, 0.28050143, 0.17785352, 0.61751616, 0.35805967, 0.36397088, 0.74561268, 0.70679051, 0.36162749, 0.22088331)
(0.82657605, 0.50720721, 0.39198449, 0.17892246, 0.43454567, 0.79173154, 0.32437837, 0.15460263, 0.24684314, 0.88698816)
(0.88940328, 0.33148643, 0.46250781, 0.40540928, 0.19057553, 0.12440065, 0.59863603, 0.63019925, 0.37360758, 0.30723795)
(0.77725178, 0.18528408, 0.15836717, 0.34679058, 0.16092579, 0.60289025, 0.48366019, 0.41251233, 0.39991808, 0.33418065)
(0.81613505, 0.67876554, 0.55568600, 0.42049485, 0.22475454, 0.28589550, 0.19418368, 0.30020490, 0.18364315, 0.70379883)
(0.82331181, 0.58460534, 0.37466520, 0.46821889, 0.36375299, 0.26307595, 0.69541854, 0.78906143, 0.36148244, 0.36380729)
(0.51780814, 0.59803343, 0.67219549, 0.51199740, 0.77304977, 0.57505441, 0.70977622, 0.69060522, 0.69784248, 0.57126749)
(0.74655122, 0.87016988, 0.59128368, 0.87201959, 0.49202633, 0.17169411, 0.69390720, 0.94917667, 0.56513071, 0.14261077)
(0.80146384, 0.68076849, 0.53515923, 0.80939126, 0.60114527, 0.16496018, 0.64945340, 0.71470600, 0.26926440, 0.38328144)
(0.89982212, 0.58175236, 0.40226349, 0.17913595, 0.27795351, 0.37537241, 0.72415721, 0.80214679, 0.43771818, 0.51437014)
(0.44596353, 0.58659601, 0.37587956, 0.59803116, 0.58290374, 0.69362295, 0.45835030, 0.51692075, 0.43689984, 0.53915304)
(0.37074521, 0.61625367, 0.40350020, 0.39587328, 0.32437244, 0.77448905, 0.38860431, 0.73316818, 0.73122644, 0.37249863)
(0.54995751, 0.60456723, 0.45839620, 0.37450683, 0.23082256, 0.64162827, 0.51243877, 0.87673122, 0.81389254, 0.22082976)
(0.80071908, 0.79355192, 0.13108748, 0.72234142, 0.60309047, 0.57883787, 0.86456090, 0.94856650, 0.36500609, 0.20565465)
(0.68408883, 0.73560333, 0.38345149, 0.85903215, 0.54581863, 0.28121552, 0.45202103, 0.62752664, 0.20282406, 0.39777392)
(0.70013398, 0.42271861, 0.32350618, 0.50686687, 0.32813981, 0.47297627, 0.36456871, 0.32253841, 0.24245588, 0.56191421)
(0.77310723, 0.70065218, 0.54768264, 0.68351084, 0.11056618, 0.09405739, 0.24436823, 0.70579880, 0.34258235, 0.21707754)
(0.75485712, 0.16008106, 0.09629244, 0.23982948, 0.03233299, 0.72688317, 0.27886996, 0.53454506, 0.59794956, 0.14782609)
(0.83928251, 0.38721702, 0.74621594, 0.20124522, 0.50849897, 0.37206477, 0.51876408, 0.25648692, 0.45531347, 0.81566000)
(0.68228281, 0.21535222, 0.20533882, 0.82100493, 0.67014289, 0.46460310, 0.63195747, 0.31966150, 0.22317226, 0.39053118)
(0.43420711, 0.72119784, 0.65512991, 0.69563818, 0.76440400, 0.56298602, 0.52943170, 0.60042739, 0.56798595, 0.58499038)
(0.77405488, 0.78586668, 0.84270835, 0.45787907, 0.54750347, 0.23028089, 0.39477611, 0.48376852, 0.39350674, 0.75632638)
(0.75899440, 0.72847825, 0.56502032, 0.71908510, 0.73536789, 0.36669752, 0.34813961, 0.23338144, 0.11545928, 0.82697356)
(0.62029094, 0.48315462, 0.45646316, 0.66686934, 0.74928564, 0.59882671, 0.33973882, 0.13397601, 0.19169979, 0.80563086)
(0.89858150, 0.56562084, 0.64105713, 0.34644926, 0.23473211, 0.14027399, 0.43310159, 0.50556374, 0.27934819, 0.57970768)
(0.84297383, 0.16673002, 0.32883635, 0.20942886, 0.06100753, 0.33501670, 0.44008315, 0.56580579, 0.61715847, 0.21899658)
(0.80998737, 0.31984979, 0.41730267, 0.41577986, 0.09250124, 0.17498910, 0.39421499, 0.57896549, 0.45175743, 0.22443399)
(0.65814602, 0.53545332, 0.27139801, 0.45816556, 0.74256635, 0.88674504, 0.36236364, 0.13470086, 0.18175240, 0.87208605)
(0.57533091, 0.50359845, 0.76743007, 0.75665283, 0.84380400, 0.38076723, 0.38150793, 0.17175296, 0.37648931, 0.77289450)
(0.83568937, 0.39241567, 0.44242850, 0.24193588, 0.50166965, 0.41912109, 0.84169561, 0.79186040, 0.60465628, 0.45059973)
(0.54542994, 0.72663558, 0.86146593, 0.50270677, 0.46901548, 0.33938453, 0.36161554, 0.59640151, 0.71476156, 0.56729156)
(0.81951118, 0.27284214, 0.21971783, 0.27318156, 0.20977175, 0.48933700, 0.71350735, 0.76191121, 0.56218761, 0.26065022)
(0.82987571, 0.20332509, 0.35032988, 0.41048530, 0.48135555, 0.33734575, 0.78812432, 0.57461137, 0.45841807, 0.40544385)
(0.80559897, 0.52745092, 0.80365509, 0.17347215, 0.14129649, 0.33291411, 0.18042171, 0.27478656, 0.55019653, 0.71205020)
(0.71819198, 0.66309530, 0.55064237, 0.42779320, 0.32060999, 0.36340353, 0.35216427, 0.49573454, 0.33166710, 0.60959923)
(0.65697974, 0.60742104, 0.67189413, 0.40565190, 0.57599854, 0.42167133, 0.72955030, 0.80922592, 0.73178679, 0.44278571)
(0.80009586, 0.52937424, 0.55321407, 0.35096791, 0.44092306, 0.34706315, 0.51129448, 0.42306221, 0.31199414, 0.69090557)
(0.56669670, 0.69346517, 0.76963341, 0.43546003, 0.47229201, 0.39132467, 0.41027898, 0.58114451, 0.61528414, 0.60685283)
(0.50610274, 0.84749258, 0.67760468, 0.31581202, 0.31555966, 0.66348326, 0.43622434, 0.90281940, 0.83707064, 0.36385939)
(0.86772066, 0.66739482, 0.31997412, 0.31925869, 0.07193022, 0.29497513, 0.27693409, 0.67804438, 0.28501135, 0.35781795)
(0.71679270, 0.72719193, 0.57696670, 0.75045067, 0.30313656, 0.14990740, 0.45720196, 0.79504621, 0.42711228, 0.25253510)
(0.75673109, 0.44281334, 0.86344045, 0.21952346, 0.42575753, 0.30017051, 0.44950598, 0.37168607, 0.68277133, 0.71793938)
(0.69562715, 0.16086581, 0.48857540, 0.38531145, 0.24348792, 0.39299801, 0.59367371, 0.55413908, 0.75388491, 0.24891172)
(0.85070968, 0.40863481, 0.04639235, 0.67201203, 0.61600614, 0.73172480, 0.88314718, 0.82305390, 0.23855735, 0.25377727)
(0.92967826, 0.39148107, 0.64383376, 0.28829715, 0.05943999, 0.05599608, 0.37633541, 0.60169220, 0.41494584, 0.27996701)
(0.77979475, 0.70233607, 0.59712732, 0.22218756, 0.38978747, 0.50150752, 0.47760585, 0.56987149, 0.43089792, 0.73541981)
(0.59785587, 0.56432229, 0.42530927, 0.44508958, 0.61944717, 0.64737165, 0.73703498, 0.78775126, 0.65344644, 0.42458090)
(0.77187330, 0.35360995, 0.66563958, 0.22566803, 0.57629061, 0.43766904, 0.68723392, 0.46649951, 0.59544575, 0.68400663)
(0.94540972, 0.60906637, 0.36225119, 0.52102649, 0.17676145, 0.08541847, 0.58329362, 0.73327607, 0.14751838, 0.34653699)
(0.45307523, 0.54636526, 0.42791352, 0.27789763, 0.32366943, 0.80302286, 0.54108346, 0.83113921, 0.84781122, 0.31820714)
(0.91570395, 0.27276811, 0.50197291, 0.39159298, 0.27606016, 0.09847595, 0.78639674, 0.76829571, 0.48141742, 0.25858986)
(0.80522418, 0.12265661, 0.22448163, 0.57279116, 0.34269625, 0.37613299, 0.86520064, 0.83314866, 0.72779340, 0.09255139)
(0.88649923, 0.79753494, 0.25652653, 0.59919953, 0.08622389, 0.18730645, 0.22364989, 0.67792815, 0.11259216, 0.34585094)
(0.43363976, 0.67129010, 0.66434711, 0.30747950, 0.27830163, 0.66077524, 0.36121705, 0.75429755, 0.82934874, 0.40548003)
(0.81977195, 0.31924036, 0.23075145, 0.34633306, 0.17246923, 0.42134953, 0.67640102, 0.80853194, 0.56336528, 0.19642267)
(0.69043815, 0.38046706, 0.52796191, 0.31069157, 0.39839411, 0.44703376, 0.63165641, 0.62938774, 0.63064361, 0.46366459)
(0.67166078, 0.69113827, 0.48118886, 0.79158622, 0.35936302, 0.24863669, 0.64304084, 0.90866619, 0.63341904, 0.12758151)
(0.73576397, 0.25343564, 0.59958696, 0.23004271, 0.32439977, 0.41567394, 0.63428098, 0.57498318, 0.73615479, 0.43341506)
(0.49512675, 0.35248712, 0.71615046, 0.53701192, 0.54226667, 0.44297776, 0.54767245, 0.50129992, 0.76401174, 0.42877755)
(0.51046121, 0.71840113, 0.58075857, 0.34687975, 0.61321110, 0.71138537, 0.48766032, 0.56817657, 0.55308098, 0.72035640)
(0.56140959, 0.29375884, 0.53279513, 0.53059345, 0.44221807, 0.46905407, 0.65849864, 0.68203795, 0.77837545, 0.26176876)
(0.70034057, 0.46939445, 0.55319571, 0.27262750, 0.65111017, 0.58108222, 0.72943705, 0.59479594, 0.58077776, 0.66570413)
(0.53078902, 0.62421858, 0.63456029, 0.72504920, 0.62235975, 0.41065168, 0.69372010, 0.84309882, 0.75975442, 0.25096014)
(0.76755643, 0.35196114, 0.65144706, 0.16205671, 0.39833584, 0.47528774, 0.69764549, 0.66706783, 0.76408821, 0.52971959)
(0.77084696, 0.39541540, 0.39472994, 0.17835674, 0.23425348, 0.70662719, 0.28273386, 0.22666414, 0.39706862, 0.74272907)
(0.87496662, 0.61809188, 0.42860898, 0.38896599, 0.08964006, 0.14694169, 0.37777516, 0.74221742, 0.33525845, 0.28140175)
(0.65997797, 0.48155808, 0.30599639, 0.48963723, 0.75274819, 0.80001968, 0.60759670, 0.35472468, 0.32233176, 0.73141992)
(0.85276616, 0.24884510, 0.50551969, 0.11982077, 0.24400344, 0.44891766, 0.60661697, 0.47478664, 0.59401655, 0.57839853)
(0.49048385, 0.73901176, 0.33141950, 0.96568596, 0.57618481, 0.32139042, 0.59138966, 0.91220945, 0.59437615, 0.05842522)
(0.89017880, 0.20669305, 0.21676029, 0.13538063, 0.27711803, 0.60862911, 0.76626927, 0.61583745, 0.51065046, 0.47598299)
(0.71237934, 0.53195834, 0.47900596, 0.29836959, 0.45616341, 0.50880188, 0.67213285, 0.70884937, 0.56613660, 0.52422613)
(0.86354899, 0.54266500, 0.65699965, 0.13883011, 0.17584966, 0.50439274, 0.17156316, 0.16902268, 0.32622251, 0.84008360)
(0.63097709, 0.73888236, 0.32348594, 0.56432748, 0.41541424, 0.57788563, 0.64164007, 0.88813603, 0.56924605, 0.26973879)
(0.47224441, 0.22016400, 0.34191632, 0.60064518, 0.36958084, 0.65560853, 0.63679409, 0.70965487, 0.82172418, 0.15381499)
(0.47686476, 0.48107022, 0.66906476, 0.27265623, 0.23956938, 0.64403015, 0.37920079, 0.66104871, 0.86270547, 0.37695849)
(0.86806738, 0.30269429, 0.30081183, 0.32234037, 0.17117248, 0.26174411, 0.66347694, 0.73465329, 0.46378484, 0.25905842)
(0.80431247, 0.40917906, 0.66746867, 0.40919170, 0.34956023, 0.18825373, 0.50834948, 0.46068031, 0.42968959, 0.53098232)
(0.57263005, 0.61885273, 0.55615091, 0.33730811, 0.29159978, 0.51833904, 0.37730202, 0.60638046, 0.57315850, 0.51929319)
(0.72065496, 0.76279980, 0.74237800, 0.75286508, 0.15976125, 0.08852089, 0.18040600, 0.64240992, 0.39715591, 0.29848406)
(0.72555029, 0.33288988, 0.41825718, 0.53306061, 0.84696788, 0.67637140, 0.67222786, 0.22130555, 0.29080150, 0.78989798)
(0.85448271, 0.62271565, 0.85470402, 0.63740683, 0.33515963, 0.05190163, 0.42891911, 0.59772402, 0.41851783, 0.42838702)
(0.40325105, 0.46706304, 0.17208172, 0.63134778, 0.27031633, 0.82285535, 0.53226912, 0.86966085, 0.78298396, 0.10805705)
(0.80062437, 0.19935630, 0.32386208, 0.69220793, 0.16405483, 0.13153005, 0.52726430, 0.57168913, 0.39628857, 0.13131464)
(0.70260513, 0.31643486, 0.69183856, 0.16036512, 0.51061600, 0.61580068, 0.57634902, 0.35479406, 0.71417052, 0.73923612)
(0.71006882, 0.72702491, 0.74502671, 0.49603668, 0.57245207, 0.31259313, 0.34297013, 0.35430464, 0.30690813, 0.78111833)
(0.79436046, 0.56750023, 0.58070314, 0.32168168, 0.33682734, 0.31051773, 0.60624027, 0.72829986, 0.53283298, 0.46991476)
(0.78437775, 0.30197260, 0.78562510, 0.07710379, 0.31484863, 0.59650230, 0.41697454, 0.25557166, 0.76120585, 0.79997641)
(0.76718068, 0.82941645, 0.83915520, 0.78933090, 0.54819405, 0.09919486, 0.58929282, 0.84328127, 0.55779034, 0.34547070)
(0.84430754, 0.22549494, 0.30329061, 0.29972139, 0.19207427, 0.32303226, 0.68270123, 0.69257689, 0.54058564, 0.26261291)
(0.79485005, 0.67331904, 0.15022309, 0.75243360, 0.41054258, 0.42162558, 0.60190308, 0.71336460, 0.14476271, 0.35483781)
(0.58774358, 0.27644175, 0.27454942, 0.26945168, 0.20210455, 0.75442457, 0.42049092, 0.51812327, 0.67969739, 0.35932899)
(0.68188798, 0.72403413, 0.31119379, 0.95471507, 0.40336877, 0.15816385, 0.58256793, 0.90932900, 0.42670339, 0.05966211)
(0.75489163, 0.18331112, 0.12913440, 0.66287774, 0.61702621, 0.62061012, 0.78493178, 0.50901771, 0.33080220, 0.33502421)
(0.61550677, 0.38864022, 0.56303573, 0.69053262, 0.80038005, 0.41401929, 0.80552900, 0.65908414, 0.60663921, 0.40795267)
(0.82862604, 0.29233667, 0.69045353, 0.55242342, 0.44530305, 0.12085877, 0.60240173, 0.43141347, 0.42025781, 0.45647967)
(0.85274136, 0.61408794, 0.18808378, 0.42146236, 0.39139962, 0.65986055, 0.49177930, 0.41269204, 0.13351707, 0.71441865)
(0.72954375, 0.20456779, 0.67633396, 0.46203032, 0.38349128, 0.24012583, 0.61348206, 0.47840512, 0.68981981, 0.35867214)
(0.47897416, 0.33698735, 0.40667436, 0.66442347, 0.47466800, 0.56521988, 0.66868722, 0.74984068, 0.76845127, 0.19005662)
(0.51010287, 0.70931655, 0.69346869, 0.68631810, 0.89389563, 0.67659491, 0.40151697, 0.21356395, 0.33486015, 0.86502379)
(0.44430736, 0.51542068, 0.31473669, 0.72830391, 0.44837603, 0.69609660, 0.13927731, 0.13161615, 0.24631560, 0.61550665)
(0.80121058, 0.64320499, 0.44750738, 0.23034120, 0.49756882, 0.57410997, 0.73804170, 0.76724243, 0.51827395, 0.60888577)
(0.77600271, 0.61755240, 0.61217344, 0.46694037, 0.71772218, 0.41841996, 0.51061827, 0.28899178, 0.21497764, 0.83172148)
(0.86561042, 0.20396827, 0.08319002, 0.08034898, 0.10957889, 0.91026717, 0.41485989, 0.36992380, 0.49510595, 0.52730846)
(0.93078905, 0.44159067, 0.20695324, 0.45453334, 0.12841208, 0.17421825, 0.59377617, 0.71877944, 0.19306599, 0.25952169)
(0.48142681, 0.69325560, 0.49873802, 0.36308628, 0.47329196, 0.68527311, 0.49118736, 0.70083481, 0.62104768, 0.55028403)
(0.37116316, 0.93608302, 0.84751493, 0.40643972, 0.43942127, 0.75307900, 0.08326162, 0.42453906, 0.61050487, 0.83019930)
(0.87418520, 0.18184733, 0.23805873, 0.20472257, 0.05224444, 0.36210677, 0.40450788, 0.51374704, 0.46129423, 0.25715297)
(0.59819824, 0.47944266, 0.64775854, 0.58540666, 0.43722025, 0.34269357, 0.60588163, 0.74660397, 0.73784649, 0.27937344)
(0.81613362, 0.23748443, 0.57318199, 0.72647208, 0.48866811, 0.12109382, 0.86733347, 0.85774773, 0.74162745, 0.10854005)
(0.73676616, 0.55854517, 0.43546659, 0.36214143, 0.02110189, 0.29816514, 0.08123558, 0.51656467, 0.52604204, 0.22448678)
(0.78878176, 0.57555121, 0.62977356, 0.13064127, 0.30433801, 0.55539012, 0.43060839, 0.46908063, 0.53775740, 0.75020826)
(0.79485220, 0.42489997, 0.25634763, 0.50632828, 0.06179889, 0.26051155, 0.52932817, 0.91214550, 0.67428994, 0.06153995)
(0.61325270, 0.46053287, 0.57985932, 0.44218168, 0.36420539, 0.40256721, 0.56765497, 0.70198119, 0.68917686, 0.35063273)
(0.62110096, 0.55283195, 0.61524326, 0.55485851, 0.39403456, 0.30459967, 0.40780032, 0.52110589, 0.45241860, 0.48598751)
(0.80230600, 0.31871217, 0.28875536, 0.12943059, 0.44199505, 0.80535096, 0.63995177, 0.41487947, 0.50508511, 0.72071660)
(0.75627428, 0.20227925, 0.20234397, 0.49222946, 0.29282495, 0.49733847, 0.58662331, 0.43935856, 0.37412485, 0.34141177)
(0.82311898, 0.32023409, 0.70299762, 0.47241303, 0.21908869, 0.10822119, 0.44889101, 0.46209601, 0.49198893, 0.36622527)
(0.65527719, 0.65610480, 0.51095194, 0.41092902, 0.39562351, 0.45035830, 0.59070152, 0.78547996, 0.58091354, 0.42369357)
(0.73106968, 0.57584703, 0.47830325, 0.48255423, 0.44473088, 0.33516294, 0.58142823, 0.63273549, 0.37000632, 0.50866753)
(0.86837709, 0.14546412, 0.25871432, 0.37750885, 0.15045725, 0.25367114, 0.66250008, 0.60400188, 0.47678295, 0.20387538)
(0.58657962, 0.78367972, 0.66589653, 0.71686649, 0.75571495, 0.44832802, 0.37182581, 0.37337115, 0.29137310, 0.75844324)
(0.66856927, 0.77644259, 0.47725281, 0.59444481, 0.79987335, 0.59889674, 0.72052807, 0.69082463, 0.37879950, 0.66446775)
(0.51653236, 0.28051504, 0.77946085, 0.16072106, 0.47521612, 0.76931077, 0.62772626, 0.63118035, 0.94958752, 0.47294214)
(0.53756094, 0.59829324, 0.37889734, 0.94747144, 0.86169362, 0.39172783, 0.71254843, 0.70202833, 0.38018107, 0.24395210)
(0.74512142, 0.59302205, 0.68231571, 0.19645043, 0.23407091, 0.43168104, 0.36087993, 0.53329319, 0.58891529, 0.62817734)
(0.68744260, 0.70846117, 0.66915828, 0.49697053, 0.74737865, 0.43195796, 0.63225609, 0.53074741, 0.38717687, 0.74899471)
(0.77670842, 0.34385487, 0.75543046, 0.38708165, 0.77288657, 0.31705949, 0.84264731, 0.62035668, 0.69467503, 0.58469105)
(0.80096132, 0.56669444, 0.42018947, 0.85122138, 0.72111499, 0.18121287, 0.84076077, 0.82154560, 0.35278571, 0.24303310)
(0.61938351, 0.45745379, 0.47588372, 0.49176604, 0.76808989, 0.69409448, 0.54693794, 0.26924127, 0.34907043, 0.77586263)
(0.85783160, 0.65183991, 0.42851168, 0.16576838, 0.24493556, 0.48486227, 0.63277209, 0.80325592, 0.51396376, 0.52962631)
(0.57048607, 0.27986243, 0.68275237, 0.70746177, 0.67889541, 0.30878398, 0.67663282, 0.51350439, 0.68909347, 0.35529289)
(0.41768083, 0.79845226, 0.59514070, 0.38946012, 0.51257402, 0.72475100, 0.40061426, 0.69122589, 0.63899243, 0.61845052)
(0.80692732, 0.36451080, 0.38067913, 0.83307898, 0.30726457, 0.09203959, 0.58860189, 0.68988144, 0.30876413, 0.14286368)
(0.83667254, 0.67475528, 0.56485945, 0.40975758, 0.05048380, 0.11577597, 0.26112813, 0.78687459, 0.48899868, 0.19699092)
(0.81896526, 0.47114882, 0.42909956, 0.33113328, 0.32907510, 0.34083119, 0.60251755, 0.61858994, 0.38397032, 0.50271147)
(0.85901940, 0.35964519, 0.27155444, 0.41294315, 0.43925127, 0.35872245, 0.85293692, 0.83487940, 0.48916474, 0.28520915)
(0.71388137, 0.29082668, 0.82640678, 0.33624887, 0.31428587, 0.25550801, 0.39661559, 0.32183644, 0.71244562, 0.54264325)
(0.44900569, 0.43300793, 0.71497935, 0.60404456, 0.66700137, 0.48748121, 0.52522904, 0.45780355, 0.69176948, 0.52704555)
(0.62563586, 0.85543859, 0.50914371, 0.53815573, 0.84718269, 0.77614260, 0.58207977, 0.53902209, 0.30761117, 0.83547622)
(0.78975719, 0.56435555, 0.73434538, 0.57509792, 0.11562266, 0.10219038, 0.14854355, 0.37247989, 0.35519731, 0.40797961)
(0.52646780, 0.48448569, 0.60035640, 0.60264224, 0.40117356, 0.35776553, 0.34168702, 0.42112339, 0.48071206, 0.48512530)
(0.86248219, 0.37513310, 0.38771707, 0.28557348, 0.24974681, 0.35106093, 0.49654305, 0.41805699, 0.29728770, 0.57330751)
(0.92890102, 0.40561694, 0.37860173, 0.23327152, 0.12589282, 0.22431429, 0.41345885, 0.41887170, 0.21486980, 0.54933262)
(0.41125521, 0.62576425, 0.77310199, 0.33941913, 0.13278390, 0.64508569, 0.07350696, 0.29141349, 0.76830471, 0.55478555)
(0.46206468, 0.65378833, 0.79236954, 0.42793170, 0.28766024, 0.51306379, 0.23282005, 0.51923019, 0.76566744, 0.50263584)
(0.82747293, 0.31670374, 0.17013848, 0.36764824, 0.22032240, 0.47373539, 0.66789383, 0.71139538, 0.39828524, 0.28261375)
(0.67779690, 0.15500903, 0.18038858, 0.42904773, 0.36434907, 0.69988269, 0.72158808, 0.61951816, 0.64618182, 0.24371076)
(0.66270638, 0.55934918, 0.35037178, 0.20207231, 0.57439905, 0.86777526, 0.52669793, 0.41083339, 0.47710136, 0.79694963)
(0.37212914, 0.65994519, 0.50078022, 0.51909590, 0.41481328, 0.67203641, 0.41121104, 0.73328096, 0.69894922, 0.38328084)
(0.82883888, 0.42059863, 0.46026021, 0.60590357, 0.21651885, 0.11221752, 0.58609825, 0.72781438, 0.40382731, 0.20550460)
(0.79157495, 0.25691307, 0.45637494, 0.64927155, 0.11785796, 0.10239875, 0.33140785, 0.43955016, 0.37275758, 0.18572764)
(0.86877012, 0.15277134, 0.17799984, 0.15171173, 0.07576872, 0.63244116, 0.43119562, 0.40997177, 0.51816100, 0.35311159)
(0.87001961, 0.63199735, 0.35002118, 0.36342481, 0.02341791, 0.15598239, 0.21665937, 0.80084109, 0.42970324, 0.14153723)
(0.72388774, 0.33294004, 0.20941511, 0.60009527, 0.39583269, 0.47680676, 0.80336875, 0.85391992, 0.60847872, 0.15065031)
(0.69286972, 0.37231585, 0.50328177, 0.61919296, 0.17487897, 0.17185947, 0.30083817, 0.42982757, 0.39835557, 0.28513125)
(0.50319505, 0.32317480, 0.52734590, 0.78275079, 0.69746739, 0.41965726, 0.70117921, 0.62620705, 0.67058831, 0.26260346)
(0.81227404, 0.38888943, 0.71291512, 0.70921028, 0.65230024, 0.10710070, 0.79885679, 0.71160901, 0.53743774, 0.32797682)
(0.69466805, 0.64769584, 0.64811099, 0.58128166, 0.40890250, 0.25534633, 0.29251847, 0.38318932, 0.28991821, 0.63032508)
(0.58867961, 0.49687031, 0.81347251, 0.50982785, 0.64716148, 0.58208323, 0.11895575, 0.04913121, 0.37659174, 0.89633685)
(0.59360886, 0.54588473, 0.37823644, 0.52465165, 0.73851025, 0.82382447, 0.31288493, 0.12998302, 0.21814457, 0.85776508)
(0.55967039, 0.10267068, 0.39541021, 0.66448325, 0.66730917, 0.62148792, 0.77796108, 0.50710934, 0.78668916, 0.23634681)
(0.55954134, 0.53877616, 0.40680805, 0.64356190, 0.84019041, 0.69757891, 0.74497545, 0.60629267, 0.47738716, 0.56946325)
(0.71186817, 0.29744986, 0.42832404, 0.47850031, 0.71592158, 0.48703879, 0.86355662, 0.74063730, 0.64575636, 0.38741311)
(0.91879416, 0.30261591, 0.11698557, 0.29586813, 0.02787632, 0.30548829, 0.37240815, 0.69723076, 0.28952992, 0.14856716)
(0.78547728, 0.13950650, 0.19837469, 0.40519649, 0.50553221, 0.59694898, 0.82717979, 0.60131150, 0.55209315, 0.32919258)
(0.38974175, 0.66987926, 0.47922766, 0.42357492, 0.53198248, 0.77695215, 0.48798746, 0.70631081, 0.70373493, 0.50705403)
(0.75444937, 0.53804326, 0.65191865, 0.40975407, 0.46612450, 0.44099349, 0.20667455, 0.12363990, 0.23124608, 0.84273273)
(0.32209426, 0.76909781, 0.48760590, 0.49281338, 0.38238886, 0.78555655, 0.38338536, 0.84366703, 0.78688717, 0.32897675)
(0.63415468, 0.54996359, 0.50271666, 0.53564316, 0.88011533, 0.75887823, 0.60872811, 0.26637435, 0.31234476, 0.84390092)
(0.74575037, 0.37899402, 0.32545370, 0.40603900, 0.69070441, 0.59588230, 0.84009778, 0.71176916, 0.52064580, 0.48589021)
(0.64005077, 0.77534556, 0.49371308, 0.59336185, 0.62433910, 0.57407165, 0.31514987, 0.34405798, 0.20903450, 0.78406882)
(0.91890907, 0.53440619, 0.16817853, 0.57715100, 0.12046225, 0.18677235, 0.51401246, 0.70843738, 0.13597804, 0.24747288)
(0.80872256, 0.14007835, 0.31108886, 0.40240473, 0.08361775, 0.24227299, 0.54130447, 0.64542919, 0.64608222, 0.11669715)
(0.55776286, 0.69701856, 0.75159049, 0.26550403, 0.36913624, 0.57024884, 0.29948235, 0.48583218, 0.64497936, 0.70304382)
(0.76364428, 0.69297671, 0.72652596, 0.44732046, 0.65794170, 0.39199769, 0.32026616, 0.20023569, 0.22060311, 0.87562901)
(0.60338980, 0.77041811, 0.50374222, 0.38014603, 0.70841748, 0.84141237, 0.28649074, 0.21359397, 0.25790998, 0.90333450)
(0.55182505, 0.53852874, 0.21636043, 0.92469853, 0.60560524, 0.39052549, 0.56300205, 0.67981315, 0.31267098, 0.17000660)
(0.31221744, 0.85566300, 0.61289567, 0.44486851, 0.28847650, 0.77253520, 0.28593862, 0.87662870, 0.84535414, 0.31499320)
(0.75526851, 0.50159788, 0.68824685, 0.49293974, 0.42760327, 0.28348640, 0.23254409, 0.15720655, 0.24893571, 0.76402593)
(0.63064021, 0.28549701, 0.33069018, 0.43546814, 0.77201658, 0.76607865, 0.83657205, 0.65070367, 0.66348100, 0.47728154)
(0.85544306, 0.36209083, 0.52857125, 0.39187303, 0.16267371, 0.13176595, 0.67728889, 0.82834858, 0.64317870, 0.17135657)
(0.77342469, 0.37746432, 0.21501568, 0.79647589, 0.59912312, 0.32473004, 0.67763495, 0.49543253, 0.15611111, 0.39287519)
(0.70871198, 0.44885835, 0.66539270, 0.39668763, 0.61942852, 0.36218128, 0.62482554, 0.44797769, 0.48174143, 0.66800368)
(0.76487637, 0.51207948, 0.61520338, 0.12127330, 0.53385645, 0.71504956, 0.52036899, 0.33427024, 0.54536778, 0.85654074)
(0.61349690, 0.42247823, 0.53465718, 0.77871507, 0.79364008, 0.36390573, 0.63371378, 0.43159392, 0.36880389, 0.51183891)
(0.58112985, 0.48561990, 0.21351816, 0.32591969, 0.47608382, 0.84950089, 0.69834471, 0.80670166, 0.68918163, 0.35651267)
(0.51906252, 0.63889998, 0.69249880, 0.48164412, 0.77392304, 0.64140493, 0.48305735, 0.35608026, 0.49051020, 0.79585123)
(0.67770898, 0.38890252, 0.08494523, 0.36941662, 0.20455250, 0.84357578, 0.44395795, 0.57873851, 0.39559135, 0.34651265)
(0.38952327, 0.50198799, 0.63570088, 0.25981480, 0.11116897, 0.73982978, 0.14266522, 0.44802850, 0.85343575, 0.40201333)
(0.51310688, 0.63944608, 0.85241252, 0.23251680, 0.33264449, 0.59948766, 0.23048319, 0.38358364, 0.78353429, 0.71676278)
(0.65063357, 0.47179013, 0.91191477, 0.35182571, 0.57096386, 0.28861597, 0.49193308, 0.40839520, 0.78590643, 0.67047286)
(0.80584037, 0.48198345, 0.50597280, 0.64139903, 0.23566344, 0.10616126, 0.55884802, 0.73387009, 0.40405288, 0.21649036)
(0.56897950, 0.24859291, 0.54059613, 0.71824336, 0.43286976, 0.30059963, 0.59342206, 0.59081733, 0.69202965, 0.20334919)
(0.71452850, 0.52219892, 0.27657130, 0.69719368, 0.30394050, 0.29497296, 0.51167190, 0.67302871, 0.29597741, 0.26722035)
(0.59525388, 0.72635132, 0.46327430, 0.71686977, 0.50470638, 0.44342422, 0.24472396, 0.34125796, 0.21027984, 0.65159565)
(0.86301672, 0.18934938, 0.18606052, 0.55665749, 0.13848920, 0.21153013, 0.67147130, 0.71935463, 0.40564409, 0.12089083)
(0.83154339, 0.70434070, 0.40171424, 0.75396895, 0.39302608, 0.16966447, 0.81630927, 0.95240867, 0.54659826, 0.11494034)
(0.63988471, 0.49885881, 0.60534120, 0.77696425, 0.68123001, 0.25610358, 0.74990094, 0.75530034, 0.60046774, 0.27945441)
(0.76437134, 0.38169748, 0.75100738, 0.31137273, 0.69880801, 0.37462169, 0.72049904, 0.44701442, 0.59765631, 0.70916933)
(0.71704847, 0.52312797, 0.50086206, 0.10846671, 0.31294769, 0.79073626, 0.36850879, 0.37178206, 0.60001141, 0.78484023)
(0.92164469, 0.36325201, 0.25695616, 0.10530712, 0.18332237, 0.58311254, 0.55342287, 0.44997314, 0.31173488, 0.67641997)
(0.80835199, 0.51720154, 0.67338556, 0.18154199, 0.39923599, 0.40644789, 0.60050350, 0.59313887, 0.58918697, 0.65598214)
(0.74095839, 0.35362431, 0.55280370, 0.59194225, 0.28130668, 0.21237218, 0.74860013, 0.88498133, 0.81031924, 0.10655060)
(0.77831888, 0.72001463, 0.32351092, 0.62273377, 0.21116509, 0.28092083, 0.50957280, 0.85112303, 0.37651479, 0.22156273)
(0.81243497, 0.29866090, 0.77303910, 0.34351498, 0.07175327, 0.11360611, 0.29699260, 0.52236199, 0.73664355, 0.23134279)
(0.54957485, 0.74020672, 0.59877890, 0.21570593, 0.57926488, 0.76275265, 0.63749886, 0.80293387, 0.75911844, 0.62551641)
(0.78292930, 0.47477126, 0.62440681, 0.15647760, 0.25550994, 0.58171892, 0.26690722, 0.22621565, 0.45494321, 0.79857111)
(0.64269263, 0.20435935, 0.61733031, 0.06112552, 0.17790823, 0.84534842, 0.34380448, 0.31968763, 0.90484023, 0.61570984)
(0.53313947, 0.61093467, 0.19977909, 0.95858139, 0.84667230, 0.52991438, 0.56827658, 0.50889570, 0.16684343, 0.35436192)
(0.68996865, 0.17141894, 0.51362848, 0.44824281, 0.31304052, 0.40820503, 0.74069035, 0.75589049, 0.86295766, 0.15397985)
(0.85414565, 0.44776377, 0.28940433, 0.50820923, 0.57027096, 0.29816815, 0.86039221, 0.80795497, 0.35367584, 0.36306235)
(0.39463267, 0.40634567, 0.41058573, 0.81207538, 0.64499235, 0.51053995, 0.38297325, 0.33085924, 0.39340881, 0.44493052)
(0.84297538, 0.44524309, 0.19875287, 0.47683603, 0.02636768, 0.21711425, 0.17720756, 0.59682477, 0.27496311, 0.15383971)
(0.88843918, 0.78289217, 0.69994080, 0.32801259, 0.31611475, 0.17297526, 0.51119018, 0.72347981, 0.33752242, 0.61294603)
(0.36439660, 0.69778103, 0.49805164, 0.40199965, 0.09789355, 0.75998205, 0.05191853, 0.30142859, 0.62261200, 0.49007306)
(0.57624274, 0.49569741, 0.69998920, 0.92822766, 0.92358291, 0.29866523, 0.90543890, 0.87555110, 0.80041802, 0.16428573)
(0.74291182, 0.53936416, 0.51554948, 0.23467542, 0.24672711, 0.46756813, 0.41149512, 0.52678984, 0.47333989, 0.59571671)
(0.75486320, 0.46988004, 0.84800327, 0.17170490, 0.26674926, 0.33066523, 0.37687314, 0.44287249, 0.74264497, 0.64756197)
(0.56599170, 0.75717866, 0.40745786, 0.59464496, 0.43596250, 0.55649704, 0.65306681, 0.91813499, 0.68516231, 0.22573909)
(0.67941946, 0.69676393, 0.43395007, 0.28656077, 0.32094386, 0.63233966, 0.40145239, 0.59107763, 0.42099693, 0.64689386)
(0.45638448, 0.58528376, 0.64874244, 0.63499087, 0.75126731, 0.59333616, 0.75554496, 0.84419733, 0.83723414, 0.32373738)
(0.81384563, 0.38034311, 0.80587798, 0.54507697, 0.24308352, 0.07314242, 0.50790614, 0.60053378, 0.62821388, 0.28386155)
(0.37971827, 0.54274750, 0.29537970, 0.59717482, 0.37030381, 0.81348079, 0.56173092, 0.87773019, 0.83031309, 0.15205774)
(0.73473299, 0.73116499, 0.55695969, 0.32675809, 0.41033182, 0.44063491, 0.56920362, 0.73755819, 0.47950092, 0.58413696)
(0.87318289, 0.30138770, 0.30029434, 0.37076339, 0.44370332, 0.36432812, 0.71796983, 0.46829423, 0.25562474, 0.56434196)
(0.72733754, 0.48055702, 0.50883543, 0.52168393, 0.45854113, 0.28906575, 0.73378175, 0.79694521, 0.58964723, 0.30168051)
(0.79948598, 0.18170145, 0.13531037, 0.67504787, 0.16073321, 0.36317879, 0.45599005, 0.41907784, 0.23926964, 0.19948928)
(0.53568912, 0.32103121, 0.33519801, 0.34069133, 0.47141445, 0.75918013, 0.66236627, 0.67294067, 0.73494619, 0.37899035)
(0.59161252, 0.37097028, 0.65082973, 0.69031596, 0.56645542, 0.28744704, 0.50416088, 0.43506444, 0.52698767, 0.43373901)
(0.59908062, 0.51653171, 0.48673075, 0.90299845, 0.26668572, 0.12575606, 0.41422436, 0.77628165, 0.55136359, 0.08342805)
(0.67490906, 0.47678664, 0.37878025, 0.66004598, 0.66859710, 0.41252872, 0.74669743, 0.67221367, 0.40809423, 0.41097698)
(0.39776054, 0.66089553, 0.75350338, 0.37954748, 0.29500857, 0.74462384, 0.07120290, 0.16038015, 0.62181872, 0.76560372)
(0.77596247, 0.68196642, 0.78003031, 0.18352915, 0.63223851, 0.61109430, 0.39600036, 0.22458751, 0.42174676, 0.91935968)
(0.56826973, 0.67852288, 0.44025639, 0.91886944, 0.74769008, 0.31979421, 0.54151160, 0.62711221, 0.31119391, 0.33049285)
(0.53946042, 0.62409008, 0.57123983, 0.65379614, 0.71580249, 0.62453717, 0.20768884, 0.12779796, 0.22363229, 0.83669794)
(0.67100865, 0.12281796, 0.24469344, 0.42111781, 0.35581374, 0.64631653, 0.71328157, 0.56691116, 0.70918411, 0.24288358)
(0.74801940, 0.67562187, 0.50963074, 0.18519783, 0.23338190, 0.57140017, 0.40053895, 0.62414104, 0.49813893, 0.63819098)
(0.53221118, 0.59614879, 0.47372919, 0.36483836, 0.36782068, 0.61044991, 0.47712699, 0.68750447, 0.61645472, 0.46744859)
(0.59766328, 0.22746727, 0.63133830, 0.39818355, 0.32483536, 0.43749529, 0.49331945, 0.43323821, 0.75825703, 0.37754536)
(0.37401226, 0.50957811, 0.34982330, 0.93052661, 0.60412455, 0.44267356, 0.47371417, 0.68976265, 0.56695396, 0.13653289)
(0.82867306, 0.28618911, 0.30069557, 0.64923215, 0.14054924, 0.13308525, 0.50449485, 0.61901730, 0.32662532, 0.15183263)
(0.78430676, 0.75179064, 0.54144770, 0.43611902, 0.54893941, 0.46940845, 0.39722249, 0.37185848, 0.18958369, 0.82055891)
(0.45067802, 0.46615437, 0.34827271, 0.40394533, 0.41404197, 0.80559063, 0.65729183, 0.85895061, 0.84854251, 0.22864170)
(0.50114906, 0.44006860, 0.80048001, 0.68531072, 0.82506025, 0.45417026, 0.60538065, 0.42457032, 0.69842792, 0.59611410)
(0.84078407, 0.34345928, 0.84356636, 0.12072433, 0.33424300, 0.34257564, 0.41185567, 0.24926175, 0.63963109, 0.79470289)
(0.50522220, 0.69480288, 0.50756097, 0.46741357, 0.36827004, 0.55125886, 0.42650387, 0.71873116, 0.58010817, 0.43899655)
(0.72677976, 0.43565515, 0.15288004, 0.68239814, 0.68908316, 0.66016096, 0.71548116, 0.51786089, 0.20691146, 0.50870007)
(0.84648424, 0.64234954, 0.44600329, 0.62383235, 0.12760487, 0.10023372, 0.35774165, 0.71803343, 0.26870865, 0.23915727)
(0.80581933, 0.32925871, 0.54457682, 0.23578770, 0.53240943, 0.43851560, 0.80382937, 0.69879419, 0.66186702, 0.50551748)
(0.70657665, 0.81119120, 0.61440629, 0.45473045, 0.53896868, 0.40360135, 0.60819513, 0.78509367, 0.47888258, 0.57993776)
(0.78029215, 0.27504200, 0.30460358, 0.49869865, 0.39972416, 0.36707917, 0.76418430, 0.72593421, 0.52408510, 0.26404008)
(0.78216857, 0.22681251, 0.35296240, 0.22360963, 0.25249124, 0.49235317, 0.67379826, 0.63935536, 0.64322710, 0.35844231)
(0.88512880, 0.30412844, 0.45342779, 0.57918769, 0.25042731, 0.10686894, 0.56744105, 0.49272409, 0.25693679, 0.33129099)
(0.86631304, 0.37299618, 0.58018142, 0.35448220, 0.69909424, 0.27839226, 0.83875722, 0.60151500, 0.43349999, 0.61839700)
(0.48696741, 0.33729351, 0.58649170, 0.25711787, 0.36613950, 0.72042942, 0.55899823, 0.67170113, 0.87943631, 0.37509674)
(0.65816802, 0.32000360, 0.41570023, 0.19742219, 0.17260182, 0.66086406, 0.45796034, 0.62249839, 0.76161140, 0.35911146)
(0.80362129, 0.30433056, 0.46848720, 0.60471290, 0.22420393, 0.12751006, 0.48890656, 0.50112277, 0.34680241, 0.26915190)
(0.52142590, 0.27108875, 0.59607124, 0.12976271, 0.26238930, 0.86091274, 0.30733484, 0.29708293, 0.87217784, 0.61956912)
(0.61744636, 0.53592008, 0.59881145, 0.76603913, 0.78499317, 0.36261815, 0.81065214, 0.79676759, 0.65879923, 0.31360656)
(0.84480357, 0.40878475, 0.38401669, 0.20589252, 0.14748956, 0.48511946, 0.29676157, 0.31180263, 0.31215200, 0.63237178)
(0.72314966, 0.74684328, 0.75783634, 0.85602891, 0.39149132, 0.09826671, 0.56189442, 0.88721800, 0.64842445, 0.14569788)
(0.88052374, 0.47307491, 0.42439780, 0.30653089, 0.64562565, 0.39395583, 0.81554079, 0.61243194, 0.31826788, 0.67576551)
(0.84353578, 0.25526375, 0.59393895, 0.63046408, 0.29046673, 0.08475035, 0.64290327, 0.61684132, 0.49108988, 0.21559994)
(0.56835485, 0.66964340, 0.29086366, 0.62539768, 0.56314933, 0.65037137, 0.53355944, 0.61970663, 0.32491490, 0.51787186)
(0.47551546, 0.67558265, 0.38136396, 0.92851102, 0.51655197, 0.32759178, 0.47311920, 0.79940683, 0.50592726, 0.13121590)
(0.74669236, 0.62124509, 0.29219091, 0.11682090, 0.16009037, 0.77721417, 0.43817711, 0.72651315, 0.58392054, 0.54202360)
(0.78936625, 0.82566053, 0.66723716, 0.58183748, 0.75310153, 0.31666321, 0.80315655, 0.85281664, 0.49406224, 0.55623060)
(0.38036066, 0.73880672, 0.52135503, 0.31656492, 0.45158282, 0.84569782, 0.28155380, 0.49768624, 0.63551688, 0.69817680)
(0.66508740, 0.25487429, 0.63184100, 0.34962714, 0.59000504, 0.64200383, 0.34609210, 0.09849492, 0.48165265, 0.81538391)
(0.48643321, 0.61038965, 0.52321881, 0.50324583, 0.31101122, 0.49375749, 0.32417065, 0.56199354, 0.53651190, 0.45524877)
(0.90778923, 0.49123287, 0.62148744, 0.22877933, 0.24953191, 0.16509563, 0.58421153, 0.60759848, 0.38343167, 0.55472028)
(0.78423446, 0.26608711, 0.35158697, 0.48863578, 0.34182298, 0.32791394, 0.57144403, 0.41219854, 0.33318961, 0.43449712)
(0.78734070, 0.28389412, 0.53673244, 0.09420075, 0.25895977, 0.60031134, 0.68114716, 0.69066322, 0.80976593, 0.47734278)
(0.64975089, 0.73034912, 0.51072258, 0.64597321, 0.68749487, 0.44598079, 0.65125251, 0.69309652, 0.39536968, 0.54525250)
(0.72792363, 0.12755407, 0.33771652, 0.42294103, 0.46208557, 0.47828537, 0.77229476, 0.54286242, 0.64909232, 0.31403804)
(0.73948699, 0.36830568, 0.49471769, 0.40944865, 0.54393417, 0.60000300, 0.32018617, 0.11517064, 0.26145992, 0.81471628)
(0.79741722, 0.62025005, 0.41956314, 0.19278042, 0.37993127, 0.58362609, 0.74796045, 0.85134763, 0.63745219, 0.47571608)
(0.33937162, 0.40851474, 0.59761983, 0.39930040, 0.20976040, 0.72010487, 0.30486453, 0.63340861, 0.89237958, 0.25804281)
(0.77855164, 0.62307423, 0.23950331, 0.56430972, 0.04613879, 0.23514839, 0.19525255, 0.69628316, 0.30813584, 0.16152932)
(0.84336668, 0.56452417, 0.40542218, 0.14232720, 0.16769207, 0.65178800, 0.26310307, 0.32643133, 0.32080236, 0.75794113)
(0.70720917, 0.43265447, 0.21918800, 0.47352830, 0.47595927, 0.59838617, 0.68545055, 0.64818388, 0.38162181, 0.43117791)
(0.78672832, 0.20955221, 0.42475209, 0.07227770, 0.13149734, 0.71376669, 0.56195825, 0.63932377, 0.84852660, 0.39681369)
(0.67586452, 0.79680246, 0.54607952, 0.65606374, 0.50726533, 0.38249815, 0.47052300, 0.69744933, 0.36174580, 0.51292706)
(0.69311577, 0.67090058, 0.63666278, 0.25254950, 0.57427531, 0.66016251, 0.39420310, 0.29835063, 0.39458770, 0.86176372)
(0.42204854, 0.57392645, 0.64880437, 0.53734338, 0.42463949, 0.58246821, 0.19240823, 0.27505368, 0.51978409, 0.63901776)
(0.48899719, 0.63829648, 0.87995064, 0.43538254, 0.74957991, 0.54427868, 0.54595691, 0.50485647, 0.79640704, 0.71106565)
(0.81822860, 0.72624111, 0.71389997, 0.23975267, 0.23724110, 0.37483454, 0.21955141, 0.33395714, 0.33240291, 0.78463262)
(0.80558890, 0.26500899, 0.70424640, 0.05935513, 0.18347198, 0.63653988, 0.40780097, 0.33869034, 0.80455166, 0.69540340)
(0.82856250, 0.21537019, 0.48116347, 0.33283305, 0.22744296, 0.26756257, 0.47982013, 0.32724839, 0.41525584, 0.47980657)
(0.86008668, 0.47420195, 0.40482980, 0.39166182, 0.48762533, 0.32510996, 0.68062258, 0.52547908, 0.24137650, 0.62645346)
(0.85655063, 0.33170798, 0.13196106, 0.49821308, 0.25578633, 0.44782072, 0.62059802, 0.54236788, 0.18911576, 0.37812039)
(0.72522074, 0.73766887, 0.68092763, 0.48906255, 0.65967393, 0.34389329, 0.76379299, 0.83674258, 0.61571229, 0.49925119)
(0.56968397, 0.64570701, 0.55207998, 0.95527893, 0.88098741, 0.29763946, 0.67277986, 0.67434329, 0.40815464, 0.27764574)
(0.77988267, 0.17380656, 0.67574596, 0.15098138, 0.32424432, 0.44035789, 0.60272330, 0.38739851, 0.75499332, 0.55822390)
(0.82834727, 0.38728550, 0.33992562, 0.75696212, 0.15190995, 0.08457316, 0.44793543, 0.65040481, 0.27156079, 0.13838987)
(0.69880915, 0.59504348, 0.50102329, 0.63907665, 0.11369535, 0.15731953, 0.20620388, 0.56922179, 0.37148264, 0.25397986)
(0.88189459, 0.47420335, 0.57599920, 0.31482258, 0.67484957, 0.39192626, 0.61289608, 0.23866539, 0.19692485, 0.85990483)
(0.87243897, 0.55962175, 0.31151557, 0.31187940, 0.51640129, 0.68138528, 0.43521893, 0.19671634, 0.12029273, 0.87370032)
(0.69317603, 0.33266887, 0.60577738, 0.43823937, 0.66250420, 0.43965498, 0.85461026, 0.81275535, 0.81244117, 0.31899360)
(0.75037503, 0.69150108, 0.60950506, 0.58898628, 0.71812534, 0.39719060, 0.41380799, 0.27819324, 0.17864363, 0.82286948)
(0.61019748, 0.43315056, 0.56830895, 0.55389160, 0.74182189, 0.48883727, 0.74913770, 0.62135828, 0.60174775, 0.50543004)
(0.39642665, 0.59285194, 0.59172738, 0.94107449, 0.39414364, 0.21598116, 0.31862661, 0.74762589, 0.69244051, 0.08947488)
(0.48016733, 0.73365366, 0.69895238, 0.41679546, 0.49369141, 0.69527495, 0.16203843, 0.23820461, 0.45843095, 0.81024081)
(0.86857736, 0.34377271, 0.28242853, 0.55153573, 0.08932240, 0.15117061, 0.36952654, 0.52848738, 0.23371981, 0.21809779)
(0.52323633, 0.47580415, 0.81582451, 0.40560067, 0.59144855, 0.46438429, 0.50101751, 0.44085860, 0.75303870, 0.62817943)
(0.66605431, 0.44069815, 0.45926303, 0.21358640, 0.32197881, 0.59774143, 0.51934576, 0.56253433, 0.59346241, 0.56437308)
(0.84169245, 0.60638851, 0.52019000, 0.18471704, 0.53452474, 0.52711850, 0.76374966, 0.73220700, 0.52345580, 0.67790246)
(0.87364417, 0.69211018, 0.31091812, 0.21506944, 0.26760435, 0.61290121, 0.42738336, 0.50606316, 0.21801525, 0.74863875)
(0.44336516, 0.57238954, 0.60769469, 0.40457326, 0.58569866, 0.66819847, 0.59739757, 0.71347040, 0.76813990, 0.49239045)
(0.76272756, 0.53742367, 0.17316915, 0.79327005, 0.46390527, 0.36301106, 0.67683238, 0.73502231, 0.21880305, 0.24943334)
(0.81496036, 0.48512831, 0.58657640, 0.44886288, 0.52112561, 0.29626203, 0.44876087, 0.26333374, 0.21235645, 0.74976104)
(0.62033671, 0.14392288, 0.31003073, 0.93120754, 0.78395295, 0.36301434, 0.49599442, 0.13777480, 0.20849974, 0.37957644)
(0.90017331, 0.36345294, 0.44942570, 0.26821724, 0.31806755, 0.21394144, 0.80299586, 0.79568797, 0.51079470, 0.35538322)
(0.55477357, 0.22689813, 0.15692526, 0.67585701, 0.18609048, 0.55948907, 0.38208887, 0.50971204, 0.47669983, 0.16182669)
(0.57217866, 0.26035690, 0.24170001, 0.86893415, 0.52212560, 0.41704008, 0.72514313, 0.74765909, 0.59296286, 0.09542071)
(0.96435714, 0.60951573, 0.24673915, 0.37298250, 0.29552621, 0.20868619, 0.68374860, 0.59469682, 0.07503324, 0.64747405)
(0.84514880, 0.36762586, 0.43338844, 0.37449518, 0.15812881, 0.17783289, 0.60300332, 0.74859548, 0.51394743, 0.23129985)
(0.41991791, 0.63515866, 0.74450153, 0.55187911, 0.58900899, 0.49470046, 0.41488197, 0.51906389, 0.66008568, 0.58178121)
(0.63953346, 0.38984367, 0.83262992, 0.79248565, 0.84999633, 0.21458864, 0.59562045, 0.31299943, 0.54191303, 0.59619164)
(0.60680199, 0.43534273, 0.46540374, 0.16509369, 0.30016351, 0.72198588, 0.49979767, 0.60750228, 0.73219162, 0.54029232)
(0.50771552, 0.58249271, 0.32453510, 0.85162115, 0.53662544, 0.40062773, 0.43605891, 0.56904972, 0.32182473, 0.31141567)
(0.61939669, 0.93054944, 0.70629871, 0.33115759, 0.67824900, 0.72725660, 0.38575521, 0.60226846, 0.41343763, 0.87402034)
(0.82376969, 0.47351971, 0.59941179, 0.11014206, 0.14327060, 0.47707179, 0.48223013, 0.70234609, 0.73080289, 0.48030108)
(0.69634986, 0.18694493, 0.06466335, 0.43428347, 0.15645567, 0.81934941, 0.54310280, 0.63960552, 0.53480506, 0.16541679)
(0.87482285, 0.88897586, 0.54717761, 0.52546269, 0.20855273, 0.14934111, 0.65350825, 0.96231723, 0.51401442, 0.20308931)
(0.35207695, 0.90815216, 0.66758132, 0.25687984, 0.41922331, 0.86337364, 0.25185624, 0.74884862, 0.76253986, 0.69251382)
(0.63977361, 0.42483068, 0.43948460, 0.19149470, 0.19357878, 0.68871790, 0.52448094, 0.77937812, 0.81404763, 0.31784132)
(0.61623877, 0.67230815, 0.70992857, 0.40645307, 0.64912808, 0.54757178, 0.35617021, 0.27619529, 0.38888499, 0.83415323)
(0.85156935, 0.49071637, 0.58113855, 0.77885783, 0.39244834, 0.08304524, 0.42465967, 0.40544012, 0.15190150, 0.44296509)
(0.79212075, 0.85415626, 0.82453680, 0.84531784, 0.54476464, 0.08469620, 0.49753386, 0.80035096, 0.41680241, 0.37045911)
(0.53342462, 0.55004919, 0.68020511, 0.24614981, 0.13284488, 0.74853092, 0.05132371, 0.12157536, 0.59292305, 0.74811929)
(0.34449452, 0.78170538, 0.77352244, 0.48100677, 0.29647928, 0.70512784, 0.04392708, 0.16986190, 0.54027992, 0.77236354)
(0.70308125, 0.29911026, 0.82802624, 0.33312678, 0.30657971, 0.29632223, 0.25809789, 0.18561365, 0.61981523, 0.65805882)
(0.73233199, 0.26648074, 0.23285466, 0.83138216, 0.14402421, 0.14451694, 0.36121914, 0.52488714, 0.28374013, 0.10666458)
(0.79005218, 0.51071364, 0.45738688, 0.49544588, 0.21695469, 0.25826219, 0.28283325, 0.36187536, 0.22685786, 0.53093690)
(0.86252767, 0.43827921, 0.64230722, 0.39211571, 0.66647154, 0.23239721, 0.74191242, 0.48425964, 0.33682567, 0.69055152)
(0.56952101, 0.29653746, 0.32448831, 0.76249230, 0.69074601, 0.48905605, 0.67402077, 0.49980578, 0.42835009, 0.35194173)
(0.89674973, 0.39042300, 0.04417900, 0.37365222, 0.20114866, 0.71570730, 0.72300506, 0.76637125, 0.23045973, 0.28767833)
(0.88609308, 0.27885011, 0.39616871, 0.09968811, 0.03637801, 0.36617327, 0.35108501, 0.61933172, 0.63266248, 0.30192798)
(0.81859583, 0.33933598, 0.62789631, 0.33720520, 0.51258379, 0.32529980, 0.50950909, 0.22927222, 0.32894284, 0.75265265)
(0.92311770, 0.28354147, 0.61729056, 0.16898894, 0.69668394, 0.50663191, 0.64786822, 0.11918951, 0.27139935, 0.91753072)
(0.77701527, 0.30114028, 0.51527816, 0.46607199, 0.43757361, 0.26465780, 0.59105402, 0.39827681, 0.37780347, 0.51938027)
(0.54400539, 0.85677075, 0.84199452, 0.42665598, 0.34086710, 0.42328885, 0.21548915, 0.60315078, 0.63500339, 0.64684451)
(0.75173086, 0.72724831, 0.79415381, 0.17235984, 0.43519714, 0.62480217, 0.22900280, 0.21393725, 0.45000374, 0.90113986)
(0.74493706, 0.52900004, 0.46322259, 0.61331105, 0.10138490, 0.12663339, 0.30860072, 0.68007952, 0.42712620, 0.17740543)
(0.67803490, 0.74827921, 0.77056229, 0.21143471, 0.24340004, 0.55461049, 0.17568922, 0.35443935, 0.53895056, 0.78015584)
(0.88291770, 0.41035277, 0.56672043, 0.13659124, 0.47798565, 0.41722494, 0.75805873, 0.58974344, 0.50998777, 0.69471896)
(0.45038915, 0.69957608, 0.69572103, 0.65385777, 0.66633338, 0.62025148, 0.14367421, 0.14414051, 0.32718775, 0.82505125)
(0.56495851, 0.41721216, 0.82929218, 0.37182367, 0.67819011, 0.51880890, 0.49877143, 0.29625681, 0.71134859, 0.74437165)
(0.73199606, 0.37735978, 0.55064929, 0.33715355, 0.33681700, 0.34472430, 0.56381679, 0.56619292, 0.55161834, 0.46683803)
(0.65070325, 0.72145945, 0.56380582, 0.60996723, 0.63664365, 0.41252998, 0.71543002, 0.82743889, 0.57580382, 0.41146803)
(0.71544695, 0.60235798, 0.29124066, 0.36620775, 0.54404116, 0.80184507, 0.40889251, 0.29042307, 0.21638557, 0.81020594)
(0.80486524, 0.56698048, 0.40259138, 0.60789841, 0.59403425, 0.27085567, 0.86702865, 0.89875674, 0.52915466, 0.25233859)
(0.82056618, 0.24515495, 0.36931905, 0.37761912, 0.20132309, 0.26121917, 0.66203940, 0.70322967, 0.56777978, 0.22758524)
(0.81971002, 0.49462298, 0.28027517, 0.45289412, 0.14387937, 0.27562863, 0.58482432, 0.84310490, 0.47391671, 0.17910512)
(0.78935498, 0.84707093, 0.87948734, 0.66291434, 0.17400371, 0.05919478, 0.39460835, 0.89719105, 0.70270437, 0.20219925)
(0.43956089, 0.49025452, 0.52529663, 0.27076393, 0.12367475, 0.70810235, 0.17780714, 0.46721682, 0.76591009, 0.41427156)
(0.54515183, 0.43580389, 0.30138859, 0.36268654, 0.62898964, 0.84554696, 0.66940153, 0.61933815, 0.64258099, 0.53041375)
(0.72983813, 0.39516795, 0.36023816, 0.57864791, 0.18691547, 0.30167747, 0.68108457, 0.89931160, 0.74424350, 0.09006964)
(0.77395988, 0.48689756, 0.21630560, 0.40151665, 0.04728857, 0.39012593, 0.20665960, 0.59233236, 0.34918830, 0.23394540)
(0.73088360, 0.18380077, 0.51000315, 0.40262684, 0.22615543, 0.29935944, 0.49139822, 0.40640807, 0.59550732, 0.34232113)
(0.78634560, 0.26560670, 0.10367689, 0.68896449, 0.31240278, 0.45572042, 0.74730402, 0.75130171, 0.35832402, 0.14694741)
(0.90586430, 0.40491009, 0.30992007, 0.73674387, 0.32936266, 0.09884641, 0.77545321, 0.82015407, 0.27966398, 0.16572873)
(0.70554012, 0.57565552, 0.72012579, 0.34031752, 0.19325380, 0.38460922, 0.14790064, 0.24807528, 0.43907082, 0.67360067)
(0.68617880, 0.48229694, 0.20572871, 0.68325448, 0.44710103, 0.47375366, 0.71779710, 0.79515338, 0.42291573, 0.22336070)
(0.79783624, 0.89540595, 0.36499766, 0.79794151, 0.29376963, 0.24007161, 0.64411896, 0.96143907, 0.45523179, 0.13014960)
(0.47307903, 0.69779927, 0.66351181, 0.35526261, 0.16239202, 0.66420072, 0.06993710, 0.25308737, 0.55281615, 0.66633981)
(0.84622532, 0.52154404, 0.30989289, 0.39954960, 0.20355698, 0.40517515, 0.30597642, 0.32905647, 0.16301943, 0.61722755)
(0.91064090, 0.36733261, 0.31324786, 0.48006898, 0.10556279, 0.11750944, 0.51063210, 0.64508295, 0.25874722, 0.21974681)
(0.82611609, 0.64908820, 0.26745212, 0.46267176, 0.30116954, 0.34802032, 0.75897843, 0.91117930, 0.46512014, 0.22675149)
(0.50184315, 0.73560691, 0.86564237, 0.25617963, 0.43072468, 0.63171822, 0.21924384, 0.35431549, 0.72562838, 0.79502153)
(0.53602225, 0.66284275, 0.60729706, 0.57259583, 0.47275606, 0.41894960, 0.51078933, 0.71654785, 0.59961075, 0.41976118)
(0.73158908, 0.57603359, 0.54749864, 0.24370863, 0.38363686, 0.49277493, 0.74147397, 0.87129539, 0.76320094, 0.37100267)
(0.67608619, 0.60216784, 0.76296860, 0.36510250, 0.66967809, 0.45656487, 0.48717850, 0.33386204, 0.46289995, 0.81105685)
(0.59985787, 0.51583248, 0.48134786, 0.18651150, 0.29930669, 0.68511283, 0.49379790, 0.66143429, 0.70455468, 0.52880961)
(0.84985918, 0.47934946, 0.44918236, 0.27412674, 0.16699021, 0.45960715, 0.16664000, 0.16825643, 0.19885348, 0.74163365)
(0.57440805, 0.77851522, 0.61770242, 0.45936352, 0.40029782, 0.51005709, 0.25181180, 0.45972371, 0.37922463, 0.69516850)
(0.74954647, 0.69374722, 0.81159902, 0.70583051, 0.65614039, 0.16432583, 0.50355887, 0.53165454, 0.39914066, 0.60299522)
(0.72655839, 0.53360474, 0.71397012, 0.71236837, 0.25335163, 0.10315315, 0.56095898, 0.82627386, 0.69667196, 0.14353989)
(0.46752074, 0.33678389, 0.29154855, 0.51876366, 0.19917816, 0.66434735, 0.43118432, 0.70590788, 0.74194145, 0.17547618)
(0.73657167, 0.72360140, 0.83491981, 0.46305382, 0.78924924, 0.33769378, 0.55402827, 0.37966973, 0.39811203, 0.84716403)
(0.50377423, 0.72641522, 0.62423378, 0.42155483, 0.34416005, 0.60041869, 0.23684055, 0.46995494, 0.52087301, 0.62891328)
(0.95977342, 0.75220716, 0.48713845, 0.61194009, 0.23533688, 0.06368778, 0.46869722, 0.60714382, 0.06987162, 0.54944879)
(0.86243129, 0.43449968, 0.26238611, 0.25517404, 0.08932331, 0.33466050, 0.46433163, 0.71838915, 0.40506792, 0.28718656)
(0.44757971, 0.81598896, 0.67653513, 0.39817184, 0.44037730, 0.68023109, 0.25771219, 0.54101992, 0.57412446, 0.69547313)
(0.74644017, 0.59895003, 0.26266587, 0.38884071, 0.53482574, 0.71048993, 0.60691303, 0.53662419, 0.29177567, 0.66788900)
(0.75422716, 0.52140325, 0.56833810, 0.23717439, 0.33013460, 0.49544960, 0.37978685, 0.35539594, 0.40698031, 0.72602510)
(0.62134093, 0.26637539, 0.37595901, 0.39305466, 0.28696778, 0.51529503, 0.52071750, 0.51478332, 0.59582925, 0.36143318)
(0.34166193, 0.53973001, 0.62955987, 0.46437600, 0.24853615, 0.64019752, 0.29018635, 0.63998759, 0.83393377, 0.30795020)
(0.77030349, 0.72652280, 0.61011475, 0.48011810, 0.25338900, 0.20352951, 0.62433088, 0.90795088, 0.64587569, 0.23289363)
(0.71280682, 0.16435714, 0.32797694, 0.65972686, 0.09754942, 0.18997398, 0.45858404, 0.63380373, 0.64872879, 0.07460338)
(0.65537447, 0.76084644, 0.60235041, 0.43653134, 0.60720742, 0.47929677, 0.64918375, 0.76259303, 0.53352457, 0.58760560)
(0.68508679, 0.18562722, 0.58144361, 0.20432852, 0.25505662, 0.52645248, 0.58757728, 0.53947461, 0.83198166, 0.36941418)
(0.68897015, 0.40123987, 0.39130285, 0.42981955, 0.35811159, 0.41617036, 0.55888659, 0.56558269, 0.44086853, 0.44025499)
(0.49712345, 0.44814932, 0.83963442, 0.13514715, 0.23757121, 0.72648412, 0.36195436, 0.59743154, 0.94976056, 0.48326051)
(0.42893273, 0.89686596, 0.76717860, 0.40373999, 0.50880110, 0.65830529, 0.30904651, 0.72173923, 0.67602837, 0.67557383)
(0.45849138, 0.83900797, 0.52636927, 0.50810218, 0.68523812, 0.76749766, 0.49534184, 0.69194591, 0.52052987, 0.67522013)
(0.86024255, 0.47073063, 0.15189031, 0.28000587, 0.03413437, 0.45713055, 0.21167681, 0.56429619, 0.26788127, 0.27912474)
(0.72400421, 0.79950446, 0.55189371, 0.22702183, 0.44149229, 0.73157722, 0.30909693, 0.40005875, 0.32330942, 0.85694021)
(0.62311608, 0.72217971, 0.70716071, 0.08642400, 0.19910558, 0.83524078, 0.15678170, 0.35755622, 0.72936672, 0.81903350)
(0.63178855, 0.36869869, 0.49455112, 0.08121338, 0.17384444, 0.82072043, 0.34647879, 0.46829230, 0.82176930, 0.59711742)
(0.78704309, 0.56612116, 0.21007666, 0.74808562, 0.44418025, 0.31177169, 0.75611615, 0.84183806, 0.31828719, 0.20142329)
(0.84503514, 0.33853984, 0.46548548, 0.25977507, 0.10824362, 0.24384400, 0.63557136, 0.85140800, 0.73947734, 0.16524659)
(0.87510258, 0.58793515, 0.79726458, 0.29647601, 0.49534979, 0.19176164, 0.48646271, 0.35192329, 0.32047534, 0.79736227)
(0.76289588, 0.49851847, 0.21610583, 0.64606112, 0.48411438, 0.42346337, 0.65425307, 0.59033251, 0.20196383, 0.44739339)
(0.82434863, 0.64829296, 0.75394285, 0.69029379, 0.48995537, 0.09024792, 0.71638131, 0.83459270, 0.54393309, 0.29306105)
(0.70472145, 0.45792463, 0.43874583, 0.13957191, 0.15345953, 0.63467997, 0.50049806, 0.76730144, 0.76147777, 0.37254760)
(0.53127909, 0.19498287, 0.34467947, 0.64595211, 0.40297946, 0.50640756, 0.53040248, 0.43761879, 0.59107953, 0.27416950)
(0.46667975, 0.72481281, 0.29111031, 0.51840270, 0.65664607, 0.86367053, 0.47337595, 0.54485226, 0.38517252, 0.67263567)
(0.66224897, 0.46674883, 0.31747478, 0.35214701, 0.30868939, 0.63832229, 0.71351415, 0.88317186, 0.76299292, 0.21542077)
(0.45362580, 0.90375668, 0.31927437, 0.52109176, 0.46967384, 0.83899027, 0.44402179, 0.86814713, 0.50370997, 0.50133574)
(0.63579077, 0.48415169, 0.67849630, 0.74166185, 0.54312474, 0.19808176, 0.39586422, 0.38215286, 0.38156921, 0.49034554)
(0.53606558, 0.65230262, 0.61843699, 0.49640295, 0.61456889, 0.60056192, 0.74526322, 0.88870627, 0.84128654, 0.30378675)
(0.71079057, 0.26257920, 0.27464828, 0.44728142, 0.61251354, 0.62700969, 0.84561950, 0.75488275, 0.64889538, 0.31749508)
(0.74893308, 0.10625251, 0.24391115, 0.45163301, 0.70536035, 0.73525643, 0.85287178, 0.48030806, 0.63427687, 0.40377954)
(0.81493878, 0.68689638, 0.39777532, 0.52129287, 0.28731927, 0.24295957, 0.75006348, 0.93478864, 0.56561846, 0.18009147)
(0.87435663, 0.76594275, 0.48547152, 0.55338866, 0.42823002, 0.18249656, 0.76801610, 0.90416658, 0.39082208, 0.32653108)
(0.54161346, 0.71193212, 0.60837072, 0.23770496, 0.64533442, 0.76612568, 0.71952987, 0.84719819, 0.81113046, 0.56638521)
(0.36646941, 0.45214656, 0.58224869, 0.41116396, 0.21734229, 0.67576945, 0.27908778, 0.57654774, 0.82940894, 0.31828994)
(0.67340994, 0.47158602, 0.73794907, 0.28917748, 0.50732422, 0.44447345, 0.70885628, 0.75799882, 0.82356465, 0.45776227)
(0.79737550, 0.42249522, 0.45685655, 0.47891736, 0.76540345, 0.39432716, 0.83297771, 0.61258501, 0.38454857, 0.59821129)
(0.90322888, 0.14560176, 0.27641422, 0.52478784, 0.43559149, 0.19087896, 0.84386373, 0.60779983, 0.35694715, 0.28569865)
(0.84856558, 0.45708367, 0.33376884, 0.49857250, 0.09158123, 0.14374460, 0.44150782, 0.72873914, 0.35763219, 0.17822480)
(0.77231979, 0.40387949, 0.48290810, 0.34666121, 0.39733854, 0.34683549, 0.64950103, 0.61567962, 0.47907725, 0.48277196)
(0.76333702, 0.33144400, 0.14060996, 0.83846009, 0.92475253, 0.73559117, 0.85050488, 0.42900363, 0.18233311, 0.56190515)
(0.82577372, 0.36760581, 0.36277634, 0.70143521, 0.06636913, 0.06897802, 0.42710778, 0.77647609, 0.46564114, 0.06644942)
(0.92998934, 0.26519319, 0.36303824, 0.43674129, 0.29554763, 0.11581843, 0.81739122, 0.77479857, 0.37764940, 0.25152346)
(0.72759652, 0.41817439, 0.21778665, 0.66335928, 0.67686433, 0.55025029, 0.72051871, 0.51891279, 0.23700553, 0.51041335)
(0.63157600, 0.47169146, 0.27047512, 0.40239277, 0.30449393, 0.82130694, 0.14637317, 0.13908975, 0.24536973, 0.73447359)
(0.65850908, 0.84447819, 0.68770975, 0.66816366, 0.69331771, 0.40984210, 0.34258693, 0.43094322, 0.26411349, 0.77637273)
(0.75589049, 0.41647360, 0.56718063, 0.35298261, 0.71447390, 0.52098334, 0.65444881, 0.32619789, 0.38175505, 0.78107423)
(0.64800996, 0.22897558, 0.09363638, 0.81343716, 0.35570922, 0.56088746, 0.63425618, 0.65389752, 0.39002037, 0.11802012)
(0.62438107, 0.43828845, 0.47807801, 0.80296671, 0.60522157, 0.31813902, 0.81501538, 0.87269068, 0.72850549, 0.12930152)
(0.79431415, 0.64987850, 0.82071728, 0.70365095, 0.40965265, 0.07982395, 0.43247157, 0.60768890, 0.42413747, 0.42677712)
(0.87557262, 0.60775989, 0.09014824, 0.19386840, 0.03924190, 0.80689704, 0.12416648, 0.38745913, 0.16905670, 0.53436249)
(0.80464000, 0.49460492, 0.67904335, 0.52987456, 0.46129537, 0.17419866, 0.47653449, 0.40725684, 0.31130475, 0.60051942)
(0.80043799, 0.34043193, 0.44531494, 0.20069124, 0.16791053, 0.42581126, 0.47462764, 0.55345422, 0.55580890, 0.45222163)
(0.76138818, 0.47911876, 0.13526313, 0.28989384, 0.58915514, 0.85626304, 0.79901230, 0.73854262, 0.44037518, 0.53468633)
(0.56996858, 0.69686151, 0.69238693, 0.74692643, 0.50159848, 0.28497487, 0.19685873, 0.29723179, 0.30774537, 0.63242435)
(0.75221926, 0.64584798, 0.63643426, 0.19119352, 0.58013123, 0.62736022, 0.51548135, 0.39737263, 0.43301862, 0.85134619)
(0.70221335, 0.59300327, 0.41626397, 0.84506065, 0.64962119, 0.24495782, 0.67092955, 0.70158517, 0.31100518, 0.30645928)
(0.88663912, 0.65344673, 0.55974895, 0.11327191, 0.06698708, 0.40386611, 0.20405187, 0.47898227, 0.40373585, 0.63988382)
(0.87954003, 0.26252913, 0.44273373, 0.18146627, 0.69154316, 0.57914460, 0.82741964, 0.44326165, 0.45743102, 0.74355739)
(0.57375801, 0.61343670, 0.75222731, 0.50357854, 0.33841911, 0.32482487, 0.33502927, 0.54996210, 0.62503648, 0.47952011)
(0.82956266, 0.71207476, 0.66335720, 0.29046440, 0.58356702, 0.39527413, 0.56531429, 0.48947507, 0.31403953, 0.81354016)
(0.78987241, 0.64075178, 0.69529444, 0.50594664, 0.51087826, 0.18256047, 0.69322997, 0.77284914, 0.50995272, 0.44773266)
(0.94436669, 0.57351345, 0.47188908, 0.63761055, 0.27823815, 0.06241221, 0.57224208, 0.60048848, 0.11042889, 0.43882170)
(0.73702657, 0.44581336, 0.53594440, 0.27527729, 0.19652352, 0.44969970, 0.27620327, 0.32223547, 0.42897791, 0.61623180)
(0.41044816, 0.41054410, 0.35296315, 0.58415633, 0.39358413, 0.71437198, 0.56100380, 0.76921839, 0.77929854, 0.20801008)
(0.68239290, 0.61037481, 0.51423961, 0.39080030, 0.48641834, 0.49017003, 0.49003720, 0.48238635, 0.36616033, 0.67903793)
(0.86575174, 0.68436456, 0.64061701, 0.28047046, 0.45477551, 0.36296687, 0.43339792, 0.35903305, 0.23706678, 0.82786745)
(0.65071106, 0.48360530, 0.40203345, 0.82009327, 0.90852720, 0.53459579, 0.84434253, 0.65817201, 0.41862121, 0.44851780)
(0.63704890, 0.56713557, 0.63280052, 0.91004252, 0.35722286, 0.10876657, 0.59056932, 0.88941818, 0.72522277, 0.06421940)
(0.76939541, 0.49304208, 0.69755775, 0.66362464, 0.47369039, 0.14534912, 0.83699954, 0.92641824, 0.81942993, 0.12837206)
(0.82521105, 0.24105902, 0.07038145, 0.68132061, 0.09693578, 0.38801867, 0.57835239, 0.77838004, 0.33849299, 0.07325172)
(0.86789769, 0.57400364, 0.82714701, 0.29437944, 0.44778907, 0.15418823, 0.55232751, 0.51148218, 0.46173522, 0.69111204)
(0.86447823, 0.73561507, 0.17429501, 0.28749713, 0.43096590, 0.84944367, 0.41443217, 0.34506246, 0.10780789, 0.86085975)
(0.76346439, 0.46421006, 0.23593003, 0.44530800, 0.62660462, 0.61102968, 0.82772404, 0.77036673, 0.44357583, 0.42984441)
(0.60579103, 0.67992592, 0.52784359, 0.58151466, 0.57641888, 0.43522200, 0.60522401, 0.70671397, 0.48038727, 0.48479646)
(0.71061015, 0.88834459, 0.60366786, 0.43842673, 0.74147582, 0.57012737, 0.80341065, 0.92283773, 0.63766879, 0.54421210)
(0.65767658, 0.77909863, 0.84658879, 0.27658880, 0.37941796, 0.40487820, 0.32085079, 0.56931478, 0.65281361, 0.70696968)
(0.84320217, 0.33563834, 0.07988966, 0.44191265, 0.06035719, 0.49818599, 0.38429978, 0.63920254, 0.25327665, 0.17432019)
(0.40905830, 0.46639675, 0.46945652, 0.56971556, 0.35885134, 0.57542938, 0.39646956, 0.59484977, 0.65938598, 0.33369347)
(0.55091465, 0.61442804, 0.40908214, 0.64077371, 0.70342302, 0.59919238, 0.53501415, 0.46703324, 0.32068193, 0.63243717)
(0.56467026, 0.32042179, 0.50968641, 0.55110818, 0.44043294, 0.49644125, 0.61735177, 0.65322405, 0.73745811, 0.28242055)
(0.54715878, 0.13806722, 0.50302786, 0.53247154, 0.49016216, 0.56223786, 0.67604136, 0.50521284, 0.81722373, 0.26466563)
(0.81905746, 0.17428423, 0.39876410, 0.30369464, 0.29138467, 0.33494928, 0.72617787, 0.61619043, 0.61522937, 0.31478220)
(0.34630001, 0.43659958, 0.37371817, 0.56558609, 0.27537888, 0.75160873, 0.41263255, 0.74702120, 0.82364351, 0.18513836)
(0.24907136, 0.81207198, 0.62322682, 0.40859643, 0.26403764, 0.82367212, 0.18790102, 0.73709327, 0.84042376, 0.41730896)
(0.72616309, 0.16784829, 0.08732762, 0.33779803, 0.10592975, 0.78292328, 0.41578147, 0.48929530, 0.51227081, 0.21356958)
(0.57845306, 0.57016194, 0.84829706, 0.34983125, 0.32199427, 0.38759303, 0.26162496, 0.38482016, 0.72113323, 0.62034315)
(0.73223144, 0.71159697, 0.40489843, 0.31562793, 0.52203614, 0.57950163, 0.73676413, 0.83047867, 0.51917505, 0.53264785)
(0.84283555, 0.64204097, 0.84173280, 0.60669148, 0.21026021, 0.04433261, 0.55325669, 0.84817040, 0.66687298, 0.19560710)
(0.81688535, 0.21145301, 0.27282581, 0.41448346, 0.37330106, 0.36302385, 0.78946877, 0.69580090, 0.51117522, 0.28218374)
(0.40973613, 0.60072631, 0.43160352, 0.70772994, 0.55049980, 0.58736128, 0.51270175, 0.72577608, 0.60817003, 0.32280040)
(0.52619380, 0.45365584, 0.53241420, 0.74471158, 0.48255506, 0.30583763, 0.43010885, 0.49542633, 0.45656925, 0.36051103)
(0.94675982, 0.20331287, 0.30616337, 0.31367984, 0.37457988, 0.21108259, 0.80278134, 0.49233618, 0.23603010, 0.50902367)
(0.71801281, 0.33893484, 0.42602372, 0.28630090, 0.41726202, 0.50705701, 0.68869668, 0.63824242, 0.59894204, 0.46383345)
(0.56288999, 0.74609971, 0.71757108, 0.40953970, 0.54074484, 0.49174735, 0.61493826, 0.82880068, 0.75936532, 0.45840785)
(0.49162015, 0.24304031, 0.16425417, 0.93077111, 0.21475402, 0.30262917, 0.34270090, 0.59882039, 0.46663526, 0.05174363)
(0.43525898, 0.47600701, 0.56763124, 0.76045042, 0.63751227, 0.44750351, 0.55268872, 0.62078601, 0.63988441, 0.33172199)
(0.63604790, 0.64420170, 0.64861691, 0.36707675, 0.29465729, 0.43218121, 0.26770198, 0.41594020, 0.44950286, 0.64609480)
(0.51195341, 0.48208424, 0.26789233, 0.93923980, 0.79909420, 0.45011202, 0.45222065, 0.31463319, 0.17160457, 0.43462899)
(0.78292716, 0.24848679, 0.19253741, 0.67967689, 0.10517763, 0.21884640, 0.37861240, 0.51238054, 0.27782637, 0.14545779)
(0.64370668, 0.11129596, 0.23699622, 0.73805189, 0.18034677, 0.32665923, 0.51191849, 0.53068376, 0.61188185, 0.09066959)
(0.88898110, 0.43822747, 0.13141809, 0.49699667, 0.20892718, 0.66217238, 0.16292225, 0.10199084, 0.05041447, 0.75182784)
(0.74276114, 0.52609599, 0.40860745, 0.40564334, 0.53226703, 0.47851115, 0.80578136, 0.84633034, 0.62152296, 0.35432401)
(0.71277249, 0.73883975, 0.12361394, 0.24494031, 0.29840919, 0.88968760, 0.59592056, 0.85433346, 0.49161002, 0.44303215)
(0.55124086, 0.29460394, 0.07006342, 0.53124666, 0.06554602, 0.78270674, 0.21118219, 0.53759849, 0.48435724, 0.13107847)
(0.72816926, 0.18082602, 0.28889301, 0.51846868, 0.41036144, 0.44894844, 0.77573144, 0.70181781, 0.64225972, 0.21104376)
(0.46489573, 0.62961048, 0.56152940, 0.66587937, 0.57983482, 0.52704436, 0.64729971, 0.84764189, 0.76938671, 0.26302081)
(0.26755813, 0.60397810, 0.64612693, 0.59784973, 0.48623756, 0.83353901, 0.07289228, 0.11710688, 0.56224394, 0.74760646)
(0.55765808, 0.49432400, 0.64775008, 0.11250047, 0.14923497, 0.84816998, 0.11748146, 0.19652875, 0.77194101, 0.76196748)
(0.62177825, 0.82430398, 0.35243562, 0.25450206, 0.41105732, 0.83813387, 0.41509688, 0.67235374, 0.44299471, 0.71877003)
(0.67437702, 0.39152449, 0.52781993, 0.39054987, 0.43376520, 0.46702272, 0.73344165, 0.79643106, 0.76943809, 0.29865092)
(0.37358609, 0.70646191, 0.57894790, 0.32785666, 0.21528435, 0.71789962, 0.25511476, 0.72430515, 0.78860980, 0.39906839)
(0.61690551, 0.63584137, 0.45930913, 0.94024318, 0.67387563, 0.20294559, 0.62673211, 0.77975273, 0.41539320, 0.15969519)
(0.39233893, 0.60503584, 0.57027942, 0.51512873, 0.44838282, 0.65975273, 0.51326311, 0.80146039, 0.82069576, 0.30874133)
(0.79006273, 0.21956258, 0.43611035, 0.40552416, 0.49518716, 0.32645836, 0.74320364, 0.51518172, 0.48500827, 0.45333633)
(0.71358389, 0.76895213, 0.41012800, 0.47190043, 0.34675691, 0.66064018, 0.11435518, 0.18565477, 0.13124542, 0.83096033)
(0.76220113, 0.22950611, 0.19647659, 0.25537634, 0.14239036, 0.61229026, 0.55634940, 0.64717078, 0.58858800, 0.26004681)
(0.32838783, 0.84491676, 0.42468116, 0.45697173, 0.51125515, 0.89633512, 0.48672634, 0.89804465, 0.82699078, 0.36211443)
(0.94022071, 0.22987072, 0.07048523, 0.31033567, 0.03632157, 0.37147951, 0.45808998, 0.62025666, 0.20262858, 0.17222901)
(0.84770763, 0.28083110, 0.33834425, 0.33344325, 0.06638426, 0.24971220, 0.29160392, 0.42157626, 0.34991333, 0.31354997)
(0.69964701, 0.47016639, 0.65788198, 0.71786827, 0.44502032, 0.16723154, 0.66784710, 0.78088391, 0.65263778, 0.21000202)
(0.80421901, 0.46634489, 0.55105507, 0.49072888, 0.36737821, 0.19700249, 0.58749849, 0.60867274, 0.38722706, 0.43638581)
(0.80657792, 0.20851143, 0.17772597, 0.23758404, 0.16524382, 0.60595036, 0.57936066, 0.55976975, 0.49352941, 0.33440220)
(0.57996893, 0.64089352, 0.80162406, 0.38026688, 0.65361309, 0.48690602, 0.49558356, 0.44573575, 0.61577022, 0.74721545)
(0.91729975, 0.83703250, 0.70685536, 0.51797587, 0.20620207, 0.08573153, 0.33870178, 0.68463123, 0.20453335, 0.53501493)
(0.54839587, 0.34818605, 0.47166005, 0.36382306, 0.36127761, 0.57274234, 0.56505525, 0.62629229, 0.71283519, 0.37718678)
(0.68842667, 0.76384819, 0.60753757, 0.91593021, 0.82471740, 0.23702097, 0.59161639, 0.62512386, 0.27705094, 0.45333245)
(0.62268549, 0.62406260, 0.54861081, 0.37740648, 0.40675443, 0.48192838, 0.48057690, 0.61294013, 0.50821072, 0.56447130)
(0.68787986, 0.78577393, 0.76595169, 0.24839880, 0.31652057, 0.51915538, 0.22903907, 0.41939232, 0.50161874, 0.78058177)
(0.67343700, 0.53677279, 0.36280310, 0.49129456, 0.68160546, 0.70099145, 0.48927215, 0.26930919, 0.22724925, 0.78630275)
(0.89133865, 0.71789610, 0.40563875, 0.52396703, 0.03880768, 0.07866456, 0.32135776, 0.87915570, 0.37939051, 0.11192887)
(0.75504196, 0.20075999, 0.28169054, 0.11357786, 0.15302739, 0.74700516, 0.66368246, 0.76668859, 0.84251088, 0.25975189)
(0.59665346, 0.46974224, 0.72111773, 0.39830896, 0.55135834, 0.40443426, 0.57835209, 0.53993231, 0.66736299, 0.56681287)
(0.81634581, 0.86265939, 0.66256946, 0.54407370, 0.24600023, 0.16645259, 0.43707222, 0.85294706, 0.41207623, 0.38509962)
(0.57739866, 0.50389147, 0.45788175, 0.44597661, 0.40912330, 0.57916296, 0.65202844, 0.81791043, 0.75122219, 0.28253698)
(0.49907854, 0.19068591, 0.51862812, 0.66470248, 0.62461668, 0.60845071, 0.80976480, 0.77909768, 0.90721482, 0.14356825)
(0.68297094, 0.50092208, 0.48067361, 0.53698534, 0.43848777, 0.35890830, 0.66011405, 0.75464553, 0.56613499, 0.32791862)
(0.61278647, 0.46927291, 0.11567901, 0.52400082, 0.21048386, 0.74800754, 0.40153229, 0.63030761, 0.38473463, 0.27782878)
(0.56764746, 0.52280867, 0.65567225, 0.63500684, 0.50365716, 0.29477274, 0.42359802, 0.46978527, 0.46965665, 0.50008148)
(0.63642877, 0.34437513, 0.42492330, 0.59044790, 0.72426212, 0.51272184, 0.68024093, 0.41469148, 0.39847779, 0.57740057)
(0.88410038, 0.34918609, 0.36280894, 0.41639352, 0.31453097, 0.25082749, 0.60600281, 0.45532700, 0.23065300, 0.51096678)
(0.62078756, 0.36120248, 0.40745860, 0.85910332, 0.88328946, 0.44341964, 0.88131422, 0.75265563, 0.56392616, 0.25092742)
(0.70978713, 0.28124952, 0.67699981, 0.70798784, 0.25164974, 0.10776208, 0.54325491, 0.65685475, 0.70047241, 0.14033562)
(0.94499999, 0.82501483, 0.10848647, 0.19446114, 0.02756375, 0.44700822, 0.30363062, 0.87079430, 0.18399540, 0.29922357)
(0.47895119, 0.49489951, 0.49467888, 0.91985780, 0.66291046, 0.33043844, 0.67469221, 0.81858999, 0.70089102, 0.10801794)
(0.47141296, 0.49459627, 0.63181657, 0.34406772, 0.43803379, 0.61767679, 0.50817037, 0.63501203, 0.77569717, 0.47912803)
(0.51077342, 0.55543613, 0.39120391, 0.36663055, 0.46732277, 0.71037233, 0.55190343, 0.67443675, 0.61225265, 0.48937637)
(0.82902616, 0.41435921, 0.22350237, 0.27254039, 0.29127249, 0.62562692, 0.51433146, 0.42057091, 0.26300490, 0.62986666)
(0.73881763, 0.59627050, 0.48337591, 0.29010916, 0.42441335, 0.61706394, 0.36227745, 0.30808258, 0.29942167, 0.78997362)
(0.91661847, 0.47759160, 0.29798675, 0.45062709, 0.35199326, 0.17909645, 0.83402175, 0.86260307, 0.33289880, 0.27860764)
(0.84982646, 0.29479218, 0.45040813, 0.08124498, 0.10203359, 0.54187793, 0.51626575, 0.65451473, 0.73635966, 0.42098367)
(0.42552149, 0.22672315, 0.37476248, 0.91943592, 0.85647655, 0.59897935, 0.50498223, 0.22781947, 0.38279766, 0.38245392)
(0.71647900, 0.19564463, 0.19897971, 0.74526715, 0.17633054, 0.29985976, 0.63507283, 0.77488440, 0.60696429, 0.06361677)
(0.69119579, 0.57540476, 0.67238045, 0.53625345, 0.28565723, 0.19580606, 0.46729183, 0.69621825, 0.56986713, 0.33876535)
(0.38846204, 0.46615341, 0.23083456, 0.63575846, 0.53427982, 0.83508623, 0.67930043, 0.85158378, 0.78321934, 0.17898369)
(0.63697189, 0.73700577, 0.74438035, 0.50106400, 0.54106671, 0.32610664, 0.51963043, 0.67653227, 0.55120987, 0.57790154)
(0.71888149, 0.65010530, 0.58890790, 0.84612805, 0.89306509, 0.30090758, 0.80601412, 0.66946465, 0.36445990, 0.50946099)
(0.76726544, 0.30299640, 0.37409201, 0.68928009, 0.12408167, 0.11594921, 0.42671186, 0.62765783, 0.42585039, 0.12413017)
(0.71244526, 0.25778112, 0.19527213, 0.46444631, 0.42051631, 0.61760104, 0.73677081, 0.67509663, 0.52874285, 0.29502931)
(0.65852827, 0.31554970, 0.45486403, 0.34399357, 0.21090156, 0.47702774, 0.49843433, 0.64295787, 0.69876009, 0.29502919)
(0.64729857, 0.27657482, 0.84307796, 0.19306774, 0.37455398, 0.48435080, 0.43334135, 0.30014658, 0.83714610, 0.64876372)
(0.57709241, 0.68487448, 0.70936316, 0.66618180, 0.19357753, 0.20537969, 0.21878174, 0.62516028, 0.56236833, 0.31286266)
(0.77675015, 0.55671531, 0.65278834, 0.71469110, 0.53513330, 0.14760709, 0.44970417, 0.40784153, 0.23238590, 0.56598198)
(0.37845090, 0.69223136, 0.81424564, 0.38689736, 0.61387390, 0.69827741, 0.43354750, 0.60689169, 0.83434051, 0.63516909)
(0.80605507, 0.70440310, 0.13733928, 0.67467695, 0.34764758, 0.46617976, 0.62288040, 0.78561920, 0.18100271, 0.33035982)
(0.46359825, 0.63818932, 0.56274623, 0.39167461, 0.36632621, 0.59267366, 0.43152106, 0.70295560, 0.68450928, 0.44535184)
(0.76954621, 0.42308629, 0.34525380, 0.40093994, 0.07365123, 0.29700747, 0.48949033, 0.86869222, 0.69477677, 0.10699494)
(0.53531247, 0.26928663, 0.60978371, 0.48838818, 0.57840270, 0.53872544, 0.62264758, 0.48050267, 0.73973322, 0.44519991)
(0.73958802, 0.69612348, 0.19688122, 0.63664848, 0.51408827, 0.54194707, 0.72212535, 0.82510906, 0.31127226, 0.35231227)
(0.54992950, 0.50978118, 0.45815784, 0.56577975, 0.44418496, 0.48984915, 0.61384141, 0.76347351, 0.65706486, 0.29629153)
(0.67608756, 0.25793591, 0.14328252, 0.92138034, 0.82005912, 0.53953040, 0.65313518, 0.29008311, 0.14025503, 0.39285645)
(0.28668597, 0.91918629, 0.41882065, 0.33323768, 0.48912543, 0.94718397, 0.39297667, 0.90509111, 0.82729685, 0.49631459)
(0.86329424, 0.22441828, 0.36635882, 0.50394553, 0.16924955, 0.14247313, 0.59789717, 0.57922041, 0.38361034, 0.21330200)
(0.84569341, 0.31469443, 0.16703174, 0.56633890, 0.30730891, 0.38174665, 0.61573642, 0.48396075, 0.17893204, 0.39725792)
(0.80271715, 0.41128683, 0.79964197, 0.29626334, 0.50249785, 0.21458101, 0.74750614, 0.70948631, 0.74776441, 0.47221178)
(0.58568156, 0.48323902, 0.51900035, 0.49911767, 0.78713387, 0.69627345, 0.59605277, 0.35228738, 0.43883416, 0.74206877)
(0.88974798, 0.63575447, 0.35247633, 0.54411340, 0.43047377, 0.20027301, 0.83289587, 0.90408140, 0.38074821, 0.26118088)
(0.80001205, 0.39905867, 0.60468483, 0.55682611, 0.17781229, 0.09908201, 0.51755899, 0.68949425, 0.53547293, 0.20380773)
(0.67680258, 0.55008692, 0.48358065, 0.42276552, 0.65149826, 0.52605295, 0.69663137, 0.61206192, 0.46035394, 0.60966855)
(0.79626268, 0.39641434, 0.25163218, 0.42976522, 0.54909414, 0.56452978, 0.83653009, 0.80454940, 0.52801096, 0.34095946)
(0.79542214, 0.51495403, 0.44463328, 0.39657581, 0.24287876, 0.50134665, 0.13212125, 0.12086830, 0.15768403, 0.77664566)
(0.84060043, 0.27887997, 0.31954208, 0.67537248, 0.15388505, 0.10952036, 0.53252369, 0.62386614, 0.31688717, 0.14587116)
(0.78365529, 0.42623642, 0.60085630, 0.29318699, 0.46614975, 0.33493042, 0.66537511, 0.58409345, 0.52067077, 0.57364088)
(0.65568304, 0.22349234, 0.49602434, 0.83328080, 0.60887879, 0.21909603, 0.79228324, 0.71586704, 0.66807598, 0.13740847)
(0.48539826, 0.66354072, 0.57195538, 0.28757370, 0.27082747, 0.64845037, 0.34394869, 0.68086702, 0.70437127, 0.49074990)
(0.62802434, 0.77198070, 0.60881162, 0.36895350, 0.65765697, 0.61151356, 0.54816633, 0.58558607, 0.45180139, 0.76547295)
(0.77879298, 0.27974871, 0.38174257, 0.43067136, 0.34525529, 0.31600097, 0.63697904, 0.54205281, 0.42766002, 0.39318573)
(0.79629654, 0.74356890, 0.41360441, 0.72631711, 0.64995605, 0.28713846, 0.86778468, 0.93710595, 0.52739608, 0.22127089)
(0.68154305, 0.40265170, 0.44831455, 0.64435565, 0.83922207, 0.51205844, 0.81124538, 0.56130075, 0.43563181, 0.55558020)
(0.73094660, 0.67174888, 0.57022685, 0.31497452, 0.54110676, 0.73680037, 0.19343609, 0.12556225, 0.23318315, 0.90464205)
(0.64385331, 0.43417287, 0.31769881, 0.54256433, 0.51557279, 0.79461896, 0.14757830, 0.06513816, 0.16580671, 0.82808590)
(0.78015637, 0.56939530, 0.19624838, 0.72376543, 0.44332126, 0.36142981, 0.67108637, 0.72353745, 0.21385056, 0.31451669)
(0.53747863, 0.34831774, 0.59263420, 0.79153150, 0.76873100, 0.37389764, 0.61527646, 0.43739209, 0.51316053, 0.42334917)
(0.88594449, 0.58787298, 0.15221657, 0.53584355, 0.22820829, 0.30402061, 0.83983964, 0.95705652, 0.46755078, 0.10523631)
(0.55502635, 0.45113471, 0.64594549, 0.89086336, 0.39406773, 0.13583210, 0.44727835, 0.69153088, 0.63243377, 0.12671989)
(0.49506259, 0.51541245, 0.46378443, 0.14693105, 0.19808328, 0.89165348, 0.17202376, 0.30008125, 0.73627812, 0.69798434)
(0.85367137, 0.57469440, 0.15375711, 0.41409302, 0.02218012, 0.30754018, 0.19738756, 0.75010437, 0.30736789, 0.13764003)
(0.53820294, 0.45442995, 0.26638874, 0.14342415, 0.26080415, 0.92005926, 0.53598511, 0.79563946, 0.85854799, 0.36186284)
(0.78585553, 0.43243912, 0.71277714, 0.37134910, 0.51223058, 0.24854822, 0.62413090, 0.51267147, 0.51276624, 0.59786946)
(0.91098160, 0.37984928, 0.34212327, 0.15065341, 0.17648114, 0.33191165, 0.70118320, 0.74950981, 0.47277886, 0.40750477)
(0.31279463, 0.67614776, 0.57105589, 0.44068354, 0.24264970, 0.74492830, 0.22633551, 0.67240793, 0.80226469, 0.36265054)
(0.64127040, 0.66904503, 0.42510378, 0.71707696, 0.85284853, 0.60440242, 0.59169781, 0.36749780, 0.20025460, 0.76908958)
(0.67876446, 0.38034764, 0.65906298, 0.25918776, 0.20728594, 0.39707756, 0.42778963, 0.56758618, 0.73686773, 0.41557652)
(0.74463445, 0.31385252, 0.50192720, 0.23066066, 0.41225672, 0.48674905, 0.74048716, 0.70435834, 0.71065485, 0.43192539)
(0.64061940, 0.62666339, 0.59670597, 0.56288636, 0.85237622, 0.58052421, 0.67550647, 0.45111501, 0.38687274, 0.76649743)
(0.56920063, 0.83144820, 0.31247139, 0.21439938, 0.29281673, 0.85733265, 0.45084947, 0.85914111, 0.64999300, 0.50785416)
(0.51496035, 0.63593411, 0.44252306, 0.71311837, 0.45408577, 0.47541153, 0.62475985, 0.86805099, 0.69883752, 0.18923670)
(0.65521187, 0.62621331, 0.77846766, 0.54716492, 0.70546108, 0.30710942, 0.55734664, 0.47285619, 0.48108143, 0.69346780)
(0.69188035, 0.46167815, 0.19918014, 0.77752554, 0.35286662, 0.35566428, 0.47748864, 0.54552919, 0.20249788, 0.29339436)
(0.84394878, 0.56278372, 0.69910765, 0.58901387, 0.43406409, 0.10794557, 0.57412308, 0.60277772, 0.33860087, 0.47882566)
(0.76856339, 0.34063473, 0.26261902, 0.30428290, 0.26042709, 0.53012580, 0.60767090, 0.63256752, 0.47255343, 0.38849598)
(0.74283469, 0.13786350, 0.50422978, 0.47539213, 0.26422772, 0.27587554, 0.68851280, 0.64084774, 0.77275777, 0.17091633)
(0.76667213, 0.54089904, 0.14869550, 0.29852358, 0.31333461, 0.77339381, 0.58025712, 0.64979291, 0.34566489, 0.51730162)
(0.50005937, 0.78781325, 0.53783196, 0.33631948, 0.45828471, 0.71934748, 0.54839891, 0.85812712, 0.74369359, 0.45595327)
(0.50288570, 0.56931925, 0.51163816, 0.64352411, 0.54590786, 0.45514607, 0.59666544, 0.71890980, 0.60473883, 0.35403994)
(0.78789407, 0.70472640, 0.49175063, 0.32642308, 0.57438606, 0.64831245, 0.37651077, 0.26077673, 0.19309841, 0.87832373)
(0.83370942, 0.41341713, 0.29598805, 0.19860178, 0.23747721, 0.56719285, 0.62023228, 0.67272258, 0.49633244, 0.46313062)
(0.68956286, 0.27063248, 0.53837621, 0.61835003, 0.36141071, 0.23350105, 0.63940251, 0.64386469, 0.64306241, 0.22152634)
(0.45699617, 0.68967694, 0.45394054, 0.51769376, 0.30169368, 0.57025570, 0.27353945, 0.54670113, 0.47193995, 0.47533730)
(0.76846200, 0.48457575, 0.63472790, 0.32874417, 0.55854517, 0.34557277, 0.63087440, 0.48546961, 0.43776962, 0.68024945)
(0.77583045, 0.31608534, 0.30990523, 0.81672215, 0.14300375, 0.09496649, 0.54577148, 0.79004359, 0.47407427, 0.05928335)
(0.73451847, 0.35784766, 0.83748776, 0.52942967, 0.41881952, 0.15123782, 0.61841929, 0.64145327, 0.77966142, 0.32188416)
(0.28510660, 0.57295048, 0.63920146, 0.43866801, 0.34779570, 0.76696306, 0.30021632, 0.62079030, 0.85870689, 0.39067224)
(0.50556070, 0.34016380, 0.60803443, 0.37292507, 0.24305528, 0.54173183, 0.31872889, 0.39707351, 0.73019624, 0.42862064)
(0.47271663, 0.59131020, 0.71987641, 0.50254744, 0.48125005, 0.45287916, 0.34893531, 0.44733307, 0.59490973, 0.59566081)
(0.50730729, 0.40078363, 0.86394733, 0.47721651, 0.73482019, 0.55239391, 0.34122509, 0.15049864, 0.67796159, 0.80355591)
(0.79719639, 0.43783781, 0.23666318, 0.35137993, 0.02588087, 0.34751418, 0.14894447, 0.54233503, 0.38230816, 0.20918737)
(0.85585684, 0.70179820, 0.71585685, 0.24301474, 0.39425120, 0.35417631, 0.37099290, 0.36557096, 0.30580968, 0.82003957)
(0.88424659, 0.20502433, 0.41427791, 0.59455717, 0.58686990, 0.14496337, 0.88297224, 0.72642833, 0.44427481, 0.28017995)
(0.46899569, 0.65899324, 0.66394609, 0.44201967, 0.32311717, 0.53601843, 0.38734671, 0.72976685, 0.76239616, 0.38308150)
(0.37763914, 0.77208871, 0.56202602, 0.63858134, 0.75248319, 0.77574927, 0.70135897, 0.90637475, 0.84230304, 0.32206580)
(0.78081870, 0.32795331, 0.11423240, 0.60614753, 0.06536902, 0.36138922, 0.39207399, 0.72695148, 0.36090508, 0.09857776)
(0.46604186, 0.52256811, 0.45639527, 0.56666327, 0.42637753, 0.56081671, 0.56911242, 0.77247345, 0.71201479, 0.28158894)
(0.77752268, 0.48706537, 0.82511228, 0.31568193, 0.47663629, 0.21537508, 0.71811706, 0.75599837, 0.78549010, 0.44206649)
(0.65549952, 0.36780694, 0.29586685, 0.30504671, 0.48793694, 0.73032355, 0.77227509, 0.79637045, 0.71746182, 0.34572437)
(0.58358431, 0.59884036, 0.39899170, 0.57032335, 0.50920892, 0.55721354, 0.75897980, 0.90295035, 0.74337053, 0.21564867)
(0.66057974, 0.35106835, 0.12722701, 0.70039117, 0.30682841, 0.55748034, 0.60600704, 0.71343952, 0.40356377, 0.17189129)
(0.75095546, 0.49220833, 0.24970578, 0.52028304, 0.41898796, 0.48867041, 0.77265751, 0.85279167, 0.53051782, 0.24322970)
(0.81006789, 0.43560502, 0.08554889, 0.66435021, 0.19621241, 0.46817490, 0.58387953, 0.73724937, 0.22397846, 0.18504800)
(0.47888684, 0.56684816, 0.51188642, 0.14449441, 0.26540518, 0.86833125, 0.27231002, 0.46673763, 0.78190833, 0.66347426)
(0.88073885, 0.58722413, 0.44972399, 0.42170939, 0.17740473, 0.19103156, 0.35764641, 0.49710315, 0.20096140, 0.51317608)
(0.65846640, 0.51182508, 0.64996707, 0.52436739, 0.47035626, 0.30611679, 0.63415641, 0.73007083, 0.65626085, 0.36490309)
(0.76083863, 0.33415356, 0.52118140, 0.57277519, 0.63020426, 0.27031323, 0.84424412, 0.77668709, 0.62034100, 0.29842684)
(0.61267424, 0.46976328, 0.33782375, 0.80332947, 0.11972287, 0.16954762, 0.35113454, 0.77496743, 0.54593670, 0.07511480)
(0.68218422, 0.22082515, 0.33143929, 0.59275377, 0.69205022, 0.60382628, 0.92263585, 0.89558941, 0.85135710, 0.13639688)
(0.56222326, 0.36639214, 0.53169543, 0.39251915, 0.26078781, 0.48806629, 0.44674093, 0.58486408, 0.70953530, 0.34526023)
(0.61506397, 0.71480846, 0.32972193, 0.85956895, 0.35856867, 0.27747270, 0.43931705, 0.79061329, 0.36383381, 0.18291657)
(0.80300534, 0.38315162, 0.44818965, 0.39175838, 0.34042677, 0.31414908, 0.56830841, 0.51369405, 0.37939641, 0.49158880)
(0.55871958, 0.40932959, 0.55803531, 0.33704591, 0.39073482, 0.57098567, 0.58861536, 0.68453753, 0.76860726, 0.39575914)
(0.42814651, 0.83233249, 0.75168240, 0.38522893, 0.39596191, 0.65316689, 0.18979535, 0.49357748, 0.60680193, 0.71706170)
(0.61381751, 0.38180965, 0.59251016, 0.35467288, 0.29031238, 0.52787906, 0.65259117, 0.83275878, 0.88646251, 0.21209949)
(0.82298887, 0.34060815, 0.69065535, 0.58384937, 0.39234692, 0.10434228, 0.66421759, 0.63660043, 0.53349447, 0.31074435)
(0.51537752, 0.31960469, 0.61826354, 0.35317677, 0.34187371, 0.55988932, 0.42507711, 0.42148727, 0.74128503, 0.47141799)
(0.66831177, 0.34730533, 0.80074555, 0.35184276, 0.34911352, 0.30855581, 0.54335093, 0.59484732, 0.82734108, 0.39113981)
(0.69933844, 0.64260077, 0.83946407, 0.22760740, 0.35415486, 0.41754252, 0.29015383, 0.37167907, 0.61850655, 0.76108694)
(0.74177760, 0.42879161, 0.58562058, 0.08769439, 0.17560048, 0.69538295, 0.30456457, 0.36067766, 0.68452084, 0.70877880)
(0.66941190, 0.50648284, 0.67624378, 0.33347774, 0.48132709, 0.39479056, 0.58803290, 0.60065001, 0.62328756, 0.56585830)
(0.81989592, 0.16091724, 0.52938026, 0.21845697, 0.33127704, 0.36727807, 0.80581653, 0.72632331, 0.80692017, 0.28492981)
(0.59589243, 0.56413412, 0.69570631, 0.93198025, 0.74850965, 0.15191399, 0.55969942, 0.61457419, 0.46137086, 0.26514411)
(0.61820501, 0.41834295, 0.89131516, 0.12140734, 0.32848319, 0.57868546, 0.45006779, 0.52750528, 0.92951006, 0.60674310)
(0.76657164, 0.48032141, 0.79456627, 0.09583276, 0.30478942, 0.53323042, 0.46576869, 0.50137711, 0.77925295, 0.71391225)
(0.69314647, 0.47670177, 0.85188222, 0.38795507, 0.76377922, 0.43174714, 0.48615775, 0.20952906, 0.54133499, 0.85027421)
(0.78572178, 0.59205216, 0.43907276, 0.74786443, 0.54513514, 0.22226490, 0.56175756, 0.53739262, 0.17589371, 0.49136081)
(0.79191679, 0.29101998, 0.85827166, 0.14530629, 0.23621647, 0.33934191, 0.30446386, 0.21887924, 0.71475255, 0.71923047)
(0.47924638, 0.56902772, 0.68390399, 0.22034243, 0.34162492, 0.77554160, 0.21762568, 0.29052913, 0.71523762, 0.75174463)
(0.88528264, 0.30135044, 0.26958224, 0.09768291, 0.45045775, 0.72986293, 0.80481726, 0.60387456, 0.50943285, 0.66729283)
(0.88215023, 0.32524201, 0.64298636, 0.25309756, 0.18785104, 0.13938697, 0.70026308, 0.78721464, 0.69407219, 0.26665351)
(0.58726919, 0.46366727, 0.25074220, 0.51374793, 0.64319950, 0.89259958, 0.22333036, 0.08948404, 0.19372766, 0.84111434)
(0.89787948, 0.48668817, 0.53732979, 0.41041064, 0.09568582, 0.09618982, 0.33413413, 0.55197918, 0.29381239, 0.34179106)
(0.41373971, 0.71533704, 0.73389298, 0.66770172, 0.51866096, 0.44203725, 0.37940452, 0.66045445, 0.69112337, 0.42792806)
(0.72558343, 0.80887580, 0.60849732, 0.47266138, 0.25240874, 0.33403790, 0.27877194, 0.62426633, 0.35527378, 0.54901177)
(0.52692920, 0.64802104, 0.43392926, 0.73168594, 0.70191133, 0.54292887, 0.53598118, 0.54780775, 0.36129048, 0.54139251)
(0.78996289, 0.84666538, 0.77966678, 0.80448252, 0.62668252, 0.13065617, 0.69732231, 0.88989294, 0.53960383, 0.32360816)
(0.88871402, 0.28862271, 0.14276440, 0.09222653, 0.10620427, 0.72034723, 0.57743049, 0.63730127, 0.48782384, 0.43223706)
(0.44376361, 0.72222143, 0.53986156, 0.33854520, 0.58650279, 0.79925835, 0.42846733, 0.55626875, 0.60379404, 0.70868123)
(0.81381232, 0.60681456, 0.81179231, 0.46421334, 0.37679994, 0.12698562, 0.43826622, 0.51858610, 0.43416452, 0.57697278)
(0.90336818, 0.24189246, 0.41385061, 0.06044110, 0.32375389, 0.74569678, 0.52279931, 0.18333814, 0.45402908, 0.85717982)
(0.78024650, 0.49876520, 0.09031690, 0.78935719, 0.32357198, 0.44846663, 0.58505273, 0.69217581, 0.15839104, 0.21965547)
(0.53860104, 0.60299438, 0.54320717, 0.37043160, 0.32397926, 0.55054247, 0.40963176, 0.64136946, 0.61482292, 0.48013449)
(0.45485693, 0.75497848, 0.82556385, 0.44254437, 0.72519946, 0.59040463, 0.57145190, 0.69100899, 0.78273141, 0.64890313)
(0.42504576, 0.60173988, 0.45852181, 0.31713352, 0.32916397, 0.77009141, 0.40093738, 0.70716250, 0.74713808, 0.43713009)
(0.79748237, 0.38493651, 0.51306659, 0.37316251, 0.26728541, 0.25236803, 0.65995276, 0.75629616, 0.60796398, 0.29101521)
(0.75953001, 0.18054815, 0.40819612, 0.63323796, 0.67226154, 0.30980572, 0.83705169, 0.58122051, 0.51861310, 0.33489677)
(0.70856327, 0.65328538, 0.56006950, 0.69660842, 0.34938768, 0.20872475, 0.64901346, 0.88682872, 0.63093829, 0.17776331)
(0.80300617, 0.79885793, 0.60855365, 0.40837485, 0.46700650, 0.36717108, 0.49660924, 0.64092720, 0.31144392, 0.69630611)
(0.60192162, 0.46550962, 0.86971533, 0.35771638, 0.45010969, 0.35252503, 0.36515549, 0.34633833, 0.73813319, 0.65197915)
(0.65859795, 0.51725924, 0.62886626, 0.37650350, 0.48915899, 0.38929248, 0.56798458, 0.56516463, 0.54078585, 0.57792777)
(0.68611008, 0.67499703, 0.28941551, 0.24509661, 0.35998213, 0.78641516, 0.52379882, 0.68994844, 0.48914078, 0.59792227)
(0.60734445, 0.46068648, 0.38851503, 0.62319952, 0.68362612, 0.72486150, 0.24193670, 0.09232257, 0.18207474, 0.82303870)
(0.82379836, 0.57330704, 0.31079409, 0.51639152, 0.16912788, 0.22557536, 0.60561740, 0.86748028, 0.44462469, 0.17799962)
(0.88688499, 0.31399459, 0.49434701, 0.25875819, 0.08386128, 0.17006667, 0.35714668, 0.47305322, 0.40561074, 0.37416133)
(0.65352237, 0.59443188, 0.61704731, 0.44954285, 0.40998411, 0.36600471, 0.53524250, 0.68386930, 0.57572943, 0.45438614)
(0.85758585, 0.26162621, 0.56984931, 0.20679837, 0.24205042, 0.28243926, 0.53589332, 0.40949154, 0.49289942, 0.55298519)
(0.74689579, 0.55102670, 0.55927986, 0.69927919, 0.49117178, 0.20312755, 0.53820246, 0.57953292, 0.32725042, 0.42640442)
(0.63921320, 0.61994720, 0.63144237, 0.33237234, 0.36029303, 0.45371363, 0.42267242, 0.57536280, 0.55317056, 0.58839089)
(0.86623698, 0.82149720, 0.24641548, 0.69156873, 0.14912333, 0.19654812, 0.55871886, 0.93339008, 0.30928859, 0.13516150)
(0.82582760, 0.74717259, 0.85599947, 0.56345350, 0.36913359, 0.08435054, 0.52544844, 0.77539963, 0.55394262, 0.41759872)
(0.82477927, 0.22449400, 0.42562830, 0.12310033, 0.03726839, 0.45501819, 0.24915303, 0.43536407, 0.67740512, 0.32463869)
(0.47534689, 0.91337216, 0.32678610, 0.19040045, 0.26601753, 0.94781381, 0.19439837, 0.70372564, 0.57623518, 0.72515035)
(0.41446555, 0.50234085, 0.50767094, 0.25796759, 0.21216327, 0.80573672, 0.41343981, 0.80133545, 0.90241200, 0.26740509)
(0.41347691, 0.70754939, 0.58225799, 0.28043261, 0.23261544, 0.77124166, 0.17698655, 0.46956921, 0.67890763, 0.61644292)
(0.66085982, 0.24056943, 0.09427497, 0.61122507, 0.13036920, 0.61454916, 0.47199231, 0.68947887, 0.49615002, 0.11068308)
(0.60637099, 0.65479082, 0.40753713, 0.32235965, 0.52832943, 0.74187803, 0.59743059, 0.69637102, 0.56934410, 0.58455539)
(0.75645393, 0.90214956, 0.48710576, 0.62627667, 0.18592069, 0.26343384, 0.45575014, 0.93872058, 0.50988084, 0.20318794)
(0.42140976, 0.59529734, 0.43064806, 0.46065679, 0.57934546, 0.80385113, 0.48959264, 0.59402168, 0.64416206, 0.55061382)
(0.43115541, 0.48321217, 0.41527498, 0.71454626, 0.63687176, 0.59547937, 0.49850732, 0.50648224, 0.48659015, 0.43803096)
(0.93314832, 0.55478144, 0.17286207, 0.20367195, 0.20667700, 0.41682258, 0.79067737, 0.87635386, 0.33626398, 0.36738682)
(0.67636353, 0.73289871, 0.18360823, 0.97196174, 0.86618543, 0.43445021, 0.63244975, 0.60457736, 0.10238886, 0.34571847)
(0.68878257, 0.53524417, 0.22529997, 0.14355426, 0.37086686, 0.93154508, 0.39105740, 0.37783390, 0.49490049, 0.76612568)
(0.71574026, 0.13466859, 0.26921323, 0.71432137, 0.19828607, 0.25260374, 0.63649189, 0.67489409, 0.63518727, 0.07983419)
(0.75520724, 0.72098964, 0.49960288, 0.82476240, 0.67505836, 0.23066868, 0.82231057, 0.90490562, 0.51639783, 0.21382020)
(0.88067555, 0.75128400, 0.29449505, 0.66078365, 0.24232917, 0.25291336, 0.24662010, 0.38095671, 0.05798053, 0.63659555)
(0.88385093, 0.40912294, 0.09449188, 0.42280102, 0.23566678, 0.54096347, 0.63729489, 0.60723174, 0.16431293, 0.42161301)
(0.80642712, 0.69560117, 0.44883868, 0.50818890, 0.55813420, 0.40361181, 0.56641668, 0.52338761, 0.20035298, 0.70337278)
(0.68138844, 0.59615183, 0.21363315, 0.82433617, 0.05386822, 0.16262482, 0.15979224, 0.67979199, 0.31315914, 0.07432641)
(0.85020500, 0.20856497, 0.72799522, 0.25288987, 0.10370144, 0.14175934, 0.51629514, 0.63986748, 0.80396050, 0.21698497)
(0.89365250, 0.24444604, 0.43847284, 0.03337667, 0.06539672, 0.64077085, 0.42193657, 0.48907667, 0.73564726, 0.56350076)
(0.69628918, 0.58749104, 0.65215302, 0.74354720, 0.83117223, 0.31137812, 0.82011533, 0.74036855, 0.55316281, 0.45095864)
(0.44500086, 0.55400854, 0.68306208, 0.53908491, 0.46823040, 0.46195117, 0.34234449, 0.44054011, 0.59247380, 0.55525416)
(0.52233660, 0.08591159, 0.30779755, 0.90170670, 0.79830074, 0.53771114, 0.78413898, 0.45884150, 0.67756015, 0.14361894)
(0.40529296, 0.59707147, 0.52323979, 0.49892336, 0.45253888, 0.74204081, 0.16833322, 0.22883925, 0.44942403, 0.70964986)
(0.83557498, 0.38459784, 0.68961126, 0.33960402, 0.34774640, 0.18282522, 0.52771002, 0.43594694, 0.43307909, 0.57412797)
(0.51104301, 0.75067186, 0.51381022, 0.33205259, 0.27118781, 0.68532628, 0.25505856, 0.58255851, 0.53552353, 0.59525877)
(0.83076358, 0.27468395, 0.54714996, 0.60803324, 0.45607650, 0.13555719, 0.78915596, 0.73475766, 0.55130607, 0.23756634)
(0.48511249, 0.85241628, 0.60385180, 0.39141029, 0.52169150, 0.71566677, 0.36932999, 0.66752255, 0.54414147, 0.69621974)
(0.79128456, 0.47633380, 0.15382890, 0.59921545, 0.46459365, 0.47522226, 0.79139620, 0.81235659, 0.33423463, 0.26975331)
(0.79136622, 0.38744867, 0.68860698, 0.20664017, 0.30159765, 0.34496406, 0.62206733, 0.67053068, 0.73823106, 0.45801350)
(0.87253690, 0.26678225, 0.82525587, 0.53311056, 0.46492428, 0.06244379, 0.81424218, 0.74746895, 0.74172401, 0.24982893)
(0.62000263, 0.31132120, 0.26122034, 0.51866078, 0.30250528, 0.56095397, 0.65296483, 0.76583201, 0.66499013, 0.18832378)
(0.80713916, 0.17392553, 0.88680804, 0.12123485, 0.26741233, 0.31663200, 0.50075245, 0.32198107, 0.87777597, 0.58492815)
(0.78236884, 0.53413302, 0.29329094, 0.57291341, 0.72233188, 0.56316668, 0.68207484, 0.41216227, 0.16838123, 0.71882731)
(0.67271793, 0.56915718, 0.40746844, 0.38010421, 0.59974998, 0.60717523, 0.83876026, 0.89744186, 0.73656052, 0.32676077)
(0.69327515, 0.24546106, 0.71758807, 0.50107718, 0.43410227, 0.24536398, 0.52690929, 0.37302014, 0.62343204, 0.45357653)
(0.53024626, 0.61856109, 0.19098739, 0.69148397, 0.69954228, 0.78424841, 0.64974082, 0.67576200, 0.36166248, 0.44196594)
(0.57825023, 0.71922892, 0.35217491, 0.68630803, 0.63000238, 0.64419287, 0.28006193, 0.26260814, 0.14943238, 0.76848215)
(0.37829396, 0.78909725, 0.70546991, 0.40267995, 0.36715847, 0.67662454, 0.23667713, 0.59038514, 0.69404429, 0.59844512)
(0.55757904, 0.73135281, 0.44579300, 0.21996896, 0.43351495, 0.80365437, 0.49886721, 0.72307390, 0.64746779, 0.63508654)
(0.62228048, 0.61579204, 0.54260623, 0.60065651, 0.79431468, 0.56598210, 0.49461073, 0.29605383, 0.27136099, 0.79291427)
(0.80162156, 0.29481545, 0.40066007, 0.24407801, 0.43074098, 0.47716808, 0.71818304, 0.56496924, 0.50869125, 0.53759682)
(0.60605872, 0.53004563, 0.83290315, 0.20426008, 0.21703997, 0.51559603, 0.20293270, 0.32307944, 0.75779665, 0.67257529)
(0.89113498, 0.62237668, 0.50561953, 0.19311129, 0.34114936, 0.34282094, 0.66995382, 0.71608430, 0.38743359, 0.63223225)
(0.93557066, 0.34330025, 0.06818287, 0.23194659, 0.03688759, 0.43090338, 0.51485229, 0.79447305, 0.27261341, 0.16088086)
(0.52410066, 0.76067638, 0.72757155, 0.31376103, 0.16139685, 0.61420715, 0.08267174, 0.32423294, 0.57030380, 0.68427294)
(0.62169123, 0.78060687, 0.46057808, 0.54599440, 0.44396618, 0.50424182, 0.51490903, 0.76984102, 0.45535219, 0.46559927)
(0.61942351, 0.51168650, 0.57533640, 0.31718159, 0.51255393, 0.53523910, 0.67731208, 0.73140728, 0.70275271, 0.49245337)
(0.45732281, 0.64737213, 0.78723192, 0.47677976, 0.50433034, 0.49705857, 0.37563166, 0.53311694, 0.71590126, 0.58122879)
(0.92454237, 0.23590387, 0.11567401, 0.25270188, 0.05512107, 0.34788382, 0.54438233, 0.68479282, 0.31087169, 0.19639069)
(0.79693842, 0.72562003, 0.12636130, 0.85035264, 0.16751441, 0.27456778, 0.62606412, 0.94960177, 0.38912258, 0.05217053)
(0.62231708, 0.50089854, 0.63430917, 0.63454396, 0.48455867, 0.27105045, 0.60689241, 0.70053548, 0.61462188, 0.32992429)
(0.59965521, 0.34745428, 0.68347114, 0.30847794, 0.43150857, 0.51480007, 0.64090049, 0.67357540, 0.84285396, 0.39962810)
(0.58649695, 0.37969661, 0.65587139, 0.27173904, 0.24275593, 0.53357697, 0.52394962, 0.72299731, 0.87264442, 0.30652681)
(0.34175146, 0.66479981, 0.54648095, 0.20926437, 0.05248785, 0.86305875, 0.04882227, 0.38249689, 0.83219165, 0.45675442)
(0.54473835, 0.59581184, 0.77729642, 0.57299542, 0.46443447, 0.30330998, 0.43600178, 0.58859384, 0.66520947, 0.46063244)
(0.85313809, 0.43335515, 0.23909310, 0.55764884, 0.71963638, 0.48288068, 0.80056000, 0.49635831, 0.16298380, 0.65218258)
(0.91210902, 0.51926148, 0.60799676, 0.33713105, 0.26112688, 0.10624172, 0.69641227, 0.78530681, 0.42959210, 0.37532681)
(0.78800088, 0.84498024, 0.74542099, 0.18670528, 0.27668986, 0.55197787, 0.18802884, 0.36396921, 0.37230989, 0.86013228)
(0.78832316, 0.43733603, 0.83707982, 0.18760613, 0.21663108, 0.27961659, 0.32145190, 0.37605187, 0.67751110, 0.63861150)
(0.39865059, 0.52161831, 0.80488312, 0.28672734, 0.28044817, 0.65236557, 0.29880792, 0.54031289, 0.89724803, 0.46799070)
(0.59834319, 0.18002313, 0.40502757, 0.51129484, 0.26136312, 0.48943692, 0.56961036, 0.59414023, 0.76040012, 0.19230787)
(0.74877667, 0.90838093, 0.59220546, 0.64495784, 0.68441868, 0.38637951, 0.74241984, 0.91120696, 0.49362123, 0.46276563)
(0.85729069, 0.47948077, 0.43547478, 0.14771239, 0.23153728, 0.44533250, 0.62453353, 0.70083243, 0.51856369, 0.53408009)
(0.68597156, 0.16914089, 0.26047873, 0.79711729, 0.14683609, 0.19329408, 0.39821607, 0.50797540, 0.45533308, 0.09179861)
(0.52423930, 0.44572738, 0.50873709, 0.82967013, 0.53482062, 0.27363646, 0.36869937, 0.39172021, 0.36571187, 0.37578371)
(0.76966214, 0.57153845, 0.63733786, 0.83350062, 0.55730075, 0.11515997, 0.74442679, 0.83869642, 0.54174298, 0.18652156)
(0.69890594, 0.60136759, 0.49341300, 0.46425754, 0.68763512, 0.49420604, 0.70453840, 0.61282015, 0.40495199, 0.63724607)
(0.45736369, 0.57402658, 0.24541917, 0.58064127, 0.44407219, 0.75173897, 0.52100056, 0.72354323, 0.53884506, 0.33522582)
(0.72278279, 0.74184990, 0.41946840, 0.49149704, 0.48114669, 0.47167757, 0.62337053, 0.77800268, 0.40409479, 0.49130636)
(0.49844146, 0.50004226, 0.20802425, 0.45430517, 0.37370458, 0.86176938, 0.26660162, 0.31814748, 0.36492810, 0.58827043)
(0.53292221, 0.68343031, 0.54037017, 0.62069911, 0.65092826, 0.56293184, 0.71788037, 0.85707021, 0.72301239, 0.32486969)
(0.58685005, 0.26245472, 0.09435979, 0.70986271, 0.34933692, 0.74016291, 0.48265201, 0.47245666, 0.35252574, 0.24037784)
(0.35432875, 0.68040389, 0.78050858, 0.54289353, 0.40307629, 0.55821425, 0.18072630, 0.40219358, 0.69089657, 0.58443916)
(0.61057729, 0.16226543, 0.42283520, 0.90897936, 0.43894631, 0.18399878, 0.72045344, 0.73995352, 0.73321742, 0.05178174)
(0.80413705, 0.40082812, 0.53575790, 0.48789063, 0.88066936, 0.55625117, 0.76614493, 0.29494038, 0.30118790, 0.81996632)
(0.95673758, 0.72835720, 0.44285420, 0.23939069, 0.37131074, 0.36722776, 0.45753202, 0.30525056, 0.07592798, 0.89330238)
(0.50767803, 0.68096471, 0.45257705, 0.92012805, 0.22982037, 0.18155557, 0.21933866, 0.70989978, 0.45814657, 0.11140735)
(0.90334356, 0.38980782, 0.39400947, 0.48330650, 0.24845886, 0.17369430, 0.47037429, 0.35925156, 0.15071258, 0.53180581)
(0.53497696, 0.43091896, 0.56241351, 0.46413702, 0.74006945, 0.71388984, 0.72558904, 0.64661086, 0.75087070, 0.50933725)
(0.56090802, 0.73692065, 0.71783435, 0.39287603, 0.21361743, 0.54093659, 0.07360084, 0.21598782, 0.41982454, 0.74610603)
(0.81854993, 0.21297126, 0.45160335, 0.36477175, 0.23154938, 0.24110311, 0.57644081, 0.49000537, 0.48780063, 0.35662246)
(0.77522564, 0.17302249, 0.53847575, 0.38439918, 0.62079620, 0.36936507, 0.83048546, 0.57349676, 0.67070740, 0.42093119)
(0.59957814, 0.56972086, 0.32939875, 0.33406916, 0.34817037, 0.70568854, 0.53531325, 0.72690684, 0.59075606, 0.42968121)
(0.53791213, 0.50282818, 0.37252998, 0.69406724, 0.43988150, 0.45021883, 0.54804760, 0.69854921, 0.52235401, 0.27001297)
(0.36200339, 0.49595273, 0.63373893, 0.54385078, 0.60311359, 0.69481689, 0.55983824, 0.69930798, 0.84229559, 0.37991840)
(0.73714483, 0.52454036, 0.28209159, 0.62195683, 0.32429329, 0.38500941, 0.62179512, 0.78437006, 0.42677402, 0.23777719)
(0.87232876, 0.27303013, 0.32738405, 0.34546217, 0.08355893, 0.17391691, 0.57368606, 0.75557905, 0.52919340, 0.15172790)
(0.59535718, 0.45974433, 0.65428525, 0.25339758, 0.24803355, 0.54546970, 0.50668603, 0.74476218, 0.84995037, 0.34798551)
(0.59769642, 0.56335360, 0.72412175, 0.64576000, 0.87794131, 0.52657115, 0.55908251, 0.28659678, 0.42260522, 0.79780829)
(0.79300302, 0.44156578, 0.13245222, 0.29524723, 0.36520213, 0.73554718, 0.79900593, 0.85308754, 0.52616155, 0.30684951)
(0.80493367, 0.69111878, 0.42897373, 0.77659589, 0.64314628, 0.29377216, 0.40996423, 0.32013965, 0.08333570, 0.72245049)
(0.50146264, 0.67568988, 0.65402281, 0.10542352, 0.34993002, 0.93537545, 0.19740388, 0.31821039, 0.81464547, 0.83008325)
(0.77732182, 0.19584912, 0.18841122, 0.16024837, 0.16386737, 0.73999149, 0.60293692, 0.62454516, 0.66865838, 0.32121983)
(0.39258426, 0.67386353, 0.34322476, 0.41123876, 0.26069218, 0.83830190, 0.50065196, 0.91987503, 0.86989301, 0.17379212)
(0.78388262, 0.25684625, 0.06907260, 0.65936720, 0.11880558, 0.50526261, 0.50060672, 0.67326057, 0.30121952, 0.11747011)
(0.43075937, 0.21233027, 0.29824835, 0.74533921, 0.44871765, 0.60371029, 0.54712063, 0.54292285, 0.67470145, 0.18417034)
(0.89288515, 0.27319363, 0.21319562, 0.25000748, 0.31459302, 0.43824595, 0.76156098, 0.63199455, 0.35185814, 0.44742993)
(0.61691409, 0.54711014, 0.38354069, 0.45358455, 0.31318447, 0.50014818, 0.46103317, 0.63254833, 0.46457353, 0.42176932)
(0.36694983, 0.63719803, 0.37554792, 0.95234650, 0.45807299, 0.36919820, 0.34662318, 0.78436518, 0.60158896, 0.08678122)
(0.84005535, 0.57480228, 0.76882452, 0.51533014, 0.54330939, 0.13362427, 0.57628626, 0.51026392, 0.34868750, 0.62573117)
(0.78772366, 0.36598799, 0.45708397, 0.29441795, 0.03662429, 0.30290309, 0.11924399, 0.32540214, 0.45771736, 0.34576583)
(0.84443736, 0.40626249, 0.60870945, 0.25608352, 0.19425650, 0.27008769, 0.32938820, 0.31185648, 0.36248058, 0.63570327)
(0.68014449, 0.60395610, 0.56392848, 0.84820342, 0.31585360, 0.14028704, 0.61946356, 0.89901567, 0.67881262, 0.08627479)
(0.83342850, 0.36355782, 0.05540235, 0.77676886, 0.09344933, 0.34870932, 0.49706027, 0.78412145, 0.21364005, 0.07275610)
(0.51074404, 0.33147326, 0.33286276, 0.92608207, 0.78275520, 0.39907560, 0.75360841, 0.69205946, 0.52926606, 0.14558737)
(0.47040424, 0.49031773, 0.74138290, 0.42117313, 0.62418127, 0.59189039, 0.65696728, 0.71795726, 0.86042309, 0.44268939)
(0.85157913, 0.69523036, 0.45982355, 0.67600989, 0.69035506, 0.30189681, 0.58546567, 0.42719665, 0.10084046, 0.74678904)
(0.76878542, 0.19552581, 0.15698305, 0.47639707, 0.07759494, 0.42265245, 0.48286232, 0.69868654, 0.54355282, 0.10709881)
(0.82130742, 0.53624284, 0.43410358, 0.28809899, 0.39322001, 0.40799341, 0.62943751, 0.61949003, 0.36711875, 0.60172921)
(0.86799800, 0.55015576, 0.72223318, 0.26788634, 0.46658424, 0.23141851, 0.58992374, 0.49301884, 0.39100972, 0.71425855)
(0.72307330, 0.43793198, 0.36868972, 0.56145030, 0.36561337, 0.37242612, 0.42108485, 0.37827793, 0.24421251, 0.52709466)
(0.63854927, 0.51156127, 0.58108789, 0.77444893, 0.35682714, 0.16051383, 0.38538504, 0.55112571, 0.40023175, 0.29506189)
(0.72633100, 0.56635821, 0.41717124, 0.31164062, 0.57207775, 0.76345015, 0.35681173, 0.19447948, 0.24521956, 0.86118680)
(0.58694345, 0.62021601, 0.61929065, 0.92214590, 0.83996958, 0.26165888, 0.52350545, 0.46535280, 0.32551169, 0.45593947)
(0.76235074, 0.33971268, 0.11514795, 0.55819470, 0.21648026, 0.52787262, 0.63443029, 0.75244695, 0.39160836, 0.17960097)
(0.91434598, 0.79860520, 0.41029626, 0.45930114, 0.12016917, 0.15518229, 0.30091372, 0.66942251, 0.14182699, 0.47775152)
(0.78832269, 0.64863759, 0.65059733, 0.23083283, 0.32865924, 0.44560090, 0.33813837, 0.37931895, 0.37628931, 0.77200937)
(0.89104879, 0.50809044, 0.27326486, 0.61854887, 0.30292553, 0.16257200, 0.78298789, 0.87616575, 0.33328196, 0.18242633)
(0.69780505, 0.44813827, 0.33971158, 0.77790648, 0.43232447, 0.30174452, 0.77901602, 0.88884932, 0.63382190, 0.10489744)
(0.65063262, 0.62301248, 0.57274127, 0.44346651, 0.71997523, 0.57590288, 0.64702183, 0.54753059, 0.46639621, 0.69981706)
(0.80293429, 0.49502426, 0.37725300, 0.22874404, 0.57967365, 0.65542638, 0.73301095, 0.59474003, 0.44188225, 0.69228810)
(0.70834279, 0.31773743, 0.47781026, 0.47703424, 0.19189540, 0.30459604, 0.60974467, 0.79906285, 0.76325977, 0.14923771)
(0.74228597, 0.62591535, 0.38806829, 0.60382915, 0.77052736, 0.53406423, 0.65997350, 0.43807843, 0.19015113, 0.73980510)
(0.44884875, 0.50368160, 0.48800114, 0.26241520, 0.14131097, 0.70365757, 0.26470107, 0.64547515, 0.79205060, 0.33997747)
(0.64453542, 0.25437728, 0.03974889, 0.60341769, 0.09102865, 0.80145419, 0.39485997, 0.70325708, 0.46376267, 0.08970273)
(0.63262755, 0.40988213, 0.56981677, 0.17211163, 0.34895414, 0.65549576, 0.49575144, 0.51320869, 0.71353287, 0.61306429)
(0.57294458, 0.66110688, 0.77248842, 0.55902493, 0.60274035, 0.33461928, 0.65482265, 0.79324734, 0.75758517, 0.40618196)
(0.63973802, 0.61546230, 0.73777378, 0.35826257, 0.60663164, 0.42910841, 0.59039104, 0.57860500, 0.60377425, 0.66943681)
(0.89068294, 0.64568663, 0.54333460, 0.55158025, 0.17775153, 0.07418832, 0.68568856, 0.91917461, 0.50033838, 0.15014343)
(0.79497689, 0.40352917, 0.46662921, 0.28095311, 0.56867248, 0.73835540, 0.29565120, 0.08097420, 0.23140189, 0.89824897)
(0.80022848, 0.30876642, 0.44847435, 0.52489293, 0.41999486, 0.22637466, 0.70059770, 0.61828345, 0.43189907, 0.35358179)
(0.93897855, 0.54379845, 0.06748485, 0.45766431, 0.04000396, 0.31849274, 0.38936114, 0.75616783, 0.12051895, 0.17357346)
(0.85164708, 0.58189380, 0.24341530, 0.72995818, 0.09366238, 0.11033449, 0.50197339, 0.87515700, 0.33875939, 0.08112017)
(0.62351131, 0.60830843, 0.25316024, 0.21317598, 0.14448729, 0.84963149, 0.20764287, 0.46504572, 0.50316638, 0.56176728)
(0.71844685, 0.67586160, 0.57632995, 0.35118845, 0.59961730, 0.50222224, 0.58002126, 0.53313017, 0.38104811, 0.74710083)
(0.68948793, 0.49476337, 0.66374350, 0.90178102, 0.65014857, 0.11488646, 0.53264958, 0.54219842, 0.36397383, 0.29326776)
(0.86375064, 0.34336895, 0.08803619, 0.75651246, 0.05938687, 0.19979462, 0.39497924, 0.71504843, 0.18894067, 0.07553048)
(0.73642480, 0.31747553, 0.26655146, 0.57876962, 0.34615454, 0.44826648, 0.80042440, 0.88319367, 0.71600008, 0.11795241)
(0.57688403, 0.83382130, 0.57630122, 0.77504897, 0.06970907, 0.16503696, 0.12376203, 0.80056423, 0.56047559, 0.12705800)
(0.72812343, 0.18391789, 0.36216733, 0.40291476, 0.35305586, 0.43326709, 0.70903713, 0.61023378, 0.64064193, 0.28935277)
(0.67669451, 0.75817478, 0.60689861, 0.18007809, 0.26562062, 0.61237872, 0.50879180, 0.84729159, 0.75153810, 0.48402822)
(0.89175004, 0.32573971, 0.31423974, 0.17522570, 0.32537183, 0.56456536, 0.55542380, 0.30360699, 0.27469775, 0.73736250)
(0.80901212, 0.76016200, 0.76969987, 0.64693648, 0.59951276, 0.14212033, 0.63159508, 0.71944040, 0.39516118, 0.54325986)
(0.66164523, 0.28447366, 0.39525434, 0.28271940, 0.38519031, 0.64536399, 0.59690821, 0.52031207, 0.64129001, 0.47852913)
(0.57199633, 0.78987741, 0.47038516, 0.31487912, 0.60208309, 0.88601446, 0.24155456, 0.25570890, 0.31847903, 0.88649398)
(0.94604814, 0.39117175, 0.03540610, 0.38672304, 0.15961982, 0.63099647, 0.66641808, 0.61468387, 0.08665952, 0.41235691)
(0.68048584, 0.22908038, 0.46792555, 0.42250156, 0.41141641, 0.39753157, 0.65480679, 0.53571010, 0.61342591, 0.37656718)
(0.90154618, 0.52127403, 0.13603392, 0.54300988, 0.19675776, 0.27894726, 0.64858907, 0.76499128, 0.16812669, 0.27157602)
(0.79829156, 0.22214666, 0.60180402, 0.56518519, 0.35255441, 0.14052716, 0.71803182, 0.66275698, 0.64388692, 0.21634108)
(0.95214814, 0.32780239, 0.18554169, 0.30868882, 0.20050715, 0.50600368, 0.26140240, 0.08793897, 0.05049020, 0.81630445)
(0.54761451, 0.53452408, 0.50872672, 0.59248388, 0.37398040, 0.42767775, 0.53561109, 0.75297076, 0.65871024, 0.27422673)
(0.74055785, 0.49543849, 0.73618686, 0.71937180, 0.22450361, 0.06872254, 0.36351156, 0.58654082, 0.48261937, 0.23877302)
(0.58894140, 0.45634213, 0.26131794, 0.77492881, 0.70297337, 0.54762977, 0.62959361, 0.51821810, 0.29358816, 0.43022993)
(0.35008037, 0.62703061, 0.65759838, 0.46286204, 0.42486492, 0.66512084, 0.36523217, 0.63711375, 0.78143239, 0.45714954)
(0.87082154, 0.23729098, 0.10623386, 0.53286219, 0.35405871, 0.44254109, 0.80127132, 0.69236439, 0.27611014, 0.25948885)
(0.54659778, 0.50746727, 0.64962369, 0.63610363, 0.79094219, 0.48850977, 0.65841049, 0.52553272, 0.56201059, 0.58324581)
(0.68554324, 0.47956595, 0.64632487, 0.20453845, 0.51939803, 0.55914009, 0.72273523, 0.73646170, 0.77051353, 0.55377674)
(0.92282802, 0.34781277, 0.42807359, 0.40441409, 0.19690275, 0.13682626, 0.52673209, 0.43812439, 0.20623709, 0.46221995)
(0.46981770, 0.49203682, 0.54143482, 0.15258759, 0.09328435, 0.82676446, 0.13010073, 0.37737420, 0.81928408, 0.51816261)
(0.51992464, 0.53131735, 0.56159747, 0.95832479, 0.49236977, 0.14089808, 0.52563995, 0.81865889, 0.65631366, 0.06315695)
(0.43281245, 0.37663853, 0.25928345, 0.57579702, 0.38464603, 0.71296823, 0.48808184, 0.60934001, 0.60276926, 0.29020405)
(0.76642489, 0.53056866, 0.26931995, 0.72560024, 0.05430613, 0.12903650, 0.36062402, 0.86334801, 0.50052011, 0.05390019)
(0.71627462, 0.22489071, 0.78145254, 0.20303622, 0.49709281, 0.50171024, 0.52917254, 0.24475719, 0.73679221, 0.72297800)
(0.56907320, 0.45697251, 0.47999129, 0.14257038, 0.24740800, 0.77620685, 0.41539872, 0.59745520, 0.78081310, 0.54034126)
(0.57508552, 0.78912228, 0.32058030, 0.38061842, 0.65577173, 0.91599351, 0.31850237, 0.31458980, 0.26637250, 0.86054850)
(0.83831060, 0.60039860, 0.64115083, 0.87375283, 0.45229486, 0.06194836, 0.42394945, 0.51299483, 0.17596249, 0.36911964)
(0.70112199, 0.15757373, 0.46196657, 0.79136842, 0.38006046, 0.17121811, 0.64746892, 0.57881069, 0.60355759, 0.13228001)
(0.74157256, 0.43218353, 0.65436208, 0.54922986, 0.19145904, 0.14301015, 0.56223822, 0.80213022, 0.72996491, 0.15734243)
(0.90936375, 0.53330582, 0.34440127, 0.26085901, 0.04858431, 0.16853335, 0.43984810, 0.83255273, 0.44391412, 0.19198672)
(0.73996025, 0.55700368, 0.65437508, 0.11819184, 0.28393963, 0.64422321, 0.34117311, 0.37924764, 0.59588605, 0.77911133)
(0.44165051, 0.73712689, 0.63856405, 0.30400118, 0.39268303, 0.69418776, 0.35552877, 0.65636134, 0.70572001, 0.59641796)
(0.55563515, 0.28792286, 0.51788145, 0.63404089, 0.48926026, 0.43256623, 0.69574302, 0.71397746, 0.77671623, 0.21220136)
(0.82285470, 0.37300149, 0.70627856, 0.13288109, 0.25664920, 0.37065372, 0.51289505, 0.47912174, 0.66359937, 0.62482679)
(0.43201107, 0.62892008, 0.38213626, 0.71645337, 0.76198918, 0.71335280, 0.65007168, 0.70703477, 0.54467970, 0.43368247)
(0.43185636, 0.68193454, 0.45346993, 0.28404555, 0.24421075, 0.76584399, 0.35926440, 0.78390837, 0.76132667, 0.39286098)
(0.78734100, 0.31471813, 0.25377986, 0.51828772, 0.04801196, 0.20502837, 0.41049460, 0.78650355, 0.57642293, 0.07481858)
(0.48402566, 0.62126267, 0.26443547, 0.70089263, 0.73234516, 0.77500015, 0.50465083, 0.45981887, 0.28622943, 0.61159289)
(0.53636938, 0.54028684, 0.47188127, 0.37218079, 0.78156489, 0.79647088, 0.79130411, 0.76301843, 0.73837674, 0.55406892)
(0.61869514, 0.49105281, 0.49300754, 0.74625629, 0.77953678, 0.42436385, 0.60997361, 0.42817611, 0.32434312, 0.57351810)
(0.71246070, 0.64309794, 0.64870787, 0.51838362, 0.63124669, 0.32682008, 0.80403805, 0.86977071, 0.69953442, 0.36081791)
(0.39415663, 0.39801171, 0.34287372, 0.69257909, 0.36219943, 0.56050044, 0.40075380, 0.58137095, 0.59483659, 0.24776022)
(0.80024934, 0.42224371, 0.48527482, 0.36872613, 0.58191395, 0.49724531, 0.49314782, 0.21177852, 0.23451959, 0.80365562)
(0.51763225, 0.41580591, 0.64402229, 0.48566574, 0.33647713, 0.44340459, 0.48576581, 0.64772111, 0.78322971, 0.31158376)
(0.66506141, 0.43597654, 0.56799990, 0.34697512, 0.28345472, 0.40998471, 0.50662953, 0.64047343, 0.65753007, 0.39389691)
(0.47938925, 0.64725178, 0.78311640, 0.65140343, 0.58603710, 0.35548052, 0.49325475, 0.65378010, 0.71300453, 0.43911362)
(0.54307461, 0.54920393, 0.35591108, 0.94265205, 0.87288201, 0.41907728, 0.66749579, 0.57567781, 0.30067939, 0.31885207)
(0.43316561, 0.74962461, 0.52702433, 0.30346498, 0.18279026, 0.70054734, 0.23347764, 0.71926540, 0.70327526, 0.43757159)
(0.75399268, 0.17854689, 0.56283575, 0.36124539, 0.37486964, 0.33039311, 0.75696653, 0.67525381, 0.78580779, 0.26257306)
(0.40064669, 0.58554977, 0.32782358, 0.66915625, 0.74635231, 0.82371354, 0.50859255, 0.49313760, 0.45489600, 0.57560343)
(0.62719297, 0.32245833, 0.33051392, 0.06213985, 0.34524623, 0.93747920, 0.64487529, 0.70974106, 0.89964193, 0.53335267)
(0.88913292, 0.61257917, 0.55589455, 0.33043340, 0.02220641, 0.09485266, 0.16239141, 0.68574101, 0.43793610, 0.20014632)
(0.62066072, 0.23719500, 0.24901685, 0.65290093, 0.64048398, 0.68701649, 0.90427631, 0.90449160, 0.85025406, 0.10273386)
(0.76051158, 0.43859380, 0.38609883, 0.35033500, 0.01858325, 0.28439718, 0.09408018, 0.49201074, 0.52999765, 0.19167642)
(0.55379575, 0.66306168, 0.57202941, 0.36486271, 0.63184035, 0.64109808, 0.58497995, 0.62318820, 0.56686121, 0.66676205)
(0.68665624, 0.50242215, 0.71397775, 0.24168222, 0.39553967, 0.46613818, 0.39918619, 0.37403741, 0.56434971, 0.71949917)
(0.67484641, 0.72769755, 0.88048542, 0.25198221, 0.28795961, 0.47495845, 0.09282979, 0.16287142, 0.51386529, 0.86112124)
(0.74823713, 0.41528642, 0.60176164, 0.65729392, 0.17483267, 0.10794962, 0.55121660, 0.79754937, 0.66966480, 0.11853044)
(0.67300177, 0.34768918, 0.58224100, 0.39634576, 0.42286584, 0.39525822, 0.67780238, 0.69315785, 0.72499144, 0.35064998)
(0.84491718, 0.34750956, 0.43126455, 0.24881457, 0.48807344, 0.41559464, 0.75641584, 0.58758491, 0.44643569, 0.58325547)
(0.34500900, 0.92378914, 0.91095883, 0.46696460, 0.32174784, 0.65803564, 0.03374832, 0.26689911, 0.64850879, 0.82447082)
(0.82554877, 0.40387216, 0.40848115, 0.59604996, 0.26230976, 0.15585141, 0.56524116, 0.62445474, 0.31903055, 0.28409246)
(0.85054636, 0.30274308, 0.33322755, 0.63000673, 0.19519381, 0.11792355, 0.65334892, 0.74029332, 0.39382395, 0.14690851)
(0.65452588, 0.62429649, 0.33255792, 0.63382322, 0.26212913, 0.36666504, 0.52055109, 0.81661898, 0.48800632, 0.21366431)
(0.43665022, 0.47678074, 0.52150887, 0.53201902, 0.53153217, 0.64368385, 0.61647880, 0.75574845, 0.79334158, 0.32152098)
(0.62899148, 0.52965212, 0.58761108, 0.55179250, 0.64136636, 0.46478826, 0.83496028, 0.89910066, 0.82862824, 0.24033201)
(0.61467904, 0.39208743, 0.79317909, 0.44188532, 0.66819251, 0.38525051, 0.61801082, 0.43766776, 0.69676626, 0.62188345)
(0.82228065, 0.85398549, 0.43969876, 0.62978369, 0.08696063, 0.15436544, 0.19120567, 0.77074051, 0.23708950, 0.28377426)
(0.57274073, 0.71918517, 0.49158350, 0.34969819, 0.36907703, 0.63804537, 0.39725041, 0.63988465, 0.51553798, 0.59177989)
(0.72190720, 0.46228066, 0.34812981, 0.11386894, 0.31475481, 0.80194777, 0.55632555, 0.60035765, 0.64942724, 0.63714337)
(0.85073978, 0.67588973, 0.50309116, 0.53056180, 0.50036114, 0.33595872, 0.31137335, 0.21941483, 0.09335711, 0.82974917)
(0.55501246, 0.58209693, 0.81751114, 0.42224431, 0.71345156, 0.46878922, 0.67260677, 0.65708184, 0.78792226, 0.59555900)
(0.49522242, 0.75434011, 0.52883887, 0.51418793, 0.42720512, 0.61231905, 0.54846746, 0.87749857, 0.74515635, 0.30332726)
(0.53407973, 0.58017886, 0.28360131, 0.50964934, 0.42537466, 0.77837646, 0.76658756, 0.94823140, 0.85988718, 0.12893344)
(0.64943606, 0.68828386, 0.59536546, 0.28447279, 0.51219869, 0.73574036, 0.24330649, 0.22075747, 0.35028565, 0.86608356)
(0.73137349, 0.47006610, 0.71238047, 0.59065670, 0.52652889, 0.20928602, 0.80391318, 0.87520421, 0.80355626, 0.20930481)
(0.74443227, 0.43179390, 0.59474015, 0.73119587, 0.11031496, 0.06944776, 0.37460187, 0.72255033, 0.57665020, 0.10108884)
(0.82673216, 0.19666690, 0.22598983, 0.30173656, 0.15600291, 0.42931437, 0.69107604, 0.75366545, 0.62042779, 0.18437855)
(0.87163913, 0.46005383, 0.21050392, 0.48459461, 0.07591260, 0.23950465, 0.33856121, 0.60563648, 0.21165198, 0.24916129)
(0.51313943, 0.53233403, 0.50821871, 0.44379127, 0.53736544, 0.57118475, 0.59739453, 0.66470766, 0.62285984, 0.48013237)
(0.61134416, 0.78918052, 0.61987114, 0.38465980, 0.42350572, 0.55515176, 0.32937527, 0.53742355, 0.42574322, 0.70978975)
(0.82558012, 0.57016474, 0.34922549, 0.40102354, 0.08053509, 0.23283574, 0.33717343, 0.72070730, 0.37907219, 0.24854310)
(0.58482152, 0.50328618, 0.60166425, 0.33061123, 0.39260602, 0.50844133, 0.53165919, 0.64565498, 0.68777806, 0.48574105)
(0.56059766, 0.18140125, 0.34695554, 0.61353028, 0.31694239, 0.47156981, 0.57499248, 0.55321074, 0.68441850, 0.19406815)
(0.78247720, 0.56426752, 0.72011495, 0.50548166, 0.33528274, 0.14505547, 0.60145807, 0.76923162, 0.59830856, 0.33024088)
(0.86671817, 0.12497851, 0.40712985, 0.11465228, 0.47169179, 0.60916191, 0.83206773, 0.52159643, 0.69885761, 0.55936265)
(0.42594782, 0.64933175, 0.81856608, 0.61005270, 0.64483261, 0.44297895, 0.33062613, 0.39133230, 0.63122636, 0.66140252)
(0.80515289, 0.45473596, 0.10502273, 0.86941093, 0.46199390, 0.34857905, 0.63828379, 0.60928971, 0.11001234, 0.24667072)
(0.74705172, 0.61457288, 0.18079987, 0.72538555, 0.23630534, 0.34450573, 0.64610881, 0.89834183, 0.42432898, 0.11533693)
(0.59630793, 0.56602252, 0.31806695, 0.87003881, 0.12770300, 0.15926106, 0.26898700, 0.75404549, 0.44730568, 0.07566209)
(0.84885746, 0.70365751, 0.56000108, 0.77005064, 0.35258436, 0.10871941, 0.36794615, 0.53835040, 0.14838319, 0.46970132)
(0.28460461, 0.81911176, 0.35115257, 0.25244123, 0.29615209, 0.95282352, 0.19676946, 0.67450899, 0.77091908, 0.57704860)
(0.69261593, 0.60455388, 0.37174892, 0.68828124, 0.64402932, 0.44309261, 0.57761323, 0.50270808, 0.22211602, 0.58205062)
(0.57544714, 0.66857493, 0.79568887, 0.34220490, 0.50977993, 0.49262837, 0.35055149, 0.39879578, 0.59031546, 0.74980146)
(0.87175053, 0.34541175, 0.37269560, 0.38571137, 0.23344682, 0.20171732, 0.74551094, 0.81228149, 0.51003581, 0.22952490)
(0.55226070, 0.59849292, 0.74091929, 0.18595779, 0.32475719, 0.71530581, 0.22003905, 0.29283965, 0.69602597, 0.78230035)
(0.40900689, 0.65890086, 0.60643274, 0.37279999, 0.52503347, 0.72376519, 0.44630957, 0.63079888, 0.71519601, 0.58587927)
(0.60873020, 0.58856529, 0.85093713, 0.48991668, 0.64509732, 0.30178127, 0.50343657, 0.45922235, 0.63171184, 0.66895366)
(0.62222981, 0.60954744, 0.82827628, 0.26941696, 0.44243494, 0.44007683, 0.47140422, 0.59885532, 0.77501637, 0.61832720)
(0.53005701, 0.59606731, 0.66937220, 0.72839934, 0.60277402, 0.32773417, 0.60866874, 0.73332864, 0.66370535, 0.32595780)
(0.58990234, 0.73456514, 0.83820987, 0.46129343, 0.65292817, 0.38653153, 0.71190929, 0.85703778, 0.84739816, 0.43460643)
(0.68064672, 0.75082481, 0.29964513, 0.65941525, 0.50452298, 0.57180214, 0.38063920, 0.46060002, 0.16218530, 0.65643144)
(0.87703699, 0.52689785, 0.08234303, 0.51456106, 0.03675650, 0.34871519, 0.35146591, 0.81892562, 0.24643393, 0.10429352)
(0.63490289, 0.61211354, 0.50410998, 0.58205742, 0.05221234, 0.20658596, 0.13980322, 0.64106083, 0.55767155, 0.16890132)
(0.77227873, 0.22007714, 0.67074412, 0.24985549, 0.23974329, 0.31064072, 0.56629080, 0.53596050, 0.76059371, 0.37504852)
(0.80529714, 0.31432152, 0.44332772, 0.24725007, 0.34796432, 0.40181723, 0.65446627, 0.55326718, 0.49995196, 0.51191455)
(0.45307443, 0.55863297, 0.62634683, 0.27989843, 0.65475601, 0.78356522, 0.65727985, 0.72939301, 0.83227235, 0.57086474)
(0.51629704, 0.48886988, 0.39264065, 0.92109901, 0.91920894, 0.55949968, 0.71262461, 0.53008908, 0.36472797, 0.39536729)
(0.58833480, 0.44074154, 0.53686213, 0.63060731, 0.78033674, 0.51980233, 0.62288147, 0.39545560, 0.41923165, 0.63310385)
(0.69702083, 0.53703862, 0.84092575, 0.29562467, 0.63295400, 0.35995474, 0.70921302, 0.68185639, 0.79227710, 0.60393053)
(0.76705563, 0.48998243, 0.69319952, 0.33419174, 0.39543483, 0.28570840, 0.47483376, 0.44250551, 0.46287736, 0.63750398)
(0.58501929, 0.54471111, 0.47918966, 0.29761994, 0.44061977, 0.66090071, 0.66218203, 0.80776477, 0.75448966, 0.40535626)
(0.76240391, 0.64755404, 0.33811179, 0.67276776, 0.65640348, 0.47801921, 0.48796669, 0.34292173, 0.11381350, 0.73729748)
(0.77790582, 0.73307210, 0.68793434, 0.42992389, 0.60457706, 0.38688073, 0.35137126, 0.28246495, 0.21882950, 0.85079241)
(0.78659046, 0.21864779, 0.33072728, 0.19294381, 0.18521401, 0.55414069, 0.71052372, 0.78387874, 0.78153288, 0.23294768)
(0.70565665, 0.43928117, 0.27066791, 0.72431725, 0.82401872, 0.57081449, 0.77122402, 0.50608414, 0.25516981, 0.56193179)
(0.43031761, 0.63730747, 0.55952466, 0.64743596, 0.65566701, 0.57969731, 0.62271267, 0.78006393, 0.71106857, 0.36756331)
(0.47970372, 0.39836180, 0.32196808, 0.83095050, 0.64873797, 0.47789687, 0.45578390, 0.36362126, 0.30241370, 0.41399172)
(0.54708767, 0.76708066, 0.66058302, 0.49194121, 0.36104465, 0.41414425, 0.42896286, 0.78398216, 0.64695454, 0.40918964)
(0.69287199, 0.25323924, 0.61813855, 0.50055432, 0.62070197, 0.34856069, 0.74766797, 0.55208135, 0.66337305, 0.42445210)
(0.58339834, 0.40058294, 0.45692325, 0.24110799, 0.19669951, 0.61445826, 0.42391938, 0.63554525, 0.72750962, 0.38001063)
(0.80983281, 0.40842950, 0.40081397, 0.45146063, 0.05089835, 0.15581106, 0.25459966, 0.58845448, 0.42192203, 0.18732838)
(0.81932020, 0.37913844, 0.26616567, 0.59213161, 0.56803083, 0.32364166, 0.86594713, 0.82516813, 0.42999160, 0.26627186)
(0.54147935, 0.60791034, 0.69180506, 0.47805712, 0.40738401, 0.42475775, 0.52335858, 0.75315350, 0.75968838, 0.36439693)
(0.67917573, 0.27435428, 0.21585196, 0.37351489, 0.38973734, 0.71744424, 0.75500685, 0.78240436, 0.70053732, 0.24267250)
(0.77136886, 0.55585122, 0.77066988, 0.55571359, 0.66708285, 0.18401116, 0.67802447, 0.58714694, 0.47283077, 0.58756250)
(0.48253259, 0.46724749, 0.50802982, 0.34984258, 0.13230725, 0.73224324, 0.07490061, 0.17164721, 0.55003202, 0.59755319)
(0.72553951, 0.23017894, 0.15478545, 0.88492483, 0.14534025, 0.16575223, 0.44185814, 0.65510267, 0.33636612, 0.05532794)
(0.62403768, 0.39793491, 0.35091332, 0.83973932, 0.88670003, 0.52907562, 0.91384917, 0.83425778, 0.62871331, 0.22516948)
(0.62351066, 0.61896855, 0.49666864, 0.66057295, 0.44872391, 0.35171762, 0.34047285, 0.42972013, 0.27992666, 0.55951262)
(0.54719514, 0.48879841, 0.46611166, 0.82060266, 0.77557689, 0.43009451, 0.63909137, 0.54754823, 0.41596630, 0.41120031)
(0.59760904, 0.45164722, 0.20517962, 0.20482096, 0.09998146, 0.88142729, 0.16490692, 0.35887462, 0.56375688, 0.49731395)
(0.83982098, 0.80203587, 0.25457028, 0.87613362, 0.70390588, 0.32528430, 0.65093517, 0.66550481, 0.08137079, 0.51850772)
(0.80131394, 0.37348747, 0.76203179, 0.40483990, 0.57992905, 0.22563069, 0.52358323, 0.26276666, 0.39628556, 0.73528689)
(0.75273442, 0.49749821, 0.41309589, 0.54138684, 0.40711105, 0.32458726, 0.53071469, 0.52096814, 0.28785145, 0.49748936)
(0.79139000, 0.66088045, 0.70056206, 0.53368169, 0.53510022, 0.22275317, 0.41182846, 0.38362223, 0.24665894, 0.72671801)
(0.70391852, 0.71604991, 0.35498559, 0.28410572, 0.50182980, 0.91000408, 0.14931698, 0.11521960, 0.18908095, 0.91583121)
(0.59562641, 0.26419574, 0.13653858, 0.51416141, 0.49745125, 0.84525669, 0.55212533, 0.39637464, 0.41745463, 0.43953702)
(0.89796054, 0.56461543, 0.41747275, 0.38799393, 0.27572587, 0.16405822, 0.77244282, 0.87809092, 0.43206057, 0.27449271)
(0.59369183, 0.41156045, 0.61257130, 0.23181309, 0.36181810, 0.60057372, 0.41958514, 0.40555108, 0.66362917, 0.63501656)
(0.64786351, 0.50798678, 0.68119144, 0.26945794, 0.67984968, 0.57607144, 0.75947553, 0.71196598, 0.75249958, 0.60986567)
(0.90397441, 0.25835773, 0.38048282, 0.14982121, 0.13390838, 0.28533646, 0.66996688, 0.71053690, 0.56525177, 0.33587015)
(0.72647637, 0.61819506, 0.52293307, 0.33093625, 0.43479979, 0.46513912, 0.52698427, 0.56721842, 0.40892032, 0.64748228)
(0.95152259, 0.82649642, 0.60138679, 0.44402456, 0.19821148, 0.07905155, 0.43683922, 0.71143502, 0.13830134, 0.56636953)
(0.74469888, 0.49988547, 0.18446347, 0.83258748, 0.50385183, 0.34028307, 0.82326889, 0.88970220, 0.42722416, 0.11282037)
(0.43631265, 0.36212310, 0.20354296, 0.95117259, 0.39003822, 0.34511518, 0.49822864, 0.75896764, 0.55754906, 0.04690265)
(0.76207286, 0.24800622, 0.78387570, 0.27185658, 0.41198161, 0.27536246, 0.55481207, 0.35252306, 0.67931741, 0.58837157)
(0.76150334, 0.54682773, 0.36360329, 0.33429730, 0.50519788, 0.53961116, 0.86328948, 0.92108089, 0.72575015, 0.27596131)
(0.76731032, 0.24403425, 0.36566791, 0.65106165, 0.72920603, 0.33931339, 0.88144064, 0.70299262, 0.50529820, 0.31690314)
(0.87379760, 0.36905578, 0.54419410, 0.27833679, 0.45118460, 0.23217906, 0.82811648, 0.77125657, 0.56429338, 0.42023137)
(0.86621875, 0.13840978, 0.27398932, 0.39208883, 0.45057109, 0.33631283, 0.86489385, 0.69232303, 0.54176915, 0.28083611)
(0.78305328, 0.71350455, 0.43865231, 0.88594824, 0.80081111, 0.23049127, 0.76401025, 0.74496329, 0.23201382, 0.38223028)
(0.80771369, 0.44637787, 0.15822835, 0.74915123, 0.50282902, 0.37467858, 0.67474276, 0.56171072, 0.13506208, 0.39163181)
(0.85124850, 0.47848907, 0.40552902, 0.57844704, 0.06143280, 0.08387549, 0.35827312, 0.74331427, 0.39424583, 0.12314875)
(0.88233960, 0.37914735, 0.11465665, 0.38310245, 0.02963403, 0.37003595, 0.21425132, 0.51649618, 0.19937053, 0.21363671)
(0.50967366, 0.52289623, 0.46643916, 0.94633353, 0.57748652, 0.20736210, 0.48114511, 0.68230295, 0.47425300, 0.13070117)
(0.81131160, 0.72935045, 0.54298508, 0.79952818, 0.70668352, 0.18376040, 0.82617325, 0.87072092, 0.41415584, 0.30656868)
(0.85426980, 0.57877558, 0.60627520, 0.27746192, 0.28748721, 0.24250293, 0.54923004, 0.64980471, 0.42371881, 0.54544592)
(0.50961238, 0.64145976, 0.73346311, 0.33252862, 0.41672927, 0.54120243, 0.40213838, 0.59472835, 0.71832991, 0.58622938)
(0.46202022, 0.35044572, 0.63138807, 0.71894741, 0.62418330, 0.40731752, 0.59269524, 0.56118321, 0.71194518, 0.32467341)
(0.59771806, 0.40540293, 0.64245212, 0.21671434, 0.33519539, 0.58842790, 0.49621406, 0.56405604, 0.77494878, 0.52295822)
(0.47087738, 0.57004267, 0.70904797, 0.77856565, 0.68422824, 0.33020627, 0.39028552, 0.40349951, 0.49114010, 0.53260452)
(0.66820830, 0.64212650, 0.34594360, 0.60137653, 0.58503991, 0.50244218, 0.76600820, 0.85340399, 0.53204513, 0.31537393)
(0.80930781, 0.21314873, 0.50485981, 0.27039444, 0.30073842, 0.31056976, 0.69529992, 0.60763830, 0.64061838, 0.36621231)
(0.78615791, 0.24581067, 0.22533284, 0.40351915, 0.29592541, 0.46761343, 0.71974003, 0.69768333, 0.51508152, 0.26615098)
(0.84355563, 0.56797135, 0.73462874, 0.21704255, 0.41414753, 0.31721103, 0.47972804, 0.41317004, 0.42107692, 0.76459908)
(0.84471792, 0.60601532, 0.56381392, 0.18696123, 0.17856734, 0.50848240, 0.20575698, 0.26106733, 0.30299756, 0.77891397)
(0.74812025, 0.49303976, 0.46168289, 0.82703412, 0.40194738, 0.12903333, 0.62424767, 0.76413244, 0.40369248, 0.17207548)
(0.73039329, 0.69758725, 0.27193359, 0.47067726, 0.43847036, 0.72714442, 0.31273177, 0.32466355, 0.14917760, 0.77011436)
(0.56562889, 0.38540545, 0.76749700, 0.07072550, 0.16364956, 0.80998951, 0.26848117, 0.43253228, 0.92810643, 0.60785079)
(0.75299346, 0.15593830, 0.10622657, 0.70342356, 0.54174984, 0.60389984, 0.73649168, 0.45034143, 0.29281282, 0.29693535)
(0.76342601, 0.47421870, 0.55708188, 0.15410356, 0.39372867, 0.60713446, 0.49171087, 0.39125875, 0.50202483, 0.76449919)
(0.73252654, 0.37822935, 0.80286312, 0.21171486, 0.47595111, 0.37183809, 0.55960667, 0.41962215, 0.70199895, 0.68121612)
(0.61155671, 0.58337355, 0.46084964, 0.42230570, 0.75658709, 0.69562644, 0.79115629, 0.76571977, 0.63819045, 0.54477769)
(0.84819829, 0.37460575, 0.58357769, 0.40908831, 0.38254875, 0.20629662, 0.52606022, 0.36278620, 0.30565023, 0.60072023)
(0.67057848, 0.49820799, 0.33901414, 0.39340642, 0.56525213, 0.63048768, 0.74489135, 0.74644107, 0.55591387, 0.45024344)
(0.69538224, 0.60539520, 0.44279829, 0.61869258, 0.63664228, 0.39137068, 0.73753673, 0.74931365, 0.43931925, 0.42203468)
(0.51718479, 0.58390141, 0.14786628, 0.95747358, 0.87272370, 0.64674616, 0.65075320, 0.58724153, 0.20137571, 0.29787296)
(0.75424087, 0.36486685, 0.63324326, 0.23824693, 0.43808466, 0.49755487, 0.43444648, 0.23695453, 0.46501839, 0.77189744)
(0.73056495, 0.24948195, 0.85997641, 0.08752807, 0.14964910, 0.50390565, 0.32132193, 0.32743075, 0.90222788, 0.58652657)
(0.47952363, 0.58462358, 0.73424536, 0.70460016, 0.89003760, 0.60510343, 0.58948028, 0.40681785, 0.56994283, 0.70774561)
(0.58025980, 0.34563231, 0.58880293, 0.86908710, 0.89868742, 0.40230566, 0.91144055, 0.83357328, 0.79163218, 0.18769105)
(0.67907631, 0.31059846, 0.19712843, 0.84135300, 0.54190511, 0.39984372, 0.50502837, 0.32617721, 0.15893796, 0.37770736)
(0.78567433, 0.27231741, 0.09497857, 0.10554985, 0.20835871, 0.94084394, 0.45915642, 0.42466763, 0.55675107, 0.56520301)
(0.67343235, 0.60341728, 0.43961334, 0.54215211, 0.50785452, 0.41740578, 0.72270465, 0.83018517, 0.57113302, 0.32799587)
(0.83408093, 0.56636363, 0.50517285, 0.20527695, 0.01093990, 0.26902488, 0.09458630, 0.65389615, 0.63988298, 0.19077800)
(0.70689213, 0.42616808, 0.53853023, 0.17165774, 0.29670537, 0.58606285, 0.62967253, 0.74394631, 0.77412426, 0.44167453)
(0.66882116, 0.13338937, 0.56284434, 0.27990496, 0.50602448, 0.62051964, 0.71401709, 0.46573406, 0.82151467, 0.43193820)
(0.53524506, 0.66376466, 0.82419032, 0.41986665, 0.73429191, 0.66967833, 0.22593415, 0.13507916, 0.48711979, 0.89938974)
(0.56104523, 0.41649505, 0.43526661, 0.92802805, 0.37525183, 0.15486063, 0.41365078, 0.65878469, 0.47598314, 0.10106122)
(0.50342292, 0.25760123, 0.29698044, 0.56636375, 0.33300045, 0.66096032, 0.57749879, 0.67292738, 0.73505098, 0.19487415)
(0.84888959, 0.33161175, 0.34106374, 0.21076201, 0.25592983, 0.43704638, 0.62059283, 0.56578857, 0.42795703, 0.50391984)
(0.95834398, 0.47966117, 0.23442042, 0.55573833, 0.40661368, 0.13511950, 0.82202280, 0.72251195, 0.10274726, 0.42933047)
(0.76161909, 0.44822720, 0.27853271, 0.26824713, 0.28456721, 0.59203589, 0.62656915, 0.70465457, 0.50117731, 0.42506877)
(0.60179263, 0.35564998, 0.82444221, 0.14952619, 0.22726634, 0.71689206, 0.13066833, 0.10982598, 0.78953373, 0.79497588)
(0.39760974, 0.57427949, 0.49733341, 0.63802820, 0.47827071, 0.63553351, 0.55123854, 0.82064271, 0.79644787, 0.23989022)
(0.91990793, 0.40429151, 0.42721882, 0.36672753, 0.15548988, 0.11329328, 0.60104102, 0.69662935, 0.32544845, 0.30454233)
(0.72678828, 0.39166334, 0.75231993, 0.31286976, 0.67052698, 0.40792689, 0.65525013, 0.39278790, 0.59171069, 0.72814161)
(0.65942234, 0.58315259, 0.20011441, 0.95310640, 0.73665506, 0.32452786, 0.70856524, 0.75460994, 0.24536364, 0.15486433)
(0.79671472, 0.39541176, 0.18238395, 0.42526552, 0.04426254, 0.33847141, 0.30131921, 0.69465685, 0.39976248, 0.14768465)
(0.80816782, 0.74183083, 0.80507952, 0.46788806, 0.64019459, 0.20993118, 0.60302532, 0.60091674, 0.40391937, 0.71306062)
(0.46401820, 0.43659297, 0.54904622, 0.71304196, 0.51602262, 0.39312226, 0.49056530, 0.56226087, 0.59083223, 0.33416671)
(0.87866491, 0.58525890, 0.44433030, 0.35146877, 0.47452599, 0.29296204, 0.70684838, 0.64872968, 0.26200134, 0.62726212)
(0.63245422, 0.30940425, 0.12319735, 0.53369445, 0.55693793, 0.88921922, 0.40356520, 0.18687548, 0.22615612, 0.65472806)
(0.62935168, 0.55172801, 0.51518482, 0.46206576, 0.72304291, 0.58153558, 0.74287385, 0.68009275, 0.57098657, 0.56367147)
(0.50665885, 0.47795275, 0.53650367, 0.38419321, 0.47295341, 0.71246445, 0.71947759, 0.87547618, 0.89634454, 0.24667838)
(0.74559444, 0.54439706, 0.47690049, 0.45702216, 0.67657572, 0.45335650, 0.67722988, 0.49613118, 0.30837613, 0.69147080)
(0.72325045, 0.23259208, 0.23485455, 0.11490657, 0.01923471, 0.77961600, 0.10702705, 0.29683149, 0.69465005, 0.31850442)
(0.58653218, 0.43246573, 0.57254541, 0.60946679, 0.74615061, 0.46374202, 0.67743158, 0.50516975, 0.51253521, 0.55202228)
(0.83458811, 0.14575298, 0.39902142, 0.11648232, 0.07563460, 0.53242856, 0.31934759, 0.26223865, 0.61723518, 0.47487187)
(0.64384824, 0.19070154, 0.12205572, 0.87402320, 0.22547054, 0.34620821, 0.54176176, 0.67165911, 0.44704300, 0.05958339)
(0.61320144, 0.65315354, 0.59838110, 0.39606959, 0.70455253, 0.65078616, 0.63228697, 0.60718018, 0.57125145, 0.69318044)
(0.80771804, 0.59733683, 0.86187208, 0.45407131, 0.26351812, 0.08810310, 0.50640470, 0.73908687, 0.69362241, 0.34640366)
(0.57021195, 0.25588450, 0.37612057, 0.78887576, 0.82175940, 0.58033937, 0.61402762, 0.26427293, 0.34913367, 0.53592980)
(0.49425822, 0.65356714, 0.63826883, 0.39292595, 0.71057433, 0.68037081, 0.60988820, 0.63213801, 0.65938401, 0.66664726)
(0.82537717, 0.37393224, 0.17807269, 0.65874565, 0.04742413, 0.17638323, 0.21712732, 0.52508664, 0.20462151, 0.14085726)
(0.47803429, 0.56808692, 0.24995442, 0.96529591, 0.46505648, 0.29354194, 0.58152157, 0.88515121, 0.59107518, 0.03889830)
(0.80253458, 0.81484991, 0.57811928, 0.66574305, 0.19903967, 0.14173563, 0.31712905, 0.75665241, 0.29534945, 0.34443691)
(0.81254840, 0.48072913, 0.63571483, 0.08468746, 0.23091194, 0.65524590, 0.32087755, 0.29250720, 0.57255018, 0.80819070)
(0.78671765, 0.33326176, 0.45655966, 0.21000975, 0.19019109, 0.42896631, 0.61968553, 0.74663621, 0.70947176, 0.31567264)
(0.43493006, 0.76348853, 0.50691783, 0.51884812, 0.44558874, 0.66560745, 0.48952374, 0.84205556, 0.70917606, 0.35731986)
(0.91312480, 0.14186154, 0.09985445, 0.41716850, 0.21864225, 0.41174185, 0.76179850, 0.59029233, 0.28219697, 0.24720284)
(0.77303189, 0.57575083, 0.30410814, 0.69028652, 0.15530202, 0.23301135, 0.70213324, 0.95795721, 0.70042467, 0.05300662)
(0.68748242, 0.20833398, 0.10297243, 0.89086068, 0.14611231, 0.26888776, 0.42398539, 0.63406456, 0.33369145, 0.05282299)
(0.68996149, 0.64005208, 0.56295592, 0.19651912, 0.18116544, 0.62744027, 0.22912928, 0.43588981, 0.52933115, 0.66492611)
(0.92870575, 0.76803434, 0.38038394, 0.24045976, 0.03398968, 0.16155563, 0.40210044, 0.92645794, 0.46522367, 0.16784987)
(0.71744376, 0.22480120, 0.10715467, 0.79863286, 0.13827413, 0.35309535, 0.48992869, 0.69539535, 0.39505157, 0.07067711)
(0.44182464, 0.67405599, 0.38845658, 0.64821398, 0.72887856, 0.75356621, 0.45204207, 0.44806316, 0.34995985, 0.67020154)
(0.87318903, 0.29857501, 0.26300344, 0.26418790, 0.05823634, 0.28072572, 0.55973321, 0.83555228, 0.61594975, 0.12809972)
(0.57673264, 0.71208102, 0.80150205, 0.36399439, 0.55535668, 0.45987141, 0.46978253, 0.59091437, 0.66557282, 0.67466223)
(0.70874649, 0.57004428, 0.47062087, 0.59692258, 0.48332083, 0.31837022, 0.68283713, 0.77751315, 0.49400291, 0.33775255)
(0.74592853, 0.37019745, 0.88713956, 0.25948903, 0.61801088, 0.28685227, 0.67565870, 0.48951221, 0.79806119, 0.65283304)
(0.87987834, 0.66454452, 0.56574798, 0.41506943, 0.65006137, 0.34568182, 0.58702892, 0.38109174, 0.16087061, 0.82961369)
(0.62822056, 0.54360753, 0.56700271, 0.19624995, 0.17122878, 0.58680218, 0.31740791, 0.58402669, 0.68653363, 0.50615180)
(0.58787221, 0.54588330, 0.58141017, 0.35524657, 0.26882398, 0.47527277, 0.32215440, 0.47642347, 0.54113251, 0.54342091)
(0.84043777, 0.17708436, 0.31195286, 0.14069557, 0.10373621, 0.50715280, 0.49293128, 0.49134505, 0.60348672, 0.37375385)
(0.57031107, 0.48891050, 0.49514627, 0.49740973, 0.29315829, 0.43340528, 0.34821004, 0.48053443, 0.48630175, 0.44479591)
(0.62637955, 0.75917542, 0.68184102, 0.32610792, 0.65871328, 0.70430708, 0.29322234, 0.23922189, 0.35559490, 0.89497453)
(0.58757687, 0.58439189, 0.79864883, 0.24052620, 0.42515209, 0.66069180, 0.22482297, 0.22129148, 0.64391756, 0.81658822)
(0.75731868, 0.26850507, 0.74018019, 0.56810760, 0.56740165, 0.17146018, 0.74939740, 0.60807604, 0.68646252, 0.35001633)
(0.47999349, 0.49163139, 0.50248432, 0.34846830, 0.35336292, 0.70229989, 0.54834849, 0.78059977, 0.82495749, 0.32263747)
(0.34103176, 0.50070727, 0.52135915, 0.65135354, 0.42082876, 0.66046941, 0.47229865, 0.77151382, 0.83893293, 0.21169098)
(0.63809299, 0.48465723, 0.52308673, 0.24016382, 0.21012616, 0.63436615, 0.23181759, 0.31558207, 0.51809359, 0.64991522)
(0.61342925, 0.33469686, 0.22336142, 0.88030857, 0.60116404, 0.35762775, 0.62134862, 0.53693855, 0.28103444, 0.22380756)
(0.53320050, 0.62203443, 0.55612367, 0.94953865, 0.49378842, 0.15127835, 0.35885242, 0.67321086, 0.45036739, 0.14353624)
(0.69328326, 0.64261270, 0.40767011, 0.66389930, 0.87672478, 0.67394954, 0.60033453, 0.28377378, 0.16580905, 0.83522326)
(0.70195502, 0.21768646, 0.34261745, 0.70951569, 0.39842185, 0.25302684, 0.65668344, 0.57604253, 0.45898077, 0.21479009)
(0.66753846, 0.27982774, 0.39016142, 0.56947583, 0.79978359, 0.63256633, 0.74391502, 0.37465498, 0.43192887, 0.61489648)
(0.75788224, 0.25970346, 0.34688467, 0.39545470, 0.18343852, 0.32831785, 0.58206344, 0.66768897, 0.57834733, 0.22807293)
(0.75901622, 0.64027768, 0.48012006, 0.79128438, 0.85292417, 0.33986968, 0.78847438, 0.63819742, 0.26844716, 0.55128628)
(0.81875515, 0.44230676, 0.72580469, 0.26725468, 0.51179886, 0.25858960, 0.74355173, 0.67916751, 0.63685590, 0.55003977)
(0.68369591, 0.59585696, 0.33222651, 0.73621643, 0.53052580, 0.37939551, 0.72835922, 0.82919937, 0.46581092, 0.23526312)
(0.82169318, 0.44610345, 0.65027666, 0.16483898, 0.59113806, 0.48482955, 0.74402195, 0.56729114, 0.59097797, 0.73072922)
(0.46332261, 0.50833845, 0.74289674, 0.27638370, 0.61311084, 0.73936188, 0.49416542, 0.47509649, 0.80001450, 0.69185972)
(0.65676939, 0.27722487, 0.55780303, 0.45847225, 0.53435922, 0.39380726, 0.70306146, 0.58472770, 0.65793329, 0.40561000)
(0.78503972, 0.58373415, 0.37328365, 0.21746099, 0.36847711, 0.59945190, 0.69706076, 0.78565043, 0.55981791, 0.50758284)
(0.84611875, 0.47609407, 0.49159059, 0.30834904, 0.15559052, 0.21174529, 0.62925565, 0.84441197, 0.61751628, 0.23305345)
(0.40012074, 0.68101126, 0.47084793, 0.42315266, 0.62189204, 0.86278433, 0.33418229, 0.38606834, 0.53387052, 0.73605627)
(0.71627790, 0.46406800, 0.24525870, 0.70449275, 0.39234698, 0.65116680, 0.11042304, 0.06156439, 0.08307894, 0.76220602)
(0.64058816, 0.54431999, 0.48860481, 0.64540929, 0.61056668, 0.39045650, 0.47034147, 0.38410932, 0.26185381, 0.62656683)
(0.84156746, 0.51305062, 0.11338205, 0.83459491, 0.14315616, 0.18975314, 0.59431607, 0.88452250, 0.27646786, 0.06118454)
(0.57292521, 0.66164613, 0.65872723, 0.45765743, 0.55031091, 0.43555582, 0.56116998, 0.67182481, 0.58953905, 0.55699247)
(0.72657597, 0.43087336, 0.69231766, 0.29001120, 0.34657151, 0.33122528, 0.48167351, 0.48576170, 0.58805156, 0.57287180)
(0.66991496, 0.56681609, 0.64042675, 0.37505388, 0.32693887, 0.35379934, 0.43004912, 0.57750714, 0.54035193, 0.52273089)
(0.41392729, 0.26488185, 0.67727637, 0.81272209, 0.87474328, 0.60584879, 0.68018872, 0.43760833, 0.76239049, 0.39506641)
(0.66697770, 0.55419564, 0.70941907, 0.28730837, 0.71379185, 0.55014968, 0.71845698, 0.61308736, 0.66595399, 0.70220935)
(0.75820220, 0.73782563, 0.35742924, 0.67793113, 0.21682724, 0.24155328, 0.54148787, 0.88957983, 0.44161010, 0.17379412)
(0.71904165, 0.80928791, 0.68212837, 0.32166505, 0.45833957, 0.49344242, 0.35083795, 0.48086682, 0.35932440, 0.79855192)
(0.67628533, 0.62808162, 0.38094476, 0.55237532, 0.51077086, 0.46139339, 0.68345165, 0.78388578, 0.47117001, 0.37834227)
(0.85074794, 0.58985907, 0.30687672, 0.37630528, 0.28130803, 0.62499070, 0.18380398, 0.15476561, 0.10173481, 0.82101077)
(0.81462896, 0.51794064, 0.88464469, 0.18783355, 0.48695001, 0.25492898, 0.59697664, 0.54730880, 0.73106652, 0.70023102)
(0.64139140, 0.56768090, 0.81906682, 0.59751338, 0.74482155, 0.25816423, 0.69637078, 0.62257224, 0.65804756, 0.55636448)
(0.45043212, 0.70354104, 0.55112815, 0.42306069, 0.73216397, 0.79253107, 0.72467983, 0.84856158, 0.80387729, 0.47774807)
(0.84389514, 0.61889029, 0.59673649, 0.28369623, 0.31495747, 0.29492459, 0.49236128, 0.57499033, 0.36603013, 0.63067579)
(0.90651435, 0.11761352, 0.28018221, 0.14097604, 0.62231380, 0.71259254, 0.82876068, 0.29330453, 0.44735521, 0.73853523)
(0.76079625, 0.94830465, 0.44867277, 0.72964531, 0.15158199, 0.26810747, 0.18808031, 0.83599609, 0.24470732, 0.33003393)
(0.73882598, 0.30148625, 0.76286411, 0.43459570, 0.60145700, 0.25634438, 0.63551950, 0.37531048, 0.58358598, 0.60798663)
(0.79370612, 0.45353481, 0.31450403, 0.47266155, 0.46758831, 0.47403282, 0.56429756, 0.40228733, 0.22115824, 0.62546635)
(0.87056506, 0.75563818, 0.22750056, 0.39505491, 0.21726775, 0.36732170, 0.75236350, 0.94847113, 0.45438281, 0.20169820)
(0.49409515, 0.76326907, 0.54453236, 0.32062796, 0.33678162, 0.72231311, 0.27203089, 0.56044257, 0.55507588, 0.65212142)
(0.49833128, 0.50527310, 0.82998437, 0.33847561, 0.38719791, 0.53514767, 0.23153199, 0.26762140, 0.72453284, 0.69362706)
(0.74559790, 0.44909015, 0.83588415, 0.03670019, 0.06559907, 0.75444096, 0.11311265, 0.24809870, 0.88611835, 0.74764526)
(0.44231075, 0.36725035, 0.42214754, 0.58534414, 0.37487638, 0.62098747, 0.57954907, 0.75348318, 0.80280703, 0.19639690)
(0.76190364, 0.36369839, 0.31709248, 0.39999795, 0.68318135, 0.57736665, 0.87799811, 0.79624468, 0.59339559, 0.40389186)
(0.82520139, 0.83255553, 0.41679621, 0.63726491, 0.13982733, 0.17997007, 0.28625029, 0.78193176, 0.23470664, 0.31126258)
(0.63292319, 0.44336966, 0.52052635, 0.78905028, 0.32363862, 0.15950383, 0.44840044, 0.62454367, 0.46781570, 0.20135875)
(0.58190584, 0.46157274, 0.37555969, 0.44622257, 0.76374531, 0.80333877, 0.65141737, 0.42741781, 0.46003067, 0.69866723)
(0.77992964, 0.16902469, 0.58784992, 0.44761109, 0.24812591, 0.19925143, 0.63765347, 0.58985841, 0.71564174, 0.22010809)
(0.75059950, 0.45403287, 0.69957936, 0.06418534, 0.36417583, 0.75118756, 0.45567304, 0.38246813, 0.76308537, 0.81929731)
(0.85977018, 0.33612850, 0.38102674, 0.26191866, 0.28426138, 0.31784379, 0.67726958, 0.62985408, 0.42395738, 0.44832575)
(0.57545727, 0.53926843, 0.78630215, 0.21274483, 0.34541017, 0.52684671, 0.42022395, 0.56018180, 0.80461180, 0.59183943)
(0.63324624, 0.20312214, 0.51029950, 0.34073383, 0.33939183, 0.50371695, 0.64192581, 0.60013700, 0.79113638, 0.30720502)
(0.62060452, 0.55473375, 0.85243100, 0.43596625, 0.66509438, 0.37897560, 0.35097343, 0.22821966, 0.52150893, 0.81426126)
(0.78351671, 0.51308155, 0.16417956, 0.42028072, 0.18338537, 0.56297952, 0.54533583, 0.77700961, 0.39550868, 0.25727338)
(0.46064788, 0.59942466, 0.41181940, 0.49497223, 0.30212393, 0.65764606, 0.50008386, 0.84454799, 0.76169902, 0.23172171)
(0.75410748, 0.17324030, 0.32087675, 0.17527305, 0.22202055, 0.62999618, 0.68486547, 0.66683900, 0.76538157, 0.30506861)
(0.89364415, 0.35947186, 0.46013859, 0.13521023, 0.30841532, 0.42659247, 0.63299829, 0.47939220, 0.41308570, 0.67629176)
(0.79493463, 0.81673294, 0.78150016, 0.38605529, 0.69489628, 0.39022109, 0.50244761, 0.45824865, 0.32131684, 0.85402000)
(0.80057967, 0.86256129, 0.24153310, 0.91443509, 0.64393151, 0.30174142, 0.79255992, 0.94150001, 0.29290044, 0.15013981)
(0.72523266, 0.31259882, 0.59258533, 0.74354112, 0.26916245, 0.10178582, 0.56861073, 0.68141687, 0.59913594, 0.13892137)
(0.86244375, 0.39673227, 0.44322038, 0.25077313, 0.03124534, 0.17809686, 0.25839528, 0.65540761, 0.53247362, 0.20014004)
(0.75299346, 0.33001691, 0.30403224, 0.38543367, 0.64439470, 0.62735677, 0.74863380, 0.49534428, 0.39937317, 0.60277289)
(0.48634687, 0.64081585, 0.55176133, 0.48462260, 0.52269608, 0.59470892, 0.61402106, 0.80950600, 0.73796117, 0.37369725)
(0.55743456, 0.19538455, 0.18617107, 0.50089347, 0.22381358, 0.72158366, 0.56848907, 0.68394113, 0.72806060, 0.14826640)
(0.80341923, 0.26411104, 0.35057700, 0.18922770, 0.12934652, 0.47677183, 0.42307195, 0.44960269, 0.50923306, 0.44133803)
(0.62303603, 0.35444480, 0.54637617, 0.36123389, 0.60618800, 0.61423129, 0.55273181, 0.32394317, 0.52767253, 0.69522601)
(0.71309197, 0.39114225, 0.50631034, 0.14755665, 0.49219990, 0.68752229, 0.67678761, 0.58058578, 0.67665112, 0.65856797)
(0.74571794, 0.15384550, 0.49792108, 0.65530032, 0.35020491, 0.18428615, 0.67781723, 0.56414682, 0.62693650, 0.18258157)
(0.62084591, 0.81575215, 0.41257173, 0.63492650, 0.58552569, 0.55435246, 0.62741554, 0.82465839, 0.44647011, 0.44667822)
(0.53206098, 0.61837137, 0.82522911, 0.34409916, 0.37106144, 0.67773724, 0.05976155, 0.07076044, 0.50422919, 0.87902403)
(0.79292250, 0.39441568, 0.74333912, 0.56685495, 0.20543484, 0.08166195, 0.51883769, 0.68052840, 0.64335966, 0.21168292)
(0.48227066, 0.71207488, 0.68870413, 0.60405242, 0.36011437, 0.45353290, 0.12199072, 0.26699525, 0.40522140, 0.67083490)
(0.68916440, 0.60204512, 0.35688281, 0.48136786, 0.46794626, 0.51825917, 0.74655867, 0.86468387, 0.60829633, 0.29615003)
(0.69999921, 0.45620772, 0.62593812, 0.26556423, 0.32729357, 0.65058064, 0.15631875, 0.10969059, 0.38897786, 0.83290082)
(0.49904269, 0.51048797, 0.43880248, 0.86979145, 0.54771537, 0.33216456, 0.45070907, 0.59278411, 0.44749573, 0.24421911)
(0.79105145, 0.36432812, 0.37401730, 0.24608083, 0.32192403, 0.54831856, 0.48886809, 0.35818031, 0.36540931, 0.65252995)
(0.69740593, 0.49480966, 0.38626364, 0.56328821, 0.59154510, 0.41596329, 0.71149522, 0.66165316, 0.39919391, 0.45378968)
(0.77307892, 0.34853533, 0.43743217, 0.21786383, 0.62609750, 0.61248833, 0.84605324, 0.73628420, 0.67244911, 0.53299701)
(0.71574968, 0.77177644, 0.83411837, 0.42193595, 0.78157753, 0.42482823, 0.43799874, 0.29494509, 0.35635105, 0.89280200)
(0.84554940, 0.24774687, 0.80720401, 0.20552331, 0.25250363, 0.18754841, 0.55923039, 0.47765917, 0.73993605, 0.47614378)
(0.75393766, 0.71473777, 0.62680453, 0.58474088, 0.17146382, 0.14784232, 0.48270389, 0.88094604, 0.61460203, 0.18200338)
(0.61223638, 0.46367297, 0.37528101, 0.90868497, 0.90713817, 0.45371541, 0.83733910, 0.69627500, 0.42138490, 0.29371575)
(0.83413363, 0.27897289, 0.20522657, 0.17829147, 0.18910052, 0.62942529, 0.74887204, 0.82504523, 0.67761970, 0.25199068)
(0.74833357, 0.34451765, 0.30456096, 0.38409805, 0.53661931, 0.54454952, 0.78586304, 0.69773597, 0.51587135, 0.42367846)
(0.82840204, 0.17612101, 0.36130524, 0.52571744, 0.29905701, 0.23757675, 0.86458391, 0.88466215, 0.78428018, 0.08739099)
(0.69846201, 0.62299889, 0.21983635, 0.93617845, 0.56563967, 0.26725411, 0.42955646, 0.51006681, 0.11281862, 0.30727872)
(0.62977839, 0.68708414, 0.23808649, 0.94701976, 0.63160145, 0.31322479, 0.71144700, 0.88311774, 0.39827654, 0.09571149)
(0.54948300, 0.68427515, 0.48836258, 0.62900215, 0.91587371, 0.79366750, 0.76687157, 0.62091243, 0.50762224, 0.71007103)
(0.83650434, 0.50171620, 0.79698527, 0.32487759, 0.41089833, 0.20489398, 0.35363019, 0.24564630, 0.34181172, 0.77738994)
(0.78791040, 0.22690527, 0.29759252, 0.29220012, 0.25195137, 0.47350302, 0.61920738, 0.54641610, 0.51188594, 0.38041428)
(0.69237721, 0.65353656, 0.60212171, 0.62014049, 0.53819835, 0.28206539, 0.71207076, 0.83910733, 0.60256809, 0.32093489)
(0.62326998, 0.73066592, 0.67076516, 0.61248946, 0.82997692, 0.50319713, 0.61200756, 0.48855457, 0.38842881, 0.76044661)
(0.72645950, 0.51046008, 0.23387891, 0.30638221, 0.13241400, 0.61436588, 0.36827236, 0.65162295, 0.44587034, 0.35149455)
(0.44344428, 0.41037017, 0.44343603, 0.76783907, 0.53974342, 0.43855509, 0.49569881, 0.54957587, 0.54122531, 0.29715028)
(0.61421478, 0.28113565, 0.40073979, 0.18725200, 0.31859717, 0.78147840, 0.45903593, 0.40827423, 0.71315247, 0.56301111)
(0.64914048, 0.78283328, 0.61672795, 0.50367302, 0.48246947, 0.53840119, 0.15850133, 0.21806328, 0.22034639, 0.83069789)
(0.82872915, 0.41040960, 0.25179896, 0.37372950, 0.37594819, 0.41929841, 0.73176980, 0.70008063, 0.35485771, 0.41881314)
(0.73167574, 0.14693844, 0.31967264, 0.38085940, 0.19170047, 0.42709830, 0.58790022, 0.54964042, 0.65331799, 0.22809207)
(0.76675951, 0.53238106, 0.83656788, 0.59092933, 0.43051335, 0.09864342, 0.62735420, 0.73802269, 0.68272656, 0.32609692)
(0.84319925, 0.61888707, 0.43199643, 0.42999133, 0.67818958, 0.35574773, 0.89463639, 0.88576519, 0.51111090, 0.41895872)
(0.36173919, 0.47142574, 0.49823397, 0.42837453, 0.21076225, 0.69138175, 0.27236634, 0.59327376, 0.78704375, 0.31036514)
(0.69886345, 0.36843246, 0.40149149, 0.31200072, 0.18138508, 0.56915867, 0.22308628, 0.24346039, 0.38303894, 0.59175259)
(0.49051803, 0.49723470, 0.54414743, 0.53225297, 0.35655305, 0.47257826, 0.30075619, 0.39291427, 0.49383992, 0.51648784)
(0.50836635, 0.76413840, 0.80962771, 0.51568782, 0.45604190, 0.42036486, 0.23525675, 0.45386791, 0.57336050, 0.66790348)
(0.78651583, 0.85556430, 0.59652352, 0.63704246, 0.41488537, 0.24394247, 0.48318347, 0.77698410, 0.31454727, 0.49212471)
(0.59605086, 0.74068892, 0.44585156, 0.29748517, 0.18056330, 0.68175322, 0.20601331, 0.55083716, 0.46695888, 0.58325678)
(0.67810482, 0.30991134, 0.72642279, 0.41513214, 0.58199692, 0.35953575, 0.78578156, 0.73661119, 0.83892953, 0.34482911)
(0.40484267, 0.55593073, 0.76558989, 0.59861761, 0.71974093, 0.62308127, 0.24681151, 0.17553204, 0.52941591, 0.78691334)
(0.71809369, 0.60134965, 0.52264190, 0.22871199, 0.44533047, 0.56388640, 0.61332887, 0.66229242, 0.54874694, 0.63882136)
(0.61631411, 0.55136132, 0.56512147, 0.09719615, 0.19218990, 0.86541259, 0.17975457, 0.28565270, 0.72560102, 0.77454847)
(0.60088694, 0.58113420, 0.69128406, 0.26394802, 0.36311477, 0.52600747, 0.37161690, 0.47240695, 0.62037206, 0.65960437)
(0.69695556, 0.74902749, 0.43012398, 0.51153159, 0.49678710, 0.46054175, 0.61659306, 0.76855141, 0.40385354, 0.49987635)
(0.51482248, 0.72939390, 0.59736192, 0.57112294, 0.42812982, 0.47747177, 0.21389022, 0.37375337, 0.36139324, 0.66157287)
(0.82067484, 0.56616050, 0.46074060, 0.27537301, 0.25786763, 0.51271111, 0.25756282, 0.25395665, 0.23193702, 0.76052696)
(0.77942020, 0.72033638, 0.33203936, 0.72833443, 0.07379744, 0.13253790, 0.17104881, 0.67252862, 0.23548540, 0.17711323)
(0.90111291, 0.19976053, 0.37654555, 0.32770169, 0.08438780, 0.12168862, 0.64130723, 0.74936587, 0.56969929, 0.13556166)
(0.48640949, 0.18441270, 0.44565937, 0.77039921, 0.80298406, 0.63724035, 0.82266885, 0.64883834, 0.80156535, 0.22074838)
(0.56954426, 0.65931970, 0.84363025, 0.37833807, 0.45292091, 0.37070760, 0.42960882, 0.60399193, 0.75203598, 0.57892305)
(0.72335809, 0.56333220, 0.63521343, 0.19107127, 0.39052811, 0.62744284, 0.33168435, 0.27647585, 0.46485728, 0.81658989)
(0.87358332, 0.75116318, 0.52716434, 0.51812840, 0.21031442, 0.12364754, 0.68322057, 0.93517900, 0.51302016, 0.18867579)
(0.63325894, 0.33761480, 0.54615599, 0.32738352, 0.51295054, 0.51130354, 0.66110313, 0.56839091, 0.65610540, 0.51140273)
(0.73566884, 0.45913664, 0.21438180, 0.79833585, 0.08847415, 0.18056238, 0.54925162, 0.92337358, 0.62318367, 0.03183454)
(0.58501184, 0.71290278, 0.67984998, 0.48473296, 0.57954526, 0.46157035, 0.54850495, 0.68176019, 0.59260035, 0.56753308)
(0.79770935, 0.51232803, 0.26340181, 0.50602835, 0.25620246, 0.30909094, 0.67622745, 0.83184963, 0.42168435, 0.22775973)
(0.81282383, 0.49297693, 0.65462565, 0.30058920, 0.22447324, 0.23759694, 0.38477007, 0.46709096, 0.43623853, 0.56095564)
(0.71638811, 0.42486206, 0.41925356, 0.45035550, 0.67892230, 0.49321234, 0.84957361, 0.79711235, 0.61888242, 0.39931163)
(0.61190426, 0.30678618, 0.11572723, 0.38472176, 0.21753590, 0.81935698, 0.48453572, 0.61775166, 0.53930271, 0.27365181)
(0.80445427, 0.19832735, 0.20439580, 0.58707708, 0.17304353, 0.27152216, 0.63404095, 0.67082816, 0.43441969, 0.14154130)
(0.60075253, 0.20562278, 0.58534473, 0.35033309, 0.49045277, 0.57212096, 0.66447979, 0.52712208, 0.80353343, 0.40636325)
(0.67689717, 0.45026374, 0.24628744, 0.88481152, 0.76064318, 0.37921727, 0.74676150, 0.63162142, 0.25538880, 0.29136047)
(0.70678228, 0.72056293, 0.87364864, 0.19992176, 0.20182177, 0.38774809, 0.20063500, 0.46366003, 0.71009684, 0.68952048)
(0.91030324, 0.17683040, 0.18644713, 0.51944798, 0.25654480, 0.24280222, 0.75047803, 0.60262746, 0.28294688, 0.24062794)
(0.84300816, 0.30923411, 0.27784303, 0.25752786, 0.10056527, 0.44063351, 0.30327490, 0.33650893, 0.30291307, 0.47782108)
(0.89074880, 0.72749841, 0.49387610, 0.60225695, 0.16847856, 0.13052426, 0.18071096, 0.36251491, 0.08839045, 0.59635931)
(0.44280276, 0.34032288, 0.47443283, 0.78757799, 0.61800158, 0.45010477, 0.57883829, 0.55993664, 0.61388439, 0.27227667)
(0.72898734, 0.49772993, 0.52492332, 0.50840431, 0.08724017, 0.26915851, 0.08225362, 0.19582093, 0.28721759, 0.49042994)
(0.44996729, 0.65387136, 0.54555982, 0.47012332, 0.62299705, 0.66867554, 0.59283012, 0.72370946, 0.67419684, 0.50950325)
(0.68057841, 0.31976572, 0.53234631, 0.65572476, 0.23725028, 0.21813238, 0.62791109, 0.80934995, 0.77102751, 0.10729159)
(0.73620254, 0.81989008, 0.66712266, 0.64425880, 0.66853642, 0.44830376, 0.14599599, 0.12721489, 0.11311571, 0.89937431)
(0.79095584, 0.55001736, 0.39259040, 0.08714174, 0.42746148, 0.80271381, 0.66435587, 0.64972949, 0.60770565, 0.74327695)
(0.57418227, 0.50632924, 0.69654697, 0.43257225, 0.38153580, 0.40223911, 0.50863194, 0.66559899, 0.74370980, 0.39885369)
(0.87038058, 0.28493041, 0.53869092, 0.26126349, 0.63829666, 0.42297015, 0.70135701, 0.27294096, 0.33716378, 0.78358704)
(0.68021435, 0.48049030, 0.56837791, 0.64549941, 0.40462422, 0.23104420, 0.63658541, 0.76407599, 0.60175848, 0.24843605)
(0.82996565, 0.28863278, 0.45452461, 0.38462508, 0.17193812, 0.18565859, 0.53400230, 0.58010232, 0.46218288, 0.29675829)
(0.81374025, 0.33421749, 0.36717582, 0.22374982, 0.03199057, 0.34183335, 0.32052019, 0.76471341, 0.70707595, 0.14207953)
(0.83939749, 0.60891140, 0.66910881, 0.18720673, 0.57750881, 0.42865580, 0.72979766, 0.64842230, 0.52643758, 0.73839265)
(0.87534243, 0.65089929, 0.82780963, 0.47958729, 0.49016792, 0.11067344, 0.37612322, 0.31973821, 0.23032376, 0.76799428)
(0.47997990, 0.60509592, 0.63764912, 0.55958247, 0.52241975, 0.51936775, 0.62698841, 0.82767886, 0.81400752, 0.29450071)
(0.85738599, 0.64074558, 0.26687652, 0.56685239, 0.49137509, 0.36723721, 0.66087294, 0.60400015, 0.13746399, 0.59580213)
(0.65181601, 0.26451898, 0.57792044, 0.54873872, 0.38284576, 0.32135376, 0.68947458, 0.71971786, 0.78714526, 0.20213614)
(0.71961349, 0.62092215, 0.76840907, 0.84578490, 0.29236925, 0.06441150, 0.23502587, 0.50319844, 0.35877344, 0.30923322)
(0.54436851, 0.24735060, 0.38419560, 0.80142111, 0.86044866, 0.65913737, 0.59285629, 0.21425715, 0.35226318, 0.58433229)
(0.44363040, 0.64118022, 0.82143056, 0.24936029, 0.34941557, 0.75343293, 0.20715767, 0.37007767, 0.82833934, 0.70222539)
(0.74187869, 0.60709035, 0.65777510, 0.60250646, 0.23345357, 0.13402355, 0.52174473, 0.81145638, 0.59780997, 0.21722223)
(0.77168638, 0.13299154, 0.33811718, 0.37386721, 0.03717808, 0.25804606, 0.33985201, 0.56155825, 0.71152419, 0.09593122)
(0.73575348, 0.39346945, 0.27315462, 0.79698420, 0.70939767, 0.36388916, 0.67817962, 0.44053909, 0.17236446, 0.47775617)
(0.43132222, 0.47313511, 0.71008462, 0.40116274, 0.35683089, 0.58563030, 0.47855577, 0.70333165, 0.87951928, 0.32982725)
(0.85189551, 0.83022332, 0.42364028, 0.51755363, 0.15147355, 0.18392400, 0.57387292, 0.94227725, 0.46931848, 0.18091126)
(0.77548772, 0.17183946, 0.20969324, 0.70169443, 0.12423327, 0.21828039, 0.63128269, 0.77697581, 0.60220248, 0.05534882)
(0.76322103, 0.72899288, 0.66965652, 0.83478147, 0.71675527, 0.16052555, 0.60975909, 0.64406025, 0.28739792, 0.48604608)
(0.67306012, 0.50893080, 0.38474426, 0.43563846, 0.07944519, 0.39845407, 0.11967887, 0.32948643, 0.35549074, 0.40639070)
(0.83869767, 0.55607104, 0.52740353, 0.66944832, 0.46751621, 0.13353361, 0.83346522, 0.91133249, 0.57020575, 0.17569292)
(0.71191740, 0.55577302, 0.31703094, 0.84242970, 0.74361473, 0.33776084, 0.77745646, 0.73665082, 0.31505138, 0.30580056)
(0.63486928, 0.34541553, 0.31922188, 0.10183632, 0.14932159, 0.84441054, 0.40100288, 0.58567119, 0.79375291, 0.45992282)
(0.64359736, 0.55725950, 0.57409036, 0.53177088, 0.53178316, 0.38253385, 0.73082536, 0.83197826, 0.69977331, 0.31465757)
(0.28920826, 0.55055648, 0.33244118, 0.71592104, 0.32171115, 0.70315152, 0.27983427, 0.65686125, 0.66434431, 0.22236751)
(0.78113651, 0.28882501, 0.39229646, 0.54260957, 0.16330719, 0.17082860, 0.55099928, 0.67001259, 0.49957961, 0.17288117)
(0.80629718, 0.50758493, 0.75919265, 0.19704784, 0.43843043, 0.32298931, 0.67231977, 0.68238312, 0.69495183, 0.59224629)
(0.82193440, 0.55115676, 0.78224277, 0.13225298, 0.42272010, 0.42853856, 0.49522942, 0.42196745, 0.57758397, 0.80147350)
(0.80451626, 0.67658556, 0.48403051, 0.43867016, 0.50138170, 0.33285004, 0.86014712, 0.94338906, 0.68822289, 0.24713203)
(0.61190099, 0.71995950, 0.56750494, 0.64465725, 0.67597485, 0.49187401, 0.34083289, 0.32012716, 0.24740824, 0.75886428)
(0.49586937, 0.49228597, 0.70514446, 0.38303232, 0.23780900, 0.48307538, 0.34124464, 0.59942204, 0.80540746, 0.36703584)
(0.43401167, 0.48860836, 0.41073513, 0.49483341, 0.35910892, 0.66390085, 0.50775391, 0.74463451, 0.73272169, 0.28555524)
(0.66245115, 0.22039723, 0.07040107, 0.62629616, 0.13352197, 0.67897719, 0.43273175, 0.60393220, 0.42570278, 0.12874833)
(0.68091184, 0.72878206, 0.42306316, 0.49434933, 0.83317256, 0.81912643, 0.43089837, 0.19739404, 0.16418043, 0.91132319)
(0.60975260, 0.22290176, 0.30649662, 0.68516481, 0.74793142, 0.61672139, 0.74031407, 0.45303109, 0.48878697, 0.41585907)
(0.80885541, 0.36583209, 0.34529939, 0.59611893, 0.08577760, 0.14368019, 0.33090967, 0.58982235, 0.35309380, 0.16708556)
(0.86058348, 0.35813349, 0.11724052, 0.71108687, 0.50382662, 0.39359260, 0.79146177, 0.64577478, 0.15697208, 0.33191493)
(0.72236675, 0.50030982, 0.51207894, 0.74818295, 0.68651313, 0.25009897, 0.76698011, 0.71544230, 0.43916076, 0.34840423)
(0.84721410, 0.35475776, 0.65395051, 0.49796897, 0.13755743, 0.07410660, 0.43009707, 0.55571163, 0.46568885, 0.25488156)
(0.69708651, 0.69048667, 0.49800029, 0.31109083, 0.79905152, 0.78239328, 0.68613088, 0.51917726, 0.41982096, 0.83135056)
(0.74824607, 0.29771647, 0.60920680, 0.23171657, 0.77041513, 0.63881034, 0.82780766, 0.54157859, 0.70328891, 0.69005483)
(0.71843237, 0.70412570, 0.56758815, 0.64440048, 0.80196142, 0.45024237, 0.56269175, 0.39206058, 0.21721835, 0.78358567)
(0.87636948, 0.66858780, 0.69136351, 0.24529327, 0.36223719, 0.34964356, 0.28937280, 0.23746485, 0.22106336, 0.85599256)
(0.86146247, 0.43909350, 0.72693098, 0.43584344, 0.23697843, 0.08201292, 0.64315540, 0.76679963, 0.61026728, 0.26546192)
(0.66047537, 0.61536479, 0.72458559, 0.48538667, 0.79598832, 0.58117765, 0.35229686, 0.14550738, 0.30781600, 0.89505893)
(0.64164501, 0.80226123, 0.37040421, 0.91029787, 0.63096011, 0.31368819, 0.61809158, 0.85299486, 0.36047426, 0.20915195)
(0.55617011, 0.74734062, 0.51351130, 0.41016862, 0.38171473, 0.56994206, 0.41623992, 0.69071501, 0.51141936, 0.54610646)
(0.77858192, 0.43251812, 0.41298154, 0.24261099, 0.50653315, 0.57081616, 0.81287467, 0.79948735, 0.66284907, 0.44642663)
(0.86135405, 0.85108042, 0.42042461, 0.61577231, 0.14362407, 0.18680665, 0.20489773, 0.62956786, 0.12795450, 0.47806090)
(0.69569105, 0.47104168, 0.75827485, 0.23945017, 0.46780571, 0.43234614, 0.46495348, 0.37736133, 0.60005897, 0.73196578)
(0.56797767, 0.54126799, 0.46139318, 0.26218364, 0.15466385, 0.61739546, 0.28003427, 0.58219010, 0.63290960, 0.43771166)
(0.75222886, 0.59786355, 0.52464032, 0.86408836, 0.48376808, 0.13976119, 0.75789571, 0.90306830, 0.58752298, 0.10965495)
(0.66038793, 0.33432305, 0.50692534, 0.53599393, 0.22434169, 0.26963082, 0.50107253, 0.64405751, 0.63813788, 0.22284548)
(0.89038140, 0.54723668, 0.16178145, 0.43343881, 0.26565608, 0.35845962, 0.82935476, 0.92558682, 0.41456154, 0.18314348)
(0.62514770, 0.49565074, 0.61854428, 0.36229271, 0.75926036, 0.60756487, 0.82197052, 0.77027518, 0.76116061, 0.53205919)
(0.79068565, 0.62088364, 0.70128942, 0.82061803, 0.52234477, 0.09681936, 0.47343022, 0.56393874, 0.28838697, 0.40612194)
(0.78934830, 0.20966071, 0.51666129, 0.58186477, 0.34294131, 0.17582497, 0.75757831, 0.73680347, 0.68184632, 0.16488653)
(0.72468352, 0.71074241, 0.82712048, 0.78955746, 0.40351278, 0.08640485, 0.34502620, 0.61423999, 0.44705558, 0.37936601)
(0.51745170, 0.57971090, 0.32085735, 0.32479006, 0.15310289, 0.70148027, 0.25772178, 0.60523325, 0.56556600, 0.39826277)
(0.43456203, 0.72086626, 0.69057840, 0.57717204, 0.49781153, 0.54449385, 0.18882497, 0.32150456, 0.45906773, 0.69815594)
(0.50176769, 0.55030441, 0.83329678, 0.29490942, 0.73433423, 0.74341655, 0.40011677, 0.23615997, 0.72992378, 0.85395986)
(0.67978466, 0.53716081, 0.50879490, 0.19529763, 0.45462087, 0.70077187, 0.50288045, 0.46568224, 0.54222262, 0.73452389)
(0.73347241, 0.37543446, 0.63169676, 0.13267107, 0.38958549, 0.60088354, 0.52090180, 0.39605388, 0.65602320, 0.72708690)
(0.64690024, 0.66399705, 0.53688192, 0.29521999, 0.30988327, 0.53892523, 0.56063443, 0.82711214, 0.70581740, 0.39353716)
(0.68314725, 0.38406831, 0.86735320, 0.44395950, 0.66408050, 0.26176453, 0.63653409, 0.44966397, 0.73331356, 0.60967451)
(0.59476209, 0.28469864, 0.61527556, 0.32301867, 0.23482384, 0.48516873, 0.40740177, 0.45906824, 0.75881618, 0.39044327)
(0.47241986, 0.61605209, 0.90500432, 0.75581896, 0.86931741, 0.34989738, 0.53496420, 0.42559883, 0.72529948, 0.66110748)
(0.76299840, 0.56682068, 0.57928896, 0.83632684, 0.53311515, 0.13277820, 0.85194600, 0.94118637, 0.72856915, 0.08759356)
(0.71081656, 0.70791239, 0.82477206, 0.88457239, 0.42412299, 0.07226647, 0.58820701, 0.89099801, 0.73369217, 0.11614677)
(0.93788213, 0.38945484, 0.54230559, 0.28680682, 0.12946485, 0.09496290, 0.49232319, 0.55038428, 0.29389957, 0.42502850)
(0.61212277, 0.73173940, 0.83629644, 0.32555616, 0.29828230, 0.41074017, 0.18572997, 0.37476772, 0.58722544, 0.72106677)
(0.63818789, 0.59188139, 0.46641821, 0.49764961, 0.40796196, 0.44792718, 0.59044957, 0.75849837, 0.56341463, 0.36902675)
(0.79564714, 0.45212412, 0.62846214, 0.62184685, 0.55502576, 0.16677767, 0.68889737, 0.61934781, 0.41550487, 0.43066463)
(0.80199379, 0.36725950, 0.66913700, 0.38649803, 0.32056177, 0.20364523, 0.44215253, 0.36152419, 0.41146162, 0.57136929)
(0.76117206, 0.51339710, 0.59131789, 0.56068128, 0.47519958, 0.20974711, 0.67441881, 0.71950257, 0.48348439, 0.38410884)
(0.77300191, 0.51445240, 0.59839219, 0.57840699, 0.33593965, 0.15856421, 0.49711248, 0.59141636, 0.37496984, 0.40220731)
(0.80594993, 0.43258041, 0.38072121, 0.46307376, 0.08972058, 0.17147492, 0.46253225, 0.78113270, 0.52164191, 0.14674501)
(0.32929090, 0.34746766, 0.33495414, 0.84341276, 0.64429665, 0.64715868, 0.29247749, 0.22879319, 0.38251746, 0.44131717)
(0.44310805, 0.55622530, 0.82674998, 0.75157231, 0.85033911, 0.48655313, 0.39448261, 0.24392460, 0.58024836, 0.73387796)
(0.78244001, 0.44850519, 0.74168319, 0.58613378, 0.51845556, 0.12784395, 0.63955545, 0.58273667, 0.48396602, 0.44991493)
(0.71039981, 0.16084667, 0.68952048, 0.42600337, 0.36229795, 0.27523926, 0.62062478, 0.46231562, 0.77015704, 0.32520542)
(0.68900460, 0.61105484, 0.28383046, 0.60352218, 0.78250957, 0.74863839, 0.55821604, 0.30541545, 0.16235995, 0.79718453)
(0.67151743, 0.54528177, 0.75276035, 0.31834590, 0.58007091, 0.42380843, 0.69889194, 0.72033978, 0.75881529, 0.54171383)
(0.81150496, 0.55839509, 0.83002698, 0.15741356, 0.42045572, 0.32653362, 0.55363470, 0.55021209, 0.67328125, 0.71686745)
(0.58521795, 0.63530821, 0.82118547, 0.18610115, 0.36381525, 0.55804956, 0.37038243, 0.54469055, 0.78852868, 0.67903882)
(0.60108435, 0.23159876, 0.56791878, 0.17695786, 0.27371824, 0.81811017, 0.21979500, 0.12125030, 0.72793657, 0.73501360)
(0.83841985, 0.36769781, 0.76957417, 0.65574467, 0.48447210, 0.07115304, 0.62569422, 0.52841443, 0.43863741, 0.39667603)
(0.68077374, 0.40390864, 0.77450979, 0.43742537, 0.63494724, 0.33462596, 0.78354824, 0.75848311, 0.82660854, 0.39205340)
(0.77758896, 0.57509315, 0.37552932, 0.53230590, 0.82402641, 0.53332144, 0.88086826, 0.77805978, 0.43033823, 0.54143512)
(0.59097022, 0.59020668, 0.36540714, 0.59562343, 0.52957207, 0.61526692, 0.81196481, 0.93847400, 0.81108117, 0.15369518)
(0.72468746, 0.32448575, 0.27743483, 0.26607737, 0.64761335, 0.90786844, 0.38385141, 0.09698306, 0.30986235, 0.87580460)
(0.79091269, 0.69431692, 0.69085562, 0.34579575, 0.41161472, 0.35889482, 0.29119310, 0.30229062, 0.26909578, 0.80452001)
(0.38923961, 0.72758776, 0.53279340, 0.35354814, 0.37909934, 0.76010245, 0.42691141, 0.80861914, 0.78697932, 0.41427439)
(0.70927668, 0.66325384, 0.87029469, 0.51488459, 0.78552479, 0.27097553, 0.59925425, 0.44201541, 0.52486151, 0.77418679)
(0.89176416, 0.36743173, 0.39863488, 0.14774446, 0.37021276, 0.44141513, 0.78506899, 0.69456017, 0.49939504, 0.55676574)
(0.79104137, 0.33853880, 0.50471860, 0.49781212, 0.82128853, 0.57334679, 0.55565518, 0.12035175, 0.20642920, 0.86324769)
(0.59720260, 0.53450388, 0.86771512, 0.62311721, 0.84295183, 0.35649505, 0.53124505, 0.30050516, 0.58500218, 0.76427263)
(0.93409914, 0.34484997, 0.40765673, 0.64546382, 0.23234685, 0.06936084, 0.59764189, 0.54266691, 0.16351143, 0.31082255)
(0.84053689, 0.48172241, 0.33967194, 0.66492444, 0.67524165, 0.29273990, 0.74403125, 0.52765930, 0.15813787, 0.56648636)
(0.60778391, 0.58511370, 0.41069257, 0.69602895, 0.74691957, 0.52391094, 0.70036000, 0.64149892, 0.40895605, 0.48946616)
(0.91219825, 0.42283738, 0.61970115, 0.47370732, 0.44697025, 0.12822239, 0.52100146, 0.28818405, 0.15584795, 0.69589072)
(0.76857364, 0.49453562, 0.81712836, 0.53919441, 0.54644251, 0.15004654, 0.46456817, 0.37292594, 0.42232901, 0.63871139)
(0.71433562, 0.60592598, 0.74032325, 0.71046710, 0.36421680, 0.11930985, 0.45574087, 0.67096871, 0.50188559, 0.32223228)
(0.48433596, 0.25299865, 0.55412453, 0.59362310, 0.65637028, 0.60247660, 0.65258068, 0.50434428, 0.75042647, 0.38886118)
(0.80155116, 0.49659237, 0.64393389, 0.42572764, 0.39451519, 0.32419622, 0.22929353, 0.14291564, 0.21342261, 0.79379493)
(0.77424717, 0.31861299, 0.63935775, 0.54520953, 0.64118201, 0.21286042, 0.80535287, 0.66654301, 0.58914769, 0.39996552)
(0.76459557, 0.47031316, 0.66750705, 0.80094111, 0.16448359, 0.05190727, 0.40412003, 0.72747165, 0.53681451, 0.11110064)
(0.87606913, 0.51332837, 0.62453139, 0.68452317, 0.33738834, 0.06411330, 0.63442403, 0.73602313, 0.34877273, 0.27632812)
(0.85433310, 0.11397558, 0.14193581, 0.08483773, 0.06977133, 0.83619648, 0.33376783, 0.25612319, 0.59690660, 0.45642066)
(0.69793385, 0.17711371, 0.59395605, 0.48301491, 0.44159251, 0.32426557, 0.74061602, 0.63852662, 0.78896624, 0.24740809)
(0.83047777, 0.44409320, 0.29894638, 0.52427208, 0.27460200, 0.43716729, 0.23510887, 0.16404809, 0.10963950, 0.68554282)
(0.94455522, 0.59052944, 0.44636324, 0.25134453, 0.03518384, 0.09398396, 0.31318459, 0.74278009, 0.31190023, 0.26279399)
(0.85185021, 0.18277615, 0.21308354, 0.28390291, 0.11891302, 0.40980932, 0.52519053, 0.49223420, 0.40631589, 0.30398127)
(0.79557425, 0.62225282, 0.65832955, 0.07089357, 0.48043740, 0.79596907, 0.44497919, 0.33168685, 0.58222145, 0.90295190)
(0.83577460, 0.30329236, 0.10147020, 0.33952358, 0.03274172, 0.48026577, 0.33223495, 0.70538783, 0.39954534, 0.12707785)
(0.81961566, 0.23604643, 0.41723368, 0.67715037, 0.25449136, 0.11751085, 0.64154410, 0.65453327, 0.45042080, 0.15820915)
(0.71752453, 0.54797667, 0.29907620, 0.67741638, 0.48620975, 0.40765303, 0.80581945, 0.90509123, 0.60107630, 0.16093270)
(0.79807150, 0.60836178, 0.45435584, 0.48796111, 0.41566902, 0.28176892, 0.84444988, 0.94343966, 0.69941658, 0.17960744)
(0.58741528, 0.23064549, 0.50652963, 0.44260913, 0.62842762, 0.58460361, 0.73807931, 0.55385691, 0.72712487, 0.42610300)
(0.83319724, 0.34514293, 0.42284352, 0.56709045, 0.42054981, 0.17272569, 0.75953394, 0.73072428, 0.41780525, 0.28958619)
(0.68844175, 0.53668970, 0.53743976, 0.53073007, 0.43811792, 0.31153551, 0.64684886, 0.75349039, 0.55901831, 0.34910664)
(0.51899719, 0.40311664, 0.84191257, 0.32280490, 0.36140218, 0.68351829, 0.08141624, 0.05788719, 0.65548927, 0.84130132)
(0.73248702, 0.18074715, 0.08694633, 0.43204278, 0.12520628, 0.70793873, 0.50364536, 0.59369415, 0.48650709, 0.17197298)
(0.59209526, 0.73223060, 0.45671725, 0.49900529, 0.67307901, 0.63081545, 0.69462675, 0.78643322, 0.54215562, 0.52215558)
(0.87680954, 0.58131886, 0.66160607, 0.71844089, 0.51363075, 0.07847647, 0.81238550, 0.87934172, 0.50005668, 0.22822048)
(0.75128961, 0.87750691, 0.66010725, 0.69951391, 0.31037417, 0.19395457, 0.42513284, 0.85622162, 0.43908218, 0.33482254)
(0.50836957, 0.48578486, 0.40678278, 0.78098059, 0.89235538, 0.71279961, 0.68047512, 0.46111277, 0.40685663, 0.57498181)
(0.39113617, 0.42316234, 0.32105654, 0.74341232, 0.49627548, 0.62597585, 0.54026365, 0.69892865, 0.65406239, 0.21349344)
(0.60259831, 0.21293023, 0.37088439, 0.39209327, 0.38963005, 0.65720779, 0.70469886, 0.70589519, 0.80566376, 0.24296360)
(0.84985256, 0.31104541, 0.36554632, 0.69428915, 0.25681192, 0.10074519, 0.71505284, 0.78348160, 0.41788930, 0.13398935)
(0.74012303, 0.39001432, 0.77213299, 0.41231540, 0.55431581, 0.26383081, 0.47874182, 0.28455123, 0.46396074, 0.70920950)
(0.84683084, 0.39903826, 0.08602617, 0.84826434, 0.69362283, 0.46136984, 0.81202328, 0.61968386, 0.10646503, 0.33537042)
(0.40439114, 0.47466680, 0.23541218, 0.40380734, 0.30810872, 0.87909991, 0.25079435, 0.38914850, 0.55168110, 0.50617903)
(0.57424885, 0.49102384, 0.69990724, 0.35595810, 0.47478479, 0.45849615, 0.55221385, 0.60245639, 0.72037154, 0.52612215)
(0.79287863, 0.48685268, 0.61668628, 0.29036701, 0.33956009, 0.35560513, 0.41985202, 0.37512299, 0.39252934, 0.68064225)
(0.72898322, 0.10540855, 0.29801494, 0.14722292, 0.03234547, 0.66812450, 0.25053945, 0.40501952, 0.82542878, 0.19245414)
(0.79943156, 0.26256406, 0.30435085, 0.40646189, 0.04917016, 0.23957452, 0.30548656, 0.55066156, 0.47490752, 0.16707478)
(0.70251322, 0.20591600, 0.61721116, 0.45260322, 0.73825520, 0.45339632, 0.79079330, 0.43958017, 0.66485083, 0.54237074)
(0.89883935, 0.41399240, 0.38197827, 0.48786476, 0.38908029, 0.16176185, 0.84463841, 0.86429536, 0.44380742, 0.24204314)
(0.52100593, 0.51849723, 0.51161277, 0.38972408, 0.64256376, 0.83271509, 0.27815139, 0.15341642, 0.42904356, 0.83945304)
(0.65367514, 0.23348090, 0.21031150, 0.80528599, 0.14669588, 0.25274059, 0.45514271, 0.68700975, 0.52609164, 0.06715757)
(0.67778939, 0.69213682, 0.26349652, 0.90162325, 0.16173449, 0.16548964, 0.41637230, 0.90016723, 0.45461929, 0.05434086)
(0.54613692, 0.78189522, 0.45480987, 0.55344105, 0.78917456, 0.73375624, 0.64756382, 0.66913587, 0.43734592, 0.68360752)
(0.68937707, 0.43317828, 0.25932693, 0.53235734, 0.66285777, 0.62420177, 0.74865013, 0.61608338, 0.38430965, 0.49752808)
(0.81890100, 0.24244156, 0.58166486, 0.40750739, 0.48093545, 0.25367168, 0.60571504, 0.29495218, 0.38416654, 0.60574555)
(0.75541943, 0.23780714, 0.46525958, 0.30588987, 0.15771489, 0.32800660, 0.44451788, 0.47494921, 0.57559508, 0.34554636)
(0.44878417, 0.80007613, 0.30748969, 0.45045552, 0.38157880, 0.81256473, 0.39476562, 0.76989782, 0.52157271, 0.48636964)
(0.93276918, 0.46295297, 0.37489787, 0.35129711, 0.28956130, 0.28832263, 0.40804592, 0.22561540, 0.09395225, 0.76620400)
(0.57222807, 0.59025747, 0.75645369, 0.36141515, 0.53446889, 0.62821859, 0.18656860, 0.14513375, 0.46594509, 0.85472059)
(0.78383189, 0.56003088, 0.61094201, 0.67411321, 0.24173312, 0.09781079, 0.37361485, 0.58392054, 0.32316202, 0.32092622)
(0.51778764, 0.76661432, 0.31479579, 0.36746806, 0.15855859, 0.81825495, 0.09778325, 0.36726972, 0.37875724, 0.59938556)
(0.77170873, 0.28596941, 0.19720384, 0.47154179, 0.29143944, 0.47160512, 0.73424000, 0.77128321, 0.52542961, 0.20734794)
(0.80639440, 0.54162341, 0.74949265, 0.23018806, 0.24164885, 0.28154060, 0.40782404, 0.54306000, 0.58998394, 0.58303738)
(0.86455584, 0.59353644, 0.34363809, 0.68201286, 0.59980965, 0.40155897, 0.28137437, 0.11232533, 0.04435284, 0.84759372)
(0.93103170, 0.41462177, 0.34533554, 0.52301276, 0.13207385, 0.09842613, 0.50541586, 0.58236545, 0.17619111, 0.30003238)
(0.71528769, 0.52215290, 0.42536578, 0.64734781, 0.69830412, 0.38621590, 0.68473631, 0.53246087, 0.27595004, 0.56628078)
(0.93015569, 0.45988512, 0.23459902, 0.54466003, 0.27876472, 0.28446847, 0.34355029, 0.18115877, 0.04464407, 0.71843916)
(0.70340037, 0.55984241, 0.81149530, 0.60332167, 0.82817054, 0.27954355, 0.77122319, 0.62173456, 0.61851025, 0.61905575)
(0.88695484, 0.42435411, 0.64233840, 0.52081007, 0.58276856, 0.15130316, 0.60133946, 0.33700049, 0.20130418, 0.68698806)
(0.89422059, 0.67509699, 0.47127420, 0.54130268, 0.28381044, 0.16988666, 0.36975875, 0.43295383, 0.11000948, 0.63407779)
(0.51311183, 0.69648814, 0.70195502, 0.52628285, 0.76487935, 0.56380463, 0.76087189, 0.84307092, 0.79274410, 0.46154886)
(0.69475734, 0.56227839, 0.81541145, 0.56881154, 0.73088205, 0.23286527, 0.77305627, 0.73743618, 0.71587521, 0.47606209)
(0.41622597, 0.55886954, 0.47259727, 0.46090809, 0.57096916, 0.73178136, 0.58736420, 0.72525829, 0.73005193, 0.43395513)
(0.66543353, 0.60541022, 0.47391680, 0.82024205, 0.39946955, 0.19836649, 0.53148019, 0.76451522, 0.44086197, 0.20265181)
(0.72531712, 0.47515443, 0.72617817, 0.21131153, 0.66858214, 0.57807994, 0.61197865, 0.37018341, 0.59066445, 0.81917435)
(0.81490517, 0.37384295, 0.55875194, 0.80628932, 0.30203250, 0.06327150, 0.69547701, 0.81909627, 0.54366899, 0.10067652)
(0.55823666, 0.80310220, 0.50813335, 0.72137141, 0.63851815, 0.51624429, 0.58195835, 0.78856361, 0.49046573, 0.42858389)
(0.56219745, 0.55698144, 0.39875799, 0.53192085, 0.40984094, 0.50660306, 0.56226146, 0.72926080, 0.54881811, 0.35309887)
(0.70564348, 0.21831657, 0.21887530, 0.30354995, 0.64768898, 0.82246429, 0.85612720, 0.71591192, 0.70840776, 0.39792782)
(0.80892241, 0.34287000, 0.73038048, 0.50906652, 0.54586780, 0.13773930, 0.72692800, 0.58791435, 0.54806048, 0.44416583)
(0.57078600, 0.72102600, 0.47684422, 0.23713283, 0.28117830, 0.71228802, 0.43998247, 0.79120427, 0.69356549, 0.47979900)
(0.53265232, 0.47359210, 0.53827798, 0.52272075, 0.37685445, 0.42000109, 0.47370496, 0.59779757, 0.59305710, 0.39097941)
(0.87078011, 0.72027880, 0.65037054, 0.71682316, 0.29990220, 0.07982495, 0.34800684, 0.55671060, 0.17138554, 0.47662389)
(0.77001595, 0.28042179, 0.62662059, 0.25185853, 0.39486250, 0.35378805, 0.70343012, 0.62854320, 0.71475315, 0.44352040)
(0.80467939, 0.51948905, 0.61635786, 0.46107280, 0.16383912, 0.12611067, 0.46069115, 0.71115363, 0.50793940, 0.27329057)
(0.67948627, 0.67022467, 0.59847897, 0.35183272, 0.74297619, 0.63401031, 0.60826015, 0.45428866, 0.40519130, 0.81682736)
(0.67135912, 0.28060669, 0.17915949, 0.57251841, 0.48282126, 0.63552451, 0.67860210, 0.56339395, 0.41626933, 0.34843746)
(0.87788546, 0.28816962, 0.39889896, 0.19670571, 0.43591306, 0.41643828, 0.79583299, 0.63109881, 0.49017236, 0.54143959)
(0.69051206, 0.33201391, 0.51433671, 0.51464671, 0.39094371, 0.29755583, 0.54407632, 0.48748049, 0.47116181, 0.42109045)
(0.80433279, 0.37254602, 0.35154468, 0.48168424, 0.44339174, 0.32456967, 0.80655783, 0.80861270, 0.53225011, 0.27596423)
(0.86018002, 0.56907928, 0.62887561, 0.20976572, 0.28320876, 0.30326283, 0.47496152, 0.52083778, 0.39940578, 0.66713035)
(0.75783998, 0.69615823, 0.80754852, 0.33432537, 0.34542167, 0.27353889, 0.30067748, 0.41544563, 0.45086923, 0.72018647)
(0.77144474, 0.60803694, 0.77076930, 0.19531283, 0.23875745, 0.40578899, 0.27664718, 0.38913453, 0.56084585, 0.71731997)
(0.80333459, 0.20070122, 0.33592886, 0.56865710, 0.52041078, 0.27960235, 0.85658455, 0.74541426, 0.55440515, 0.23015943)
(0.49113065, 0.32798445, 0.43577385, 0.89384449, 0.50759697, 0.32634535, 0.68875009, 0.81665695, 0.77081990, 0.07032280)
(0.54708958, 0.60618883, 0.79751462, 0.64901716, 0.56308174, 0.29045808, 0.57787728, 0.72689599, 0.75940007, 0.36061925)
(0.45291129, 0.43206272, 0.69016051, 0.18690045, 0.05006776, 0.73297209, 0.09610050, 0.40880382, 0.90723318, 0.34013444)
(0.85530579, 0.59098119, 0.42483366, 0.55949837, 0.16716924, 0.11701929, 0.49282217, 0.75532806, 0.30376157, 0.25346568)
(0.92750067, 0.18347092, 0.16574930, 0.32897210, 0.33258250, 0.30995265, 0.89942193, 0.82728928, 0.45144781, 0.22332132)
(0.63086253, 0.24564113, 0.69408691, 0.61496103, 0.69502544, 0.36211255, 0.50832838, 0.20339341, 0.50702542, 0.62502241)
(0.89117557, 0.51308525, 0.42202508, 0.25660557, 0.38344997, 0.50139207, 0.40214068, 0.21516283, 0.15646091, 0.83979666)
(0.70418113, 0.50541186, 0.40666097, 0.24341962, 0.26206121, 0.59528452, 0.49453947, 0.63894314, 0.56236780, 0.49459311)
(0.86874908, 0.77262300, 0.66933513, 0.26318136, 0.45714664, 0.29283413, 0.63345158, 0.72869468, 0.38770464, 0.69823021)
(0.84773821, 0.69612050, 0.44787043, 0.28163290, 0.45329031, 0.44798329, 0.61263275, 0.61987817, 0.27687141, 0.72017676)
(0.76394421, 0.17568173, 0.21405740, 0.52716482, 0.40605944, 0.50581193, 0.86051393, 0.84425956, 0.72811395, 0.12618560)
(0.59142786, 0.83958149, 0.54892272, 0.36027303, 0.48609525, 0.81014842, 0.13273911, 0.22664489, 0.25668472, 0.88255316)
(0.77720755, 0.70561451, 0.81021452, 0.33928487, 0.42976543, 0.22603819, 0.60779321, 0.78595078, 0.67173147, 0.51227945)
(0.51181692, 0.48002529, 0.27094400, 0.93217862, 0.51817793, 0.32206124, 0.63372403, 0.81936634, 0.54096097, 0.07595216)
(0.66117525, 0.47462630, 0.55981433, 0.50146383, 0.46867412, 0.33209750, 0.64575863, 0.69636792, 0.58022434, 0.39004380)
(0.36558297, 0.39393908, 0.64021528, 0.68689001, 0.70704085, 0.63623017, 0.62781620, 0.66683751, 0.84251523, 0.32051545)
(0.75779903, 0.53218257, 0.41060004, 0.12900428, 0.38833401, 0.82606864, 0.39348355, 0.31071815, 0.45726675, 0.83232754)
(0.81927544, 0.18277626, 0.15222925, 0.54348361, 0.11071143, 0.32691219, 0.64057255, 0.77385771, 0.52754587, 0.08770315)
(0.82841808, 0.29292226, 0.09249926, 0.56668383, 0.10371179, 0.45739701, 0.40519735, 0.51858258, 0.19608167, 0.21866535)
(0.95997101, 0.75325960, 0.18685699, 0.49116737, 0.16467701, 0.15343489, 0.62199324, 0.81647247, 0.08397403, 0.39581400)
(0.75687081, 0.32201311, 0.74865532, 0.44073376, 0.50656229, 0.19829892, 0.72556812, 0.64285338, 0.70775360, 0.39283919)
(0.79910141, 0.36215040, 0.35587680, 0.32130802, 0.24632865, 0.38094878, 0.56917042, 0.59497499, 0.43436235, 0.41183943)
(0.73338962, 0.37753835, 0.76335526, 0.40243354, 0.24234107, 0.21607885, 0.28532717, 0.30787027, 0.53606468, 0.53792471)
(0.83711451, 0.63871729, 0.64485890, 0.28176340, 0.34100065, 0.32725984, 0.39554808, 0.42212808, 0.31774637, 0.73459035)
(0.76446593, 0.37307227, 0.14109832, 0.77694970, 0.59436083, 0.46890682, 0.73233104, 0.59661412, 0.19850649, 0.32939979)
(0.53388178, 0.71264416, 0.72091049, 0.91067016, 0.44999290, 0.16766796, 0.49323073, 0.86998242, 0.74650604, 0.10575610)
(0.45925939, 0.29390091, 0.42331430, 0.85559773, 0.80324656, 0.55924481, 0.45013973, 0.21312515, 0.34889653, 0.51478308)
(0.66910076, 0.79670149, 0.68654573, 0.59770828, 0.74206907, 0.41785961, 0.53454792, 0.53488356, 0.34646654, 0.74636668)
(0.86696547, 0.51929444, 0.08808894, 0.48408231, 0.13900785, 0.45301777, 0.66985565, 0.88673246, 0.32502314, 0.14433955)
(0.46546406, 0.75610065, 0.28551486, 0.41890702, 0.32333079, 0.82329452, 0.60458499, 0.94386756, 0.81532109, 0.18802872)
(0.77788907, 0.68105727, 0.70694572, 0.60570681, 0.59153992, 0.19146949, 0.71073586, 0.78895319, 0.51403034, 0.44228974)
(0.42888096, 0.63919067, 0.45113572, 0.67146218, 0.78473061, 0.72615528, 0.55988777, 0.54876584, 0.47644570, 0.59553647)
(0.67996597, 0.59667104, 0.38835588, 0.33125275, 0.53738415, 0.84252578, 0.22656110, 0.13568626, 0.23462732, 0.87465447)
(0.64450145, 0.45941830, 0.42959866, 0.39609307, 0.34012568, 0.49106270, 0.60263908, 0.73563004, 0.62932831, 0.34319302)
(0.82097977, 0.21109173, 0.23203659, 0.30304089, 0.32179245, 0.51748109, 0.67709696, 0.49310932, 0.41290331, 0.44412687)
(0.39887190, 0.57954067, 0.72802818, 0.53571945, 0.37742057, 0.52335548, 0.20744359, 0.36599535, 0.64860952, 0.55957001)
(0.44475031, 0.57059455, 0.80087954, 0.35751289, 0.71765929, 0.68054152, 0.62906748, 0.64500296, 0.85538101, 0.61583441)
(0.49883103, 0.22441378, 0.38056174, 0.68593907, 0.42512676, 0.47883505, 0.51132733, 0.45513353, 0.59439397, 0.26817140)
(0.90297109, 0.37022850, 0.26038784, 0.37454444, 0.63094831, 0.40215811, 0.87417614, 0.69141191, 0.28975058, 0.53540301)
(0.56398350, 0.66214907, 0.33245331, 0.47866392, 0.42905787, 0.81070548, 0.15859540, 0.19348125, 0.22020437, 0.77433902)
(0.46030897, 0.51435608, 0.44802353, 0.56675828, 0.41444865, 0.59905952, 0.53099847, 0.74158621, 0.70395380, 0.28866684)
(0.86332220, 0.89461321, 0.42182460, 0.76801920, 0.50158244, 0.23093781, 0.58764863, 0.82517898, 0.16046332, 0.47512820)
(0.82305074, 0.35776293, 0.42934909, 0.52668256, 0.44716653, 0.21216580, 0.79221219, 0.77349567, 0.48694029, 0.28613573)
(0.86941040, 0.71458590, 0.39526129, 0.46158838, 0.05963058, 0.14021488, 0.27283174, 0.77146125, 0.29741570, 0.23200735)
(0.69763839, 0.54315978, 0.42826745, 0.86632156, 0.28305823, 0.12443170, 0.49471763, 0.79072154, 0.43655625, 0.11406217)
(0.67627859, 0.67337519, 0.56354368, 0.54455739, 0.54006743, 0.52116674, 0.18585899, 0.15423065, 0.18293495, 0.83177078)
(0.74668169, 0.71990895, 0.55547380, 0.47672805, 0.50582886, 0.40209299, 0.42104232, 0.44723260, 0.24247038, 0.73493391)
(0.91045129, 0.42387214, 0.45261934, 0.38023907, 0.76756108, 0.32614541, 0.84625316, 0.49908960, 0.21901563, 0.74028373)
(0.65720111, 0.60333496, 0.48059523, 0.26865354, 0.44850683, 0.83089912, 0.17368217, 0.13614058, 0.31872886, 0.87460601)
(0.62684059, 0.40464288, 0.74562109, 0.43404442, 0.56092948, 0.34817147, 0.56920040, 0.46081990, 0.64449364, 0.57447356)
(0.56800520, 0.53463888, 0.24835858, 0.74934500, 0.63170880, 0.58259797, 0.70684665, 0.75560272, 0.45537922, 0.28017101)
(0.93172026, 0.36160639, 0.40467018, 0.23308027, 0.10482115, 0.13483676, 0.66647321, 0.80765170, 0.47455311, 0.23948172)
(0.81979251, 0.70625293, 0.77852452, 0.80338341, 0.35885203, 0.05732330, 0.33098647, 0.57385093, 0.27675745, 0.39823449)
(0.58350486, 0.67659974, 0.69697082, 0.35158911, 0.28911933, 0.45298117, 0.39796618, 0.71661943, 0.71566099, 0.45166504)
(0.71589541, 0.70595515, 0.69184405, 0.59504539, 0.79718745, 0.37269869, 0.64444089, 0.51229423, 0.35537389, 0.74012804)
(0.77208948, 0.37578279, 0.35781524, 0.52114618, 0.30639598, 0.29339305, 0.78333783, 0.88218063, 0.67319095, 0.14546956)
(0.76994669, 0.52155286, 0.61858088, 0.64950079, 0.32144037, 0.12639992, 0.42744771, 0.54317135, 0.33224994, 0.38600010)
(0.91147280, 0.35171843, 0.11603880, 0.24600191, 0.15938248, 0.62217271, 0.53074223, 0.48831052, 0.21366671, 0.49400070)
(0.50343663, 0.30529121, 0.48993665, 0.75244492, 0.79879159, 0.60936683, 0.42773104, 0.16158922, 0.35948509, 0.66791898)
(0.77167058, 0.31857517, 0.19499090, 0.71390778, 0.64364773, 0.49679229, 0.66650051, 0.36804566, 0.16724004, 0.52222413)
(0.68471372, 0.55511832, 0.40651226, 0.40924153, 0.37101564, 0.48505023, 0.51178509, 0.59800184, 0.40908769, 0.51887697)
(0.66836596, 0.49377191, 0.44854346, 0.45713484, 0.59645909, 0.47091466, 0.73682189, 0.70952970, 0.52955669, 0.46731985)
