(0.69281280, 0.34886917, 0.27741769, 0.30936235, 0.75576919, 0.36099944, 0.35944575, 0.34640092, 0.49446332, 0.18852326)
(0.49649003, 0.59052938, 0.35325775, 0.23708184, 0.72299784, 0.42812598, 0.22144547, 0.22589235, 0.58632815, 0.17695349)
(0.84255117, 0.41815376, 0.23359202, 0.71223086, 0.66684097, 0.54555750, 0.79849970, 0.29814810, 0.35721380, 0.46123320)
(0.44329557, 0.68649358, 0.22882129, 0.86138970, 0.22767711, 0.66946894, 0.52234364, 0.52475786, 0.67545062, 0.52867097)
(0.64453262, 0.67425191, 0.29246646, 0.82335114, 0.40208775, 0.72871256, 0.74635524, 0.50673598, 0.43741074, 0.62047946)
(0.56382233, 0.59725672, 0.21032335, 0.79729992, 0.22206649, 0.35353392, 0.39718261, 0.12516057, 0.76385117, 0.38663608)
(0.42740905, 0.62508273, 0.43935558, 0.33486739, 0.71852446, 0.68944538, 0.37542227, 0.57647848, 0.36585870, 0.39070642)
(0.37396160, 0.64540267, 0.38103792, 0.24421404, 0.84107965, 0.75443757, 0.29021770, 0.68585533, 0.30007979, 0.31793362)
(0.44137579, 0.68634146, 0.48282227, 0.75607264, 0.29731074, 0.72724682, 0.57459879, 0.65434945, 0.42809698, 0.64313889)
(0.59289098, 0.62035674, 0.31332746, 0.65360534, 0.73503447, 0.85693359, 0.72138500, 0.80099303, 0.20407948, 0.59699070)
(0.78878945, 0.35677463, 0.20428790, 0.73057097, 0.64107007, 0.62297308, 0.78986782, 0.55081838, 0.41211179, 0.43525347)
(0.77853537, 0.61816537, 0.52313435, 0.53595519, 0.61363709, 0.51757020, 0.67936212, 0.14878963, 0.30271822, 0.50856376)
(0.67716336, 0.55011976, 0.22759907, 0.31601006, 0.88091248, 0.64616138, 0.46860832, 0.31865993, 0.37260360, 0.22441016)
(0.42540598, 0.20328414, 0.14193465, 0.46720365, 0.52606803, 0.23194987, 0.11690722, 0.61663455, 0.84081149, 0.08439007)
(0.67262793, 0.48244640, 0.34226298, 0.61704350, 0.63260984, 0.67956567, 0.70756876, 0.57732558, 0.33974403, 0.51779765)
(0.65338761, 0.29680616, 0.47049153, 0.37856358, 0.61965519, 0.36784706, 0.43185678, 0.48574886, 0.42536208, 0.32986581)
(0.34780446, 0.77282619, 0.61885726, 0.30007291, 0.70972562, 0.76014000, 0.32073361, 0.58549857, 0.24685119, 0.50115424)
(0.64251459, 0.19234625, 0.55729949, 0.39226988, 0.61708838, 0.34868774, 0.42622417, 0.63429958, 0.35880369, 0.34246987)
(0.67724395, 0.60731041, 0.76098138, 0.39263153, 0.53654319, 0.42982125, 0.48368159, 0.18594463, 0.26466680, 0.52141362)
(0.61817461, 0.50550872, 0.13696624, 0.41301227, 0.80554694, 0.60201818, 0.42977086, 0.40208134, 0.57209909, 0.19013061)
(0.88808739, 0.36496347, 0.28676659, 0.41294476, 0.82417303, 0.36111689, 0.62145495, 0.17892578, 0.29806614, 0.26242363)
(0.71209049, 0.32908005, 0.44276798, 0.39957771, 0.56312162, 0.25286171, 0.35389844, 0.26902848, 0.50386089, 0.28274810)
(0.50344366, 0.45757705, 0.25746366, 0.19944705, 0.75774318, 0.30038437, 0.13145438, 0.25241625, 0.66290003, 0.09956852)
(0.55136728, 0.61706287, 0.27213302, 0.38765267, 0.71229315, 0.58603621, 0.39890370, 0.29678106, 0.54807466, 0.26755178)
(0.55612898, 0.50862426, 0.41633907, 0.57905126, 0.62511677, 0.74027771, 0.63726091, 0.75783300, 0.28467134, 0.54781753)
(0.62673599, 0.68584424, 0.14944170, 0.43861699, 0.74035323, 0.56397378, 0.39140129, 0.15728228, 0.65542924, 0.18972929)
(0.26262897, 0.56630123, 0.20865257, 0.57632154, 0.68764293, 0.83775330, 0.28070673, 0.94269341, 0.44349939, 0.32430947)
(0.63604403, 0.30671448, 0.35025615, 0.63113600, 0.44769919, 0.43985328, 0.55657333, 0.55503660, 0.56460387, 0.37688780)
(0.72490036, 0.49269053, 0.51501703, 0.19236881, 0.73019862, 0.21154399, 0.19255306, 0.08436179, 0.47621030, 0.15361188)
(0.72345346, 0.51884657, 0.26741141, 0.62879974, 0.76698834, 0.77924412, 0.76301879, 0.62881136, 0.24626371, 0.51941490)
(0.92510575, 0.52149969, 0.47457793, 0.60389364, 0.64945084, 0.29422981, 0.70088941, 0.04510795, 0.28457329, 0.41522270)
(0.77931780, 0.51711082, 0.33378032, 0.50596780, 0.80395925, 0.66594613, 0.70986056, 0.34786785, 0.25523156, 0.43372655)
(0.59435594, 0.75153571, 0.17318384, 0.49636230, 0.55526525, 0.39309534, 0.27110073, 0.04833258, 0.76337171, 0.18658534)
(0.68332398, 0.48210323, 0.41495240, 0.50268811, 0.62066936, 0.52951807, 0.60812914, 0.35440317, 0.39984986, 0.44000790)
(0.87067491, 0.55937469, 0.44225454, 0.79950625, 0.64849347, 0.71174622, 0.90999866, 0.34476668, 0.11359210, 0.74096572)
(0.75557089, 0.37071681, 0.10929310, 0.75761628, 0.66934651, 0.66386336, 0.74866039, 0.59128034, 0.54492122, 0.32276502)
(0.50472134, 0.37903216, 0.24012974, 0.49063143, 0.49637321, 0.37147644, 0.29005191, 0.43276757, 0.72417647, 0.21024619)
(0.66417497, 0.42100674, 0.26752242, 0.64134145, 0.56242371, 0.58408338, 0.65441030, 0.51866657, 0.50863492, 0.40987763)
(0.78101414, 0.31762505, 0.23140910, 0.53049058, 0.72659922, 0.49171531, 0.64257634, 0.44860700, 0.42503378, 0.30197507)
(0.83619452, 0.26343739, 0.35921887, 0.85297990, 0.43769944, 0.51216269, 0.84596264, 0.57707953, 0.29551777, 0.59850818)
(0.61407167, 0.57973182, 0.30354261, 0.32938021, 0.71819431, 0.47589821, 0.36247045, 0.20813879, 0.54957634, 0.22041716)
(0.27577579, 0.65306467, 0.18937483, 0.32035744, 0.62839973, 0.49741763, 0.12209400, 0.36877412, 0.77429521, 0.14209014)
(0.78206277, 0.41474134, 0.44809169, 0.45736066, 0.72528821, 0.49511415, 0.65639228, 0.32006335, 0.28300068, 0.42220378)
(0.73017621, 0.29857928, 0.27158311, 0.51855850, 0.72800106, 0.56153822, 0.65551549, 0.58691722, 0.39263386, 0.33862206)
(0.79936123, 0.34926772, 0.51152653, 0.78212762, 0.31746784, 0.32120883, 0.68380022, 0.25248834, 0.37133378, 0.58827883)
(0.93263680, 0.17092256, 0.16298607, 0.88795954, 0.68474823, 0.60158581, 0.93433052, 0.63908756, 0.22758317, 0.50707579)
(0.59507978, 0.52480865, 0.26933402, 0.23735459, 0.83542252, 0.51181239, 0.30624586, 0.29057518, 0.48354957, 0.16923648)
(0.71669102, 0.43038425, 0.28745076, 0.89617914, 0.32941899, 0.66346085, 0.81043816, 0.67644358, 0.40804067, 0.63930678)
(0.79725593, 0.28219929, 0.50847918, 0.35904408, 0.71297073, 0.30823627, 0.49998116, 0.32517275, 0.29522118, 0.32870123)
(0.54907984, 0.56937069, 0.17403497, 0.51455331, 0.73360163, 0.69749433, 0.49785933, 0.52098954, 0.52864510, 0.29755521)
(0.63254511, 0.89697713, 0.49461856, 0.63504857, 0.56680542, 0.76327270, 0.62410790, 0.14009710, 0.30355686, 0.61441994)
(0.60886520, 0.29273579, 0.40759945, 0.83873129, 0.16342588, 0.28444314, 0.50812870, 0.39135447, 0.62456447, 0.52332562)
(0.61852819, 0.49853939, 0.18132058, 0.57635808, 0.69230157, 0.66615599, 0.58690149, 0.52408749, 0.52628583, 0.32846901)
(0.41434464, 0.69526160, 0.21060075, 0.64101374, 0.37661907, 0.51846051, 0.32331464, 0.21783997, 0.74770749, 0.33145922)
(0.69529963, 0.45244998, 0.26687765, 0.55855715, 0.66822684, 0.58198732, 0.64084768, 0.42315048, 0.44667932, 0.38870093)
(0.54658389, 0.67553270, 0.24607538, 0.56570452, 0.74601221, 0.82372063, 0.61162996, 0.61365163, 0.34104535, 0.45885885)
(0.56199419, 0.65063041, 0.72683245, 0.67283219, 0.39469323, 0.67161781, 0.64795023, 0.59391654, 0.16883358, 0.77562547)
(0.56459492, 0.12034489, 0.48737881, 0.33631042, 0.59924418, 0.19789740, 0.18487605, 0.68922979, 0.53962761, 0.18916170)
(0.72893202, 0.42243892, 0.63738042, 0.56855994, 0.42690140, 0.33445621, 0.54619914, 0.24119063, 0.35957193, 0.51652962)
(0.77079284, 0.69568396, 0.30763885, 0.45329732, 0.89186835, 0.80079931, 0.69660103, 0.29627326, 0.18340746, 0.42439866)
(0.58749717, 0.38796991, 0.11394761, 0.74024642, 0.60116887, 0.68195635, 0.59563196, 0.74629539, 0.63396698, 0.28681535)
(0.78220844, 0.11789807, 0.41830945, 0.59361649, 0.59631658, 0.32663050, 0.61143011, 0.67761618, 0.34893605, 0.33742267)
(0.92361659, 0.21748015, 0.20106640, 0.48750463, 0.75927359, 0.17843686, 0.50708026, 0.13822798, 0.42927480, 0.17684764)
(0.86861682, 0.33833599, 0.24452366, 0.71297491, 0.67648351, 0.51488298, 0.81969726, 0.34613129, 0.32402015, 0.45484558)
(0.62197357, 0.43321535, 0.39452460, 0.35839725, 0.68906415, 0.48538387, 0.45798919, 0.40655902, 0.43848759, 0.31791469)
(0.61356211, 0.35785204, 0.23519221, 0.46007720, 0.64745778, 0.47472036, 0.43653828, 0.50930864, 0.59395456, 0.23348919)
(0.68501961, 0.55477607, 0.74141514, 0.69644815, 0.40352708, 0.57140344, 0.70895648, 0.44412291, 0.16386822, 0.75445020)
(0.87626815, 0.58325398, 0.53465933, 0.67395723, 0.60365498, 0.50641304, 0.82119703, 0.12273432, 0.18684728, 0.61432463)
(0.59191728, 0.45544478, 0.30820233, 0.51492918, 0.69659007, 0.69294769, 0.60104042, 0.67403698, 0.37803707, 0.41816363)
(0.45194316, 0.72067511, 0.43798366, 0.53192276, 0.52598834, 0.73309600, 0.50848746, 0.48328808, 0.43157855, 0.51023054)
(0.82374734, 0.46968848, 0.45176318, 0.42868415, 0.85461819, 0.64994007, 0.72891188, 0.34210956, 0.15591441, 0.45014215)
(0.42822808, 0.94347000, 0.14456072, 0.62409770, 0.62224019, 0.78549492, 0.32189354, 0.10036216, 0.68624216, 0.30729514)
(0.50469697, 0.45676222, 0.51592171, 0.29454663, 0.54714882, 0.31065810, 0.22736402, 0.27560881, 0.57155180, 0.25445694)
(0.46866179, 0.53371942, 0.16664304, 0.79562056, 0.58604401, 0.85631937, 0.63617754, 0.91593450, 0.41572323, 0.48718113)
(0.61610270, 0.89114660, 0.61828190, 0.62220657, 0.52558881, 0.76183045, 0.63355058, 0.16806377, 0.23700391, 0.68119925)
(0.43682367, 0.89828813, 0.27113569, 0.33547089, 0.75977451, 0.71579844, 0.24523278, 0.11137696, 0.56430805, 0.23881456)
(0.54317510, 0.62340039, 0.46177512, 0.48162168, 0.67583519, 0.73520005, 0.57747263, 0.58033544, 0.28265303, 0.53693908)
(0.61450136, 0.36203265, 0.26455286, 0.49677128, 0.65484107, 0.55363679, 0.53154278, 0.58526266, 0.52124429, 0.30441463)
(0.67845964, 0.22263032, 0.55185407, 0.37943885, 0.56243169, 0.24902487, 0.34918174, 0.45251971, 0.43407047, 0.30751216)
(0.84270012, 0.30764943, 0.10669162, 0.30896974, 0.89797926, 0.36534631, 0.41868475, 0.25447986, 0.46858448, 0.10146187)
(0.57751876, 0.35862038, 0.42394111, 0.61865222, 0.61063749, 0.69000161, 0.62211704, 0.84647721, 0.26852128, 0.52676588)
(0.92099917, 0.43036917, 0.30386722, 0.82866263, 0.52610999, 0.40174174, 0.85071689, 0.11323930, 0.30799979, 0.56560743)
(0.63231373, 0.31463942, 0.22781821, 0.38328582, 0.67289728, 0.35944524, 0.32205209, 0.43508565, 0.62755483, 0.16250345)
(0.67343014, 0.31091690, 0.12687941, 0.59897941, 0.63681644, 0.48067471, 0.48080122, 0.53319830, 0.68368566, 0.18368320)
(0.67660338, 0.43448153, 0.28579637, 0.46453178, 0.70623499, 0.54188442, 0.56100857, 0.41061798, 0.44772688, 0.33481631)
(0.84687275, 0.62414122, 0.18629214, 0.38735241, 0.82228613, 0.40458429, 0.46846601, 0.06043617, 0.49695161, 0.16884434)
(0.65956765, 0.48568863, 0.63749832, 0.50707889, 0.63523847, 0.64169234, 0.67687410, 0.57683629, 0.17321461, 0.62043369)
(0.61044437, 0.36903024, 0.09831516, 0.68124092, 0.63616359, 0.60003269, 0.53323627, 0.62665451, 0.69880980, 0.21321967)
(0.57291019, 0.45223904, 0.64206761, 0.21482758, 0.61908174, 0.27619976, 0.20161942, 0.22036092, 0.46547535, 0.24617431)
(0.60911316, 0.55820477, 0.35015988, 0.51950401, 0.52676725, 0.49895766, 0.50470394, 0.27556512, 0.56580722, 0.37583914)
(0.54765570, 0.40625310, 0.12135125, 0.48650482, 0.63159508, 0.42193383, 0.27750948, 0.41627726, 0.77388489, 0.12836200)
(0.74316591, 0.55565238, 0.20144321, 0.77727878, 0.58984727, 0.69547200, 0.78176475, 0.46671987, 0.42421556, 0.51897228)
(0.79495716, 0.77437663, 0.34301946, 0.74166501, 0.66592860, 0.73709321, 0.81198829, 0.19399589, 0.23146510, 0.63635349)
(0.88545567, 0.17762472, 0.26598844, 0.74599403, 0.64747423, 0.44942540, 0.83067089, 0.53183168, 0.30292797, 0.41654837)
(0.55827904, 0.82036084, 0.15152110, 0.41451991, 0.65105891, 0.45708966, 0.23652327, 0.04027062, 0.77245629, 0.14641857)
(0.83134544, 0.29894367, 0.65646154, 0.51969874, 0.66741806, 0.42671692, 0.72302085, 0.38529715, 0.15607040, 0.55240738)
(0.83624291, 0.18956858, 0.26731902, 0.68189335, 0.67065483, 0.49295515, 0.77902353, 0.62372357, 0.33770573, 0.38254699)
(0.59380579, 0.47281271, 0.24420080, 0.52256340, 0.64369714, 0.59439814, 0.53696418, 0.48634499, 0.54267401, 0.32978243)
(0.73590428, 0.21419285, 0.21808459, 0.33575442, 0.72906619, 0.24721558, 0.28583691, 0.39472404, 0.59298068, 0.11645238)
(0.76059324, 0.35089710, 0.27614030, 0.43182838, 0.86185139, 0.66695607, 0.67513478, 0.55719376, 0.24683897, 0.34671435)
(0.82430142, 0.06910288, 0.18241069, 0.69493419, 0.59521782, 0.25980216, 0.56498319, 0.73235774, 0.54458988, 0.17577104)
(0.76942641, 0.51402253, 0.45657960, 0.67290151, 0.58366150, 0.62007344, 0.79529381, 0.37262732, 0.24142236, 0.61861122)
(0.86758190, 0.38813907, 0.42625049, 0.57122642, 0.80973166, 0.63071871, 0.82917601, 0.40185386, 0.13604060, 0.53627080)
(0.75295210, 0.23705590, 0.50591254, 0.27174780, 0.82841188, 0.41818804, 0.49806347, 0.53675741, 0.21905367, 0.30994323)
(0.24478719, 0.68387765, 0.27002296, 0.57167166, 0.27636218, 0.40136302, 0.12219641, 0.21011636, 0.81373161, 0.28354716)
(0.88628483, 0.46790603, 0.38787854, 0.64251089, 0.62514156, 0.40483943, 0.75393569, 0.12844086, 0.31794235, 0.46425906)
(0.70674270, 0.73932606, 0.51626402, 0.44453290, 0.83813411, 0.81036121, 0.68401635, 0.38183597, 0.12893100, 0.57096851)
(0.83141291, 0.61214471, 0.25221038, 0.59505260, 0.80680776, 0.66958678, 0.76478118, 0.19760926, 0.27669665, 0.43357003)
(0.68766433, 0.55225205, 0.35219887, 0.55671066, 0.57418954, 0.52559114, 0.60262740, 0.25810310, 0.48408857, 0.41771930)
(0.69079006, 0.45221460, 0.34969202, 0.51863402, 0.55262434, 0.42333072, 0.52123404, 0.29067531, 0.52154171, 0.36337671)
(0.52268356, 0.43887016, 0.20498842, 0.64519405, 0.66855830, 0.77618551, 0.59239054, 0.85851717, 0.42586815, 0.39883330)
(0.81939709, 0.70608491, 0.74979424, 0.83108073, 0.51979500, 0.77279627, 0.89979172, 0.44459736, 0.04482741, 0.88211060)
(0.85924071, 0.37212303, 0.08618792, 0.87213522, 0.75989097, 0.81189805, 0.90271646, 0.75062960, 0.29532006, 0.47731870)
(0.75568509, 0.46177706, 0.32557571, 0.67587471, 0.51765817, 0.49209514, 0.70232469, 0.28766891, 0.45315012, 0.48538849)
(0.59816313, 0.71153146, 0.33563244, 0.54636252, 0.72979105, 0.78772360, 0.62962830, 0.45191044, 0.30401367, 0.50859404)
(0.88345969, 0.07439842, 0.46599236, 0.93328393, 0.25693065, 0.24774417, 0.80518496, 0.70368010, 0.32252562, 0.58342564)
(0.50552899, 0.42718822, 0.26267835, 0.48450100, 0.61749148, 0.57291251, 0.43514493, 0.60959524, 0.58270973, 0.29251006)
(0.58004290, 0.72151852, 0.27443215, 0.62024778, 0.71273345, 0.83330709, 0.66821188, 0.55296737, 0.30946282, 0.52747589)
(0.81663811, 0.59689820, 0.57819331, 0.39239976, 0.80925602, 0.58439749, 0.66992909, 0.18366355, 0.16701326, 0.47139671)
(0.64082593, 0.77073902, 0.82386988, 0.63982022, 0.47026110, 0.73007476, 0.71417040, 0.43428063, 0.08924323, 0.82078516)
(0.56749523, 0.69458395, 0.19900957, 0.46311364, 0.55901718, 0.40693817, 0.28191260, 0.08558101, 0.73958415, 0.20110063)
(0.66207832, 0.40455571, 0.20670648, 0.61151946, 0.47744432, 0.36779413, 0.43574956, 0.28216749, 0.68893671, 0.26065880)
(0.62460262, 0.36374140, 0.39012557, 0.54999650, 0.49397486, 0.45880705, 0.54398042, 0.49323991, 0.52512890, 0.39305469)
(0.74244863, 0.66608757, 0.41467327, 0.78793395, 0.49872944, 0.70383483, 0.82120931, 0.36465162, 0.23705103, 0.71085018)
(0.84083974, 0.34437340, 0.52767390, 0.42683417, 0.69802028, 0.32987019, 0.59958631, 0.23044561, 0.26095635, 0.38688800)
(0.46351826, 0.72880834, 0.35163072, 0.61338240, 0.78367108, 0.91642380, 0.65009832, 0.89019334, 0.14101967, 0.63208908)
(0.73016840, 0.12496980, 0.27775857, 0.80855614, 0.24680440, 0.15048100, 0.41142312, 0.43397364, 0.71835303, 0.30121261)
(0.61397552, 0.56944150, 0.74992293, 0.46724978, 0.63702399, 0.67795599, 0.63333583, 0.60073459, 0.11912268, 0.68126899)
(0.80464023, 0.46513143, 0.54919147, 0.66057688, 0.56676704, 0.54597712, 0.78970486, 0.33688179, 0.20324324, 0.62572187)
(0.69255811, 0.24265860, 0.29678631, 0.70728177, 0.25384265, 0.13073008, 0.27950785, 0.16274084, 0.74251974, 0.29926613)
(0.76931399, 0.51067609, 0.14368206, 0.81717783, 0.62007213, 0.73459053, 0.81989187, 0.54641581, 0.43583709, 0.48760039)
(0.63429630, 0.60370338, 0.19861892, 0.71030319, 0.67349643, 0.80678838, 0.72716635, 0.64578891, 0.37622455, 0.49676087)
(0.75122821, 0.35860351, 0.36383447, 0.67218447, 0.37420288, 0.27824563, 0.51525497, 0.19541918, 0.56567597, 0.40862381)
(0.76153064, 0.60346299, 0.41135302, 0.44592422, 0.80060709, 0.65327597, 0.65802705, 0.25288081, 0.25141114, 0.43014443)
(0.80425555, 0.35750851, 0.47149888, 0.60845733, 0.63569170, 0.52051097, 0.77006990, 0.43476734, 0.23106314, 0.54569668)
(0.63306731, 0.38199934, 0.10996873, 0.55726361, 0.62653846, 0.44608125, 0.37982267, 0.41576898, 0.75182855, 0.14683828)
(0.87045628, 0.18887058, 0.23223518, 0.88636994, 0.42541307, 0.44036806, 0.85465288, 0.53205431, 0.42642549, 0.48037884)
(0.87622470, 0.08635698, 0.49002209, 0.71295971, 0.48984137, 0.18909591, 0.64296514, 0.51097298, 0.32900444, 0.38853061)
(0.67264706, 0.44665435, 0.25406340, 0.74144524, 0.60668683, 0.74965435, 0.76396203, 0.75408298, 0.34003296, 0.53854531)
(0.78667957, 0.78951472, 0.48146820, 0.46571648, 0.79105973, 0.68445474, 0.67765510, 0.09353026, 0.21334438, 0.48164353)
(0.56282699, 0.61315674, 0.15976459, 0.50787598, 0.82894051, 0.80727404, 0.55206478, 0.63393092, 0.38562968, 0.33144128)
(0.88638502, 0.08502417, 0.37446141, 0.79543483, 0.55649126, 0.33481523, 0.80735481, 0.68425745, 0.26524809, 0.42932606)
(0.94287217, 0.28489226, 0.47795543, 0.40337160, 0.76545995, 0.13942361, 0.50261033, 0.06300044, 0.25205001, 0.24917743)
(0.74797028, 0.53984600, 0.42707169, 0.36003080, 0.87518233, 0.71821964, 0.64573830, 0.39528099, 0.17528485, 0.40694350)
(0.77605212, 0.33403739, 0.31552491, 0.42553669, 0.81138724, 0.54151475, 0.63989347, 0.44582322, 0.29627025, 0.33640453)
(0.60872573, 0.29246816, 0.39789283, 0.29818076, 0.68854171, 0.34948450, 0.32013312, 0.49175906, 0.48039669, 0.22557269)
(0.58907360, 0.90272141, 0.26580054, 0.80302048, 0.56650645, 0.89024544, 0.72699124, 0.40064862, 0.31722939, 0.65463006)
(0.59441537, 0.40557334, 0.31190553, 0.54111117, 0.40964317, 0.30353424, 0.34305918, 0.24539384, 0.67087746, 0.30236092)
(0.81205863, 0.29986468, 0.29629198, 0.56313032, 0.76818663, 0.57662302, 0.75720829, 0.52659792, 0.27254444, 0.41188928)
(0.70641005, 0.33490452, 0.13936731, 0.28561139, 0.80761641, 0.30815950, 0.25071204, 0.27590758, 0.64048654, 0.08684506)
(0.76511782, 0.32088715, 0.24494952, 0.41544783, 0.60008341, 0.19206610, 0.27676037, 0.15423064, 0.63989633, 0.16487159)
(0.71842402, 0.52867603, 0.44829065, 0.56973940, 0.50078821, 0.43442550, 0.58050305, 0.20137919, 0.46511668, 0.44992313)
(0.89209992, 0.28838938, 0.27785566, 0.62942088, 0.82353520, 0.59312493, 0.84886551, 0.45639005, 0.17638540, 0.46193570)
(0.77474767, 0.51543885, 0.08808209, 0.50766557, 0.64806980, 0.24139841, 0.26317888, 0.05640993, 0.78036779, 0.10597175)
(0.61204576, 0.48516458, 0.76401466, 0.37530023, 0.66009951, 0.59180790, 0.55397648, 0.55474710, 0.14873894, 0.59299010)
(0.78210068, 0.35736784, 0.35218289, 0.44923791, 0.79830456, 0.55806446, 0.67253590, 0.42474645, 0.27532038, 0.37841859)
(0.83010995, 0.48233309, 0.26279050, 0.69391859, 0.77920067, 0.74736863, 0.84641701, 0.51156092, 0.19547802, 0.56447655)
(0.35282525, 0.25277817, 0.21806204, 0.68764138, 0.28495952, 0.29525575, 0.19210082, 0.68325585, 0.82275546, 0.23154870)
(0.58027542, 0.26006985, 0.37298769, 0.67032534, 0.30000055, 0.26483575, 0.38653126, 0.43423575, 0.67237329, 0.36459446)
(0.65435386, 0.44378975, 0.19156176, 0.63392121, 0.67400748, 0.68772107, 0.66395801, 0.62205839, 0.47692636, 0.37370715)
(0.94041824, 0.11948707, 0.36142451, 0.79192901, 0.49740312, 0.17412557, 0.76126295, 0.26359248, 0.31620780, 0.40112343)
(0.68738246, 0.61546499, 0.41471705, 0.55722797, 0.70963639, 0.73102063, 0.70506155, 0.44415331, 0.24980049, 0.55546117)
(0.78024036, 0.64381027, 0.74621719, 0.35794538, 0.80769461, 0.65441340, 0.66657221, 0.25218445, 0.08888955, 0.57796788)
(0.84340930, 0.30366966, 0.19554636, 0.65072048, 0.61100495, 0.35932788, 0.63899827, 0.27730894, 0.52640450, 0.28355199)
(0.79881650, 0.20539355, 0.31641248, 0.77998513, 0.47123823, 0.44644910, 0.76951927, 0.59366459, 0.42181450, 0.44930497)
(0.95066917, 0.19189644, 0.47372967, 0.35967016, 0.90863347, 0.29802734, 0.73518980, 0.22208850, 0.08789958, 0.31724435)
(0.87272316, 0.26300427, 0.40039533, 0.25970486, 0.85751218, 0.27738905, 0.47984633, 0.24017176, 0.24405836, 0.21446568)
(0.66270447, 0.46609333, 0.28403905, 0.57763773, 0.53408587, 0.48152232, 0.55600721, 0.33687299, 0.56897646, 0.36059153)
(0.72244555, 0.42114225, 0.25533611, 0.88282186, 0.32650292, 0.60767871, 0.78235841, 0.58735454, 0.49956003, 0.57040191)
(0.49182341, 0.10104077, 0.40197343, 0.48811921, 0.47329700, 0.17392729, 0.14939116, 0.76848537, 0.68237865, 0.18035443)
(0.72901678, 0.49981219, 0.45337132, 0.42959425, 0.78945380, 0.65531486, 0.65830654, 0.43982637, 0.21409124, 0.46295330)
(0.69789255, 0.30693221, 0.47700906, 0.63040805, 0.70931840, 0.72124135, 0.73339570, 0.86531556, 0.14182395, 0.58711594)
(0.90315378, 0.28964055, 0.39990237, 0.58284801, 0.80290878, 0.50296670, 0.83695722, 0.34708872, 0.14819047, 0.48806718)
(0.66100055, 0.60096908, 0.38852423, 0.75839537, 0.32986104, 0.49759296, 0.62448901, 0.24106348, 0.49419096, 0.57115161)
(0.57024419, 0.74993908, 0.52347392, 0.28560182, 0.87363625, 0.80646092, 0.48054594, 0.45412475, 0.15475950, 0.45084500)
(0.62387210, 0.40653622, 0.08058383, 0.67679733, 0.59629899, 0.52946907, 0.46050242, 0.47081378, 0.77557009, 0.16702738)
(0.65555906, 0.47594690, 0.20968978, 0.66227466, 0.62243974, 0.67176652, 0.67500532, 0.56562269, 0.48881534, 0.40818343)
(0.63284773, 0.34862277, 0.43861818, 0.27224812, 0.69545907, 0.32907590, 0.31267577, 0.36323056, 0.45542783, 0.23408870)
(0.57169122, 0.07721689, 0.44347659, 0.59088010, 0.41654706, 0.15080349, 0.21021788, 0.76286024, 0.63701290, 0.22953519)
(0.54002583, 0.51273817, 0.39489233, 0.86168987, 0.17585613, 0.50384444, 0.59303308, 0.48000613, 0.55097491, 0.62705308)
(0.58784211, 0.52552128, 0.54852414, 0.86946267, 0.16424412, 0.47732261, 0.63478577, 0.45261797, 0.39505646, 0.72401386)
(0.69330376, 0.42869842, 0.35223243, 0.40116501, 0.76693296, 0.56162608, 0.56241202, 0.40439671, 0.36059481, 0.33970264)
(0.67531848, 0.58409387, 0.15638353, 0.53371286, 0.82815909, 0.75074637, 0.62445748, 0.46507922, 0.38491136, 0.33662492)
(0.71948677, 0.63227582, 0.37927413, 0.53553289, 0.74697655, 0.71364480, 0.69989377, 0.34052032, 0.26269600, 0.50402522)
(0.52913642, 0.38034624, 0.29270938, 0.61472905, 0.43294111, 0.47736788, 0.45866758, 0.55433798, 0.65447718, 0.33695355)
(0.76900321, 0.31169432, 0.14215827, 0.62070584, 0.63947189, 0.43685398, 0.57097429, 0.40709376, 0.61962950, 0.21621180)
(0.69730657, 0.43791944, 0.47904429, 0.71914697, 0.38001612, 0.48279148, 0.68176454, 0.40981135, 0.39321953, 0.58616865)
(0.66544300, 0.60033256, 0.25486755, 0.46582985, 0.77921480, 0.66805834, 0.56741923, 0.33143196, 0.40344378, 0.34146360)
(0.84690744, 0.29773673, 0.18794675, 0.73577261, 0.57388753, 0.42292541, 0.73513359, 0.34098774, 0.50879532, 0.34013748)
(0.60915738, 0.80670762, 0.62905651, 0.36214262, 0.77699983, 0.76174128, 0.52601534, 0.28402954, 0.17098399, 0.54107815)
(0.83665687, 0.40097204, 0.49511555, 0.66001499, 0.65126270, 0.58015800, 0.83499569, 0.41766244, 0.16561590, 0.61851525)
(0.74455780, 0.08473101, 0.25369951, 0.70823008, 0.52107245, 0.29680690, 0.54719406, 0.77956635, 0.53476346, 0.24128097)
(0.75506055, 0.40395668, 0.53718591, 0.19367614, 0.83790863, 0.37078854, 0.38455671, 0.24249999, 0.26220816, 0.24178083)
(0.37838930, 0.72295183, 0.10877396, 0.61785215, 0.77161556, 0.90101683, 0.48985642, 0.83125252, 0.47265500, 0.31594732)
(0.66039211, 0.37001246, 0.20060113, 0.47777843, 0.74045610, 0.57808822, 0.54841405, 0.55672783, 0.50297803, 0.26229134)
(0.78651363, 0.70132893, 0.40071455, 0.85829175, 0.50970852, 0.78069746, 0.88703573, 0.41903099, 0.16150036, 0.78485560)
(0.62393844, 0.49033317, 0.27772108, 0.49389425, 0.68429071, 0.60348779, 0.55972683, 0.44965899, 0.46576706, 0.36211580)
(0.59908128, 0.24524525, 0.52640611, 0.65240067, 0.35799402, 0.34800926, 0.48363286, 0.60507029, 0.50704926, 0.46818587)
(0.75846893, 0.54356986, 0.37395018, 0.62318361, 0.72366667, 0.72630727, 0.78184360, 0.47926643, 0.21379045, 0.58149517)
(0.77595621, 0.41074589, 0.44304702, 0.59819067, 0.54079396, 0.43386021, 0.67603219, 0.29152474, 0.37538156, 0.48023468)
(0.86456037, 0.10106337, 0.58589035, 0.58860618, 0.62127900, 0.24830297, 0.64680201, 0.55757213, 0.20788246, 0.41943616)
(0.83824521, 0.54722512, 0.27403992, 0.68168509, 0.72836012, 0.65125173, 0.81696832, 0.26226375, 0.26984298, 0.52110064)
(0.80094880, 0.44904530, 0.25934392, 0.61529225, 0.65265054, 0.49717435, 0.70022976, 0.27112344, 0.42257342, 0.39928943)
(0.80844647, 0.58908302, 0.55932975, 0.59628767, 0.56323493, 0.48907930, 0.72292554, 0.15015984, 0.26385438, 0.56347775)
(0.83041012, 0.54089272, 0.07209343, 0.91809368, 0.42792183, 0.58569241, 0.80054498, 0.25101301, 0.69347525, 0.37139845)
(0.74574912, 0.27465495, 0.39717093, 0.35328814, 0.64781725, 0.24127792, 0.34981686, 0.30211467, 0.47088906, 0.23465604)
(0.62744129, 0.42558229, 0.09718717, 0.44025853, 0.84006876, 0.64048648, 0.45525327, 0.54036993, 0.58191568, 0.15732211)
(0.43868783, 0.47538438, 0.33917308, 0.48343119, 0.69156516, 0.74470270, 0.45208699, 0.84668732, 0.35872820, 0.40089437)
(0.80213529, 0.47496185, 0.52035236, 0.49177325, 0.72129619, 0.54167575, 0.71364206, 0.28694353, 0.21689636, 0.50034153)
(0.58169979, 0.60013193, 0.66593599, 0.79789448, 0.24829768, 0.56118882, 0.64219481, 0.49415806, 0.27343944, 0.76128310)
(0.66645777, 0.51114452, 0.15170749, 0.91931826, 0.24699517, 0.62264276, 0.72498614, 0.51535606, 0.67589945, 0.50285840)
(0.88231695, 0.31213298, 0.52899283, 0.86989897, 0.29577401, 0.29355344, 0.78740668, 0.21841475, 0.27424750, 0.65716368)
(0.74806565, 0.56029546, 0.12407056, 0.47830278, 0.84157097, 0.62125319, 0.56140584, 0.24552213, 0.48968142, 0.21943939)
(0.90019774, 0.35384482, 0.43748251, 0.59369057, 0.80026162, 0.55554783, 0.84830910, 0.32318828, 0.13056286, 0.53385717)
(0.58353633, 0.36808759, 0.45002896, 0.68667752, 0.25430843, 0.28351220, 0.40369961, 0.26763514, 0.61196017, 0.44706711)
(0.93988574, 0.14163950, 0.12347865, 0.79726416, 0.67100978, 0.28764051, 0.78319877, 0.32303631, 0.44508448, 0.23991320)
(0.77928072, 0.63768303, 0.54572588, 0.60047776, 0.64406657, 0.63930690, 0.77257419, 0.22548024, 0.19556184, 0.61489177)
(0.39908171, 0.72601932, 0.21042952, 0.27321541, 0.77086496, 0.59465516, 0.20099080, 0.26184663, 0.64659870, 0.16062863)
(0.55307430, 0.45211789, 0.52123773, 0.31050631, 0.55965787, 0.32896909, 0.27873746, 0.27858457, 0.53536266, 0.27766711)
(0.94941902, 0.12541419, 0.43648773, 0.58892584, 0.70553797, 0.14614782, 0.67508769, 0.20306927, 0.20088428, 0.33444110)
(0.75499576, 0.26776072, 0.45180640, 0.80790454, 0.29470548, 0.34835395, 0.68279576, 0.43373945, 0.44832677, 0.54730189)
(0.78554726, 0.21686789, 0.38919494, 0.46804550, 0.68234736, 0.36720705, 0.58466852, 0.51281297, 0.34916711, 0.32564336)
(0.70204526, 0.70125693, 0.53995317, 0.48495948, 0.77198470, 0.76293218, 0.69244796, 0.36984956, 0.15786189, 0.58663344)
(0.70257419, 0.60754699, 0.58382386, 0.72236979, 0.30520678, 0.40898278, 0.58773077, 0.15239318, 0.38258165, 0.61084938)
(0.77560645, 0.20413572, 0.33796281, 0.43427712, 0.71711630, 0.37031451, 0.54474270, 0.55259556, 0.38260883, 0.27338958)
(0.82618117, 0.34378159, 0.31388631, 0.66623455, 0.60560626, 0.46163115, 0.75189924, 0.34709507, 0.36677000, 0.45016351)
(0.78887469, 0.38074973, 0.11521866, 0.60888374, 0.66565794, 0.42588460, 0.55169803, 0.27691203, 0.64656019, 0.19377124)
(0.77934808, 0.47406271, 0.57187557, 0.59593064, 0.71236676, 0.69076025, 0.80591941, 0.54852319, 0.11380771, 0.66263568)
(0.65486550, 0.34104452, 0.36611810, 0.55348730, 0.57800639, 0.52454692, 0.61118042, 0.57445425, 0.44905761, 0.40759918)
(0.77792639, 0.41075549, 0.26041639, 0.84706503, 0.56741148, 0.75105321, 0.86494941, 0.74036127, 0.24672855, 0.64126939)
(0.72773129, 0.77545923, 0.43073368, 0.40204212, 0.88036990, 0.81220412, 0.64913648, 0.26065695, 0.15448585, 0.47405231)
(0.70825797, 0.24133779, 0.19522335, 0.92277056, 0.15360071, 0.31260571, 0.62297273, 0.42987877, 0.73429275, 0.41110256)
(0.69723761, 0.13868952, 0.52054113, 0.73040336, 0.38486287, 0.29221833, 0.53203762, 0.72317863, 0.42044663, 0.45863718)
(0.79141670, 0.41472781, 0.12248715, 0.82034945, 0.51834887, 0.55622840, 0.75677824, 0.37470722, 0.62047273, 0.35641205)
(0.41899699, 0.15356183, 0.41110796, 0.59820402, 0.41334954, 0.30320561, 0.20187463, 0.86117268, 0.62040651, 0.26658070)
(0.88674688, 0.20314491, 0.34320235, 0.81203103, 0.28522456, 0.11012426, 0.52048934, 0.09123951, 0.55294335, 0.40214384)
(0.73351449, 0.38362625, 0.32115042, 0.80483317, 0.45317030, 0.61943310, 0.78804779, 0.62212324, 0.37844250, 0.57294220)
(0.62684977, 0.43274841, 0.60222709, 0.16571563, 0.81725508, 0.43087465, 0.30519494, 0.35083923, 0.27910140, 0.26072088)
(0.73732322, 0.42730460, 0.34571707, 0.41217101, 0.83583158, 0.65727884, 0.64521551, 0.46714121, 0.25217864, 0.37501428)
(0.19388872, 0.82434642, 0.09171595, 0.58193791, 0.42134845, 0.56209141, 0.09928516, 0.19078137, 0.88256431, 0.17764688)
(0.62344152, 0.54352331, 0.84152228, 0.36806509, 0.71142137, 0.66058910, 0.57409358, 0.60989934, 0.07393537, 0.67644477)
(0.82583702, 0.22238046, 0.10471115, 0.65220523, 0.84599125, 0.68715000, 0.78674358, 0.75059664, 0.36449996, 0.26579937)
(0.53152412, 0.41861513, 0.34581298, 0.87059522, 0.15299788, 0.43308166, 0.54573613, 0.49489799, 0.63809437, 0.55873567)
(0.79219002, 0.54950023, 0.56646931, 0.54990572, 0.54230571, 0.40922275, 0.62981206, 0.14385426, 0.33214182, 0.49691436)
(0.76958466, 0.27843267, 0.38871691, 0.42139989, 0.61383742, 0.25687376, 0.41737640, 0.30022773, 0.46628696, 0.27449891)
(0.69483155, 0.26616168, 0.37734744, 0.49867707, 0.57581252, 0.38745177, 0.52297014, 0.51853848, 0.47573918, 0.32735059)
(0.74234402, 0.45310381, 0.32192335, 0.67474568, 0.59128433, 0.61193836, 0.75543118, 0.46164593, 0.36162826, 0.52380592)
(0.67637289, 0.45601484, 0.35800543, 0.42712271, 0.60501546, 0.39659292, 0.44278866, 0.26859373, 0.52428597, 0.30187055)
(0.91455960, 0.08789331, 0.41354051, 0.87455016, 0.41854149, 0.27578327, 0.84529060, 0.55887496, 0.27534261, 0.50715399)
(0.68951017, 0.64057338, 0.47845316, 0.36568576, 0.77553481, 0.62865591, 0.54645431, 0.24228412, 0.28845847, 0.39884990)
(0.79731971, 0.28217718, 0.17418066, 0.73827690, 0.53875327, 0.44574803, 0.68873870, 0.44925827, 0.58165586, 0.30783522)
(0.70521718, 0.54154038, 0.38781193, 0.52482182, 0.66455507, 0.59269989, 0.64582622, 0.32509774, 0.36366081, 0.45599213)
(0.70101833, 0.34254462, 0.46628997, 0.54325247, 0.56930596, 0.47591969, 0.63932562, 0.49031574, 0.35918137, 0.47090873)
(0.69646037, 0.15674815, 0.35355437, 0.46502164, 0.61025548, 0.30456820, 0.43018097, 0.63248688, 0.49069226, 0.23975414)
(0.70377576, 0.27323240, 0.27037475, 0.38845503, 0.73760462, 0.42837557, 0.46777123, 0.52908772, 0.46986789, 0.22547817)
(0.84154451, 0.43390182, 0.32570678, 0.80601346, 0.53841591, 0.59357768, 0.85898006, 0.38011712, 0.27416235, 0.62089175)
(0.60480577, 0.83754635, 0.35548174, 0.62973833, 0.45576915, 0.58406001, 0.49757177, 0.09212925, 0.55616969, 0.44968078)
(0.85839802, 0.15521379, 0.20130365, 0.67578799, 0.66929120, 0.40102711, 0.72749513, 0.57479537, 0.42723548, 0.27944031)
(0.63935614, 0.35424864, 0.32418931, 0.88439697, 0.14039285, 0.29871038, 0.54836422, 0.30456233, 0.65116334, 0.53029144)
(0.73703504, 0.34867719, 0.51115704, 0.40201056, 0.72019374, 0.48204738, 0.60625476, 0.44453534, 0.26369274, 0.42202738)
(0.66691130, 0.31258693, 0.23348954, 0.38755411, 0.74010295, 0.45470169, 0.43625057, 0.51336807, 0.51996619, 0.20582461)
(0.84189987, 0.41006497, 0.07135797, 0.81542003, 0.76089168, 0.73682404, 0.84672785, 0.53940129, 0.45085004, 0.35413972)
(0.51621252, 0.58420122, 0.05019466, 0.78357911, 0.63789767, 0.77716798, 0.54249090, 0.68271023, 0.73827475, 0.22634976)
(0.58600694, 0.30784374, 0.42690843, 0.25487623, 0.76093888, 0.42868966, 0.34578282, 0.55512977, 0.39574155, 0.24682993)
(0.83169377, 0.50936836, 0.29254818, 0.56486362, 0.86628264, 0.75852686, 0.80419159, 0.45551801, 0.15178254, 0.50037283)
(0.80781984, 0.20705885, 0.34556431, 0.78912359, 0.43685579, 0.41383168, 0.77167469, 0.54615664, 0.41467798, 0.46984863)
(0.69821322, 0.36241680, 0.24408311, 0.53089362, 0.56855202, 0.38520727, 0.46758085, 0.34304932, 0.61231142, 0.25374597)
(0.75391883, 0.66042840, 0.58240896, 0.57313240, 0.72089428, 0.73625159, 0.77358037, 0.36720091, 0.12860070, 0.65684873)
(0.68184280, 0.30489603, 0.14025435, 0.67048728, 0.52860451, 0.43687305, 0.49847692, 0.49650860, 0.71609384, 0.20842609)
(0.74348515, 0.37483570, 0.59449375, 0.70265549, 0.37082493, 0.38911092, 0.66233873, 0.35864499, 0.32486579, 0.60303795)
(0.92234695, 0.25234026, 0.67146122, 0.81242406, 0.38862178, 0.22101082, 0.77908868, 0.16819455, 0.17195068, 0.65608251)
(0.66242129, 0.61879873, 0.37813404, 0.59110039, 0.56229806, 0.59012961, 0.62920529, 0.28404135, 0.43846256, 0.48155183)
(0.56854236, 0.48447841, 0.20249675, 0.49395844, 0.64104962, 0.55531079, 0.45057341, 0.44018579, 0.62786484, 0.25638571)
(0.81464237, 0.40731174, 0.60693336, 0.54990917, 0.77047074, 0.67676497, 0.81537223, 0.57185346, 0.08431199, 0.64786428)
(0.50426924, 0.28842369, 0.32779345, 0.38755584, 0.55007362, 0.31069219, 0.23136048, 0.53364080, 0.66854781, 0.18654487)
(0.77989751, 0.81724024, 0.26257128, 0.56330454, 0.87175274, 0.83079255, 0.74310017, 0.18356097, 0.19423445, 0.47639874)
(0.68969119, 0.38399038, 0.19937073, 0.26277682, 0.85738546, 0.46243143, 0.36807477, 0.36998343, 0.46005774, 0.15324827)
(0.92469794, 0.18649924, 0.49589831, 0.83234638, 0.44220018, 0.25999248, 0.82652181, 0.26998943, 0.22237982, 0.58333707)
(0.80305576, 0.37381205, 0.35165760, 0.95029569, 0.23131232, 0.58408922, 0.86969435, 0.63827074, 0.29661658, 0.75246793)
(0.80243373, 0.57223058, 0.17844135, 0.80698717, 0.61263436, 0.67889738, 0.81970048, 0.36440316, 0.40168226, 0.53014565)
(0.79536170, 0.35837248, 0.33491772, 0.59816277, 0.60221040, 0.42597240, 0.67357081, 0.32970992, 0.40413141, 0.41134241)
(0.49047181, 0.53972799, 0.31935588, 0.49055189, 0.71835935, 0.76816529, 0.53395170, 0.76973647, 0.34194720, 0.43390220)
(0.75414801, 0.23054078, 0.31951052, 0.42199239, 0.64630246, 0.28808650, 0.42445016, 0.42062405, 0.50175911, 0.22296944)
(0.69129461, 0.56873089, 0.34247959, 0.40744317, 0.77910638, 0.60954958, 0.55347192, 0.28565723, 0.36521631, 0.34267431)
(0.66687214, 0.46109736, 0.24628341, 0.43406898, 0.67210984, 0.45558569, 0.45577806, 0.30830821, 0.55714071, 0.25569987)
(0.78695440, 0.19312675, 0.36991113, 0.45154977, 0.63425136, 0.26974970, 0.47622716, 0.45020643, 0.43905249, 0.25813338)
(0.73963249, 0.56999201, 0.33114949, 0.42733470, 0.79001391, 0.59317893, 0.58982855, 0.23383860, 0.35392401, 0.34175038)
(0.89194036, 0.40025857, 0.49110594, 0.76496315, 0.59012061, 0.51879847, 0.87506324, 0.29002434, 0.15098661, 0.66203862)
(0.57793868, 0.39217103, 0.30519313, 0.45534739, 0.55945003, 0.42316520, 0.39449075, 0.43806255, 0.61592454, 0.26353756)
(0.61618155, 0.62955076, 0.20221910, 0.69906008, 0.51830757, 0.62119567, 0.60129517, 0.35967436, 0.60105687, 0.40584081)
(0.82590508, 0.48204297, 0.26682225, 0.70412207, 0.68021327, 0.62787139, 0.81515390, 0.33671281, 0.30331179, 0.52670157)
(0.50310975, 0.38648331, 0.20397900, 0.41068229, 0.61911261, 0.39771724, 0.25288972, 0.46852624, 0.71830386, 0.15635306)
(0.26528609, 0.69035804, 0.69363624, 0.22605610, 0.79279280, 0.76691288, 0.19255711, 0.83418840, 0.14707892, 0.46997234)
(0.51872677, 0.43694851, 0.22626433, 0.69457895, 0.69387096, 0.83141583, 0.62975204, 0.92645323, 0.29920715, 0.47864762)
(0.67116433, 0.55888003, 0.46910140, 0.49596879, 0.50885624, 0.43087035, 0.50531131, 0.19158646, 0.49846122, 0.41004312)
(0.66824335, 0.87179685, 0.55752879, 0.40156239, 0.74095893, 0.71022046, 0.50937718, 0.09237038, 0.26552215, 0.46781501)
(0.76940167, 0.40368041, 0.62864619, 0.56917346, 0.54562551, 0.45601553, 0.69410533, 0.35020608, 0.23869067, 0.57210129)
(0.69887501, 0.36905876, 0.38056761, 0.38166532, 0.66587436, 0.38147828, 0.45325071, 0.35135132, 0.44773284, 0.29508659)
(0.36987761, 0.80843520, 0.54647839, 0.60614449, 0.35071877, 0.70464534, 0.43266082, 0.40178066, 0.44952607, 0.61159635)
(0.93622887, 0.11168259, 0.17597294, 0.93155706, 0.52219510, 0.47731915, 0.93119699, 0.64860249, 0.29523444, 0.49807543)
(0.54564881, 0.35748455, 0.45760700, 0.50811058, 0.46628526, 0.44954756, 0.47145653, 0.55458128, 0.52885580, 0.40130860)
(0.60979366, 0.38576719, 0.37865219, 0.51728493, 0.56796873, 0.52767020, 0.56348264, 0.54226142, 0.47633642, 0.40093246)
(0.74702066, 0.64001757, 0.13942944, 0.53879094, 0.76613569, 0.58598745, 0.55920529, 0.15594141, 0.55656570, 0.24344657)
(0.49742708, 0.74125749, 0.38951620, 0.69339967, 0.63855898, 0.88817298, 0.70037866, 0.80745602, 0.19146861, 0.67551529)
(0.77134186, 0.36257789, 0.47948799, 0.78059375, 0.33709863, 0.39675993, 0.71188456, 0.35224351, 0.38271081, 0.58744800)
(0.63583195, 0.37373081, 0.35501823, 0.29129404, 0.68255174, 0.30691543, 0.28115505, 0.29710895, 0.53847402, 0.19320683)
(0.64021856, 0.38077164, 0.67976189, 0.17310841, 0.67609358, 0.20056871, 0.16574764, 0.18558070, 0.41320249, 0.20567004)
(0.67429399, 0.56391108, 0.44234988, 0.50732380, 0.77087772, 0.76295680, 0.69895959, 0.60422891, 0.17846423, 0.56354070)
(0.84174055, 0.51251256, 0.40964729, 0.62267429, 0.70861328, 0.59061408, 0.80327785, 0.24684446, 0.21995801, 0.54466248)
(0.94233239, 0.05247724, 0.19570103, 0.82673782, 0.51915914, 0.15248720, 0.73284721, 0.46637231, 0.45145136, 0.22647902)
(0.79535884, 0.57141221, 0.22739616, 0.64184397, 0.74319196, 0.66417587, 0.75586063, 0.27531111, 0.34504727, 0.44417241)
(0.73811764, 0.48722595, 0.45593789, 0.59713548, 0.58872253, 0.56848156, 0.72380108, 0.36273262, 0.30744016, 0.54514086)
(0.57634228, 0.65914202, 0.81538254, 0.74827659, 0.23080444, 0.51245296, 0.57628900, 0.37385392, 0.20271832, 0.80043322)
(0.61837322, 0.74212795, 0.81994361, 0.63705325, 0.41696233, 0.68208039, 0.67569482, 0.42305654, 0.11890838, 0.80223930)
(0.58948630, 0.62227309, 0.65992618, 0.32432789, 0.53416312, 0.34661877, 0.28740859, 0.12884362, 0.44065243, 0.34516650)
(0.59797692, 0.31106234, 0.17472395, 0.73255110, 0.58343583, 0.68392122, 0.63125235, 0.84200257, 0.53161705, 0.35162458)
(0.68910611, 0.80559140, 0.60356754, 0.36088067, 0.70377773, 0.59193623, 0.48196596, 0.08558221, 0.30369371, 0.42638656)
(0.75721455, 0.47435814, 0.27942139, 0.83144432, 0.43600246, 0.62239814, 0.80781066, 0.47851619, 0.40983894, 0.59221476)
(0.84175384, 0.31472084, 0.23952131, 0.80488485, 0.54287881, 0.53255969, 0.83429402, 0.43860966, 0.39855754, 0.48999080)
(0.70048070, 0.51011819, 0.09291822, 0.71456665, 0.62130862, 0.58933741, 0.60551733, 0.34088066, 0.69090742, 0.24684314)
(0.87449300, 0.47402924, 0.46090731, 0.47410110, 0.86892349, 0.64860958, 0.79291087, 0.29050401, 0.11529554, 0.49050704)
(0.41191283, 0.61130416, 0.15195514, 0.44797280, 0.53704023, 0.39161348, 0.18355024, 0.18508659, 0.80961329, 0.15672994)
(0.75911611, 0.26816708, 0.23995638, 0.35766643, 0.77583849, 0.36190221, 0.43304670, 0.42031732, 0.46660307, 0.18354478)
(0.81945562, 0.20375828, 0.29111648, 0.79675537, 0.39329472, 0.33228549, 0.70482135, 0.45050502, 0.52368796, 0.38991007)
(0.41952610, 0.50200713, 0.26626012, 0.48156610, 0.54665327, 0.55041939, 0.33861238, 0.56216067, 0.65866029, 0.28104100)
(0.52094758, 0.56207240, 0.21746622, 0.45300636, 0.82178229, 0.79920709, 0.51780033, 0.73522305, 0.34234372, 0.34873742)
(0.70955253, 0.62028289, 0.16106306, 0.92486382, 0.17447813, 0.42265373, 0.62676889, 0.13113607, 0.70893711, 0.51554430)
(0.68751466, 0.52781296, 0.43222219, 0.50491142, 0.72538668, 0.69150758, 0.67962086, 0.50295985, 0.24744377, 0.51845711)
(0.59011978, 0.49623087, 0.10553927, 0.65310484, 0.72693843, 0.75265825, 0.60505217, 0.68556887, 0.56076080, 0.28873751)
(0.80802983, 0.46373641, 0.33897325, 0.42777246, 0.85621762, 0.62406701, 0.68203634, 0.31042039, 0.23511450, 0.36524868)
(0.78095257, 0.62388355, 0.43433419, 0.72189873, 0.59442049, 0.67942995, 0.82398564, 0.29935008, 0.21338344, 0.66165042)
(0.60732508, 0.12149164, 0.18624575, 0.61346728, 0.53156298, 0.28407511, 0.31892881, 0.77019888, 0.71797508, 0.15644680)
(0.65220326, 0.40975869, 0.37893710, 0.67804688, 0.48536715, 0.59184313, 0.68853796, 0.59731442, 0.41943359, 0.51975310)
(0.76517624, 0.12003919, 0.43442056, 0.26442060, 0.75911653, 0.19026284, 0.28088912, 0.53518635, 0.37534958, 0.16636962)
(0.52652979, 0.28969920, 0.13227168, 0.60530996, 0.67425609, 0.59799242, 0.43196845, 0.81516296, 0.63507569, 0.20468430)
(0.87955695, 0.35849494, 0.84907460, 0.42161652, 0.61272854, 0.21232308, 0.54388255, 0.11226621, 0.12922846, 0.51388288)
(0.70275408, 0.41391000, 0.49020651, 0.41681322, 0.68709725, 0.50545990, 0.58935249, 0.40043500, 0.31647095, 0.42293382)
(0.86737382, 0.07633505, 0.36751643, 0.39098117, 0.74279326, 0.15708145, 0.40435809, 0.52866703, 0.34725851, 0.16356118)
(0.79467434, 0.31193003, 0.38096806, 0.54681140, 0.60842532, 0.37176672, 0.62472761, 0.34628186, 0.38659754, 0.38836327)
(0.74451751, 0.44991830, 0.55655926, 0.40741611, 0.83585209, 0.71617544, 0.70934951, 0.61924517, 0.10638589, 0.54282004)
(0.57336670, 0.59779179, 0.21907817, 0.35173672, 0.78095001, 0.58584297, 0.37643728, 0.29040021, 0.54812455, 0.21526198)
(0.75209314, 0.33324069, 0.22560559, 0.43008140, 0.67736244, 0.32086644, 0.40690181, 0.27995262, 0.57286620, 0.19203278)
(0.89346081, 0.43262735, 0.54175991, 0.65238196, 0.62832475, 0.43522865, 0.81042546, 0.17591351, 0.18613201, 0.56917232)
(0.65224636, 0.73882067, 0.44016346, 0.69236290, 0.41571409, 0.59103340, 0.62777275, 0.20226793, 0.43276975, 0.58313745)
(0.47576621, 0.62660885, 0.16026823, 0.55192465, 0.64640677, 0.68751675, 0.43856147, 0.48935390, 0.63744682, 0.28222892)
(0.81004959, 0.47661263, 0.35726166, 0.71777135, 0.61828882, 0.63069302, 0.82932442, 0.38385749, 0.25514263, 0.60044986)
(0.79083365, 0.30581269, 0.31457239, 0.74152434, 0.51518178, 0.50368142, 0.77544248, 0.47950599, 0.41022685, 0.47888580)
(0.81545806, 0.50918466, 0.37902525, 0.86938220, 0.40983823, 0.62130427, 0.86260414, 0.41346103, 0.25347307, 0.71567160)
(0.48677567, 0.64982980, 0.21121320, 0.58730549, 0.59211141, 0.71179026, 0.49676415, 0.49954742, 0.58740544, 0.35166714)
(0.78915405, 0.25383446, 0.21874750, 0.22056966, 0.88510448, 0.31828848, 0.33754280, 0.35971415, 0.38923588, 0.12129530)
(0.78098410, 0.49089408, 0.20002922, 0.72547841, 0.59768730, 0.57689369, 0.75324231, 0.30710667, 0.48212951, 0.43303251)
(0.72658181, 0.31970873, 0.38947076, 0.44993287, 0.76042551, 0.58405566, 0.65806943, 0.58925360, 0.27417454, 0.40358868)
(0.88034469, 0.28032207, 0.41214338, 0.70007432, 0.57176673, 0.36914137, 0.78502095, 0.29826251, 0.27565399, 0.49997962)
(0.59405237, 0.60379297, 0.18509693, 0.46358708, 0.80417478, 0.71844238, 0.51343501, 0.45281851, 0.43976554, 0.30407834)
(0.55892676, 0.35433722, 0.44376370, 0.76078314, 0.22629656, 0.37389940, 0.50964582, 0.46131936, 0.58674085, 0.51707238)
(0.78303158, 0.40615797, 0.15965135, 0.83802623, 0.54433680, 0.66413349, 0.81870979, 0.56429946, 0.47709268, 0.47003651)
(0.62327003, 0.35836679, 0.43528777, 0.79843014, 0.22868511, 0.38016933, 0.58161497, 0.43125463, 0.53963894, 0.55189419)
(0.78680265, 0.45926288, 0.10067238, 0.36036983, 0.88000453, 0.49386272, 0.45474675, 0.23135428, 0.51592118, 0.13220310)
(0.69848919, 0.42643252, 0.39644641, 0.24870683, 0.76657122, 0.34908229, 0.33575565, 0.23801467, 0.42908093, 0.20371771)
(0.72908026, 0.52843493, 0.26603499, 0.77584308, 0.46668881, 0.58581221, 0.74046999, 0.38087499, 0.48016706, 0.52951258)
(0.71257967, 0.54084843, 0.31466222, 0.73044044, 0.56563354, 0.69809508, 0.77677596, 0.51085287, 0.33998466, 0.58332121)
(0.54682827, 0.28310555, 0.32741952, 0.49583301, 0.47276896, 0.32901284, 0.31976712, 0.52757090, 0.66656929, 0.24740702)
(0.80727416, 0.30766869, 0.36484101, 0.67829686, 0.58869219, 0.49851373, 0.77439141, 0.45869327, 0.32611471, 0.49143761)
(0.43147653, 0.61123008, 0.77091002, 0.37994823, 0.65888500, 0.72674555, 0.42796928, 0.77821779, 0.11895862, 0.65653408)
(0.71290106, 0.30371323, 0.12694496, 0.69496858, 0.58872950, 0.50777125, 0.58957398, 0.54511434, 0.66435820, 0.23098738)
(0.67136866, 0.29291871, 0.41541356, 0.39126524, 0.55786663, 0.26557261, 0.33449802, 0.35516632, 0.53957498, 0.25640681)
(0.80007303, 0.59351879, 0.31857768, 0.70440912, 0.55482209, 0.53552634, 0.74741709, 0.17261852, 0.40305367, 0.51505154)
(0.60302913, 0.70369059, 0.19764288, 0.61944604, 0.74964142, 0.81581771, 0.64676183, 0.51267600, 0.37103656, 0.44910780)
(0.62462991, 0.28393510, 0.49809268, 0.37172240, 0.55852169, 0.30418515, 0.35230079, 0.45316735, 0.48391324, 0.30270547)
(0.44288945, 0.38225108, 0.49852490, 0.84971094, 0.12105972, 0.36059254, 0.43384624, 0.54804415, 0.60028189, 0.61066431)
(0.70486057, 0.28821278, 0.13633260, 0.84442550, 0.30669734, 0.36836711, 0.56096965, 0.39904737, 0.77124459, 0.27836677)
(0.66216266, 0.56606287, 0.12329093, 0.82871109, 0.62365437, 0.84139609, 0.79504025, 0.76020324, 0.43002132, 0.48828396)
(0.65794653, 0.29872704, 0.29419309, 0.52290165, 0.57977337, 0.44002840, 0.50964570, 0.54152644, 0.55040032, 0.29260549)
(0.84758431, 0.52089572, 0.43149647, 0.57783800, 0.62329930, 0.43360016, 0.70466959, 0.13685156, 0.33850065, 0.45701784)
(0.81153011, 0.62458265, 0.37271452, 0.58916658, 0.61303878, 0.48303550, 0.67072856, 0.10642505, 0.41265070, 0.43250832)
(0.69334233, 0.52358162, 0.25742477, 0.48827231, 0.80801320, 0.70781088, 0.63953608, 0.46554258, 0.31997636, 0.38358006)
(0.64571625, 0.53905463, 0.23871081, 0.45350015, 0.69572854, 0.54306996, 0.48814058, 0.29724041, 0.54244494, 0.28013164)
(0.88964587, 0.11109343, 0.21872653, 0.45375633, 0.81403691, 0.26969266, 0.57225633, 0.52747160, 0.35040560, 0.17157099)
(0.33997792, 0.71705991, 0.29623714, 0.22508226, 0.88931209, 0.81120676, 0.24873300, 0.69577676, 0.29408669, 0.27227730)
(0.66991013, 0.50678152, 0.36419556, 0.48107204, 0.50481570, 0.34693140, 0.40134239, 0.16598564, 0.58974230, 0.31754068)
(0.78381819, 0.50560832, 0.28349453, 0.59985238, 0.73343325, 0.63724434, 0.74124563, 0.34145555, 0.31953228, 0.45673236)
(0.85778141, 0.15245520, 0.36575624, 0.82411456, 0.38882867, 0.30499658, 0.76968348, 0.48678917, 0.40542296, 0.45866647)
(0.83595186, 0.43654707, 0.82058156, 0.58128726, 0.53618234, 0.41206369, 0.72540957, 0.24532403, 0.11285127, 0.68217731)
(0.89755672, 0.28685004, 0.19192909, 0.88717484, 0.48265243, 0.46365759, 0.87060297, 0.32983962, 0.41231188, 0.50305706)
(0.81347865, 0.25322959, 0.22006039, 0.61135113, 0.56653070, 0.30678362, 0.54710513, 0.33053887, 0.57778049, 0.24733810)
(0.50984329, 0.47411308, 0.19559999, 0.49922326, 0.73967314, 0.72699022, 0.49823883, 0.73937714, 0.48018652, 0.30603272)
(0.34875870, 0.57769036, 0.37682512, 0.34109446, 0.52619886, 0.43687353, 0.19830889, 0.35940483, 0.66346109, 0.25654775)
(0.73568302, 0.42382744, 0.31699783, 0.54274905, 0.78595883, 0.71419078, 0.72837532, 0.61085433, 0.24219094, 0.46690190)
(0.84238112, 0.20861763, 0.44488126, 0.43766993, 0.79836851, 0.43020511, 0.68763518, 0.50792533, 0.19350466, 0.38351864)
(0.80264902, 0.39577127, 0.30876270, 0.46818849, 0.74764735, 0.45765242, 0.62645674, 0.29544771, 0.35652614, 0.33470106)
(0.88559991, 0.18747510, 0.27218693, 0.63482666, 0.73788232, 0.42945561, 0.78453308, 0.49816632, 0.27637044, 0.36346412)
(0.78905487, 0.72314018, 0.75389081, 0.48482305, 0.72568601, 0.68115944, 0.73816234, 0.20239152, 0.09090286, 0.66847098)
(0.40623078, 0.36124393, 0.54097104, 0.81351811, 0.13953227, 0.35796008, 0.38723820, 0.62095475, 0.59197861, 0.60664392)
(0.68216151, 0.40838370, 0.26308182, 0.62891036, 0.56274420, 0.54163587, 0.63777566, 0.46447882, 0.52672791, 0.38383996)
(0.29326531, 0.73913109, 0.35250077, 0.19496921, 0.73944187, 0.56835586, 0.13363583, 0.33769649, 0.59628308, 0.18143350)
(0.87607378, 0.21830073, 0.37899515, 0.31784981, 0.85634923, 0.31782883, 0.56508368, 0.33708981, 0.21827689, 0.25536326)
(0.79805809, 0.23583481, 0.23474288, 0.61598164, 0.58075172, 0.35529429, 0.59646297, 0.42967647, 0.53950816, 0.26894629)
(0.68284702, 0.41891029, 0.37956169, 0.24562401, 0.80722976, 0.42758679, 0.37608495, 0.31479344, 0.38471821, 0.21983445)
(0.85515326, 0.37662622, 0.57199299, 0.55185813, 0.78710264, 0.63236076, 0.83318305, 0.48270047, 0.09016037, 0.61328071)
(0.71551591, 0.21889463, 0.30127981, 0.53294289, 0.63209200, 0.43286118, 0.57002711, 0.62597579, 0.46998131, 0.29706073)
(0.87134224, 0.44404611, 0.24648371, 0.89882934, 0.46388692, 0.61539871, 0.89941198, 0.38271007, 0.29227847, 0.66538990)
(0.65906101, 0.44019842, 0.34346265, 0.56974906, 0.56919611, 0.54333460, 0.62485588, 0.44278163, 0.46752882, 0.43154138)
(0.25528815, 0.58843791, 0.11886090, 0.52926838, 0.61386305, 0.68170381, 0.19722958, 0.77913558, 0.75786561, 0.18367034)
(0.75174409, 0.58365589, 0.13431644, 0.74808168, 0.66115743, 0.66865796, 0.73239541, 0.34545949, 0.50856686, 0.40264052)
(0.47246939, 0.74283940, 0.25993016, 0.35316032, 0.82263458, 0.76793331, 0.37747809, 0.41610315, 0.40004012, 0.30154008)
(0.86767304, 0.19196557, 0.17503269, 0.68657559, 0.75168663, 0.53059369, 0.80221027, 0.61205298, 0.35139659, 0.32509878)
(0.68067586, 0.16444847, 0.26955178, 0.40862051, 0.70586103, 0.35469535, 0.39884132, 0.67637902, 0.51071936, 0.18646720)
(0.75207752, 0.43297616, 0.24092789, 0.75963753, 0.51010638, 0.57290721, 0.75505173, 0.42648610, 0.49156052, 0.47186095)
(0.48840997, 0.43329349, 0.35978261, 0.54698300, 0.43055260, 0.47623396, 0.42638204, 0.50098455, 0.62551397, 0.37009752)
(0.60397732, 0.50933236, 0.43941489, 0.63453102, 0.72440535, 0.83374757, 0.72040457, 0.87349308, 0.13526000, 0.63109571)
(0.78653264, 0.37128982, 0.79413348, 0.65543765, 0.46845233, 0.43498954, 0.71944660, 0.40039790, 0.13024510, 0.71344745)
(0.70022547, 0.31142747, 0.35972440, 0.22284572, 0.86076522, 0.44980434, 0.40336627, 0.47188655, 0.31021833, 0.21559428)
(0.84702623, 0.34921083, 0.63903546, 0.65091181, 0.56237227, 0.43525305, 0.78021491, 0.33003512, 0.16846301, 0.62179971)
(0.56621593, 0.58451563, 0.43675971, 0.63874429, 0.71432799, 0.85718739, 0.71204758, 0.87154353, 0.13618673, 0.65347129)
(0.39508507, 0.60069984, 0.23383059, 0.19927397, 0.77985674, 0.43574432, 0.13338731, 0.27041802, 0.67926830, 0.11143105)
(0.70751643, 0.48310253, 0.07176631, 0.81319749, 0.61392069, 0.69444168, 0.70945907, 0.52566010, 0.66262567, 0.29012519)
(0.73043466, 0.65922189, 0.40325376, 0.57798755, 0.53337336, 0.48715746, 0.59000403, 0.12392497, 0.47766915, 0.43166730)
(0.68103099, 0.18055229, 0.31706420, 0.93640131, 0.14071737, 0.35250583, 0.65613621, 0.70853722, 0.60717225, 0.53626806)
(0.63691521, 0.56203860, 0.31337065, 0.45988733, 0.61714339, 0.50097972, 0.48013744, 0.25053379, 0.55042249, 0.31679025)
(0.71114188, 0.37145257, 0.53056365, 0.31634033, 0.70996863, 0.39576757, 0.46972284, 0.35305023, 0.32481593, 0.34318534)
(0.55655134, 0.60738689, 0.34316790, 0.22440487, 0.77210689, 0.44396290, 0.24561012, 0.18275960, 0.54416549, 0.16781171)
(0.75352174, 0.54912490, 0.43993190, 0.66301441, 0.52319223, 0.55434692, 0.74275172, 0.26683152, 0.32748905, 0.57514381)
(0.72218394, 0.43272287, 0.16096024, 0.53009343, 0.74315614, 0.56451577, 0.58897954, 0.39777777, 0.51895368, 0.26326916)
(0.78035975, 0.24446522, 0.36300617, 0.66434747, 0.52798498, 0.41988412, 0.70129502, 0.50663465, 0.40904140, 0.42076617)
(0.57416046, 0.64240360, 0.42037615, 0.58573323, 0.63667345, 0.76465482, 0.65721810, 0.59430057, 0.27889538, 0.59210372)
(0.81995022, 0.08923186, 0.18533000, 0.61297506, 0.55417675, 0.16497374, 0.38369942, 0.53585058, 0.66944736, 0.13295303)
(0.72956872, 0.64319998, 0.44424820, 0.69096744, 0.68304187, 0.79206789, 0.81455183, 0.53033292, 0.15225413, 0.69582891)
(0.65856677, 0.58911550, 0.09666936, 0.68570232, 0.45499066, 0.35327727, 0.36799425, 0.08769275, 0.80101424, 0.20647746)
(0.40159801, 0.77881855, 0.39006487, 0.29265869, 0.70323241, 0.64088601, 0.25394851, 0.26174515, 0.52141470, 0.28146762)
(0.90278184, 0.65835994, 0.21912506, 0.67217779, 0.72483450, 0.49967834, 0.76454210, 0.05437531, 0.38954425, 0.37428159)
(0.69287640, 0.46125883, 0.56856132, 0.44698641, 0.68382096, 0.59197658, 0.64741749, 0.47075683, 0.22585624, 0.52029437)
(0.77512282, 0.25008819, 0.37308437, 0.53792983, 0.63647258, 0.41095060, 0.63740492, 0.50269628, 0.37185609, 0.36942470)
(0.84966660, 0.60022134, 0.69309545, 0.37050319, 0.84959269, 0.61983633, 0.72104973, 0.19571957, 0.08316338, 0.54057717)
(0.62938422, 0.36855623, 0.28658795, 0.65025002, 0.51812661, 0.55719924, 0.61351246, 0.59955364, 0.53487211, 0.39527634)
(0.60117006, 0.24059054, 0.21963255, 0.69434959, 0.47170165, 0.46072814, 0.50632453, 0.71430719, 0.65986013, 0.28063327)
(0.68443233, 0.67878991, 0.38314447, 0.41167942, 0.65533233, 0.48357949, 0.45130980, 0.11137803, 0.51223683, 0.30455554)
(0.79576010, 0.56821686, 0.09365398, 0.64924151, 0.76862639, 0.60838026, 0.67084801, 0.20983380, 0.54546535, 0.26696518)
(0.78524184, 0.33609015, 0.14841817, 0.73053211, 0.76805216, 0.75460637, 0.81367564, 0.76605397, 0.31698412, 0.41311088)
(0.75337583, 0.38367337, 0.26275238, 0.54074723, 0.75068116, 0.59855908, 0.69050211, 0.46807390, 0.35607946, 0.38275626)
(0.75130945, 0.24764881, 0.26509967, 0.94642097, 0.16597822, 0.43230745, 0.76902992, 0.62130594, 0.55453771, 0.57557791)
(0.84321141, 0.19065674, 0.18469377, 0.89015758, 0.36737794, 0.40279350, 0.79523975, 0.52877492, 0.57352692, 0.39319703)
(0.61453354, 0.58803242, 0.34136695, 0.49930176, 0.81669450, 0.82690942, 0.66163802, 0.72551179, 0.19402793, 0.51476073)
(0.69095558, 0.50116003, 0.36329669, 0.48464411, 0.78298211, 0.71529675, 0.67121398, 0.54076809, 0.24817330, 0.46790728)
(0.75870073, 0.08937123, 0.36088631, 0.53942692, 0.62483358, 0.26812583, 0.48816273, 0.72289926, 0.42113850, 0.24175721)
(0.62955570, 0.59411585, 0.39788258, 0.51173025, 0.68207407, 0.68979514, 0.62405276, 0.44703755, 0.32926691, 0.49064392)
(0.69413775, 0.53914911, 0.15084253, 0.67411572, 0.60327858, 0.57964110, 0.62223303, 0.30918241, 0.61707658, 0.31872064)
(0.81864935, 0.53383434, 0.54045480, 0.54347247, 0.83687860, 0.77072722, 0.82738400, 0.53200144, 0.07269739, 0.64592785)
(0.46841154, 0.57235962, 0.20333998, 0.65181935, 0.40308192, 0.50981808, 0.38842514, 0.33052897, 0.73144925, 0.31774038)
(0.58768636, 0.43041000, 0.28305078, 0.49691972, 0.66176963, 0.61348039, 0.54780108, 0.58742732, 0.48184592, 0.35204038)
(0.74675333, 0.32391486, 0.37554049, 0.77162015, 0.42969522, 0.51541460, 0.75813228, 0.55033594, 0.39794225, 0.54096723)
(0.78831410, 0.26286146, 0.36067563, 0.71329540, 0.48680872, 0.43017527, 0.73364425, 0.47522128, 0.41460940, 0.45596913)
(0.68148738, 0.48633593, 0.18944059, 0.64107317, 0.62611020, 0.60538572, 0.64452779, 0.41633058, 0.54872173, 0.35499826)
(0.84021884, 0.24561439, 0.29179060, 0.67613137, 0.67662799, 0.52258027, 0.80232710, 0.53940797, 0.30473435, 0.43725601)
(0.85620737, 0.67916834, 0.68183333, 0.47512868, 0.66609442, 0.46031523, 0.68404835, 0.06978822, 0.19136986, 0.52504218)
(0.57997614, 0.47126895, 0.36527130, 0.41870278, 0.69500023, 0.60524434, 0.51511729, 0.51460338, 0.41143209, 0.37641639)
(0.85638344, 0.37574670, 0.42912650, 0.46423542, 0.64427245, 0.25237265, 0.51118815, 0.13715534, 0.38803831, 0.31654710)
(0.76858211, 0.58807307, 0.43279940, 0.44194916, 0.85129631, 0.74516189, 0.71187139, 0.38533747, 0.16011323, 0.48694214)
(0.84414482, 0.18781529, 0.58772624, 0.14242992, 0.92654860, 0.32105431, 0.41766205, 0.42028037, 0.11879759, 0.22060914)
(0.69128698, 0.80479872, 0.35775998, 0.61400646, 0.62661439, 0.66754663, 0.62384546, 0.14185788, 0.39912736, 0.48307055)
(0.47092411, 0.61498857, 0.54540467, 0.23403223, 0.81544733, 0.69380504, 0.35216609, 0.57651418, 0.23785332, 0.37921056)
(0.72388613, 0.26133177, 0.30037886, 0.35840508, 0.78623313, 0.45527887, 0.50138640, 0.54752338, 0.38707367, 0.24439152)
(0.78777128, 0.27444631, 0.47515291, 0.50683945, 0.76533031, 0.60121953, 0.74586403, 0.67495847, 0.16346386, 0.49578705)
(0.79361969, 0.37778863, 0.41364554, 0.51982814, 0.71919036, 0.52939487, 0.71670336, 0.39029554, 0.26602250, 0.45702165)
(0.85252565, 0.65870064, 0.38311404, 0.77088642, 0.60081959, 0.62768167, 0.85309744, 0.15928137, 0.21529099, 0.65567070)
(0.63402277, 0.74392945, 0.35101670, 0.34391975, 0.82105589, 0.69020623, 0.45848519, 0.19710688, 0.35339710, 0.31393909)
(0.75942928, 0.51760435, 0.47447383, 0.74520504, 0.50233316, 0.62854272, 0.81216460, 0.43174478, 0.23122051, 0.67688686)
(0.49042657, 0.51010954, 0.11895747, 0.58160090, 0.63714314, 0.62240070, 0.40621838, 0.55656862, 0.71570855, 0.21155415)
(0.53306437, 0.60023808, 0.25649497, 0.67889857, 0.48469055, 0.62953842, 0.51843792, 0.49144003, 0.56993109, 0.42135152)
(0.60291976, 0.65915406, 0.51052511, 0.66843599, 0.40715200, 0.60667658, 0.63515848, 0.35570392, 0.37575457, 0.62312698)
(0.44700050, 0.67042601, 0.24546398, 0.62480742, 0.75756651, 0.89862067, 0.61253524, 0.88953930, 0.24761790, 0.52392530)
(0.79968500, 0.56834191, 0.43629164, 0.69298100, 0.56717420, 0.58505625, 0.79557097, 0.23728056, 0.26262388, 0.60635144)
(0.42254558, 0.47710109, 0.34259146, 0.35674956, 0.69473571, 0.62006366, 0.34327921, 0.68494236, 0.47876105, 0.30166918)
(0.83073276, 0.54822743, 0.26422080, 0.89752406, 0.47671911, 0.72852105, 0.90156096, 0.48426977, 0.25233743, 0.71559519)
(0.71160990, 0.35099924, 0.52784473, 0.28902054, 0.69354486, 0.31817323, 0.38593653, 0.30596879, 0.36696747, 0.28915593)
(0.54125148, 0.62402678, 0.28682780, 0.61042821, 0.58016104, 0.72009766, 0.59053683, 0.53220892, 0.47566909, 0.45118275)
(0.56375200, 0.45317769, 0.20741902, 0.76981497, 0.39652604, 0.59757596, 0.57762641, 0.60695612, 0.66246325, 0.38854793)
(0.63154006, 0.27354601, 0.31251451, 0.53988194, 0.53616107, 0.41871056, 0.48209104, 0.58332241, 0.57363129, 0.29373705)
(0.87656188, 0.35876387, 0.40439373, 0.42148286, 0.82939833, 0.44284794, 0.69641894, 0.24230355, 0.20576473, 0.36175618)
(0.68254888, 0.53587949, 0.11470111, 0.85377783, 0.49925292, 0.72455710, 0.74951208, 0.58800715, 0.60295719, 0.42101097)
(0.82676756, 0.43770695, 0.50698894, 0.48220822, 0.78101778, 0.57713544, 0.74657232, 0.33914661, 0.16675615, 0.50156909)
(0.75055271, 0.36470795, 0.45056707, 0.37305927, 0.83392793, 0.61862952, 0.64966697, 0.53923631, 0.18612392, 0.41208360)
(0.72015023, 0.21238802, 0.27327588, 0.54960954, 0.63398641, 0.43450925, 0.57089090, 0.63599658, 0.49037719, 0.28178877)
(0.68980050, 0.40094879, 0.49508610, 0.87737834, 0.23374523, 0.49796718, 0.73451406, 0.57427567, 0.35106453, 0.70132649)
(0.65635830, 0.54119915, 0.28471285, 0.56199294, 0.78761482, 0.80055988, 0.70101923, 0.69069189, 0.24484228, 0.49399441)
(0.60837996, 0.40676954, 0.22582076, 0.45535105, 0.64441729, 0.47477394, 0.42290980, 0.43816650, 0.61272788, 0.22949104)
(0.86627889, 0.52506453, 0.49454039, 0.81342596, 0.46975622, 0.52866226, 0.85010624, 0.21592709, 0.19445525, 0.70364344)
(0.76240814, 0.61857945, 0.78935039, 0.64025378, 0.51743484, 0.61198938, 0.77197236, 0.31831253, 0.10395240, 0.76208001)
(0.82449430, 0.32442683, 0.36760977, 0.38639444, 0.73001915, 0.30845597, 0.50333995, 0.24322048, 0.37053192, 0.27190495)
(0.71824950, 0.59613478, 0.11315503, 0.70842260, 0.74890041, 0.75172645, 0.71767122, 0.45139271, 0.46248570, 0.37807995)
(0.78135961, 0.44588020, 0.42635518, 0.49024937, 0.83865935, 0.73300648, 0.76263440, 0.58323044, 0.13166387, 0.52859408)
(0.76124537, 0.37067303, 0.26941377, 0.64160639, 0.64534324, 0.57621771, 0.73606622, 0.49236134, 0.39948282, 0.43091789)
(0.54721028, 0.61485231, 0.29650617, 0.36385134, 0.70085353, 0.54997772, 0.37260994, 0.26495183, 0.56020641, 0.25466505)
(0.74463117, 0.18750364, 0.11239179, 0.65705907, 0.64464450, 0.42860791, 0.53185523, 0.65181303, 0.66434062, 0.16457753)
(0.86566633, 0.12475338, 0.24127237, 0.25564894, 0.89892691, 0.26939711, 0.42530924, 0.51738918, 0.28928095, 0.12752295)
(0.83145732, 0.26685199, 0.33941373, 0.69878423, 0.51213306, 0.36728549, 0.71510673, 0.36278087, 0.41683486, 0.42324668)
(0.71150208, 0.30921489, 0.26291180, 0.30543700, 0.77800840, 0.35917327, 0.36806113, 0.38854086, 0.47972655, 0.17574281)
(0.57604253, 0.37417838, 0.51460099, 0.12598032, 0.81057358, 0.27040556, 0.14957638, 0.27353102, 0.42374250, 0.13690418)
(0.64329499, 0.17958081, 0.56185561, 0.44192314, 0.54264516, 0.29050449, 0.39578280, 0.60357404, 0.41487789, 0.34736508)
(0.72007841, 0.38315371, 0.40791315, 0.68071681, 0.50363445, 0.54896057, 0.73180199, 0.51897383, 0.36603403, 0.53826809)
(0.80458963, 0.14465213, 0.50052398, 0.91239214, 0.21758191, 0.29848137, 0.73248351, 0.63763642, 0.38691598, 0.62377775)
(0.82719994, 0.46668279, 0.25410855, 0.22977909, 0.95854163, 0.65059984, 0.54780000, 0.24604613, 0.18902443, 0.18735157)
(0.56060153, 0.39417484, 0.24835961, 0.74271500, 0.46825027, 0.65974110, 0.62008226, 0.77131730, 0.53981370, 0.43695059)
(0.79532081, 0.50770253, 0.19675145, 0.78431851, 0.47291574, 0.43786678, 0.67061150, 0.17440501, 0.58827960, 0.39455727)
(0.87908906, 0.12997717, 0.16343910, 0.65079874, 0.67042977, 0.29434463, 0.64229256, 0.49263197, 0.50750142, 0.19517529)
(0.66250777, 0.42669335, 0.24712493, 0.42260310, 0.63040334, 0.37123096, 0.37664595, 0.27318522, 0.61529833, 0.21672557)
(0.81029606, 0.37277150, 0.53563428, 0.53884625, 0.62438065, 0.42853260, 0.69790310, 0.30051410, 0.26131776, 0.49338397)
(0.54005533, 0.53023136, 0.18508075, 0.71577716, 0.52889532, 0.72451586, 0.61141586, 0.67135632, 0.58295566, 0.38854840)
(0.68174887, 0.38939396, 0.22272909, 0.46989831, 0.77726603, 0.61085343, 0.58703130, 0.52043408, 0.42867658, 0.29936728)
(0.73604417, 0.23571335, 0.17650539, 0.74250239, 0.48871401, 0.43029237, 0.61520499, 0.57714987, 0.64350140, 0.27639306)
(0.83268356, 0.21073104, 0.52181858, 0.70016390, 0.58935982, 0.47061622, 0.79377466, 0.61501318, 0.18553139, 0.57771158)
(0.82164389, 0.13738737, 0.25039366, 0.60836035, 0.57688236, 0.26486096, 0.55401659, 0.51380211, 0.52705646, 0.22343165)
(0.81659949, 0.45276704, 0.54071414, 0.32645437, 0.74085355, 0.34116068, 0.50953931, 0.15856662, 0.28814992, 0.32974496)
(0.70781279, 0.46079549, 0.39045143, 0.62347525, 0.51266754, 0.50222832, 0.66609430, 0.34038633, 0.43570173, 0.49353403)
(0.76393276, 0.50036728, 0.23584968, 0.62666035, 0.68242633, 0.59242684, 0.71093929, 0.31190240, 0.41874072, 0.41663679)
(0.59756523, 0.44070795, 0.16528547, 0.54165620, 0.74182230, 0.69452578, 0.56331539, 0.65801293, 0.50797540, 0.28998443)
(0.83152437, 0.16019735, 0.37484106, 0.69592381, 0.51659983, 0.32602400, 0.70460135, 0.52393430, 0.37837589, 0.39036444)
(0.63327563, 0.54299712, 0.14555512, 0.75384355, 0.59125721, 0.73493421, 0.69802994, 0.60329449, 0.54256290, 0.40622863)
(0.71088803, 0.60541058, 0.54333484, 0.55957127, 0.68872166, 0.71323669, 0.73651868, 0.44629061, 0.17354800, 0.62298882)
(0.84712142, 0.55508196, 0.34507337, 0.86821759, 0.38916555, 0.52508825, 0.83805364, 0.19983132, 0.31910580, 0.67563975)
(0.55110377, 0.45007753, 0.51686800, 0.85166925, 0.18653461, 0.49305731, 0.60955501, 0.59015381, 0.43355116, 0.68231118)
(0.75298470, 0.57186681, 0.47501057, 0.52751613, 0.73549688, 0.68073446, 0.73218626, 0.36452729, 0.20497175, 0.54858828)
(0.80298644, 0.27467820, 0.41917396, 0.26154628, 0.84019285, 0.35673532, 0.47468904, 0.36848944, 0.26017299, 0.24920163)
(0.45400319, 0.40618846, 0.44135627, 0.30811414, 0.53795081, 0.30381343, 0.19392526, 0.36023089, 0.63222337, 0.21947807)
(0.75294453, 0.32240385, 0.25679988, 0.73318428, 0.50491625, 0.50752693, 0.72203213, 0.49979362, 0.50939995, 0.41536132)
(0.78310078, 0.72331160, 0.53755057, 0.44240585, 0.86151779, 0.78741252, 0.73050517, 0.28954712, 0.10498103, 0.56565475)
(0.41068253, 0.81491739, 0.33852085, 0.58118659, 0.53977311, 0.80372953, 0.48303378, 0.45980334, 0.47188947, 0.48426193)
(0.94341981, 0.13841097, 0.33247727, 0.58183700, 0.76100498, 0.21792917, 0.73191178, 0.27109262, 0.21523724, 0.31208915)
(0.58509338, 0.44989827, 0.14827205, 0.58441442, 0.70519412, 0.68660551, 0.56197357, 0.65142751, 0.55853724, 0.28263694)
(0.82436752, 0.13632546, 0.59132069, 0.43978623, 0.68298113, 0.26257223, 0.54493612, 0.51903141, 0.22391303, 0.36915573)
(0.77555430, 0.42475384, 0.39614910, 0.71217221, 0.68143046, 0.74006462, 0.84045792, 0.69626814, 0.15922667, 0.63969249)
(0.64475161, 0.74690205, 0.25014663, 0.58384234, 0.61466956, 0.60586184, 0.52099395, 0.16441876, 0.57268363, 0.35404819)
(0.84270048, 0.13119173, 0.22916256, 0.58745670, 0.65515608, 0.29098102, 0.59156758, 0.54388928, 0.47576660, 0.21671456)
(0.66548491, 0.26788643, 0.44148406, 0.35397676, 0.62164485, 0.30107161, 0.36195573, 0.44953272, 0.46816966, 0.26623407)
(0.86648798, 0.29957557, 0.25670657, 0.83458072, 0.54489022, 0.55294132, 0.87139577, 0.47095045, 0.32412115, 0.54212683)
(0.39509222, 0.52672809, 0.36630216, 0.42808634, 0.69850320, 0.74289709, 0.40084720, 0.82174683, 0.36580905, 0.39367759)
(0.71723670, 0.41622463, 0.62878376, 0.36342442, 0.64014232, 0.38101140, 0.49437055, 0.28139260, 0.30439985, 0.41214901)
(0.63235915, 0.67244911, 0.43758753, 0.49676251, 0.65509808, 0.66136634, 0.59573722, 0.29188046, 0.35313997, 0.48013133)
(0.62170535, 0.11256666, 0.43281150, 0.71912092, 0.41863307, 0.31969133, 0.45869270, 0.84584248, 0.47387666, 0.37907493)
(0.73919487, 0.18996887, 0.29617912, 0.65814644, 0.47359061, 0.33099887, 0.56029499, 0.55549634, 0.56280351, 0.29697749)
(0.85065860, 0.15342093, 0.28508398, 0.50324678, 0.67099303, 0.24382296, 0.52534401, 0.42978927, 0.44357282, 0.21891794)
(0.63894832, 0.47905862, 0.47752097, 0.78889877, 0.26542586, 0.46781251, 0.64036477, 0.39556068, 0.44346815, 0.62202233)
(0.58609068, 0.37079123, 0.28976327, 0.31527773, 0.71281552, 0.40914300, 0.32104674, 0.43585950, 0.55125546, 0.19553173)
(0.92981440, 0.32083640, 0.51466674, 0.85631341, 0.36266533, 0.23177110, 0.79746884, 0.09968066, 0.24941842, 0.62483740)
(0.65067619, 0.37470841, 0.44020689, 0.61180067, 0.47156778, 0.49690399, 0.63111514, 0.51436198, 0.44192100, 0.48535612)
(0.61919928, 0.81422836, 0.76553196, 0.63516986, 0.42495853, 0.68362004, 0.65207183, 0.25697517, 0.17094903, 0.75629193)
(0.78873843, 0.25580633, 0.22393231, 0.51745659, 0.73460197, 0.46052289, 0.62345701, 0.51202875, 0.43341988, 0.26642042)
(0.89804041, 0.21449545, 0.35675102, 0.79523063, 0.53937387, 0.39189506, 0.84556317, 0.39024132, 0.27176377, 0.51638991)
(0.84526223, 0.46469977, 0.67848235, 0.54828715, 0.70315415, 0.55628294, 0.80007261, 0.30142203, 0.10954084, 0.63337398)
(0.71810830, 0.52770883, 0.29327220, 0.83382756, 0.34520856, 0.55944788, 0.73231375, 0.37023807, 0.50006032, 0.57016623)
(0.80474752, 0.43534568, 0.64825964, 0.46109176, 0.73284775, 0.54565865, 0.72622597, 0.35473174, 0.13887006, 0.55921817)
(0.52849793, 0.35117245, 0.28656882, 0.58926600, 0.45724037, 0.45625302, 0.42979005, 0.57206941, 0.66114169, 0.30581552)
(0.49968776, 0.28974330, 0.40668869, 0.85333204, 0.15738790, 0.35988000, 0.46325052, 0.64331454, 0.63824767, 0.53439909)
(0.78879118, 0.08382633, 0.21849075, 0.50465953, 0.72603053, 0.29315796, 0.48174599, 0.74346900, 0.47077638, 0.15934750)
(0.40042147, 0.44912446, 0.17705676, 0.51894867, 0.44223410, 0.35451490, 0.19591722, 0.34478456, 0.81311792, 0.17702207)
(0.83642894, 0.25631130, 0.11976805, 0.84601468, 0.58269036, 0.58213103, 0.82629454, 0.59626406, 0.52633190, 0.36602160)
(0.69693714, 0.36731082, 0.28800264, 0.42707774, 0.76391816, 0.55061108, 0.57016122, 0.48171017, 0.39358652, 0.31427127)
(0.36658943, 0.59972143, 0.22493435, 0.53919846, 0.76256484, 0.86519581, 0.46026099, 0.91197592, 0.33243686, 0.40571702)
(0.80138302, 0.39329118, 0.41331571, 0.45161578, 0.69543201, 0.40381005, 0.60564119, 0.26717293, 0.33741996, 0.37074539)
(0.65180552, 0.28503695, 0.13852726, 0.96705705, 0.11771706, 0.49631953, 0.70083231, 0.70648831, 0.74167997, 0.49353009)
(0.42964631, 0.61401951, 0.11089148, 0.43800291, 0.71942282, 0.62577778, 0.28120068, 0.43389511, 0.73493886, 0.15625228)
(0.90097886, 0.36874050, 0.51245600, 0.49649531, 0.71549720, 0.31861448, 0.69146007, 0.14486623, 0.22012463, 0.41343632)
(0.41339797, 0.39702386, 0.19893265, 0.58887184, 0.43626690, 0.44321093, 0.28955194, 0.55451638, 0.76390779, 0.23354137)
(0.67017567, 0.56203151, 0.16377369, 0.70862603, 0.55500686, 0.60020322, 0.63425571, 0.35186768, 0.61833292, 0.35897443)
(0.86198813, 0.62210417, 0.11045451, 0.31400430, 0.94068283, 0.55929798, 0.49503952, 0.08107015, 0.38645092, 0.11974207)
(0.76877594, 0.29902759, 0.33461380, 0.81385410, 0.59577888, 0.71423870, 0.83760488, 0.83420610, 0.19132525, 0.62753475)
(0.60594326, 0.48938963, 0.20496871, 0.50605500, 0.63412744, 0.53631759, 0.47528127, 0.39026183, 0.61774927, 0.26595619)
(0.46522909, 0.59536141, 0.18464398, 0.69658923, 0.43401894, 0.61996889, 0.45906186, 0.46600622, 0.70590013, 0.34495282)
(0.80827892, 0.46780610, 0.23389269, 0.54635745, 0.65104437, 0.38486773, 0.55398411, 0.16627516, 0.52207983, 0.28686360)
(0.70169967, 0.71737838, 0.52352464, 0.83872283, 0.28016725, 0.57789391, 0.72241461, 0.23335581, 0.30855623, 0.74125713)
(0.67971140, 0.74327344, 0.49035496, 0.62237012, 0.69598716, 0.80169612, 0.75100660, 0.41643634, 0.16759504, 0.66829342)
(0.72066045, 0.47370753, 0.48209354, 0.55348802, 0.54805249, 0.49094349, 0.65413821, 0.31093645, 0.37349176, 0.49568805)
(0.78741801, 0.53702384, 0.76389664, 0.59432852, 0.66104788, 0.66746151, 0.81091774, 0.45851696, 0.07018081, 0.74839818)
(0.83256000, 0.38823947, 0.20666583, 0.70973015, 0.74418926, 0.67615741, 0.83147746, 0.52469486, 0.28654993, 0.48002720)
(0.69955957, 0.42406255, 0.50348967, 0.37969688, 0.77976245, 0.61941320, 0.61768633, 0.51516998, 0.21548994, 0.44472572)
(0.74520725, 0.54022121, 0.26855385, 0.65548575, 0.64476645, 0.62880373, 0.72867382, 0.34120700, 0.39476162, 0.47718245)
(0.56708467, 0.34043136, 0.55149132, 0.18791127, 0.62546426, 0.16672158, 0.11806639, 0.20820753, 0.56570572, 0.14585571)
(0.63519669, 0.39613163, 0.30608654, 0.44695926, 0.60211307, 0.42722687, 0.44488946, 0.39259762, 0.56282163, 0.27825961)
(0.93855327, 0.08556915, 0.61576772, 0.65719730, 0.60538328, 0.13632709, 0.68336546, 0.31065628, 0.16511141, 0.42835832)
(0.51710343, 0.72630256, 0.30467123, 0.29844651, 0.67861843, 0.45612055, 0.23850538, 0.10925035, 0.65642810, 0.18231773)
(0.73985374, 0.46346414, 0.08785672, 0.88767409, 0.45810360, 0.66661203, 0.76953459, 0.52771109, 0.67527705, 0.36918011)
(0.50293630, 0.44721487, 0.25571579, 0.57270205, 0.58395654, 0.64478672, 0.50511169, 0.69488329, 0.54897571, 0.35483411)
(0.72708601, 0.69296396, 0.72070593, 0.52960163, 0.68188041, 0.71341813, 0.73461795, 0.33885971, 0.10529263, 0.69286764)
(0.69712204, 0.33747289, 0.17945185, 0.62188345, 0.57463193, 0.46710637, 0.54714489, 0.46686512, 0.63529664, 0.25330758)
(0.86147559, 0.47797728, 0.69537932, 0.56171411, 0.59990501, 0.40069610, 0.72663313, 0.16030176, 0.17235480, 0.58030891)
(0.51116300, 0.54987836, 0.25776801, 0.56968218, 0.63967705, 0.73089874, 0.55709887, 0.67179334, 0.46431530, 0.41098338)
(0.67342615, 0.61733335, 0.09163579, 0.60981256, 0.77976710, 0.70248926, 0.58839422, 0.33652973, 0.57282138, 0.25989550)
(0.66858673, 0.52389807, 0.46397358, 0.45567685, 0.79026282, 0.74805415, 0.67229646, 0.63381207, 0.17070708, 0.53560871)
(0.81378841, 0.32820693, 0.48134035, 0.39751831, 0.64207822, 0.23781434, 0.43521801, 0.19709867, 0.38624820, 0.30138296)
(0.73626363, 0.30396983, 0.07069387, 0.91833347, 0.36190879, 0.56092775, 0.70718366, 0.62482846, 0.77345937, 0.28607947)
(0.46084073, 0.62278438, 0.69723916, 0.37288740, 0.70082378, 0.74931592, 0.47830999, 0.73956627, 0.14077026, 0.61496723)
(0.83701611, 0.37873963, 0.57897937, 0.39008665, 0.71916413, 0.34284434, 0.59002489, 0.20639224, 0.23483819, 0.39373258)
(0.74110305, 0.36219469, 0.57051855, 0.59783959, 0.46714073, 0.38356698, 0.62360811, 0.34851348, 0.34433699, 0.52444488)
(0.69599521, 0.50513893, 0.28442365, 0.34720117, 0.84101015, 0.59991151, 0.50980890, 0.31925032, 0.36709422, 0.26641890)
(0.81092453, 0.44586152, 0.53234613, 0.57897115, 0.70056838, 0.60953677, 0.79686129, 0.40788147, 0.15862210, 0.59567273)
(0.76174086, 0.56135935, 0.41330293, 0.79920810, 0.44819158, 0.63038123, 0.81600231, 0.38835606, 0.27641696, 0.68503416)
(0.62330359, 0.49190700, 0.33451816, 0.22675551, 0.85548115, 0.54351872, 0.35937187, 0.33374029, 0.38259298, 0.20517850)
(0.58698869, 0.42396006, 0.21308315, 0.64691919, 0.59742379, 0.66984755, 0.61228156, 0.68897516, 0.52937549, 0.37084267)
(0.56813800, 0.76582843, 0.82282621, 0.63788027, 0.35218233, 0.63873273, 0.58965081, 0.35975814, 0.16365236, 0.78418511)
(0.62019575, 0.83804637, 0.33037135, 0.90721351, 0.22226965, 0.69300979, 0.70187628, 0.23573460, 0.43904540, 0.73877901)
(0.51842850, 0.62269819, 0.37545794, 0.26912826, 0.77213484, 0.58238161, 0.32197011, 0.31661654, 0.45110559, 0.25371802)
(0.64721513, 0.41044044, 0.37558272, 0.47263050, 0.65919745, 0.55884749, 0.58761984, 0.49594933, 0.40276483, 0.40405229)
(0.55758220, 0.31996793, 0.37426278, 0.66141152, 0.39826456, 0.48199233, 0.52385318, 0.66970783, 0.57035351, 0.40786597)
(0.86177516, 0.39871532, 0.55142558, 0.30097955, 0.82366264, 0.36739141, 0.58096272, 0.17780590, 0.19329990, 0.33388576)
(0.62745863, 0.57398462, 0.35140300, 0.46876460, 0.68853456, 0.62277192, 0.55761755, 0.36073819, 0.41436601, 0.39753234)
(0.74267364, 0.32829851, 0.47402817, 0.54128528, 0.60472602, 0.46329835, 0.66678572, 0.45693976, 0.31683335, 0.47607428)
(0.87743789, 0.45481798, 0.48899257, 0.54528296, 0.79262733, 0.57454830, 0.80891079, 0.25810727, 0.14278208, 0.53156686)
(0.60629332, 0.39241153, 0.22307116, 0.70783681, 0.54604167, 0.66325527, 0.64660686, 0.72765404, 0.52021503, 0.40553886)
(0.59140444, 0.52869588, 0.40509886, 0.48649073, 0.71186250, 0.72449708, 0.61236143, 0.64751631, 0.28248835, 0.49620080)
(0.74100238, 0.03431698, 0.11696114, 0.77178329, 0.60568148, 0.28082889, 0.46061733, 0.92624480, 0.63514894, 0.11947515)
(0.87272573, 0.42421517, 0.23896700, 0.78709692, 0.75144684, 0.74684131, 0.90022868, 0.54860610, 0.17299327, 0.60953099)
(0.62775511, 0.15878879, 0.62227583, 0.25547507, 0.57688349, 0.13367957, 0.14639668, 0.41826466, 0.50710201, 0.18799397)
(0.70670772, 0.17033108, 0.20011748, 0.93589598, 0.22072744, 0.45441279, 0.70048308, 0.82785785, 0.62389904, 0.43385437)
(0.85571349, 0.14097448, 0.61952120, 0.35730669, 0.80516267, 0.30983236, 0.59477019, 0.51361972, 0.13737357, 0.37738183)
(0.52891356, 0.33727098, 0.16659960, 0.60045099, 0.41206515, 0.31084472, 0.27005440, 0.37924421, 0.80009246, 0.18023820)
(0.57142621, 0.28915393, 0.24360326, 0.36618415, 0.64105159, 0.32035542, 0.24516134, 0.48439685, 0.67000240, 0.14405833)
(0.75722295, 0.53124267, 0.76585197, 0.52461815, 0.63577121, 0.60585195, 0.74474657, 0.39066580, 0.10471719, 0.68811798)
(0.78015625, 0.51610166, 0.43203866, 0.79746163, 0.52632475, 0.69861978, 0.85790366, 0.52505440, 0.19438252, 0.71039355)
(0.63071984, 0.20193207, 0.34447691, 0.52911836, 0.56684273, 0.40457615, 0.48456299, 0.68797106, 0.51114225, 0.29317519)
(0.86217469, 0.52067381, 0.62859249, 0.72667515, 0.43172646, 0.36580837, 0.73822933, 0.11485084, 0.23079215, 0.63028574)
(0.64829051, 0.36527732, 0.17294849, 0.50782174, 0.70176542, 0.54212528, 0.50533456, 0.53595960, 0.58235961, 0.22848049)
(0.79386997, 0.17679718, 0.16347593, 0.64396077, 0.61202258, 0.36046481, 0.57155645, 0.56079054, 0.59886098, 0.20125201)
(0.78368735, 0.65048945, 0.29745832, 0.62961161, 0.61747849, 0.53720254, 0.67646712, 0.12598623, 0.45637447, 0.42083165)
(0.91826510, 0.42033416, 0.57560331, 0.67929047, 0.63532984, 0.40870833, 0.83506745, 0.14703774, 0.15012929, 0.59402597)
(0.35122919, 0.69127977, 0.25788015, 0.35405153, 0.58875751, 0.50719070, 0.19580847, 0.25855020, 0.71518463, 0.21176624)
(0.24167036, 0.82163143, 0.37742171, 0.24971202, 0.73686975, 0.74039900, 0.16541126, 0.49353990, 0.48467547, 0.28552216)
(0.62580371, 0.64769226, 0.52907509, 0.68673182, 0.56081986, 0.77260536, 0.75323111, 0.63885820, 0.17154869, 0.71800685)
(0.79667252, 0.36269203, 0.07054565, 0.80163187, 0.67492115, 0.63831168, 0.76030082, 0.51352555, 0.61235082, 0.26990649)
(0.55996716, 0.42819461, 0.24448857, 0.45487890, 0.73633355, 0.66269028, 0.50930250, 0.66865993, 0.45858815, 0.30985755)
(0.90036184, 0.33104438, 0.52671224, 0.70174950, 0.51942182, 0.27479497, 0.73455256, 0.13864794, 0.26175344, 0.51519036)
(0.35239169, 0.53731334, 0.27189273, 0.28373542, 0.62160844, 0.37953427, 0.13354972, 0.32775107, 0.73119205, 0.14806117)
(0.54264450, 0.47247711, 0.57462478, 0.51421601, 0.60672987, 0.68183064, 0.57904851, 0.75001144, 0.22710834, 0.58267367)
(0.51028454, 0.46396974, 0.22139986, 0.68136209, 0.52099317, 0.67746538, 0.55586243, 0.72334892, 0.57593262, 0.38688868)
(0.61456215, 0.50111663, 0.59244859, 0.49290371, 0.73517996, 0.76556921, 0.66851074, 0.78083307, 0.12243544, 0.62408477)
(0.80315465, 0.32740134, 0.18848014, 0.63636363, 0.67981803, 0.50745666, 0.70207262, 0.42605746, 0.46767429, 0.31953719)
(0.56543511, 0.23949464, 0.40034661, 0.90908390, 0.08995271, 0.23208421, 0.44969371, 0.44498774, 0.68746334, 0.55628812)
(0.71295530, 0.44416723, 0.60102165, 0.83788115, 0.21513069, 0.39207661, 0.67990971, 0.33118150, 0.32851624, 0.71010989)
(0.83947086, 0.25523302, 0.31154779, 0.84654891, 0.45844680, 0.51505500, 0.84871918, 0.56112534, 0.33762962, 0.55703676)
(0.42401913, 0.46470338, 0.11297376, 0.69865310, 0.40171146, 0.46800333, 0.28883585, 0.44551995, 0.82937312, 0.20322989)
(0.61068511, 0.51777947, 0.57369965, 0.73422474, 0.29023215, 0.48628670, 0.61915988, 0.40656289, 0.37894380, 0.65292835)
(0.81599247, 0.48136532, 0.76237679, 0.48431540, 0.66139054, 0.50448781, 0.72880137, 0.27018964, 0.11708584, 0.62506843)
(0.34450355, 0.61675173, 0.17498319, 0.79657477, 0.59575421, 0.90214890, 0.54154265, 0.95637619, 0.37190372, 0.50420994)
(0.83031791, 0.45537862, 0.20783031, 0.19085942, 0.93212444, 0.41927838, 0.37156913, 0.14866067, 0.33538684, 0.11251098)
(0.82773203, 0.16540030, 0.35632932, 0.50487804, 0.65825653, 0.28470904, 0.56651127, 0.48203143, 0.38084391, 0.27778074)
(0.32774633, 0.59514654, 0.24114129, 0.38039067, 0.71276063, 0.70902771, 0.27407178, 0.72547078, 0.54955614, 0.26096928)
(0.96374786, 0.06031800, 0.50398600, 0.78567767, 0.60138780, 0.14168322, 0.81405592, 0.33500332, 0.14751145, 0.44702947)
(0.48662573, 0.52393037, 0.29736507, 0.35573459, 0.75372624, 0.64518082, 0.38959482, 0.57688904, 0.45192084, 0.29228288)
(0.74566764, 0.20012237, 0.31661814, 0.67063159, 0.61321366, 0.54280430, 0.72097421, 0.76169735, 0.35954291, 0.40847254)
(0.75851315, 0.63664007, 0.46095842, 0.51868027, 0.73762947, 0.66485834, 0.71454316, 0.24826247, 0.22893488, 0.52457362)
(0.93971550, 0.15583330, 0.31826523, 0.87173450, 0.45219311, 0.26991317, 0.86100554, 0.28814006, 0.29429793, 0.50343275)
(0.73761833, 0.44618225, 0.22247481, 0.56095117, 0.63736272, 0.47608954, 0.58600980, 0.29810143, 0.53220743, 0.31270769)
(0.87802988, 0.26225635, 0.30980733, 0.54802662, 0.84007740, 0.56153047, 0.80834526, 0.46736437, 0.18076521, 0.41642374)
(0.76985681, 0.17479914, 0.24806201, 0.60467196, 0.38224369, 0.10138573, 0.23999943, 0.17584310, 0.73238426, 0.19423193)
(0.84610671, 0.09738681, 0.10640671, 0.92952776, 0.40141541, 0.42792305, 0.80566067, 0.78510410, 0.61775738, 0.30230793)
(0.71759093, 0.43312982, 0.37034145, 0.60215127, 0.48584896, 0.41738331, 0.58761692, 0.28990629, 0.50858390, 0.42753839)
(0.63936073, 0.56331789, 0.15479144, 0.43333146, 0.81839043, 0.64545101, 0.48404694, 0.35114127, 0.50679982, 0.23448004)
(0.86423194, 0.15456723, 0.35296932, 0.31846455, 0.90335453, 0.44291073, 0.64355272, 0.59021670, 0.16338660, 0.26046875)
(0.83128124, 0.05730037, 0.22299868, 0.54183704, 0.81023705, 0.38235539, 0.62689251, 0.86279011, 0.31297019, 0.19028755)
(0.80921710, 0.42323264, 0.53981930, 0.87190259, 0.23547924, 0.36752203, 0.75469482, 0.24710314, 0.30735943, 0.70501167)
(0.81630754, 0.34092498, 0.03423985, 0.92005837, 0.57867694, 0.67256045, 0.80600101, 0.58515406, 0.71912640, 0.24919884)
(0.81517458, 0.33242670, 0.45796084, 0.61191213, 0.62340575, 0.46628618, 0.75056332, 0.39148447, 0.25660729, 0.51631016)
(0.53914368, 0.42569825, 0.11491395, 0.52543026, 0.77990901, 0.70975798, 0.47423562, 0.73845279, 0.56601620, 0.21245778)
(0.50663733, 0.53520983, 0.56930298, 0.72688317, 0.22484787, 0.45177779, 0.50190467, 0.37028551, 0.46271446, 0.61355108)
(0.88162655, 0.14534134, 0.65086114, 0.58662820, 0.54995644, 0.17402047, 0.58707839, 0.30571339, 0.22764386, 0.44416183)
(0.88501400, 0.13900444, 0.16387831, 0.65424806, 0.72024941, 0.36289105, 0.71247524, 0.53701550, 0.43508777, 0.22748612)
(0.54720557, 0.72424299, 0.86016220, 0.50266951, 0.38826814, 0.50264114, 0.42560729, 0.23220764, 0.19972201, 0.68480521)
(0.58606994, 0.28920856, 0.59747291, 0.26092619, 0.61036217, 0.26313588, 0.24613424, 0.40509158, 0.44807598, 0.26426104)
(0.74352801, 0.37700471, 0.45871884, 0.48768803, 0.60637015, 0.41359979, 0.59393108, 0.34384632, 0.36941805, 0.41825879)
(0.76022023, 0.28700906, 0.13434888, 0.71943724, 0.56343067, 0.46387613, 0.62355691, 0.48841423, 0.64961064, 0.24449182)
(0.55726743, 0.45683911, 0.28267097, 0.47564611, 0.60190934, 0.53412378, 0.46126845, 0.47137499, 0.58134520, 0.30527604)
(0.80105054, 0.68177348, 0.40272889, 0.39664289, 0.75671041, 0.47524938, 0.53246504, 0.07228266, 0.38241300, 0.30735347)
(0.63098657, 0.43717945, 0.55910820, 0.48302048, 0.51088458, 0.45666644, 0.54231995, 0.39446190, 0.39600295, 0.47819856)
(0.68771619, 0.38281006, 0.29259381, 0.43360722, 0.70223051, 0.48353240, 0.52440822, 0.42664894, 0.46009761, 0.29895806)
(0.91766572, 0.14513870, 0.45253408, 0.79109722, 0.52938974, 0.30358678, 0.83417767, 0.40693048, 0.22050610, 0.51868755)
(0.86059928, 0.05853739, 0.38690546, 0.34988990, 0.88674814, 0.35269156, 0.59424067, 0.81853944, 0.16076182, 0.22093922)
(0.38562167, 0.51890218, 0.53288448, 0.72801179, 0.19038028, 0.46924528, 0.40644181, 0.50296313, 0.56134921, 0.57879221)
(0.78387100, 0.48370469, 0.61936134, 0.52194309, 0.62357360, 0.50974017, 0.71362466, 0.28569654, 0.21230206, 0.56126165)
(0.82589000, 0.39573222, 0.37375101, 0.44866133, 0.81981176, 0.54632670, 0.69718498, 0.32010683, 0.23880830, 0.38596478)
(0.71158004, 0.17221534, 0.12581123, 0.74438685, 0.53805500, 0.42960441, 0.55382580, 0.72104508, 0.69220966, 0.20032519)
(0.56095809, 0.35750076, 0.32082361, 0.54212642, 0.36062297, 0.23179697, 0.25660902, 0.23622705, 0.71546257, 0.27820033)
(0.81747895, 0.48974848, 0.33605027, 0.65267813, 0.60368204, 0.49978814, 0.74396944, 0.21911220, 0.37623826, 0.47798914)
(0.92378432, 0.16802157, 0.26469141, 0.71316379, 0.58917099, 0.22198521, 0.70952827, 0.24954996, 0.39131114, 0.32029039)
(0.84820944, 0.12343185, 0.49879840, 0.44181049, 0.74726504, 0.29622915, 0.60007858, 0.57487142, 0.21371725, 0.33527631)
(0.93455452, 0.41541326, 0.18253209, 0.89281809, 0.60604483, 0.55759305, 0.92475909, 0.19991618, 0.26067245, 0.60602576)
(0.77793986, 0.27486959, 0.23474292, 0.72773564, 0.48559687, 0.41805080, 0.67191654, 0.45617226, 0.56360346, 0.34666929)
(0.56389171, 0.39361253, 0.47390288, 0.10745115, 0.81962013, 0.21704224, 0.09790955, 0.19653009, 0.49359074, 0.09461713)
(0.72939420, 0.72917157, 0.68596989, 0.45095009, 0.76677209, 0.73848999, 0.69650555, 0.29703015, 0.10492040, 0.63281697)
(0.64406598, 0.21374206, 0.17324929, 0.89817500, 0.18790931, 0.31479055, 0.52738822, 0.54882747, 0.77462524, 0.33502039)
(0.78020954, 0.28440744, 0.39993563, 0.59716177, 0.54068309, 0.37013704, 0.63851637, 0.39739349, 0.40806386, 0.41029131)
(0.71974045, 0.18373081, 0.13610788, 0.80064702, 0.57663548, 0.58783656, 0.69899255, 0.83841258, 0.56095767, 0.29787725)
(0.72864318, 0.79097748, 0.24905090, 0.78014773, 0.58942550, 0.73972535, 0.75172365, 0.24427904, 0.37087867, 0.58340847)
(0.87491536, 0.33723763, 0.18528304, 0.84670943, 0.52985132, 0.50374329, 0.84866524, 0.32810071, 0.43550277, 0.47596273)
(0.74779946, 0.42507333, 0.25068083, 0.80338132, 0.46636125, 0.60414773, 0.78194284, 0.50038457, 0.46963882, 0.51584876)
(0.77715456, 0.19059983, 0.61304551, 0.60162258, 0.49645075, 0.29768062, 0.59730220, 0.48229188, 0.30071989, 0.48291889)
(0.82572281, 0.10794795, 0.33743840, 0.35304776, 0.72643638, 0.17281170, 0.34465370, 0.48670489, 0.42984760, 0.15215531)
(0.81042147, 0.31979719, 0.22911716, 0.73240542, 0.70234883, 0.67939168, 0.82948202, 0.67544103, 0.28492144, 0.48341513)
(0.83532196, 0.15942788, 0.26026002, 0.46231481, 0.76843333, 0.35307479, 0.58900982, 0.56597382, 0.37158486, 0.22822642)
(0.73549181, 0.49569988, 0.46384880, 0.46152535, 0.68577129, 0.52381682, 0.62421757, 0.29262245, 0.32459664, 0.43940347)
(0.71467948, 0.46480531, 0.32096308, 0.60100502, 0.67418808, 0.65663797, 0.71756625, 0.51636201, 0.33180749, 0.49198222)
(0.84401792, 0.22296372, 0.16701035, 0.69921905, 0.55466920, 0.32504061, 0.62611783, 0.35962391, 0.59923881, 0.23991372)
(0.70527244, 0.33066350, 0.29366356, 0.65339810, 0.45689765, 0.41036189, 0.58111620, 0.42379138, 0.58570427, 0.35495934)
(0.52247643, 0.42414501, 0.52504319, 0.15166263, 0.82483411, 0.45345235, 0.24244437, 0.45774692, 0.33289161, 0.22130840)
(0.76916236, 0.31037885, 0.10960811, 0.29189643, 0.87692350, 0.38910925, 0.35201046, 0.33543104, 0.54748201, 0.09091559)
(0.66573340, 0.50491518, 0.36949229, 0.53469086, 0.54501081, 0.48372674, 0.56114072, 0.29632354, 0.50467193, 0.40530983)
(0.87715244, 0.37098166, 0.30147311, 0.64233387, 0.75738436, 0.54688042, 0.82395178, 0.32181928, 0.23091888, 0.48076048)
(0.55685246, 0.34888878, 0.37107870, 0.18355314, 0.72934014, 0.22198381, 0.12911056, 0.26547730, 0.59309345, 0.11293685)
(0.81156278, 0.60492885, 0.82861531, 0.50215971, 0.64802349, 0.57423598, 0.75033575, 0.22976883, 0.08070932, 0.70134419)
(0.63070941, 0.43784818, 0.32291865, 0.52425104, 0.62659842, 0.58099324, 0.59381777, 0.50896525, 0.45602354, 0.39984083)
(0.70688206, 0.34162334, 0.19535480, 0.55178499, 0.73989606, 0.61284584, 0.64574945, 0.60218722, 0.45532060, 0.30519155)
(0.89990574, 0.53557080, 0.52674878, 0.72440809, 0.56811839, 0.44839212, 0.82788783, 0.10984851, 0.19257103, 0.61796325)
(0.80759257, 0.53775948, 0.54479778, 0.48385552, 0.76502419, 0.61251169, 0.73631185, 0.28117433, 0.16680850, 0.53210384)
(0.49068519, 0.64912987, 0.23848994, 0.36508960, 0.60916156, 0.41268644, 0.22931327, 0.15026133, 0.71909267, 0.17921610)
(0.83950126, 0.59042579, 0.40329266, 0.60978168, 0.78106177, 0.69803482, 0.82013339, 0.26818761, 0.16423638, 0.57149500)
(0.82984370, 0.06024793, 0.34289137, 0.24871264, 0.91344106, 0.31696066, 0.43947479, 0.81320065, 0.19379286, 0.15058346)
(0.61953145, 0.43517950, 0.72011417, 0.47786757, 0.60268909, 0.57426041, 0.58867121, 0.61332971, 0.16836832, 0.62181753)
(0.89704251, 0.75705093, 0.68350190, 0.46715432, 0.79372627, 0.56823909, 0.76122540, 0.04800135, 0.10633525, 0.55835974)
(0.49401373, 0.69681132, 0.36711738, 0.65697712, 0.42873454, 0.70328516, 0.56419152, 0.48328355, 0.50828767, 0.51777822)
(0.73581475, 0.26734537, 0.39879051, 0.39110771, 0.64385879, 0.30225781, 0.43041992, 0.39673284, 0.44402766, 0.27324855)
(0.51384676, 0.56054753, 0.59331578, 0.45414773, 0.59129626, 0.66361147, 0.53849983, 0.61907476, 0.26931810, 0.56737399)
(0.82212359, 0.25347999, 0.22662777, 0.34823245, 0.83118457, 0.35628682, 0.48838055, 0.37215853, 0.38708609, 0.18360895)
(0.90499258, 0.06821395, 0.27129453, 0.76351655, 0.46913674, 0.13481553, 0.59387273, 0.43912452, 0.50536793, 0.24268189)
(0.63937581, 0.89181155, 0.47873986, 0.75565130, 0.35015827, 0.63974744, 0.59646392, 0.08700947, 0.40394205, 0.65283841)
(0.38906929, 0.73279750, 0.22682247, 0.75505185, 0.47697917, 0.86828244, 0.56967801, 0.80106682, 0.49361664, 0.48737222)
(0.41318506, 0.50573695, 0.21930918, 0.44050616, 0.60972995, 0.53916883, 0.27935296, 0.53850043, 0.68354934, 0.21942112)
(0.68331325, 0.49989519, 0.24873486, 0.50394505, 0.62714046, 0.47405425, 0.50971949, 0.27097437, 0.56156522, 0.29803079)
(0.69750279, 0.30080676, 0.33772156, 0.52349645, 0.39171961, 0.13949460, 0.22625393, 0.13108917, 0.68959582, 0.23702370)
(0.81867635, 0.23331437, 0.36181182, 0.69443184, 0.35065186, 0.13337065, 0.40754789, 0.13720693, 0.59135735, 0.34548417)
(0.57242012, 0.07493807, 0.31940374, 0.69776261, 0.44548446, 0.25845841, 0.29863352, 0.89121372, 0.60568076, 0.22530831)
(0.41544187, 0.41816041, 0.39015546, 0.22428651, 0.67699707, 0.34136721, 0.14947833, 0.41027233, 0.61848891, 0.15866919)
(0.87269884, 0.13704067, 0.20944765, 0.56213117, 0.61276257, 0.17733608, 0.45647439, 0.33065107, 0.57029974, 0.16401292)
(0.77050215, 0.41455200, 0.10638388, 0.50891596, 0.83810902, 0.59854138, 0.60349280, 0.39083335, 0.48999622, 0.20784064)
(0.66677123, 0.33993018, 0.17643532, 0.72335798, 0.50395477, 0.53045052, 0.61136031, 0.56182855, 0.64912784, 0.30835354)
(0.62560308, 0.51222295, 0.24318866, 0.66184098, 0.62979245, 0.72333908, 0.68247253, 0.63787532, 0.41698077, 0.46731120)
(0.66089976, 0.62346017, 0.43548095, 0.60434783, 0.64577174, 0.73124969, 0.71375024, 0.48087183, 0.25612095, 0.60091484)
(0.78030789, 0.24919845, 0.24301063, 0.37367314, 0.79111987, 0.38350397, 0.48603961, 0.45342591, 0.42443448, 0.19950970)
(0.83593386, 0.55730760, 0.53170294, 0.36207294, 0.83255422, 0.53516716, 0.64711273, 0.16047752, 0.18859777, 0.40713397)
(0.64214754, 0.45629025, 0.18765451, 0.36305481, 0.74493319, 0.44925442, 0.36838937, 0.31228158, 0.59847069, 0.17515594)
(0.72423065, 0.58834273, 0.49199194, 0.77349550, 0.48939276, 0.70302749, 0.82021475, 0.50077850, 0.19943939, 0.72595090)
(0.73948544, 0.33140489, 0.43412799, 0.32679826, 0.70436770, 0.32449701, 0.42242429, 0.31857368, 0.39201799, 0.27351344)
(0.68559885, 0.44596538, 0.22917941, 0.54550868, 0.70635480, 0.60766953, 0.62523007, 0.46012244, 0.45935696, 0.35173899)
(0.58044815, 0.38012516, 0.12621208, 0.72828954, 0.54013121, 0.60393155, 0.53943366, 0.66363317, 0.69606984, 0.26332515)
(0.76743233, 0.18410087, 0.17667158, 0.49823529, 0.75667518, 0.43242121, 0.54189569, 0.64201993, 0.49605820, 0.18815681)
(0.59265357, 0.49759996, 0.68069422, 0.54759753, 0.56237847, 0.63809079, 0.61753368, 0.65920287, 0.17290378, 0.66355669)
(0.80112082, 0.55738539, 0.64126480, 0.42467415, 0.73233175, 0.53413635, 0.67204636, 0.20735785, 0.17547102, 0.51551163)
(0.81841213, 0.60912156, 0.22174385, 0.68207926, 0.78802943, 0.74950951, 0.81650633, 0.32654142, 0.24931133, 0.51535130)
(0.68843776, 0.26474455, 0.19249237, 0.65685463, 0.55770957, 0.47479382, 0.57152444, 0.60822016, 0.61702961, 0.26672706)
(0.66236985, 0.39098471, 0.58763552, 0.56107283, 0.62449527, 0.63354695, 0.67562664, 0.69829136, 0.18556824, 0.60022366)
(0.53575218, 0.56929922, 0.23252703, 0.57684445, 0.63950557, 0.70841545, 0.55703151, 0.57618260, 0.50310057, 0.38831079)
(0.57852107, 0.43776646, 0.31694359, 0.44854361, 0.67365867, 0.59006077, 0.51473957, 0.54977107, 0.46648097, 0.34842002)
(0.63623118, 0.64348149, 0.42419299, 0.49545255, 0.61558759, 0.59945685, 0.56946456, 0.25387236, 0.41995555, 0.44274846)
(0.84408349, 0.07796718, 0.22912787, 0.69757605, 0.62286156, 0.31061465, 0.66943997, 0.72689253, 0.42731190, 0.23951733)
(0.79220939, 0.30451253, 0.35721207, 0.74115026, 0.39541033, 0.35464576, 0.67172480, 0.32394794, 0.49285546, 0.46075040)
(0.61126673, 0.46335486, 0.21771966, 0.50934374, 0.61899322, 0.51556963, 0.47163528, 0.39973742, 0.61539960, 0.26708511)
(0.60332561, 0.26804644, 0.10464570, 0.75549275, 0.40362570, 0.37200642, 0.39171171, 0.52543640, 0.81782562, 0.17666872)
(0.30737859, 0.55531752, 0.30166504, 0.40195704, 0.63245171, 0.65676373, 0.25122997, 0.74657148, 0.56373763, 0.28501526)
(0.68801481, 0.34592134, 0.41466933, 0.32642984, 0.64883959, 0.29012683, 0.33619082, 0.29433602, 0.48664039, 0.24063221)
(0.69226694, 0.57669431, 0.43227822, 0.46210650, 0.71501338, 0.62343031, 0.61603552, 0.32110155, 0.31577840, 0.44789714)
(0.58912164, 0.62503767, 0.20967881, 0.67229784, 0.48673597, 0.57302630, 0.53503042, 0.29556510, 0.64331317, 0.37027225)
(0.74419647, 0.49873245, 0.25762212, 0.60953557, 0.78031141, 0.74926984, 0.75538731, 0.56916451, 0.25782010, 0.48736176)
(0.36618310, 0.65970582, 0.06353065, 0.53134370, 0.66155148, 0.62273133, 0.21788375, 0.38711604, 0.83662111, 0.12248483)
(0.68504363, 0.23007520, 0.21361226, 0.63278985, 0.52782059, 0.40090781, 0.50618696, 0.60095978, 0.63894540, 0.24157670)
(0.78248727, 0.18548658, 0.15803479, 0.94147235, 0.20652273, 0.38224486, 0.74402601, 0.60093457, 0.68876690, 0.40232894)
(0.78616238, 0.38083169, 0.59418070, 0.38735321, 0.74725884, 0.47181445, 0.63493890, 0.34845302, 0.19738248, 0.45300114)
(0.80680066, 0.54353458, 0.41750824, 0.90138435, 0.32795170, 0.61442167, 0.86146867, 0.41251558, 0.24319373, 0.76197886)
(0.87315547, 0.26350671, 0.35883337, 0.86131150, 0.29543227, 0.25103012, 0.72864240, 0.17896782, 0.44760165, 0.53627914)
(0.58924937, 0.60878623, 0.42253682, 0.56794149, 0.64353359, 0.74012786, 0.65061176, 0.58549601, 0.28399155, 0.57135445)
(0.67903048, 0.36005142, 0.31791070, 0.61442566, 0.65447158, 0.65901655, 0.69726890, 0.71891832, 0.33716574, 0.46291476)
(0.71710104, 0.36466977, 0.34769148, 0.52553105, 0.65554243, 0.52289170, 0.64568377, 0.47669360, 0.39230242, 0.40562686)
(0.71190351, 0.35365155, 0.20892675, 0.55646408, 0.69942176, 0.56371230, 0.62547541, 0.53009307, 0.48490140, 0.30582917)
(0.79202539, 0.35603589, 0.20665008, 0.60831285, 0.81033480, 0.69978249, 0.77199364, 0.61844528, 0.27698556, 0.40555641)
(0.66822767, 0.43211925, 0.28081793, 0.48186359, 0.60563236, 0.43980351, 0.48323908, 0.33501735, 0.55871457, 0.29491663)
(0.61464602, 0.35556334, 0.21613778, 0.60855734, 0.60569125, 0.59058505, 0.57714218, 0.64391160, 0.56468827, 0.31609780)
(0.67285830, 0.39987317, 0.16446175, 0.59872955, 0.76434106, 0.72466099, 0.66867959, 0.70757806, 0.41891104, 0.33463785)
(0.86087793, 0.20434999, 0.19398730, 0.65426522, 0.63816130, 0.33996627, 0.66261578, 0.39841959, 0.49407983, 0.25451279)
(0.81443542, 0.43495193, 0.42667022, 0.39041433, 0.79486758, 0.47166312, 0.61761230, 0.24360140, 0.26575106, 0.35641822)
(0.81746447, 0.26679942, 0.27811602, 0.55945259, 0.65975285, 0.37987068, 0.63366783, 0.39315808, 0.42645141, 0.31113723)
(0.77681220, 0.27150300, 0.19249056, 0.79099017, 0.63781518, 0.68776232, 0.81327343, 0.79046249, 0.35885274, 0.45148328)
(0.79978132, 0.30356008, 0.23688293, 0.71976209, 0.54488349, 0.46315020, 0.72590524, 0.43131733, 0.49289960, 0.38392115)
(0.56456566, 0.40878448, 0.22955178, 0.34342936, 0.65944630, 0.34882686, 0.24472629, 0.33473849, 0.67759454, 0.14925036)
(0.47838140, 0.66859305, 0.41575083, 0.38924518, 0.52978420, 0.47535884, 0.31681523, 0.19841234, 0.60519737, 0.31805974)
(0.76826936, 0.83280349, 0.59939158, 0.41715926, 0.77630460, 0.68438303, 0.62162524, 0.08250737, 0.18595253, 0.50985968)
(0.83098841, 0.47063327, 0.12034046, 0.90970016, 0.39235166, 0.56115770, 0.81792384, 0.31222054, 0.61271495, 0.45535731)
(0.50000089, 0.81018329, 0.72663164, 0.64185578, 0.44625592, 0.78656483, 0.63142288, 0.57408404, 0.14223839, 0.79702908)
(0.80297107, 0.64400536, 0.84885478, 0.34619945, 0.59569335, 0.31676468, 0.46475622, 0.06917597, 0.17491467, 0.50558734)
(0.83647758, 0.24138489, 0.31875765, 0.83551389, 0.40480793, 0.40932989, 0.79939514, 0.44652879, 0.41668272, 0.50810903)
(0.80159581, 0.54139847, 0.81174678, 0.48449683, 0.65062153, 0.54653698, 0.73476118, 0.27028689, 0.09349164, 0.67366540)
(0.76432270, 0.45054266, 0.40635669, 0.51707822, 0.60811049, 0.42995316, 0.60736042, 0.25254762, 0.40738606, 0.40727803)
(0.64946276, 0.49027470, 0.18508880, 0.50266063, 0.72027522, 0.58678800, 0.53315187, 0.39729321, 0.54227322, 0.27686834)
(0.85914463, 0.52385348, 0.50556761, 0.59792084, 0.69860834, 0.54735416, 0.80371684, 0.19010295, 0.18484330, 0.56226659)
(0.75161690, 0.40463072, 0.32202104, 0.79735148, 0.46720427, 0.61690658, 0.80316442, 0.56006283, 0.37108323, 0.58163494)
(0.77050084, 0.26439115, 0.39163625, 0.84077263, 0.29545343, 0.38467658, 0.72698194, 0.46627495, 0.46524277, 0.53552955)
(0.87316811, 0.22038624, 0.13656606, 0.77816921, 0.71996975, 0.58379936, 0.84309781, 0.60448998, 0.38694569, 0.35546529)
(0.59069490, 0.45918718, 0.39184672, 0.66831613, 0.66600865, 0.79519039, 0.69534159, 0.87004703, 0.19386643, 0.59053808)
(0.52730328, 0.54020160, 0.26255867, 0.83274019, 0.46071312, 0.79805613, 0.68750483, 0.85250998, 0.37098077, 0.59799409)
(0.77583361, 0.31135553, 0.37474635, 0.76879483, 0.31063578, 0.27173761, 0.58658987, 0.22002082, 0.53823811, 0.46580842)
(0.70319527, 0.79428053, 0.44826329, 0.81715870, 0.64918190, 0.88476509, 0.85158855, 0.63380408, 0.08784438, 0.80794138)
(0.74053872, 0.50995243, 0.23960562, 0.38856214, 0.78610927, 0.49696353, 0.49449381, 0.23317964, 0.46106535, 0.23900983)
(0.76688701, 0.34527421, 0.45416808, 0.45008138, 0.76882303, 0.57171255, 0.69149470, 0.50931835, 0.21543051, 0.45033407)
(0.77357906, 0.31601062, 0.41683957, 0.84081089, 0.30079991, 0.41076666, 0.74343818, 0.44518811, 0.41460297, 0.58575594)
(0.78876120, 0.45536554, 0.09380042, 0.66864377, 0.78453594, 0.65419352, 0.71702731, 0.39062575, 0.50303167, 0.27724999)
(0.67061150, 0.27246881, 0.37160039, 0.67748421, 0.42938176, 0.43500423, 0.61688519, 0.57753330, 0.51918858, 0.41359624)
(0.41018334, 0.56771070, 0.36623076, 0.45187971, 0.65288216, 0.72529572, 0.43591124, 0.74123180, 0.40866479, 0.41754970)
(0.74736714, 0.70473468, 0.89502227, 0.85307592, 0.26296616, 0.62315995, 0.78927314, 0.40866894, 0.05154603, 0.91651899)
(0.78902698, 0.12125053, 0.33032486, 0.24757046, 0.83479375, 0.23963057, 0.32730377, 0.58222836, 0.35278502, 0.14050658)
(0.82097536, 0.77215028, 0.72607780, 0.55344856, 0.59880006, 0.56958729, 0.71933228, 0.08120329, 0.15292943, 0.64233232)
(0.69896132, 0.53645808, 0.52486515, 0.38792944, 0.77636814, 0.65211028, 0.61822051, 0.41152772, 0.21247782, 0.46964493)
(0.82630301, 0.38110784, 0.19490720, 0.49597993, 0.76742941, 0.43123838, 0.60629034, 0.26528931, 0.43425149, 0.25898901)
(0.83562583, 0.31495532, 0.26110420, 0.87034094, 0.23189674, 0.21374694, 0.61490583, 0.10832880, 0.61153829, 0.46315634)
(0.58920670, 0.54853225, 0.41217712, 0.52122420, 0.50434506, 0.52040809, 0.53177232, 0.33030945, 0.52116001, 0.43016765)
(0.56620330, 0.22664103, 0.54679060, 0.27992624, 0.63125998, 0.28769189, 0.25663906, 0.55916804, 0.45588696, 0.24754199)
(0.44630405, 0.66448855, 0.46751079, 0.40568519, 0.73543108, 0.78358895, 0.47781771, 0.69129050, 0.25084892, 0.50835419)
(0.67823297, 0.65242147, 0.16488443, 0.91400480, 0.40182838, 0.80024362, 0.80989188, 0.65290421, 0.44451004, 0.62885463)
(0.56610924, 0.58353478, 0.13870829, 0.65737540, 0.62890148, 0.70166123, 0.56955719, 0.51401860, 0.61432290, 0.32147911)
(0.52682859, 0.74090517, 0.51484001, 0.28027424, 0.75181550, 0.64393348, 0.35596156, 0.24232973, 0.35676917, 0.34715846)
(0.69341856, 0.66828251, 0.27319726, 0.62041968, 0.69791549, 0.70788389, 0.68317169, 0.32879403, 0.36702374, 0.47690511)
(0.46262643, 0.34821194, 0.35784146, 0.45996481, 0.44917619, 0.34198880, 0.27223831, 0.48581001, 0.67913616, 0.26398411)
(0.71544963, 0.79857153, 0.79624301, 0.68126434, 0.39433807, 0.60080534, 0.67540962, 0.16243169, 0.14947085, 0.76898813)
(0.83556616, 0.59394914, 0.40681016, 0.48066121, 0.80790496, 0.59058160, 0.71529621, 0.16228838, 0.22907795, 0.43447572)
(0.68290341, 0.33943397, 0.20403792, 0.61071557, 0.73987728, 0.71492106, 0.69823426, 0.77858305, 0.37460810, 0.37092176)
(0.85888129, 0.44247210, 0.33126783, 0.82679242, 0.37218094, 0.34972811, 0.73863804, 0.11994698, 0.43992168, 0.54901654)
(0.34984347, 0.86680913, 0.68655854, 0.14230900, 0.69200546, 0.40750369, 0.07218866, 0.07372375, 0.43937781, 0.23546308)
(0.84278142, 0.29408222, 0.44916427, 0.66323769, 0.75278974, 0.67128658, 0.85420364, 0.70005637, 0.11139771, 0.60651892)
(0.35633025, 0.48279864, 0.27480832, 0.31813678, 0.50078696, 0.25027707, 0.09648430, 0.22391954, 0.79374510, 0.13892412)
(0.67745167, 0.75454754, 0.41375387, 0.46233672, 0.81268299, 0.78745389, 0.63953537, 0.30161420, 0.21449803, 0.49592847)
(0.41291055, 0.52548009, 0.13524269, 0.47940049, 0.56705904, 0.44985884, 0.21670575, 0.34310791, 0.80393666, 0.15109837)
(0.57093263, 0.57593292, 0.22737835, 0.60125726, 0.64015943, 0.70515931, 0.59221524, 0.53801155, 0.49136260, 0.40667990)
(0.29679522, 0.69796735, 0.20465261, 0.68911260, 0.69577181, 0.92310429, 0.48170415, 0.95345807, 0.31012550, 0.48619261)
(0.59153694, 0.55876333, 0.53708965, 0.78663635, 0.35404801, 0.67485332, 0.70372498, 0.66701555, 0.26980722, 0.72166204)
(0.93632984, 0.13956474, 0.40341026, 0.87048835, 0.39137045, 0.20482336, 0.81979620, 0.26559442, 0.29149014, 0.52775729)
(0.75959671, 0.55507821, 0.33764848, 0.53240299, 0.78024769, 0.68880779, 0.71374369, 0.36510590, 0.25924340, 0.46592796)
(0.56285423, 0.43365452, 0.55616307, 0.45858169, 0.62257826, 0.62726420, 0.55985922, 0.68636423, 0.27354687, 0.52030164)
(0.59756702, 0.51058400, 0.34199828, 0.44181383, 0.65876734, 0.56383324, 0.50606120, 0.39347875, 0.47718757, 0.35537931)
(0.72495550, 0.69064176, 0.36632782, 0.45879009, 0.64027941, 0.47755969, 0.49406156, 0.09110691, 0.51148826, 0.32090607)
(0.52900344, 0.67442739, 0.13088973, 0.61985868, 0.59954292, 0.64423335, 0.45831743, 0.33005962, 0.70143056, 0.27100068)
(0.74531561, 0.35235983, 0.08012538, 0.51620817, 0.88428229, 0.69223458, 0.62164998, 0.60546356, 0.46348631, 0.18312216)
(0.66922343, 0.20598973, 0.26056153, 0.48956716, 0.53041929, 0.24956220, 0.30950636, 0.48281637, 0.68024868, 0.17006154)
(0.36694950, 0.50834471, 0.29529965, 0.49785697, 0.54418898, 0.61248887, 0.32686752, 0.70554662, 0.60498148, 0.31896502)
(0.84122640, 0.25591925, 0.26365829, 0.33979717, 0.83785582, 0.34291199, 0.51365054, 0.33422852, 0.33335117, 0.20780246)
(0.85477638, 0.40608487, 0.34611782, 0.44426546, 0.73834097, 0.35354966, 0.58758146, 0.17123634, 0.35327396, 0.30481750)
(0.88196284, 0.34525818, 0.69793558, 0.57204014, 0.71464372, 0.49431771, 0.82291871, 0.34320498, 0.08785788, 0.63694680)
(0.69710654, 0.58656490, 0.29422075, 0.59550363, 0.68801922, 0.68263060, 0.68609774, 0.38440162, 0.36470029, 0.47325769)
(0.67149371, 0.43333104, 0.37554261, 0.49927482, 0.52994978, 0.39910313, 0.48566803, 0.30339432, 0.53384137, 0.35837600)
(0.73185533, 0.12718482, 0.38818887, 0.88612765, 0.15845543, 0.16604058, 0.52430701, 0.42667699, 0.63947958, 0.46025968)
(0.36750454, 0.15231253, 0.20020282, 0.63605356, 0.36670098, 0.23625925, 0.13840078, 0.79308879, 0.82824463, 0.15197675)
(0.77822030, 0.45107085, 0.34296012, 0.49160039, 0.82603693, 0.68891388, 0.72623098, 0.46173587, 0.21504077, 0.44536093)
(0.87185550, 0.18177505, 0.25303468, 0.54705518, 0.73571277, 0.34003079, 0.66531932, 0.44324756, 0.36107421, 0.26807404)
(0.38851976, 0.79313189, 0.13290679, 0.49928969, 0.75559348, 0.80681956, 0.35101223, 0.48600447, 0.57553089, 0.26982012)
(0.67166203, 0.24993323, 0.13542187, 0.42760575, 0.74759299, 0.40683413, 0.35586676, 0.55881739, 0.64755577, 0.12234925)
(0.75389552, 0.44371036, 0.22030650, 0.33356386, 0.80798388, 0.42319694, 0.43314356, 0.23995049, 0.47240570, 0.18777370)
(0.81669992, 0.27773735, 0.28410044, 0.76956552, 0.43409488, 0.38174498, 0.71984422, 0.36998025, 0.50598860, 0.42261663)
(0.85513932, 0.31400150, 0.61676139, 0.61175275, 0.59569764, 0.39562815, 0.75518894, 0.31340998, 0.18773411, 0.56471699)
(0.67604548, 0.25613663, 0.32325137, 0.46176603, 0.54299188, 0.29321858, 0.37342227, 0.43546700, 0.60123152, 0.22780967)
(0.81613851, 0.34858596, 0.23940709, 0.71137238, 0.55418587, 0.45048934, 0.72755963, 0.33509338, 0.48160082, 0.39579129)
(0.55817538, 0.24326387, 0.40254548, 0.60344523, 0.39019701, 0.33347917, 0.41335589, 0.59541351, 0.61279923, 0.35198632)
(0.69927227, 0.64440274, 0.36258167, 0.46043539, 0.69673818, 0.56854349, 0.55185533, 0.17752479, 0.43424556, 0.36226743)
(0.72646952, 0.38180888, 0.37010509, 0.43810323, 0.70631170, 0.48192537, 0.58310789, 0.39802909, 0.37217736, 0.36142489)
(0.64963084, 0.38854057, 0.18941557, 0.75122887, 0.35380951, 0.40273255, 0.52028263, 0.32129538, 0.72371411, 0.31646600)
(0.86533862, 0.31745026, 0.27252236, 0.54520041, 0.71624166, 0.36005706, 0.65995753, 0.25179592, 0.36681339, 0.32366559)
(0.65509909, 0.44420868, 0.12084938, 0.61997944, 0.63860732, 0.55884820, 0.52845520, 0.43127725, 0.67762989, 0.22537534)
(0.80926049, 0.52693331, 0.90377343, 0.70476311, 0.46035779, 0.53259629, 0.78378415, 0.36342680, 0.04826758, 0.84648067)
(0.77003324, 0.57976413, 0.19459489, 0.67965722, 0.77221137, 0.75261497, 0.77561402, 0.43531767, 0.29276207, 0.48320377)
(0.58259135, 0.70918745, 0.22404735, 0.74679297, 0.48310712, 0.72021973, 0.63763821, 0.43866655, 0.54647195, 0.47896990)
(0.75471920, 0.55114913, 0.27266404, 0.43941951, 0.82520384, 0.62147677, 0.61071795, 0.25547597, 0.34530464, 0.32113603)
(0.74615443, 0.43811101, 0.49274552, 0.85741544, 0.36187574, 0.61761802, 0.81927335, 0.60339051, 0.22757086, 0.73676598)
(0.62831402, 0.30151302, 0.32547796, 0.55405182, 0.44739294, 0.33908486, 0.41884750, 0.44035131, 0.63369346, 0.29460642)
(0.64512062, 0.21306264, 0.48065796, 0.38299543, 0.63957548, 0.36063284, 0.42375243, 0.61292386, 0.39830571, 0.30979529)
(0.73429072, 0.29798803, 0.27268457, 0.85224569, 0.29330954, 0.42646030, 0.70187014, 0.47402745, 0.58673716, 0.46166691)
(0.70701808, 0.47531849, 0.41090068, 0.52720124, 0.68481499, 0.62676525, 0.68206775, 0.46219555, 0.29645631, 0.49506080)
(0.71509016, 0.34115031, 0.20782137, 0.61990529, 0.78180861, 0.75578642, 0.74343055, 0.80997944, 0.29274291, 0.40982053)
(0.73882192, 0.18418790, 0.27742136, 0.58996838, 0.48027083, 0.23944858, 0.41112551, 0.45805803, 0.64277554, 0.22705317)
(0.70337123, 0.32038930, 0.21347018, 0.49895480, 0.80739552, 0.66875458, 0.64869255, 0.68492317, 0.36098674, 0.31194746)
(0.76395309, 0.39420915, 0.38485336, 0.61633658, 0.70895058, 0.67797118, 0.78308392, 0.62489671, 0.21233116, 0.54797953)
(0.57103533, 0.40422854, 0.36839825, 0.44971454, 0.71033543, 0.66881263, 0.55512434, 0.74066484, 0.34125450, 0.40476659)
(0.85845423, 0.69912189, 0.21333934, 0.49261826, 0.78294355, 0.46590126, 0.57313746, 0.04694069, 0.46924266, 0.24274546)
(0.58292019, 0.34128696, 0.16358481, 0.77022475, 0.46151716, 0.59399366, 0.57243639, 0.72671938, 0.67078686, 0.31853250)
(0.76700431, 0.38412699, 0.48321921, 0.48679459, 0.65590614, 0.45834267, 0.65344787, 0.35149929, 0.29880750, 0.45113146)
(0.60727811, 0.29281437, 0.42199087, 0.57124901, 0.34416467, 0.21392909, 0.30914870, 0.28627360, 0.64621323, 0.34964928)
(0.84306020, 0.07380922, 0.44253367, 0.59488308, 0.57746667, 0.18708682, 0.53357798, 0.60474277, 0.35935456, 0.28421566)
(0.88971370, 0.30037600, 0.36629042, 0.61617166, 0.75587374, 0.48561731, 0.82268941, 0.34452468, 0.19359954, 0.48472044)
(0.70258689, 0.65457976, 0.30894285, 0.88980556, 0.39192060, 0.78161299, 0.84086263, 0.60029471, 0.29767367, 0.72928715)
(0.82661891, 0.14661384, 0.11741742, 0.73223764, 0.59813380, 0.35908601, 0.62096339, 0.59524697, 0.63454330, 0.18422018)
(0.76351410, 0.46617663, 0.44313091, 0.37742475, 0.65790766, 0.33549339, 0.44292840, 0.16867998, 0.43153468, 0.29804102)
(0.48868373, 0.84711003, 0.37944978, 0.71485913, 0.44752112, 0.81803596, 0.61353272, 0.43486294, 0.40509740, 0.61509812)
(0.82233816, 0.42393008, 0.70362079, 0.45817646, 0.64930844, 0.40084162, 0.65651745, 0.22501409, 0.18163894, 0.52801418)
(0.76926392, 0.42315018, 0.21798879, 0.65360993, 0.67962646, 0.60455817, 0.73863703, 0.43101028, 0.41553271, 0.41162610)
(0.60189509, 0.27027464, 0.42836794, 0.46248624, 0.50857604, 0.34474558, 0.40163508, 0.53312349, 0.54516309, 0.31506526)
(0.78408164, 0.50498611, 0.37541017, 0.47292173, 0.85994703, 0.74645716, 0.74269658, 0.47552678, 0.15896483, 0.47920412)
(0.84761739, 0.40405545, 0.61595207, 0.70996028, 0.66830295, 0.65958869, 0.87631273, 0.54217845, 0.07899027, 0.73652679)
(0.68604320, 0.56191081, 0.55507976, 0.45269889, 0.82587880, 0.79391056, 0.70715493, 0.67904443, 0.09496679, 0.60779184)
(0.81879485, 0.29505613, 0.17132317, 0.55537665, 0.80074275, 0.55781144, 0.70949388, 0.48897076, 0.38321888, 0.28262934)
(0.64777106, 0.60642052, 0.27610552, 0.44813362, 0.83146524, 0.75999218, 0.59826672, 0.47829384, 0.28993198, 0.39085019)
(0.84049404, 0.14888632, 0.17239763, 0.91642129, 0.38437188, 0.47685120, 0.83651268, 0.71952260, 0.51201379, 0.42261550)
(0.86481476, 0.17936057, 0.42579907, 0.56508875, 0.73299158, 0.40745276, 0.75287724, 0.52982408, 0.20429310, 0.42889017)
(0.79005694, 0.23757598, 0.49836883, 0.44706643, 0.64392364, 0.30404854, 0.53858662, 0.39943391, 0.31574315, 0.36618736)
(0.63700134, 0.17822321, 0.28132027, 0.93414158, 0.13933598, 0.35686076, 0.60831767, 0.74285394, 0.65773129, 0.49588466)
(0.70614767, 0.62204367, 0.37227815, 0.20832941, 0.95920658, 0.82144117, 0.52260244, 0.48590490, 0.10800517, 0.30446184)
(0.86535889, 0.44380713, 0.39582527, 0.62049598, 0.65350538, 0.45505217, 0.76768309, 0.19305293, 0.28902104, 0.47994986)
(0.77131349, 0.42112899, 0.36925605, 0.64804399, 0.71560174, 0.71155083, 0.80457056, 0.63347155, 0.19656664, 0.57307410)
(0.71245033, 0.77872616, 0.30133745, 0.84166968, 0.59423459, 0.87055004, 0.85559964, 0.54612380, 0.19545123, 0.74244446)
(0.68992829, 0.26786533, 0.30927062, 0.49681994, 0.69652933, 0.53477710, 0.60659558, 0.65605974, 0.41088068, 0.33277911)
(0.44541600, 0.57309717, 0.16341302, 0.43045658, 0.82190579, 0.78957748, 0.41099158, 0.75123292, 0.44725037, 0.26565796)
(0.64906812, 0.08396057, 0.51174927, 0.54810971, 0.52479887, 0.22209789, 0.35089594, 0.77753061, 0.44831154, 0.30027333)
(0.78035277, 0.81748283, 0.45652089, 0.80568916, 0.53075510, 0.74884808, 0.83568400, 0.19512211, 0.18135561, 0.75068241)
(0.66161007, 0.43782410, 0.25308171, 0.56895697, 0.59385699, 0.52906907, 0.57837737, 0.42016760, 0.54777092, 0.34220165)
(0.79265141, 0.29113141, 0.08246367, 0.87488163, 0.51762319, 0.58415961, 0.77358699, 0.58129871, 0.66834342, 0.30166772)
(0.79309523, 0.11430465, 0.35271156, 0.85311657, 0.19831078, 0.11279297, 0.45951843, 0.31417996, 0.65996122, 0.38584933)
(0.70865732, 0.68220496, 0.65410012, 0.56825686, 0.53378260, 0.60037935, 0.68068492, 0.23209573, 0.22432950, 0.63303494)
(0.72630924, 0.53878760, 0.53855366, 0.41700473, 0.77490020, 0.65965903, 0.66176248, 0.40721986, 0.18538776, 0.50333315)
(0.86829799, 0.56197500, 0.54223931, 0.54310930, 0.81346518, 0.66198629, 0.82108569, 0.24421322, 0.10413348, 0.58702761)
(0.51036918, 0.39117035, 0.21506053, 0.65534884, 0.39240807, 0.43400484, 0.39471841, 0.45871353, 0.73958904, 0.28070784)
(0.48560449, 0.68878877, 0.29562700, 0.39136174, 0.72737956, 0.68306434, 0.39176789, 0.37680575, 0.48117021, 0.31718454)
(0.84229857, 0.48752531, 0.34242961, 0.66088092, 0.64223319, 0.51944888, 0.78530282, 0.20962958, 0.31918302, 0.50027329)
(0.81322294, 0.03805440, 0.30148298, 0.86852032, 0.37701324, 0.18787295, 0.56345367, 0.85050780, 0.51155275, 0.28590602)
(0.71321398, 0.65640247, 0.19341506, 0.33336174, 0.78901678, 0.45232540, 0.35004634, 0.09461784, 0.59569460, 0.15098836)
(0.70805669, 0.44022402, 0.40334979, 0.63997185, 0.66989058, 0.72322500, 0.76812887, 0.69987839, 0.21176252, 0.58485597)
(0.62659717, 0.80315727, 0.28767216, 0.59538943, 0.57857853, 0.62092930, 0.50892925, 0.13514644, 0.56032193, 0.38478166)
(0.78392261, 0.41323012, 0.44153589, 0.54954237, 0.58387876, 0.41537872, 0.64558893, 0.26724935, 0.37098229, 0.44364434)
(0.85469311, 0.30984160, 0.75687832, 0.27949670, 0.69188356, 0.15146714, 0.34300348, 0.10856566, 0.22364374, 0.30916265)
(0.81228447, 0.41975760, 0.33038977, 0.71005046, 0.65707052, 0.64882040, 0.83060861, 0.48913515, 0.24711330, 0.57305187)
(0.73312879, 0.38113376, 0.37949249, 0.48331964, 0.83131653, 0.74578637, 0.72557330, 0.74389231, 0.16023488, 0.47972995)
(0.58449507, 0.28121918, 0.50424302, 0.89961565, 0.10394271, 0.27673796, 0.51809567, 0.47536314, 0.56011665, 0.64424682)
(0.75500822, 0.63012552, 0.71090549, 0.36630556, 0.65907049, 0.46402702, 0.54957438, 0.14092836, 0.22764102, 0.48341826)
(0.65339899, 0.77820933, 0.68670475, 0.86249703, 0.27107495, 0.71181566, 0.77027583, 0.42397556, 0.14771529, 0.86094457)
(0.74164665, 0.31855428, 0.19913068, 0.41685069, 0.81310993, 0.52988219, 0.55803496, 0.49224615, 0.42672458, 0.22986867)
(0.54100347, 0.72007108, 0.10286107, 0.62320417, 0.80729204, 0.86342812, 0.58566320, 0.60611683, 0.45295438, 0.32782903)
(0.77650583, 0.79225034, 0.52769679, 0.41830412, 0.77791756, 0.64228535, 0.62020689, 0.07895338, 0.23409450, 0.45070335)
(0.90515232, 0.04565426, 0.35997054, 0.71548069, 0.71588081, 0.32122824, 0.78972042, 0.80469412, 0.19615431, 0.33987945)
(0.73471802, 0.47113797, 0.31185728, 0.45771095, 0.83491743, 0.70269847, 0.67330593, 0.48586011, 0.24673560, 0.40273502)
(0.70365006, 0.65296078, 0.48448575, 0.48114681, 0.62784207, 0.55300385, 0.59402668, 0.17247406, 0.37164313, 0.45311329)
(0.85012978, 0.09836467, 0.08378936, 0.88289398, 0.42232823, 0.28909701, 0.65036529, 0.64458811, 0.74029404, 0.17700173)
(0.66298997, 0.35061920, 0.42398241, 0.31913003, 0.68452555, 0.36039874, 0.38567746, 0.37955421, 0.43624166, 0.27183583)
(0.84924841, 0.26825163, 0.38469452, 0.40894428, 0.87490559, 0.56164163, 0.73296970, 0.49254137, 0.15521297, 0.37985918)
(0.95639646, 0.05270174, 0.34471381, 0.59797806, 0.71848434, 0.10846927, 0.63324732, 0.35439098, 0.24497601, 0.21013407)
(0.55791485, 0.40315163, 0.27533326, 0.31277665, 0.73359996, 0.46097341, 0.32714981, 0.46095669, 0.54746443, 0.20067328)
(0.48494098, 0.65303797, 0.46502694, 0.55877227, 0.34652168, 0.42583123, 0.34047377, 0.17089975, 0.60480678, 0.40810242)
(0.56521785, 0.62448245, 0.58207977, 0.77137429, 0.23716915, 0.50591803, 0.58748770, 0.33805916, 0.38118309, 0.69459093)
(0.52528840, 0.53499401, 0.38951138, 0.57071680, 0.65900314, 0.77341533, 0.61237276, 0.79594558, 0.27574238, 0.53411025)
(0.89705622, 0.25864163, 0.54980582, 0.65072954, 0.74705404, 0.53322816, 0.86642426, 0.48976383, 0.09041151, 0.62282723)
(0.83882374, 0.13151553, 0.14904197, 0.60159099, 0.74733776, 0.40373760, 0.64204466, 0.66800791, 0.47651601, 0.19092204)
(0.62901688, 0.44797084, 0.42462260, 0.41402212, 0.61567026, 0.47125983, 0.49316475, 0.37931028, 0.45468011, 0.36578828)
(0.66486579, 0.59537488, 0.30108505, 0.62077230, 0.68017310, 0.73551542, 0.70320600, 0.49723434, 0.32941034, 0.52391565)
(0.81103015, 0.08189474, 0.27997091, 0.93872911, 0.23844667, 0.31299728, 0.74656242, 0.82116163, 0.50748879, 0.44838139)
(0.91581732, 0.11016118, 0.58207434, 0.79604834, 0.59820044, 0.37268370, 0.86219174, 0.63475806, 0.10669116, 0.62388498)
(0.88490981, 0.18525946, 0.30130720, 0.86980957, 0.35570329, 0.29991880, 0.79461926, 0.36194810, 0.44121867, 0.47870106)
(0.83381760, 0.79214543, 0.72664666, 0.48128280, 0.73548746, 0.64753395, 0.73690158, 0.08383783, 0.10758658, 0.62581301)
(0.65998620, 0.26688898, 0.38418081, 0.13280518, 0.90725261, 0.40427300, 0.27743119, 0.51942271, 0.28092399, 0.15315434)
(0.89649540, 0.25916281, 0.33382165, 0.40576166, 0.85328221, 0.37649149, 0.67656142, 0.28882834, 0.21017005, 0.29893705)
(0.85661852, 0.26730320, 0.29133925, 0.61758536, 0.66589707, 0.39043579, 0.71881551, 0.35636973, 0.35540092, 0.36905932)
(0.75292456, 0.42163810, 0.47313780, 0.58859807, 0.49054942, 0.38393983, 0.60530132, 0.25749061, 0.42097619, 0.46798936)
(0.65671182, 0.26241922, 0.31205273, 0.53135651, 0.53626806, 0.38471666, 0.47208974, 0.54590893, 0.57609636, 0.27909768)
(0.61495936, 0.37098995, 0.35553288, 0.61254841, 0.43148163, 0.44830194, 0.53819191, 0.47592089, 0.58546036, 0.38764563)
(0.77390897, 0.27947089, 0.36619392, 0.81331807, 0.37150413, 0.43980747, 0.75335568, 0.50379491, 0.43393731, 0.52759826)
(0.82027656, 0.16701160, 0.26456198, 0.70814049, 0.64220113, 0.50098330, 0.77647269, 0.69710886, 0.35839453, 0.38013446)
(0.84821355, 0.28712684, 0.51433891, 0.44118124, 0.70320344, 0.31567162, 0.60953778, 0.27656811, 0.24948506, 0.38392213)
(0.73819727, 0.58949828, 0.54339498, 0.57904953, 0.46249878, 0.41044983, 0.57122898, 0.13962039, 0.40929735, 0.49279404)
(0.81643885, 0.20601609, 0.19645704, 0.85195035, 0.45430362, 0.47672829, 0.79385561, 0.60421354, 0.51823646, 0.40140894)
(0.79422307, 0.56394953, 0.30153009, 0.62293822, 0.80546314, 0.77360690, 0.80373764, 0.47012874, 0.18770336, 0.55452448)
(0.74361414, 0.42092836, 0.39994055, 0.49403304, 0.71480721, 0.56479049, 0.67019409, 0.41124031, 0.30498612, 0.44109783)
(0.72497958, 0.66182673, 0.73057050, 0.41374350, 0.66774458, 0.58731622, 0.62001419, 0.21516547, 0.16948591, 0.57564169)
(0.68668586, 0.43906665, 0.50678223, 0.63778114, 0.64812863, 0.72515792, 0.75764841, 0.74315953, 0.16217573, 0.63910133)
(0.77797723, 0.53866571, 0.39205530, 0.66084129, 0.57668877, 0.56343162, 0.75862753, 0.25461817, 0.32758576, 0.54974627)
(0.73056042, 0.72041810, 0.51430231, 0.57302833, 0.62322998, 0.64804178, 0.69965190, 0.18036410, 0.26626822, 0.57091624)
(0.57352394, 0.45623213, 0.51776761, 0.47277352, 0.74009693, 0.75702465, 0.61034781, 0.82464635, 0.16733234, 0.54746664)
(0.62452078, 0.34802839, 0.29301584, 0.51057696, 0.56446457, 0.45062995, 0.47684604, 0.49772325, 0.58096081, 0.29078183)
(0.88318473, 0.18701319, 0.25099915, 0.61712492, 0.58845603, 0.21402022, 0.56514508, 0.26923153, 0.49847057, 0.25108239)
(0.66780412, 0.62560487, 0.13461486, 0.82726240, 0.47597703, 0.67538482, 0.69465083, 0.42804843, 0.63024682, 0.42218900)
(0.72965050, 0.37885123, 0.23291875, 0.59774172, 0.67518920, 0.58202112, 0.68328857, 0.50165230, 0.44933099, 0.36725128)
(0.88211310, 0.41132492, 0.75026643, 0.55780870, 0.75139993, 0.57288945, 0.84833688, 0.34779853, 0.05694506, 0.69258732)
(0.70624840, 0.67933559, 0.32623410, 0.84827495, 0.51042998, 0.82503486, 0.85419470, 0.61774868, 0.22489089, 0.73647302)
(0.85759497, 0.37776816, 0.29803032, 0.54534197, 0.86077023, 0.67202353, 0.80528510, 0.44379032, 0.16830969, 0.45034888)
(0.80576503, 0.19162528, 0.28393972, 0.11128660, 0.95819980, 0.36977378, 0.32321903, 0.49613747, 0.20011570, 0.10801028)
(0.67988670, 0.36513162, 0.07121392, 0.82787824, 0.54143113, 0.62351060, 0.64453197, 0.61448663, 0.73749661, 0.24027842)
(0.77462542, 0.21451506, 0.27780277, 0.81262332, 0.42264694, 0.45418578, 0.75392604, 0.60950619, 0.49408343, 0.43245322)
(0.57911140, 0.52899039, 0.09856866, 0.49399441, 0.66315019, 0.46899736, 0.31368530, 0.27111590, 0.77517432, 0.13297045)
(0.78819811, 0.74825513, 0.48362237, 0.68691760, 0.71104699, 0.78278726, 0.83835828, 0.26271433, 0.13084663, 0.69604445)
(0.65399170, 0.83453357, 0.60015237, 0.63918626, 0.49360991, 0.69530994, 0.66082269, 0.17709459, 0.25658652, 0.66837364)
(0.59664595, 0.40675631, 0.19148734, 0.62288988, 0.50546896, 0.48695475, 0.47659341, 0.45818257, 0.69332588, 0.26534948)
(0.63068157, 0.40637732, 0.34079751, 0.61307657, 0.52870458, 0.57252455, 0.63273662, 0.56569749, 0.48173901, 0.44285145)
(0.74612767, 0.41842368, 0.25689450, 0.66685319, 0.50492841, 0.44031516, 0.62538069, 0.29685253, 0.56169254, 0.37440014)
(0.57393438, 0.22981374, 0.30590564, 0.73529607, 0.25872457, 0.24516311, 0.37384740, 0.45401481, 0.73024744, 0.33327469)
(0.77112186, 0.48297426, 0.28476250, 0.46899092, 0.72679895, 0.47876510, 0.58266175, 0.23695718, 0.42467186, 0.31360090)
(0.80798393, 0.26202032, 0.55400395, 0.62589419, 0.51636153, 0.34937590, 0.68111241, 0.38946572, 0.29013383, 0.50813544)
(0.66727424, 0.24626377, 0.24553491, 0.40777272, 0.71663326, 0.42292351, 0.42573753, 0.59794980, 0.52609187, 0.20113336)
(0.48605064, 0.39842650, 0.31454045, 0.50440520, 0.51118964, 0.48298448, 0.38977066, 0.57165623, 0.63484919, 0.30233157)
(0.70948052, 0.60830164, 0.33312884, 0.72287542, 0.56557792, 0.69108224, 0.76433575, 0.42334139, 0.33198440, 0.60226524)
(0.76056254, 0.33626240, 0.15758063, 0.67579895, 0.65946829, 0.56186128, 0.69073266, 0.51378065, 0.52831048, 0.30676219)
(0.67302787, 0.40632299, 0.24152946, 0.59252059, 0.61690283, 0.56498176, 0.62172019, 0.49336338, 0.51974118, 0.35398641)
(0.79058069, 0.13018879, 0.13434228, 0.80025858, 0.56913042, 0.45627359, 0.69880271, 0.76815408, 0.57868940, 0.25091830)
(0.75566852, 0.41069469, 0.30780581, 0.59122527, 0.68970466, 0.60005754, 0.72553283, 0.46717024, 0.33728933, 0.45708781)
(0.56127423, 0.12093867, 0.12213442, 0.92825770, 0.22003695, 0.40147716, 0.46758628, 0.91277283, 0.78014904, 0.26534101)
(0.81164533, 0.40881705, 0.29605916, 0.59548867, 0.70306760, 0.53092188, 0.73826987, 0.33884746, 0.33560422, 0.43666413)
(0.55258679, 0.37641424, 0.15259781, 0.40606526, 0.83674294, 0.70055419, 0.45236155, 0.76979786, 0.46898207, 0.20813802)
(0.83062541, 0.07408427, 0.43584275, 0.87559116, 0.35328376, 0.27437896, 0.71791792, 0.78580397, 0.35115287, 0.48229611)
(0.60085505, 0.45480677, 0.51199460, 0.15419216, 0.83072871, 0.41023210, 0.25777829, 0.29879102, 0.34958005, 0.19825768)
(0.33396021, 0.41193458, 0.16715349, 0.56637198, 0.35805950, 0.31274390, 0.14290886, 0.39160538, 0.85318047, 0.17277516)
(0.72566760, 0.55081147, 0.49524200, 0.66073698, 0.59018958, 0.67423689, 0.77838075, 0.46493003, 0.21219465, 0.65160626)
(0.74604756, 0.43240765, 0.57114857, 0.36549458, 0.80066162, 0.60357875, 0.64105976, 0.46671602, 0.16135675, 0.47157213)
(0.38482049, 0.51242399, 0.24756406, 0.42167974, 0.63401985, 0.59811258, 0.29814124, 0.64019138, 0.62350309, 0.25288963)
(0.58906114, 0.46343750, 0.27496827, 0.50380409, 0.68756515, 0.65331787, 0.56342632, 0.59557271, 0.44808930, 0.37132183)
(0.78254193, 0.26321724, 0.32870245, 0.87606472, 0.19760630, 0.24867646, 0.63915652, 0.24062641, 0.57502526, 0.51719600)
(0.65916699, 0.41712463, 0.16231935, 0.69858491, 0.52685529, 0.54415423, 0.59502077, 0.46314979, 0.66077763, 0.30156365)
(0.76235288, 0.59805965, 0.49931577, 0.72028613, 0.49860758, 0.61042738, 0.79429436, 0.29547495, 0.23744659, 0.67082292)
(0.91803187, 0.10433686, 0.26151592, 0.69964468, 0.52280372, 0.12641285, 0.54685807, 0.26672816, 0.50898814, 0.23281506)
(0.50674969, 0.67079920, 0.50649631, 0.81502205, 0.26791853, 0.70324200, 0.64738470, 0.62889493, 0.36656103, 0.71185434)
(0.55516255, 0.54747671, 0.25507715, 0.45208713, 0.75939602, 0.70843542, 0.51246369, 0.57232022, 0.41295588, 0.34886697)
(0.91240603, 0.35497755, 0.55355847, 0.58372408, 0.77984685, 0.50829011, 0.85506582, 0.27653995, 0.10153473, 0.57309914)
(0.76479572, 0.45026904, 0.57437664, 0.28820902, 0.72160763, 0.33727875, 0.43810835, 0.18619569, 0.31434289, 0.31486028)
(0.62260234, 0.43487868, 0.23365243, 0.47861180, 0.68644619, 0.56241578, 0.51774371, 0.47884762, 0.53193599, 0.28941205)
(0.59247714, 0.82985693, 0.25777993, 0.25077400, 0.92760277, 0.81241047, 0.37447760, 0.21451168, 0.27684510, 0.23781049)
(0.85642654, 0.38222978, 0.47412658, 0.38975474, 0.77786052, 0.38451535, 0.63117242, 0.21276043, 0.23653239, 0.36027974)
(0.61671907, 0.40400982, 0.34897298, 0.57317042, 0.63876528, 0.67452139, 0.64762461, 0.72958845, 0.35240242, 0.46879467)
(0.83962488, 0.53982198, 0.49063820, 0.58110231, 0.73040974, 0.60211384, 0.79757017, 0.23470452, 0.17465948, 0.56520367)
(0.84911942, 0.12551914, 0.21660824, 0.73904324, 0.55386299, 0.32734114, 0.69740033, 0.59207314, 0.48854518, 0.27650893)
(0.66386092, 0.34269631, 0.29035714, 0.89189142, 0.16327623, 0.34901205, 0.61109084, 0.36334354, 0.64343226, 0.51793659)
(0.44845659, 0.53414029, 0.14146766, 0.87248772, 0.20595518, 0.52575284, 0.42843682, 0.45952782, 0.80316085, 0.37450835)
(0.70341998, 0.62071037, 0.39778358, 0.80386782, 0.40467915, 0.65615726, 0.77699435, 0.41268003, 0.33186534, 0.67668569)
(0.70519370, 0.41511548, 0.11747711, 0.66984302, 0.48986381, 0.34511349, 0.42348212, 0.20825571, 0.76006693, 0.19783397)
(0.65405589, 0.38064381, 0.16840361, 0.55622786, 0.64593405, 0.51974535, 0.50963211, 0.48751786, 0.62409222, 0.23556980)
(0.83803171, 0.56637996, 0.73081672, 0.66491073, 0.56145138, 0.57078552, 0.82350981, 0.24167548, 0.10585363, 0.73087299)
(0.66991395, 0.51034838, 0.06241290, 0.58751053, 0.84562570, 0.74281567, 0.58049560, 0.53034776, 0.57132351, 0.19541405)
(0.42293137, 0.69434208, 0.22377741, 0.60626215, 0.58407402, 0.79809952, 0.50358421, 0.63946617, 0.53953791, 0.38582313)
(0.88334846, 0.13984327, 0.17964973, 0.89415473, 0.44961986, 0.41917038, 0.85230160, 0.60555375, 0.46495757, 0.40398940)
(0.73184329, 0.58760542, 0.14627853, 0.85221231, 0.53663832, 0.74438757, 0.80612969, 0.54248822, 0.47852999, 0.52016890)
(0.79889041, 0.58639461, 0.37730002, 0.68573356, 0.68195850, 0.70001268, 0.82486469, 0.33246785, 0.21267429, 0.61433345)
(0.74259204, 0.61300415, 0.37175572, 0.51112843, 0.81984949, 0.76844740, 0.72330838, 0.42251128, 0.19597325, 0.50744152)
(0.78171748, 0.73058182, 0.24221322, 0.76324028, 0.54326594, 0.60246599, 0.71695870, 0.13479705, 0.45181322, 0.49223542)
(0.58835286, 0.57964593, 0.29625428, 0.44637361, 0.76452029, 0.70745426, 0.54259777, 0.49805334, 0.36616477, 0.38520196)
(0.67297411, 0.68428594, 0.40981546, 0.77297390, 0.56111729, 0.80567521, 0.80991435, 0.58400524, 0.20000513, 0.72261292)
(0.87911135, 0.21544281, 0.40124148, 0.19732612, 0.82936901, 0.12120419, 0.23912843, 0.12839730, 0.35666510, 0.11472536)
(0.72009414, 0.54560500, 0.10596294, 0.89870405, 0.45983711, 0.74546880, 0.80176508, 0.60728145, 0.58366776, 0.47274241)
(0.62932205, 0.30839521, 0.50138754, 0.23185785, 0.73329300, 0.32214132, 0.29401311, 0.41484421, 0.39183125, 0.23769003)
(0.61862391, 0.55811375, 0.18388632, 0.53014231, 0.71656704, 0.64310235, 0.54230392, 0.39701802, 0.53168601, 0.31037778)
(0.37523979, 0.13200244, 0.43966606, 0.41905960, 0.49282882, 0.21449296, 0.10133394, 0.82791096, 0.66945750, 0.17022681)
(0.67467731, 0.06823680, 0.51044732, 0.20591317, 0.77916825, 0.15984361, 0.16337994, 0.72537822, 0.37567505, 0.12499945)
(0.62179679, 0.33387360, 0.23852780, 0.32012096, 0.72710603, 0.36982912, 0.29988393, 0.42048877, 0.59003991, 0.15448686)
(0.72265708, 0.72238791, 0.72269469, 0.53834206, 0.65131664, 0.70271981, 0.72178954, 0.29233021, 0.11835857, 0.69089252)
(0.81118619, 0.35179871, 0.36106837, 0.70662451, 0.68986821, 0.68374294, 0.84508961, 0.66025817, 0.18432659, 0.58953035)
(0.82046545, 0.71690887, 0.67594177, 0.58018523, 0.60245591, 0.57093036, 0.74985319, 0.10803557, 0.16248508, 0.63993675)
(0.73781878, 0.77365261, 0.75313926, 0.57726645, 0.62678725, 0.71944118, 0.74399590, 0.24764626, 0.10147783, 0.73215777)
(0.67158377, 0.27410659, 0.30293804, 0.52694070, 0.58098471, 0.42713115, 0.51849031, 0.55991137, 0.53554088, 0.29444399)
(0.85671896, 0.24948975, 0.38652131, 0.53925151, 0.59936833, 0.23345350, 0.54980725, 0.24424852, 0.39544925, 0.33380243)
(0.69326824, 0.26449218, 0.25324246, 0.56201953, 0.66642106, 0.53901571, 0.61685151, 0.66681063, 0.47110116, 0.31402275)
(0.63204902, 0.25510588, 0.28412750, 0.58419514, 0.53576338, 0.44002783, 0.50400227, 0.63797808, 0.58124840, 0.29208919)
(0.78142017, 0.31698844, 0.26840240, 0.65115190, 0.55580115, 0.42740196, 0.66348082, 0.39395431, 0.49713439, 0.36054879)
(0.90633154, 0.10494797, 0.30064633, 0.84470189, 0.38616258, 0.20227692, 0.74573249, 0.40208244, 0.45373440, 0.37884173)
(0.74403709, 0.42419976, 0.38365537, 0.48672298, 0.58147252, 0.37035975, 0.51346356, 0.24471703, 0.47836179, 0.34858683)
(0.62633270, 0.37284833, 0.06151295, 0.73319381, 0.70717949, 0.69643843, 0.59278411, 0.73072731, 0.67613447, 0.20284651)
(0.49481830, 0.37972814, 0.39501381, 0.50486171, 0.48229218, 0.47946072, 0.42122585, 0.60123479, 0.57820886, 0.35819021)
(0.60444415, 0.26621425, 0.32314584, 0.39127600, 0.63614333, 0.37775910, 0.36196327, 0.56694645, 0.55473274, 0.22220023)
(0.73228049, 0.74435431, 0.58323163, 0.66681910, 0.75878018, 0.86036927, 0.83309853, 0.56739277, 0.06403243, 0.77458537)
(0.82061893, 0.18172675, 0.21854371, 0.50954306, 0.67945528, 0.29391235, 0.51105767, 0.45155483, 0.51799726, 0.19085242)
(0.90975058, 0.33241975, 0.05693939, 0.73666763, 0.80230963, 0.49715137, 0.77103984, 0.24926676, 0.51643723, 0.19950502)
(0.71525365, 0.16930754, 0.45515314, 0.26067367, 0.76313615, 0.26862723, 0.32046077, 0.55691034, 0.35803065, 0.20832193)
(0.77160704, 0.64439470, 0.50348341, 0.49575037, 0.75479871, 0.66214502, 0.71499979, 0.22930364, 0.19909891, 0.53064167)
(0.58496284, 0.52097738, 0.16413175, 0.75417876, 0.59583682, 0.79254884, 0.69785136, 0.76664823, 0.48227653, 0.43861970)
(0.73617899, 0.63855737, 0.56730467, 0.37142032, 0.72573823, 0.53835130, 0.55410129, 0.16210099, 0.28358853, 0.42222756)
(0.91516155, 0.25649360, 0.69040269, 0.31641853, 0.81261915, 0.22180249, 0.57098770, 0.15190957, 0.12540667, 0.35269272)
(0.67784262, 0.23656863, 0.33637747, 0.70593518, 0.40798718, 0.39290670, 0.58101833, 0.59584951, 0.56578147, 0.37007505)
(0.61982763, 0.45011491, 0.19891314, 0.53688616, 0.64954251, 0.56722939, 0.52527249, 0.46495554, 0.58765680, 0.28123468)
(0.76497579, 0.52213448, 0.41458175, 0.54071629, 0.56738484, 0.43346980, 0.60178715, 0.18509701, 0.44186598, 0.41921124)
(0.61052966, 0.47884572, 0.28055656, 0.40538862, 0.75368696, 0.59871423, 0.49701387, 0.45188504, 0.44129553, 0.30909544)
(0.55619663, 0.44807535, 0.28690949, 0.57390630, 0.54949749, 0.59203833, 0.54429758, 0.57121700, 0.55662173, 0.37401196)
(0.80160940, 0.39020622, 0.31134331, 0.85100722, 0.25485465, 0.29071799, 0.64546877, 0.14154102, 0.55068654, 0.52301401)
(0.81349570, 0.23083521, 0.22583732, 0.67815381, 0.64724326, 0.49599102, 0.74286926, 0.57282186, 0.42442045, 0.34978452)
(0.61960948, 0.37906143, 0.17220716, 0.54884577, 0.56813562, 0.43095672, 0.40271449, 0.42344466, 0.70812136, 0.19862445)
(0.77401334, 0.80455250, 0.69811159, 0.67492402, 0.58009654, 0.72371554, 0.80253404, 0.18240434, 0.10809157, 0.76004958)
(0.79078609, 0.25676107, 0.27693871, 0.76129186, 0.50000155, 0.48202923, 0.76128173, 0.54051203, 0.45666435, 0.43154055)
(0.74461061, 0.33723205, 0.32961097, 0.71459866, 0.58281690, 0.62923717, 0.77823013, 0.66703892, 0.32138580, 0.52549875)
(0.73499793, 0.45029449, 0.60369563, 0.46748531, 0.46851724, 0.24498673, 0.39700332, 0.12530380, 0.44037443, 0.38312650)
(0.77131885, 0.54107189, 0.44106546, 0.79834253, 0.43691787, 0.60357964, 0.81251156, 0.37579659, 0.26555130, 0.68862152)
(0.65269119, 0.24108133, 0.57786852, 0.31260437, 0.66130805, 0.32844031, 0.37555170, 0.52074558, 0.34809917, 0.32185781)
(0.67080122, 0.63168192, 0.53171837, 0.30348435, 0.86875033, 0.74850702, 0.56545228, 0.45346120, 0.14622994, 0.45231244)
(0.27900928, 0.59238291, 0.33151472, 0.45522797, 0.39646089, 0.45686883, 0.17729077, 0.40977803, 0.73407191, 0.29526785)
(0.77290565, 0.58531404, 0.83269626, 0.39948538, 0.67166638, 0.53562140, 0.65165645, 0.23716845, 0.10097443, 0.63209331)
(0.92047733, 0.08301044, 0.21393795, 0.32181773, 0.92554146, 0.29419735, 0.59027797, 0.59361315, 0.20245656, 0.14265384)
(0.36254334, 0.78867948, 0.19145976, 0.64405000, 0.41546217, 0.62543863, 0.31557369, 0.23926046, 0.73762685, 0.34943014)
(0.70914513, 0.19722685, 0.25907513, 0.35181147, 0.70572102, 0.27710998, 0.31821764, 0.49759436, 0.56110030, 0.14410752)
(0.74099648, 0.56007153, 0.39812872, 0.48397774, 0.74380302, 0.61980289, 0.65553135, 0.29455322, 0.30005261, 0.44127446)
(0.74035889, 0.50463110, 0.43011549, 0.64199060, 0.62359637, 0.65663677, 0.77047127, 0.46201313, 0.24958189, 0.59699166)
(0.69278181, 0.61129105, 0.08101505, 0.92240912, 0.35132229, 0.69383621, 0.73543322, 0.46020269, 0.71866858, 0.41505414)
(0.73511201, 0.79030675, 0.65693027, 0.53522336, 0.64042294, 0.68007904, 0.69335890, 0.15178908, 0.17523897, 0.63339603)
(0.82874995, 0.37821761, 0.28019565, 0.66852385, 0.72049284, 0.62428790, 0.81590611, 0.47415054, 0.26328868, 0.50137091)
(0.75641263, 0.28750727, 0.49699384, 0.69370157, 0.48175588, 0.47247371, 0.73240656, 0.55733168, 0.30288315, 0.55766481)
(0.68373579, 0.44216371, 0.20903091, 0.75070554, 0.52517331, 0.64331836, 0.71847534, 0.56946599, 0.52618599, 0.43707889)
(0.75821728, 0.22976303, 0.40708983, 0.44376692, 0.70006293, 0.40644309, 0.58058286, 0.55344009, 0.33146691, 0.33954200)
(0.60844153, 0.51709694, 0.40632248, 0.21784428, 0.84205389, 0.55125356, 0.35653201, 0.33463058, 0.34935418, 0.23435995)
(0.88855654, 0.51119441, 0.72083765, 0.49248937, 0.78763884, 0.55082303, 0.80794138, 0.19548486, 0.07445121, 0.61925262)
(0.72497600, 0.57623476, 0.56234413, 0.49399662, 0.66688424, 0.60403389, 0.67712957, 0.30167276, 0.23422165, 0.54247516)
(0.86408693, 0.12716997, 0.37595743, 0.61093974, 0.63383776, 0.28926271, 0.67706102, 0.53222018, 0.31504050, 0.33284631)
(0.73465759, 0.32733500, 0.24157436, 0.51044178, 0.59134465, 0.34367618, 0.45709798, 0.32512927, 0.59849697, 0.23602110)
(0.75919032, 0.53061414, 0.46557716, 0.33055186, 0.68455839, 0.33761039, 0.40438336, 0.12351450, 0.43052295, 0.27334073)
(0.63421381, 0.52304262, 0.17115073, 0.50843698, 0.80651474, 0.72973031, 0.58332521, 0.56015408, 0.41593137, 0.31778324)
(0.84210187, 0.22456530, 0.50412750, 0.50064832, 0.66623533, 0.31085014, 0.63466233, 0.37054020, 0.25115845, 0.41083917)
(0.38243639, 0.72562736, 0.18620066, 0.46539143, 0.73661691, 0.79946023, 0.37330991, 0.59347403, 0.52647483, 0.29510123)
(0.78615534, 0.11669111, 0.43580690, 0.70097381, 0.33438867, 0.11537701, 0.38263053, 0.35944831, 0.57670313, 0.33704793)
(0.60645390, 0.54706979, 0.28072542, 0.41843343, 0.81164455, 0.72174895, 0.54676259, 0.53658092, 0.32969669, 0.36339492)
(0.75284332, 0.49005130, 0.54978478, 0.56004864, 0.70066261, 0.67068893, 0.76632828, 0.50759012, 0.15157029, 0.61770892)
(0.69938022, 0.23509184, 0.35464558, 0.30305403, 0.79766339, 0.42996284, 0.44685850, 0.59930301, 0.35585284, 0.24022409)
(0.69702220, 0.42726576, 0.21296081, 0.52700114, 0.72643602, 0.59102219, 0.61111557, 0.45330378, 0.46798852, 0.31984070)
(0.91882193, 0.35501510, 0.39895263, 0.67637914, 0.76298404, 0.53533268, 0.88075376, 0.27877009, 0.13941920, 0.55971551)
(0.73897552, 0.26796311, 0.30730531, 0.27613828, 0.82101989, 0.37165585, 0.40372372, 0.45339292, 0.37640268, 0.19739041)
(0.63349485, 0.47341341, 0.73269713, 0.52232820, 0.64892811, 0.66964573, 0.64646488, 0.71353412, 0.10321060, 0.69337094)
(0.68748474, 0.44358173, 0.38545898, 0.47432300, 0.71414196, 0.60632849, 0.63205469, 0.46884456, 0.32916635, 0.43064636)
(0.80982548, 0.43353558, 0.26264402, 0.73133582, 0.63803518, 0.63101310, 0.81967306, 0.43803892, 0.32348838, 0.53076482)
(0.77329189, 0.24415436, 0.39224747, 0.43518317, 0.68026507, 0.34944707, 0.53802377, 0.45662272, 0.37207559, 0.31192645)
(0.73195392, 0.49631083, 0.09663931, 0.75643730, 0.70714796, 0.72847742, 0.74200290, 0.54061687, 0.51516658, 0.34311402)
(0.62189895, 0.57962322, 0.40291464, 0.31727988, 0.85403407, 0.72614580, 0.51555008, 0.48575377, 0.23670155, 0.36937499)
(0.60397840, 0.17861260, 0.49382266, 0.34760356, 0.63114005, 0.30457690, 0.31964359, 0.64907247, 0.44023004, 0.25965884)
(0.30586112, 0.54315937, 0.19216208, 0.67201978, 0.53940409, 0.77815002, 0.33945814, 0.89610469, 0.58270580, 0.33405292)
(0.44831324, 0.92671537, 0.34581006, 0.34068832, 0.74813980, 0.74568540, 0.26197535, 0.08485300, 0.51053989, 0.28847027)
(0.75236493, 0.58437860, 0.29375142, 0.60365957, 0.74228948, 0.70761448, 0.74066341, 0.36664656, 0.29209661, 0.49434566)
(0.63223118, 0.47999668, 0.42295983, 0.45984820, 0.69100392, 0.63335294, 0.60065186, 0.52279484, 0.32379457, 0.45787886)
(0.86315072, 0.38007081, 0.37984017, 0.68512064, 0.70667547, 0.60037029, 0.85424167, 0.41033188, 0.18147263, 0.58044022)
(0.59250462, 0.46846563, 0.15265647, 0.50988966, 0.70934367, 0.60458994, 0.48469865, 0.48969314, 0.61465412, 0.23257402)
(0.63666129, 0.52184153, 0.08983873, 0.59032416, 0.71312594, 0.61789006, 0.50921434, 0.39229721, 0.68705994, 0.19788769)
(0.85592687, 0.19424909, 0.35670656, 0.90654570, 0.31375501, 0.40092465, 0.84087640, 0.56227410, 0.34995729, 0.59081215)
(0.69190425, 0.40141129, 0.21889898, 0.63189542, 0.73475885, 0.73881882, 0.72534531, 0.73498672, 0.34015474, 0.42748490)
(0.67386794, 0.49241555, 0.47295323, 0.36718810, 0.82110423, 0.69969845, 0.60888171, 0.55282217, 0.19502264, 0.44876856)
(0.64775062, 0.59626496, 0.23603164, 0.41817796, 0.64880794, 0.43630058, 0.37574527, 0.15952794, 0.63843846, 0.21586013)
(0.70932633, 0.07481710, 0.12798168, 0.55952835, 0.61087799, 0.18041389, 0.22702716, 0.72579736, 0.76203674, 0.07687161)
(0.82931685, 0.43341184, 0.40488857, 0.64448458, 0.63796943, 0.53514057, 0.79131526, 0.30739519, 0.26803696, 0.53466094)
(0.50558388, 0.35652232, 0.29979983, 0.65108353, 0.59848207, 0.71055543, 0.53222650, 0.88901663, 0.37993282, 0.42946336)
(0.49693084, 0.43424830, 0.27848032, 0.41873956, 0.59947652, 0.46938640, 0.33500913, 0.48096997, 0.64015901, 0.23803428)
(0.69446808, 0.27273574, 0.35901561, 0.66387343, 0.62491465, 0.62900513, 0.70473236, 0.80531967, 0.28650957, 0.48335397)
(0.57193762, 0.31432164, 0.40287849, 0.22173899, 0.73911893, 0.32164851, 0.23164889, 0.43178707, 0.48942280, 0.17549782)
(0.85629147, 0.11881696, 0.55272841, 0.41369808, 0.74163413, 0.24808466, 0.55371028, 0.51565355, 0.20184205, 0.33036837)
(0.75975841, 0.58153349, 0.67782050, 0.60633421, 0.56392729, 0.60233653, 0.76489520, 0.31062660, 0.15837559, 0.68054128)
(0.92498201, 0.12549640, 0.20723464, 0.91436923, 0.48190504, 0.42284709, 0.90919936, 0.56524819, 0.33517337, 0.48430118)
(0.70833838, 0.41664657, 0.23935544, 0.35852110, 0.75052720, 0.41117841, 0.41838610, 0.29485846, 0.51168734, 0.20717740)
(0.85661668, 0.33995810, 0.22633062, 0.62225038, 0.77242368, 0.55457473, 0.78909820, 0.38674375, 0.30078277, 0.40114447)
(0.77425224, 0.53186637, 0.61795300, 0.65820169, 0.64623713, 0.70049423, 0.82641762, 0.51484948, 0.10593081, 0.72307068)
(0.79558343, 0.48856214, 0.47070178, 0.35387459, 0.88027549, 0.67231733, 0.67370260, 0.36690173, 0.14815228, 0.41607881)
(0.65463156, 0.12549978, 0.45019385, 0.48874763, 0.60654533, 0.32834974, 0.43714198, 0.75522906, 0.41261134, 0.29493064)
(0.68899941, 0.49670544, 0.19734184, 0.63323581, 0.65249038, 0.62693834, 0.65816873, 0.42569941, 0.50559241, 0.37484622)
(0.42638189, 0.62853849, 0.41638255, 0.55559462, 0.53799337, 0.74190480, 0.50996828, 0.69698608, 0.40399271, 0.51109624)
(0.88535655, 0.29463002, 0.18091957, 0.56253594, 0.69908983, 0.27071500, 0.56518942, 0.17399883, 0.49730226, 0.22315553)
(0.85476488, 0.42623526, 0.38542348, 0.64403933, 0.70921707, 0.56443912, 0.81452888, 0.31211710, 0.21272378, 0.53670996)
(0.55719376, 0.56474233, 0.21204734, 0.64421743, 0.74169225, 0.84456176, 0.67010778, 0.82421970, 0.30956101, 0.48205039)
(0.62465000, 0.38181654, 0.23874290, 0.60221559, 0.58605438, 0.56865215, 0.58317149, 0.56873208, 0.56171727, 0.33497000)
(0.82480836, 0.41117427, 0.28305966, 0.78701001, 0.51954687, 0.53399152, 0.81631458, 0.33595887, 0.37658682, 0.54556286)
(0.64259338, 0.63801092, 0.26095995, 0.46332440, 0.52885503, 0.33681116, 0.30249190, 0.07371379, 0.69362825, 0.22837658)
(0.63075018, 0.33684328, 0.34622654, 0.67688507, 0.40916973, 0.46173227, 0.58372772, 0.53717804, 0.57781333, 0.40750125)
(0.36995992, 0.80284280, 0.51299649, 0.56685698, 0.37642896, 0.66452688, 0.38927260, 0.33334821, 0.49743697, 0.56055713)
(0.66087431, 0.51616240, 0.17486671, 0.49745834, 0.80562377, 0.69341183, 0.58323783, 0.47841215, 0.42733744, 0.30699560)
(0.84776181, 0.46182236, 0.43920821, 0.48336431, 0.79682708, 0.54180074, 0.73293221, 0.23611227, 0.20916156, 0.44410187)
(0.56265372, 0.45603624, 0.11273564, 0.87685788, 0.53926992, 0.84447163, 0.72645760, 0.91586679, 0.48122105, 0.47234195)
(0.77921706, 0.41487777, 0.49572015, 0.52688473, 0.75757432, 0.65960801, 0.76962769, 0.55145407, 0.14839900, 0.56614673)
(0.66150504, 0.53450388, 0.37117156, 0.50563425, 0.61306226, 0.53947282, 0.57430881, 0.30298245, 0.46005642, 0.40531325)
(0.43734667, 0.64961076, 0.27354908, 0.69451517, 0.35621589, 0.61094397, 0.44928473, 0.41226053, 0.66581994, 0.43030369)
(0.58588487, 0.51330197, 0.25709873, 0.22770603, 0.78710198, 0.38796619, 0.22600637, 0.22097607, 0.58495438, 0.13095230)
(0.79173768, 0.49196163, 0.48588437, 0.86061776, 0.34880134, 0.56657559, 0.83007765, 0.42173293, 0.23572616, 0.73699498)
(0.24836425, 0.65296757, 0.32175669, 0.42357731, 0.58464652, 0.70698464, 0.22767457, 0.75410038, 0.57184225, 0.32367304)
(0.71447140, 0.25627291, 0.51418489, 0.40117764, 0.59227628, 0.28908128, 0.42771083, 0.41770759, 0.39993736, 0.33259344)
(0.65048611, 0.56925356, 0.55886197, 0.78236234, 0.44182688, 0.72458625, 0.77411753, 0.67938912, 0.17523856, 0.75854611)
(0.89805365, 0.05013312, 0.26576722, 0.68182826, 0.73506677, 0.29512468, 0.72148746, 0.78022307, 0.27122945, 0.24655063)
(0.45986792, 0.47387141, 0.45635501, 0.63546008, 0.26536644, 0.38861346, 0.36782265, 0.33983418, 0.62824619, 0.44984525)
(0.60080796, 0.54319668, 0.26355043, 0.71670628, 0.55782521, 0.75711071, 0.71001893, 0.69467741, 0.41045055, 0.52466089)
(0.62926447, 0.36543873, 0.07749292, 0.57943851, 0.69403636, 0.51270777, 0.40094531, 0.50968689, 0.75301456, 0.12973011)
(0.60970396, 0.19342543, 0.42689970, 0.25337332, 0.73913568, 0.30696559, 0.26733500, 0.61559153, 0.43676808, 0.18985078)
(0.82066721, 0.05626375, 0.27408385, 0.34933436, 0.71865004, 0.09735227, 0.19522421, 0.55485672, 0.55025625, 0.08083601)
(0.82384646, 0.40922609, 0.13994952, 0.70680630, 0.71800822, 0.60043561, 0.77466995, 0.37671512, 0.44785312, 0.35516158)
(0.66257209, 0.33328050, 0.16740176, 0.79775637, 0.35523778, 0.43619838, 0.56731606, 0.44859120, 0.73156059, 0.30700192)
(0.84587312, 0.32649782, 0.35192558, 0.57454336, 0.77085865, 0.56000161, 0.78995275, 0.45071092, 0.20715518, 0.46920982)
(0.20829400, 0.61317384, 0.22182789, 0.60162711, 0.44670114, 0.69841826, 0.19100954, 0.84096318, 0.70369834, 0.28323436)
(0.64345014, 0.43831435, 0.34204227, 0.84222394, 0.23423374, 0.45360330, 0.63753116, 0.40188852, 0.56112152, 0.56041288)
(0.69190133, 0.20747344, 0.36277848, 0.69762731, 0.40837678, 0.35429233, 0.57159615, 0.59567678, 0.54581571, 0.37040097)
(0.61251825, 0.74522704, 0.15465063, 0.60882926, 0.78495497, 0.80831325, 0.60811108, 0.41016170, 0.41387802, 0.39040056)
(0.75588161, 0.29210868, 0.53852791, 0.48833576, 0.43389374, 0.13891572, 0.29501787, 0.13667330, 0.50978273, 0.31899682)
(0.77312797, 0.56988585, 0.30096209, 0.59188914, 0.74256426, 0.67073894, 0.73791766, 0.31313968, 0.29908901, 0.47487813)
(0.79484737, 0.77753097, 0.83663803, 0.45088562, 0.59146756, 0.53008670, 0.63875109, 0.08111875, 0.12772822, 0.64531678)
(0.72236496, 0.05950446, 0.46089202, 0.47416991, 0.72517312, 0.31085533, 0.43830082, 0.88114130, 0.27667204, 0.25039369)
(0.79515463, 0.28522962, 0.32354230, 0.52571177, 0.67037100, 0.40861797, 0.63272411, 0.41910309, 0.38924935, 0.34391758)
(0.56179237, 0.42501897, 0.32507148, 0.55963856, 0.50856495, 0.52692574, 0.51654810, 0.51670438, 0.57855922, 0.36909738)
(0.68133020, 0.40111858, 0.45999223, 0.44895151, 0.73987889, 0.64475578, 0.65030015, 0.62366939, 0.23282535, 0.47501785)
(0.56286395, 0.86529016, 0.21528257, 0.38733438, 0.93329525, 0.91433603, 0.52052778, 0.43095264, 0.17906089, 0.38101378)
(0.60167205, 0.54261297, 0.38519037, 0.27504620, 0.73326910, 0.45123094, 0.33500201, 0.23707876, 0.48984182, 0.22780704)
(0.70180947, 0.37425771, 0.32325482, 0.63686591, 0.59417999, 0.60125613, 0.70924377, 0.59423506, 0.39549661, 0.46547076)
(0.87545699, 0.19558677, 0.40288195, 0.60605460, 0.66552478, 0.33802170, 0.73355848, 0.40878224, 0.25634441, 0.41191375)
(0.88662225, 0.42612883, 0.23222737, 0.68341959, 0.63500708, 0.39194959, 0.73134691, 0.14867337, 0.42307669, 0.38342351)
(0.61843377, 0.42000836, 0.10594691, 0.60659122, 0.72390556, 0.65792656, 0.55469060, 0.61232769, 0.62081766, 0.22765496)
(0.74481320, 0.44187602, 0.39502570, 0.62230831, 0.49175450, 0.42886636, 0.63422298, 0.27056283, 0.46072772, 0.46611679)
(0.71378726, 0.24535193, 0.28087422, 0.45562655, 0.64537793, 0.36348996, 0.46048281, 0.50657451, 0.52939999, 0.23102230)
(0.46798986, 0.61903977, 0.30551603, 0.86325651, 0.23725183, 0.71000814, 0.60255384, 0.69853193, 0.56641310, 0.59498692)
(0.69058889, 0.29783836, 0.35056135, 0.20871867, 0.80681968, 0.29151165, 0.26545891, 0.34404323, 0.43059954, 0.15454808)
(0.38808972, 0.62223709, 0.32502905, 0.34889725, 0.75595492, 0.73250091, 0.34541595, 0.67002344, 0.40733907, 0.33400080)
(0.81392241, 0.35393000, 0.13021488, 0.80184460, 0.62070203, 0.61253864, 0.80436456, 0.49595672, 0.50779146, 0.38128942)
(0.74608135, 0.37060890, 0.20356892, 0.85606498, 0.43464679, 0.63014519, 0.79505372, 0.62648475, 0.50279748, 0.49705470)
(0.60538954, 0.08097424, 0.21897075, 0.68476504, 0.56606144, 0.36558646, 0.36756364, 0.91575432, 0.56835222, 0.18158109)
(0.52894688, 0.45733044, 0.28862211, 0.20542011, 0.83482456, 0.49203372, 0.25877291, 0.41255781, 0.48200306, 0.16337878)
(0.78648603, 0.34374362, 0.43092373, 0.50925100, 0.66437948, 0.43779165, 0.66200262, 0.37024137, 0.30926287, 0.43053219)
(0.72454184, 0.37096724, 0.25375918, 0.80376381, 0.45412388, 0.60620201, 0.76485556, 0.60560739, 0.48241597, 0.49529469)
(0.54453844, 0.36973041, 0.42915839, 0.22269599, 0.73363137, 0.36311087, 0.24822286, 0.41165122, 0.47405040, 0.20350330)
(0.81489325, 0.61303967, 0.66675538, 0.44798028, 0.76327783, 0.60789561, 0.72259361, 0.20867021, 0.12465628, 0.56956345)
(0.75368154, 0.51039833, 0.21745664, 0.61482739, 0.65180361, 0.54628468, 0.66360497, 0.26859650, 0.48903826, 0.37071714)
(0.74639148, 0.31067258, 0.26005897, 0.64105380, 0.57986540, 0.48706728, 0.66701216, 0.49885881, 0.49408606, 0.36066255)
(0.57617879, 0.24675241, 0.40426621, 0.31355420, 0.65454406, 0.32657522, 0.28697243, 0.56616837, 0.51387399, 0.21450947)
(0.70775902, 0.05168127, 0.62729585, 0.47760716, 0.60306388, 0.16763516, 0.29576680, 0.81278408, 0.31644097, 0.28022510)
(0.53668451, 0.42008144, 0.32666075, 0.58538383, 0.56407744, 0.64662009, 0.56249648, 0.72787416, 0.46588966, 0.42737779)
(0.87610573, 0.02201323, 0.20041351, 0.70835584, 0.73717815, 0.24358383, 0.62559474, 0.90248412, 0.33920312, 0.15639378)
(0.91322118, 0.16721824, 0.19043201, 0.66933203, 0.74865592, 0.36207080, 0.76888013, 0.41601735, 0.33444089, 0.28389966)
(0.70564258, 0.48290247, 0.28976867, 0.55405480, 0.69431853, 0.61652380, 0.66227567, 0.41529098, 0.39001623, 0.42194027)
(0.55509853, 0.95304906, 0.50112307, 0.83675736, 0.42778754, 0.87785107, 0.70188242, 0.26511171, 0.18391162, 0.81309909)
(0.79223168, 0.24733646, 0.44029096, 0.52827567, 0.61761099, 0.35859239, 0.62337077, 0.43885326, 0.33410856, 0.39510104)
(0.84461689, 0.59913075, 0.39577320, 0.86102587, 0.52748251, 0.70429200, 0.89305305, 0.36919579, 0.15875141, 0.75535613)
(0.74174458, 0.17523812, 0.29759753, 0.42212704, 0.70818102, 0.34848109, 0.47172317, 0.60566205, 0.45179272, 0.21903822)
(0.51892054, 0.55782372, 0.27504951, 0.41324192, 0.74314851, 0.67472750, 0.45124111, 0.53414279, 0.44835192, 0.32409880)
(0.78942621, 0.18198565, 0.34626389, 0.35357028, 0.78579682, 0.34807560, 0.49832270, 0.56193399, 0.33433169, 0.23690462)
(0.72868216, 0.58026683, 0.41213134, 0.75631630, 0.43289125, 0.58182418, 0.75327730, 0.31841651, 0.34882316, 0.63737470)
(0.76496685, 0.72548693, 0.51950872, 0.49430937, 0.64630604, 0.54773796, 0.62646133, 0.09347464, 0.32397810, 0.47012079)
(0.80645055, 0.18257405, 0.50662512, 0.33071211, 0.71408170, 0.22253776, 0.40964496, 0.38700709, 0.31023160, 0.26705459)
(0.66604567, 0.59057915, 0.68321103, 0.48522851, 0.69863337, 0.70942271, 0.68526351, 0.53291440, 0.12104111, 0.65442562)
(0.68667400, 0.28735557, 0.48228663, 0.76589340, 0.38308784, 0.49032956, 0.69277024, 0.67155588, 0.35258275, 0.58240098)
(0.56989914, 0.54778069, 0.40798190, 0.80887252, 0.45716947, 0.77913821, 0.73228252, 0.81913179, 0.24318133, 0.69541168)
(0.83760208, 0.62810075, 0.71500063, 0.78273553, 0.66930562, 0.80046177, 0.90961158, 0.55860990, 0.03353848, 0.85908610)
(0.76752347, 0.30252111, 0.43132940, 0.48761326, 0.56026822, 0.28311780, 0.48531523, 0.30512607, 0.44351551, 0.34946626)
(0.74676490, 0.36706820, 0.17811501, 0.62554348, 0.77316785, 0.69659913, 0.73167676, 0.66044605, 0.35785630, 0.36549050)
(0.76936316, 0.47003329, 0.74629414, 0.72982520, 0.55034983, 0.64275277, 0.81067502, 0.58915055, 0.07484831, 0.79756916)
(0.81439114, 0.04255542, 0.26254365, 0.63270366, 0.71186805, 0.30796131, 0.59671611, 0.87586558, 0.35141477, 0.20265122)
(0.69053978, 0.20734818, 0.20406418, 0.71198326, 0.45783427, 0.38231045, 0.52697307, 0.62537575, 0.67028069, 0.25395522)
(0.57389146, 0.44661704, 0.15889491, 0.36923134, 0.88252586, 0.74724323, 0.46603554, 0.72387266, 0.37840545, 0.22653788)
(0.88071650, 0.18254191, 0.29542497, 0.67439640, 0.72134113, 0.46923554, 0.81658137, 0.55558980, 0.24933776, 0.41355568)
(0.51143348, 0.60909855, 0.25044939, 0.70696080, 0.50000781, 0.77185166, 0.62905312, 0.68191630, 0.50646687, 0.46738669)
(0.44709560, 0.62539238, 0.51753336, 0.35433891, 0.81148535, 0.81979018, 0.46992970, 0.81427735, 0.15598167, 0.51070929)
(0.77943075, 0.25695321, 0.51999360, 0.35638818, 0.82108414, 0.51439619, 0.63367909, 0.59694505, 0.16231078, 0.40713438)
(0.76313525, 0.55345166, 0.66662467, 0.49905941, 0.73821235, 0.67982024, 0.75200140, 0.42757580, 0.10593679, 0.64069182)
(0.79038024, 0.30589399, 0.24016747, 0.67000192, 0.56078982, 0.43029937, 0.67128313, 0.40076461, 0.51281989, 0.34323853)
(0.79073912, 0.27500406, 0.44795185, 0.46940398, 0.66232079, 0.35985446, 0.59494317, 0.39556575, 0.31640053, 0.38334239)
(0.66627622, 0.32766429, 0.33180961, 0.61810243, 0.60460138, 0.61084497, 0.67289865, 0.70968789, 0.38761425, 0.44244945)
(0.82187361, 0.36128929, 0.60170567, 0.78612131, 0.45331815, 0.51414877, 0.82851112, 0.46729377, 0.16364340, 0.71412075)
(0.66466993, 0.62395656, 0.39928335, 0.49334863, 0.62090808, 0.56084955, 0.56304121, 0.21970204, 0.44942302, 0.40940106)
(0.58181626, 0.48417038, 0.07743714, 0.76338339, 0.39616191, 0.40509972, 0.37393400, 0.21706395, 0.84576833, 0.18623385)
(0.82990873, 0.32855016, 0.19850355, 0.90296257, 0.36210507, 0.51075315, 0.82783276, 0.44389781, 0.51434320, 0.51191372)
(0.59617990, 0.55914587, 0.35799739, 0.47263491, 0.53426987, 0.46813357, 0.44868124, 0.24730042, 0.58125168, 0.34337431)
(0.65633869, 0.71908140, 0.81075925, 0.60326362, 0.40064090, 0.56598520, 0.61380631, 0.24366562, 0.17608348, 0.73207366)
(0.56310546, 0.89133060, 0.54625559, 0.61746156, 0.59860015, 0.83244342, 0.63171583, 0.28374210, 0.22519405, 0.67992872)
(0.59675395, 0.85965598, 0.68955958, 0.66044915, 0.45551601, 0.75401169, 0.66501033, 0.26619992, 0.19020467, 0.74936676)
(0.73410225, 0.41133353, 0.32722098, 0.78947639, 0.41488743, 0.54324454, 0.75295001, 0.46828008, 0.44621319, 0.54919302)
(0.74985713, 0.05948004, 0.25945446, 0.59538704, 0.63812232, 0.25730097, 0.45629439, 0.82123023, 0.49012837, 0.18114482)
(0.68386787, 0.52674013, 0.79397053, 0.59221089, 0.50226527, 0.57567340, 0.68225127, 0.48473060, 0.12624195, 0.73327363)
(0.28635877, 0.74867427, 0.62780052, 0.38719016, 0.71429056, 0.84746623, 0.34284112, 0.86071587, 0.15589324, 0.59275633)
(0.60769665, 0.63070285, 0.15766126, 0.45667818, 0.67762923, 0.51178896, 0.38191971, 0.19254600, 0.68552011, 0.19743270)
(0.38226193, 0.45859465, 0.22688790, 0.52573985, 0.45180893, 0.44428194, 0.25610679, 0.48577064, 0.75395924, 0.23767166)
(0.70052493, 0.20768881, 0.42707729, 0.25753823, 0.74641573, 0.26490527, 0.30196792, 0.48557234, 0.40323496, 0.19668885)
(0.70437121, 0.21878394, 0.59211016, 0.44479257, 0.55151343, 0.29101810, 0.45255128, 0.48538119, 0.35990804, 0.38533795)
(0.66057545, 0.41754517, 0.04646824, 0.64732236, 0.75866115, 0.62306017, 0.49701494, 0.51791042, 0.74399233, 0.13135029)
(0.66999650, 0.64448315, 0.37753347, 0.45206219, 0.71846884, 0.62768120, 0.56597257, 0.24391161, 0.38244450, 0.39481109)
(0.80071825, 0.04153775, 0.16106743, 0.85734254, 0.32129696, 0.11067136, 0.36777258, 0.71944839, 0.76950163, 0.15205996)
(0.91193515, 0.10333563, 0.77954990, 0.52677172, 0.78954589, 0.33737153, 0.76829404, 0.60121733, 0.04697639, 0.58908397)
(0.85789025, 0.72920001, 0.40248209, 0.58592957, 0.75233138, 0.61295688, 0.77189946, 0.07436050, 0.23658645, 0.49742776)
(0.58419436, 0.42417672, 0.52669376, 0.52030343, 0.54608476, 0.58416021, 0.59239364, 0.62284273, 0.33576271, 0.52677542)
(0.46985102, 0.77586031, 0.61520791, 0.65206796, 0.41716942, 0.76894790, 0.60435265, 0.58835655, 0.23651771, 0.73326284)
(0.74540251, 0.24073118, 0.38820627, 0.25459474, 0.81041443, 0.32930005, 0.38782829, 0.45832807, 0.33366090, 0.21583042)
(0.77791864, 0.46636501, 0.11621586, 0.54567772, 0.68202996, 0.39413372, 0.47222784, 0.17313647, 0.66416651, 0.18229330)
(0.64914858, 0.36298633, 0.29231724, 0.39570579, 0.59206843, 0.29746944, 0.30771101, 0.29035720, 0.62746751, 0.20092836)
(0.37324223, 0.67102969, 0.36010164, 0.30978388, 0.58364445, 0.46052852, 0.19366600, 0.23997463, 0.66317052, 0.22981176)
(0.33039415, 0.62323248, 0.21882214, 0.35599822, 0.73262101, 0.69944984, 0.25335535, 0.66425782, 0.57664555, 0.23171486)
(0.76480418, 0.30737343, 0.36284232, 0.35870162, 0.77180654, 0.40847677, 0.52341443, 0.40120971, 0.33853602, 0.29030368)
(0.68480980, 0.42282680, 0.37662813, 0.43039140, 0.62631243, 0.42233098, 0.49126941, 0.32957304, 0.47044879, 0.33155927)
(0.62494028, 0.64005828, 0.67642707, 0.56828380, 0.61093187, 0.73759943, 0.70116407, 0.59431762, 0.12602328, 0.71916413)
(0.89947867, 0.22018605, 0.43390334, 0.52039999, 0.72227323, 0.28289843, 0.68787134, 0.27552313, 0.22593236, 0.37782627)
(0.81201917, 0.40107247, 0.23208925, 0.70937973, 0.72999567, 0.70013356, 0.82825285, 0.57914364, 0.26803762, 0.51176828)
(0.76054573, 0.38457605, 0.17095822, 0.62048274, 0.75624359, 0.65124851, 0.72214156, 0.53832269, 0.41185558, 0.34817728)
(0.84039915, 0.21388419, 0.56423575, 0.74090236, 0.51099366, 0.42177302, 0.79451901, 0.55047989, 0.19660741, 0.60491055)
(0.83793771, 0.46393770, 0.63772595, 0.54025459, 0.69073921, 0.53116471, 0.77793801, 0.27884683, 0.14208794, 0.59407729)
(0.58777392, 0.41239017, 0.14692715, 0.66084504, 0.54015082, 0.54448754, 0.50080127, 0.51965386, 0.70996433, 0.24972540)
(0.86891556, 0.18466040, 0.21076839, 0.53091985, 0.83533633, 0.49423355, 0.74091524, 0.56565809, 0.28636676, 0.27806574)
(0.73264140, 0.24131574, 0.13957325, 0.61835629, 0.60629398, 0.39843628, 0.49425799, 0.52250916, 0.67350334, 0.17895286)
(0.63305789, 0.36344677, 0.32833594, 0.48686832, 0.70849919, 0.63692445, 0.60745245, 0.68860251, 0.36548164, 0.38978165)
(0.74484366, 0.35732055, 0.17989032, 0.82113791, 0.34374651, 0.40811583, 0.64446515, 0.31417063, 0.68826973, 0.35738677)
(0.60358793, 0.68454266, 0.09575988, 0.78038210, 0.56428599, 0.71866971, 0.61254317, 0.42017519, 0.67815411, 0.33271506)
(0.52045166, 0.33154798, 0.25193846, 0.48150915, 0.57379711, 0.44139862, 0.35118872, 0.59717536, 0.65897548, 0.22497943)
(0.65513027, 0.83447653, 0.28961226, 0.72810864, 0.69383603, 0.86383212, 0.74915314, 0.41087499, 0.24761897, 0.62955916)
(0.74271840, 0.30220968, 0.15181689, 0.49101004, 0.71126968, 0.41080800, 0.46911094, 0.41337511, 0.60590899, 0.17104001)
(0.61615634, 0.28391644, 0.41793728, 0.65761977, 0.56277150, 0.61460072, 0.63123184, 0.83486581, 0.30380285, 0.50780529)
(0.47127447, 0.59963340, 0.07247152, 0.61650866, 0.67547882, 0.68682194, 0.39538938, 0.51415735, 0.75951797, 0.18010634)
(0.67618471, 0.54356003, 0.30815244, 0.44334486, 0.76632673, 0.63105029, 0.57470083, 0.35344362, 0.37670985, 0.35622558)
(0.67930520, 0.62049282, 0.32364655, 0.61739534, 0.47510648, 0.47463948, 0.55045724, 0.15190682, 0.57298177, 0.40576741)
(0.78937650, 0.38437459, 0.24773563, 0.74765682, 0.65194064, 0.69111651, 0.82911283, 0.63046205, 0.30197242, 0.52928573)
(0.68483257, 0.48137906, 0.31503507, 0.79747677, 0.42090583, 0.64582229, 0.75992125, 0.57037479, 0.42964435, 0.58085817)
(0.77319920, 0.68881440, 0.58294022, 0.80737162, 0.31873459, 0.50308192, 0.72803229, 0.15071195, 0.27649283, 0.71731329)
(0.83289450, 0.36456269, 0.37354580, 0.75802779, 0.63513625, 0.65471750, 0.86614668, 0.58182192, 0.18805204, 0.62605345)
(0.62369508, 0.64686263, 0.43856338, 0.42286605, 0.76139528, 0.71899289, 0.57621586, 0.40657514, 0.27287474, 0.46102479)
(0.69344133, 0.44864336, 0.23804112, 0.45703357, 0.63759530, 0.39845118, 0.43334091, 0.25724196, 0.59260935, 0.24199970)
(0.51732618, 0.89121664, 0.31377801, 0.71876961, 0.60997486, 0.89299303, 0.66533619, 0.45008758, 0.29163703, 0.63082266)
(0.68116707, 0.68874413, 0.72427726, 0.41827324, 0.85901845, 0.84297121, 0.70207906, 0.65368015, 0.04159204, 0.70135272)
(0.74552113, 0.58987212, 0.54255199, 0.48534259, 0.69840628, 0.60507590, 0.68292135, 0.26228938, 0.22985120, 0.52618462)
(0.80158693, 0.64447987, 0.43071267, 0.46481615, 0.67386788, 0.44986755, 0.57703769, 0.08680696, 0.39751410, 0.36606658)
(0.48106933, 0.84692675, 0.48021236, 0.64906323, 0.34117883, 0.60727543, 0.43925780, 0.14572531, 0.51480323, 0.56334364)
(0.91654718, 0.24632038, 0.31602126, 0.70488584, 0.58551824, 0.26691234, 0.74070686, 0.19676754, 0.34370211, 0.40553239)
(0.67810768, 0.67173904, 0.23901522, 0.35001117, 0.86912906, 0.69003272, 0.48559150, 0.23570842, 0.36856207, 0.25485370)
(0.84823257, 0.15136242, 0.26191849, 0.72519767, 0.67842567, 0.51696229, 0.81320018, 0.71887201, 0.30099249, 0.39824897)
(0.50908387, 0.40178910, 0.15911983, 0.30309674, 0.76326483, 0.42642054, 0.21142434, 0.45225799, 0.69068533, 0.10872959)
(0.64448529, 0.22493500, 0.31728801, 0.42507058, 0.64269888, 0.38103136, 0.41603422, 0.61228275, 0.52275127, 0.23619635)
(0.47197777, 0.88339198, 0.81044370, 0.65413213, 0.32406920, 0.68467045, 0.49372995, 0.24807869, 0.19650328, 0.78678524)
(0.84806913, 0.12318426, 0.15905191, 0.72183704, 0.65368068, 0.40356621, 0.71485829, 0.67788357, 0.48595378, 0.24248292)
(0.80131125, 0.16171445, 0.37022498, 0.64034915, 0.63150954, 0.44929841, 0.73199952, 0.67971426, 0.31343827, 0.40306449)
(0.56227028, 0.36196035, 0.28596896, 0.66915560, 0.42139265, 0.50243366, 0.51716435, 0.60202491, 0.63897330, 0.35970166)
(0.69611591, 0.35734031, 0.50330448, 0.35069659, 0.59850144, 0.27806377, 0.35510287, 0.27356756, 0.45483443, 0.29343349)
(0.78525466, 0.34697190, 0.10341994, 0.82389110, 0.54370457, 0.56271756, 0.74475741, 0.47840694, 0.63955897, 0.31219712)
(0.90241247, 0.32736224, 0.49790448, 0.74347228, 0.59773284, 0.44435304, 0.85850590, 0.28334337, 0.16349496, 0.61765778)
(0.82930773, 0.22770855, 0.30202305, 0.60562414, 0.70414948, 0.48543674, 0.75041586, 0.55194992, 0.31366020, 0.38590440)
(0.88298237, 0.29428074, 0.11757332, 0.92190427, 0.49194023, 0.60791475, 0.89933074, 0.52011353, 0.47465724, 0.48254874)
(0.34079331, 0.60813749, 0.30840880, 0.50741750, 0.66855073, 0.80196840, 0.40257630, 0.85301048, 0.39599869, 0.41802651)
(0.76124144, 0.39850762, 0.37515843, 0.56791061, 0.59969193, 0.45207414, 0.65367472, 0.33194053, 0.39438897, 0.43379980)
(0.84750366, 0.59507585, 0.45443794, 0.57662874, 0.64520925, 0.47021982, 0.72068453, 0.10124408, 0.31056914, 0.47290942)
(0.82257020, 0.30177128, 0.27373561, 0.47549582, 0.68437093, 0.31184077, 0.52316052, 0.26684070, 0.45712927, 0.25857830)
(0.72419232, 0.42971537, 0.35868576, 0.78517568, 0.36475828, 0.48912710, 0.70800394, 0.39107570, 0.47538158, 0.54682994)
(0.81818843, 0.03895387, 0.20043609, 0.88502085, 0.36904073, 0.19550610, 0.58802933, 0.83649343, 0.60977805, 0.23255379)
(0.88301623, 0.42088693, 0.53550184, 0.44798765, 0.80197245, 0.46086428, 0.74104863, 0.19288637, 0.15859643, 0.45380321)
(0.86341417, 0.36459774, 0.75934237, 0.54368138, 0.68343759, 0.47587135, 0.78848845, 0.32962766, 0.08737828, 0.64928573)
(0.87577069, 0.51047522, 0.25714847, 0.86900657, 0.60140949, 0.72060955, 0.91751426, 0.41729328, 0.20257732, 0.68896592)
(0.84284288, 0.21916626, 0.22705267, 0.50413954, 0.69578552, 0.29345882, 0.53625762, 0.35036233, 0.48177177, 0.21240084)
(0.56270909, 0.77331614, 0.74587387, 0.66198051, 0.32520762, 0.58576238, 0.55196255, 0.25103191, 0.25649989, 0.72586882)
(0.58721513, 0.49252889, 0.07914591, 0.53787827, 0.80404216, 0.69893950, 0.48544791, 0.57159662, 0.62875003, 0.18023778)
(0.58956665, 0.42372820, 0.46725899, 0.65994227, 0.51350784, 0.65656269, 0.65679008, 0.74295640, 0.29917312, 0.58632076)
(0.92397559, 0.30434701, 0.28282705, 0.67904997, 0.55596304, 0.18090123, 0.60363221, 0.08348002, 0.46059012, 0.31848454)
(0.40940350, 0.54340881, 0.18586910, 0.45635128, 0.62026238, 0.57128358, 0.29211298, 0.51869005, 0.70555055, 0.21073504)
(0.77638084, 0.40690601, 0.24558069, 0.57486564, 0.66734618, 0.48396558, 0.65094084, 0.32741421, 0.44964674, 0.35141495)
(0.64109445, 0.23717864, 0.31943789, 0.55243063, 0.49058494, 0.34052265, 0.43058071, 0.55746645, 0.61289936, 0.27118891)
(0.68277603, 0.39466888, 0.18270150, 0.45494387, 0.63817972, 0.35841957, 0.36453846, 0.28021896, 0.67254049, 0.17140566)
(0.82407582, 0.40160930, 0.58497655, 0.47723535, 0.78197443, 0.59528393, 0.76771611, 0.43214154, 0.12040035, 0.55587089)
(0.70415789, 0.21065536, 0.12296203, 0.64690286, 0.58476198, 0.39086926, 0.45658439, 0.60424078, 0.71625900, 0.15879503)
(0.62592506, 0.63881278, 0.36062390, 0.50415337, 0.71325201, 0.71049476, 0.60635918, 0.40439790, 0.33958384, 0.46397719)
(0.85195798, 0.47554445, 0.42563134, 0.37838587, 0.75159818, 0.34890431, 0.55039829, 0.12162897, 0.32723555, 0.30302307)
(0.69188845, 0.09633926, 0.52381802, 0.40296531, 0.69377714, 0.30420017, 0.40884861, 0.78081053, 0.30514294, 0.27673191)
(0.58642858, 0.50882596, 0.47400817, 0.31327799, 0.58595830, 0.33650145, 0.28240249, 0.20218794, 0.55306053, 0.25439045)
(0.65417510, 0.51538450, 0.16798234, 0.78529668, 0.49731123, 0.66732633, 0.69605070, 0.53654319, 0.58890599, 0.41799417)
(0.88299638, 0.50903386, 0.58959901, 0.53603619, 0.78942108, 0.57913208, 0.81845629, 0.21265304, 0.10559145, 0.58118469)
(0.59715414, 0.33152783, 0.21932766, 0.38865894, 0.75071675, 0.52294213, 0.41576436, 0.60204118, 0.53649688, 0.20639274)
(0.73667157, 0.29579565, 0.21683204, 0.87475222, 0.36140788, 0.56538737, 0.76972276, 0.67186296, 0.54744488, 0.47459826)
(0.79317707, 0.36327878, 0.58947122, 0.79604286, 0.35217589, 0.43602291, 0.76138437, 0.41065004, 0.24920271, 0.68210143)
(0.92608547, 0.11307994, 0.39215004, 0.74488497, 0.67353791, 0.34577325, 0.85172457, 0.51923877, 0.17612433, 0.46842435)
(0.48746786, 0.60296315, 0.73930639, 0.42724383, 0.56532031, 0.65662956, 0.48698586, 0.63210887, 0.18780869, 0.63956863)
(0.53834891, 0.85213649, 0.27430943, 0.60338902, 0.56558460, 0.69367313, 0.46400350, 0.16843891, 0.56498170, 0.40500966)
(0.77127832, 0.27887091, 0.54582888, 0.46367362, 0.58483416, 0.29492009, 0.51866150, 0.34161586, 0.33727613, 0.39720771)
(0.72061753, 0.39595309, 0.48246449, 0.43367589, 0.72178543, 0.55535579, 0.63744104, 0.46542192, 0.26343068, 0.44784051)
(0.81658858, 0.20741411, 0.36764684, 0.61707819, 0.57731408, 0.35010862, 0.66881037, 0.46938634, 0.38152853, 0.37267849)
(0.49645123, 0.44775465, 0.34664783, 0.23124889, 0.76979095, 0.46425641, 0.26040676, 0.43459421, 0.50331074, 0.19670990)
(0.60506779, 0.42778552, 0.23776919, 0.67796224, 0.44201872, 0.51044714, 0.55364525, 0.44694126, 0.65575391, 0.34923154)
(0.66038471, 0.43498057, 0.31397614, 0.77644289, 0.40642953, 0.60579318, 0.71636766, 0.58629113, 0.48920184, 0.52831995)
(0.70575303, 0.67567325, 0.45968169, 0.51795679, 0.66560841, 0.63474429, 0.65133452, 0.21177770, 0.31162134, 0.49876067)
(0.63526309, 0.46436393, 0.38193452, 0.46838099, 0.74275041, 0.69521594, 0.62422943, 0.63310653, 0.28374335, 0.45481846)
(0.67752093, 0.36348081, 0.38114849, 0.43988562, 0.66158956, 0.47704178, 0.54725230, 0.46363944, 0.41391867, 0.36022374)
(0.69182855, 0.66776007, 0.39484477, 0.32514954, 0.77037126, 0.52872199, 0.43597174, 0.12866248, 0.42407966, 0.27325612)
(0.45545346, 0.56620514, 0.31713387, 0.45585445, 0.69761419, 0.73239607, 0.46786186, 0.69862777, 0.40784371, 0.39524958)
(0.57313424, 0.39390644, 0.15809533, 0.53379476, 0.47882763, 0.29160169, 0.25537202, 0.24837714, 0.78612691, 0.16295075)
(0.84379643, 0.26780123, 0.56460702, 0.46695387, 0.69571024, 0.34251684, 0.64772815, 0.32597733, 0.21278483, 0.43625474)
(0.87842065, 0.05249019, 0.25108588, 0.79885101, 0.50089961, 0.21092106, 0.67835039, 0.70184737, 0.45167181, 0.25589329)
(0.72798443, 0.13498540, 0.36968353, 0.42961633, 0.66529304, 0.29681396, 0.44120845, 0.65123647, 0.42667118, 0.23082104)
(0.66608256, 0.44872996, 0.21058145, 0.57413220, 0.70264429, 0.65122128, 0.63577998, 0.54066354, 0.46358952, 0.35728806)
(0.68587565, 0.28041479, 0.16165009, 0.56696117, 0.69956392, 0.54568088, 0.56364983, 0.64248550, 0.56386620, 0.23073992)
(0.83318263, 0.28884441, 0.23242620, 0.51820838, 0.65847296, 0.29259652, 0.51780146, 0.25058356, 0.51207310, 0.23686820)
(0.53509623, 0.53617978, 0.23561069, 0.72192401, 0.36844438, 0.54601651, 0.51397145, 0.40189484, 0.67899817, 0.39102307)
(0.81260222, 0.57205141, 0.15529312, 0.62678671, 0.79678404, 0.65305519, 0.73061365, 0.22599466, 0.39745337, 0.35107955)
(0.60236913, 0.34198216, 0.29662222, 0.67389148, 0.51169288, 0.60267711, 0.62246358, 0.73167229, 0.49985674, 0.42088926)
(0.82919621, 0.33120874, 0.73085672, 0.83428085, 0.36249036, 0.44287801, 0.80943382, 0.47298896, 0.12163367, 0.78597707)
(0.82870471, 0.10810596, 0.24963932, 0.62435389, 0.71969759, 0.43310881, 0.71173173, 0.75918847, 0.34497422, 0.28191417)
(0.80282110, 0.30483827, 0.16776130, 0.72470140, 0.67952043, 0.60741222, 0.78266686, 0.57777947, 0.43746617, 0.37244245)
(0.72627985, 0.65135825, 0.21469927, 0.60732996, 0.70437884, 0.63955861, 0.64152604, 0.22709130, 0.47023621, 0.37652799)
(0.62320381, 0.17536196, 0.16097209, 0.55849886, 0.50558341, 0.23456471, 0.24148411, 0.55334711, 0.78419518, 0.11870631)
(0.56220269, 0.43974975, 0.23757946, 0.53916150, 0.61233306, 0.58823061, 0.51161581, 0.55478209, 0.57917672, 0.31283420)
(0.72960311, 0.59079880, 0.50995618, 0.52084428, 0.68472171, 0.64006853, 0.70264840, 0.30908921, 0.23657140, 0.54598302)
(0.86295474, 0.53092074, 0.56681949, 0.77259040, 0.52413499, 0.56293195, 0.85893029, 0.24438497, 0.14477217, 0.71796459)
(0.74090916, 0.68266225, 0.81547207, 0.72057098, 0.34171215, 0.51922756, 0.69456369, 0.20741436, 0.14609207, 0.78599644)
(0.68338829, 0.13691562, 0.23157546, 0.92887211, 0.19355793, 0.36097014, 0.63221169, 0.80759102, 0.65302521, 0.41740873)
(0.73651695, 0.52692837, 0.47606418, 0.51015943, 0.71935993, 0.65394950, 0.70827442, 0.40370798, 0.22769779, 0.52825379)
(0.84422421, 0.14130743, 0.37025180, 0.93786472, 0.19011196, 0.27369323, 0.77772063, 0.53184372, 0.45679155, 0.57272267)
(0.70044541, 0.35469586, 0.38079220, 0.40436062, 0.60991687, 0.32909796, 0.41397744, 0.31693509, 0.49845245, 0.28467855)
(0.53836435, 0.44860882, 0.28697351, 0.38433337, 0.72745866, 0.59325981, 0.43251935, 0.56401384, 0.48273647, 0.28520647)
(0.73808306, 0.08771202, 0.18400615, 0.90278900, 0.16784671, 0.12033154, 0.40923080, 0.47417900, 0.80610538, 0.26097977)
(0.91044390, 0.08962181, 0.09395257, 0.83834666, 0.63711530, 0.35617203, 0.78599864, 0.64443552, 0.52397263, 0.20911852)
(0.49784556, 0.62945676, 0.24133539, 0.69550657, 0.62580884, 0.85373771, 0.66109937, 0.81636304, 0.36035714, 0.51503515)
(0.59232211, 0.52902758, 0.21750636, 0.40628865, 0.82890677, 0.71273422, 0.50282776, 0.55416888, 0.38546965, 0.29744598)
(0.65349489, 0.62268400, 0.32581645, 0.41057801, 0.75771713, 0.62424827, 0.51724803, 0.26365641, 0.41207045, 0.33190945)
(0.72393179, 0.22403163, 0.31755108, 0.58473384, 0.53202796, 0.36692953, 0.55516225, 0.53684032, 0.52488363, 0.30577004)
(0.69423473, 0.59709418, 0.80537671, 0.49209467, 0.60625231, 0.62520087, 0.68138838, 0.40740973, 0.10714878, 0.70065504)
(0.79836857, 0.34391585, 0.24786997, 0.84989285, 0.47857773, 0.63370824, 0.84691173, 0.61751455, 0.38312471, 0.55804199)
(0.67615372, 0.34554619, 0.28055036, 0.50950134, 0.67864835, 0.55242103, 0.59975886, 0.56113327, 0.45467776, 0.33644992)
(0.50677538, 0.68763602, 0.63859707, 0.51734138, 0.54006886, 0.71461457, 0.57163656, 0.56134301, 0.22883910, 0.65359211)
(0.58311313, 0.71656054, 0.36881775, 0.57266110, 0.74409890, 0.83790416, 0.67243910, 0.59966922, 0.21988949, 0.59291446)
(0.61184794, 0.46552780, 0.23971377, 0.51840091, 0.59132135, 0.50829232, 0.48445445, 0.39421207, 0.60931557, 0.28990173)
(0.34866545, 0.59288281, 0.06952141, 0.61593759, 0.78209370, 0.85391796, 0.38222104, 0.88891554, 0.59424782, 0.21993604)
(0.69128853, 0.66457373, 0.26152006, 0.74498373, 0.47937435, 0.59987324, 0.67677748, 0.26832041, 0.51080686, 0.50770372)
(0.53244084, 0.42599127, 0.28713888, 0.53020012, 0.52539480, 0.50946277, 0.44796294, 0.51425487, 0.62853736, 0.31155434)
(0.65020663, 0.41086006, 0.33053350, 0.69062465, 0.53175247, 0.64838862, 0.70493263, 0.67135137, 0.40066379, 0.51299846)
(0.59883034, 0.57624823, 0.62454224, 0.43231040, 0.74070042, 0.74296653, 0.61778587, 0.65163410, 0.13723952, 0.60420913)
(0.64855206, 0.38763416, 0.22134532, 0.76289606, 0.42346019, 0.55071801, 0.64079207, 0.55432498, 0.62819284, 0.38944638)
(0.80049813, 0.34970629, 0.37884414, 0.13081501, 0.90271389, 0.26337120, 0.25113007, 0.17088705, 0.31443840, 0.11141426)
(0.54059809, 0.36096531, 0.40543738, 0.19603471, 0.80729121, 0.43139103, 0.26662943, 0.49486250, 0.41255346, 0.19878194)
(0.67542052, 0.71308684, 0.18537562, 0.60627365, 0.72831064, 0.70466155, 0.60610187, 0.26349548, 0.47870287, 0.36812323)
(0.78215867, 0.55587155, 0.58828586, 0.55682415, 0.61203480, 0.54451215, 0.73273236, 0.23514973, 0.22026595, 0.57817012)
(0.59855598, 0.47978929, 0.18992701, 0.74659777, 0.48654681, 0.65277267, 0.63713658, 0.59903455, 0.60803878, 0.39433268)
(0.59879553, 0.62554419, 0.44635570, 0.44202811, 0.79827446, 0.79646033, 0.61911708, 0.63659441, 0.18321978, 0.53578413)
(0.71598953, 0.54409599, 0.69622552, 0.65529573, 0.35100430, 0.39582518, 0.59218407, 0.20907766, 0.29965541, 0.63088369)
(0.86033690, 0.50562793, 0.52262998, 0.46654391, 0.81497097, 0.57240087, 0.75383878, 0.21720329, 0.15003610, 0.49210900)
(0.39611706, 0.64870679, 0.52869666, 0.72771561, 0.20988271, 0.51841110, 0.42213085, 0.37714607, 0.52146572, 0.61097836)
(0.56101680, 0.66775972, 0.30000365, 0.38913789, 0.75793213, 0.66428673, 0.43713421, 0.31857163, 0.44568247, 0.31217197)
(0.66423291, 0.92412829, 0.19657563, 0.72623396, 0.63519275, 0.76309204, 0.57038361, 0.08645254, 0.51580465, 0.43566343)
(0.55267024, 0.56262660, 0.35884365, 0.39800093, 0.80708015, 0.76631188, 0.53837967, 0.67374313, 0.26021680, 0.42519102)
(0.55103719, 0.30262411, 0.48640794, 0.81351924, 0.16857116, 0.31819892, 0.48153946, 0.47854105, 0.58535802, 0.55786425)
(0.55615002, 0.46744275, 0.28459361, 0.53478223, 0.71487480, 0.74960047, 0.59714448, 0.77687424, 0.35261136, 0.42490658)
(0.74472541, 0.41053176, 0.40467533, 0.49867979, 0.64100254, 0.46047494, 0.61992955, 0.33937475, 0.37619182, 0.41312757)
(0.96650141, 0.13272442, 0.70657629, 0.55853701, 0.71261460, 0.10816988, 0.68544143, 0.10377812, 0.10086178, 0.41437608)
(0.84507185, 0.29545638, 0.31208941, 0.55774903, 0.58379233, 0.25553101, 0.53381467, 0.20967029, 0.47976410, 0.30415237)
(0.62758446, 0.59638458, 0.44819450, 0.43748921, 0.60493016, 0.52171522, 0.50135905, 0.23767555, 0.46232420, 0.38934046)
(0.27600279, 0.81057566, 0.28863180, 0.23334029, 0.72702628, 0.62752855, 0.13331650, 0.28334984, 0.64572930, 0.18228832)
(0.92125440, 0.24247703, 0.28102615, 0.79606187, 0.54710382, 0.32675773, 0.82323092, 0.23785378, 0.33580199, 0.45669448)
(0.67851841, 0.08026176, 0.36484435, 0.75885981, 0.34713912, 0.19111525, 0.40417197, 0.74461746, 0.61906904, 0.29103521)
(0.78835106, 0.10335337, 0.43025899, 0.48390871, 0.61303729, 0.21321633, 0.44634908, 0.58942270, 0.40256688, 0.25064597)
(0.42566788, 0.50185704, 0.39086694, 0.41944161, 0.44056052, 0.36233899, 0.24260359, 0.28290105, 0.67747951, 0.28708398)
(0.72805548, 0.43171871, 0.14920606, 0.69424582, 0.68111664, 0.66988510, 0.72269052, 0.54248124, 0.49463022, 0.36103544)
(0.63435119, 0.67788750, 0.93615657, 0.58388460, 0.38200638, 0.56479532, 0.57922167, 0.42706600, 0.06476835, 0.84097105)
(0.76211351, 0.12569669, 0.27320138, 0.45284322, 0.75103843, 0.38297632, 0.53309453, 0.73048568, 0.39940834, 0.21620260)
(0.91399825, 0.23529464, 0.66276968, 0.56792372, 0.75639033, 0.40847319, 0.82389688, 0.34622568, 0.08445486, 0.58163792)
(0.60938442, 0.33023423, 0.49827328, 0.31125554, 0.60815495, 0.30635914, 0.31325784, 0.38718915, 0.47433999, 0.27574691)
(0.57444942, 0.66159087, 0.03388301, 0.80208129, 0.68942982, 0.80335498, 0.59028888, 0.55464733, 0.74797505, 0.20878935)
(0.91873848, 0.51124316, 0.66628551, 0.84971672, 0.40649652, 0.42157122, 0.86877227, 0.12369538, 0.11754744, 0.77078527)
(0.88894635, 0.22726713, 0.45754319, 0.72866029, 0.67377329, 0.51743138, 0.86881870, 0.54730552, 0.13829327, 0.59664714)
(0.83608019, 0.55770671, 0.43734521, 0.55482429, 0.77987063, 0.64248657, 0.78308624, 0.25175503, 0.17900458, 0.53178215)
(0.61607140, 0.11391769, 0.37604091, 0.60218912, 0.45016003, 0.22917408, 0.33549541, 0.72273391, 0.61088568, 0.25516507)
(0.77267402, 0.24249361, 0.42535108, 0.41094697, 0.64543074, 0.28462389, 0.46835098, 0.38891327, 0.39908564, 0.29589078)
(0.91572511, 0.15702495, 0.27151811, 0.36609754, 0.85445797, 0.22833419, 0.54916251, 0.30357334, 0.26662937, 0.18828523)
(0.63310075, 0.44201311, 0.29278144, 0.40209511, 0.62284344, 0.38822809, 0.37721655, 0.29298243, 0.58741832, 0.24208206)
(0.77437001, 0.48491815, 0.35636595, 0.61355048, 0.69780004, 0.65082282, 0.76541215, 0.42303556, 0.26636109, 0.53169578)
(0.80648148, 0.27459961, 0.34875765, 0.54119223, 0.68459570, 0.43552342, 0.68031323, 0.45016950, 0.33419499, 0.38168663)
(0.53314811, 0.43231457, 0.18385983, 0.56136698, 0.66163290, 0.65588880, 0.50880980, 0.68808210, 0.57146335, 0.29168838)
(0.77401716, 0.51619428, 0.18634365, 0.55584109, 0.73580331, 0.54290187, 0.62753117, 0.23608489, 0.47620162, 0.30432263)
(0.88398451, 0.42974707, 0.35961792, 0.70557743, 0.69566584, 0.56922823, 0.85698527, 0.27712852, 0.20437250, 0.56704652)
(0.74083698, 0.31250575, 0.17756410, 0.55294842, 0.59818852, 0.36007369, 0.46615103, 0.34809843, 0.65097839, 0.19840005)
(0.40817282, 0.42794147, 0.52278525, 0.80362844, 0.14010915, 0.39076793, 0.40116081, 0.52025932, 0.59371942, 0.59477299)
(0.77278519, 0.52840418, 0.43967506, 0.88488108, 0.47200400, 0.77755481, 0.88977432, 0.70574659, 0.13198623, 0.79515934)
(0.75060660, 0.30203095, 0.09085567, 0.76849520, 0.68024719, 0.65932173, 0.73317689, 0.68160266, 0.57850975, 0.27401927)
(0.58618587, 0.59307677, 0.10843536, 0.64680851, 0.67631632, 0.70144606, 0.55627352, 0.46404663, 0.63895822, 0.27718583)
(0.40457079, 0.50673288, 0.35953903, 0.33496353, 0.82348758, 0.79257047, 0.38403708, 0.88109428, 0.25810054, 0.35838544)
(0.75673181, 0.50626087, 0.21268503, 0.81519300, 0.52127767, 0.67627269, 0.80793685, 0.49781513, 0.43632764, 0.53882211)
(0.63712043, 0.57525152, 0.31783605, 0.76053774, 0.49041858, 0.73569745, 0.75013983, 0.61778808, 0.37449691, 0.60136044)
(0.60211271, 0.36532822, 0.55319738, 0.50486934, 0.50809622, 0.48310578, 0.55444115, 0.55513048, 0.37941372, 0.49409246)
(0.73921698, 0.65231448, 0.25227082, 0.72090828, 0.74531436, 0.83099568, 0.81496292, 0.54484361, 0.22078852, 0.61136317)
(0.61765587, 0.49408776, 0.37302411, 0.46120030, 0.75443447, 0.71647680, 0.61097473, 0.64519197, 0.27843586, 0.45499963)
(0.69203532, 0.64914685, 0.19297414, 0.70307612, 0.68131179, 0.73856777, 0.71238148, 0.42479637, 0.41039824, 0.47994015)
(0.77433002, 0.46917731, 0.27724946, 0.64646542, 0.56607336, 0.47398889, 0.67372221, 0.25179568, 0.48114967, 0.41719922)
(0.82639968, 0.41000000, 0.23885275, 0.70985192, 0.65534526, 0.55320269, 0.78520656, 0.34256381, 0.36614236, 0.45757923)
(0.47883576, 0.46085301, 0.28531197, 0.28280255, 0.69480759, 0.40880299, 0.22125110, 0.38032219, 0.63136238, 0.16789620)
(0.45259190, 0.43549350, 0.24526978, 0.52940583, 0.58515936, 0.59737575, 0.40692720, 0.69588685, 0.60389608, 0.29845616)
(0.66643584, 0.40393108, 0.42242667, 0.58381552, 0.64393926, 0.67200547, 0.70165724, 0.70209777, 0.26425198, 0.53283119)
(0.73947078, 0.13939328, 0.41117373, 0.36712959, 0.68699819, 0.25535378, 0.38435099, 0.58825797, 0.40623295, 0.21919797)
(0.82905483, 0.45656946, 0.31689894, 0.80349737, 0.51170284, 0.57056218, 0.83718139, 0.33620539, 0.31720275, 0.60444546)
(0.61835313, 0.62950480, 0.76524204, 0.43627089, 0.73050815, 0.75064540, 0.63670784, 0.62857902, 0.07771081, 0.69467884)
(0.69634753, 0.43840885, 0.23343121, 0.76400596, 0.46173412, 0.58028197, 0.70825863, 0.48161677, 0.55943263, 0.44381595)
(0.51079023, 0.79014802, 0.74541783, 0.39403418, 0.64272279, 0.72754306, 0.47990617, 0.38783956, 0.16866361, 0.62786639)
(0.81511861, 0.24405901, 0.20577502, 0.16641806, 0.93745112, 0.36135316, 0.35259715, 0.37929970, 0.29566121, 0.10713371)
(0.79763627, 0.65853029, 0.48627442, 0.74775398, 0.57340550, 0.68758690, 0.84422618, 0.27061558, 0.17286603, 0.70884615)
(0.53359991, 0.59150648, 0.24241726, 0.50270569, 0.73511577, 0.74382019, 0.53190649, 0.59216624, 0.42100102, 0.37896436)
(0.80705267, 0.18495558, 0.21019861, 0.62243265, 0.67621976, 0.44309944, 0.67422438, 0.61694586, 0.45763755, 0.27506578)
(0.63070679, 0.37883320, 0.38291359, 0.42798266, 0.71062744, 0.58990872, 0.56786090, 0.59160292, 0.36215845, 0.38430023)
(0.81539196, 0.26679021, 0.36647722, 0.66381711, 0.69233948, 0.59737772, 0.80897617, 0.66271728, 0.21351694, 0.52001303)
(0.86810035, 0.30786240, 0.13652346, 0.58080882, 0.74579257, 0.37275767, 0.62275702, 0.24993993, 0.50375891, 0.20825046)
(0.58809894, 0.41488221, 0.33875299, 0.85906231, 0.14090483, 0.29805759, 0.47132745, 0.24633563, 0.67054486, 0.50983894)
(0.75954694, 0.52066797, 0.81148094, 0.43248424, 0.73773533, 0.63697982, 0.71890146, 0.44527847, 0.06674230, 0.68046701)
(0.62736887, 0.33488563, 0.42910159, 0.37890816, 0.63584429, 0.41643316, 0.44211981, 0.49353144, 0.44436187, 0.32467499)
(0.65543199, 0.28745136, 0.26827142, 0.70955461, 0.48480511, 0.52919775, 0.63544041, 0.67583907, 0.54894996, 0.38217697)
(0.73701221, 0.09116559, 0.18365301, 0.37593657, 0.64645082, 0.10431952, 0.13229533, 0.47518790, 0.74273175, 0.05776270)
(0.61896175, 0.51483095, 0.22601846, 0.46372065, 0.81714725, 0.74240422, 0.57789993, 0.60167056, 0.34867388, 0.34885699)
(0.83681738, 0.41923729, 0.69900626, 0.52467537, 0.77474135, 0.64889878, 0.82062453, 0.49043241, 0.06497901, 0.67056686)
(0.73785090, 0.34531882, 0.27294886, 0.46550506, 0.67160660, 0.40797651, 0.51736671, 0.37299719, 0.49289328, 0.27290875)
(0.57571799, 0.29545769, 0.07206411, 0.61493206, 0.50107342, 0.27565125, 0.20564285, 0.35378939, 0.86958355, 0.08724760)
(0.46081004, 0.63158333, 0.10291300, 0.73267525, 0.40669358, 0.53959632, 0.35835519, 0.27364659, 0.81220269, 0.24760711)
(0.87897861, 0.45504010, 0.54140311, 0.62426591, 0.71264189, 0.56111223, 0.84578711, 0.26522526, 0.13228084, 0.60694188)
(0.57149267, 0.63667190, 0.44941148, 0.64804488, 0.62923837, 0.81424433, 0.70862234, 0.74433219, 0.19542854, 0.66223401)
(0.39496669, 0.45660031, 0.23950596, 0.54681367, 0.45804575, 0.48877028, 0.30135980, 0.54961377, 0.72375929, 0.26854455)
(0.84002048, 0.49371037, 0.45556015, 0.56000078, 0.65215570, 0.46064281, 0.72443640, 0.17604300, 0.29400128, 0.47365370)
(0.40263537, 0.38291472, 0.27626213, 0.54840255, 0.36896148, 0.34800848, 0.23709412, 0.46025735, 0.76139605, 0.25848114)
(0.49462906, 0.63842320, 0.24277227, 0.39513069, 0.72320265, 0.64006162, 0.37629110, 0.37692451, 0.54826355, 0.27176693)
(0.72405267, 0.34596837, 0.11548138, 0.62026739, 0.75420028, 0.63672662, 0.65456969, 0.60004175, 0.53740156, 0.24845900)
(0.52320647, 0.42460817, 0.22010352, 0.57546455, 0.58591336, 0.59839743, 0.48743296, 0.64172024, 0.60441715, 0.30772638)
(0.82135242, 0.31683809, 0.19869408, 0.65480357, 0.67934304, 0.50429946, 0.73113668, 0.42166060, 0.43633339, 0.34295446)
(0.66551924, 0.39834276, 0.37022915, 0.83912146, 0.40637806, 0.67051476, 0.76275700, 0.76880288, 0.31098866, 0.64479327)
(0.72706914, 0.45160714, 0.29644406, 0.53420317, 0.64694750, 0.50053102, 0.61345124, 0.33027908, 0.45111579, 0.37409794)
(0.77096784, 0.33161107, 0.15626782, 0.79818344, 0.43703565, 0.45158702, 0.67809087, 0.39892882, 0.66529471, 0.31691203)
(0.81356335, 0.31632388, 0.26906452, 0.61106843, 0.68311805, 0.49563086, 0.72741532, 0.43134931, 0.37297887, 0.38796568)
(0.66479635, 0.28185263, 0.39723358, 0.81625497, 0.20682567, 0.28166246, 0.54323232, 0.35940248, 0.59658355, 0.50387394)
(0.65405065, 0.42252213, 0.19122913, 0.76068085, 0.37775424, 0.46662545, 0.57846916, 0.35031259, 0.70139354, 0.34006092)
(0.65086317, 0.34826210, 0.28098759, 0.50584596, 0.67970902, 0.57450378, 0.59065866, 0.60248089, 0.45785168, 0.33755279)
(0.67349535, 0.48795629, 0.15337925, 0.31481779, 0.74187720, 0.29733941, 0.21807919, 0.13874532, 0.70459878, 0.09908859)
(0.62097847, 0.35299486, 0.41341236, 0.25144958, 0.76684332, 0.40777856, 0.34425941, 0.43626162, 0.40148368, 0.23768987)
(0.80225611, 0.56891733, 0.28799471, 0.45711505, 0.81488270, 0.57431942, 0.63460064, 0.18233612, 0.33700979, 0.32838976)
(0.60023910, 0.39802864, 0.42845181, 0.41814819, 0.74922419, 0.67968875, 0.57600290, 0.75097287, 0.25738710, 0.43249378)
(0.72085458, 0.22992179, 0.39695805, 0.22680780, 0.81089520, 0.30154335, 0.32470953, 0.46311021, 0.35557696, 0.18835296)
(0.68658340, 0.36554560, 0.43534994, 0.40252438, 0.56695759, 0.30062312, 0.38013875, 0.28887007, 0.50683129, 0.29799333)
(0.78205180, 0.83459944, 0.68538892, 0.48966637, 0.69012243, 0.66275173, 0.68001366, 0.07974635, 0.15819474, 0.60450751)
(0.76393634, 0.44141433, 0.54047507, 0.59875268, 0.66627210, 0.64657038, 0.78539586, 0.53585207, 0.15810694, 0.62824857)
(0.80182397, 0.56726199, 0.42717838, 0.45882317, 0.83567715, 0.68628848, 0.72012019, 0.29722971, 0.18296793, 0.46732941)
(0.67299223, 0.53041166, 0.19210936, 0.59158969, 0.45501089, 0.31306267, 0.35906580, 0.10299411, 0.72589749, 0.24487165)
(0.69661885, 0.20360881, 0.17828436, 0.34509897, 0.82479727, 0.43924704, 0.39665028, 0.65980792, 0.49897143, 0.13976046)
(0.93549240, 0.21163648, 0.46927208, 0.71498638, 0.57806301, 0.21680926, 0.76485074, 0.16700338, 0.22669886, 0.46572956)
(0.73686665, 0.41404262, 0.27582917, 0.38210508, 0.71470708, 0.37500229, 0.43344355, 0.25418475, 0.50076693, 0.22946699)
(0.48299563, 0.46863270, 0.24822050, 0.80744231, 0.56186229, 0.83742946, 0.65222359, 0.93867308, 0.29808307, 0.57238406)
(0.71540731, 0.42539546, 0.24830268, 0.63360929, 0.71826112, 0.71342587, 0.73885643, 0.65530163, 0.32484254, 0.46245888)
(0.36170498, 0.72994065, 0.38892961, 0.60833329, 0.35220408, 0.63624161, 0.37894273, 0.39789060, 0.60971081, 0.47813767)
(0.68179113, 0.29579771, 0.32996982, 0.61648291, 0.55886483, 0.52085924, 0.64686066, 0.61848933, 0.46429855, 0.39976737)
(0.90169072, 0.56536114, 0.11854309, 0.46755597, 0.90843737, 0.52749592, 0.65261638, 0.08473239, 0.35107073, 0.18483026)
(0.72771221, 0.28379932, 0.21673496, 0.76422679, 0.45632634, 0.47721770, 0.67329955, 0.55368060, 0.59932214, 0.35884124)
(0.76557779, 0.43923172, 0.40132821, 0.38280332, 0.80186146, 0.53115010, 0.59680223, 0.31105345, 0.28619224, 0.35006791)
(0.66762996, 0.64749473, 0.39127323, 0.58264029, 0.70117444, 0.75692689, 0.70675546, 0.45920268, 0.25698468, 0.56885773)
(0.84379292, 0.42024070, 0.42640606, 0.60053712, 0.66542888, 0.48546886, 0.76767385, 0.25583723, 0.26314360, 0.49826813)
(0.77818352, 0.07027046, 0.25374714, 0.55275333, 0.66961658, 0.26081637, 0.47434124, 0.76803589, 0.47071066, 0.17566848)
(0.39539534, 0.47440523, 0.39972803, 0.28829190, 0.55109012, 0.31341887, 0.15259363, 0.30653578, 0.67612278, 0.19442752)
(0.69050688, 0.35688666, 0.22273263, 0.77595949, 0.32215393, 0.37156868, 0.56120223, 0.30878666, 0.69208103, 0.35907254)
(0.74418288, 0.48375580, 0.39864045, 0.43815807, 0.80472076, 0.65285164, 0.66323823, 0.40471828, 0.24291098, 0.42507735)
(0.79109383, 0.49382308, 0.11092548, 0.60136729, 0.84528077, 0.69342458, 0.71364886, 0.37341699, 0.39844698, 0.30317730)
(0.30622670, 0.76889598, 0.78508556, 0.37590626, 0.65739256, 0.82043827, 0.34705913, 0.83207059, 0.09884147, 0.70552456)
(0.63760221, 0.41293752, 0.43051788, 0.90597969, 0.15361299, 0.45228571, 0.67596018, 0.51479763, 0.47030035, 0.67642212)
(0.62221372, 0.11103112, 0.36268204, 0.29998025, 0.67342979, 0.18148868, 0.17468436, 0.65474290, 0.57190114, 0.12500168)
(0.88044721, 0.07758779, 0.25878936, 0.64803308, 0.65386492, 0.25465113, 0.66462547, 0.62418795, 0.38082692, 0.23410062)
(0.79137951, 0.38998178, 0.44335213, 0.46092933, 0.81781948, 0.64805251, 0.73428702, 0.50220823, 0.16667840, 0.47666439)
(0.71310437, 0.37051019, 0.30791742, 0.48550287, 0.65719694, 0.46313608, 0.56424546, 0.41380984, 0.45788175, 0.33103248)
(0.54884076, 0.33569822, 0.38732585, 0.35434461, 0.56705135, 0.31688309, 0.27010256, 0.42646122, 0.60247242, 0.22329788)
(0.61957711, 0.37527716, 0.29693803, 0.40831706, 0.57879716, 0.33244595, 0.32503897, 0.33095258, 0.63189584, 0.21449886)
(0.65108120, 0.81800234, 0.33162823, 0.50426382, 0.67197567, 0.64028841, 0.49398875, 0.10693480, 0.48917934, 0.36236450)
(0.89232272, 0.25000182, 0.26369435, 0.81358230, 0.65693402, 0.59640676, 0.89866209, 0.56889045, 0.22156133, 0.55313188)
(0.77728331, 0.50659609, 0.44993755, 0.55475092, 0.66147059, 0.55299729, 0.71697760, 0.27929813, 0.28563315, 0.50555241)
(0.71547687, 0.42061290, 0.34115657, 0.48591742, 0.67714357, 0.50881225, 0.60385776, 0.38284549, 0.40512809, 0.37975836)
(0.77002615, 0.26935187, 0.15923262, 0.53296036, 0.82565981, 0.62672138, 0.68570083, 0.64597785, 0.39030316, 0.26261246)
(0.49412966, 0.47052616, 0.35253108, 0.41455737, 0.63663799, 0.58334309, 0.43027037, 0.57890517, 0.49968144, 0.34060174)
(0.73948658, 0.54232842, 0.21792665, 0.75681567, 0.53134078, 0.60049993, 0.73741192, 0.35097075, 0.49964407, 0.47638944)
(0.58703363, 0.34314695, 0.33726481, 0.42908463, 0.49531960, 0.28210354, 0.28503418, 0.32561374, 0.65350270, 0.23262972)
(0.86824542, 0.29888588, 0.28979406, 0.88340247, 0.45337161, 0.54699516, 0.88423532, 0.50550520, 0.29636091, 0.61504143)
(0.79377097, 0.13602585, 0.32943299, 0.68973821, 0.48350245, 0.29308742, 0.62287420, 0.58203161, 0.47878784, 0.32130119)
(0.63945258, 0.31980711, 0.53301889, 0.58178478, 0.50377584, 0.49529997, 0.60816675, 0.62796843, 0.34319937, 0.52023274)
(0.69195682, 0.31258544, 0.25141406, 0.44752371, 0.57908183, 0.28184965, 0.33510080, 0.30900812, 0.64867991, 0.18796308)
(0.49054903, 0.57925475, 0.13825352, 0.77430397, 0.67718691, 0.89254165, 0.67683935, 0.91533571, 0.37373942, 0.47033516)
(0.72793478, 0.34066352, 0.36004403, 0.39884126, 0.74787992, 0.48069546, 0.56373048, 0.44532511, 0.35318401, 0.33108166)
(0.73498505, 0.79672456, 0.52768946, 0.51065356, 0.74037921, 0.73294687, 0.69118488, 0.15842065, 0.19484602, 0.56866997)
(0.71183521, 0.41584358, 0.25981316, 0.47829425, 0.69824517, 0.50001413, 0.56512451, 0.38017726, 0.46795186, 0.31154159)
(0.56987447, 0.64648992, 0.28181323, 0.47887224, 0.75188285, 0.73708951, 0.54381561, 0.46410805, 0.37903258, 0.40233234)
(0.77962554, 0.51357603, 0.36034521, 0.80638742, 0.50427210, 0.67072833, 0.84343559, 0.47431049, 0.26605040, 0.66749108)
(0.79525083, 0.04986292, 0.27592415, 0.61146617, 0.60450208, 0.18486500, 0.43049747, 0.76502627, 0.50309426, 0.17281319)
(0.76146102, 0.13798019, 0.10660700, 0.70001167, 0.58584797, 0.34423909, 0.48818451, 0.67338628, 0.71258467, 0.14064702)
(0.81018102, 0.54422534, 0.59263110, 0.34569469, 0.85288912, 0.61841071, 0.66653425, 0.27321348, 0.12422939, 0.46478021)
(0.50593096, 0.79767084, 0.47950920, 0.36530247, 0.80456036, 0.81531477, 0.47392607, 0.43328619, 0.22260270, 0.48221621)
(0.70966774, 0.36631283, 0.27426004, 0.39960769, 0.63941377, 0.30007368, 0.35103106, 0.25243726, 0.58408773, 0.20517710)
(0.58604795, 0.51361591, 0.42609859, 0.47703993, 0.54553926, 0.51870114, 0.51811820, 0.36690956, 0.49580640, 0.41494757)
(0.79491669, 0.31279308, 0.20355622, 0.80951411, 0.45565078, 0.48563519, 0.75751102, 0.45036188, 0.55877411, 0.40594780)
(0.77552032, 0.22739774, 0.12357552, 0.91433227, 0.31389442, 0.46999589, 0.74011832, 0.61475867, 0.70663750, 0.34347367)
(0.49463814, 0.45430017, 0.20082138, 0.43343529, 0.62136567, 0.46804461, 0.29938522, 0.44622609, 0.70410073, 0.18594959)
(0.75610739, 0.14471310, 0.18431900, 0.61092126, 0.63191772, 0.36874411, 0.53849435, 0.68028843, 0.57332152, 0.20019250)
(0.84110916, 0.52175117, 0.53873491, 0.88213414, 0.27443260, 0.43665737, 0.81041193, 0.20640272, 0.24452269, 0.75031495)
(0.83762616, 0.16893125, 0.23002927, 0.72056884, 0.53842145, 0.34142780, 0.68703628, 0.50743836, 0.50411671, 0.29819846)
(0.77981204, 0.39253685, 0.46695888, 0.42634240, 0.75043678, 0.50070244, 0.64691615, 0.34733418, 0.26064250, 0.41378587)
(0.65233266, 0.39469215, 0.39028600, 0.46888480, 0.75744152, 0.69700068, 0.64352173, 0.73520768, 0.24650493, 0.45182592)
(0.79076761, 0.40372184, 0.38772467, 0.44045258, 0.83589232, 0.63859630, 0.70696419, 0.44845724, 0.19869629, 0.42164230)
(0.53400415, 0.60275978, 0.16290432, 0.66790140, 0.72889352, 0.85767710, 0.65446836, 0.80012143, 0.38468915, 0.43004480)
(0.77220654, 0.36089072, 0.42091045, 0.45330474, 0.80993855, 0.63629323, 0.71391529, 0.54342657, 0.18953209, 0.45480549)
(0.32124627, 0.60442275, 0.28172120, 0.40359220, 0.74257469, 0.78803736, 0.32723421, 0.83495873, 0.41532424, 0.33470705)
(0.69310313, 0.28991854, 0.29207596, 0.84169602, 0.31355631, 0.48458251, 0.69324040, 0.63117409, 0.56640500, 0.46837419)
(0.78625292, 0.59241176, 0.45784733, 0.47228488, 0.83313054, 0.73400426, 0.73836452, 0.35529447, 0.15450993, 0.51829016)
(0.68259990, 0.05502756, 0.29094881, 0.67772222, 0.50775218, 0.21639113, 0.38061622, 0.84613025, 0.58133340, 0.20281608)
(0.90962046, 0.31742892, 0.37941521, 0.38026321, 0.81033123, 0.26970157, 0.58603597, 0.14289930, 0.26050004, 0.26545781)
(0.88640356, 0.35049590, 0.41226512, 0.47862774, 0.69487226, 0.27184120, 0.58992851, 0.14513373, 0.32615703, 0.33209658)
(0.27567360, 0.58759218, 0.26675722, 0.32152885, 0.55237794, 0.42325437, 0.11754519, 0.38515908, 0.75622231, 0.16809961)
(0.84547263, 0.50869721, 0.30084115, 0.64642131, 0.73828220, 0.61234027, 0.80132228, 0.26203102, 0.26419097, 0.49999583)
(0.65731078, 0.69596714, 0.18762240, 0.34175715, 0.75131035, 0.45343524, 0.30660108, 0.08878136, 0.65922594, 0.14622341)
(0.52903938, 0.72005838, 0.32680506, 0.46807599, 0.71584898, 0.73985374, 0.50089389, 0.39065084, 0.39885667, 0.41447625)
(0.84385073, 0.36932570, 0.35698411, 0.71414661, 0.70222998, 0.66449064, 0.86346495, 0.55315989, 0.17685619, 0.59664404)
(0.52235061, 0.82130533, 0.13494155, 0.55079806, 0.82689911, 0.86636817, 0.52175635, 0.42573324, 0.41520444, 0.34111890)
(0.67164940, 0.39123717, 0.26128548, 0.55304557, 0.68812388, 0.62353528, 0.64279455, 0.59325773, 0.42608759, 0.37566492)
(0.76865774, 0.47799566, 0.07944658, 0.46127900, 0.80163127, 0.45626265, 0.44076815, 0.20450890, 0.65584683, 0.12709923)
(0.86935246, 0.28000930, 0.36656451, 0.80404842, 0.37107402, 0.27160147, 0.71241236, 0.19683988, 0.43198597, 0.50295419)
(0.92097503, 0.22116388, 0.37995952, 0.76238620, 0.70413321, 0.50356627, 0.89795560, 0.46946850, 0.13839720, 0.57842213)
(0.89164823, 0.12965816, 0.58724046, 0.57271832, 0.63988107, 0.22529861, 0.66186887, 0.40057173, 0.19114734, 0.43051362)
(0.74305367, 0.13636453, 0.34319326, 0.61189079, 0.46544358, 0.21178369, 0.42552814, 0.53911513, 0.58281785, 0.25470018)
(0.34394372, 0.76472235, 0.51466912, 0.66409951, 0.26712301, 0.63450444, 0.39695328, 0.39790812, 0.52436775, 0.61037320)
(0.38172296, 0.56397450, 0.29566088, 0.55086714, 0.46674925, 0.61526972, 0.37224850, 0.58827502, 0.64405906, 0.35486740)
(0.49279726, 0.53052872, 0.19995530, 0.38397604, 0.61127913, 0.38634157, 0.22492486, 0.24879798, 0.73465556, 0.16200790)
(0.85184979, 0.28342235, 0.29404312, 0.81080085, 0.52207172, 0.51350498, 0.84660518, 0.46746224, 0.33707792, 0.52959615)
(0.78028196, 0.46402398, 0.36344495, 0.81009436, 0.53006440, 0.69873112, 0.85642171, 0.58697766, 0.23223163, 0.67402536)
(0.74780637, 0.54238170, 0.72931361, 0.45233554, 0.59715992, 0.48930535, 0.63553780, 0.24449654, 0.19873117, 0.57167810)
(0.92135829, 0.19710816, 0.26546893, 0.78221726, 0.53235620, 0.27525842, 0.78282762, 0.25511494, 0.38599169, 0.39433333)
(0.62744993, 0.62202823, 0.70042861, 0.37026137, 0.70945519, 0.65430838, 0.56045312, 0.41230613, 0.16751161, 0.56012309)
(0.95234412, 0.19355965, 0.57785040, 0.81322074, 0.51527220, 0.22094741, 0.84522980, 0.16717760, 0.14551446, 0.60631549)
(0.87882006, 0.42187488, 0.39002621, 0.64654756, 0.65977079, 0.45843226, 0.79445881, 0.20083661, 0.26591173, 0.49541321)
(0.83823347, 0.17059363, 0.37419751, 0.51247746, 0.63638759, 0.25872892, 0.55846310, 0.42596132, 0.38140154, 0.28672764)
(0.86072618, 0.14292581, 0.20592012, 0.73253328, 0.73240149, 0.55493712, 0.82550746, 0.75738174, 0.29835668, 0.36378700)
(0.80738831, 0.27376425, 0.61719394, 0.69576758, 0.49944872, 0.43282375, 0.75874335, 0.49055612, 0.19985804, 0.62078416)
(0.78877729, 0.60864347, 0.54593760, 0.54211360, 0.74820942, 0.69026440, 0.77120882, 0.30880478, 0.14611851, 0.59819394)
(0.74156022, 0.15412411, 0.61215460, 0.33034825, 0.71911615, 0.29973713, 0.43917459, 0.59303200, 0.24545720, 0.32935539)
(0.67312980, 0.50101960, 0.66234690, 0.35311860, 0.78859049, 0.67335749, 0.60835743, 0.56170362, 0.12583974, 0.54196906)
(0.68974501, 0.49458566, 0.32545835, 0.72950906, 0.52415514, 0.67509252, 0.76112509, 0.56949222, 0.37072271, 0.57182074)
(0.65132910, 0.44712877, 0.17044628, 0.80372483, 0.34406275, 0.48040703, 0.58627671, 0.34476236, 0.71869373, 0.35090810)
(0.56294799, 0.52167451, 0.28372902, 0.53605610, 0.66633713, 0.69490510, 0.57592589, 0.60553294, 0.43371767, 0.41309071)
(0.47301677, 0.73568088, 0.47195864, 0.55525476, 0.65139109, 0.82847738, 0.59382677, 0.67369092, 0.23018803, 0.61994380)
(0.52273774, 0.64015746, 0.26471949, 0.39585981, 0.62277496, 0.49485502, 0.33114517, 0.21038873, 0.65714401, 0.23361890)
(0.69017488, 0.33712491, 0.43841293, 0.27932197, 0.72303802, 0.32981008, 0.35951841, 0.34566545, 0.40820426, 0.24479964)
(0.67111593, 0.56311607, 0.19351710, 0.79040837, 0.53014773, 0.72235119, 0.74843985, 0.56943303, 0.48430622, 0.50060868)
(0.58359319, 0.29424432, 0.47767460, 0.80988312, 0.18464853, 0.31934461, 0.50816149, 0.47170249, 0.57349133, 0.55042225)
(0.67797238, 0.45215073, 0.54699928, 0.45078924, 0.68764484, 0.61062211, 0.64629084, 0.52086800, 0.22923660, 0.51932901)
(0.62235647, 0.55852121, 0.49213877, 0.18539342, 0.74738801, 0.32173160, 0.21585524, 0.13377072, 0.47997427, 0.17336446)
(0.88447422, 0.26973408, 0.29824308, 0.48891929, 0.72948921, 0.27493379, 0.58980018, 0.21770917, 0.35831815, 0.27775258)
(0.59193808, 0.50024062, 0.20394415, 0.48936942, 0.76678509, 0.70107013, 0.54412371, 0.59282303, 0.44359198, 0.32050225)
(0.85563302, 0.51823550, 0.56244630, 0.52074754, 0.66137278, 0.42712510, 0.71256018, 0.13074140, 0.24216656, 0.48677364)
(0.61965388, 0.33284146, 0.55950630, 0.51249337, 0.48256168, 0.42653117, 0.53133398, 0.51645112, 0.40525886, 0.47150788)
(0.76958525, 0.44437665, 0.26341945, 0.70495784, 0.65462029, 0.67056119, 0.79211777, 0.52841949, 0.32596645, 0.52073306)
(0.87418211, 0.48912504, 0.23424648, 0.47701553, 0.84997880, 0.51017964, 0.68471807, 0.16149884, 0.30000669, 0.29514506)
(0.74690098, 0.41623688, 0.13699912, 0.60342234, 0.64298415, 0.46362990, 0.54853940, 0.30537012, 0.63829166, 0.22398129)
(0.87845159, 0.19036578, 0.12838840, 0.79569376, 0.73935014, 0.60592532, 0.85511309, 0.68167430, 0.35920757, 0.35103697)
(0.58426458, 0.71393466, 0.42852709, 0.24676639, 0.77657783, 0.53916723, 0.31067702, 0.13786207, 0.45242020, 0.23369128)
(0.67435265, 0.49433723, 0.40231213, 0.44120103, 0.76846355, 0.67549729, 0.62757826, 0.49354124, 0.27316952, 0.44058055)
(0.69331503, 0.51869446, 0.28388202, 0.45008206, 0.85337996, 0.75991184, 0.65131384, 0.54670900, 0.24153647, 0.40158051)
(0.73644048, 0.29596007, 0.30009821, 0.52531809, 0.72623587, 0.56704563, 0.67409760, 0.60144389, 0.35516575, 0.36958036)
(0.25858286, 0.61439550, 0.49300337, 0.33071524, 0.65880805, 0.71371794, 0.22738414, 0.82398206, 0.36919889, 0.39539847)
(0.30787009, 0.82868636, 0.21039601, 0.35344759, 0.74895740, 0.76268560, 0.22580367, 0.39192408, 0.58148366, 0.25128812)
(0.80733967, 0.63396370, 0.67463487, 0.56379622, 0.59499449, 0.54312843, 0.74240184, 0.16079201, 0.17258100, 0.62607777)
(0.70592755, 0.30941221, 0.39233387, 0.71416193, 0.31067431, 0.28243366, 0.52013665, 0.28028369, 0.57736576, 0.44133139)
(0.74880689, 0.13940914, 0.27685460, 0.89419580, 0.11792265, 0.07766193, 0.34287000, 0.16689479, 0.77998447, 0.36271179)
(0.70869190, 0.45571932, 0.23160206, 0.54733938, 0.79691738, 0.72305882, 0.68989950, 0.58541709, 0.31344798, 0.40133923)
(0.94843060, 0.11499629, 0.58431482, 0.78430384, 0.62191850, 0.28318506, 0.87354088, 0.39434767, 0.10414518, 0.59517962)
(0.71775818, 0.40554169, 0.52715081, 0.49607146, 0.54073071, 0.39205042, 0.56214023, 0.31243718, 0.38548118, 0.44659436)
(0.66351718, 0.42634806, 0.35803586, 0.55565464, 0.50224042, 0.43500596, 0.53715688, 0.34876600, 0.53933603, 0.38739422)
(0.57181132, 0.69569659, 0.35258174, 0.42952520, 0.84104228, 0.83132821, 0.57908839, 0.59695524, 0.20435920, 0.47717452)
(0.64260358, 0.63562167, 0.38384748, 0.84985244, 0.36025470, 0.73581183, 0.78025842, 0.59671795, 0.32645932, 0.70939708)
(0.38486454, 0.54578602, 0.36200047, 0.39836466, 0.66183734, 0.68392015, 0.36477786, 0.72182006, 0.45432624, 0.36080059)
(0.56231397, 0.69968355, 0.30646849, 0.64439541, 0.60242361, 0.77656370, 0.64115280, 0.51613826, 0.38810048, 0.52410996)
(0.58346355, 0.19849814, 0.36247084, 0.38090003, 0.58472848, 0.27093700, 0.26090765, 0.58950722, 0.59866667, 0.19071296)
(0.70695090, 0.60802507, 0.24607424, 0.83170760, 0.41260281, 0.63984543, 0.74738169, 0.40542200, 0.48963952, 0.57298404)
(0.77882993, 0.42327049, 0.14476410, 0.76288104, 0.75867039, 0.79691464, 0.83244562, 0.73401457, 0.30207568, 0.47315058)
(0.90164644, 0.48101851, 0.46624452, 0.67621869, 0.72416890, 0.56849349, 0.87192351, 0.20342384, 0.13906655, 0.60354370)
(0.77590626, 0.45956373, 0.17347811, 0.64644271, 0.70702165, 0.59793258, 0.71611005, 0.35308304, 0.45801446, 0.36299381)
(0.60960716, 0.78120941, 0.45905975, 0.33609465, 0.88262784, 0.83385253, 0.53889883, 0.41143087, 0.15232818, 0.46347067)
(0.77919674, 0.26043436, 0.26502517, 0.65861601, 0.57797015, 0.45313132, 0.68718833, 0.51188272, 0.47269690, 0.35560742)
(0.86933362, 0.40843579, 0.33885401, 0.51360977, 0.81795621, 0.53033751, 0.75312370, 0.25469998, 0.22750534, 0.40362203)
(0.46510795, 0.58970839, 0.37003976, 0.25704610, 0.82709283, 0.67880642, 0.32971609, 0.55787164, 0.34181792, 0.28993839)
(0.57753557, 0.54033411, 0.11956806, 0.63090545, 0.65925896, 0.67395675, 0.54147911, 0.50570387, 0.64600068, 0.26680535)
(0.85915911, 0.37864974, 0.76826370, 0.81773925, 0.39817828, 0.45562008, 0.83657318, 0.37383744, 0.09043699, 0.80615091)
(0.63388151, 0.65836769, 0.28810984, 0.55061823, 0.80461681, 0.82587236, 0.67757612, 0.59777385, 0.22899102, 0.51467115)
(0.67257863, 0.64994419, 0.17574677, 0.72851855, 0.74880594, 0.85783035, 0.77484781, 0.65926379, 0.29486194, 0.53185362)
(0.87373573, 0.18277872, 0.15317436, 0.48713171, 0.79729450, 0.31519186, 0.56097925, 0.39357689, 0.45773989, 0.15775645)
(0.64925808, 0.16520865, 0.56589526, 0.40057120, 0.60274947, 0.30905896, 0.39882532, 0.64505863, 0.36877787, 0.32866618)
(0.80354714, 0.44450411, 0.30946904, 0.46370289, 0.70844704, 0.40707305, 0.56919891, 0.20945865, 0.41821775, 0.30784655)
(0.43187281, 0.54282677, 0.33900753, 0.39623418, 0.76570880, 0.76953745, 0.43702340, 0.80440664, 0.32531169, 0.38432464)
(0.78385842, 0.46633035, 0.54025269, 0.45394135, 0.80837214, 0.67696232, 0.74479085, 0.48519197, 0.12535574, 0.54400831)
(0.58276856, 0.65431190, 0.54586792, 0.44227585, 0.73374879, 0.75640959, 0.59817523, 0.54958832, 0.19231577, 0.56674451)
(0.83145690, 0.55778551, 0.30029899, 0.58174717, 0.55340171, 0.32303411, 0.53177929, 0.06968986, 0.54359108, 0.32306653)
(0.58541709, 0.81929082, 0.69900930, 0.71178085, 0.35482371, 0.68759847, 0.64573371, 0.28842488, 0.22012754, 0.76226497)
(0.84155303, 0.56297809, 0.43860814, 0.73394197, 0.57517266, 0.58432549, 0.83986688, 0.21306506, 0.21558785, 0.64009547)
(0.91399086, 0.16661677, 0.49989226, 0.60448843, 0.67564017, 0.25813496, 0.73806912, 0.31644654, 0.18619069, 0.44222778)
(0.85888678, 0.11347970, 0.61137092, 0.88115335, 0.29524073, 0.23899364, 0.74582070, 0.59994125, 0.25996539, 0.64322096)
(0.82347208, 0.27638721, 0.34407023, 0.38020962, 0.83449233, 0.46241727, 0.63216746, 0.42203233, 0.25182980, 0.31127068)
(0.46920088, 0.60467643, 0.24410702, 0.34244695, 0.71177185, 0.56056941, 0.30260307, 0.34476495, 0.60969383, 0.21868263)
(0.88707745, 0.20956840, 0.14173831, 0.64899373, 0.70115846, 0.32878262, 0.65721262, 0.32620648, 0.50639576, 0.20604146)
(0.72773212, 0.62363213, 0.54333931, 0.55326444, 0.66111720, 0.66016245, 0.72336411, 0.31083772, 0.21004653, 0.59164304)
(0.72691482, 0.47606090, 0.36031631, 0.52662277, 0.67646772, 0.56205899, 0.65534598, 0.35399202, 0.36859763, 0.43370700)
(0.82959473, 0.63626450, 0.34373704, 0.73493391, 0.76993203, 0.81060261, 0.87824327, 0.42765114, 0.12637429, 0.68299830)
(0.71321088, 0.25815418, 0.53379571, 0.33296049, 0.63848215, 0.26540637, 0.36970422, 0.38377154, 0.38449359, 0.29894027)
(0.83945715, 0.42116886, 0.67793423, 0.61646694, 0.57894242, 0.46951228, 0.77522004, 0.28593156, 0.15367930, 0.63485414)
(0.95712650, 0.07684278, 0.34227705, 0.65752292, 0.72275037, 0.16066074, 0.74475557, 0.33193401, 0.20618835, 0.28955182)
(0.80399543, 0.55283374, 0.56198007, 0.49817905, 0.75041425, 0.61821944, 0.74539012, 0.27601346, 0.16106313, 0.55323637)
(0.85144967, 0.19373678, 0.56905377, 0.67686617, 0.51198995, 0.30754384, 0.71571159, 0.41385576, 0.25249314, 0.51580089)
(0.86805433, 0.34380573, 0.47275946, 0.68357170, 0.53214753, 0.34948036, 0.74407715, 0.22059961, 0.28947213, 0.51738191)
(0.84458500, 0.08351879, 0.29320246, 0.82625282, 0.26608074, 0.08710834, 0.41942981, 0.32466984, 0.67148757, 0.28885859)
(0.89357436, 0.45680639, 0.72139454, 0.51578206, 0.69511944, 0.41207376, 0.76419914, 0.15002720, 0.11896826, 0.57699883)
(0.70484036, 0.53651118, 0.18517496, 0.81035221, 0.61509824, 0.80522138, 0.81770384, 0.71663868, 0.34724790, 0.56799203)
(0.74422979, 0.27872419, 0.52813363, 0.32382780, 0.68300670, 0.29003471, 0.41366157, 0.35566783, 0.34381357, 0.30552506)
(0.76241326, 0.52657866, 0.42436209, 0.31759417, 0.87953746, 0.64768010, 0.59228969, 0.30601281, 0.20165287, 0.34551710)
(0.74508476, 0.41669208, 0.13070768, 0.52511001, 0.78681213, 0.57776302, 0.59618002, 0.40801242, 0.51300174, 0.23356114)
(0.83580858, 0.16875894, 0.19429743, 0.55744654, 0.73884642, 0.39699823, 0.64105552, 0.57443178, 0.43736699, 0.22597052)
(0.58221328, 0.36804789, 0.42226973, 0.77882683, 0.20645736, 0.33134624, 0.49593356, 0.35566285, 0.59971720, 0.51199961)
(0.73554999, 0.43570471, 0.20431714, 0.52606493, 0.69915450, 0.51095825, 0.58939224, 0.34010169, 0.50510257, 0.29296514)
(0.48946834, 0.19083636, 0.17469393, 0.46646458, 0.52690715, 0.22524978, 0.14754835, 0.59854817, 0.80603611, 0.10075784)
(0.66097218, 0.05682978, 0.33049092, 0.37604997, 0.65358329, 0.13376780, 0.16093294, 0.75834900, 0.59900224, 0.10779342)
(0.73744935, 0.31990889, 0.44435829, 0.30674985, 0.80278623, 0.46120679, 0.52314776, 0.44866386, 0.27676380, 0.31606168)
(0.47781506, 0.63638413, 0.51663917, 0.14242989, 0.73240680, 0.30326062, 0.10891999, 0.12141164, 0.56655812, 0.13683388)
(0.82369995, 0.73715395, 0.41764724, 0.57648706, 0.85286146, 0.81376117, 0.82014263, 0.25838089, 0.11024097, 0.60600621)
(0.57030439, 0.51626176, 0.27900952, 0.83166736, 0.32796714, 0.66565669, 0.66242200, 0.67059749, 0.54835862, 0.54672086)
(0.83006263, 0.68416065, 0.27260208, 0.73529619, 0.64406019, 0.61765033, 0.79175878, 0.14294247, 0.33575568, 0.53258324)
(0.70885700, 0.34177819, 0.55486751, 0.56557018, 0.67727572, 0.64749289, 0.71946460, 0.73449200, 0.16079387, 0.58807540)
(0.71124887, 0.38194299, 0.40162468, 0.65269142, 0.51269668, 0.53549325, 0.71128780, 0.49731475, 0.39145353, 0.51137370)
(0.91236991, 0.11055770, 0.23837210, 0.47201362, 0.73273182, 0.14781739, 0.46333301, 0.30386859, 0.43176103, 0.15013486)
(0.81028020, 0.24040477, 0.39229077, 0.94355375, 0.19212937, 0.42295212, 0.82238245, 0.62298578, 0.36793163, 0.68015730)
(0.62409580, 0.40411562, 0.18561253, 0.65630537, 0.50707513, 0.50809067, 0.52995676, 0.47012380, 0.67791480, 0.28385615)
(0.76478535, 0.23166536, 0.37273765, 0.22771235, 0.79425627, 0.21941115, 0.27565855, 0.31738472, 0.40197581, 0.15553147)
(0.72816682, 0.24545568, 0.14243113, 0.84388065, 0.40110415, 0.46808243, 0.66324937, 0.61249387, 0.69967449, 0.30423215)
(0.45655876, 0.75302702, 0.39174569, 0.53244227, 0.66430819, 0.81612957, 0.53926408, 0.59897041, 0.30537230, 0.54210591)
(0.77243412, 0.58394307, 0.39622569, 0.72591460, 0.39954931, 0.41604930, 0.63825226, 0.12052825, 0.47018388, 0.51935583)
(0.66712689, 0.46633431, 0.43891957, 0.50383621, 0.49993145, 0.39907655, 0.49363238, 0.26777312, 0.51044077, 0.39878297)
(0.82470280, 0.23958920, 0.26549736, 0.56398356, 0.74219865, 0.48827475, 0.71813792, 0.52831942, 0.33801490, 0.33933303)
(0.75740409, 0.41735399, 0.37592795, 0.43461823, 0.82914269, 0.66124165, 0.68330824, 0.48303667, 0.22064586, 0.41597944)
(0.59848648, 0.88159323, 0.62499827, 0.75266147, 0.34125739, 0.70748150, 0.64425665, 0.18828413, 0.26867226, 0.74962151)
(0.70575047, 0.29680285, 0.31432545, 0.69302320, 0.51082230, 0.52769387, 0.69425118, 0.61378855, 0.46881720, 0.43168387)
(0.65894872, 0.19088861, 0.55669051, 0.37863019, 0.69035041, 0.42067632, 0.47709757, 0.71225345, 0.28290379, 0.36274371)
(0.72697556, 0.50719136, 0.12172417, 0.48521957, 0.85980451, 0.67140406, 0.59154820, 0.36861777, 0.44315994, 0.24184883)
(0.71723503, 0.60928977, 0.53001773, 0.57226259, 0.64710957, 0.66865599, 0.73204184, 0.35121378, 0.21480498, 0.60365134)
(0.77125806, 0.37156364, 0.44186139, 0.54882640, 0.71942616, 0.61861795, 0.75583148, 0.55205649, 0.20715272, 0.52387822)
(0.67163181, 0.29251215, 0.54073566, 0.20533641, 0.67052996, 0.16627830, 0.16784917, 0.21706076, 0.48264635, 0.16285893)
(0.29832122, 0.63392264, 0.56318945, 0.25377950, 0.73933363, 0.71870542, 0.24543871, 0.76970696, 0.28099522, 0.40826127)
(0.82980603, 0.53582585, 0.51325601, 0.24410032, 0.92205799, 0.61125982, 0.59198636, 0.21444349, 0.12852405, 0.32911006)
(0.69095838, 0.75284874, 0.38686067, 0.58539772, 0.70627016, 0.74920273, 0.68912178, 0.26424527, 0.27274269, 0.54172105)
(0.84290779, 0.54972643, 0.61380529, 0.35309976, 0.87242818, 0.63184744, 0.70842659, 0.25136846, 0.09560278, 0.48800156)
(0.74566507, 0.59202021, 0.31831056, 0.69161820, 0.60878712, 0.65108925, 0.76025319, 0.33496261, 0.34153900, 0.55540311)
(0.74614829, 0.35427576, 0.15359023, 0.45332035, 0.79419917, 0.51457334, 0.54348904, 0.43314123, 0.50185555, 0.20458841)
(0.77985293, 0.40697110, 0.61317152, 0.43012318, 0.81012797, 0.66244590, 0.73888421, 0.57026255, 0.09856376, 0.56852126)
(0.84596258, 0.12162401, 0.29022288, 0.90104586, 0.26194537, 0.24805497, 0.73001361, 0.51137871, 0.56119841, 0.41674712)
(0.75270689, 0.45307130, 0.29484364, 0.33595166, 0.79973894, 0.45180577, 0.47465891, 0.25431594, 0.40492094, 0.23834306)
(0.76646429, 0.33132249, 0.20555824, 0.76138186, 0.42481849, 0.40922451, 0.64748329, 0.35928839, 0.63377547, 0.34182951)
(0.79737097, 0.21511526, 0.22649185, 0.51558453, 0.79626220, 0.54217654, 0.68946081, 0.63712472, 0.34738451, 0.28657761)
(0.70626706, 0.79258102, 0.72305548, 0.46945739, 0.65789980, 0.68277866, 0.63878453, 0.18062386, 0.15354839, 0.63230193)
(0.84596336, 0.13879256, 0.21618144, 0.89763212, 0.28104281, 0.26477721, 0.71908915, 0.48986501, 0.62406814, 0.35634077)
(0.58882141, 0.68243116, 0.23920316, 0.45037991, 0.76812267, 0.70021111, 0.49068183, 0.31958899, 0.45459610, 0.32159704)
(0.81671667, 0.59256178, 0.59730816, 0.73874599, 0.57335603, 0.67017972, 0.85955662, 0.34501359, 0.11874989, 0.74765199)
(0.89486617, 0.06972241, 0.46147674, 0.49140859, 0.81701255, 0.31855738, 0.70345300, 0.71555626, 0.14538515, 0.32825789)
(0.93716639, 0.44301379, 0.71599454, 0.78166223, 0.59535253, 0.48067459, 0.90463352, 0.17168607, 0.06244094, 0.76323217)
(0.66003501, 0.45815045, 0.32422945, 0.50604117, 0.56881392, 0.45175424, 0.51066977, 0.32472497, 0.53707784, 0.34772536)
(0.76617777, 0.81011170, 0.22269663, 0.60994714, 0.65122563, 0.55581492, 0.55771947, 0.05195856, 0.57911122, 0.31236881)
(0.64142925, 0.36608040, 0.47824934, 0.19335629, 0.82883245, 0.43065843, 0.34419486, 0.41916788, 0.31367961, 0.23540562)
(0.84764189, 0.32420582, 0.19438092, 0.71867830, 0.46327052, 0.27270311, 0.58851385, 0.16054408, 0.61567020, 0.30311069)
(0.79430318, 0.71864486, 0.72076464, 0.47091961, 0.70887917, 0.63296527, 0.70764488, 0.15847403, 0.12366275, 0.61709255)
(0.69091678, 0.43664441, 0.33505833, 0.62139595, 0.53447890, 0.52322161, 0.65698171, 0.40146592, 0.47652516, 0.44944072)
(0.79989219, 0.28211701, 0.26928273, 0.74758458, 0.58908194, 0.57487446, 0.80233943, 0.60514927, 0.36755195, 0.46914789)
(0.75276822, 0.44983944, 0.06108552, 0.70565051, 0.77098680, 0.68015379, 0.68566108, 0.46209887, 0.61165172, 0.22100842)
(0.78736979, 0.21330205, 0.45114616, 0.42974854, 0.65559548, 0.29278645, 0.51001173, 0.43552226, 0.35111773, 0.31651548)
(0.55757427, 0.51337296, 0.26630321, 0.52131176, 0.62968832, 0.62317693, 0.52453697, 0.50683141, 0.52559406, 0.35974765)
(0.50533897, 0.82069856, 0.72500557, 0.42768228, 0.54774898, 0.65129048, 0.43673280, 0.24139412, 0.24674577, 0.60644335)
(0.82980901, 0.39386579, 0.39607474, 0.45393258, 0.81363094, 0.54057431, 0.70723301, 0.31699765, 0.22604625, 0.40164164)
(0.59765619, 0.21016555, 0.36153728, 0.54790866, 0.47160065, 0.31978434, 0.39057553, 0.61904854, 0.60831749, 0.28349823)
(0.62484443, 0.57407790, 0.32011944, 0.60898346, 0.69939464, 0.77804983, 0.69411355, 0.65786010, 0.28359291, 0.53824538)
(0.53055143, 0.89678013, 0.63953686, 0.60924888, 0.47695476, 0.76545197, 0.56729716, 0.21662819, 0.26166224, 0.68863362)
(0.66169834, 0.69449788, 0.34935430, 0.62394607, 0.57554984, 0.63332844, 0.63421082, 0.25576979, 0.43288365, 0.49226585)
(0.61526960, 0.52693212, 0.48950785, 0.78995699, 0.26195240, 0.50102150, 0.63861412, 0.40492839, 0.43058720, 0.64295673)
(0.52420229, 0.57951987, 0.30412740, 0.46376964, 0.69614983, 0.68868816, 0.49959639, 0.53211963, 0.43478158, 0.38567582)
(0.66782552, 0.53454638, 0.24092241, 0.65617377, 0.46343812, 0.46340677, 0.55301708, 0.21904866, 0.62786192, 0.36940628)
(0.62673748, 0.40075251, 0.26491272, 0.41890618, 0.65344256, 0.44585383, 0.42209959, 0.40584096, 0.57286674, 0.24098901)
(0.73492646, 0.41006774, 0.43318126, 0.52738726, 0.70712250, 0.62410873, 0.71567130, 0.52756947, 0.24442513, 0.50738907)
(0.73383516, 0.46444374, 0.39130688, 0.47050440, 0.70760578, 0.53431529, 0.62370074, 0.32806411, 0.35132730, 0.40475479)
(0.70094275, 0.53097707, 0.38546255, 0.54325980, 0.76011074, 0.74790573, 0.72202915, 0.58603883, 0.21085830, 0.54449886)
(0.59762037, 0.35973045, 0.13248026, 0.78368896, 0.40064669, 0.49455091, 0.51123655, 0.54030639, 0.76042467, 0.26707590)
(0.59796458, 0.81423789, 0.60740238, 0.45589894, 0.52594531, 0.55809134, 0.44882104, 0.11187812, 0.39354882, 0.49224332)
(0.65057439, 0.59899974, 0.36938357, 0.30063432, 0.87398696, 0.70836186, 0.50006258, 0.39788151, 0.24659351, 0.32610574)
(0.59021425, 0.63639569, 0.56301326, 0.57405049, 0.65283179, 0.78315055, 0.68939692, 0.68313563, 0.15280342, 0.67801994)
(0.69340283, 0.34725916, 0.27539775, 0.35941735, 0.66620052, 0.28681684, 0.30810615, 0.26790771, 0.58474642, 0.17848527)
(0.69703555, 0.44892433, 0.20356549, 0.77928752, 0.33319131, 0.38191763, 0.55898297, 0.20375247, 0.69244343, 0.37342915)
(0.59397721, 0.25600564, 0.42855656, 0.49968871, 0.45290986, 0.30023348, 0.36910772, 0.51353014, 0.59182739, 0.31408459)
(0.78318584, 0.44140807, 0.60611713, 0.59575212, 0.64698237, 0.61127472, 0.79216641, 0.46808439, 0.14309950, 0.64739680)
(0.55072188, 0.52575666, 0.30525896, 0.89884877, 0.12500346, 0.40947080, 0.53643745, 0.30615339, 0.66459441, 0.58283722)
(0.36172363, 0.89225739, 0.11230791, 0.51661855, 0.61719769, 0.67712456, 0.21894357, 0.10046689, 0.79216772, 0.19944134)
(0.59385401, 0.21279302, 0.22624771, 0.66587299, 0.57037270, 0.54154766, 0.52002156, 0.83638895, 0.54807013, 0.28678048)
(0.57521737, 0.41997746, 0.24037407, 0.47513255, 0.67468929, 0.58259869, 0.49534464, 0.55624688, 0.54799372, 0.28668734)
(0.82849348, 0.54605007, 0.48884422, 0.52176654, 0.79206049, 0.65581203, 0.77744013, 0.29004532, 0.15299852, 0.54384106)
(0.76665062, 0.31176257, 0.31579906, 0.73137283, 0.57134241, 0.59501123, 0.78328550, 0.63648689, 0.34087721, 0.50659400)
(0.68287230, 0.44759673, 0.20927292, 0.53291911, 0.59458894, 0.44025657, 0.48126552, 0.29626602, 0.62559164, 0.25897482)
(0.72041690, 0.39224350, 0.35149702, 0.34365648, 0.81677115, 0.53606266, 0.53529698, 0.40026847, 0.32393166, 0.29776734)
(0.65092367, 0.61620289, 0.40345484, 0.25418848, 0.69135636, 0.32260519, 0.23947409, 0.09060500, 0.57107514, 0.17409714)
(0.62877238, 0.39488438, 0.28405678, 0.71299309, 0.51791847, 0.65671211, 0.68585294, 0.71564186, 0.45799831, 0.47475573)
(0.82803982, 0.46593830, 0.13501365, 0.66138846, 0.60162050, 0.36368418, 0.56464940, 0.12914272, 0.63675261, 0.24559285)
(0.72146636, 0.22725871, 0.24436173, 0.65855038, 0.54966491, 0.44787297, 0.61618829, 0.62368864, 0.54651445, 0.30869612)
(0.76151538, 0.24670963, 0.30022267, 0.28508508, 0.82585013, 0.36021504, 0.41900751, 0.46070111, 0.36569649, 0.19514321)
(0.66801131, 0.34167939, 0.27555361, 0.46481606, 0.69736505, 0.52763087, 0.55114561, 0.54273283, 0.46839735, 0.30038533)
(0.77531505, 0.36484227, 0.44240317, 0.40298820, 0.79789215, 0.54577303, 0.65116638, 0.42060208, 0.23389795, 0.39821348)
(0.70232975, 0.36383992, 0.32071498, 0.63128394, 0.61537242, 0.61828089, 0.71446031, 0.63192260, 0.37493575, 0.46497038)
(0.84969527, 0.31877711, 0.24903958, 0.78717351, 0.59292299, 0.56367612, 0.84831882, 0.46288809, 0.34261873, 0.50637221)
(0.77831358, 0.32927600, 0.66144806, 0.66896313, 0.50275761, 0.46462086, 0.74165738, 0.47791430, 0.18318501, 0.65104520)
(0.57220304, 0.53627431, 0.78083694, 0.39091086, 0.73662931, 0.72563004, 0.56850421, 0.75444692, 0.07594385, 0.67695159)
(0.86293280, 0.24110544, 0.54517400, 0.55874091, 0.64536196, 0.32924172, 0.70190597, 0.33496049, 0.21557033, 0.47292188)
(0.84179330, 0.34846812, 0.55440295, 0.81260562, 0.41600198, 0.46652943, 0.82688421, 0.40323550, 0.19859605, 0.69371063)
(0.68898129, 0.58449578, 0.30773970, 0.45297837, 0.74545407, 0.60559672, 0.56514633, 0.26736125, 0.41405976, 0.34555462)
(0.46201700, 0.84678316, 0.37325144, 0.48030072, 0.71302551, 0.82886183, 0.47784194, 0.37947047, 0.33960286, 0.47545582)
(0.82801628, 0.53671396, 0.06812584, 0.65574872, 0.85549748, 0.68305153, 0.73054880, 0.26238051, 0.46381643, 0.25901151)
(0.76361650, 0.33062696, 0.32540390, 0.68541354, 0.65637052, 0.65143299, 0.78610337, 0.68782866, 0.26718992, 0.52037704)
(0.59941006, 0.39229226, 0.26778585, 0.53269088, 0.59564304, 0.53557670, 0.52014816, 0.53460139, 0.56415761, 0.31537986)
(0.81143057, 0.32197744, 0.50011438, 0.53477341, 0.60000539, 0.35739920, 0.64435399, 0.30555588, 0.30594641, 0.44576907)
(0.83509022, 0.17531049, 0.14077954, 0.75241691, 0.55822372, 0.36457407, 0.66291517, 0.52227032, 0.60863817, 0.23048829)
(0.71745002, 0.22434236, 0.43554148, 0.36957750, 0.61135256, 0.24674901, 0.35764867, 0.42080262, 0.46967563, 0.24764091)
(0.78829610, 0.20794451, 0.31360269, 0.38938534, 0.67754161, 0.23773530, 0.38693309, 0.36991614, 0.48942646, 0.19320875)
(0.79138434, 0.63330972, 0.26111013, 0.78738838, 0.60280812, 0.68812442, 0.82380056, 0.31854603, 0.30749172, 0.61266416)
(0.64770013, 0.39180076, 0.37266585, 0.59037012, 0.41065556, 0.36788136, 0.48895511, 0.31203333, 0.58413762, 0.39189354)
(0.65276533, 0.30375487, 0.31706282, 0.55001003, 0.53737289, 0.43643159, 0.52316427, 0.53717142, 0.55428696, 0.31911358)
(0.81476718, 0.57669175, 0.84900641, 0.67990041, 0.35351053, 0.35602656, 0.65444595, 0.12884705, 0.14534956, 0.73344165)
(0.68001223, 0.62240577, 0.71473068, 0.73987579, 0.31202447, 0.52095747, 0.67032683, 0.30367702, 0.23272671, 0.74539071)
(0.38456249, 0.55463982, 0.29165733, 0.52820182, 0.70476592, 0.81386179, 0.44730306, 0.88630402, 0.34843931, 0.42179143)
(0.76813298, 0.57983541, 0.30453858, 0.53687561, 0.82524288, 0.74461293, 0.73372364, 0.39915234, 0.22188593, 0.46980602)
(0.79339182, 0.43740144, 0.28116861, 0.52865773, 0.82894212, 0.67796892, 0.74000943, 0.47416067, 0.22489546, 0.43305001)
(0.70405275, 0.05111865, 0.36639622, 0.48761156, 0.71702307, 0.27863848, 0.39164525, 0.88230497, 0.37541819, 0.19259439)
(0.56873786, 0.50475705, 0.41962335, 0.77758437, 0.21360417, 0.38835406, 0.49839187, 0.26206610, 0.58034301, 0.53769559)
(0.81830937, 0.56392145, 0.22417295, 0.65117884, 0.80596519, 0.73892647, 0.80238372, 0.36724815, 0.24572186, 0.49103567)
(0.80184692, 0.52697253, 0.29785413, 0.55632973, 0.62904638, 0.42858076, 0.60271996, 0.15390877, 0.47530687, 0.35132086)
(0.64866590, 0.48798218, 0.40208417, 0.36899534, 0.81474364, 0.68418854, 0.57072377, 0.52559322, 0.25847694, 0.39319569)
(0.85267144, 0.44877586, 0.34237930, 0.70511866, 0.74570137, 0.69844711, 0.86369514, 0.46539578, 0.16021638, 0.60656673)
(0.82303137, 0.20051275, 0.33193630, 0.37655687, 0.75341433, 0.28050902, 0.47904858, 0.40927002, 0.37097654, 0.22534163)
(0.85913748, 0.39654741, 0.47677445, 0.56751490, 0.81180638, 0.66012716, 0.83603781, 0.48021924, 0.10165919, 0.58298492)
(0.79668760, 0.23619147, 0.55562103, 0.39839467, 0.72854245, 0.36680713, 0.58527654, 0.44881091, 0.22226179, 0.40015888)
(0.41799721, 0.53907239, 0.15397349, 0.58447528, 0.64437771, 0.72221583, 0.42560989, 0.74323809, 0.61509049, 0.28554568)
(0.76935983, 0.09625254, 0.27734351, 0.78723973, 0.35959688, 0.20426215, 0.50800353, 0.63745528, 0.63540411, 0.26817808)
(0.49331921, 0.46191210, 0.44068137, 0.68813169, 0.50108498, 0.72096598, 0.59979433, 0.84362340, 0.30151859, 0.59366721)
(0.76112247, 0.14772260, 0.32976642, 0.28669804, 0.71598673, 0.16427122, 0.23610206, 0.41220096, 0.51623142, 0.12228982)
(0.70310867, 0.48337078, 0.42371112, 0.32049915, 0.87258661, 0.69960856, 0.58764499, 0.48213372, 0.19562449, 0.37253591)
(0.45345274, 0.59335554, 0.44153258, 0.23105563, 0.63844556, 0.34189641, 0.16231759, 0.18181339, 0.62383342, 0.18129902)
(0.44388142, 0.59636265, 0.23050791, 0.56999999, 0.71130729, 0.82910585, 0.53901565, 0.82332337, 0.38544300, 0.41987357)
(0.92669570, 0.32741413, 0.40840214, 0.62254834, 0.83084619, 0.55402887, 0.87984163, 0.30698481, 0.10585494, 0.54003274)
(0.80703038, 0.42601523, 0.44554314, 0.42946589, 0.85327542, 0.66647953, 0.73112500, 0.44485795, 0.14861917, 0.45882815)
(0.73389620, 0.51704955, 0.62655997, 0.42523372, 0.84750521, 0.77507192, 0.72974241, 0.66609168, 0.06810702, 0.62096369)
(0.43348360, 0.51318908, 0.48759139, 0.52286208, 0.61041093, 0.73932236, 0.49624473, 0.83433700, 0.27974135, 0.53431374)
(0.77089512, 0.34773210, 0.27818215, 0.87017590, 0.33690774, 0.50587296, 0.77383679, 0.49488777, 0.49203280, 0.53749204)
(0.67543370, 0.37585768, 0.38768384, 0.33120456, 0.69003606, 0.36910036, 0.39664331, 0.34227780, 0.45479909, 0.26166973)
(0.61276758, 0.63934714, 0.54825705, 0.55807507, 0.66438866, 0.75975507, 0.68815881, 0.58797455, 0.17440636, 0.64817107)
(0.83594126, 0.33177847, 0.41640389, 0.80785638, 0.51256454, 0.56885588, 0.85919333, 0.53989053, 0.21628840, 0.64663285)
(0.66528058, 0.43358752, 0.42297250, 0.52614892, 0.52758765, 0.45472836, 0.56591403, 0.36467510, 0.46792480, 0.43089280)
(0.69031191, 0.41283059, 0.56951588, 0.27393371, 0.64052731, 0.25768632, 0.28848264, 0.19354658, 0.43267947, 0.25823644)
(0.50779027, 0.40110478, 0.49119532, 0.73811895, 0.24351080, 0.44278088, 0.51059288, 0.55758679, 0.53649050, 0.56333017)
(0.56603056, 0.52699405, 0.41170838, 0.49088246, 0.68682152, 0.71844941, 0.59409785, 0.66845548, 0.30034158, 0.49574867)
(0.74400771, 0.70306891, 0.50306886, 0.65436810, 0.69585466, 0.77783149, 0.80412871, 0.38005000, 0.14272717, 0.68711209)
(0.47789523, 0.66465908, 0.44873849, 0.54156327, 0.33799839, 0.38522467, 0.28041163, 0.12187771, 0.64465874, 0.35913739)
(0.82971048, 0.16584691, 0.16838998, 0.49094543, 0.74484247, 0.31513992, 0.51049960, 0.49372286, 0.51948196, 0.15575200)
(0.68608439, 0.37398934, 0.39619395, 0.37350887, 0.84931731, 0.70637220, 0.62506330, 0.71012110, 0.18986119, 0.40330777)
(0.53854102, 0.68781704, 0.27913249, 0.49948829, 0.80243385, 0.83073288, 0.57784349, 0.64037794, 0.26860431, 0.46606243)
(0.47820392, 0.34402451, 0.16139984, 0.68114311, 0.37323788, 0.38625264, 0.31698820, 0.49094456, 0.80225700, 0.21889454)
(0.91653973, 0.07027823, 0.44318584, 0.75418067, 0.46922565, 0.12473623, 0.63324755, 0.39454469, 0.35088333, 0.35477450)
(0.58481169, 0.11279704, 0.58633125, 0.22514734, 0.75955480, 0.27510837, 0.21973877, 0.77315557, 0.32335326, 0.20135406)
(0.54133558, 0.74128670, 0.34015405, 0.27318582, 0.87089014, 0.75177562, 0.37734446, 0.34158856, 0.30318090, 0.29134363)
(0.70552087, 0.47509921, 0.30178025, 0.65399110, 0.54911858, 0.56498462, 0.69241756, 0.39193770, 0.46479699, 0.46684837)
(0.70491910, 0.58010232, 0.37176403, 0.61115468, 0.58830464, 0.60011512, 0.68530685, 0.30005342, 0.38860512, 0.50425041)
(0.86859775, 0.64220178, 0.52181214, 0.53639692, 0.83032250, 0.69203103, 0.80798006, 0.18851686, 0.10699211, 0.57318163)
(0.69729328, 0.27738339, 0.39518279, 0.62003422, 0.61408180, 0.58963454, 0.69470584, 0.74718553, 0.30426848, 0.47710043)
(0.90192330, 0.30296290, 0.64035499, 0.59340310, 0.65658772, 0.35030442, 0.77552062, 0.22328196, 0.14950408, 0.54657203)
(0.58534139, 0.07773945, 0.21389425, 0.47152865, 0.51250911, 0.11002389, 0.10632426, 0.66635621, 0.80360073, 0.08054306)
(0.77518767, 0.77738357, 0.74703318, 0.33585370, 0.71508992, 0.52604222, 0.53507644, 0.07029977, 0.18307328, 0.49149230)
(0.77167910, 0.27224874, 0.20473957, 0.32452804, 0.80603260, 0.33391985, 0.38734761, 0.36586860, 0.48985818, 0.14505731)
(0.87376171, 0.18885818, 0.37997016, 0.87777257, 0.33195466, 0.31845269, 0.81210071, 0.41121721, 0.36858156, 0.55405211)
(0.84912872, 0.45675066, 0.43356249, 0.75573814, 0.48914078, 0.46050110, 0.79636186, 0.21199757, 0.29214609, 0.59729779)
(0.53158861, 0.69142091, 0.43004012, 0.46870282, 0.45541611, 0.43296161, 0.33497748, 0.12251659, 0.60874385, 0.34142199)
(0.60500610, 0.43907496, 0.18454692, 0.50773251, 0.63905776, 0.51762658, 0.44775498, 0.43704206, 0.64406365, 0.23076542)
(0.64411682, 0.37388361, 0.14628609, 0.50170422, 0.79478008, 0.66697085, 0.56309330, 0.65961689, 0.49604270, 0.24181587)
(0.43694964, 0.42638820, 0.28195429, 0.62082088, 0.39001134, 0.48983446, 0.37900937, 0.57657140, 0.69260156, 0.33642441)
(0.70508915, 0.25931326, 0.43325993, 0.13987564, 0.88087004, 0.30743441, 0.25439373, 0.40611562, 0.29787910, 0.15029204)
(0.80539471, 0.69957334, 0.37003589, 0.74717677, 0.70390785, 0.78800565, 0.86215460, 0.32711789, 0.15721348, 0.68752611)
(0.77632982, 0.56475836, 0.52317500, 0.79503846, 0.40922076, 0.57517701, 0.80175906, 0.32431433, 0.22863625, 0.71992236)
(0.60934156, 0.48082349, 0.12609200, 0.56124848, 0.77369308, 0.72179627, 0.56808269, 0.62399715, 0.52374870, 0.26890960)
(0.76813775, 0.07543362, 0.19852433, 0.52632213, 0.75482929, 0.34486684, 0.49333709, 0.82879001, 0.45695558, 0.15716919)
(0.65404534, 0.44986859, 0.59393018, 0.34390384, 0.63566118, 0.43223053, 0.46998152, 0.32665989, 0.34963846, 0.39921638)
(0.69460404, 0.34277976, 0.32917365, 0.54296649, 0.59861076, 0.48668066, 0.60378087, 0.49362606, 0.46691510, 0.36945811)
(0.84075350, 0.52879721, 0.64417034, 0.36553520, 0.81795734, 0.53223288, 0.67653251, 0.19444281, 0.13073976, 0.47833702)
(0.87418675, 0.33055118, 0.34607598, 0.82280362, 0.56790131, 0.58213365, 0.88817304, 0.48345569, 0.21133612, 0.63074917)
(0.73095769, 0.60814899, 0.38307217, 0.74602860, 0.61596435, 0.77123868, 0.82292068, 0.54455233, 0.20527884, 0.68086380)
(0.88606566, 0.58103341, 0.20838791, 0.70404780, 0.66355950, 0.47854125, 0.76285249, 0.08976919, 0.42925033, 0.39237180)
(0.60528982, 0.13807431, 0.58723027, 0.37175426, 0.55399370, 0.21353522, 0.25394675, 0.63435417, 0.46268424, 0.26832440)
(0.77983856, 0.42008150, 0.28975034, 0.62949359, 0.78731591, 0.74297184, 0.79427826, 0.66381103, 0.19638290, 0.51658273)
(0.82001930, 0.24292780, 0.19101754, 0.80432492, 0.61919051, 0.62513345, 0.83302373, 0.71179408, 0.37881261, 0.43863067)
(0.80994856, 0.39365298, 0.19318707, 0.69136542, 0.74311918, 0.67430234, 0.80363560, 0.53309107, 0.32537100, 0.44314682)
(0.80318677, 0.10602369, 0.24206378, 0.68066519, 0.39459974, 0.11296165, 0.32646140, 0.36134243, 0.70969963, 0.19412643)
(0.86029965, 0.58183724, 0.41176373, 0.66427857, 0.61553037, 0.49527106, 0.78527743, 0.11164853, 0.28901398, 0.53173697)
(0.86246240, 0.56241512, 0.66933841, 0.54990005, 0.62685305, 0.44462186, 0.73845458, 0.12242443, 0.17597318, 0.57414716)
(0.85849166, 0.15216482, 0.25998577, 0.76194292, 0.51889265, 0.34336558, 0.74831527, 0.52121240, 0.43988344, 0.34975174)
(0.59056461, 0.32660282, 0.31651938, 0.71921235, 0.42539334, 0.55475348, 0.60192931, 0.71908730, 0.54078346, 0.42951515)
(0.80003303, 0.45708784, 0.20851821, 0.79580677, 0.65938067, 0.74571544, 0.85604268, 0.60774845, 0.29085779, 0.57004511)
(0.60304171, 0.56597286, 0.53183478, 0.48253351, 0.75792783, 0.78729397, 0.65762359, 0.73199701, 0.14228703, 0.59993356)
(0.58718097, 0.17941873, 0.46966827, 0.72803456, 0.28215197, 0.26254654, 0.41452950, 0.62708354, 0.59109557, 0.42321172)
(0.68062037, 0.82292682, 0.77692568, 0.36560020, 0.56233913, 0.45943335, 0.41027471, 0.05903246, 0.26056111, 0.50099605)
(0.87033099, 0.04456747, 0.15816872, 0.82309723, 0.51255417, 0.21859004, 0.64410943, 0.76469839, 0.55711120, 0.18531919)
(0.66923183, 0.42304942, 0.33768564, 0.50963849, 0.63203222, 0.53288370, 0.59854972, 0.44125265, 0.44411635, 0.39452854)
(0.69736874, 0.34134203, 0.30141973, 0.77351999, 0.24591734, 0.24514119, 0.46861699, 0.18416859, 0.67478710, 0.40347150)
(0.87764102, 0.44437578, 0.41992792, 0.76253277, 0.48932740, 0.39598370, 0.78552812, 0.14742596, 0.31275955, 0.56875044)
(0.62996286, 0.67051542, 0.15797719, 0.56854075, 0.70046467, 0.64709568, 0.52351284, 0.26199666, 0.58924729, 0.29394743)
(0.64406997, 0.50509965, 0.50000733, 0.48805016, 0.70142299, 0.69218457, 0.65845281, 0.60663295, 0.21499886, 0.54974413)
(0.75289178, 0.66968644, 0.43116224, 0.55070549, 0.47045222, 0.33617380, 0.45077932, 0.04666081, 0.54861224, 0.36504585)
(0.93161952, 0.36663118, 0.37247467, 0.71771789, 0.80925918, 0.62495041, 0.91616869, 0.32721603, 0.09614307, 0.61478841)
(0.82210040, 0.56396097, 0.47796333, 0.80447364, 0.45385155, 0.57656842, 0.83606732, 0.26622391, 0.21701106, 0.70977610)
(0.42070737, 0.65352392, 0.13635817, 0.76948071, 0.41419220, 0.72668296, 0.46660048, 0.58862865, 0.73296237, 0.33184737)
(0.77409279, 0.34982786, 0.36725238, 0.65021455, 0.57394886, 0.50402838, 0.73938310, 0.43325084, 0.36506811, 0.48348343)
(0.75493479, 0.73877287, 0.33005226, 0.57703799, 0.72406441, 0.66459918, 0.68092179, 0.14768441, 0.33504671, 0.45482713)
(0.78059161, 0.49035305, 0.86148298, 0.55051935, 0.55856627, 0.52199447, 0.72700912, 0.35354373, 0.08105458, 0.73844695)
(0.64353019, 0.35051376, 0.24626739, 0.22020008, 0.82197052, 0.35501143, 0.25472578, 0.35045892, 0.51480013, 0.12713869)
(0.84077078, 0.36364287, 0.26225561, 0.86350548, 0.48703563, 0.61475134, 0.87640238, 0.51607090, 0.32442522, 0.60409808)
(0.58732569, 0.50053686, 0.33667138, 0.68748951, 0.40984744, 0.57207292, 0.60646492, 0.49197057, 0.55879200, 0.47412133)
(0.80612177, 0.09675114, 0.44647938, 0.51185900, 0.65077794, 0.26561862, 0.54082066, 0.65697670, 0.32126918, 0.28652290)
(0.58846444, 0.43672553, 0.05228295, 0.79479319, 0.56437230, 0.63109237, 0.51176357, 0.58660424, 0.80655557, 0.17902663)
(0.67729425, 0.64514613, 0.75427967, 0.70497137, 0.40626773, 0.63590723, 0.73397964, 0.43153700, 0.13935225, 0.78916782)
(0.82134169, 0.06653844, 0.33859050, 0.29188278, 0.83946818, 0.21414107, 0.36051714, 0.70321333, 0.30716750, 0.13555409)
(0.49292287, 0.49542701, 0.34326690, 0.89410847, 0.12236584, 0.45157748, 0.52687281, 0.45808870, 0.64714730, 0.60106122)
(0.76383841, 0.58734298, 0.40372568, 0.55823511, 0.78391033, 0.74967062, 0.76321685, 0.43490618, 0.18250877, 0.55997598)
(0.92430627, 0.18743195, 0.45272800, 0.57989442, 0.68976730, 0.22635514, 0.70554739, 0.23314141, 0.21300958, 0.39115971)
(0.59237021, 0.40618351, 0.25331149, 0.46514606, 0.64085418, 0.51601672, 0.46089190, 0.49690565, 0.57568836, 0.26912677)
(0.79130810, 0.47871330, 0.17305563, 0.41514733, 0.91873842, 0.71958941, 0.65664321, 0.37517145, 0.26305929, 0.26641905)
(0.59286469, 0.19644928, 0.40760133, 0.25185075, 0.72915870, 0.29532745, 0.24344087, 0.60869217, 0.47166950, 0.17357640)
(0.77106851, 0.26138741, 0.25034645, 0.90150076, 0.16128272, 0.22479774, 0.60059810, 0.20729919, 0.66962922, 0.46479174)
(0.90562874, 0.15820688, 0.28018275, 0.93334740, 0.29723448, 0.32325768, 0.86464888, 0.43139321, 0.39797604, 0.54829758)
(0.65414083, 0.34872258, 0.16783331, 0.43013266, 0.67342633, 0.37404314, 0.33735436, 0.37858823, 0.67844462, 0.14576040)
(0.79764670, 0.54663432, 0.55179054, 0.56730014, 0.58162355, 0.48470885, 0.71239763, 0.18565094, 0.27193570, 0.54115659)
(0.82268643, 0.29184425, 0.22297141, 0.80186886, 0.51528746, 0.51004046, 0.80224413, 0.47501236, 0.46389711, 0.44089979)
(0.71678346, 0.17849559, 0.51325154, 0.55641425, 0.49073544, 0.28397462, 0.49792629, 0.54692990, 0.42642495, 0.38038260)
(0.82333922, 0.60400087, 0.39415827, 0.47674736, 0.77381992, 0.54406017, 0.67277384, 0.13257143, 0.29321030, 0.39880174)
(0.59982431, 0.69432116, 0.32186991, 0.31464848, 0.88970268, 0.78960800, 0.48486161, 0.42783222, 0.23972389, 0.33814466)
(0.64485383, 0.38265336, 0.31283957, 0.45258105, 0.73779583, 0.61439306, 0.58269143, 0.59057450, 0.38114560, 0.35764113)
(0.64643347, 0.48843789, 0.76588422, 0.47385487, 0.80407262, 0.80376583, 0.68330151, 0.86751103, 0.03764239, 0.73646569)
(0.88966656, 0.13054349, 0.37461814, 0.94060636, 0.28583109, 0.37858132, 0.87857354, 0.66020018, 0.28580132, 0.63092154)
(0.79415536, 0.11689405, 0.15921158, 0.84339619, 0.37504807, 0.28655773, 0.60611016, 0.64820606, 0.69155651, 0.23612168)
(0.57171661, 0.22217518, 0.14183937, 0.46525660, 0.51074964, 0.17374596, 0.13529919, 0.35596558, 0.83354312, 0.08111113)
(0.72942871, 0.25348306, 0.52327287, 0.65324062, 0.45065987, 0.39720586, 0.65074474, 0.52766871, 0.36822701, 0.50150317)
(0.76421839, 0.27673641, 0.21147914, 0.76214409, 0.26319531, 0.15169474, 0.36296916, 0.11430146, 0.74982780, 0.27854994)
(0.43233055, 0.45457870, 0.19271982, 0.52085316, 0.72437096, 0.74918872, 0.42046651, 0.84912694, 0.48229110, 0.29250774)
(0.60006058, 0.46335813, 0.19019070, 0.53953844, 0.72461081, 0.68622625, 0.57059449, 0.61888695, 0.49161455, 0.31934601)
(0.77294713, 0.31649688, 0.24312216, 0.58866513, 0.61905444, 0.42947742, 0.61845624, 0.40188295, 0.50326884, 0.30798581)
(0.82506853, 0.28670543, 0.29394668, 0.75787967, 0.27305585, 0.12756094, 0.40444943, 0.07378680, 0.66591287, 0.34097666)
(0.89954752, 0.35360381, 0.42641750, 0.59024668, 0.76636422, 0.48757732, 0.82649916, 0.26157463, 0.16975346, 0.49943143)
(0.17495282, 0.79619527, 0.20638160, 0.33293584, 0.60110807, 0.64742345, 0.10096319, 0.43976882, 0.75567651, 0.19322258)
(0.58650833, 0.58475220, 0.26666105, 0.61856979, 0.58417875, 0.66411757, 0.60223746, 0.47414702, 0.49794284, 0.43936998)
(0.67922443, 0.18248707, 0.17923059, 0.58092260, 0.60040665, 0.37311417, 0.43782654, 0.66822523, 0.65092480, 0.18057281)
(0.31832150, 0.52255285, 0.39438275, 0.37919134, 0.45885977, 0.42088464, 0.18700977, 0.45436803, 0.68033928, 0.27373877)
(0.72342110, 0.66658914, 0.42789614, 0.40512365, 0.59468317, 0.35395178, 0.37904578, 0.06120908, 0.53897685, 0.28057671)
(0.66892856, 0.35715136, 0.24003245, 0.68873847, 0.53150302, 0.56882501, 0.65806061, 0.58807296, 0.54877353, 0.38279152)
(0.75439805, 0.46291578, 0.22671041, 0.74408054, 0.66566837, 0.74054670, 0.81127024, 0.63246953, 0.31513581, 0.53863043)
(0.54289693, 0.32990003, 0.36271504, 0.85602897, 0.18359022, 0.43834859, 0.55357498, 0.63576317, 0.62215161, 0.52727920)
(0.63182116, 0.21061169, 0.43872803, 0.28408444, 0.63628227, 0.21806160, 0.22617906, 0.45827147, 0.52598071, 0.17890599)
(0.87606490, 0.53599691, 0.16289358, 0.79050434, 0.54507428, 0.42984802, 0.74508691, 0.09577642, 0.53963012, 0.39579779)
(0.53717196, 0.59708500, 0.21091518, 0.46976739, 0.77071005, 0.73308384, 0.49442551, 0.54815251, 0.44346103, 0.32739642)
(0.90667689, 0.28170764, 0.41401413, 0.47691539, 0.84720063, 0.45822981, 0.78610098, 0.30651033, 0.14350039, 0.41217485)
(0.86673063, 0.14777566, 0.43308446, 0.50173789, 0.76662391, 0.36975968, 0.70548123, 0.56611621, 0.19882269, 0.37489617)
(0.32213685, 0.41899222, 0.29475418, 0.51477355, 0.34495348, 0.33442971, 0.16743782, 0.46317697, 0.78237897, 0.25609446)
(0.64580071, 0.69411969, 0.18583776, 0.68354756, 0.71862996, 0.80175126, 0.69347149, 0.49392927, 0.38223508, 0.47579545)
(0.42042354, 0.43553960, 0.36923647, 0.52191716, 0.45758832, 0.51504767, 0.36316577, 0.64133292, 0.60933924, 0.35343224)
(0.72589010, 0.64021289, 0.63459170, 0.24812637, 0.75845319, 0.44170687, 0.40838334, 0.11448135, 0.28894064, 0.32812074)
(0.80926031, 0.34798983, 0.33492625, 0.63203031, 0.67946875, 0.56098801, 0.77995777, 0.46822014, 0.28527698, 0.48695916)
(0.83253026, 0.28760773, 0.37965569, 0.80500340, 0.37721378, 0.35667846, 0.74805039, 0.32069415, 0.41682404, 0.52905440)
(0.68744153, 0.38994473, 0.24492452, 0.45213416, 0.79645771, 0.62867820, 0.59752840, 0.53166878, 0.38038591, 0.31703374)
(0.80790645, 0.49329814, 0.36185655, 0.48287645, 0.70709378, 0.45439628, 0.62849808, 0.19428335, 0.36624819, 0.36654410)
(0.58017749, 0.81568092, 0.63665432, 0.63555682, 0.52123958, 0.77591676, 0.67495275, 0.37870872, 0.19164188, 0.72510147)
(0.83560181, 0.45904317, 0.59039897, 0.54684711, 0.76326215, 0.64021552, 0.81277323, 0.40376866, 0.10409085, 0.61679834)
(0.86392570, 0.62667847, 0.61829334, 0.56577837, 0.68089622, 0.53432924, 0.78371578, 0.11335349, 0.15666771, 0.59102130)
(0.84370041, 0.70203549, 0.53947091, 0.54187262, 0.66338247, 0.50922680, 0.70832270, 0.06891067, 0.25497237, 0.50500309)
(0.62064832, 0.39285815, 0.21162502, 0.64435035, 0.60397720, 0.64082438, 0.62510830, 0.65961438, 0.53278649, 0.35718343)
(0.74719697, 0.53250813, 0.32944930, 0.80046934, 0.67611593, 0.84182233, 0.86726117, 0.78948957, 0.13661961, 0.70599967)
(0.52472949, 0.46753144, 0.16317509, 0.50224334, 0.64520907, 0.55706382, 0.39261621, 0.49150655, 0.68580884, 0.21027295)
(0.56983352, 0.42892838, 0.46052700, 0.51808858, 0.80497932, 0.83222216, 0.63479674, 0.92231399, 0.11490435, 0.55680442)
(0.82178527, 0.38748267, 0.50009358, 0.64092737, 0.60077077, 0.50736576, 0.78828084, 0.36440948, 0.22446430, 0.57247865)
(0.53600937, 0.27956808, 0.26315251, 0.66217923, 0.43220562, 0.44823986, 0.42225885, 0.70348847, 0.66934240, 0.29081038)
(0.74676329, 0.43832758, 0.48603982, 0.37218487, 0.82207459, 0.62539876, 0.64061707, 0.44333404, 0.19299728, 0.42670786)
(0.80251235, 0.24059831, 0.32647201, 0.78281331, 0.45956203, 0.45134053, 0.77709031, 0.52668017, 0.41882586, 0.47519490)
(0.61852080, 0.58067030, 0.69772249, 0.48116371, 0.64310563, 0.68686217, 0.64392817, 0.56936562, 0.14348909, 0.65604186)
(0.81738329, 0.49555954, 0.35591060, 0.51386136, 0.72998911, 0.50172299, 0.67952603, 0.21211325, 0.32700023, 0.40083322)
(0.73858559, 0.51788157, 0.17251058, 0.66269237, 0.74279487, 0.71829188, 0.73721373, 0.48484343, 0.38603595, 0.42401841)
(0.77155554, 0.26416829, 0.28754407, 0.79216450, 0.37705317, 0.39546159, 0.69797766, 0.45714101, 0.55508775, 0.41491559)
(0.75656444, 0.34932011, 0.37233484, 0.63507015, 0.56869435, 0.49890259, 0.71711481, 0.44398707, 0.37991813, 0.47260264)
(0.51411474, 0.79565912, 0.74149746, 0.62491566, 0.37697533, 0.69278383, 0.57859033, 0.39441785, 0.21758576, 0.75029182)
(0.71515477, 0.40063807, 0.27071726, 0.84732926, 0.18707542, 0.23980653, 0.49403223, 0.12669948, 0.68617952, 0.45266232)
(0.85513008, 0.38717815, 0.11299171, 0.75196761, 0.73838621, 0.62158656, 0.81826812, 0.39017710, 0.43440226, 0.35472801)
(0.65481597, 0.69754058, 0.36510599, 0.43395838, 0.68446732, 0.57802427, 0.49250013, 0.15365727, 0.47507864, 0.33797553)
(0.82033020, 0.14590384, 0.23317575, 0.76782942, 0.35945740, 0.17840163, 0.49842378, 0.35466987, 0.66700757, 0.26801574)
(0.76410782, 0.03438771, 0.23807812, 0.88138199, 0.40991327, 0.26852259, 0.57804418, 0.93583512, 0.50414920, 0.26877430)
(0.60464060, 0.43838829, 0.20684579, 0.50113487, 0.73924661, 0.66521579, 0.55419463, 0.61743474, 0.47600049, 0.30845892)
(0.54244423, 0.38478801, 0.44085687, 0.16051474, 0.82596958, 0.40463740, 0.23024702, 0.42195126, 0.39766833, 0.17932545)
(0.84309602, 0.63083917, 0.31250876, 0.52072972, 0.82741743, 0.63139218, 0.72329891, 0.14720920, 0.25541413, 0.40315685)
(0.72606176, 0.57811683, 0.85464430, 0.57481390, 0.49887636, 0.56396234, 0.70033461, 0.35804468, 0.09833077, 0.75521743)
(0.79310340, 0.42280358, 0.56925547, 0.44221294, 0.60534918, 0.32247090, 0.53584325, 0.18972722, 0.33178246, 0.40521440)
(0.67609620, 0.34739402, 0.27838856, 0.34499151, 0.85258520, 0.62006462, 0.53652006, 0.58645016, 0.31985956, 0.27597365)
(0.58926743, 0.50275928, 0.08064254, 0.80962616, 0.63814288, 0.82065773, 0.69746876, 0.80697381, 0.57851422, 0.34201857)
(0.77853423, 0.36442313, 0.41074559, 0.36726671, 0.86343962, 0.62682080, 0.66175216, 0.49069828, 0.18564397, 0.38146374)
(0.74354166, 0.44088811, 0.38642412, 0.68537593, 0.63551879, 0.69636732, 0.79849845, 0.62512016, 0.23012549, 0.59815794)
(0.88432026, 0.23104003, 0.26136246, 0.72702491, 0.66988665, 0.47348052, 0.83120918, 0.45207140, 0.29833326, 0.43362951)
(0.81031519, 0.41008723, 0.23018162, 0.42720068, 0.91449600, 0.72612363, 0.71405935, 0.46750310, 0.19788091, 0.32793173)
(0.77133626, 0.34079272, 0.19517614, 0.42527625, 0.85129344, 0.57087457, 0.60622305, 0.45222357, 0.36039311, 0.25391889)
(0.41027296, 0.50419676, 0.20164749, 0.49677768, 0.61692524, 0.61803675, 0.34431815, 0.65495068, 0.65084720, 0.25420916)
(0.80150396, 0.42284957, 0.48097071, 0.66548032, 0.69759125, 0.69613552, 0.83976394, 0.60605240, 0.13027588, 0.65051693)
(0.61841965, 0.79042774, 0.10772942, 0.70301211, 0.80169672, 0.87645119, 0.67447495, 0.49495363, 0.38895160, 0.41286546)
(0.75015104, 0.38132963, 0.37972173, 0.50343543, 0.71071172, 0.54435652, 0.67578846, 0.43605399, 0.31496775, 0.43025026)
(0.83930814, 0.33274814, 0.28307238, 0.79554331, 0.60703886, 0.63711941, 0.86774284, 0.57825214, 0.26426563, 0.57280195)
(0.69185686, 0.51740986, 0.13162157, 0.63616079, 0.72532260, 0.67626327, 0.65008283, 0.43902606, 0.52924269, 0.31631196)
(0.80642372, 0.58975899, 0.29431880, 0.85978591, 0.54074574, 0.76190114, 0.88820416, 0.50186473, 0.22435260, 0.70938927)
(0.63879532, 0.34125385, 0.47391853, 0.56279618, 0.45578590, 0.42215532, 0.55674887, 0.48022771, 0.47299275, 0.44294128)
(0.62732881, 0.63329494, 0.55418491, 0.38255155, 0.73251277, 0.66671252, 0.55304664, 0.37478808, 0.24754959, 0.48390633)
(0.82486856, 0.56308734, 0.75761837, 0.63012213, 0.51105112, 0.48620242, 0.75441456, 0.19014019, 0.13938329, 0.69390637)
(0.61064523, 0.46031761, 0.43225724, 0.48680928, 0.64567834, 0.63313591, 0.60504985, 0.58969885, 0.33977032, 0.47690114)
(0.80257040, 0.47213337, 0.52141529, 0.59934664, 0.66913068, 0.60644203, 0.79320902, 0.37679148, 0.18183427, 0.59934485)
(0.59048855, 0.45984650, 0.49360293, 0.57385528, 0.58303040, 0.67348677, 0.64376026, 0.70509779, 0.27328637, 0.56840152)
(0.66682070, 0.34439442, 0.50759661, 0.22005266, 0.67418098, 0.19789349, 0.18944682, 0.19863942, 0.49672803, 0.16982177)
(0.75970107, 0.48560181, 0.55743027, 0.34934193, 0.65853214, 0.33703488, 0.45226932, 0.16303188, 0.36231774, 0.34154451)
(0.81126952, 0.13613620, 0.38254285, 0.48009193, 0.65520257, 0.26194090, 0.51785970, 0.54082406, 0.38006324, 0.25808337)
(0.73053604, 0.77108306, 0.83935940, 0.41725191, 0.53755856, 0.48129082, 0.52908587, 0.08896609, 0.17350787, 0.60826349)
(0.71745116, 0.49584508, 0.26721677, 0.56688881, 0.73848820, 0.66994417, 0.69051975, 0.46071061, 0.34140363, 0.43674308)
(0.46466270, 0.58425045, 0.43380001, 0.20989737, 0.69985223, 0.38648418, 0.18363999, 0.21928094, 0.57637924, 0.18066534)
(0.66136551, 0.41656664, 0.42643639, 0.21205314, 0.81382734, 0.41413867, 0.33878380, 0.31883609, 0.36762664, 0.21414810)
(0.82521009, 0.37919801, 0.42905259, 0.82540375, 0.46403837, 0.57096130, 0.85530496, 0.49480820, 0.22522993, 0.67466629)
(0.77955991, 0.60002345, 0.75060314, 0.72461230, 0.49202406, 0.63601327, 0.81828260, 0.36707810, 0.09737458, 0.79421479)
(0.61963987, 0.55808026, 0.22087649, 0.53190416, 0.71635222, 0.67056495, 0.57480454, 0.44437480, 0.46662399, 0.36037293)
(0.90723228, 0.63066190, 0.43882102, 0.85195535, 0.46499726, 0.50040513, 0.87206632, 0.08510759, 0.20709324, 0.70263290)
(0.87105346, 0.64860970, 0.25981906, 0.67644274, 0.82769430, 0.74597806, 0.85383695, 0.20841105, 0.17831844, 0.54155827)
(0.72607505, 0.31879967, 0.35982582, 0.60532016, 0.65931016, 0.61462659, 0.72668493, 0.68100607, 0.29760104, 0.47694030)
(0.81305712, 0.71589118, 0.60893524, 0.53845626, 0.73741853, 0.67596388, 0.77226537, 0.15655597, 0.13295591, 0.61638826)
(0.66384560, 0.32222566, 0.34368232, 0.25502968, 0.80799395, 0.42209628, 0.37596974, 0.46748257, 0.38982940, 0.21423933)
(0.73934549, 0.51798081, 0.40640023, 0.52223593, 0.72834563, 0.65020782, 0.70021749, 0.39145264, 0.26981235, 0.49125251)
(0.41914752, 0.76422882, 0.46792984, 0.69462043, 0.27099729, 0.57884532, 0.42462909, 0.27365422, 0.54465926, 0.58851051)
(0.38085312, 0.76317519, 0.54979348, 0.53187096, 0.69012642, 0.87753868, 0.52870166, 0.85314846, 0.13830596, 0.67163885)
(0.59214967, 0.50006866, 0.15903696, 0.38719252, 0.86149824, 0.71142280, 0.46558267, 0.57816148, 0.42764932, 0.22872160)
(0.60493237, 0.35563219, 0.33446327, 0.77632344, 0.22886112, 0.32894999, 0.49557337, 0.33615801, 0.66116178, 0.44349891)
(0.74787432, 0.30482763, 0.44973016, 0.72959185, 0.49608272, 0.54504430, 0.76617372, 0.63173789, 0.28597003, 0.58444411)
(0.87890810, 0.16144836, 0.44837037, 0.75105160, 0.59409845, 0.42781720, 0.83599734, 0.58578670, 0.19933942, 0.54044384)
(0.49148124, 0.48057568, 0.44891506, 0.85598642, 0.16214636, 0.50349027, 0.55868822, 0.58119965, 0.53329486, 0.64270514)
(0.54209381, 0.17182638, 0.59692627, 0.27116615, 0.64338332, 0.26939282, 0.22174712, 0.66026092, 0.42446455, 0.24169193)
(0.59291899, 0.54582530, 0.57385892, 0.19044803, 0.70572579, 0.33084738, 0.21694049, 0.16633758, 0.45639089, 0.21310523)
(0.43692678, 0.43203208, 0.47330484, 0.28872010, 0.55248040, 0.32160461, 0.19304451, 0.35860130, 0.61009461, 0.23144147)
(0.17259042, 0.73435593, 0.35978693, 0.27358562, 0.56809300, 0.55441141, 0.08798949, 0.47709903, 0.67855525, 0.23572029)
(0.39424309, 0.51266420, 0.23815581, 0.53882533, 0.78173906, 0.85444003, 0.45196608, 0.93847525, 0.28987205, 0.39103267)
(0.69149023, 0.52206337, 0.46748725, 0.51237434, 0.74778873, 0.72757185, 0.70929134, 0.59026217, 0.18170440, 0.56561828)
(0.74496365, 0.59871614, 0.56915987, 0.69941562, 0.69181067, 0.80317187, 0.84031928, 0.65689313, 0.08038225, 0.75818294)
(0.41399315, 0.66318130, 0.74209476, 0.57630509, 0.31751230, 0.54850137, 0.41491887, 0.45796415, 0.31753787, 0.67862147)
(0.83154815, 0.37293324, 0.85305190, 0.60170251, 0.63698679, 0.52070689, 0.78567868, 0.45358655, 0.05234197, 0.75903034)
(0.80018216, 0.40371549, 0.54472572, 0.31238210, 0.87948573, 0.61729115, 0.65525699, 0.43327913, 0.12254132, 0.41659936)
(0.79042268, 0.05689964, 0.27764392, 0.85025936, 0.34973583, 0.19857937, 0.56411284, 0.77240342, 0.58624578, 0.28357494)
(0.82435513, 0.26055565, 0.41993803, 0.51430184, 0.56410110, 0.22213829, 0.48633367, 0.25086161, 0.42788294, 0.32979438)
(0.41555843, 0.58029211, 0.22362900, 0.53525692, 0.69650662, 0.79630059, 0.47676381, 0.80253124, 0.45055848, 0.37052125)
(0.55793858, 0.57606792, 0.14991200, 0.51505816, 0.67382675, 0.59999096, 0.43968630, 0.35819674, 0.66438031, 0.23525476)
(0.82271302, 0.56832767, 0.49275282, 0.66346610, 0.59059250, 0.55715817, 0.79775685, 0.19858404, 0.22594550, 0.60569769)
(0.82814217, 0.20997940, 0.28090945, 0.45414820, 0.76644111, 0.37889704, 0.60077286, 0.47915769, 0.35688636, 0.25954109)
(0.32120281, 0.50670201, 0.27776742, 0.44664702, 0.54496449, 0.55589169, 0.23392557, 0.68085045, 0.66824275, 0.25630656)
(0.76490372, 0.48308372, 0.41411078, 0.42246172, 0.71376526, 0.46237469, 0.57626456, 0.23614444, 0.35584503, 0.36258486)
(0.61222374, 0.30838099, 0.48606589, 0.14059478, 0.87340677, 0.41084972, 0.27271888, 0.49483413, 0.28581515, 0.19307955)
(0.75409979, 0.64049965, 0.41174841, 0.82810152, 0.33952036, 0.54880667, 0.75132948, 0.22201931, 0.36728376, 0.67022151)
(0.73113793, 0.71881199, 0.62234575, 0.81606245, 0.35645998, 0.64995170, 0.79263705, 0.29879487, 0.17975369, 0.79489964)
(0.78768981, 0.57740092, 0.20411471, 0.50191724, 0.73238403, 0.48387679, 0.55893153, 0.14291544, 0.51050806, 0.26223716)
(0.79846621, 0.84486026, 0.67897248, 0.47647342, 0.70010340, 0.63994932, 0.66526687, 0.05921721, 0.16830961, 0.57738411)
(0.57994288, 0.53086299, 0.30708680, 0.43475237, 0.66336274, 0.56235582, 0.47177348, 0.37308913, 0.51855040, 0.32310057)
(0.46914646, 0.38865909, 0.29059094, 0.42651594, 0.54176128, 0.39746633, 0.27540916, 0.49052602, 0.68185019, 0.22047590)
(0.70866907, 0.15662549, 0.19874752, 0.66790301, 0.53213012, 0.36399084, 0.51394635, 0.68945181, 0.63017642, 0.22063324)
(0.81351918, 0.58393651, 0.65486664, 0.62830389, 0.60843319, 0.60291433, 0.80919498, 0.25258210, 0.13413340, 0.68196040)
(0.56835389, 0.17506735, 0.42614782, 0.24683671, 0.72120583, 0.27732685, 0.21181291, 0.64762801, 0.48341301, 0.16524029)
(0.54336566, 0.81195903, 0.81972295, 0.54991663, 0.41777056, 0.63400370, 0.51781690, 0.25681058, 0.18360135, 0.73283029)
(0.74895787, 0.40317801, 0.53153050, 0.68393326, 0.60141641, 0.65990072, 0.79840440, 0.64737046, 0.16156083, 0.66111583)
(0.82544231, 0.17076454, 0.16116558, 0.69245517, 0.46327594, 0.19675916, 0.44375321, 0.31469119, 0.70776838, 0.17650621)
(0.48041582, 0.47701308, 0.46359009, 0.77521038, 0.19996792, 0.46016559, 0.49787784, 0.49123409, 0.56717831, 0.57517242)
(0.49344915, 0.62255442, 0.71070695, 0.38585168, 0.62490451, 0.67568773, 0.48349586, 0.59032428, 0.19745646, 0.59464556)
(0.89771003, 0.15566067, 0.17272808, 0.74748009, 0.59528291, 0.30666098, 0.72895968, 0.40394637, 0.49333221, 0.26196066)
(0.86784095, 0.61333704, 0.56133842, 0.64402211, 0.77632844, 0.72358543, 0.87467855, 0.26740861, 0.08092474, 0.68841499)
(0.50970954, 0.80940413, 0.71381831, 0.30995321, 0.67227060, 0.64567447, 0.36988157, 0.22672418, 0.23731841, 0.51307034)
(0.72291493, 0.27379042, 0.17560785, 0.55076307, 0.56971204, 0.31778073, 0.40599725, 0.38118190, 0.69041127, 0.17219996)
(0.75379616, 0.32245728, 0.24409972, 0.45026138, 0.74281973, 0.45576024, 0.55425990, 0.42888811, 0.44590047, 0.26137093)
(0.63482612, 0.57032430, 0.33315569, 0.40382883, 0.73995525, 0.59972209, 0.50534534, 0.31605390, 0.42576674, 0.32982346)
(0.70929116, 0.59796685, 0.32391790, 0.37684870, 0.87237346, 0.73211044, 0.59510428, 0.36300242, 0.24404258, 0.35427856)
(0.46328476, 0.49259725, 0.30575842, 0.59050226, 0.55632102, 0.69895685, 0.51243675, 0.75759387, 0.48551080, 0.42685178)
(0.58274382, 0.85715526, 0.89505678, 0.67322963, 0.45440176, 0.81228840, 0.69041818, 0.55488372, 0.04128682, 0.89611888)
(0.53268296, 0.38543269, 0.46261066, 0.80345035, 0.17168358, 0.34736252, 0.47799909, 0.39916244, 0.58918953, 0.55384290)
(0.76950175, 0.36274379, 0.23298217, 0.63657558, 0.50038618, 0.34636444, 0.54869658, 0.25035939, 0.60431755, 0.30808017)
(0.70657223, 0.50178105, 0.22925341, 0.72730577, 0.67404854, 0.77638137, 0.78578728, 0.68292260, 0.31386036, 0.53921884)
(0.75518709, 0.37777752, 0.12247366, 0.75560629, 0.63581985, 0.62825137, 0.73810750, 0.53259754, 0.56219614, 0.33053944)
(0.67238039, 0.58342087, 0.32499582, 0.48509723, 0.54156429, 0.39103851, 0.41689137, 0.13020295, 0.60125005, 0.29988936)
(0.87738419, 0.38113365, 0.22823247, 0.39732465, 0.86860180, 0.43262458, 0.62078434, 0.20361027, 0.29930192, 0.23451476)
(0.73695809, 0.40556154, 0.28648677, 0.92161614, 0.22414371, 0.52840608, 0.77910513, 0.51844120, 0.49118969, 0.62783641)
(0.78320807, 0.60845017, 0.64337540, 0.72073406, 0.51349157, 0.63821632, 0.82236058, 0.32592356, 0.13894984, 0.74578583)
(0.55452818, 0.75929075, 0.61938149, 0.37791106, 0.83470380, 0.84690481, 0.57166374, 0.61503804, 0.09506235, 0.61188680)
(0.92895609, 0.55794358, 0.30014056, 0.52837539, 0.80749959, 0.40099144, 0.73024476, 0.05685748, 0.27778840, 0.33122656)
(0.93701917, 0.09489305, 0.34311679, 0.91031981, 0.26137179, 0.10212873, 0.70811349, 0.19904912, 0.46137401, 0.45875305)
(0.43749934, 0.36001176, 0.26821405, 0.74593562, 0.31265220, 0.51450974, 0.41861585, 0.74411541, 0.69385290, 0.37334353)
(0.89192516, 0.05994377, 0.14112698, 0.85040325, 0.54184592, 0.29664797, 0.75696743, 0.74186808, 0.50714868, 0.22829483)
(0.88161486, 0.05195207, 0.18364882, 0.76409692, 0.59828150, 0.25036550, 0.68317741, 0.73744500, 0.45999956, 0.20129795)
(0.78298819, 0.24137862, 0.52462208, 0.54531562, 0.60150558, 0.38001055, 0.65091479, 0.47393781, 0.28044316, 0.46412212)
(0.61226577, 0.49287578, 0.33920375, 0.83883679, 0.20197885, 0.41475716, 0.57382941, 0.29655904, 0.60589200, 0.55017954)
(0.76132405, 0.50457430, 0.56392515, 0.49250332, 0.77435827, 0.69720733, 0.75108325, 0.50602758, 0.12421878, 0.59161770)
(0.69521976, 0.31083688, 0.71946520, 0.82840228, 0.20445020, 0.30466637, 0.60899168, 0.45619532, 0.29264346, 0.73357010)
(0.53001279, 0.21161871, 0.14630626, 0.66795069, 0.47994867, 0.38683283, 0.33305109, 0.72812289, 0.77696019, 0.16923796)
(0.63559580, 0.38110578, 0.50158244, 0.61308384, 0.62943834, 0.69326568, 0.68292516, 0.80173916, 0.19934231, 0.59019345)
(0.66545022, 0.44950345, 0.44860858, 0.57104552, 0.66940963, 0.70412827, 0.71153170, 0.69107258, 0.22518960, 0.56142855)
(0.59045899, 0.71729434, 0.15208481, 0.55232185, 0.72598332, 0.69675463, 0.49486554, 0.28008309, 0.57398653, 0.29216176)
(0.65691227, 0.40184402, 0.20271249, 0.53946328, 0.58986515, 0.45133737, 0.46696159, 0.38533634, 0.64346492, 0.23996925)
(0.64881587, 0.52326429, 0.46028897, 0.48814636, 0.51005083, 0.43752393, 0.49980778, 0.24676557, 0.50317943, 0.40767157)
(0.82812983, 0.36351630, 0.21243735, 0.83687198, 0.30230278, 0.24985036, 0.59728360, 0.11143354, 0.64470303, 0.40148598)
(0.79919171, 0.29311356, 0.21977690, 0.76728439, 0.49927020, 0.46572950, 0.73912978, 0.45286965, 0.52790022, 0.38728786)
(0.83722836, 0.43059346, 0.70391637, 0.75549829, 0.42216048, 0.45059672, 0.79578489, 0.29130554, 0.14863700, 0.73061591)
(0.55129659, 0.26903263, 0.39864981, 0.50749493, 0.43943530, 0.31503642, 0.34393686, 0.53273398, 0.63026428, 0.30293450)
(0.53074259, 0.39968136, 0.19651844, 0.64920771, 0.51717341, 0.56894672, 0.48812780, 0.64280450, 0.66380918, 0.29732019)
(0.74110454, 0.51947486, 0.24685119, 0.73921120, 0.56424332, 0.63860703, 0.76241469, 0.41895592, 0.42898721, 0.51026094)
(0.71960598, 0.09776029, 0.35705757, 0.52501476, 0.54731631, 0.19786288, 0.35648802, 0.65116608, 0.54562753, 0.20991811)
(0.90402257, 0.15530869, 0.40903461, 0.87186617, 0.38659942, 0.30645341, 0.84110183, 0.41743731, 0.29297248, 0.55793583)
(0.85476613, 0.46329477, 0.52195323, 0.48236504, 0.77320266, 0.51846290, 0.74482244, 0.22317791, 0.17834097, 0.48570290)
(0.57312435, 0.74610484, 0.07668827, 0.63138360, 0.68000633, 0.65750241, 0.43593493, 0.21207140, 0.74326068, 0.20952696)
(0.74310464, 0.67501330, 0.60777742, 0.73195904, 0.58201158, 0.76078039, 0.83750147, 0.46861607, 0.10862578, 0.77700734)
(0.82743216, 0.42751783, 0.41313365, 0.40512395, 0.89038658, 0.68706930, 0.73627251, 0.41730291, 0.13624814, 0.42546412)
(0.88293648, 0.10575885, 0.35503134, 0.48134327, 0.84479117, 0.41750333, 0.73662543, 0.69295609, 0.17057946, 0.31655338)
(0.79153210, 0.17867632, 0.32794872, 0.70571744, 0.57471073, 0.46742541, 0.74609184, 0.67513168, 0.36688480, 0.41253445)
(0.55337298, 0.52864128, 0.17829055, 0.74676311, 0.32068273, 0.42983603, 0.43210667, 0.23365505, 0.76121962, 0.32298514)
(0.82883275, 0.40571097, 0.25353819, 0.69816750, 0.63894790, 0.52334934, 0.77760726, 0.31031233, 0.37730983, 0.45590755)
(0.45535618, 0.71988869, 0.55052674, 0.08444686, 0.87448895, 0.48223400, 0.11089436, 0.17971505, 0.37041777, 0.14162162)
(0.92580467, 0.12373746, 0.35172549, 0.47141546, 0.82432336, 0.25247344, 0.68105805, 0.39536887, 0.18859871, 0.27838767)
(0.70488966, 0.48440886, 0.38283268, 0.55385274, 0.65125883, 0.60520267, 0.67857867, 0.42772990, 0.34105423, 0.48743442)
(0.56163275, 0.33991215, 0.39375615, 0.69856352, 0.42973360, 0.57273805, 0.59027857, 0.76113051, 0.44923335, 0.49459353)
(0.44206512, 0.34206641, 0.53735518, 0.81837082, 0.12718864, 0.30851912, 0.37924373, 0.49046394, 0.60780632, 0.58480990)
(0.83442467, 0.28682041, 0.12414934, 0.46507213, 0.80533665, 0.37901381, 0.51731515, 0.31320247, 0.52382439, 0.15084168)
(0.72926849, 0.39735058, 0.28544891, 0.25343230, 0.86560899, 0.47364214, 0.41825259, 0.32898769, 0.36036053, 0.19320381)
(0.82628399, 0.56227380, 0.57280439, 0.55407220, 0.82871306, 0.76824331, 0.83488655, 0.48381120, 0.06762781, 0.66533375)
(0.75494313, 0.26969948, 0.29629341, 0.48273823, 0.66594374, 0.39263284, 0.54749614, 0.46375477, 0.45958111, 0.28014669)
(0.83196384, 0.33118683, 0.53446424, 0.67876238, 0.53783035, 0.43388152, 0.77216703, 0.35895312, 0.23122372, 0.58398449)
(0.64026093, 0.41928163, 0.21101187, 0.51263011, 0.70657545, 0.59834260, 0.56221324, 0.52191311, 0.51428908, 0.29753867)
(0.67934775, 0.44571531, 0.18847924, 0.40627670, 0.80630070, 0.56904733, 0.49927518, 0.39773279, 0.47372374, 0.23623469)
(0.69158453, 0.39867949, 0.17851228, 0.61260068, 0.54159731, 0.43350348, 0.50541872, 0.34681922, 0.67216849, 0.24647225)
(0.73021847, 0.56047809, 0.84137809, 0.56094104, 0.57817447, 0.61614496, 0.72615725, 0.45317635, 0.07590909, 0.76236480)
(0.41681117, 0.48270580, 0.28562656, 0.37829137, 0.78870708, 0.74978757, 0.37938440, 0.84053904, 0.36527902, 0.31067768)
(0.76663953, 0.39743996, 0.43843824, 0.51360869, 0.44091764, 0.17708498, 0.32761738, 0.08912552, 0.56773055, 0.29665133)
(0.75798529, 0.15071937, 0.35878369, 0.55526531, 0.48416796, 0.19365528, 0.39531693, 0.45407182, 0.57781917, 0.24941184)
(0.79313666, 0.54514033, 0.82419753, 0.71688414, 0.56618935, 0.66770947, 0.83114403, 0.52684844, 0.04707330, 0.83946604)
(0.93314493, 0.13984165, 0.09134284, 0.61883008, 0.82278210, 0.29639876, 0.68371117, 0.34688815, 0.44772702, 0.13879320)
(0.79029632, 0.60537016, 0.61420351, 0.45176855, 0.79802656, 0.68554139, 0.73521131, 0.31102210, 0.11487382, 0.57510006)
(0.55083764, 0.70989597, 0.34125578, 0.45042700, 0.57645547, 0.53803688, 0.39875898, 0.16452186, 0.59924024, 0.31779659)
(0.72024423, 0.23433737, 0.29461631, 0.45416686, 0.67445469, 0.39533803, 0.50327718, 0.55748355, 0.47744453, 0.25284341)
(0.65005761, 0.64606303, 0.44340131, 0.49442068, 0.70744938, 0.70706922, 0.63510370, 0.37982181, 0.28249145, 0.51087451)
(0.81356829, 0.55314726, 0.37554061, 0.59810513, 0.64163178, 0.51106429, 0.72175431, 0.16866383, 0.35481420, 0.46645492)
(0.89736766, 0.39825493, 0.48185512, 0.76790571, 0.44587791, 0.28428605, 0.73925388, 0.10391368, 0.31217155, 0.55153602)
(0.67374009, 0.35029018, 0.18162689, 0.70944744, 0.32980496, 0.25086376, 0.37275079, 0.18665323, 0.76298141, 0.25465122)
(0.69061810, 0.64837009, 0.21775824, 0.58986074, 0.74258518, 0.71164268, 0.65155554, 0.33096048, 0.40458614, 0.40648010)
(0.63861859, 0.19133323, 0.38918301, 0.25324717, 0.74933922, 0.28991115, 0.26919818, 0.58383870, 0.44784328, 0.17223664)
(0.79152507, 0.58611870, 0.38646358, 0.53424674, 0.76757228, 0.65129226, 0.73138750, 0.25860667, 0.24297740, 0.48534387)
(0.67593080, 0.28288662, 0.43813482, 0.19388328, 0.78294086, 0.25857750, 0.23810147, 0.34293762, 0.41065061, 0.16674066)
(0.82368255, 0.31169921, 0.48571247, 0.69490314, 0.66561329, 0.62807596, 0.84284562, 0.64189297, 0.13956878, 0.63205332)
(0.86397874, 0.27409527, 0.78411222, 0.38491476, 0.70786870, 0.27559918, 0.58948141, 0.23196636, 0.12717362, 0.48122895)
(0.66776234, 0.38300765, 0.25615546, 0.59540915, 0.59143597, 0.53422171, 0.60030794, 0.49758723, 0.53186470, 0.34638214)
(0.62837315, 0.89054537, 0.16962811, 0.84413284, 0.36178461, 0.64550155, 0.57037103, 0.08336163, 0.63916302, 0.50068367)
(0.60989618, 0.25623229, 0.49794939, 0.35038570, 0.59149724, 0.31407166, 0.34026149, 0.51548904, 0.46807468, 0.28828266)
(0.76226056, 0.31672546, 0.21807572, 0.84097189, 0.40942115, 0.53099525, 0.76598668, 0.54343069, 0.55354172, 0.44850370)
(0.89403129, 0.20797841, 0.49324083, 0.52024215, 0.64242423, 0.19908573, 0.58406389, 0.22378454, 0.27378681, 0.36006051)
(0.71335995, 0.61208171, 0.41343543, 0.31178391, 0.78750265, 0.51304084, 0.45365146, 0.15474784, 0.37947598, 0.27894831)
(0.73909938, 0.33620340, 0.23884313, 0.57567585, 0.64130318, 0.48693779, 0.62009156, 0.45707661, 0.49751791, 0.31505686)
(0.45689109, 0.10865243, 0.16008987, 0.73106670, 0.31517896, 0.18169023, 0.16496602, 0.74922818, 0.85988373, 0.14303607)
(0.74325448, 0.52613175, 0.28256232, 0.53853017, 0.63992137, 0.48919642, 0.59385121, 0.22506036, 0.48750246, 0.35222328)
(0.76351953, 0.54043037, 0.62576044, 0.45540524, 0.79416370, 0.70496136, 0.73902953, 0.46843335, 0.10181859, 0.60150683)
(0.46391451, 0.69924730, 0.70199949, 0.52109390, 0.53088725, 0.74158603, 0.54076958, 0.67314309, 0.16954790, 0.71082890)
(0.58704561, 0.46931827, 0.28817716, 0.54365069, 0.66936886, 0.68746698, 0.60234535, 0.65137571, 0.41560200, 0.41576901)
(0.52053809, 0.56643546, 0.22720301, 0.26408333, 0.72665977, 0.37953958, 0.19009255, 0.20152274, 0.68210691, 0.12650511)
(0.60120434, 0.49349514, 0.19189213, 0.34937373, 0.74088478, 0.46688157, 0.34184921, 0.30850554, 0.61405170, 0.17515694)
(0.82461202, 0.33175915, 0.43330964, 0.49228239, 0.75825715, 0.50167930, 0.72829777, 0.38906303, 0.22380108, 0.44256094)
(0.66593480, 0.34166837, 0.32625470, 0.50958729, 0.61897612, 0.50233942, 0.57422769, 0.53149718, 0.47385672, 0.35065320)
(0.82935745, 0.42673379, 0.34054676, 0.58529234, 0.69176131, 0.49771380, 0.73801082, 0.27419591, 0.31606832, 0.44502276)
(0.65586883, 0.66778612, 0.64019823, 0.38846558, 0.55223703, 0.45179471, 0.45894772, 0.14419092, 0.38111556, 0.44134444)
(0.82763708, 0.41198254, 0.24780941, 0.84434396, 0.38418138, 0.43238348, 0.76620895, 0.23241425, 0.50946212, 0.50984591)
(0.72256052, 0.29114136, 0.38549468, 0.54642510, 0.70499247, 0.60990494, 0.70049357, 0.71912318, 0.26294556, 0.45421413)
(0.81929439, 0.52471113, 0.30937251, 0.47625169, 0.88626432, 0.74166453, 0.75054640, 0.36672869, 0.17298532, 0.42354992)
(0.62588072, 0.40401018, 0.73142219, 0.25501519, 0.71159905, 0.45432267, 0.41408217, 0.44577175, 0.21489957, 0.42651975)
(0.54617620, 0.31324843, 0.23026188, 0.41554242, 0.59446287, 0.33613759, 0.25235128, 0.48642358, 0.70589733, 0.15479071)
(0.76943660, 0.55613726, 0.34630841, 0.70064938, 0.57318068, 0.59878856, 0.77200586, 0.29291394, 0.33630627, 0.56627536)
(0.72310567, 0.59268850, 0.39954337, 0.52649480, 0.71780539, 0.66327548, 0.68765676, 0.32362011, 0.28730881, 0.49158102)
(0.80461091, 0.46616814, 0.28206742, 0.68089640, 0.67511630, 0.62594593, 0.79583126, 0.38228014, 0.30820596, 0.52124858)
(0.57171023, 0.39477074, 0.24200583, 0.42775571, 0.68264067, 0.52806407, 0.42834184, 0.53612489, 0.57047260, 0.24317273)
(0.83844256, 0.33558211, 0.31032839, 0.65641624, 0.71321505, 0.58447754, 0.81637633, 0.48028621, 0.24979906, 0.49683949)
(0.67395395, 0.50150460, 0.22837864, 0.53600287, 0.63096243, 0.52093655, 0.55085242, 0.31363928, 0.55698091, 0.31791368)
(0.84580672, 0.36132631, 0.42782170, 0.36368060, 0.78468174, 0.36483240, 0.58321589, 0.23029682, 0.27179489, 0.31536400)
(0.69445318, 0.36947578, 0.15270075, 0.65090805, 0.60193014, 0.52801597, 0.58625585, 0.48301697, 0.63133454, 0.26308581)
(0.72294527, 0.62742209, 0.32606328, 0.58423287, 0.60784262, 0.55611229, 0.63134158, 0.18676114, 0.46775815, 0.41837150)
(0.81235904, 0.60427558, 0.50676376, 0.58202624, 0.75969750, 0.70633852, 0.80525815, 0.30822551, 0.13759428, 0.61104280)
(0.59215194, 0.57621896, 0.50869673, 0.57229775, 0.65490782, 0.76521903, 0.68045831, 0.70876646, 0.18872435, 0.62797266)
(0.53167421, 0.56976467, 0.44929051, 0.48024172, 0.71924937, 0.77403212, 0.58659995, 0.74455619, 0.23016837, 0.53228462)
(0.76242590, 0.48487270, 0.39858648, 0.43326020, 0.74438852, 0.51304066, 0.60635769, 0.26340902, 0.33109069, 0.37529120)
(0.67073613, 0.25260144, 0.23038328, 0.53788537, 0.53989100, 0.33462974, 0.39650428, 0.49286589, 0.66644961, 0.20061889)
(0.51254594, 0.82563674, 0.60457712, 0.66625309, 0.65158510, 0.89902818, 0.71797419, 0.77820754, 0.07902946, 0.80926150)
(0.61657113, 0.91030794, 0.78078908, 0.55756563, 0.60365272, 0.81061929, 0.63640344, 0.21532638, 0.10281700, 0.76082963)
(0.86255306, 0.16466680, 0.33360738, 0.57660925, 0.62237346, 0.25753501, 0.61011618, 0.40236983, 0.39041346, 0.29350224)
(0.84494889, 0.13515598, 0.48268747, 0.34643564, 0.75861979, 0.22211377, 0.46337605, 0.45568568, 0.26131442, 0.25735766)
(0.73401010, 0.35469419, 0.26942042, 0.30298424, 0.78057903, 0.34879351, 0.37594137, 0.29818559, 0.46747380, 0.18406135)
(0.62648827, 0.41949755, 0.16407929, 0.64154404, 0.55974478, 0.54143786, 0.53623587, 0.47669908, 0.66958451, 0.26948464)
(0.77438194, 0.16563188, 0.23826973, 0.77362692, 0.48131227, 0.41502634, 0.69807816, 0.66796649, 0.52283901, 0.33962458)
(0.74740297, 0.41049436, 0.46838099, 0.55146021, 0.54971504, 0.43069169, 0.63661504, 0.31294060, 0.38033098, 0.46532112)
(0.57201362, 0.44078290, 0.23580992, 0.67739350, 0.58756000, 0.72158986, 0.64437521, 0.76880258, 0.46483254, 0.43528765)
(0.70071810, 0.35286671, 0.25068861, 0.57830298, 0.65894926, 0.56616992, 0.64582670, 0.54834449, 0.46620533, 0.35208577)
(0.73945498, 0.60336572, 0.62801385, 0.53528398, 0.59285593, 0.57660329, 0.69460392, 0.25619259, 0.22107767, 0.59123492)
(0.82376659, 0.46756005, 0.21716653, 0.81344801, 0.70251709, 0.79020798, 0.88600850, 0.65336889, 0.21073350, 0.61833245)
(0.79847133, 0.47460532, 0.38586289, 0.42527094, 0.62449384, 0.28200993, 0.41966298, 0.11201476, 0.49252725, 0.27073869)
(0.65011680, 0.44796813, 0.20892209, 0.54979771, 0.51056546, 0.37145817, 0.40959084, 0.23501256, 0.68173581, 0.25513631)
(0.87161893, 0.45888618, 0.75420147, 0.60771960, 0.64359754, 0.52053654, 0.82660633, 0.26531124, 0.08620194, 0.69419813)
(0.65712231, 0.51160860, 0.40103400, 0.37476555, 0.65370136, 0.44454166, 0.44449624, 0.25382972, 0.47754571, 0.30612394)
(0.65842956, 0.21552026, 0.19428052, 0.20904726, 0.85868722, 0.30959758, 0.20641756, 0.51837569, 0.53248101, 0.08351147)
(0.91266757, 0.35436451, 0.36031404, 0.55111545, 0.84983814, 0.53003639, 0.82725525, 0.25375473, 0.14986336, 0.44540220)
(0.54955834, 0.35358521, 0.29019940, 0.64055222, 0.45521331, 0.51543415, 0.50620985, 0.64187586, 0.62082213, 0.35192499)
(0.77931082, 0.37498665, 0.38092667, 0.50760621, 0.80099124, 0.66129345, 0.74211603, 0.58015245, 0.18882622, 0.47540992)
(0.66292250, 0.63853276, 0.51866055, 0.43505496, 0.80110693, 0.77237785, 0.65557331, 0.51878357, 0.15365441, 0.55534911)
(0.64338028, 0.51884031, 0.25473496, 0.62248647, 0.70942187, 0.76351744, 0.69870389, 0.66806352, 0.33527991, 0.48104218)
(0.53557211, 0.41318616, 0.30155802, 0.35916650, 0.59991604, 0.35472849, 0.26192111, 0.36157843, 0.65204614, 0.19522433)
(0.73178947, 0.25702772, 0.32393461, 0.43701264, 0.58990401, 0.26664656, 0.38202646, 0.36252755, 0.55674720, 0.22429603)
(0.79716051, 0.48735684, 0.46947965, 0.75801206, 0.55911118, 0.66266620, 0.85220599, 0.48469451, 0.17966357, 0.69300061)
(0.60433686, 0.49681395, 0.28823021, 0.56942922, 0.62429667, 0.64948386, 0.60834396, 0.54560894, 0.45810851, 0.42428347)
(0.64737433, 0.59103942, 0.43656769, 0.56592518, 0.63792986, 0.69469351, 0.67632848, 0.46959540, 0.29536492, 0.56011957)
(0.70109200, 0.54360837, 0.41165781, 0.54563373, 0.56590730, 0.51069832, 0.61571193, 0.25196874, 0.44359145, 0.44756234)
(0.59707093, 0.46245942, 0.29762751, 0.77129608, 0.43862870, 0.68130547, 0.69004935, 0.70977730, 0.46125969, 0.53883243)
(0.87894267, 0.25451609, 0.35100740, 0.85443485, 0.44486204, 0.42834345, 0.85059029, 0.41441867, 0.29664004, 0.58050352)
(0.58076274, 0.63873786, 0.37372956, 0.52723730, 0.81557232, 0.86229771, 0.66655236, 0.78962588, 0.15173131, 0.57113439)
(0.84522653, 0.27971357, 0.39845842, 0.76190519, 0.64810985, 0.62911719, 0.86799908, 0.67247003, 0.15842806, 0.62153566)
(0.68099827, 0.49898189, 0.34182236, 0.82205594, 0.30724102, 0.52826136, 0.69488078, 0.39854619, 0.49962169, 0.57959676)
(0.76974690, 0.10376234, 0.21572490, 0.89909071, 0.30509856, 0.34664449, 0.69373995, 0.78762573, 0.60492301, 0.34591031)
(0.75504792, 0.36955157, 0.07068948, 0.45568320, 0.79998380, 0.41331121, 0.37805638, 0.29007998, 0.69808817, 0.09329531)
(0.72787493, 0.42227775, 0.61920691, 0.41390839, 0.61120468, 0.39690134, 0.54341608, 0.28336617, 0.30508912, 0.44626096)
(0.85077745, 0.25710621, 0.77411461, 0.75208330, 0.39002544, 0.31384480, 0.73610240, 0.37116408, 0.14102767, 0.71095222)
(0.53070074, 0.55024362, 0.25207391, 0.66866022, 0.54879028, 0.74326646, 0.62250328, 0.69314224, 0.48813263, 0.45125440)
(0.61742568, 0.26997912, 0.30739287, 0.61198962, 0.54867369, 0.53072977, 0.57802558, 0.72516048, 0.50883311, 0.35927567)
(0.62132841, 0.51969683, 0.40101883, 0.46447262, 0.73363101, 0.70210201, 0.61435586, 0.57618147, 0.28396353, 0.47545055)
(0.53359509, 0.32878926, 0.35378203, 0.30760670, 0.64833146, 0.34610114, 0.25225216, 0.47679633, 0.58330989, 0.19264412)
(0.85508764, 0.22004434, 0.17255549, 0.83685464, 0.72665268, 0.73852617, 0.88847756, 0.84807199, 0.22034499, 0.50203437)
(0.88280672, 0.20899807, 0.59088862, 0.50836265, 0.64467937, 0.22751142, 0.61209518, 0.25990936, 0.21916237, 0.41602528)
(0.90693772, 0.20313638, 0.39836377, 0.61003810, 0.64643145, 0.24858576, 0.69709361, 0.25789177, 0.27358049, 0.38799307)
(0.64046359, 0.46299228, 0.15258007, 0.51547569, 0.80341727, 0.71180260, 0.58112490, 0.60494763, 0.45288628, 0.28489980)
(0.28733954, 0.63240021, 0.24717832, 0.37183440, 0.72810376, 0.75386655, 0.25602266, 0.77783412, 0.51796019, 0.27395046)
(0.59169829, 0.56788367, 0.21751896, 0.43258399, 0.80847424, 0.71041340, 0.51092219, 0.49809161, 0.40442514, 0.31339601)
(0.78387135, 0.22957067, 0.25453219, 0.56070733, 0.65271091, 0.40494174, 0.61065018, 0.51540184, 0.47019765, 0.28005862)
(0.78410399, 0.42988652, 0.30244315, 0.69173896, 0.68343407, 0.68508643, 0.80849040, 0.55811906, 0.25987372, 0.54598409)
(0.64387959, 0.43185192, 0.29727572, 0.48110068, 0.68018317, 0.56483614, 0.56576449, 0.46673870, 0.45763266, 0.35427025)
(0.67249215, 0.34862906, 0.39274967, 0.18496808, 0.85674250, 0.41137549, 0.32812461, 0.39820826, 0.33473441, 0.18868691)
(0.50256819, 0.30235028, 0.24689113, 0.40888342, 0.55829555, 0.30627042, 0.21221553, 0.49391517, 0.72484136, 0.15295479)
(0.69511956, 0.31000677, 0.30836329, 0.73473537, 0.43849567, 0.49867883, 0.68186480, 0.56781322, 0.52715898, 0.43418294)
(0.77663177, 0.23209077, 0.46541467, 0.24902198, 0.79276472, 0.27641177, 0.37966096, 0.38556826, 0.30334389, 0.23288001)
(0.74222755, 0.46903592, 0.10949319, 0.79129571, 0.44021922, 0.43902725, 0.59309560, 0.20930931, 0.73763508, 0.27292404)
(0.86599153, 0.39715990, 0.28808147, 0.90569776, 0.40414402, 0.56899107, 0.88819188, 0.41678241, 0.29210147, 0.67655224)
(0.86106861, 0.23956202, 0.21786447, 0.87266457, 0.63619596, 0.70296252, 0.89767283, 0.80140686, 0.20976825, 0.57848549)
(0.74904633, 0.45993841, 0.23665047, 0.81879002, 0.53557152, 0.71853238, 0.82836354, 0.63329738, 0.36336991, 0.57663089)
(0.84215546, 0.18394420, 0.57057297, 0.68699980, 0.54194379, 0.36794063, 0.75108385, 0.52119797, 0.21553771, 0.54716015)
(0.67762685, 0.40319338, 0.26622215, 0.89515626, 0.24855965, 0.55466133, 0.73135364, 0.58094198, 0.55927765, 0.56193972)
(0.76666272, 0.59084600, 0.49431533, 0.41690212, 0.71374607, 0.50170064, 0.58760321, 0.15656087, 0.32508269, 0.40127370)
(0.70454627, 0.33186242, 0.40849006, 0.46424657, 0.54729778, 0.32375681, 0.45008710, 0.34503734, 0.49878713, 0.32995859)
(0.81696725, 0.56962293, 0.36506638, 0.59330231, 0.73138535, 0.61587292, 0.76542002, 0.22521161, 0.25961611, 0.50300789)
(0.77165216, 0.39521328, 0.27739412, 0.46193975, 0.71413100, 0.42974365, 0.56166440, 0.30070850, 0.43505251, 0.29680672)
(0.71898907, 0.37913743, 0.44143310, 0.38513958, 0.66498417, 0.39224279, 0.49566942, 0.33744958, 0.39361972, 0.33686218)
(0.68930620, 0.57399350, 0.35878086, 0.73897785, 0.51338756, 0.69426036, 0.76880729, 0.50137901, 0.33740968, 0.61817276)
(0.58436668, 0.26818398, 0.46439415, 0.28109130, 0.52446991, 0.14567114, 0.13372722, 0.25033379, 0.64360434, 0.15917277)
(0.63680887, 0.81444103, 0.84348243, 0.57541811, 0.51239073, 0.73107481, 0.67846698, 0.33008850, 0.09031415, 0.79676938)
(0.48008078, 0.56072468, 0.47855747, 0.31640607, 0.52506810, 0.32878420, 0.21015257, 0.17492987, 0.61874217, 0.24482493)
(0.91530466, 0.19136876, 0.42671606, 0.87493360, 0.50187695, 0.45041445, 0.90167403, 0.53000033, 0.16191836, 0.65595877)
(0.73533285, 0.61927164, 0.81245047, 0.35776252, 0.65837741, 0.51524633, 0.57224452, 0.20498577, 0.14327997, 0.57690960)
(0.74404198, 0.54743850, 0.26242006, 0.56563330, 0.73062599, 0.63233548, 0.67991525, 0.30886832, 0.38195109, 0.40727714)
(0.74949688, 0.39712733, 0.14683302, 0.82818460, 0.62746936, 0.77179974, 0.83000374, 0.77018660, 0.39347443, 0.48693615)
(0.59921259, 0.40439385, 0.47285658, 0.23176347, 0.63038528, 0.21571957, 0.16738236, 0.18778360, 0.57813883, 0.16409533)
(0.67719442, 0.24211596, 0.21292111, 0.66333872, 0.35648593, 0.20662318, 0.32529631, 0.29631770, 0.75362211, 0.22330515)
(0.85804206, 0.23084213, 0.58602673, 0.76768643, 0.50572741, 0.43382892, 0.82455683, 0.51657319, 0.16539411, 0.64610428)
(0.64126879, 0.35607392, 0.37918448, 0.66814679, 0.46020493, 0.53892934, 0.64962453, 0.60801750, 0.47119948, 0.47343203)
(0.66484046, 0.59067035, 0.69011199, 0.38292262, 0.76888388, 0.70256215, 0.62472200, 0.49701810, 0.11817554, 0.58769810)
(0.62830228, 0.25953019, 0.42745799, 0.36698443, 0.57549876, 0.28212339, 0.31769606, 0.45963126, 0.53306293, 0.24342598)
(0.89030647, 0.06683055, 0.58756334, 0.64456683, 0.70101070, 0.30915439, 0.75376916, 0.73628706, 0.12217893, 0.47272292)
(0.67172158, 0.24855642, 0.20309508, 0.38221622, 0.78860527, 0.48876759, 0.44828948, 0.64821047, 0.49629292, 0.18341514)
(0.90736365, 0.13906278, 0.31377822, 0.58514267, 0.72652817, 0.27999836, 0.71072882, 0.41890192, 0.27523568, 0.30403492)
(0.66919881, 0.26057070, 0.38374797, 0.89189386, 0.12026667, 0.20881920, 0.51209772, 0.28877214, 0.63588226, 0.54532528)
(0.68478739, 0.39515471, 0.14447179, 0.41386291, 0.75250107, 0.44722569, 0.39819366, 0.35792175, 0.62275118, 0.15394329)
(0.58034927, 0.55914986, 0.15917656, 0.68868148, 0.73250264, 0.84150773, 0.68878412, 0.80095345, 0.36977357, 0.44566774)
(0.83774424, 0.36960849, 0.23018952, 0.57153076, 0.82996845, 0.63312870, 0.77583426, 0.42817777, 0.25524420, 0.39986685)
(0.70582956, 0.17533483, 0.25888455, 0.50062072, 0.59403020, 0.30074579, 0.40511486, 0.57983446, 0.59473586, 0.19311406)
(0.53854084, 0.53503913, 0.31557128, 0.32721078, 0.67882931, 0.47134098, 0.32985529, 0.30665466, 0.57576454, 0.23099217)
(0.55210561, 0.49937192, 0.56394315, 0.26882917, 0.72585052, 0.54415286, 0.39735842, 0.44779885, 0.32236323, 0.36535653)
(0.79901916, 0.16474441, 0.24216273, 0.67570454, 0.72213435, 0.59123105, 0.77014732, 0.81585485, 0.30773073, 0.36871815)
(0.72354794, 0.83058351, 0.57432181, 0.49393076, 0.68421894, 0.68178493, 0.62781167, 0.10479905, 0.23675397, 0.54795700)
(0.83721894, 0.27562982, 0.20055816, 0.59637117, 0.78115320, 0.55584830, 0.75775462, 0.50579870, 0.34140193, 0.33364719)
(0.29342398, 0.53567225, 0.37152085, 0.56498224, 0.44955927, 0.64983678, 0.27631843, 0.81962240, 0.56078708, 0.38649812)
(0.80069548, 0.69997400, 0.23219934, 0.72633862, 0.65014321, 0.63155299, 0.75395399, 0.15963003, 0.39712781, 0.48583844)
(0.83580291, 0.14482015, 0.23071575, 0.60400486, 0.66167384, 0.33834091, 0.63238293, 0.56973708, 0.45456558, 0.24263601)
(0.77439570, 0.38117611, 0.41077650, 0.48831323, 0.83410382, 0.72052026, 0.75427639, 0.66443229, 0.14116947, 0.50229979)
(0.67000461, 0.37374583, 0.65955728, 0.56790650, 0.42997035, 0.40709695, 0.57525271, 0.42343146, 0.32053313, 0.56656253)
(0.80788887, 0.22708197, 0.23432028, 0.59000093, 0.72223777, 0.50582236, 0.71325982, 0.59077448, 0.38508016, 0.32066879)
(0.81699449, 0.33559376, 0.20798807, 0.70612067, 0.65926313, 0.56269866, 0.78197587, 0.46317962, 0.41070890, 0.40688035)
(0.61528623, 0.27274355, 0.39566419, 0.27117920, 0.69851363, 0.30179983, 0.27040586, 0.46180212, 0.49619412, 0.19188975)
(0.62498611, 0.57838142, 0.66265690, 0.56632185, 0.76640403, 0.84954751, 0.72947627, 0.86603457, 0.05315669, 0.74625129)
(0.71165711, 0.20224936, 0.24392293, 0.62200224, 0.49872285, 0.33054966, 0.48496062, 0.55459201, 0.63303322, 0.23780480)
(0.69200510, 0.39372098, 0.40660053, 0.48810917, 0.73308104, 0.65096343, 0.67020965, 0.62416190, 0.26068035, 0.46480128)
(0.67195582, 0.35522944, 0.57063955, 0.57931155, 0.45159313, 0.42887205, 0.59833425, 0.46031877, 0.37241355, 0.52332395)
(0.49029741, 0.55921960, 0.44699162, 0.22436765, 0.70777702, 0.42327455, 0.23353112, 0.26477042, 0.52510387, 0.21245603)
(0.49503577, 0.81594437, 0.76877314, 0.72408229, 0.28026760, 0.69236612, 0.57281148, 0.42498410, 0.20369235, 0.80525005)
(0.41190982, 0.45821601, 0.52338648, 0.67706406, 0.22541185, 0.43153709, 0.39264813, 0.48637202, 0.58285064, 0.52971303)
(0.76100713, 0.76270515, 0.57813162, 0.60540211, 0.48625946, 0.49818498, 0.61678010, 0.07851509, 0.33694473, 0.55278385)
(0.50868064, 0.53481567, 0.50455338, 0.40778869, 0.68451113, 0.69254053, 0.51056641, 0.67210579, 0.28157493, 0.48850274)
(0.79490328, 0.48715299, 0.34704545, 0.61284661, 0.65392125, 0.54722738, 0.73667550, 0.27623788, 0.34216776, 0.47948593)
(0.73982686, 0.12843695, 0.48791638, 0.61295748, 0.53274006, 0.31576651, 0.56699765, 0.68286830, 0.36793730, 0.38290229)
(0.68761796, 0.42277914, 0.26014569, 0.52039975, 0.59870893, 0.44944218, 0.51826453, 0.34176800, 0.56287229, 0.30008811)
(0.56426078, 0.65477306, 0.21269928, 0.59008950, 0.72768569, 0.79750973, 0.61073989, 0.57625371, 0.39822802, 0.42728615)
(0.68524224, 0.67210132, 0.40878984, 0.37616637, 0.85087180, 0.74774808, 0.59055060, 0.34644899, 0.21288547, 0.41825643)
(0.91027951, 0.39565694, 0.30873641, 0.49596047, 0.73374408, 0.27234611, 0.59694535, 0.09146273, 0.36511737, 0.27645847)
(0.70537686, 0.61403596, 0.10152001, 0.80119157, 0.52806777, 0.61287069, 0.65838474, 0.28792697, 0.68365622, 0.33117667)
(0.46581319, 0.47037292, 0.49292520, 0.33035931, 0.53441602, 0.37880847, 0.27038422, 0.35584363, 0.57189977, 0.29422626)
(0.67609376, 0.22599210, 0.34448352, 0.40035594, 0.55137247, 0.21341532, 0.27094978, 0.38491991, 0.62073040, 0.18399495)
(0.76337016, 0.29671505, 0.39215511, 0.47824550, 0.58335453, 0.30210564, 0.48927540, 0.32915732, 0.45816645, 0.32415834)
(0.58431578, 0.38601914, 0.12765273, 0.73482913, 0.53691453, 0.61236340, 0.55752504, 0.66583019, 0.68913740, 0.27484304)
(0.86766744, 0.54789168, 0.36890534, 0.66241705, 0.68321711, 0.54660600, 0.81277734, 0.15427871, 0.25694612, 0.52645028)
(0.64791417, 0.31004688, 0.27672929, 0.28216594, 0.77260983, 0.37899548, 0.32445040, 0.45066452, 0.50000387, 0.16992992)
(0.77811754, 0.22006863, 0.06688843, 0.69810611, 0.74342573, 0.55463791, 0.63383430, 0.66546285, 0.63670623, 0.15923332)
(0.82578546, 0.38604707, 0.36857960, 0.42950490, 0.59919482, 0.18735756, 0.34277159, 0.09171082, 0.52380145, 0.22757228)
(0.78707355, 0.49688587, 0.37131792, 0.52163231, 0.64715880, 0.45572919, 0.63279247, 0.20907418, 0.39796227, 0.39727306)
(0.69794744, 0.52165729, 0.17507593, 0.59108746, 0.71606004, 0.63233024, 0.63510567, 0.37080464, 0.49673599, 0.34053716)
(0.80797547, 0.40301195, 0.18780063, 0.41796628, 0.84851640, 0.50867599, 0.58176970, 0.29206604, 0.38231739, 0.23160805)
(0.80586952, 0.53719002, 0.22757687, 0.77839714, 0.65721005, 0.72485876, 0.84405088, 0.45067459, 0.29736200, 0.58186466)
(0.81299675, 0.11328944, 0.24963908, 0.51135331, 0.73572695, 0.34826377, 0.58034635, 0.68734396, 0.40262291, 0.21335556)
(0.69409335, 0.65277219, 0.48356816, 0.76645494, 0.39532450, 0.62126160, 0.74371135, 0.33367440, 0.30535474, 0.69106746)
(0.65461326, 0.35543725, 0.33300376, 0.49845549, 0.58275282, 0.45601055, 0.52382261, 0.47209868, 0.51653868, 0.33096018)
(0.75744098, 0.24415275, 0.30012083, 0.43686152, 0.72133017, 0.40717730, 0.54155177, 0.51960188, 0.41760325, 0.26504281)
(0.61282390, 0.76000607, 0.38143325, 0.68772203, 0.37332991, 0.53659302, 0.53707558, 0.13422301, 0.54239601, 0.51302457)
(0.66184777, 0.75790620, 0.53894347, 0.54893410, 0.78426760, 0.84576410, 0.72885621, 0.51856762, 0.10820752, 0.67471582)
(0.67058188, 0.35306233, 0.18104832, 0.76340508, 0.48457244, 0.56969327, 0.65905470, 0.59693974, 0.62450373, 0.35355726)
(0.48790550, 0.57994670, 0.37548640, 0.33318797, 0.76951361, 0.68219876, 0.40796110, 0.55594772, 0.36239430, 0.35084239)
(0.78817391, 0.56866407, 0.36627012, 0.64489502, 0.61103195, 0.56614923, 0.74915206, 0.21299751, 0.34195831, 0.51846820)
(0.67382383, 0.31784874, 0.26764822, 0.82222730, 0.36148882, 0.54578620, 0.69769031, 0.66543859, 0.56139439, 0.46096551)
(0.76854211, 0.17980061, 0.30669600, 0.59856761, 0.53055984, 0.30541679, 0.54803699, 0.51563340, 0.52397734, 0.27608931)
(0.84003919, 0.46054283, 0.14411336, 0.94948685, 0.24276161, 0.49102971, 0.82287359, 0.25530928, 0.59095490, 0.55501479)
(0.27877942, 0.78920376, 0.30406964, 0.33232367, 0.59362495, 0.60725552, 0.17324790, 0.28875169, 0.67519218, 0.25362843)
(0.82145208, 0.25141260, 0.31309932, 0.71315670, 0.54613173, 0.43813831, 0.75794363, 0.46483621, 0.39625165, 0.43101132)
(0.81751597, 0.42974183, 0.52102506, 0.48023805, 0.78381473, 0.60049736, 0.75279814, 0.38721392, 0.15336245, 0.51755679)
(0.66499925, 0.41528535, 0.18912920, 0.50764841, 0.77955264, 0.66301054, 0.59966034, 0.57779199, 0.44023225, 0.30170494)
(0.47781107, 0.25561750, 0.28854564, 0.15469474, 0.85620278, 0.35904324, 0.13523892, 0.62693262, 0.51794088, 0.09361359)
(0.81501025, 0.31434321, 0.33732218, 0.80787152, 0.48336565, 0.53817505, 0.82621592, 0.52576768, 0.33012569, 0.56640458)
(0.65247136, 0.40824556, 0.11706155, 0.57417411, 0.64804590, 0.50396889, 0.45664147, 0.42482322, 0.70507252, 0.18159002)
(0.63442361, 0.45011386, 0.42324895, 0.39622766, 0.70101231, 0.55321950, 0.53079504, 0.43263042, 0.37916839, 0.37778497)
(0.67827553, 0.31821296, 0.47594097, 0.35092220, 0.64679521, 0.35100451, 0.42393789, 0.41403887, 0.40517807, 0.31983799)
(0.60793436, 0.64331037, 0.20140906, 0.28812474, 0.86300021, 0.62583333, 0.35560572, 0.23883513, 0.48679844, 0.17812029)
(0.55660850, 0.60090202, 0.18396382, 0.45136574, 0.72732401, 0.62227368, 0.42806730, 0.35329390, 0.58442670, 0.25442082)
(0.78775686, 0.53836322, 0.65862381, 0.54949993, 0.70142043, 0.65266401, 0.78258902, 0.38496712, 0.11318542, 0.65586179)
(0.54404724, 0.62670249, 0.54123116, 0.41918644, 0.75367951, 0.77386868, 0.56982505, 0.66100377, 0.17676617, 0.56087190)
(0.75275534, 0.16045940, 0.25169408, 0.58445895, 0.64900011, 0.41735926, 0.60035121, 0.69108236, 0.46982074, 0.26527292)
(0.72487503, 0.39633590, 0.18708515, 0.64263600, 0.71093649, 0.67034262, 0.71720135, 0.60061014, 0.42741302, 0.37717476)
(0.42632335, 0.35669300, 0.30368817, 0.39156049, 0.47864512, 0.27713481, 0.16517515, 0.39903075, 0.74264556, 0.17813435)
(0.80941260, 0.72396207, 0.58332425, 0.62037200, 0.69973409, 0.70856065, 0.81341088, 0.18614385, 0.12798975, 0.66937226)
(0.66358680, 0.28877133, 0.38629413, 0.55513418, 0.68901038, 0.64435703, 0.65659392, 0.80857867, 0.27089867, 0.45283926)
(0.86255306, 0.41551515, 0.08696315, 0.87587309, 0.56835794, 0.57979643, 0.83609915, 0.31454155, 0.57956022, 0.37213531)
(0.62471920, 0.48348981, 0.50398332, 0.38876638, 0.54408795, 0.37197834, 0.38978639, 0.25038296, 0.50042593, 0.34378323)
(0.63376039, 0.37710494, 0.23112851, 0.36839145, 0.79634458, 0.56453651, 0.46921328, 0.52945417, 0.46051759, 0.23505218)
(0.69039959, 0.16406280, 0.49785092, 0.42912748, 0.53631765, 0.21173242, 0.33591169, 0.50882655, 0.48488721, 0.27660733)
(0.82728630, 0.29719260, 0.29735214, 0.41453278, 0.88086993, 0.59400690, 0.70493078, 0.47302771, 0.21188749, 0.33303216)
(0.56011564, 0.74013823, 0.79126090, 0.67319709, 0.33137453, 0.64693129, 0.61125267, 0.42971671, 0.17698994, 0.79025072)
(0.70165628, 0.46955007, 0.18183631, 0.74287266, 0.58529973, 0.67682922, 0.73778731, 0.55636382, 0.50020486, 0.43082759)
(0.52459258, 0.22101958, 0.35205129, 0.16892961, 0.84296471, 0.35947600, 0.18075050, 0.66399747, 0.44499034, 0.12439958)
(0.88777637, 0.33700293, 0.62035853, 0.61227763, 0.73749512, 0.54869640, 0.85598361, 0.40067527, 0.08639257, 0.64239269)
(0.86172867, 0.31624630, 0.20920105, 0.88917947, 0.45924261, 0.55632812, 0.87621415, 0.46240604, 0.39822370, 0.55162406)
(0.61193740, 0.56699347, 0.37302777, 0.36873379, 0.63310272, 0.44851536, 0.39060277, 0.21553060, 0.54638660, 0.27536532)
(0.67962998, 0.49234039, 0.30499521, 0.65673721, 0.57709962, 0.63811088, 0.70386618, 0.49823493, 0.41644299, 0.49798203)
(0.73974884, 0.50387299, 0.11023467, 0.66786921, 0.74213719, 0.66850823, 0.68892169, 0.39721805, 0.53018546, 0.30463096)
(0.80489761, 0.68035257, 0.29774743, 0.51059109, 0.82621151, 0.67698127, 0.69995683, 0.15580724, 0.27484867, 0.40101960)
(0.59646976, 0.18927616, 0.43380246, 0.73917133, 0.30724740, 0.31851646, 0.47161812, 0.67817646, 0.57687801, 0.42090186)
(0.69958931, 0.33641079, 0.14734064, 0.80530626, 0.58456063, 0.70967680, 0.75365216, 0.78691244, 0.49448314, 0.40311754)
(0.57769603, 0.44400060, 0.35926399, 0.45201880, 0.66290218, 0.60382760, 0.53521019, 0.56445622, 0.42801684, 0.38732120)
(0.63142854, 0.84819573, 0.40502092, 0.68384182, 0.60551459, 0.80033523, 0.69273764, 0.28395966, 0.28242519, 0.63181406)
(0.66210747, 0.61804694, 0.37557608, 0.42489609, 0.83583516, 0.77453285, 0.62713939, 0.50212544, 0.21124129, 0.45610940)
(0.57771701, 0.57944983, 0.20611365, 0.54879218, 0.61299944, 0.58914709, 0.49809375, 0.34704849, 0.61453426, 0.31136793)
(0.88924104, 0.24379726, 0.37310269, 0.77995610, 0.58813119, 0.47335437, 0.86523223, 0.44893736, 0.22443055, 0.55924690)
(0.71011293, 0.55614144, 0.07468827, 0.87038553, 0.53519505, 0.72562557, 0.75072169, 0.52864081, 0.65813094, 0.36097112)
(0.77976984, 0.34654579, 0.30366102, 0.80571812, 0.44519198, 0.53291661, 0.79142439, 0.49113527, 0.42253816, 0.53255463)
(0.73226571, 0.33546016, 0.36894265, 0.54606122, 0.73920071, 0.66168350, 0.72698891, 0.70461214, 0.23725283, 0.47198966)
(0.66572136, 0.44428656, 0.30437610, 0.62561929, 0.63682860, 0.68071538, 0.70187336, 0.63663208, 0.36573008, 0.48520890)
(0.88896394, 0.25675118, 0.32519716, 0.74567282, 0.72944111, 0.61599356, 0.88949955, 0.59978950, 0.15602873, 0.57091242)
(0.80128378, 0.64876479, 0.31279030, 0.71203500, 0.67192400, 0.68445855, 0.80814242, 0.25108135, 0.27019009, 0.57986468)
(0.66444874, 0.27216423, 0.36149660, 0.56442767, 0.45483917, 0.32929161, 0.45872101, 0.46225470, 0.59144884, 0.31961933)
(0.84971350, 0.08587349, 0.34240717, 0.85085005, 0.35756707, 0.23919497, 0.70689130, 0.63368595, 0.47003549, 0.38517064)
(0.80026191, 0.49259678, 0.39179060, 0.70973456, 0.62120086, 0.64949816, 0.82839131, 0.40454832, 0.23046356, 0.62036431)
(0.74171185, 0.24337026, 0.13989243, 0.68461233, 0.59489566, 0.46076337, 0.59095901, 0.58052820, 0.63834649, 0.22382662)
(0.72815496, 0.33668262, 0.45555004, 0.32079622, 0.64517701, 0.24472971, 0.32064483, 0.23830324, 0.46489003, 0.23906143)
(0.80912209, 0.16815065, 0.24115995, 0.47266996, 0.68685740, 0.28042111, 0.47617364, 0.48292249, 0.50555128, 0.18487208)
(0.76566952, 0.39811984, 0.22740297, 0.78806740, 0.44391656, 0.50519574, 0.73496515, 0.37217277, 0.56028658, 0.43805227)
(0.79839426, 0.43713802, 0.24820550, 0.66197634, 0.73306865, 0.67177933, 0.79290301, 0.48668852, 0.29070216, 0.48912287)
(0.89499700, 0.59859443, 0.44381380, 0.71256578, 0.61048204, 0.49175709, 0.83103591, 0.08769426, 0.22534880, 0.58383423)
(0.83908755, 0.26226860, 0.49775434, 0.62712032, 0.63001573, 0.44069707, 0.76931411, 0.44882229, 0.21681790, 0.52801824)
(0.70508522, 0.44317707, 0.12741606, 0.41056857, 0.84625894, 0.58399147, 0.49347928, 0.39334068, 0.50295591, 0.18672596)
(0.34889832, 0.85922021, 0.51918870, 0.18153538, 0.80676496, 0.69327247, 0.17215684, 0.22488040, 0.37039897, 0.28051642)
(0.80549234, 0.60072064, 0.26681933, 0.68319154, 0.51952803, 0.43228650, 0.63691336, 0.09344891, 0.54233903, 0.39437333)
(0.34339312, 0.80808240, 0.53245401, 0.72209138, 0.34910548, 0.84225774, 0.53218210, 0.76663488, 0.30110464, 0.70327049)
(0.63489151, 0.24657683, 0.51117939, 0.56741333, 0.52836257, 0.45672476, 0.55583000, 0.70638961, 0.35474303, 0.45734578)
(0.64899099, 0.40708032, 0.31296799, 0.62808663, 0.53662825, 0.57100189, 0.64555812, 0.54273522, 0.49382073, 0.43196970)
(0.76395947, 0.38595715, 0.37331399, 0.41934863, 0.77756852, 0.52112257, 0.62067735, 0.37719715, 0.30333430, 0.36019331)
(0.74755961, 0.56223834, 0.41933939, 0.66628677, 0.57397807, 0.61796707, 0.76616621, 0.31676364, 0.29253775, 0.59110302)
(0.45337415, 0.45388916, 0.39194363, 0.34751794, 0.56645453, 0.40677837, 0.26448646, 0.41804117, 0.61788797, 0.25246975)
(0.54421651, 0.35777223, 0.48797771, 0.34036663, 0.50604588, 0.27246037, 0.24615671, 0.33680397, 0.58496881, 0.25672612)
(0.56137764, 0.32860553, 0.28577176, 0.44213873, 0.55075932, 0.35583133, 0.31184843, 0.47441876, 0.66367126, 0.20882587)
(0.89347273, 0.03849071, 0.15158729, 0.89632320, 0.52950352, 0.31891397, 0.80380422, 0.85909945, 0.43411899, 0.26120421)
(0.70609158, 0.76833487, 0.51693445, 0.88223499, 0.44692799, 0.85364193, 0.87861460, 0.63832611, 0.09939615, 0.86134952)
(0.63302106, 0.41984487, 0.19382979, 0.67892510, 0.64715278, 0.72390121, 0.68516415, 0.73888952, 0.45737624, 0.40138710)
(0.80740511, 0.14617755, 0.53448582, 0.42253742, 0.69499892, 0.28074414, 0.52710128, 0.54090333, 0.25791281, 0.33734554)
(0.85227275, 0.41714370, 0.49128011, 0.48007479, 0.80991328, 0.57184076, 0.76356739, 0.31480458, 0.15418407, 0.48640710)
(0.68954575, 0.55344063, 0.37098995, 0.42388874, 0.62971783, 0.44061741, 0.46944761, 0.19553445, 0.50515026, 0.31547695)
(0.58036768, 0.55423045, 0.15253067, 0.58724815, 0.41413984, 0.27417523, 0.24172461, 0.08898966, 0.80490291, 0.19457091)
(0.89129174, 0.18980370, 0.27096090, 0.75060022, 0.48739001, 0.25280434, 0.69600743, 0.29183400, 0.47201708, 0.34682056)
(0.60084391, 0.52401173, 0.45722798, 0.31853041, 0.77611852, 0.62270927, 0.47723511, 0.44516546, 0.30994892, 0.36439416)
(0.70359725, 0.62425727, 0.64364219, 0.23628473, 0.76434612, 0.46454301, 0.39870489, 0.14880414, 0.27600807, 0.33544123)
(0.69638664, 0.10799567, 0.38809010, 0.64000088, 0.38099688, 0.15174912, 0.32708171, 0.56414574, 0.63617271, 0.25820857)
(0.73587632, 0.43064615, 0.20942868, 0.69771880, 0.56077760, 0.54520041, 0.69009769, 0.39140892, 0.54164928, 0.38505903)
(0.78352934, 0.62571585, 0.24051897, 0.53860927, 0.83839858, 0.72793430, 0.71327645, 0.27276132, 0.28101602, 0.40086859)
(0.86512655, 0.52094352, 0.27455592, 0.58094347, 0.81565887, 0.60726011, 0.77737415, 0.20561813, 0.25477979, 0.42242894)
(0.71141511, 0.40839785, 0.21907821, 0.77491462, 0.60693926, 0.74248165, 0.79245180, 0.75446433, 0.35788193, 0.51939017)
(0.71207279, 0.43751445, 0.26644772, 0.55255532, 0.68352681, 0.57472318, 0.64992791, 0.41672170, 0.43200454, 0.38449362)
(0.78374696, 0.53914154, 0.76051682, 0.51228487, 0.57107902, 0.48522934, 0.68887383, 0.22810017, 0.16224606, 0.62708497)
(0.56355834, 0.30263454, 0.35963508, 0.35896066, 0.61072814, 0.35443532, 0.30671006, 0.51342565, 0.57546467, 0.22054513)
(0.57816446, 0.58131117, 0.47313499, 0.84137130, 0.21203318, 0.53829414, 0.63748568, 0.43338174, 0.43975353, 0.68109775)
(0.82345480, 0.25271896, 0.54449928, 0.46324268, 0.58251470, 0.21165206, 0.47215798, 0.24795578, 0.34410131, 0.35452890)
(0.77740484, 0.28305575, 0.23230080, 0.49256727, 0.63482529, 0.31256402, 0.46269670, 0.32508853, 0.56737822, 0.21493939)
(0.82676595, 0.61526257, 0.37716174, 0.61456174, 0.73902893, 0.64733428, 0.79113990, 0.19811577, 0.22735645, 0.53581768)
(0.70354515, 0.37601644, 0.21003163, 0.51102644, 0.69608945, 0.51717037, 0.56381470, 0.45387301, 0.51764542, 0.27426264)
(0.61988115, 0.52465713, 0.09168822, 0.88370240, 0.28788015, 0.53560656, 0.57021749, 0.31911695, 0.80214226, 0.31716159)
(0.60259938, 0.78568739, 0.36016801, 0.41677132, 0.89926779, 0.88821107, 0.60885608, 0.57504100, 0.12675163, 0.51155698)
(0.50803667, 0.64322764, 0.58296162, 0.32814589, 0.80002266, 0.77227837, 0.48442504, 0.66010916, 0.16092803, 0.51644892)
(0.62603152, 0.60530138, 0.18943156, 0.67074782, 0.66684163, 0.74600255, 0.66597414, 0.53208274, 0.45233896, 0.43802774)
(0.74858302, 0.43045437, 0.29489154, 0.54352582, 0.77074999, 0.66540509, 0.71505755, 0.50007153, 0.28910315, 0.43846771)
(0.69481671, 0.75324219, 0.60481226, 0.46618161, 0.71746194, 0.71284479, 0.64874607, 0.23411196, 0.18463786, 0.57963210)
(0.57020980, 0.46526340, 0.39752638, 0.49988821, 0.62620425, 0.64374936, 0.57674575, 0.63220781, 0.38273227, 0.45644280)
(0.80937839, 0.71909744, 0.68300343, 0.57562017, 0.61707044, 0.60265672, 0.75573516, 0.12963809, 0.14937907, 0.65221417)
(0.72585744, 0.71129823, 0.89159709, 0.41882899, 0.60293531, 0.58015138, 0.61774057, 0.21217096, 0.08293648, 0.71043766)
(0.50266540, 0.60638231, 0.25441790, 0.38844141, 0.76221865, 0.67850834, 0.40908214, 0.47264865, 0.47064441, 0.29536006)
(0.78715789, 0.15881810, 0.37941435, 0.32566547, 0.76512873, 0.27132496, 0.41675243, 0.52899170, 0.35355210, 0.21082027)
(0.65363026, 0.68408972, 0.58434933, 0.37064788, 0.79971272, 0.73667067, 0.58848798, 0.39137462, 0.16291416, 0.52237749)
(0.82002497, 0.30542639, 0.47444516, 0.69764602, 0.62812746, 0.58473802, 0.83029139, 0.59617889, 0.17348333, 0.61154145)
(0.65039492, 0.44239274, 0.50564963, 0.49900064, 0.70952791, 0.70161766, 0.67341048, 0.70657104, 0.19401030, 0.54991508)
(0.91101283, 0.07896280, 0.17502573, 0.89987272, 0.34805915, 0.19320588, 0.73918068, 0.48781049, 0.59230047, 0.27993929)
(0.94053912, 0.15142936, 0.26511627, 0.84670603, 0.47120437, 0.23533507, 0.82030070, 0.25286081, 0.37137434, 0.41781396)
(0.32111010, 0.79375058, 0.49264109, 0.43116722, 0.55473143, 0.76098502, 0.35087538, 0.52812338, 0.41798633, 0.49133584)
(0.79600024, 0.46110752, 0.54905593, 0.40077683, 0.76797271, 0.51440406, 0.65268314, 0.27551988, 0.20786497, 0.44562447)
(0.75877446, 0.43214586, 0.27191797, 0.77943671, 0.66636419, 0.78539699, 0.84688997, 0.76904577, 0.21180360, 0.61526257)
(0.82828343, 0.29500797, 0.28557873, 0.78638369, 0.51515627, 0.50268000, 0.81506079, 0.45403624, 0.39147890, 0.49383655)
(0.80834818, 0.47721514, 0.57534492, 0.89248163, 0.23884702, 0.44138670, 0.79385465, 0.30724582, 0.24393643, 0.76361758)
(0.82017010, 0.36488256, 0.30032849, 0.44798040, 0.86227101, 0.61363518, 0.71119392, 0.41102326, 0.22892256, 0.35805282)
(0.37337697, 0.58291537, 0.12875567, 0.71697801, 0.48673719, 0.73302698, 0.40552777, 0.74106419, 0.72905666, 0.28001457)
(0.74952441, 0.44146952, 0.35317242, 0.81382030, 0.44150633, 0.62689388, 0.81203461, 0.54521710, 0.33291063, 0.63314599)
(0.80073309, 0.17883365, 0.18691757, 0.80368710, 0.30444127, 0.18304087, 0.47447446, 0.28283530, 0.73281080, 0.25989917)
(0.80902916, 0.30471995, 0.51115662, 0.64375597, 0.58689445, 0.48107159, 0.76901644, 0.47107935, 0.22863814, 0.56008297)
(0.59477705, 0.49560475, 0.35780409, 0.44606066, 0.69785255, 0.63101470, 0.54712915, 0.50682169, 0.39244667, 0.40040931)
(0.68347299, 0.36771235, 0.24235101, 0.73730457, 0.29100266, 0.26282212, 0.43127307, 0.17898969, 0.71661586, 0.33577701)
(0.71596915, 0.50243002, 0.39088887, 0.42971635, 0.75659829, 0.58567524, 0.60178357, 0.32991654, 0.32837483, 0.38655308)
(0.79091334, 0.14367156, 0.38497055, 0.63568139, 0.56478655, 0.35584328, 0.66349405, 0.63310343, 0.37175730, 0.36248785)
(0.53249240, 0.43940389, 0.15548681, 0.65469164, 0.70710063, 0.79465413, 0.60388052, 0.86182749, 0.45341092, 0.35719246)
(0.88350093, 0.24295580, 0.43860701, 0.74674201, 0.50265837, 0.32696626, 0.78180230, 0.31126308, 0.28283992, 0.51787376)
(0.71704930, 0.30526283, 0.06643410, 0.70611185, 0.71189368, 0.59836698, 0.60312063, 0.62327445, 0.67933369, 0.17577261)
(0.53915620, 0.53690219, 0.45792684, 0.32018203, 0.54339486, 0.31806961, 0.23760392, 0.17313653, 0.60605556, 0.24448198)
(0.43023393, 0.47605839, 0.55019033, 0.75631058, 0.18283631, 0.44159204, 0.44536138, 0.50446141, 0.53211612, 0.60380971)
(0.53333271, 0.51859879, 0.18426578, 0.53792018, 0.71737146, 0.72272414, 0.52590990, 0.65443641, 0.50675356, 0.31996769)
(0.78957289, 0.31748188, 0.55783546, 0.21141113, 0.80912286, 0.29014522, 0.37865689, 0.25666642, 0.26304889, 0.24515557)
(0.86320466, 0.47739390, 0.36343831, 0.67939913, 0.53477120, 0.36562991, 0.69412541, 0.11911469, 0.41251171, 0.45670024)
(0.78514481, 0.13797237, 0.18537115, 0.93513697, 0.20007543, 0.30838126, 0.70839930, 0.61524099, 0.68508190, 0.38090926)
(0.81016338, 0.15666121, 0.23517340, 0.66544586, 0.68389910, 0.48788700, 0.72936654, 0.71732879, 0.38466039, 0.31928819)
(0.88053316, 0.44914228, 0.44417447, 0.61505693, 0.63715094, 0.41516796, 0.76147753, 0.15281115, 0.27539107, 0.48371613)
(0.75006795, 0.43066993, 0.18412788, 0.45081207, 0.89389497, 0.73188752, 0.66317624, 0.53882432, 0.26696748, 0.30861771)
(0.12934926, 0.77282250, 0.21891399, 0.30805603, 0.50364864, 0.50541604, 0.04979402, 0.36432531, 0.82531989, 0.15389699)
(0.57324040, 0.86608434, 0.55228561, 0.60207009, 0.69142056, 0.86524194, 0.67119110, 0.42839801, 0.14529113, 0.71002764)
(0.42648497, 0.30134282, 0.24300025, 0.47453836, 0.43698561, 0.26488844, 0.17000669, 0.46770948, 0.78704125, 0.16720140)
(0.76857167, 0.46652466, 0.54907775, 0.46062306, 0.64353406, 0.45289186, 0.63345045, 0.25081116, 0.29359043, 0.46184850)
(0.80051613, 0.19805026, 0.19255230, 0.79936361, 0.51276457, 0.47064504, 0.75067925, 0.62933964, 0.52502704, 0.35146514)
(0.71944451, 0.42786786, 0.54292065, 0.56893933, 0.48721349, 0.42173496, 0.61613625, 0.31638739, 0.37081370, 0.50942481)
(0.68818420, 0.38257226, 0.17650798, 0.47893167, 0.77654076, 0.59310776, 0.56446970, 0.51820785, 0.48737440, 0.25224432)
(0.66832978, 0.45900258, 0.26060879, 0.43116572, 0.79190689, 0.62476403, 0.56388444, 0.46597156, 0.37883854, 0.32251438)
(0.79439020, 0.44950941, 0.31760070, 0.87900341, 0.39930364, 0.63221377, 0.85549879, 0.52205080, 0.31429911, 0.67526579)
(0.80897778, 0.32376352, 0.36015630, 0.57167679, 0.70003504, 0.50624639, 0.73897970, 0.43292171, 0.28799260, 0.44809940)
(0.83718735, 0.28009102, 0.32087311, 0.32423875, 0.86751866, 0.43018281, 0.58016157, 0.36500776, 0.25141495, 0.25493839)
(0.77346957, 0.20390202, 0.42218864, 0.19827542, 0.87311250, 0.32854927, 0.37997055, 0.49596682, 0.24895498, 0.20113352)
(0.70379460, 0.33576715, 0.38144499, 0.41078389, 0.59453720, 0.30896226, 0.40223709, 0.31893778, 0.50906897, 0.28037301)
(0.40466967, 0.90970683, 0.44439280, 0.34388742, 0.68216884, 0.71547472, 0.25527871, 0.12052830, 0.48181376, 0.35525596)
(0.78522331, 0.21144518, 0.25482115, 0.54267055, 0.58196270, 0.28505835, 0.48347598, 0.41276646, 0.56804526, 0.22373229)
(0.89137554, 0.44764808, 0.36383578, 0.64733309, 0.72766697, 0.51612175, 0.82730633, 0.19389376, 0.22481328, 0.50542021)
(0.70362622, 0.49759597, 0.61966479, 0.35938969, 0.81759220, 0.69196117, 0.64001602, 0.55733401, 0.11961576, 0.52988720)
(0.90602750, 0.50466913, 0.64811426, 0.71470314, 0.57791364, 0.45719716, 0.84758437, 0.14197023, 0.12243175, 0.67818314)
(0.62922102, 0.45956445, 0.30706534, 0.63483280, 0.52667338, 0.59280109, 0.63864505, 0.51651549, 0.50217640, 0.44513580)
(0.55739617, 0.50597447, 0.22909458, 0.61340988, 0.74504352, 0.82696557, 0.65332097, 0.85094231, 0.30536139, 0.46075025)
(0.80778700, 0.36104459, 0.48514369, 0.51924193, 0.59956247, 0.35367098, 0.61638832, 0.26077884, 0.33612558, 0.42564839)
(0.83756310, 0.10304900, 0.27126995, 0.76775444, 0.42670900, 0.22032027, 0.60732251, 0.55238414, 0.55329812, 0.27732331)
(0.64651614, 0.64492410, 0.79509646, 0.43916386, 0.75549686, 0.77369785, 0.67243332, 0.63683087, 0.05566050, 0.72947866)
(0.67142498, 0.41169685, 0.36079541, 0.45448756, 0.67319739, 0.51934099, 0.56827295, 0.43297973, 0.41535115, 0.37382936)
(0.88446069, 0.45180970, 0.14107546, 0.79767317, 0.73888701, 0.66659796, 0.87622970, 0.33584955, 0.31579083, 0.48590896)
(0.71702212, 0.31252557, 0.20850985, 0.58105910, 0.66598916, 0.53101522, 0.61863369, 0.55904621, 0.51174957, 0.29447377)
(0.84552866, 0.40332437, 0.76223028, 0.44318306, 0.79721969, 0.59019351, 0.78374887, 0.42210966, 0.05857677, 0.64135069)
(0.83522022, 0.47270629, 0.34890404, 0.70723850, 0.66885281, 0.63615566, 0.83926779, 0.36033681, 0.22802953, 0.58984274)
(0.78825277, 0.18512639, 0.39518613, 0.43694136, 0.69304812, 0.32519311, 0.53672802, 0.52992082, 0.35215908, 0.28964704)
(0.82927251, 0.37484452, 0.83214986, 0.77988011, 0.33971778, 0.37579370, 0.75667816, 0.33375487, 0.10658491, 0.79403418)
(0.85203731, 0.47936252, 0.16786718, 0.80907470, 0.70498687, 0.72563380, 0.87583268, 0.46026385, 0.29077977, 0.54885721)
(0.67494547, 0.74884009, 0.68845195, 0.35564083, 0.64242047, 0.54090321, 0.48212332, 0.12371533, 0.27565798, 0.47653303)
(0.85022902, 0.17483515, 0.18398544, 0.52875972, 0.81080830, 0.46393073, 0.68761069, 0.59154737, 0.36364323, 0.23258887)
(0.67463553, 0.41392529, 0.19883910, 0.68539596, 0.51258093, 0.52208453, 0.60854101, 0.43754092, 0.62641537, 0.33314309)
(0.62999123, 0.78319103, 0.54184115, 0.68243402, 0.73280400, 0.89746231, 0.79714048, 0.73443770, 0.06813215, 0.79374701)
(0.74622053, 0.19418103, 0.27814534, 0.49394327, 0.63573378, 0.33621249, 0.48964688, 0.54637176, 0.51606679, 0.22966033)
(0.54039168, 0.89070225, 0.38493180, 0.57347363, 0.65929812, 0.81445712, 0.54201394, 0.22936524, 0.34035379, 0.53322899)
(0.42883909, 0.76728171, 0.13254082, 0.64791203, 0.85261017, 0.94641829, 0.61053216, 0.90127432, 0.23782179, 0.45794624)
(0.60627174, 0.32124490, 0.25148967, 0.62993681, 0.70110184, 0.73990148, 0.63989985, 0.88445199, 0.33397090, 0.41055706)
(0.79361188, 0.15649527, 0.34875715, 0.42035443, 0.75201213, 0.35816517, 0.55327195, 0.62105805, 0.33269390, 0.26011926)
(0.60662174, 0.37117434, 0.39233759, 0.71565288, 0.41926748, 0.57498306, 0.64656532, 0.68415600, 0.44772643, 0.51917672)
(0.56821632, 0.54633266, 0.33320585, 0.56574351, 0.73719108, 0.81280267, 0.65341061, 0.79969400, 0.24702196, 0.52290887)
(0.72541171, 0.23757659, 0.22033277, 0.66551715, 0.66029072, 0.59712988, 0.69971120, 0.75906181, 0.43477887, 0.34957945)
(0.51762974, 0.27382708, 0.50261515, 0.92327774, 0.08456334, 0.30609563, 0.49175060, 0.62919444, 0.57383913, 0.67571473)
(0.69888860, 0.45765442, 0.22914645, 0.52346295, 0.72250891, 0.58607483, 0.61218375, 0.40420201, 0.45300838, 0.34003887)
(0.74195576, 0.48523873, 0.32466576, 0.70772380, 0.52666903, 0.57400405, 0.74556822, 0.37498909, 0.40631190, 0.53078991)
(0.77369946, 0.41412970, 0.27994534, 0.42035860, 0.69834673, 0.36082566, 0.46910575, 0.22147188, 0.48988515, 0.24858989)
(0.83274788, 0.55417311, 0.17870033, 0.70961499, 0.69957644, 0.59862685, 0.77461213, 0.20085181, 0.41711175, 0.41643581)
(0.56784427, 0.59983283, 0.27407697, 0.54084420, 0.61608481, 0.63523036, 0.53465730, 0.39770159, 0.52056330, 0.38860774)
(0.59679484, 0.62985486, 0.17946771, 0.39391109, 0.79226589, 0.62107319, 0.40883166, 0.27069575, 0.55656040, 0.21669942)
(0.66241294, 0.14470071, 0.18940987, 0.49724525, 0.54416287, 0.19044875, 0.21703418, 0.54165226, 0.75819820, 0.10668927)
(0.80895489, 0.33365327, 0.32947519, 0.52237970, 0.60646212, 0.31415933, 0.54174870, 0.24709851, 0.46295094, 0.31983563)
(0.69644570, 0.28444248, 0.27180859, 0.77060604, 0.48273212, 0.58582610, 0.72141337, 0.73127067, 0.46655035, 0.45065033)
(0.83776289, 0.58959681, 0.43077180, 0.72042632, 0.64148861, 0.64975905, 0.85184902, 0.23516668, 0.18540345, 0.64817744)
(0.60768390, 0.55145782, 0.14489368, 0.52375060, 0.81779426, 0.76538330, 0.57109982, 0.60256875, 0.42800382, 0.30565670)
(0.74269766, 0.56106454, 0.17385159, 0.78762388, 0.56538653, 0.66077828, 0.76221144, 0.40781328, 0.49621066, 0.47260904)
(0.79273033, 0.11012504, 0.49150568, 0.54784632, 0.63883966, 0.32125664, 0.60339367, 0.68734181, 0.28032789, 0.35813299)
(0.83447564, 0.63958275, 0.25909555, 0.60093760, 0.86267948, 0.78522700, 0.80794322, 0.30350468, 0.17807996, 0.49771330)
(0.68854457, 0.22220738, 0.24943198, 0.45931584, 0.67180181, 0.39632007, 0.45337054, 0.59934807, 0.54046559, 0.21272629)
(0.67751020, 0.39073178, 0.28468633, 0.86631179, 0.14189450, 0.20570499, 0.42775676, 0.11912212, 0.71322447, 0.44342726)
(0.58050621, 0.34440422, 0.40789583, 0.46595246, 0.55061752, 0.46093354, 0.47747439, 0.55376190, 0.50890172, 0.35695955)
(0.59351909, 0.47753060, 0.63243157, 0.47590685, 0.63994676, 0.66005814, 0.61030608, 0.67494369, 0.18521565, 0.59982646)
(0.58649260, 0.55417669, 0.64088488, 0.62388062, 0.30796352, 0.41204956, 0.48145765, 0.24803619, 0.41097572, 0.56614316)
(0.63253474, 0.42071065, 0.39948872, 0.47821203, 0.48350289, 0.34779781, 0.40727231, 0.28076154, 0.56885791, 0.34414738)
(0.67319989, 0.56430262, 0.42360076, 0.56105888, 0.68087763, 0.70870245, 0.69931954, 0.50545901, 0.25985786, 0.55842614)
(0.65479624, 0.46516073, 0.37582037, 0.52158874, 0.72414345, 0.71118009, 0.66888285, 0.66092205, 0.26935712, 0.49161398)
(0.87277925, 0.52447540, 0.29975033, 0.73526597, 0.73494893, 0.68366390, 0.87585866, 0.29235744, 0.18907812, 0.59970021)
(0.86147583, 0.27348688, 0.28506407, 0.52333134, 0.71898603, 0.33401096, 0.62907553, 0.28763753, 0.36547700, 0.30126050)
(0.53621978, 0.71103978, 0.47494546, 0.80245423, 0.26679173, 0.63889712, 0.62629414, 0.41798747, 0.41590559, 0.69133180)
(0.73309308, 0.59973788, 0.44206351, 0.58535379, 0.63284522, 0.62381560, 0.71973550, 0.27523810, 0.29519799, 0.54484892)
(0.71459657, 0.48767823, 0.34820771, 0.44808763, 0.66800207, 0.47072259, 0.53988069, 0.27038199, 0.44900867, 0.33772591)
(0.84048933, 0.59336185, 0.23806962, 0.55445820, 0.77226323, 0.54313451, 0.68352509, 0.13087276, 0.38220096, 0.34039557)
(0.75629079, 0.20941429, 0.44009691, 0.38043904, 0.72661465, 0.36351204, 0.51396847, 0.54939401, 0.31694424, 0.30892807)
(0.70080733, 0.20308784, 0.33654821, 0.29592100, 0.71270233, 0.24468328, 0.27869970, 0.45907924, 0.50863165, 0.15603052)
(0.84828132, 0.10628404, 0.20233241, 0.82601923, 0.44215345, 0.30001947, 0.70910156, 0.62755084, 0.54954565, 0.28588524)
(0.53695828, 0.20782688, 0.34437004, 0.67767322, 0.40418950, 0.40717393, 0.42478257, 0.78628403, 0.59755284, 0.33072260)
(0.75449729, 0.26761144, 0.26155025, 0.59774715, 0.66799217, 0.53063512, 0.68815279, 0.60387301, 0.42204693, 0.35230491)
(0.88855970, 0.23550151, 0.26537785, 0.44841221, 0.82915562, 0.36077407, 0.65996450, 0.32339633, 0.27303293, 0.27051860)
(0.77281564, 0.19908170, 0.30501187, 0.66885543, 0.51603937, 0.37628639, 0.64749056, 0.55489677, 0.48596075, 0.34121448)
(0.74928755, 0.53454483, 0.48535281, 0.50780433, 0.77839100, 0.71835738, 0.74105406, 0.49310663, 0.15547693, 0.56439859)
(0.81648725, 0.64713943, 0.59520972, 0.24452557, 0.84851789, 0.46387890, 0.48466560, 0.08008298, 0.21329115, 0.31076095)
(0.76854521, 0.26350549, 0.32741329, 0.67953390, 0.51711494, 0.43922007, 0.69774485, 0.50363541, 0.45000607, 0.40949312)
(0.82263821, 0.11338492, 0.38693079, 0.40384474, 0.79136229, 0.34032986, 0.57093877, 0.67965823, 0.26016736, 0.25955182)
(0.79708433, 0.47012803, 0.50936180, 0.66080296, 0.58896440, 0.58572721, 0.80539727, 0.37743625, 0.20623681, 0.62462306)
(0.64533699, 0.32399800, 0.40650675, 0.46109515, 0.50619149, 0.32980797, 0.40602383, 0.39827511, 0.55544347, 0.30981922)
(0.74958080, 0.18072663, 0.47437781, 0.45316231, 0.62737852, 0.31533265, 0.50994790, 0.55405980, 0.35718888, 0.32722190)
(0.52760321, 0.37432799, 0.22955504, 0.66463345, 0.46816257, 0.54525483, 0.48718068, 0.66300726, 0.66105896, 0.31905922)
(0.87832057, 0.34172785, 0.29781437, 0.69842321, 0.71548742, 0.55132931, 0.84795803, 0.37250802, 0.23171644, 0.51668286)
(0.68306524, 0.35136801, 0.36733013, 0.30970988, 0.72888964, 0.37058073, 0.38897076, 0.36925906, 0.43731883, 0.24256679)
(0.66756344, 0.11394104, 0.48661083, 0.67316347, 0.41753376, 0.25048342, 0.45109850, 0.72551852, 0.48695076, 0.37387466)
(0.81361639, 0.32174265, 0.38593659, 0.81608707, 0.53489578, 0.62909567, 0.85747713, 0.66194600, 0.20864068, 0.65008336)
(0.31554702, 0.60726184, 0.10060843, 0.51704204, 0.78281546, 0.83256280, 0.32673427, 0.86885649, 0.57449752, 0.22466442)
(0.74416250, 0.46663693, 0.20398754, 0.48423487, 0.83239478, 0.65715545, 0.64406878, 0.39474070, 0.35874024, 0.31598756)
(0.67114741, 0.40838975, 0.22556134, 0.85864282, 0.34628698, 0.61816180, 0.73099810, 0.64380383, 0.57424825, 0.49783480)
(0.81063002, 0.60003018, 0.80828804, 0.70459157, 0.60064828, 0.70738333, 0.85986418, 0.46578422, 0.04517625, 0.83637869)
(0.79648268, 0.11335209, 0.31891170, 0.62622076, 0.50825173, 0.21363397, 0.49743173, 0.54703689, 0.53097421, 0.24759361)
(0.74106604, 0.59090233, 0.25500318, 0.51441246, 0.68851000, 0.52256161, 0.56967026, 0.17782158, 0.49922621, 0.31630245)
(0.75628412, 0.30005828, 0.34018201, 0.81843704, 0.39037567, 0.50510824, 0.76933241, 0.56760484, 0.43184641, 0.53521121)
(0.48595050, 0.43118763, 0.35454288, 0.53461003, 0.48144871, 0.52703738, 0.44527656, 0.59005797, 0.59427363, 0.36846796)
(0.51124769, 0.61736929, 0.24717787, 0.79243410, 0.28391641, 0.57104045, 0.52202624, 0.37452421, 0.67623615, 0.46699205)
(0.64452702, 0.47222793, 0.38665304, 0.76158732, 0.25666645, 0.35352150, 0.52171093, 0.21567924, 0.58026659, 0.50847650)
(0.77604932, 0.34051263, 0.34066316, 0.70234185, 0.52085716, 0.49436665, 0.74838334, 0.43312493, 0.40811279, 0.48165670)
(0.83689743, 0.17000751, 0.36030295, 0.41691449, 0.81522501, 0.40991089, 0.64260060, 0.57954246, 0.23864634, 0.30034190)
(0.84839368, 0.48648000, 0.25615865, 0.87357783, 0.40506110, 0.50929445, 0.82963729, 0.23191775, 0.41014901, 0.59598947)
(0.52983338, 0.44899118, 0.39173335, 0.50493169, 0.66457969, 0.71021032, 0.56137234, 0.78573585, 0.32460889, 0.46310478)
(0.77410418, 0.45493418, 0.32399675, 0.58171773, 0.71438253, 0.61190212, 0.73384279, 0.39562979, 0.30781251, 0.46976528)
(0.42178217, 0.59254891, 0.11031535, 0.68739414, 0.64450604, 0.82404697, 0.50897694, 0.81310701, 0.60236913, 0.30001107)
(0.75723958, 0.56396836, 0.61442822, 0.65700561, 0.59112960, 0.66603118, 0.80298275, 0.42753223, 0.14387123, 0.70355272)
(0.89813137, 0.11796038, 0.39197350, 0.56566584, 0.68672943, 0.23413846, 0.65582341, 0.44260344, 0.26934421, 0.30843526)
(0.63772184, 0.62448639, 0.36675322, 0.49289641, 0.68381643, 0.64980328, 0.58374041, 0.32537076, 0.39049733, 0.43016729)
(0.73180228, 0.36011487, 0.42459035, 0.57597768, 0.67989498, 0.63661075, 0.73949164, 0.65428555, 0.23445247, 0.52336174)
(0.84205675, 0.52560443, 0.41534606, 0.50643259, 0.82487845, 0.64566559, 0.76277477, 0.26600146, 0.17906082, 0.48019829)
(0.66130430, 0.50522715, 0.27837357, 0.21168211, 0.84941429, 0.44073251, 0.29475158, 0.21989223, 0.46427572, 0.14629893)
(0.46799049, 0.55223519, 0.26624128, 0.50490689, 0.50060439, 0.49839708, 0.36476025, 0.34428340, 0.67833447, 0.30137274)
(0.77344769, 0.65129256, 0.79523408, 0.75639480, 0.58629686, 0.77941269, 0.85977250, 0.61179626, 0.03581079, 0.87388361)
(0.71464705, 0.90523976, 0.52693772, 0.44856840, 0.80042541, 0.79221070, 0.60486269, 0.08241381, 0.19046931, 0.51940995)
(0.61017859, 0.80646479, 0.67332864, 0.66675097, 0.48225695, 0.76063639, 0.71060508, 0.37548417, 0.16743763, 0.75889248)
(0.37164286, 0.75614774, 0.46728891, 0.18570593, 0.82450598, 0.69367546, 0.21144292, 0.39717674, 0.35421133, 0.26994425)
(0.81997591, 0.50310886, 0.23897839, 0.53433794, 0.77611697, 0.54020905, 0.67710352, 0.21699981, 0.36893922, 0.34033528)
(0.83608252, 0.35426030, 0.16389309, 0.84498954, 0.38603923, 0.37416542, 0.71273518, 0.22017853, 0.63465536, 0.37637115)
(0.83351719, 0.24642558, 0.29108402, 0.80078256, 0.54703140, 0.55029535, 0.84242326, 0.60575110, 0.32698712, 0.51553857)
(0.39840949, 0.73381859, 0.66936433, 0.41709617, 0.70466721, 0.82984018, 0.47320670, 0.79308152, 0.12348264, 0.65927857)
(0.82404786, 0.73421657, 0.40233526, 0.46402588, 0.84061754, 0.67727685, 0.70486051, 0.10897598, 0.20601319, 0.43740636)
(0.89472121, 0.37547517, 0.47745329, 0.80108684, 0.60992342, 0.59545076, 0.90839511, 0.41437256, 0.11682597, 0.70709056)
(0.53672260, 0.37547582, 0.27449086, 0.64308208, 0.49866295, 0.58338571, 0.52818722, 0.70366526, 0.57744640, 0.36887529)
(0.65481764, 0.23952614, 0.58951837, 0.25872499, 0.69586140, 0.29414457, 0.31731749, 0.47999781, 0.34390071, 0.28414524)
(0.73769683, 0.35781136, 0.15895577, 0.68306959, 0.52559304, 0.43447533, 0.57611573, 0.36937168, 0.66609305, 0.25763080)
(0.80921561, 0.65520859, 0.47570822, 0.62380159, 0.71623713, 0.69070721, 0.81081849, 0.22061530, 0.16970333, 0.61506939)
(0.78507590, 0.35723081, 0.23193471, 0.61820531, 0.62073612, 0.45319897, 0.65330553, 0.35324612, 0.49274078, 0.33373442)
(0.60751092, 0.64392972, 0.31096342, 0.39921948, 0.68845105, 0.54741019, 0.42614394, 0.19990841, 0.54242653, 0.27934152)
(0.60481650, 0.41082135, 0.23392697, 0.75434357, 0.51348698, 0.69993186, 0.68351161, 0.76919568, 0.48474640, 0.46539938)
(0.69860905, 0.61752981, 0.13700652, 0.83567595, 0.56853777, 0.77646196, 0.78263962, 0.57426143, 0.48444596, 0.49390471)
(0.75973928, 0.72418344, 0.47104168, 0.38530427, 0.75049591, 0.54087740, 0.53412765, 0.08381504, 0.34651309, 0.35539299)
(0.82014781, 0.20865479, 0.35211447, 0.73068619, 0.64252979, 0.57907301, 0.82177389, 0.74032032, 0.22811759, 0.51758319)
(0.79964232, 0.68470287, 0.28749201, 0.70149010, 0.62696952, 0.60660112, 0.74801993, 0.15009707, 0.37544098, 0.50315219)
(0.68810540, 0.43569189, 0.31912443, 0.42781493, 0.82847023, 0.70074660, 0.63133150, 0.58033955, 0.25989509, 0.38755178)
(0.68559784, 0.42390206, 0.31638518, 0.57645935, 0.66097444, 0.63231856, 0.68025607, 0.56474984, 0.37091523, 0.45279077)
(0.67691541, 0.44988963, 0.09970924, 0.69422680, 0.59031892, 0.55002874, 0.55860782, 0.39757809, 0.71691954, 0.22540106)
(0.58409601, 0.53294277, 0.27016518, 0.35652813, 0.81245250, 0.65707278, 0.45826435, 0.47177225, 0.39735374, 0.28984484)
(0.63898957, 0.56504488, 0.18077850, 0.55443609, 0.80410767, 0.77809137, 0.63671327, 0.59434289, 0.36076853, 0.38007545)
(0.85899019, 0.23512210, 0.35896364, 0.43383089, 0.74836278, 0.29888678, 0.58280361, 0.32300860, 0.30807337, 0.29439840)
(0.70931238, 0.46600717, 0.35494992, 0.77871072, 0.40883845, 0.57124335, 0.74532235, 0.46726745, 0.42280737, 0.58306044)
(0.83362490, 0.19249305, 0.21090971, 0.80622977, 0.43511486, 0.35060960, 0.71766400, 0.47413662, 0.56604272, 0.33423516)
(0.67322296, 0.44292647, 0.15002981, 0.31506982, 0.83785540, 0.49145782, 0.37311432, 0.33439198, 0.54368705, 0.14738065)
(0.77276474, 0.64081037, 0.21371867, 0.87576985, 0.43928549, 0.67342788, 0.81843573, 0.37045175, 0.42558777, 0.62443161)
(0.30354294, 0.73767334, 0.48694068, 0.21072876, 0.86289448, 0.82304168, 0.25163877, 0.76967263, 0.19847667, 0.38440451)
(0.63337702, 0.43273109, 0.20463812, 0.55086738, 0.71522063, 0.66661060, 0.60416633, 0.61043131, 0.47317323, 0.33504888)
(0.56411135, 0.59350204, 0.33098078, 0.63035905, 0.62901896, 0.78152341, 0.66638851, 0.69223326, 0.32967997, 0.54646051)
(0.64661312, 0.36170572, 0.20745987, 0.59135580, 0.56171149, 0.48418367, 0.51550877, 0.48956478, 0.63465351, 0.26772022)
(0.61035502, 0.38152233, 0.39948028, 0.53654796, 0.55518639, 0.54516262, 0.58634502, 0.58416820, 0.44863310, 0.43299744)
(0.76350141, 0.56255394, 0.16379116, 0.57463837, 0.80373198, 0.66928226, 0.67776769, 0.29625362, 0.40428314, 0.33550197)
(0.76300687, 0.24375443, 0.26372945, 0.65698183, 0.48803663, 0.34745792, 0.57757825, 0.44419339, 0.58142960, 0.30051154)
(0.76520962, 0.12068272, 0.23596506, 0.94470614, 0.16330571, 0.28901431, 0.68856883, 0.67902410, 0.65532517, 0.43639228)
(0.79011631, 0.44029650, 0.39890012, 0.60437804, 0.55084348, 0.42675033, 0.66748041, 0.24003932, 0.40782571, 0.45540532)
(0.61592847, 0.55886728, 0.32430777, 0.47442997, 0.73919082, 0.69552696, 0.58554763, 0.49384436, 0.35176948, 0.41993868)
(0.85523641, 0.20433201, 0.25993335, 0.30590442, 0.72046030, 0.09932097, 0.19224867, 0.11972810, 0.57156307, 0.09633854)
(0.69142073, 0.57029885, 0.69700313, 0.76901662, 0.44684857, 0.69378620, 0.78294426, 0.62996691, 0.11069078, 0.80742121)
(0.73726302, 0.65894431, 0.55824375, 0.34326655, 0.87026584, 0.75168663, 0.64145774, 0.36094394, 0.12032130, 0.49538091)
(0.79803824, 0.30147892, 0.57801998, 0.57445759, 0.62804353, 0.47371078, 0.73626572, 0.47667983, 0.19450787, 0.55988342)
(0.44781795, 0.68411875, 0.17787576, 0.36819869, 0.71372461, 0.58232594, 0.27083772, 0.26751614, 0.68476689, 0.18414976)
(0.63929725, 0.43581539, 0.12444390, 0.44576988, 0.74502414, 0.51047373, 0.40105724, 0.39818764, 0.65773708, 0.15682304)
(0.55712944, 0.33013967, 0.27021375, 0.54401571, 0.54715204, 0.48482618, 0.45192805, 0.61759466, 0.61810309, 0.28463620)
(0.90944314, 0.12402310, 0.23784553, 0.94813144, 0.29646096, 0.34205660, 0.88597858, 0.54088533, 0.40851149, 0.53103542)
(0.88026106, 0.19323277, 0.43163985, 0.71366292, 0.49364510, 0.26402387, 0.71860850, 0.32557520, 0.33133823, 0.44787997)
(0.59541208, 0.40799057, 0.50332201, 0.43740723, 0.75822341, 0.72626323, 0.59929997, 0.81312633, 0.18087730, 0.50250119)
(0.87270856, 0.32399055, 0.37883881, 0.69307858, 0.61045688, 0.41965008, 0.79349816, 0.28359386, 0.27639791, 0.50283140)
(0.53369313, 0.37390172, 0.38650769, 0.20687665, 0.64214611, 0.17979664, 0.10400696, 0.20081876, 0.66661239, 0.11097658)
(0.61047536, 0.45469382, 0.33723995, 0.62736785, 0.30756879, 0.24776560, 0.31005529, 0.11730497, 0.70181936, 0.31772062)
(0.65092123, 0.55616742, 0.18619251, 0.74305397, 0.49288669, 0.60891956, 0.64511663, 0.40559483, 0.61495101, 0.39890140)
(0.78113228, 0.11531059, 0.38153413, 0.96543294, 0.06100746, 0.09804989, 0.54363292, 0.31198767, 0.64246041, 0.58696538)
(0.68922126, 0.38656071, 0.43850932, 0.68542808, 0.45290038, 0.52902812, 0.70189524, 0.52761012, 0.38718653, 0.54771137)
(0.81114709, 0.57338625, 0.76766485, 0.36638820, 0.78018546, 0.56654280, 0.67294681, 0.22394842, 0.09518453, 0.57068425)
(0.73198676, 0.47789350, 0.08125079, 0.75247353, 0.71051270, 0.71441936, 0.72660863, 0.52550495, 0.57190424, 0.29989234)
(0.78621471, 0.41486585, 0.25841150, 0.80134195, 0.65798652, 0.77293503, 0.86429358, 0.74590415, 0.21461332, 0.61821741)
(0.49545360, 0.32940435, 0.41742578, 0.96431601, 0.04453937, 0.31449565, 0.51554650, 0.60464317, 0.62988937, 0.71536624)
(0.85017568, 0.28775242, 0.55339557, 0.72803646, 0.55451500, 0.48539186, 0.83072120, 0.47519383, 0.16932496, 0.63594514)
(0.71939033, 0.52122349, 0.73824298, 0.48959038, 0.70503384, 0.67587996, 0.72640717, 0.54044515, 0.09082249, 0.68077052)
(0.78081703, 0.60700804, 0.50773025, 0.55931407, 0.69355553, 0.63146001, 0.74903995, 0.24116863, 0.20901179, 0.56565017)
(0.79233122, 0.29833058, 0.33794543, 0.50896972, 0.58091462, 0.28588137, 0.49554104, 0.27852833, 0.49134666, 0.30120435)
(0.39932889, 0.41093329, 0.23969956, 0.47931522, 0.47647741, 0.38894415, 0.22834773, 0.47586840, 0.75518274, 0.20706445)
(0.52488697, 0.75606823, 0.47813696, 0.66101831, 0.54073274, 0.82156777, 0.67700350, 0.60625643, 0.24588412, 0.67627299)
(0.50410491, 0.44131625, 0.22368456, 0.60903072, 0.64046645, 0.73393929, 0.54671109, 0.81357282, 0.47641963, 0.37317261)
(0.44336361, 0.62575769, 0.23437944, 0.73865592, 0.33737224, 0.61083710, 0.46008074, 0.44501570, 0.69129813, 0.41932386)
(0.31458801, 0.60889423, 0.32037905, 0.43146691, 0.71346068, 0.79337507, 0.33606029, 0.85469574, 0.38627416, 0.37626064)
(0.63726944, 0.11202467, 0.16471894, 0.80962849, 0.42701206, 0.39177567, 0.49315861, 0.87128997, 0.68233383, 0.22397715)
(0.76009226, 0.63358909, 0.44783342, 0.46063918, 0.82238370, 0.73346150, 0.70364171, 0.32863522, 0.18003997, 0.50173247)
(0.73052609, 0.30828300, 0.27923256, 0.46583956, 0.54439056, 0.23571451, 0.33675647, 0.23346342, 0.62519455, 0.21493758)
(0.80821925, 0.46611068, 0.11727611, 0.65367997, 0.78835869, 0.64167035, 0.73774815, 0.34259665, 0.44406569, 0.31768203)
(0.60245526, 0.48271334, 0.38004580, 0.56573737, 0.54619890, 0.59384942, 0.60976195, 0.50923550, 0.44998348, 0.47243410)
(0.82301527, 0.35694408, 0.28355348, 0.56443417, 0.79389673, 0.60758883, 0.76651478, 0.45701304, 0.25305215, 0.42730713)
(0.60995644, 0.48287630, 0.13390262, 0.43930528, 0.73738575, 0.53429943, 0.39668283, 0.38070789, 0.65618002, 0.17113511)
(0.21145715, 0.85025215, 0.29314530, 0.26298738, 0.69396526, 0.70810008, 0.12661567, 0.38292125, 0.63332611, 0.22728272)
(0.87942970, 0.12561522, 0.25311592, 0.38184655, 0.82729650, 0.25809693, 0.51907760, 0.48866966, 0.33224064, 0.16985644)
(0.76380849, 0.11499443, 0.52400297, 0.48838675, 0.54340100, 0.18467875, 0.39741701, 0.53783697, 0.41254282, 0.29578033)
(0.61411715, 0.40430775, 0.37883490, 0.56944543, 0.55684704, 0.58615339, 0.61832058, 0.60634989, 0.43629140, 0.45529735)
(0.79348022, 0.15446040, 0.43505716, 0.51195019, 0.65042126, 0.33784464, 0.59957671, 0.59467578, 0.32230967, 0.33911848)
(0.52843308, 0.21097468, 0.20640345, 0.44052002, 0.55422097, 0.25060466, 0.18414667, 0.57398814, 0.76058030, 0.11744475)
(0.51360059, 0.57146418, 0.42956319, 0.70750403, 0.24660884, 0.40661755, 0.42286712, 0.22242017, 0.60072750, 0.49660781)
(0.76192641, 0.74845564, 0.32504413, 0.47021070, 0.78041130, 0.63486332, 0.60210925, 0.09901600, 0.36564052, 0.35530004)
(0.74528211, 0.46977463, 0.12643230, 0.63928890, 0.68733764, 0.55905670, 0.62318218, 0.32519585, 0.58515733, 0.26618677)
(0.76961505, 0.44385499, 0.45420989, 0.38943130, 0.84322870, 0.65230709, 0.67274112, 0.43099442, 0.18122591, 0.42700952)
(0.71926749, 0.60647589, 0.58863962, 0.44445556, 0.51227075, 0.34345746, 0.43629119, 0.09872805, 0.43970945, 0.39848962)
(0.86139119, 0.41209754, 0.86904716, 0.51791286, 0.73101139, 0.56430918, 0.81408030, 0.39503178, 0.03561752, 0.74970764)
(0.71663010, 0.36429408, 0.38549739, 0.32198921, 0.71506590, 0.34726751, 0.40437198, 0.30849877, 0.43024448, 0.25036040)
(0.61596024, 0.48491153, 0.43636212, 0.48799711, 0.45076534, 0.35931370, 0.40404645, 0.21800640, 0.57404912, 0.36645409)
(0.64006972, 0.35227838, 0.27685106, 0.54272598, 0.67110121, 0.62110919, 0.61869633, 0.67640609, 0.43717563, 0.36557710)
(0.59007353, 0.16676641, 0.16148379, 0.69927341, 0.49963823, 0.39885849, 0.41848493, 0.78836292, 0.72082859, 0.19387592)
(0.66699362, 0.35835084, 0.26047364, 0.62419993, 0.59529459, 0.58410579, 0.64875698, 0.60335654, 0.49542221, 0.38033500)
(0.65848440, 0.50256068, 0.63857263, 0.55450481, 0.57547563, 0.62462401, 0.68763328, 0.53851974, 0.19247286, 0.64134645)
(0.71303302, 0.25935298, 0.31635991, 0.64587992, 0.53315538, 0.47081274, 0.64944416, 0.59858656, 0.48326185, 0.37935561)
(0.23195638, 0.65952045, 0.30372405, 0.34293088, 0.46805605, 0.41906920, 0.10221908, 0.31148475, 0.76762575, 0.20945422)
(0.83536232, 0.36248350, 0.21576574, 0.43784520, 0.74014014, 0.31375599, 0.48123038, 0.18698493, 0.49113744, 0.20552745)
(0.78988868, 0.47216600, 0.70942169, 0.76415789, 0.43660215, 0.55145615, 0.80526984, 0.42097905, 0.12552451, 0.77242100)
(0.81089723, 0.64191192, 0.68828505, 0.71339840, 0.59831524, 0.70303786, 0.85410851, 0.35523424, 0.08450096, 0.77722812)
(0.86076921, 0.13297471, 0.35109514, 0.56721753, 0.62014830, 0.23829804, 0.59167153, 0.46033937, 0.38278303, 0.27561155)
(0.56679243, 0.49565458, 0.20076601, 0.65971786, 0.56973845, 0.67295283, 0.59759659, 0.61166340, 0.57100135, 0.37336785)
(0.74625027, 0.72510606, 0.80694157, 0.51810831, 0.53750795, 0.57102650, 0.66948134, 0.16369401, 0.14164767, 0.68584162)
(0.72791749, 0.44929028, 0.41919878, 0.40488189, 0.78848153, 0.60104567, 0.61949801, 0.40126976, 0.27131888, 0.39640874)
(0.73441583, 0.58652663, 0.63220280, 0.32539800, 0.76362443, 0.54835224, 0.55256689, 0.22888191, 0.20895875, 0.44212160)
(0.92500627, 0.50813061, 0.43959752, 0.57475227, 0.80526948, 0.49298957, 0.82830000, 0.10125858, 0.15849140, 0.48418736)
(0.75693285, 0.30879483, 0.21986763, 0.26418084, 0.85215873, 0.37024683, 0.37677109, 0.35597187, 0.42731234, 0.14935203)
(0.79974025, 0.39378530, 0.48312935, 0.53746867, 0.67102331, 0.49836373, 0.72532344, 0.35094649, 0.24812794, 0.49964595)
(0.87127203, 0.53497744, 0.31865329, 0.62384748, 0.68541467, 0.48176396, 0.75598162, 0.13277438, 0.33771664, 0.43735686)
(0.78290772, 0.43559024, 0.42578897, 0.72120363, 0.73053807, 0.79519522, 0.86017895, 0.77753186, 0.10127503, 0.68224132)
(0.78470236, 0.12000222, 0.25847688, 0.53801638, 0.61676264, 0.25963864, 0.47532243, 0.59506392, 0.52915436, 0.19287466)
(0.59187496, 0.29964268, 0.27987233, 0.50699860, 0.65617949, 0.56671399, 0.51890624, 0.72260308, 0.49447492, 0.30513546)
(0.35809329, 0.72106141, 0.15863530, 0.89265203, 0.20845997, 0.74974614, 0.46572289, 0.64713919, 0.74333525, 0.47232813)
(0.75099778, 0.32640693, 0.38300747, 0.30001542, 0.77941996, 0.37153441, 0.44762558, 0.35779628, 0.35424441, 0.25415927)
(0.74504608, 0.38403189, 0.09898210, 0.63426727, 0.75245351, 0.61906791, 0.65200245, 0.50361204, 0.56592488, 0.23447685)
(0.78895497, 0.31423762, 0.37189227, 0.45411596, 0.75857186, 0.48506111, 0.65763354, 0.43432084, 0.28855094, 0.37742633)
(0.50340056, 0.56619972, 0.18727912, 0.55842400, 0.73477417, 0.78664148, 0.54437298, 0.72810990, 0.44591320, 0.36343041)
(0.56706369, 0.81318796, 0.40968865, 0.45579380, 0.85156065, 0.88325757, 0.60820431, 0.53253466, 0.15037422, 0.56025511)
(0.50032651, 0.82432860, 0.77038276, 0.53708410, 0.46599334, 0.70475948, 0.52300513, 0.34060070, 0.19014354, 0.71919596)
(0.87237889, 0.18627830, 0.21721907, 0.64741278, 0.71565473, 0.42513037, 0.75351882, 0.51176363, 0.36315662, 0.30976936)
(0.72042704, 0.78444999, 0.64336449, 0.58048081, 0.58529526, 0.67381287, 0.70321453, 0.16677944, 0.19288892, 0.65448034)
(0.78414714, 0.37467384, 0.60638756, 0.79994059, 0.37339523, 0.48517749, 0.78587288, 0.47198072, 0.20909961, 0.71360689)
(0.69062817, 0.43930057, 0.23921558, 0.63077593, 0.48177171, 0.42806709, 0.54123312, 0.28447104, 0.62683773, 0.33278072)
(0.84976351, 0.60247070, 0.67021662, 0.47069073, 0.64813972, 0.41330677, 0.66741675, 0.09229080, 0.21004501, 0.50553459)
(0.82201946, 0.19514376, 0.27416605, 0.65330350, 0.51620543, 0.28387794, 0.58897668, 0.40515184, 0.53213191, 0.28857854)
(0.80689400, 0.35525897, 0.27564064, 0.58182514, 0.69729674, 0.49764508, 0.71027648, 0.38401294, 0.36804277, 0.38984635)
(0.56992185, 0.57764733, 0.16150650, 0.52551556, 0.78530151, 0.75747633, 0.54381448, 0.58942801, 0.45297432, 0.31751201)
(0.74487382, 0.48912698, 0.28373376, 0.58061099, 0.59277505, 0.46754375, 0.60767156, 0.24749838, 0.50087196, 0.37417498)
(0.76459813, 0.45008993, 0.42237273, 0.64437717, 0.55772930, 0.53539896, 0.74503046, 0.35514015, 0.32588065, 0.54406869)
(0.57285750, 0.50154871, 0.39238730, 0.80989981, 0.18244728, 0.35365367, 0.47692147, 0.22213617, 0.61239833, 0.52865028)
(0.64994854, 0.50650924, 0.34741959, 0.46920633, 0.77622432, 0.71886939, 0.63315219, 0.56723332, 0.27914822, 0.44553348)
(0.72770905, 0.27672213, 0.26574519, 0.94776666, 0.15395127, 0.44686157, 0.75607431, 0.61699849, 0.56352258, 0.59194058)
(0.64902610, 0.36963424, 0.32279357, 0.55811530, 0.52895290, 0.42993960, 0.50077271, 0.42896453, 0.55844676, 0.33381692)
(0.76076782, 0.53185803, 0.24822773, 0.67239416, 0.52466488, 0.47717932, 0.64813727, 0.19461927, 0.55077755, 0.40091139)
(0.62357372, 0.47583643, 0.15389343, 0.44777614, 0.84927219, 0.72887808, 0.53642040, 0.61668622, 0.41230178, 0.26050586)
(0.70135558, 0.07461809, 0.55060863, 0.29361033, 0.86283064, 0.42663333, 0.39603791, 0.92219263, 0.14477561, 0.25586995)
(0.48656532, 0.65718335, 0.37638849, 0.81695324, 0.27158949, 0.71234649, 0.61612958, 0.63109839, 0.50881809, 0.61320299)
(0.70087487, 0.65972519, 0.62175286, 0.43103036, 0.64362705, 0.56747580, 0.58889508, 0.19912171, 0.26751962, 0.51101661)
(0.67382425, 0.70801568, 0.56121814, 0.72896612, 0.38420346, 0.61029738, 0.69713980, 0.26865369, 0.29725751, 0.69070429)
(0.90693402, 0.12240322, 0.17088220, 0.95381898, 0.30137137, 0.36311969, 0.88163835, 0.56574869, 0.49732280, 0.46459818)
(0.76222783, 0.51101315, 0.43065622, 0.62802696, 0.57794183, 0.55530494, 0.74164021, 0.29522085, 0.31626204, 0.54680860)
(0.83716369, 0.51916230, 0.55553603, 0.33612227, 0.77530801, 0.39808998, 0.56809849, 0.12402546, 0.24680449, 0.35729179)
(0.68240261, 0.49587405, 0.26851150, 0.92289925, 0.21147633, 0.58855003, 0.75703871, 0.53415054, 0.52013314, 0.64041382)
(0.63693833, 0.53765661, 0.40155759, 0.39151898, 0.79999763, 0.70273155, 0.57568944, 0.50917774, 0.26308048, 0.41638628)
(0.70196497, 0.33885029, 0.25562453, 0.58499378, 0.69350493, 0.62539482, 0.68035924, 0.65424240, 0.39903906, 0.37973300)
(0.76298583, 0.19568110, 0.20315580, 0.41697973, 0.75414824, 0.35979465, 0.45339829, 0.54651427, 0.51089066, 0.16519356)
(0.60319209, 0.51590186, 0.31174126, 0.46224037, 0.73435950, 0.67448962, 0.56417018, 0.52574390, 0.37904778, 0.39339870)
(0.86954361, 0.30697682, 0.55178678, 0.46652633, 0.76036203, 0.40854093, 0.72289562, 0.29585484, 0.16634470, 0.46006277)
(0.65259981, 0.31789652, 0.31530535, 0.62140185, 0.52253073, 0.50799358, 0.60939723, 0.59290177, 0.52449840, 0.38288790)
(0.92741370, 0.33888322, 0.54329723, 0.59219360, 0.64260244, 0.24202850, 0.71106625, 0.10044953, 0.21877764, 0.44405606)
(0.67147112, 0.42554179, 0.34698239, 0.53642589, 0.60402548, 0.53248489, 0.61670977, 0.43796778, 0.44726580, 0.41564909)
(0.88965881, 0.15890647, 0.35706353, 0.63996428, 0.60757005, 0.25627607, 0.68786639, 0.37021515, 0.33236337, 0.34709084)
(0.83836275, 0.26339850, 0.20881820, 0.64693403, 0.68694979, 0.46415636, 0.72823828, 0.44839129, 0.41731378, 0.32617638)
(0.64859587, 0.47753814, 0.23808049, 0.21315011, 0.80312020, 0.32112429, 0.20916547, 0.17232312, 0.58950388, 0.10621523)
(0.61769027, 0.42434224, 0.30056915, 0.53791171, 0.64861763, 0.62808287, 0.60464251, 0.60606730, 0.43788543, 0.39725021)
(0.72953522, 0.67064464, 0.31589290, 0.55665809, 0.72371531, 0.66137761, 0.66769379, 0.21798386, 0.35369754, 0.43908098)
(0.83929616, 0.52173960, 0.17099901, 0.66102892, 0.82746798, 0.71222192, 0.80348158, 0.35082546, 0.26611450, 0.43617958)
(0.67265731, 0.35335720, 0.21429853, 0.58093584, 0.61898357, 0.52357829, 0.57274556, 0.52476853, 0.56498754, 0.29330596)
(0.75382054, 0.38375068, 0.22032559, 0.44290259, 0.73892182, 0.43838695, 0.52068835, 0.33071089, 0.48513079, 0.24539223)
(0.78427678, 0.49505687, 0.55494255, 0.47679439, 0.76929325, 0.64561576, 0.74085814, 0.40488011, 0.14650418, 0.55118972)
(0.49018049, 0.72569168, 0.20833084, 0.58484566, 0.49127862, 0.56151211, 0.38879618, 0.18924350, 0.70466661, 0.31334171)
(0.68390357, 0.55173123, 0.76234388, 0.40530029, 0.64985532, 0.57608670, 0.61050987, 0.37197527, 0.15163103, 0.59895092)
(0.65307212, 0.43526360, 0.26900330, 0.55944228, 0.66941464, 0.63476157, 0.63494962, 0.56053805, 0.43621781, 0.39612660)
(0.70787555, 0.69042212, 0.54347193, 0.36362943, 0.76734316, 0.62768769, 0.55412835, 0.18631259, 0.25770497, 0.42953038)
(0.88132286, 0.02196467, 0.29886046, 0.48146167, 0.79848719, 0.14578681, 0.41279390, 0.82976067, 0.30557159, 0.11578694)
(0.74675149, 0.43851680, 0.55122006, 0.63335270, 0.59501117, 0.60928357, 0.76560271, 0.51941001, 0.18810487, 0.63249862)
(0.88231528, 0.23771439, 0.41462335, 0.68551010, 0.63624579, 0.40803140, 0.80881637, 0.39687738, 0.22553518, 0.50384641)
(0.60624367, 0.69408911, 0.61491936, 0.52126396, 0.57969743, 0.68144584, 0.62340122, 0.37215653, 0.24362542, 0.61398202)
(0.78222245, 0.10241213, 0.26789767, 0.35094899, 0.76506019, 0.23495750, 0.35384125, 0.62757510, 0.45878592, 0.13425173)
(0.36232004, 0.60157895, 0.26307434, 0.61485535, 0.46346280, 0.70431697, 0.39319950, 0.70232910, 0.63097990, 0.36453342)
(0.73413438, 0.36202782, 0.71227473, 0.70383167, 0.42459768, 0.46117708, 0.70228863, 0.50454980, 0.18377315, 0.69962054)
(0.78756762, 0.13947825, 0.29569605, 0.60992384, 0.50990176, 0.22197339, 0.46627125, 0.49874490, 0.57226425, 0.23301798)
(0.93904686, 0.14118758, 0.47968507, 0.39675152, 0.84601676, 0.21425728, 0.65300202, 0.26625153, 0.13389620, 0.30080667)
(0.62258500, 0.48037192, 0.24496947, 0.58185869, 0.62432808, 0.62321925, 0.60291404, 0.50385916, 0.51181930, 0.37828779)
(0.57229978, 0.44684154, 0.44803914, 0.43940943, 0.68310368, 0.65715539, 0.56209630, 0.67941964, 0.31000784, 0.45628950)
(0.80712169, 0.15407932, 0.21772176, 0.69020581, 0.66607678, 0.49291587, 0.73419589, 0.72915447, 0.41146046, 0.31518814)
(0.44159618, 0.89097583, 0.48318169, 0.20614462, 0.84859717, 0.76024061, 0.23747821, 0.16630401, 0.31898880, 0.29076052)
(0.62073767, 0.57108361, 0.21433090, 0.76476729, 0.47741818, 0.68719208, 0.68233794, 0.54297304, 0.55171138, 0.46549338)
(0.86087525, 0.22546563, 0.34153917, 0.90600199, 0.38987753, 0.51893526, 0.88055784, 0.64001441, 0.26862499, 0.63977653)
(0.64500666, 0.54815441, 0.31105539, 0.83161181, 0.27100569, 0.51689190, 0.64583158, 0.33738184, 0.56198710, 0.56145877)
(0.58560079, 0.64117122, 0.19404934, 0.34828371, 0.85873336, 0.70272166, 0.41809541, 0.36126465, 0.43097037, 0.23414780)
(0.68046623, 0.26118466, 0.50066441, 0.18658622, 0.83321112, 0.35461131, 0.32535037, 0.48654050, 0.28636917, 0.22647262)
(0.64411330, 0.40303156, 0.32816157, 0.45878348, 0.57610011, 0.40999562, 0.44888583, 0.36332816, 0.55830735, 0.29839274)
(0.55466431, 0.67720956, 0.33476073, 0.52061260, 0.70583713, 0.76553893, 0.58328164, 0.49654251, 0.34499076, 0.47938442)
(0.66625124, 0.55163974, 0.46776038, 0.45976213, 0.78611529, 0.75176680, 0.67027372, 0.60344702, 0.17441322, 0.54023468)
(0.86741722, 0.20109504, 0.39073077, 0.73050815, 0.57264543, 0.40111643, 0.80411053, 0.47346079, 0.27391323, 0.48693621)
(0.37129197, 0.77222091, 0.48675832, 0.82818663, 0.23246491, 0.80387920, 0.56003052, 0.74493766, 0.40257508, 0.70336217)
(0.45352340, 0.67001343, 0.09931020, 0.53743392, 0.68965077, 0.68823254, 0.36428207, 0.41712022, 0.72427917, 0.19834869)
(0.80426210, 0.49638906, 0.37055600, 0.75840306, 0.57933939, 0.65682340, 0.84711474, 0.41771385, 0.23926938, 0.64244974)
(0.66635621, 0.43678036, 0.19081822, 0.57075220, 0.62788588, 0.53250986, 0.55006057, 0.41398963, 0.59540349, 0.28228953)
(0.75642693, 0.40335551, 0.35085127, 0.38023430, 0.73317868, 0.41307637, 0.51201111, 0.29165560, 0.39677224, 0.29082930)
(0.92083651, 0.02218281, 0.37034822, 0.85004020, 0.58999884, 0.22055852, 0.78838205, 0.85853630, 0.21699555, 0.34332889)
(0.86582625, 0.09858139, 0.26308751, 0.91044468, 0.28968588, 0.25869775, 0.76823425, 0.58673882, 0.53347540, 0.40058672)
(0.64987797, 0.52408576, 0.36092374, 0.42110902, 0.65653723, 0.50180441, 0.49160200, 0.28802508, 0.48178080, 0.33056000)
(0.88631123, 0.55765635, 0.67282611, 0.66948992, 0.55296689, 0.43486616, 0.79006094, 0.11441357, 0.15427084, 0.64750206)
(0.74342930, 0.38762391, 0.36466548, 0.63596565, 0.58820552, 0.55887085, 0.73392916, 0.47938442, 0.35632586, 0.49930465)
(0.53815055, 0.70985192, 0.11652049, 0.66247535, 0.56878662, 0.63237554, 0.45712283, 0.26558775, 0.72547525, 0.27285525)
(0.45701584, 0.56781393, 0.12842897, 0.48288453, 0.70974994, 0.66138029, 0.36195049, 0.54401141, 0.67584944, 0.20063744)
(0.80314285, 0.10416824, 0.14390506, 0.62876916, 0.62579024, 0.27052018, 0.47348711, 0.64789933, 0.63827401, 0.13774589)
(0.72545338, 0.41078421, 0.41680568, 0.31400517, 0.67587972, 0.29171309, 0.34095609, 0.19908725, 0.47596365, 0.23046401)
(0.69365376, 0.63557273, 0.23865308, 0.67323393, 0.58172697, 0.60713351, 0.64894277, 0.26949951, 0.51155668, 0.43552938)
(0.54546690, 0.47656327, 0.39294347, 0.73558921, 0.32845229, 0.56640488, 0.59335119, 0.58413935, 0.53374916, 0.53599733)
(0.62219250, 0.23292889, 0.20331596, 0.74390388, 0.53999650, 0.60169613, 0.61300117, 0.85065031, 0.53529865, 0.33735809)
(0.62004244, 0.34454829, 0.21787761, 0.64493996, 0.53739178, 0.53712034, 0.56445968, 0.59638655, 0.61711472, 0.31098324)
(0.56364673, 0.09755646, 0.31204328, 0.55535746, 0.50717902, 0.22544497, 0.25021192, 0.79122555, 0.65958321, 0.18492073)
(0.79349107, 0.36363861, 0.46043450, 0.72014487, 0.51682299, 0.52798033, 0.79566556, 0.46717498, 0.26107982, 0.59876925)
(0.72318423, 0.45398611, 0.24366514, 0.89149088, 0.47926757, 0.78568131, 0.85031676, 0.80766559, 0.27528182, 0.67263478)
(0.59386599, 0.67949641, 0.25831261, 0.28049541, 0.86922544, 0.68154329, 0.37879637, 0.27233467, 0.39778131, 0.22327091)
(0.74176300, 0.65493870, 0.47478941, 0.54495120, 0.68786383, 0.65517908, 0.71255642, 0.23367396, 0.25003573, 0.54490703)
(0.80547363, 0.40507543, 0.36406842, 0.85479409, 0.42706409, 0.60320854, 0.85296637, 0.52600914, 0.27736777, 0.67086262)
(0.71310806, 0.17289366, 0.12936851, 0.34039640, 0.81569695, 0.32888082, 0.28974974, 0.59449261, 0.61482012, 0.08295137)
(0.61382657, 0.27419406, 0.43429825, 0.42995721, 0.51169699, 0.30043611, 0.35444143, 0.46720964, 0.55875778, 0.28710589)
(0.64421648, 0.72045964, 0.31091249, 0.81150967, 0.40000328, 0.70478487, 0.72303855, 0.41165707, 0.43715316, 0.63074124)
(0.74710190, 0.35219851, 0.13777867, 0.44817203, 0.84823990, 0.59384584, 0.57664913, 0.48705083, 0.44759834, 0.20758879)
(0.74741340, 0.41886467, 0.11451132, 0.58967829, 0.82569653, 0.69812179, 0.68392497, 0.53442061, 0.43922448, 0.27785510)
(0.45619684, 0.50801837, 0.23009625, 0.53381163, 0.62014598, 0.66870737, 0.45238835, 0.67947590, 0.56713307, 0.32818174)
(0.79772633, 0.27889010, 0.27432096, 0.34761265, 0.83555490, 0.42796466, 0.53615648, 0.41489780, 0.33184445, 0.23520766)
(0.66215640, 0.33421773, 0.27833691, 0.72388470, 0.54761374, 0.65278941, 0.71010774, 0.76392859, 0.41754127, 0.46772465)
(0.50818741, 0.56340313, 0.31283298, 0.21753378, 0.81623971, 0.52566093, 0.25554755, 0.32391757, 0.49499354, 0.17891800)
(0.83838779, 0.22424066, 0.34034881, 0.90262085, 0.27816823, 0.37688419, 0.80656642, 0.47416475, 0.42963302, 0.56305754)
(0.62226671, 0.42753711, 0.18278317, 0.56354976, 0.65731734, 0.59029651, 0.54857540, 0.51799458, 0.58652472, 0.28149018)
(0.76332784, 0.15875080, 0.39823416, 0.58923131, 0.53811640, 0.30703944, 0.57294917, 0.57175076, 0.43046653, 0.33288360)
(0.69848001, 0.15116890, 0.48032680, 0.85444170, 0.15886000, 0.14507298, 0.44477776, 0.38361278, 0.60862440, 0.49711695)
(0.83276588, 0.59579891, 0.47766721, 0.59590870, 0.61116540, 0.48159343, 0.73014271, 0.11557867, 0.29810122, 0.51155275)
(0.45705348, 0.57028878, 0.38615704, 0.30370739, 0.83038932, 0.76245260, 0.40666631, 0.73458177, 0.26382929, 0.36834714)
(0.81938082, 0.41369963, 0.06898704, 0.82905507, 0.57790476, 0.54550260, 0.73786306, 0.32494542, 0.68404967, 0.26319283)
(0.59808779, 0.75657088, 0.23572792, 0.37618166, 0.85674411, 0.76035547, 0.45654565, 0.27374846, 0.36890677, 0.29056227)
(0.88439435, 0.51407790, 0.27243170, 0.80999613, 0.64712185, 0.63080096, 0.88446945, 0.26077655, 0.22592388, 0.61262053)
(0.72260523, 0.69485492, 0.61529410, 0.42815587, 0.71261960, 0.63485265, 0.62734783, 0.19939612, 0.20940825, 0.52992839)
(0.74859905, 0.36704451, 0.30286753, 0.83625084, 0.28236026, 0.38169733, 0.67480808, 0.29380897, 0.55716884, 0.51091284)
(0.64420605, 0.39587677, 0.20440327, 0.23292449, 0.84460413, 0.42373568, 0.29247570, 0.35135615, 0.51300609, 0.13035980)
(0.46481648, 0.42235628, 0.25484988, 0.32508159, 0.55032623, 0.23848525, 0.12924857, 0.23623113, 0.76315123, 0.12694447)
(0.62612438, 0.49493000, 0.22393613, 0.64435375, 0.52756000, 0.55766708, 0.57989877, 0.40274543, 0.61199355, 0.35554460)
(0.81473464, 0.20959340, 0.23923154, 0.60415840, 0.57017553, 0.29296917, 0.54689741, 0.39334401, 0.55579382, 0.24357902)
(0.44176331, 0.54580700, 0.33141759, 0.48655009, 0.68935919, 0.76408619, 0.48969778, 0.79820538, 0.36494637, 0.42912951)
(0.69373673, 0.73822892, 0.52538544, 0.48870263, 0.56578451, 0.53173947, 0.54555869, 0.10812194, 0.41091561, 0.45387104)
(0.88661605, 0.14083898, 0.19679210, 0.66373986, 0.67206222, 0.31732091, 0.69778615, 0.48078054, 0.43535390, 0.24494326)
(0.82437634, 0.19589080, 0.13008478, 0.68182039, 0.70764047, 0.49194658, 0.70407373, 0.61933410, 0.50986522, 0.23663364)
(0.78337753, 0.46132356, 0.45032126, 0.34172466, 0.63607442, 0.22024415, 0.30861437, 0.09109570, 0.49120808, 0.22774383)
(0.72950083, 0.13686049, 0.38505504, 0.30839518, 0.68658966, 0.18850778, 0.26567459, 0.51103598, 0.48272252, 0.15694356)
(0.64288324, 0.71829402, 0.80567259, 0.60423779, 0.54666048, 0.74456984, 0.72164422, 0.54007816, 0.07727863, 0.80797976)
(0.77168626, 0.26415592, 0.27914330, 0.33722857, 0.75319314, 0.29084116, 0.38389018, 0.34241664, 0.46610603, 0.18042901)
(0.47458237, 0.67089897, 0.48878127, 0.83516800, 0.27403858, 0.74097049, 0.63552701, 0.72604865, 0.34046575, 0.72271681)
(0.83179241, 0.29634374, 0.28651565, 0.47751299, 0.67096788, 0.28550398, 0.51242948, 0.24329990, 0.45618263, 0.26173303)
(0.77374411, 0.42896762, 0.56461692, 0.50240982, 0.65141433, 0.50093967, 0.69623774, 0.33973795, 0.23485544, 0.52085608)
(0.69508976, 0.45479882, 0.28712580, 0.43844661, 0.72953826, 0.52655625, 0.54339814, 0.35439655, 0.44088110, 0.31261504)
(0.89853907, 0.67431682, 0.62151998, 0.74456131, 0.64588815, 0.64276969, 0.89594448, 0.13102020, 0.08223926, 0.75042057)
(0.86079770, 0.23034823, 0.26437876, 0.80403298, 0.67138290, 0.65196025, 0.88202316, 0.73813635, 0.21112165, 0.54630113)
(0.76300198, 0.69906104, 0.52703565, 0.78123319, 0.55221480, 0.75840950, 0.85622013, 0.39194492, 0.13526414, 0.77309811)
(0.81662709, 0.19493350, 0.23439141, 0.95001632, 0.20550026, 0.41860148, 0.81606746, 0.64139974, 0.53584576, 0.53501236)
(0.85101485, 0.41621768, 0.30610484, 0.56777549, 0.57405037, 0.26353860, 0.51760727, 0.10790659, 0.51198119, 0.30154878)
(0.57727820, 0.47413945, 0.50974292, 0.26860839, 0.56483495, 0.23949523, 0.18766925, 0.15138011, 0.58491296, 0.20774849)
(0.58489239, 0.59776002, 0.26052713, 0.67275155, 0.76988071, 0.88251901, 0.72789371, 0.87139845, 0.19166964, 0.57641429)
(0.80802089, 0.55329788, 0.51387244, 0.55736202, 0.61739165, 0.48890793, 0.70987064, 0.16690987, 0.28647313, 0.51166922)
(0.77568662, 0.27839053, 0.45835069, 0.19215542, 0.88110626, 0.38644204, 0.42571929, 0.40983069, 0.22322172, 0.22767305)
(0.71500748, 0.62371492, 0.75223184, 0.51187915, 0.73167467, 0.74625164, 0.74476135, 0.52968746, 0.06803881, 0.72468287)
(0.68774539, 0.36880058, 0.75693703, 0.39487311, 0.58648235, 0.41429183, 0.52079999, 0.41705287, 0.21259432, 0.52809590)
(0.71078420, 0.35344100, 0.17856288, 0.44844142, 0.70245856, 0.40969259, 0.43461499, 0.36427268, 0.60272139, 0.18181522)
(0.67643887, 0.04931227, 0.13364685, 0.80319571, 0.35985541, 0.13494255, 0.24082752, 0.79642045, 0.82746947, 0.11478755)
(0.78764093, 0.37481692, 0.23705183, 0.57055098, 0.80987990, 0.67488700, 0.74916452, 0.56934559, 0.26667017, 0.40675887)
(0.86218524, 0.36888301, 0.76754618, 0.46775293, 0.75023526, 0.49157745, 0.76985782, 0.33188742, 0.07499680, 0.62203789)
(0.49780893, 0.51906574, 0.73367125, 0.53552151, 0.34970227, 0.45706216, 0.43918079, 0.42031646, 0.34560481, 0.60295534)
(0.60124087, 0.49636617, 0.30548576, 0.55406332, 0.66536677, 0.69231248, 0.62171900, 0.61515367, 0.39250180, 0.44506058)
(0.53224850, 0.94581389, 0.41778371, 0.49779579, 0.61543769, 0.73561436, 0.37472007, 0.05394936, 0.48573059, 0.41611001)
(0.78795755, 0.65908951, 0.49860558, 0.58868837, 0.62874192, 0.58344346, 0.73382843, 0.15004782, 0.26184192, 0.55614781)
(0.82765788, 0.39597845, 0.50445354, 0.61736465, 0.68899524, 0.59496748, 0.82085133, 0.44522920, 0.15654992, 0.60408914)
(0.54743451, 0.55670166, 0.36999616, 0.59478462, 0.53486657, 0.67821926, 0.60668379, 0.57728982, 0.43903056, 0.50046766)
(0.71157473, 0.51506227, 0.18586563, 0.82938319, 0.37182504, 0.53746676, 0.68755770, 0.32022947, 0.63626385, 0.43594989)
(0.65760642, 0.43562827, 0.21251372, 0.65302867, 0.55548161, 0.56106424, 0.61365169, 0.46095952, 0.58938879, 0.34908271)
(0.67203057, 0.46701461, 0.34984821, 0.44495347, 0.62818325, 0.45709667, 0.50167108, 0.31178749, 0.49109685, 0.33163989)
(0.67072749, 0.09673671, 0.48137555, 0.38167283, 0.58224481, 0.15509252, 0.22475517, 0.62460977, 0.51407534, 0.19453968)
(0.65254110, 0.37880883, 0.32542452, 0.63049978, 0.52479434, 0.54851848, 0.63873619, 0.55484319, 0.49456897, 0.42681628)
(0.72059429, 0.32113063, 0.18665493, 0.28760648, 0.86171371, 0.46683887, 0.41382942, 0.44362867, 0.44327918, 0.15368515)
(0.78341812, 0.64380240, 0.57971185, 0.60182256, 0.69043452, 0.69299603, 0.79766846, 0.28723025, 0.13831861, 0.65641028)
(0.71483785, 0.28565839, 0.39231741, 0.59824526, 0.51807225, 0.42585114, 0.62279254, 0.50694972, 0.44923210, 0.40685886)
(0.87012571, 0.24177076, 0.30902782, 0.46613321, 0.78487623, 0.35653633, 0.65201747, 0.34842959, 0.28613016, 0.30432412)
(0.81820774, 0.12372587, 0.41551697, 0.52732223, 0.63048518, 0.26968569, 0.56541938, 0.57101846, 0.34892920, 0.29520190)
(0.41415554, 0.50966012, 0.40757474, 0.39650220, 0.45805818, 0.37597868, 0.24073960, 0.30828503, 0.66249096, 0.28868771)
(0.63560349, 0.34468946, 0.59183323, 0.27792269, 0.67346561, 0.36083001, 0.36730415, 0.40290493, 0.35675529, 0.32821050)
(0.68561673, 0.40057895, 0.37806141, 0.50717157, 0.65465266, 0.55609041, 0.63433868, 0.48656929, 0.37694684, 0.43004268)
(0.78902936, 0.30415669, 0.28510788, 0.84929508, 0.36427274, 0.46403739, 0.77147794, 0.46706694, 0.49254298, 0.50515604)
(0.35093057, 0.70040423, 0.30951047, 0.63133729, 0.55438566, 0.83640921, 0.47602540, 0.81436026, 0.42142904, 0.48610911)
(0.67957968, 0.63336247, 0.71013147, 0.37996590, 0.65088618, 0.56106848, 0.55508167, 0.24636656, 0.21545620, 0.53219140)
(0.66368729, 0.33806384, 0.23841001, 0.49116218, 0.73500758, 0.59892064, 0.59182715, 0.62199116, 0.44905016, 0.30339029)
(0.30227289, 0.60612702, 0.08019219, 0.54245824, 0.58451450, 0.57819617, 0.17541823, 0.49372262, 0.84318268, 0.13322204)
(0.85749161, 0.33375591, 0.26608154, 0.71723253, 0.72001207, 0.62369019, 0.85171783, 0.51339525, 0.23690872, 0.51363170)
(0.57197857, 0.18187170, 0.38740525, 0.33910164, 0.62998933, 0.27781609, 0.24822223, 0.63931823, 0.55423039, 0.18739738)
(0.77834582, 0.51145035, 0.85258138, 0.59183979, 0.54229170, 0.54971963, 0.74850184, 0.37088662, 0.07909636, 0.75931817)
(0.83338195, 0.42270905, 0.46799463, 0.65521133, 0.60895061, 0.51876020, 0.79895401, 0.31486812, 0.23360641, 0.56962740)
(0.62039596, 0.55201757, 0.27450502, 0.74096328, 0.59498566, 0.79567581, 0.75259131, 0.75167370, 0.31836477, 0.58716100)
(0.77486944, 0.35884613, 0.65050763, 0.32842055, 0.80742186, 0.53127509, 0.62554759, 0.46404642, 0.13305934, 0.46924287)
(0.74508423, 0.14097017, 0.51731330, 0.22865970, 0.77173615, 0.20784397, 0.27449721, 0.51591986, 0.32679728, 0.19184032)
(0.86099803, 0.22968662, 0.29896581, 0.51871818, 0.70431429, 0.31239337, 0.62162870, 0.34107670, 0.36917493, 0.29122740)
(0.78299916, 0.38526458, 0.45652416, 0.31056732, 0.83109325, 0.47412610, 0.55789745, 0.32605675, 0.23961122, 0.32469201)
(0.88402623, 0.43508774, 0.40035900, 0.63855517, 0.74044943, 0.55636770, 0.83463562, 0.25524583, 0.18650894, 0.53997004)
(0.84757143, 0.39994130, 0.39607018, 0.89261955, 0.40587789, 0.59628356, 0.88749385, 0.49996150, 0.20941888, 0.72872823)
(0.47633198, 0.72023964, 0.48021913, 0.64862734, 0.54143995, 0.81055021, 0.62600654, 0.70959723, 0.24472137, 0.66085905)
(0.82733512, 0.20188446, 0.14370036, 0.83452272, 0.53247863, 0.49947864, 0.78699213, 0.62020212, 0.54654121, 0.33791682)
(0.83932042, 0.16917220, 0.30353275, 0.74250287, 0.51542360, 0.36684540, 0.74626040, 0.53259003, 0.41228461, 0.38559037)
(0.76088732, 0.54210448, 0.11130641, 0.84663808, 0.55180293, 0.68295771, 0.78528774, 0.44346341, 0.56962740, 0.42341098)
(0.37523639, 0.51391923, 0.21751684, 0.49632400, 0.63485575, 0.67186660, 0.34010795, 0.74948728, 0.59641820, 0.28099355)
(0.88140100, 0.44028568, 0.38476458, 0.64290512, 0.69917828, 0.50049627, 0.81357408, 0.20501567, 0.23827772, 0.50831211)
(0.69437844, 0.52280515, 0.32610714, 0.48277557, 0.73537695, 0.62164706, 0.61590874, 0.35961321, 0.37159017, 0.39221966)
(0.87458640, 0.45083919, 0.44770455, 0.60947216, 0.79107350, 0.64920515, 0.84943783, 0.34919253, 0.12594834, 0.58322376)
(0.72790444, 0.43976247, 0.28762886, 0.65849984, 0.53971648, 0.50490385, 0.66761100, 0.34710273, 0.49569413, 0.42604309)
(0.55509454, 0.37496766, 0.43137687, 0.82392728, 0.16286500, 0.33284497, 0.49218163, 0.37792879, 0.60541975, 0.54819715)
(0.61927378, 0.52380592, 0.24961656, 0.33451632, 0.85321218, 0.66581357, 0.46549979, 0.44422179, 0.37152413, 0.26277387)
(0.64285350, 0.34507257, 0.09033257, 0.54494572, 0.70319974, 0.49304637, 0.39904070, 0.50945753, 0.72877657, 0.13182896)
(0.60276258, 0.43490186, 0.17602660, 0.56864309, 0.76109087, 0.75393182, 0.61799198, 0.75532967, 0.42346978, 0.33870748)
(0.85159528, 0.31079021, 0.44925654, 0.32465503, 0.71977973, 0.18790385, 0.36129135, 0.13504858, 0.37975976, 0.21689153)
(0.55277741, 0.40611339, 0.29401377, 0.45826662, 0.64266109, 0.56156909, 0.47576076, 0.57868582, 0.53229493, 0.30926114)
(0.82025480, 0.43262449, 0.71673018, 0.37966567, 0.86370188, 0.68753648, 0.76165092, 0.53126645, 0.05154412, 0.60619324)
(0.87175679, 0.20090838, 0.07815010, 0.66264021, 0.82922357, 0.54589605, 0.74534470, 0.58730417, 0.45973238, 0.19073513)
(0.61639798, 0.31002456, 0.39737743, 0.65764934, 0.42156783, 0.47367799, 0.58808601, 0.61479676, 0.51842809, 0.43450233)
(0.72292918, 0.68174171, 0.67449558, 0.74632466, 0.53096575, 0.76231480, 0.83101791, 0.53118652, 0.08929299, 0.81817722)
(0.82721770, 0.16307326, 0.29386112, 0.74991554, 0.44463405, 0.30097634, 0.67505074, 0.48982695, 0.50289953, 0.34200659)
(0.80478919, 0.45976129, 0.74831444, 0.38114139, 0.71254492, 0.45635682, 0.63963556, 0.24907474, 0.14000604, 0.53231728)
(0.74084181, 0.46574718, 0.61747581, 0.51925105, 0.52593815, 0.41591227, 0.60496283, 0.25346339, 0.31236950, 0.51030183)
(0.54112220, 0.33697325, 0.48038733, 0.41653469, 0.53905433, 0.42629161, 0.41260698, 0.55680114, 0.49510559, 0.36098650)
(0.82319504, 0.32138887, 0.24260156, 0.83216429, 0.50879693, 0.58383203, 0.84521544, 0.53638601, 0.39149597, 0.52406293)
(0.57885897, 0.56761360, 0.35442945, 0.38108066, 0.78535098, 0.69657081, 0.50824445, 0.50259125, 0.32992387, 0.37541336)
(0.77226615, 0.58622140, 0.78304029, 0.67657614, 0.49542725, 0.60203946, 0.78930569, 0.34143049, 0.10188210, 0.77580827)
(0.68050134, 0.18382636, 0.37709102, 0.29438335, 0.68334806, 0.22450434, 0.25705385, 0.48730645, 0.51050401, 0.16210362)
(0.74948728, 0.42684388, 0.36144996, 0.50683266, 0.74509007, 0.60692495, 0.68914747, 0.43649825, 0.29278564, 0.43912998)
(0.62453556, 0.26894867, 0.37218097, 0.57555568, 0.43086842, 0.33664292, 0.44330996, 0.50716740, 0.60545963, 0.32878107)
(0.68316114, 0.33263907, 0.44777051, 0.39042377, 0.56941509, 0.28419909, 0.36573523, 0.31798989, 0.49738383, 0.29266822)
(0.87836897, 0.63504803, 0.45813712, 0.70387596, 0.60899222, 0.52861220, 0.82700998, 0.09224749, 0.21901327, 0.60132986)
(0.77927434, 0.21151358, 0.36128440, 0.64076251, 0.52072376, 0.36330557, 0.64954996, 0.51116449, 0.43748379, 0.37278122)
(0.60879713, 0.49511227, 0.21572299, 0.76993173, 0.52319866, 0.74212235, 0.71054983, 0.72721714, 0.47219616, 0.49238792)
(0.65854818, 0.24865894, 0.23786733, 0.79459834, 0.30972406, 0.36839709, 0.55487174, 0.53230840, 0.69232017, 0.33689535)
(0.64927095, 0.46184728, 0.26970571, 0.45320618, 0.85201055, 0.78278089, 0.63415182, 0.75013590, 0.22936019, 0.39723700)
(0.76022583, 0.53080964, 0.42070457, 0.58493739, 0.55789483, 0.46739328, 0.64552265, 0.19715747, 0.41279456, 0.45632774)
(0.53770012, 0.58285731, 0.32272467, 0.38598290, 0.72387433, 0.62987411, 0.43629304, 0.41742757, 0.45712522, 0.32487866)
(0.85591167, 0.24934489, 0.27379313, 0.61311114, 0.65198630, 0.36116266, 0.68927467, 0.35747752, 0.39648569, 0.33313793)
(0.56707692, 0.39417291, 0.27705100, 0.64673704, 0.47352248, 0.54783946, 0.54227942, 0.59996706, 0.60543382, 0.36820316)
(0.84384733, 0.14410488, 0.30927572, 0.51054692, 0.68401301, 0.27579299, 0.56918466, 0.50314981, 0.39367956, 0.24402650)
(0.79128367, 0.34122589, 0.11499164, 0.59071541, 0.72689235, 0.47902635, 0.59574318, 0.37846339, 0.58256018, 0.20216215)
(0.63009101, 0.50858051, 0.22604141, 0.66006017, 0.69409704, 0.78050566, 0.70700949, 0.72596914, 0.35406604, 0.47823885)
(0.70390385, 0.52375346, 0.35950762, 0.49559703, 0.81407434, 0.76254529, 0.70265466, 0.58241946, 0.20125559, 0.49817964)
(0.74380583, 0.23800986, 0.62708271, 0.32317531, 0.74410498, 0.37654385, 0.50717205, 0.49482092, 0.21295908, 0.38838133)
(0.88393128, 0.41289216, 0.64835423, 0.80477768, 0.67155510, 0.72148335, 0.92510593, 0.60642862, 0.04204538, 0.82013780)
(0.52054602, 0.56079870, 0.26472425, 0.61600298, 0.68024588, 0.80788910, 0.62573546, 0.79708385, 0.34707808, 0.48573008)
(0.70686758, 0.64302599, 0.56954294, 0.84110236, 0.37351152, 0.70751411, 0.82074451, 0.51613057, 0.16838677, 0.80200392)
(0.63012415, 0.19784640, 0.48686427, 0.33788574, 0.64393884, 0.31066328, 0.34369698, 0.59837157, 0.42687750, 0.26537305)
(0.46056059, 0.49663493, 0.50089371, 0.76183760, 0.19349171, 0.45613810, 0.47631997, 0.46276531, 0.54818755, 0.58336568)
(0.71650523, 0.39848775, 0.20388754, 0.51716387, 0.79999983, 0.65978646, 0.65171987, 0.55120385, 0.37288231, 0.33000651)
(0.91894585, 0.31966728, 0.81204855, 0.54686081, 0.61706573, 0.24292515, 0.70702380, 0.12522154, 0.10648724, 0.57758600)
(0.65990078, 0.09111499, 0.35721633, 0.51458240, 0.58193582, 0.24489757, 0.34908566, 0.76699013, 0.52668017, 0.21258967)
(0.82848406, 0.30433294, 0.45732951, 0.17230265, 0.89524692, 0.32653713, 0.40581656, 0.26723439, 0.21595840, 0.19422169)
(0.68103427, 0.61763179, 0.77193886, 0.47855720, 0.46078300, 0.44168386, 0.52943003, 0.19351381, 0.25796753, 0.58635592)
(0.81337082, 0.57648951, 0.42421314, 0.62605852, 0.68349737, 0.61952704, 0.79058486, 0.23112001, 0.23135772, 0.56310862)
(0.77510571, 0.22536534, 0.27774572, 0.91020101, 0.20936830, 0.34343395, 0.72501928, 0.46651220, 0.58072340, 0.49372903)
(0.67086416, 0.14785975, 0.41330776, 0.20022570, 0.80015665, 0.23643401, 0.21889326, 0.58986723, 0.40580186, 0.13858229)
(0.77078134, 0.66649455, 0.53140199, 0.48577121, 0.83263195, 0.78097665, 0.75381827, 0.38578573, 0.10853435, 0.59495491)
(0.50524729, 0.44176075, 0.27296507, 0.41624260, 0.64137518, 0.52659315, 0.37999889, 0.51765954, 0.59885591, 0.25611353)
(0.71307635, 0.31466717, 0.42061347, 0.63328546, 0.46419305, 0.41395280, 0.62958223, 0.45030043, 0.45494297, 0.44527254)
(0.81727660, 0.43242905, 0.82822275, 0.60098094, 0.48385358, 0.39698327, 0.70123410, 0.25771448, 0.12387136, 0.69333094)
(0.59915298, 0.56292093, 0.21391518, 0.64756244, 0.63139242, 0.71599323, 0.63758743, 0.56322378, 0.47772864, 0.42774522)
(0.81055760, 0.41269496, 0.26673660, 0.40513998, 0.79778779, 0.44074944, 0.56496203, 0.24872454, 0.37626114, 0.26213539)
(0.81669927, 0.47220162, 0.34579155, 0.57388341, 0.65151709, 0.46707848, 0.69375414, 0.21825336, 0.37273568, 0.42282236)
(0.78170919, 0.49116781, 0.27065876, 0.77424693, 0.53883457, 0.61885482, 0.80572122, 0.39745751, 0.38123038, 0.55806839)
(0.79449970, 0.22816010, 0.37446555, 0.34986591, 0.72266221, 0.25549090, 0.40990350, 0.35273618, 0.39531338, 0.22764087)
(0.74662095, 0.69979256, 0.46125233, 0.72777796, 0.57059109, 0.71421283, 0.80642384, 0.29950845, 0.20981775, 0.68803328)
(0.38121450, 0.24716023, 0.29659742, 0.46766666, 0.43113223, 0.25476497, 0.15292922, 0.59990448, 0.76956654, 0.18441463)
(0.87898958, 0.24975033, 0.37882909, 0.68687373, 0.63422912, 0.41102237, 0.80189764, 0.38107777, 0.25382009, 0.48328820)
(0.42332238, 0.31921336, 0.56981546, 0.85882550, 0.12758853, 0.35180119, 0.41095379, 0.71333098, 0.53731984, 0.66210788)
(0.56977606, 0.66360092, 0.20534559, 0.48939636, 0.68371075, 0.62451488, 0.45078531, 0.27262044, 0.59057790, 0.28324735)
(0.74634653, 0.21024287, 0.22158207, 0.71292198, 0.33497748, 0.17480239, 0.36844656, 0.25437799, 0.73276854, 0.24562404)
(0.42445627, 0.41596079, 0.24449754, 0.67754412, 0.39148217, 0.54581088, 0.39813474, 0.69683641, 0.69787943, 0.33526447)
(0.58033478, 0.42704836, 0.22614539, 0.45096231, 0.61725825, 0.45417202, 0.37954327, 0.41086280, 0.65010208, 0.21772154)
(0.40698504, 0.80011463, 0.20308678, 0.42697331, 0.55653048, 0.50231975, 0.20690387, 0.09845212, 0.76279366, 0.20537469)
(0.62554580, 0.27673700, 0.19467896, 0.22761898, 0.84232181, 0.36845902, 0.23586828, 0.49970251, 0.54694170, 0.10100061)
(0.60968274, 0.17111529, 0.22339964, 0.31085372, 0.71440476, 0.24926275, 0.19087413, 0.59647506, 0.65259457, 0.09532557)
(0.64782518, 0.53219366, 0.19501938, 0.45330253, 0.68527859, 0.50220871, 0.44855219, 0.27216950, 0.60495436, 0.23626263)
(0.90898329, 0.39241597, 0.77318478, 0.67732197, 0.53373694, 0.32656187, 0.78078127, 0.14912118, 0.11071589, 0.66875386)
(0.56328356, 0.57306290, 0.37836486, 0.41206935, 0.60552555, 0.51737434, 0.43319142, 0.29017609, 0.54170537, 0.32836989)
(0.36544061, 0.68160444, 0.37784228, 0.21336932, 0.84606802, 0.73034006, 0.24376474, 0.59045929, 0.33831307, 0.27333733)
(0.84307218, 0.32282051, 0.26938716, 0.80004835, 0.52216619, 0.50497609, 0.82734662, 0.39643022, 0.38392407, 0.50806934)
(0.84034449, 0.32862985, 0.25579226, 0.51843870, 0.85410297, 0.62203366, 0.76285332, 0.46151179, 0.22693790, 0.38049945)
(0.68345791, 0.60629129, 0.22958590, 0.76233411, 0.57291257, 0.73307866, 0.75188655, 0.52220523, 0.41375378, 0.54234767)
(0.75752759, 0.34026682, 0.33054772, 0.54869032, 0.66339767, 0.49994421, 0.67125934, 0.45643067, 0.37983936, 0.39977947)
(0.28299266, 0.65646720, 0.28653938, 0.55814677, 0.32220641, 0.44933346, 0.17798111, 0.28203529, 0.77175719, 0.31498533)
(0.77382225, 0.52052027, 0.03949634, 0.85279727, 0.47430670, 0.39231408, 0.51144040, 0.11348721, 0.84141493, 0.16526893)
(0.78565466, 0.16546988, 0.38333747, 0.56304437, 0.65318316, 0.41153941, 0.66492337, 0.64949471, 0.32962850, 0.35973251)
(0.73455268, 0.30795038, 0.32715809, 0.45412570, 0.60100460, 0.31679225, 0.44281465, 0.34052807, 0.52426112, 0.26635218)
(0.68317270, 0.13381736, 0.13995920, 0.54446822, 0.65339541, 0.31726024, 0.34938297, 0.71620142, 0.68803531, 0.11986660)
(0.73349613, 0.27996051, 0.17608988, 0.73020065, 0.57627141, 0.55210543, 0.69488865, 0.62574440, 0.55930436, 0.32790694)
(0.62107766, 0.54817605, 0.55845892, 0.35127822, 0.70431703, 0.58457184, 0.51070243, 0.38328421, 0.29529727, 0.43588734)
(0.37011340, 0.63559586, 0.24299257, 0.32949167, 0.77291876, 0.70860308, 0.28080490, 0.61763734, 0.50534594, 0.24924721)
(0.68841720, 0.41731086, 0.29483315, 0.59292364, 0.38042483, 0.24722822, 0.35761720, 0.13078882, 0.67764223, 0.29854915)
(0.82182485, 0.41755500, 0.45246750, 0.61841583, 0.68029082, 0.57997316, 0.80152941, 0.38947126, 0.20204745, 0.56706828)
(0.73483908, 0.38242212, 0.47799817, 0.42763081, 0.58775145, 0.32480448, 0.46519306, 0.26837248, 0.42848104, 0.35259840)
(0.75918454, 0.66496003, 0.87397009, 0.77622688, 0.39343423, 0.65346146, 0.80338031, 0.43655524, 0.05139374, 0.88306630)
(0.87830228, 0.66685045, 0.53921247, 0.48320884, 0.77448177, 0.52158707, 0.73452020, 0.06900268, 0.18969944, 0.47613645)
(0.52522206, 0.61619478, 0.34010947, 0.65148574, 0.54583412, 0.77100742, 0.64228034, 0.67349172, 0.39308134, 0.53569716)
(0.83828384, 0.11878696, 0.48959586, 0.36322919, 0.73142374, 0.20556106, 0.44288608, 0.48807311, 0.28167644, 0.24914703)
(0.71793389, 0.46918872, 0.10112028, 0.84240419, 0.47723812, 0.61346555, 0.70767480, 0.44354826, 0.68994218, 0.33210444)
(0.80501485, 0.60478759, 0.39154533, 0.46029916, 0.69906545, 0.45301944, 0.58208227, 0.11017779, 0.39472392, 0.35137150)
(0.57184237, 0.63578856, 0.41002014, 0.78162211, 0.29372767, 0.59065151, 0.62144178, 0.39530167, 0.48293939, 0.61936212)
(0.65382046, 0.35692778, 0.05069035, 0.47564003, 0.84390718, 0.57399929, 0.37338927, 0.53954518, 0.70978642, 0.08635146)
(0.66612977, 0.71866608, 0.59870595, 0.18668620, 0.63625360, 0.16880126, 0.10161992, 0.01504012, 0.58152342, 0.13116901)
(0.72342664, 0.56155401, 0.33012578, 0.45674431, 0.71453464, 0.53497803, 0.56403393, 0.22323489, 0.42742738, 0.34214342)
(0.53856689, 0.62606919, 0.37836692, 0.64988786, 0.62684315, 0.81427425, 0.67612898, 0.75919628, 0.25851291, 0.60789084)
(0.56655848, 0.68195558, 0.05923605, 0.83932662, 0.30346417, 0.39921093, 0.34151101, 0.07971381, 0.87653416, 0.21264644)
(0.75244319, 0.70057762, 0.33131152, 0.48440522, 0.87573165, 0.81972921, 0.71687919, 0.36538354, 0.16853930, 0.48166409)
(0.75200868, 0.52107787, 0.08915177, 0.76049745, 0.68825716, 0.68717939, 0.73464727, 0.41135073, 0.57094485, 0.32129005)
(0.55998135, 0.52798623, 0.47846913, 0.33745709, 0.51034820, 0.28567174, 0.22724098, 0.13956301, 0.60870063, 0.24613796)
(0.77015370, 0.32598060, 0.22604983, 0.35447109, 0.77966756, 0.35701033, 0.43020180, 0.31534639, 0.47760379, 0.18344061)
(0.84927410, 0.05342159, 0.44728741, 0.46588930, 0.81415147, 0.32249343, 0.61384940, 0.82560998, 0.17752098, 0.27346078)
(0.79474652, 0.59131861, 0.23966499, 0.55374163, 0.87261951, 0.79115659, 0.76352113, 0.40667278, 0.19991346, 0.44987893)
(0.77095687, 0.09091552, 0.25786373, 0.71987516, 0.48557919, 0.26174662, 0.54688561, 0.70782334, 0.55752677, 0.24462876)
(0.63038832, 0.38998279, 0.20581092, 0.92858732, 0.16109429, 0.49487871, 0.66944587, 0.53740460, 0.68153208, 0.52230632)
(0.81856191, 0.39938000, 0.87625962, 0.76089668, 0.32325467, 0.36104545, 0.72660840, 0.30812374, 0.09408768, 0.80949694)
(0.67096967, 0.38404599, 0.28398907, 0.59683120, 0.67640418, 0.67475575, 0.69022530, 0.69538701, 0.36640358, 0.43598157)
(0.64317477, 0.38740775, 0.42025161, 0.71646935, 0.44386610, 0.58674002, 0.69119817, 0.65664458, 0.37734371, 0.56473947)
(0.74341190, 0.29454383, 0.42441422, 0.42463970, 0.67102504, 0.38509649, 0.54051006, 0.43526959, 0.36270207, 0.34973738)
(0.68234217, 0.16509746, 0.06533168, 0.76167268, 0.48293412, 0.30715644, 0.34621200, 0.61415374, 0.84731060, 0.09984431)
(0.80070812, 0.34926531, 0.14763421, 0.64956409, 0.75262380, 0.61116278, 0.74442434, 0.49880469, 0.43417242, 0.32073525)
(0.83762670, 0.31765804, 0.22395866, 0.47688770, 0.70680964, 0.30150482, 0.50668931, 0.22116099, 0.48907486, 0.22564422)
(0.73915076, 0.40737194, 0.16783869, 0.54431605, 0.80269533, 0.64874274, 0.66204453, 0.50686187, 0.40399334, 0.30641741)
(0.58924156, 0.38252020, 0.23392037, 0.58487982, 0.60938126, 0.60535222, 0.55979288, 0.64770734, 0.54856539, 0.32851231)
(0.67940199, 0.33042562, 0.33252442, 0.57277364, 0.48945969, 0.39681804, 0.52485216, 0.42944250, 0.56803244, 0.33830112)
(0.74738145, 0.17439069, 0.35946694, 0.50990421, 0.57937151, 0.29422754, 0.49145269, 0.53998613, 0.47768494, 0.26898703)
(0.78448451, 0.44985464, 0.44603202, 0.80738640, 0.37114355, 0.48753652, 0.77286309, 0.34065434, 0.32974815, 0.64434832)
(0.72435778, 0.66053361, 0.58878314, 0.41962025, 0.80962640, 0.74188453, 0.68060964, 0.37561873, 0.12832591, 0.56337059)
(0.71871251, 0.30072221, 0.49974346, 0.45342562, 0.70037031, 0.52677488, 0.63887835, 0.60154557, 0.24856831, 0.45327589)
(0.76974905, 0.18522783, 0.15410860, 0.62088251, 0.80536377, 0.65348142, 0.71951205, 0.83949262, 0.36239350, 0.27665949)
(0.61196661, 0.60770643, 0.29933265, 0.41063204, 0.63944125, 0.48678306, 0.40786958, 0.19940782, 0.58963549, 0.26467025)
(0.72127724, 0.20755172, 0.18730785, 0.64070320, 0.53346443, 0.36114040, 0.49682924, 0.56886154, 0.65983003, 0.21026224)
(0.55799383, 0.57673991, 0.55822849, 0.48065624, 0.71222204, 0.77364999, 0.61913282, 0.73872334, 0.16311418, 0.60468268)
(0.77992296, 0.13512151, 0.27438304, 0.32257950, 0.82142812, 0.32228523, 0.41990337, 0.64119774, 0.37829301, 0.16226178)
(0.74648559, 0.38642913, 0.26625437, 0.52066958, 0.53587955, 0.28514650, 0.41318634, 0.18533877, 0.61040580, 0.26185256)
(0.73655069, 0.29428431, 0.25671020, 0.74577653, 0.57551455, 0.63071430, 0.76610100, 0.72782266, 0.39669761, 0.46008787)
(0.54835159, 0.72025436, 0.20371546, 0.72732073, 0.52797067, 0.76776958, 0.61785525, 0.50357807, 0.54342848, 0.44734797)
(0.59060341, 0.61804521, 0.49849340, 0.30870879, 0.82476151, 0.71995097, 0.49561495, 0.49139357, 0.21546449, 0.42161113)
(0.67326689, 0.09024380, 0.47219273, 0.17296425, 0.84403449, 0.22379461, 0.19476880, 0.72779143, 0.32608786, 0.12911214)
(0.80619848, 0.50612253, 0.49136540, 0.68162650, 0.61825210, 0.63385975, 0.82933635, 0.37245691, 0.18338396, 0.64770782)
(0.52331614, 0.53789365, 0.51540250, 0.33212379, 0.78195846, 0.71754342, 0.48392156, 0.68562287, 0.21574789, 0.46036291)
(0.65806317, 0.45224863, 0.25046915, 0.65285277, 0.68668354, 0.75130457, 0.72125286, 0.73481882, 0.33753300, 0.48180020)
(0.68660986, 0.32047486, 0.30583060, 0.45522255, 0.65638864, 0.44498155, 0.51439810, 0.48947850, 0.48704201, 0.28985390)
(0.52098185, 0.34575945, 0.19332370, 0.31757542, 0.73397124, 0.40127861, 0.22814120, 0.50958586, 0.66589701, 0.12435701)
(0.68547541, 0.52404320, 0.16723104, 0.52181435, 0.75166106, 0.60863250, 0.56973845, 0.34164920, 0.51509506, 0.28647438)
(0.87869662, 0.10478676, 0.48811758, 0.64708841, 0.58134753, 0.23749025, 0.67355072, 0.51083410, 0.26825601, 0.38786790)
(0.90274268, 0.15665090, 0.58539236, 0.73626083, 0.57800084, 0.34032625, 0.82097960, 0.46525103, 0.15019540, 0.58282083)
(0.81338191, 0.69821882, 0.61801910, 0.54953408, 0.76464695, 0.71778589, 0.79320276, 0.22576781, 0.10284021, 0.64729708)
(0.63831496, 0.41907424, 0.33127803, 0.54435235, 0.63060224, 0.60773528, 0.62520623, 0.57674944, 0.41924810, 0.42420164)
(0.79893392, 0.26546198, 0.49211350, 0.42386556, 0.64190722, 0.27346793, 0.49750635, 0.31658015, 0.34063038, 0.34089884)
(0.92397976, 0.17321543, 0.32350191, 0.60819745, 0.64549619, 0.18317674, 0.63127553, 0.21091734, 0.34421381, 0.30227137)
(0.82339495, 0.19271599, 0.39228132, 0.54511899, 0.64904100, 0.34212205, 0.64344275, 0.48898625, 0.32865971, 0.35298356)
(0.75751108, 0.13963108, 0.38483551, 0.35083705, 0.66988283, 0.20032415, 0.32254398, 0.50087345, 0.46354681, 0.18143988)
(0.74237281, 0.35701016, 0.21723276, 0.74981326, 0.43251801, 0.44794974, 0.65424258, 0.38709176, 0.62461936, 0.35699269)
(0.76232678, 0.58641171, 0.42680860, 0.82330239, 0.39103678, 0.59632355, 0.79886079, 0.33120584, 0.29607248, 0.69770259)
(0.50222290, 0.36997077, 0.31531718, 0.49991989, 0.46126419, 0.38823372, 0.33712655, 0.47812143, 0.67433703, 0.27291319)
(0.76573664, 0.77090758, 0.24683926, 0.61917764, 0.78678930, 0.74490136, 0.71650803, 0.17825694, 0.30375135, 0.45660448)
(0.33681497, 0.64051741, 0.68840075, 0.34701771, 0.70582169, 0.77774763, 0.34743586, 0.84158444, 0.15321492, 0.57565951)
(0.82067239, 0.38698012, 0.25614569, 0.34240228, 0.89079845, 0.53103632, 0.58427060, 0.29809302, 0.27746546, 0.24026141)
(0.86040485, 0.17311276, 0.37016779, 0.35927877, 0.86440492, 0.40242386, 0.63737154, 0.52554524, 0.19168964, 0.28572831)
(0.71741360, 0.47206107, 0.35153598, 0.58205384, 0.67822289, 0.64889014, 0.71297288, 0.49703342, 0.31141093, 0.50236613)
(0.45948571, 0.84539187, 0.42154029, 0.25812656, 0.77867520, 0.67821807, 0.25783658, 0.15620676, 0.44535694, 0.27317956)
(0.50303251, 0.09324773, 0.36215988, 0.30040586, 0.69867522, 0.22087039, 0.13403369, 0.81622857, 0.57909071, 0.11783387)
(0.66962224, 0.57221180, 0.15199241, 0.73033208, 0.60039109, 0.67691618, 0.67840588, 0.44517088, 0.55735278, 0.39177784)
(0.63244587, 0.53728038, 0.42973071, 0.51551557, 0.52880305, 0.50571555, 0.55524206, 0.29883590, 0.48420224, 0.43466079)
(0.62538379, 0.35242972, 0.39063093, 0.54286593, 0.62124276, 0.60960281, 0.62196857, 0.70846218, 0.36055285, 0.44897282)
(0.75451833, 0.23365289, 0.26407307, 0.49361047, 0.64572513, 0.35418004, 0.50476784, 0.48327386, 0.51816696, 0.23602949)
(0.64547944, 0.45894140, 0.16304725, 0.75861073, 0.48645556, 0.60597640, 0.64408487, 0.50996345, 0.64889532, 0.35475188)
(0.44264850, 0.50057030, 0.19123615, 0.58704984, 0.58217853, 0.65201640, 0.43439168, 0.68703556, 0.63229591, 0.30429575)
(0.90573466, 0.49480224, 0.32941639, 0.86788404, 0.43109152, 0.42634660, 0.85231423, 0.11129239, 0.31066579, 0.63252133)
(0.76094413, 0.65041178, 0.70662063, 0.46892893, 0.71641624, 0.65499145, 0.71148324, 0.26797655, 0.12092391, 0.62470305)
(0.87623906, 0.34246042, 0.11286829, 0.83602965, 0.67417347, 0.62638181, 0.86794960, 0.44575167, 0.42793143, 0.41228575)
(0.50116807, 0.52289402, 0.36151031, 0.43148205, 0.72531128, 0.72531360, 0.50377613, 0.71390158, 0.34255323, 0.41545853)
(0.65066284, 0.37828103, 0.44802004, 0.53115368, 0.53723747, 0.48219779, 0.59487379, 0.47841910, 0.42652345, 0.45172533)
(0.91853058, 0.08026052, 0.41011709, 0.82850403, 0.44326803, 0.20671391, 0.78517258, 0.48113340, 0.31041124, 0.43300325)
(0.77526659, 0.28941315, 0.12451915, 0.27745366, 0.83757544, 0.25948989, 0.25248164, 0.23675862, 0.61529666, 0.07331584)
(0.73461485, 0.12525120, 0.26488373, 0.46772122, 0.65978342, 0.28395170, 0.41231775, 0.65834278, 0.52849710, 0.17752461)
(0.68676984, 0.27025977, 0.40586877, 0.40431398, 0.55267555, 0.25438935, 0.33922592, 0.36519286, 0.54425591, 0.24967802)
(0.87201971, 0.46959266, 0.35935500, 0.74557626, 0.68259788, 0.64755791, 0.88279724, 0.33018309, 0.17709202, 0.63048953)
(0.62221861, 0.51257539, 0.46122605, 0.44838357, 0.84970689, 0.83700114, 0.66536808, 0.84537256, 0.10529437, 0.55215627)
(0.92876250, 0.30244398, 0.63810039, 0.69422752, 0.59660459, 0.30637375, 0.81367457, 0.16466302, 0.14051431, 0.58932203)
(0.72337097, 0.33505124, 0.29905701, 0.65351105, 0.60496545, 0.59176540, 0.72242451, 0.61676639, 0.40026951, 0.44410416)
(0.75864887, 0.42147979, 0.25347242, 0.79080749, 0.50510842, 0.62711990, 0.79865050, 0.52389735, 0.43154117, 0.52471596)
(0.85381103, 0.55442053, 0.51484239, 0.74434441, 0.62882364, 0.65819407, 0.87741005, 0.30596510, 0.12673801, 0.70994264)
(0.55430120, 0.39114937, 0.23812196, 0.37682140, 0.67033046, 0.43520141, 0.31988111, 0.45914778, 0.63074285, 0.18702391)
(0.60086346, 0.48555952, 0.39045623, 0.34174466, 0.72240579, 0.53506929, 0.44765151, 0.38061821, 0.43065274, 0.31078857)
(0.54157138, 0.72947794, 0.29246274, 0.58880389, 0.37462920, 0.38835609, 0.30273691, 0.06565835, 0.71807057, 0.30347952)
(0.67889309, 0.25892162, 0.15707518, 0.37743634, 0.77900982, 0.41448292, 0.36504585, 0.54546791, 0.59232783, 0.13095848)
(0.72670382, 0.52409202, 0.23720308, 0.89713186, 0.31835017, 0.64480478, 0.79461038, 0.51224554, 0.49097538, 0.60879898)
(0.72808856, 0.20929757, 0.46599868, 0.33097139, 0.74928492, 0.36909819, 0.46706969, 0.57647401, 0.30760774, 0.29668567)
(0.48106402, 0.73059821, 0.23365185, 0.68828976, 0.33796519, 0.50654542, 0.38623980, 0.14932987, 0.72445488, 0.37696496)
(0.77693862, 0.26500764, 0.30070493, 0.56078315, 0.68644792, 0.49659717, 0.68672478, 0.54943836, 0.37527716, 0.36209467)
(0.88042974, 0.29019889, 0.38341174, 0.86222208, 0.46114179, 0.49433482, 0.87902558, 0.45565790, 0.22718160, 0.64982599)
(0.60835761, 0.41846707, 0.41316932, 0.37185320, 0.50711399, 0.24946411, 0.24772410, 0.19015089, 0.61828172, 0.24036181)
(0.62464923, 0.37212187, 0.48467278, 0.34062165, 0.58085752, 0.31064713, 0.32981306, 0.32481652, 0.49870601, 0.28553036)
(0.78899741, 0.21767768, 0.27352557, 0.55960971, 0.70036072, 0.47448537, 0.67702460, 0.60282630, 0.38830301, 0.32123885)
(0.73697376, 0.67225134, 0.29953483, 0.62701511, 0.74884391, 0.76098275, 0.74779505, 0.35214913, 0.26130903, 0.53292239)
(0.46165767, 0.62795973, 0.24029087, 0.35822442, 0.87681466, 0.83822358, 0.43791950, 0.76591659, 0.27145901, 0.33452559)
(0.82555312, 0.37701660, 0.42203397, 0.81012875, 0.44363293, 0.51076972, 0.82698584, 0.40965351, 0.27251062, 0.63957977)
(0.59607750, 0.79002315, 0.41484135, 0.73197681, 0.63685787, 0.88387936, 0.77413219, 0.64155644, 0.16717705, 0.72641605)
(0.85028368, 0.48913142, 0.54760534, 0.21199518, 0.80938137, 0.23759001, 0.34181646, 0.06711712, 0.30210248, 0.20224100)
(0.78931230, 0.23976088, 0.34118778, 0.59696931, 0.60013419, 0.40494499, 0.66421932, 0.49441308, 0.40235132, 0.36877823)
(0.71737361, 0.39698464, 0.30607441, 0.34255758, 0.62744260, 0.21993342, 0.24623004, 0.14264040, 0.61675709, 0.16589402)
(0.64812255, 0.74227166, 0.30613106, 0.72793847, 0.61268890, 0.80258697, 0.74003494, 0.46598357, 0.30622116, 0.61574799)
(0.42395785, 0.69234562, 0.35093004, 0.42663571, 0.72476315, 0.77221578, 0.43606180, 0.60918552, 0.36004451, 0.43080539)
(0.58632588, 0.68617982, 0.34013730, 0.45285505, 0.68328148, 0.64256239, 0.48819411, 0.26719254, 0.46019161, 0.36818185)
(0.56634378, 0.57721746, 0.22770198, 0.35743970, 0.71188134, 0.49745721, 0.33699566, 0.25517735, 0.61707538, 0.20024799)
(0.81093478, 0.10025335, 0.41269833, 0.77406490, 0.40139136, 0.24321419, 0.63448191, 0.62804133, 0.44820297, 0.38662621)
(0.65508354, 0.34189111, 0.31387141, 0.43537089, 0.79578352, 0.67520881, 0.60724795, 0.73536545, 0.29603773, 0.36175922)
(0.84495187, 0.45459643, 0.43068558, 0.59009314, 0.79311383, 0.68261451, 0.83001560, 0.42354420, 0.13595456, 0.57353950)
(0.58538705, 0.45796299, 0.29857367, 0.31215698, 0.76219445, 0.51497221, 0.38493630, 0.40650478, 0.48208529, 0.23777089)
(0.81351477, 0.38629588, 0.49341607, 0.53100502, 0.62703180, 0.41187149, 0.67954546, 0.26988515, 0.29286930, 0.46211371)
(0.50978959, 0.29013750, 0.46088725, 0.92924309, 0.07262108, 0.28951198, 0.47542793, 0.56782091, 0.62311941, 0.65428323)
(0.78323686, 0.52862322, 0.46250227, 0.57729703, 0.55722851, 0.45110229, 0.66020316, 0.17822395, 0.38140786, 0.47932109)
(0.66244996, 0.64247882, 0.59502918, 0.33698788, 0.80563200, 0.69982934, 0.56619531, 0.38418195, 0.16872042, 0.48890194)
(0.75065154, 0.51325589, 0.82686532, 0.50713444, 0.68890482, 0.64818132, 0.74310702, 0.51606232, 0.05922052, 0.73673075)
(0.59601182, 0.37876347, 0.35129562, 0.75480074, 0.23694694, 0.33199167, 0.48163357, 0.31615230, 0.65136504, 0.44959962)
(0.45141175, 0.59539521, 0.11727349, 0.61284071, 0.67963356, 0.77341563, 0.48223105, 0.69999737, 0.61767727, 0.27367878)
(0.59573710, 0.45317900, 0.31884587, 0.41323566, 0.63723743, 0.48395014, 0.44595745, 0.39692318, 0.53412849, 0.29920575)
(0.73017174, 0.40450540, 0.39526221, 0.67070723, 0.60932142, 0.65872425, 0.77466893, 0.63324422, 0.25997445, 0.57371515)
(0.41098121, 0.59061420, 0.43704337, 0.31879500, 0.51311821, 0.34057924, 0.17422263, 0.18451539, 0.65856993, 0.23186044)
(0.81972611, 0.59446722, 0.46721271, 0.08637299, 0.94400406, 0.33217457, 0.21970131, 0.05091779, 0.24786845, 0.09820756)
(0.92956352, 0.12692723, 0.67741317, 0.38763100, 0.75562805, 0.12944956, 0.52600724, 0.20682339, 0.13863747, 0.32654649)
(0.62646002, 0.46894217, 0.41368535, 0.47114497, 0.70339859, 0.66659284, 0.61538428, 0.60173947, 0.30176222, 0.46944094)
(0.67341226, 0.38994741, 0.53504050, 0.69164658, 0.51734710, 0.62379479, 0.72405279, 0.69377333, 0.22350492, 0.64144999)
(0.92200905, 0.12231404, 0.24108887, 0.87690067, 0.33194810, 0.15286671, 0.69488209, 0.24480976, 0.55425739, 0.35222763)
(0.65422225, 0.34339657, 0.29182750, 0.69737697, 0.41738388, 0.46471399, 0.59438515, 0.50701499, 0.60941446, 0.38027087)
(0.58339179, 0.44588310, 0.15107290, 0.62102306, 0.66613168, 0.67825067, 0.57321805, 0.65364677, 0.57638830, 0.29677400)
(0.55958563, 0.50676906, 0.22652717, 0.25390860, 0.72889256, 0.31959113, 0.17515028, 0.19283777, 0.68136221, 0.11226760)
(0.59853417, 0.43535966, 0.26859498, 0.40991759, 0.71482384, 0.55165875, 0.47050637, 0.48080820, 0.50207096, 0.28163037)
(0.72875935, 0.24756540, 0.20616078, 0.38632390, 0.78044480, 0.42785168, 0.46131945, 0.54273599, 0.48992291, 0.18055654)
(0.71822387, 0.44687495, 0.40022358, 0.48013073, 0.55872607, 0.37131131, 0.48694974, 0.23793371, 0.49931744, 0.35049781)
(0.57237387, 0.34003064, 0.32859817, 0.84254700, 0.15547003, 0.29256997, 0.46278670, 0.34532195, 0.69778246, 0.47746971)
(0.49756926, 0.72522914, 0.29385069, 0.77590418, 0.46940935, 0.85597187, 0.69360590, 0.73570609, 0.38717577, 0.59620440)
(0.75762999, 0.62576795, 0.73419482, 0.32490620, 0.73837113, 0.52415776, 0.55959183, 0.17548579, 0.16570571, 0.49508941)
(0.85316271, 0.22197431, 0.21772803, 0.45137697, 0.88047153, 0.54582560, 0.71789354, 0.54237920, 0.24722089, 0.27477524)
(0.74572647, 0.77916878, 0.61928821, 0.85890043, 0.31753728, 0.67081171, 0.80757177, 0.25076914, 0.16927199, 0.82569736)
(0.74944705, 0.27971619, 0.38498998, 0.39376715, 0.72346860, 0.39921910, 0.53025818, 0.46122232, 0.35820210, 0.31152844)
(0.66185409, 0.30685523, 0.36906883, 0.39744961, 0.60290843, 0.33149830, 0.38481662, 0.41478395, 0.52898020, 0.25466555)
(0.88633811, 0.42510471, 0.35075924, 0.91293854, 0.39164242, 0.55348724, 0.90083992, 0.35020694, 0.22337855, 0.73012471)
(0.70511883, 0.54702109, 0.04999237, 0.89225781, 0.38987485, 0.55586457, 0.62266612, 0.24651402, 0.82220638, 0.24676345)
(0.52970564, 0.43046996, 0.33591783, 0.24960455, 0.76338553, 0.45099452, 0.27875942, 0.42412108, 0.50282723, 0.19886133)
(0.84280860, 0.58066267, 0.42700621, 0.67016393, 0.60097462, 0.52437204, 0.79046899, 0.14087224, 0.27432573, 0.55957162)
(0.68100530, 0.08777465, 0.21344042, 0.91291392, 0.29590476, 0.39360991, 0.60262948, 0.92752290, 0.57775974, 0.34837916)
(0.72364068, 0.33860689, 0.27438962, 0.73952097, 0.30416492, 0.26565567, 0.48556516, 0.19965747, 0.67157143, 0.36362416)
(0.76811665, 0.46521181, 0.51278001, 0.44747591, 0.82429183, 0.70629442, 0.73646706, 0.55283618, 0.12160490, 0.53998721)
(0.76406991, 0.09077565, 0.31068504, 0.37774292, 0.61758232, 0.11219545, 0.20104440, 0.47677335, 0.61675054, 0.11082131)
(0.76434010, 0.46539199, 0.66743094, 0.82740706, 0.40703699, 0.62295520, 0.82628965, 0.57940888, 0.12199686, 0.80006355)
(0.76289290, 0.15285227, 0.10495307, 0.71941245, 0.44451511, 0.20741595, 0.35356155, 0.43485686, 0.80543816, 0.11760405)
(0.72239137, 0.46585003, 0.24865225, 0.33300084, 0.89535809, 0.66595590, 0.54966486, 0.39787740, 0.29306164, 0.25792390)
(0.65770948, 0.66391337, 0.49593642, 0.49720594, 0.61852157, 0.61607820, 0.60767365, 0.24214187, 0.34376431, 0.49915421)
(0.81862950, 0.36390397, 0.34905875, 0.63118517, 0.64851183, 0.49791801, 0.76038891, 0.36207458, 0.31157768, 0.48092151)
(0.82892138, 0.19367625, 0.16266248, 0.60603791, 0.71930254, 0.42598361, 0.65314937, 0.54981565, 0.48394635, 0.22452924)
(0.79053813, 0.13753241, 0.61225164, 0.17807017, 0.87661594, 0.27740058, 0.36105672, 0.55256486, 0.15915990, 0.23604673)
(0.77956736, 0.64470196, 0.38361156, 0.73691171, 0.52664602, 0.59888309, 0.77858567, 0.21396603, 0.31443214, 0.61304075)
(0.74671417, 0.21032253, 0.33120564, 0.56611896, 0.58220392, 0.38075343, 0.58918887, 0.55999893, 0.46189764, 0.31717423)
(0.63616711, 0.43926695, 0.34681344, 0.49286142, 0.39661846, 0.19564407, 0.22697556, 0.09847757, 0.69899726, 0.23930357)
(0.74775600, 0.19179799, 0.17944792, 0.47157615, 0.74385351, 0.40845114, 0.49170494, 0.61893928, 0.52998406, 0.17408021)
(0.64346206, 0.55603075, 0.26626414, 0.81685299, 0.23337798, 0.37058538, 0.51399386, 0.15422028, 0.66962564, 0.47736260)
(0.46760577, 0.36550748, 0.34332523, 0.43371466, 0.48809695, 0.35937670, 0.27154076, 0.47988495, 0.67158914, 0.24647349)
(0.81181115, 0.37156111, 0.08765482, 0.47606701, 0.76121402, 0.33005089, 0.40268451, 0.18116693, 0.67820609, 0.10999547)
(0.64394844, 0.73516959, 0.41669583, 0.38989311, 0.76525813, 0.67607409, 0.50873303, 0.20257212, 0.34090832, 0.38254416)
(0.83236694, 0.14146177, 0.35851136, 0.55733067, 0.61700922, 0.26940423, 0.58353746, 0.51230127, 0.39066285, 0.28297910)
(0.73954213, 0.39761817, 0.33378503, 0.54332215, 0.63569832, 0.48699829, 0.64034939, 0.38166901, 0.41221696, 0.40384778)
(0.72935599, 0.47591031, 0.15433152, 0.74325758, 0.42057765, 0.34269539, 0.48992303, 0.14473699, 0.71692908, 0.28610939)
(0.59956324, 0.43070996, 0.31201652, 0.33250856, 0.64823759, 0.35071570, 0.29625812, 0.28840646, 0.59512103, 0.20185220)
(0.60672522, 0.61903358, 0.43671143, 0.30575058, 0.76678586, 0.59374696, 0.42730054, 0.26931265, 0.37553725, 0.31540596)
(0.77666861, 0.56938112, 0.23803125, 0.76262081, 0.51190799, 0.54319793, 0.73693895, 0.23229188, 0.48658735, 0.49776196)
(0.71192563, 0.34660748, 0.08922963, 0.85730124, 0.46533826, 0.59143138, 0.69239980, 0.59091181, 0.72245884, 0.28941327)
(0.65202790, 0.23859215, 0.13694608, 0.49959913, 0.66395807, 0.37337929, 0.34368008, 0.56973541, 0.70415664, 0.12892316)
(0.74895900, 0.56591004, 0.23637533, 0.69390571, 0.49555218, 0.47587499, 0.63166410, 0.17028217, 0.58195180, 0.39838734)
(0.65778661, 0.30917484, 0.26847696, 0.53930062, 0.71631706, 0.64668530, 0.63619065, 0.75821561, 0.38446975, 0.35950315)
(0.79739469, 0.56615072, 0.43111518, 0.72587430, 0.53026313, 0.58568621, 0.80724114, 0.25505280, 0.26303318, 0.63114780)
(0.84278709, 0.58915365, 0.79371941, 0.50541806, 0.65612602, 0.52732557, 0.75665998, 0.17329618, 0.09928917, 0.65995079)
(0.86272508, 0.28125516, 0.25874040, 0.82905310, 0.54805338, 0.55480522, 0.86998940, 0.50457346, 0.32699114, 0.53208685)
(0.76857740, 0.49717388, 0.39248550, 0.46624079, 0.56044352, 0.29073042, 0.42187282, 0.11024852, 0.52276188, 0.30358860)
(0.74916077, 0.70536792, 0.51134539, 0.84812135, 0.39577299, 0.69938934, 0.82545710, 0.35899580, 0.18633062, 0.78879482)
(0.75094730, 0.33698013, 0.26568502, 0.72372597, 0.52126086, 0.52343118, 0.72830957, 0.49722499, 0.48820558, 0.42909437)
(0.79730588, 0.25643820, 0.56855214, 0.62094909, 0.52246946, 0.36627775, 0.68293905, 0.42579749, 0.27684197, 0.51936299)
(0.40594059, 0.69384414, 0.31828180, 0.37464911, 0.84818405, 0.86169744, 0.43468282, 0.79799825, 0.23148464, 0.41991273)
(0.71349698, 0.41633067, 0.22659083, 0.48278135, 0.70534819, 0.50034148, 0.55334169, 0.37576127, 0.49861044, 0.28333583)
(0.50068325, 0.52982104, 0.09434266, 0.74098396, 0.55560559, 0.69660598, 0.50413162, 0.65119356, 0.72620875, 0.26234746)
(0.52318990, 0.62026358, 0.67809540, 0.52349079, 0.40818515, 0.52585608, 0.48113146, 0.36289856, 0.35643205, 0.58910650)
(0.56934094, 0.52531910, 0.26446804, 0.53452903, 0.67249572, 0.68496239, 0.56730771, 0.57428026, 0.45455939, 0.39343962)
(0.81787169, 0.41395780, 0.17587563, 0.76202244, 0.75476503, 0.76589549, 0.85513836, 0.66243511, 0.25950098, 0.51661682)
(0.93622106, 0.35401919, 0.17848782, 0.68656850, 0.69707155, 0.28673854, 0.71938777, 0.09360655, 0.41634932, 0.29714131)
(0.69348627, 0.38425100, 0.28108880, 0.65041530, 0.63253433, 0.66060531, 0.72115678, 0.66700381, 0.38166952, 0.45980439)
(0.75696409, 0.29484463, 0.18394491, 0.47526243, 0.54751140, 0.17014258, 0.25153661, 0.14277087, 0.71775037, 0.14244780)
(0.76758158, 0.29529092, 0.55600524, 0.84694624, 0.26889345, 0.38194203, 0.73147702, 0.49670887, 0.32402033, 0.66834110)
(0.90928489, 0.04680621, 0.11839838, 0.88777614, 0.38439432, 0.10355934, 0.50259554, 0.52012068, 0.72695881, 0.14019193)
(0.89894128, 0.12055378, 0.30123156, 0.23875973, 0.92655629, 0.28673652, 0.50869274, 0.49114296, 0.17964162, 0.16267209)
(0.59403121, 0.49455476, 0.28552672, 0.56160527, 0.66537672, 0.69828206, 0.61769998, 0.62996155, 0.40947449, 0.43327999)
(0.56346416, 0.11020274, 0.15760310, 0.72134680, 0.38119727, 0.21738631, 0.24711998, 0.74363977, 0.81865782, 0.14727025)
(0.71364951, 0.47397262, 0.21927564, 0.64171332, 0.67570287, 0.65647489, 0.70530415, 0.48726201, 0.42589352, 0.42189884)
(0.77967209, 0.17177773, 0.60032672, 0.24686712, 0.76821065, 0.22318590, 0.34359476, 0.41904244, 0.25028640, 0.25771675)
(0.76804924, 0.47887003, 0.49243781, 0.91294730, 0.21389082, 0.49847499, 0.79856366, 0.41947135, 0.29669103, 0.75411731)
(0.61901683, 0.58985841, 0.26993832, 0.52602816, 0.76042277, 0.75390452, 0.62460792, 0.54806423, 0.33294085, 0.44000274)
(0.72601008, 0.29531580, 0.37992725, 0.43297133, 0.60693902, 0.32345209, 0.45311555, 0.38070044, 0.47699636, 0.29214105)
(0.71856964, 0.57568008, 0.51895982, 0.32530740, 0.87904263, 0.74668813, 0.62609917, 0.48864958, 0.12512341, 0.46552935)
(0.57448179, 0.46643272, 0.26121065, 0.79704839, 0.25844145, 0.45721132, 0.53709608, 0.36987787, 0.68753672, 0.43908867)
(0.63269389, 0.79845142, 0.61604625, 0.42089173, 0.65817130, 0.66577333, 0.52670807, 0.17226854, 0.27269983, 0.52161789)
(0.66261274, 0.42667362, 0.18793556, 0.66798091, 0.71071434, 0.75987417, 0.71717209, 0.75575852, 0.38710198, 0.41694525)
(0.62513393, 0.42761034, 0.16133936, 0.95118880, 0.15594520, 0.58974749, 0.70963490, 0.64587933, 0.69461840, 0.54197389)
(0.60575551, 0.37040377, 0.32303837, 0.49334863, 0.64807343, 0.58623844, 0.56589830, 0.63378394, 0.45334476, 0.36508375)
(0.86701864, 0.16176261, 0.55233049, 0.20356375, 0.81978667, 0.13521093, 0.28737411, 0.23188031, 0.24912693, 0.17403559)
(0.81268895, 0.22649230, 0.46648797, 0.68062657, 0.46875936, 0.33051541, 0.68699586, 0.41860843, 0.36282107, 0.46560073)
(0.65533715, 0.35147455, 0.30291814, 0.62981945, 0.49143651, 0.48121494, 0.58753979, 0.51041114, 0.56428558, 0.37104973)
(0.72421998, 0.31925577, 0.24587275, 0.56279713, 0.75553548, 0.65972322, 0.70388353, 0.68801707, 0.34369105, 0.37520599)
(0.74206704, 0.46529379, 0.23478624, 0.60929167, 0.58510923, 0.46961221, 0.60862052, 0.26868287, 0.54198021, 0.34916842)
(0.58955872, 0.48216176, 0.31027466, 0.28140342, 0.76931185, 0.48571157, 0.34680340, 0.33905727, 0.49225742, 0.21298172)
(0.67716795, 0.32139453, 0.09754090, 0.67350292, 0.46018866, 0.27762389, 0.32193449, 0.26199582, 0.81801921, 0.14030844)
(0.65049022, 0.35173729, 0.19214009, 0.69631875, 0.56338924, 0.60208017, 0.64085299, 0.64536715, 0.57565939, 0.34213287)
(0.85719997, 0.36698893, 0.75005668, 0.68787760, 0.43993831, 0.32333729, 0.71880263, 0.22055158, 0.16638120, 0.65907812)
(0.84230518, 0.67562485, 0.37974122, 0.70794970, 0.74507689, 0.75015563, 0.86520123, 0.23795304, 0.15051295, 0.64952797)
(0.89114839, 0.41918463, 0.38423380, 0.76394451, 0.52146786, 0.39320567, 0.80049032, 0.14775291, 0.31000870, 0.54785097)
(0.83475262, 0.33876130, 0.40294561, 0.87021363, 0.46241105, 0.62400132, 0.88478595, 0.62872493, 0.19222106, 0.70781225)
(0.79887366, 0.24898097, 0.19923620, 0.59514046, 0.68434983, 0.45054737, 0.64980084, 0.50293380, 0.47962722, 0.26991570)
(0.42179999, 0.36368737, 0.54476452, 0.83896184, 0.12574305, 0.35550949, 0.40970904, 0.61135405, 0.57840264, 0.63166577)
(0.70626187, 0.42599830, 0.28913343, 0.51919341, 0.57395077, 0.40181306, 0.49930668, 0.28509092, 0.55624408, 0.31442633)
(0.94018489, 0.17028394, 0.48913646, 0.46969199, 0.78616184, 0.19857931, 0.67173988, 0.20232715, 0.16012101, 0.33542228)
(0.69454503, 0.43612400, 0.19891685, 0.16460581, 0.93833667, 0.54196411, 0.31432819, 0.32955101, 0.35483983, 0.11478593)
(0.74803060, 0.06476214, 0.20909947, 0.60074872, 0.60517561, 0.21936654, 0.38972640, 0.77381945, 0.59799182, 0.14612977)
(0.63899696, 0.54138947, 0.19550915, 0.38483828, 0.72912592, 0.48165056, 0.38794735, 0.24431688, 0.60475069, 0.19577250)
(0.48132676, 0.50383306, 0.04476342, 0.68257469, 0.75361031, 0.76037663, 0.44936860, 0.76825100, 0.71948439, 0.16644499)
(0.88031411, 0.23822984, 0.37143052, 0.41866541, 0.72712147, 0.21397153, 0.49909079, 0.21268572, 0.34231928, 0.25755435)
(0.78019190, 0.41094819, 0.32291228, 0.38058248, 0.66742206, 0.27497420, 0.37285137, 0.15513910, 0.52294135, 0.21559057)
(0.50901210, 0.61833382, 0.27967831, 0.73553187, 0.27300802, 0.45769393, 0.43468145, 0.22312084, 0.70055318, 0.42779678)
(0.60386240, 0.86217284, 0.10118321, 0.87277520, 0.48890087, 0.83744359, 0.69058716, 0.38103533, 0.60462630, 0.46905828)
(0.54226691, 0.41523454, 0.26702824, 0.46878129, 0.60945636, 0.52155864, 0.42974374, 0.52810019, 0.60074288, 0.27441671)
(0.63782918, 0.51369828, 0.14793620, 0.69750476, 0.45325559, 0.46693778, 0.50370294, 0.23780531, 0.72992462, 0.27932224)
(0.62401271, 0.50927645, 0.37564069, 0.73778546, 0.27862096, 0.38860723, 0.51978809, 0.21892571, 0.58658975, 0.50226986)
(0.76302874, 0.22957450, 0.35188171, 0.42295828, 0.65084106, 0.29522106, 0.45425475, 0.42853934, 0.45874453, 0.24961531)
(0.77847928, 0.58236992, 0.25300980, 0.73971951, 0.62645388, 0.66411519, 0.79361361, 0.33860841, 0.34824511, 0.55128634)
(0.85189909, 0.17816189, 0.14480115, 0.43292841, 0.83406913, 0.35768920, 0.53834051, 0.48041925, 0.44676125, 0.14323911)
(0.84779632, 0.44025648, 0.26796597, 0.92389232, 0.39631593, 0.65414780, 0.89918101, 0.51315439, 0.27623552, 0.70971197)
(0.60337055, 0.36514172, 0.31978559, 0.27573013, 0.64531058, 0.22814855, 0.17787383, 0.23339581, 0.64628243, 0.13704292)
(0.58243966, 0.05644622, 0.26313436, 0.49923643, 0.56872344, 0.15235491, 0.16221188, 0.82937324, 0.69975299, 0.11208828)
(0.81969523, 0.20924473, 0.20411079, 0.61060888, 0.57099915, 0.28391686, 0.52833712, 0.37178135, 0.59668845, 0.21548231)
(0.72531277, 0.77840251, 0.62784386, 0.40515077, 0.66879404, 0.56980944, 0.54567385, 0.09051318, 0.28009394, 0.47565404)
(0.79829347, 0.34408325, 0.47467244, 0.35270467, 0.62252790, 0.18314353, 0.31086165, 0.13802983, 0.46155629, 0.23544237)
(0.59952760, 0.49269858, 0.20326574, 0.68753213, 0.52690482, 0.62266147, 0.60172415, 0.52517271, 0.59876883, 0.37199429)
(0.78281158, 0.21669719, 0.26609275, 0.85384190, 0.31824857, 0.37386027, 0.71941221, 0.51099110, 0.58191705, 0.41372439)
(0.82573688, 0.39016244, 0.15637171, 0.67999095, 0.67233849, 0.50670147, 0.72075218, 0.31027061, 0.49404597, 0.32264179)
(0.45995167, 0.53293872, 0.30405295, 0.49374354, 0.72328538, 0.78357226, 0.51066554, 0.82331353, 0.34180504, 0.42150453)
(0.78680891, 0.51558644, 0.12603028, 0.58088458, 0.80985838, 0.62624025, 0.67147678, 0.28129157, 0.45280111, 0.28553259)
(0.80887592, 0.53512967, 0.41799593, 0.56728411, 0.55974036, 0.38949934, 0.60713446, 0.12684146, 0.43783733, 0.41450104)
(0.82903409, 0.16321963, 0.29990199, 0.55111623, 0.71958435, 0.41068861, 0.68407732, 0.61519688, 0.33455035, 0.30846179)
(0.92430532, 0.14554003, 0.31164286, 0.73278880, 0.65521604, 0.31742314, 0.82053435, 0.40159771, 0.25156060, 0.40333760)
(0.64035839, 0.33007759, 0.55605257, 0.40682039, 0.53556484, 0.33435392, 0.41743988, 0.40593392, 0.43045223, 0.38010946)
(0.86541384, 0.02919571, 0.17719311, 0.84937805, 0.39942405, 0.10696757, 0.46374393, 0.74212313, 0.66882998, 0.15342535)
(0.78989625, 0.56190825, 0.29747126, 0.39679447, 0.66306919, 0.29595277, 0.36522353, 0.06984801, 0.56630725, 0.20738333)
(0.67596310, 0.13212191, 0.47194415, 0.48707634, 0.54374743, 0.24997038, 0.38883269, 0.64631337, 0.46593323, 0.28832212)
(0.55302751, 0.42545104, 0.36953479, 0.28592730, 0.64740664, 0.33040309, 0.24291742, 0.30194315, 0.58631486, 0.19527048)
(0.86685449, 0.33526382, 0.55358928, 0.64116853, 0.65975595, 0.49152964, 0.82151181, 0.36856511, 0.15009014, 0.59762877)
(0.72842300, 0.75391549, 0.22437973, 0.61794090, 0.77696365, 0.75267905, 0.68866473, 0.23533256, 0.34150586, 0.44128615)
(0.87182736, 0.22273122, 0.22978806, 0.79661793, 0.62361580, 0.53710574, 0.85916609, 0.55408877, 0.32981491, 0.45829085)
(0.85064667, 0.41621226, 0.52691281, 0.53121281, 0.73124480, 0.51473612, 0.77347475, 0.28562978, 0.17555888, 0.52461743)
(0.64398903, 0.29094246, 0.23942229, 0.39593509, 0.80302626, 0.59657317, 0.52586693, 0.68951005, 0.41599923, 0.25061592)
(0.85478318, 0.65387416, 0.31347004, 0.57702190, 0.69567937, 0.48418289, 0.67883211, 0.07356783, 0.39706627, 0.37842834)
(0.83785862, 0.32506949, 0.14179032, 0.86870509, 0.48011374, 0.53791285, 0.82435936, 0.43913683, 0.55896235, 0.41701788)
(0.80677986, 0.36657396, 0.21293177, 0.34053293, 0.82095420, 0.36851606, 0.45631444, 0.24620888, 0.43674353, 0.18095170)
(0.83881444, 0.41501307, 0.13039984, 0.90205801, 0.49922889, 0.67591995, 0.87845641, 0.51594007, 0.47247392, 0.51554978)
(0.51929367, 0.55202627, 0.18990755, 0.55928254, 0.57225353, 0.58407927, 0.44548139, 0.41308558, 0.67921609, 0.27704251)
(0.67942935, 0.81261748, 0.44810078, 0.47519150, 0.73620826, 0.72266370, 0.59766418, 0.14691286, 0.28866649, 0.47310752)
(0.55387181, 0.61144292, 0.41882604, 0.78440899, 0.32230520, 0.64365304, 0.63016051, 0.54948020, 0.45018366, 0.62089527)
(0.80916160, 0.21114422, 0.14790633, 0.70003831, 0.53658956, 0.33024466, 0.57235944, 0.43190315, 0.65987092, 0.20426208)
(0.81609166, 0.17016140, 0.30746722, 0.87009442, 0.29391059, 0.31342643, 0.73202407, 0.49842900, 0.53935939, 0.43814483)
(0.53549373, 0.39679211, 0.18414837, 0.60096842, 0.50533664, 0.47942355, 0.40704057, 0.50470197, 0.72216445, 0.23993321)
(0.49289498, 0.54565519, 0.21705103, 0.68419564, 0.31442687, 0.39203870, 0.34424153, 0.21313582, 0.76121050, 0.32183057)
(0.73702103, 0.24646996, 0.15231043, 0.79968411, 0.48357207, 0.49921292, 0.67938691, 0.62999415, 0.64183635, 0.30592754)
(0.70602262, 0.49145511, 0.29226741, 0.59692895, 0.63491386, 0.59156388, 0.67313594, 0.38615155, 0.42363617, 0.44345775)
(0.58276939, 0.31978041, 0.18892066, 0.52034080, 0.71532029, 0.61651611, 0.50016743, 0.74133402, 0.53350633, 0.24981309)
(0.80606794, 0.59335053, 0.77733964, 0.41867712, 0.55173045, 0.30516645, 0.49869955, 0.07964344, 0.23870243, 0.48351133)
(0.83419758, 0.32842234, 0.19171022, 0.65302432, 0.63331378, 0.40985081, 0.67070943, 0.29977766, 0.50426614, 0.30065155)
(0.71839476, 0.54602289, 0.13354032, 0.80198395, 0.52848661, 0.63594323, 0.71686459, 0.39721805, 0.60884988, 0.39184323)
(0.53533363, 0.91016585, 0.60407227, 0.33988631, 0.69198292, 0.67651129, 0.33513749, 0.07730663, 0.32978141, 0.43488580)
(0.71158463, 0.87456763, 0.44558263, 0.61197007, 0.68073374, 0.75444734, 0.67851096, 0.11649308, 0.25936294, 0.57362562)
(0.79451150, 0.39551935, 0.46850133, 0.49837866, 0.68761140, 0.47796124, 0.69113976, 0.32819697, 0.27221471, 0.45851055)
(0.90162259, 0.12780263, 0.35572153, 0.49502987, 0.79882252, 0.31367335, 0.70092869, 0.50764388, 0.20872658, 0.30435291)
(0.69795936, 0.63070989, 0.32417569, 0.93037456, 0.20479491, 0.62454182, 0.77622491, 0.42374197, 0.42467123, 0.72330952)
(0.81042492, 0.14812747, 0.62860090, 0.24201724, 0.79167205, 0.21324706, 0.36697030, 0.42875603, 0.20623788, 0.26576918)
(0.75992125, 0.34613800, 0.30565506, 0.60179102, 0.52988774, 0.37883562, 0.58315033, 0.32590362, 0.52280337, 0.35211053)
(0.40555921, 0.80677348, 0.46437183, 0.72169489, 0.34120417, 0.80313247, 0.55706888, 0.57901877, 0.42501011, 0.63504630)
(0.79507297, 0.52988005, 0.73818016, 0.71532542, 0.37163880, 0.42335653, 0.70921683, 0.20957077, 0.19417651, 0.71009862)
(0.72047591, 0.59731787, 0.22647995, 0.52460963, 0.83406079, 0.75779712, 0.67716962, 0.41507429, 0.29400814, 0.39965218)
(0.51301354, 0.65878260, 0.12595965, 0.38746494, 0.83312410, 0.70477509, 0.35420892, 0.39371029, 0.56858325, 0.19006158)
(0.82717025, 0.43913218, 0.29747924, 0.52875936, 0.82266510, 0.62831068, 0.74862069, 0.34807774, 0.24234995, 0.41578469)
(0.57649177, 0.53940177, 0.50550902, 0.80187804, 0.21301363, 0.46579528, 0.58817261, 0.37037799, 0.46021098, 0.65056717)
(0.79730827, 0.39255100, 0.18288693, 0.79817528, 0.63900942, 0.71070176, 0.84181601, 0.63649529, 0.35899523, 0.50359797)
(0.67313772, 0.43566096, 0.12396324, 0.57546800, 0.74209040, 0.63203150, 0.58475649, 0.50253260, 0.57411712, 0.24559151)
(0.94011229, 0.45100203, 0.55393076, 0.48721021, 0.75463098, 0.26575831, 0.69598222, 0.05248912, 0.18463813, 0.39182484)
(0.51227003, 0.49526432, 0.47343108, 0.79694456, 0.20115852, 0.47830594, 0.54520810, 0.48316032, 0.52436966, 0.61285031)
(0.62471962, 0.20410481, 0.17132035, 0.85641736, 0.27166516, 0.36898634, 0.51804310, 0.66566187, 0.75479019, 0.29675052)
(0.42786333, 0.50222486, 0.29874915, 0.39195681, 0.72715652, 0.69698834, 0.39170417, 0.74484086, 0.44180992, 0.32074973)
(0.81314337, 0.42903200, 0.45027772, 0.44132343, 0.81544733, 0.58819395, 0.70996243, 0.35067701, 0.18974859, 0.44117799)
(0.58093202, 0.14742838, 0.23020324, 0.34641507, 0.67594147, 0.24038440, 0.18591833, 0.66497838, 0.67075527, 0.10037236)
(0.67799604, 0.68253827, 0.38231301, 0.34042823, 0.87646562, 0.75836831, 0.55755424, 0.33608872, 0.21479791, 0.37735847)
(0.81286788, 0.32192597, 0.54127574, 0.61074984, 0.54805106, 0.38750324, 0.70449889, 0.33329684, 0.27779120, 0.51922977)
(0.63239324, 0.26988459, 0.32031864, 0.32992604, 0.66143006, 0.30043134, 0.28840902, 0.44897377, 0.57058316, 0.17562266)
(0.42105383, 0.57436877, 0.34635541, 0.37790060, 0.78218538, 0.78203952, 0.42280796, 0.79486591, 0.30860868, 0.38691068)
(0.65421432, 0.38118750, 0.45731366, 0.78821057, 0.24131088, 0.37580937, 0.60284036, 0.37113371, 0.50127077, 0.56953126)
(0.77887148, 0.15178531, 0.28323480, 0.92489380, 0.20941305, 0.34968123, 0.73739129, 0.66384834, 0.57361007, 0.47387987)
(0.67265630, 0.44322568, 0.27198035, 0.78269595, 0.49712449, 0.69874221, 0.76075059, 0.69150507, 0.40820161, 0.54933596)
(0.74743235, 0.41437629, 0.42426109, 0.42710522, 0.81838745, 0.66250217, 0.68402505, 0.51536566, 0.19922924, 0.44458261)
(0.77703506, 0.37492350, 0.24612319, 0.57926190, 0.64985853, 0.46253169, 0.64067107, 0.34794983, 0.46750355, 0.33701438)
(0.81529802, 0.46451142, 0.32363379, 0.82374007, 0.44733179, 0.54782397, 0.82208663, 0.33162475, 0.35058543, 0.61557746)
(0.44119853, 0.55392611, 0.40970233, 0.41277507, 0.65729612, 0.68288690, 0.43662339, 0.66968721, 0.39773446, 0.41703346)
(0.63152945, 0.51239324, 0.23600769, 0.38805333, 0.71453601, 0.49237648, 0.41636524, 0.29298151, 0.56355411, 0.23031400)
(0.65157777, 0.45466745, 0.24221189, 0.56237674, 0.73001373, 0.70594448, 0.65401673, 0.62820244, 0.38204390, 0.40431494)
(0.46244726, 0.53022361, 0.35714790, 0.31680146, 0.58130819, 0.36372942, 0.21384275, 0.25753844, 0.65807074, 0.20853581)
(0.77369314, 0.39235777, 0.32367793, 0.60344958, 0.72294492, 0.64586318, 0.76314414, 0.54304045, 0.26852182, 0.48884025)
(0.71033883, 0.57070261, 0.34235197, 0.80301440, 0.33721697, 0.51171064, 0.68717557, 0.26071176, 0.48695758, 0.57541406)
(0.71441764, 0.31213313, 0.72968590, 0.62955898, 0.46650836, 0.42687199, 0.63646030, 0.54110938, 0.19730245, 0.64702791)
(0.82543820, 0.20551191, 0.07503490, 0.71937126, 0.74981678, 0.54784435, 0.70659631, 0.64434451, 0.57163411, 0.18888415)
(0.84581912, 0.46203238, 0.62503648, 0.43742418, 0.82123482, 0.60242951, 0.76292413, 0.33107176, 0.09771682, 0.55016243)
(0.78646874, 0.47715575, 0.31790653, 0.77606434, 0.48776773, 0.56232792, 0.79371476, 0.34234998, 0.37807849, 0.57645535)
(0.79718220, 0.05649904, 0.34118313, 0.40553734, 0.70797223, 0.15606412, 0.31341189, 0.69242704, 0.44075602, 0.13801122)
(0.73535311, 0.17393668, 0.25664780, 0.45942193, 0.71541673, 0.39381975, 0.50684655, 0.65534568, 0.46824217, 0.21878520)
(0.73003304, 0.44405934, 0.38806131, 0.81286174, 0.34805629, 0.51782763, 0.74253279, 0.42959532, 0.41541421, 0.60622370)
(0.89033335, 0.20395951, 0.36972603, 0.72857785, 0.60823005, 0.39115089, 0.81901866, 0.42269573, 0.25528407, 0.47901732)
(0.90841752, 0.25602257, 0.35428426, 0.78722119, 0.60639596, 0.44633630, 0.87243867, 0.35729250, 0.21962273, 0.55440468)
(0.58773381, 0.24087487, 0.56579763, 0.16424122, 0.69943231, 0.16895738, 0.12613054, 0.33082139, 0.48101327, 0.14489843)
(0.72482806, 0.34437656, 0.43298468, 0.24188878, 0.78853267, 0.34083396, 0.36562392, 0.31558567, 0.35725489, 0.22412515)
(0.68444204, 0.46341997, 0.24319007, 0.40218082, 0.70337045, 0.43784913, 0.43708473, 0.28008479, 0.54589480, 0.23327972)
(0.79794830, 0.42005253, 0.28411418, 0.68042535, 0.74155301, 0.71604389, 0.81690168, 0.60506988, 0.22067322, 0.53582478)
(0.82463324, 0.32063097, 0.33307546, 0.40377918, 0.86860639, 0.57046854, 0.69045091, 0.42602029, 0.21325465, 0.34180382)
(0.74952936, 0.72617400, 0.48992410, 0.33171123, 0.84217668, 0.66093552, 0.55739474, 0.14238821, 0.22957836, 0.37919798)
(0.71375024, 0.42655012, 0.21200201, 0.51565164, 0.75959235, 0.60471278, 0.62506592, 0.43780032, 0.43322328, 0.32278776)
(0.85935938, 0.48329926, 0.23384783, 0.48007205, 0.81712115, 0.47948250, 0.65579128, 0.16830571, 0.34561878, 0.28883860)
(0.50016725, 0.39879128, 0.20909411, 0.66001040, 0.57987785, 0.69235742, 0.52613854, 0.81887484, 0.54058105, 0.35152775)
(0.66987997, 0.35739204, 0.28398725, 0.43197325, 0.75995332, 0.57388657, 0.56685060, 0.54456800, 0.40221569, 0.31329104)
(0.37535805, 0.72770166, 0.41638985, 0.17583548, 0.88382018, 0.75902659, 0.22721638, 0.55677366, 0.27425191, 0.26718313)
(0.87002087, 0.36739603, 0.40289238, 0.82444018, 0.52510309, 0.55626881, 0.88018310, 0.41384670, 0.19882126, 0.66360486)
(0.72689384, 0.27140918, 0.08438679, 0.68680096, 0.62573630, 0.46567997, 0.51812005, 0.53490418, 0.72937262, 0.15599108)
(0.46989349, 0.49811468, 0.43276536, 0.29467732, 0.58766031, 0.36196700, 0.22526368, 0.29828796, 0.60548294, 0.23125011)
(0.67462724, 0.29102850, 0.29431826, 0.86813861, 0.16718100, 0.26961851, 0.54430890, 0.30371678, 0.67652529, 0.46703303)
(0.65719283, 0.35029903, 0.35798860, 0.36914840, 0.69987792, 0.44481757, 0.46097302, 0.46685439, 0.43980193, 0.29092908)
(0.68267900, 0.47453788, 0.57474643, 0.51675588, 0.47614476, 0.40386337, 0.54150259, 0.27188709, 0.40583712, 0.48123702)
(0.79269081, 0.59489167, 0.54058492, 0.53106493, 0.68995953, 0.58760560, 0.73229223, 0.20761353, 0.21203318, 0.54771817)
(0.65962178, 0.59866810, 0.56751150, 0.30163336, 0.69885558, 0.47594017, 0.42688283, 0.18953873, 0.36041930, 0.34850106)
(0.55746359, 0.26740971, 0.35246357, 0.55123323, 0.45143676, 0.36334065, 0.39392036, 0.59187859, 0.63150382, 0.30252686)
(0.62848073, 0.44426724, 0.31475928, 0.51475757, 0.66951162, 0.62418979, 0.60260487, 0.55066490, 0.41749415, 0.40501013)
(0.71573800, 0.28125253, 0.22086965, 0.95004010, 0.14098912, 0.42139655, 0.72756147, 0.55907327, 0.63714707, 0.54648632)
(0.74062061, 0.29298732, 0.27886710, 0.60896474, 0.64215249, 0.54018074, 0.69163722, 0.58670771, 0.42577690, 0.37953648)
(0.80887407, 0.20872815, 0.37191316, 0.34555617, 0.81280947, 0.37318784, 0.54170126, 0.49817502, 0.27687880, 0.27040711)
(0.40906885, 0.62557793, 0.41084868, 0.32916266, 0.74022901, 0.70961374, 0.36254886, 0.61859637, 0.36149317, 0.37936711)
(0.80616772, 0.23696734, 0.21206655, 0.17640774, 0.93545681, 0.38890785, 0.37424931, 0.42347455, 0.28908408, 0.11637762)
(0.50429153, 0.80332154, 0.20073062, 0.50279814, 0.67206472, 0.68114519, 0.38076726, 0.20409913, 0.62481469, 0.28506622)
(0.78248531, 0.45403248, 0.45553926, 0.37073272, 0.76024425, 0.45270875, 0.56946695, 0.24269752, 0.29906043, 0.35294649)
(0.70144027, 0.68242639, 0.38346231, 0.60936946, 0.69805712, 0.74791443, 0.73160285, 0.35845724, 0.25391245, 0.57266390)
(0.77305341, 0.32244802, 0.31032437, 0.20239197, 0.87595850, 0.34924716, 0.35622075, 0.30329412, 0.33920097, 0.15652990)
(0.68822306, 0.47891304, 0.17344885, 0.47172967, 0.89541912, 0.80923808, 0.65434062, 0.68600458, 0.25285795, 0.33274803)
(0.80876774, 0.26003325, 0.29144478, 0.59126192, 0.76389116, 0.60464960, 0.77546257, 0.64368010, 0.25855473, 0.41847068)
(0.49578789, 0.70673299, 0.22593011, 0.36246616, 0.74496180, 0.62892783, 0.32655790, 0.25627422, 0.58894414, 0.22610837)
(0.78746361, 0.31958717, 0.38142005, 0.41657454, 0.68057817, 0.32916161, 0.50752658, 0.30233467, 0.39607286, 0.30339497)
(0.77293563, 0.35885790, 0.14560759, 0.96729022, 0.21226901, 0.65252912, 0.85277188, 0.72834331, 0.57173926, 0.59196311)
(0.66474581, 0.35891533, 0.26055989, 0.83524501, 0.33138928, 0.54890960, 0.68968272, 0.62184948, 0.59007674, 0.46895307)
(0.60069358, 0.52499706, 0.13399535, 0.73626244, 0.56370324, 0.68291032, 0.61799878, 0.55988139, 0.62997270, 0.33764714)
(0.84751350, 0.54071480, 0.51295227, 0.83193815, 0.43809554, 0.56565213, 0.86088288, 0.27161157, 0.17665194, 0.74473351)
(0.59451509, 0.66318315, 0.49536043, 0.25463700, 0.87063831, 0.73600292, 0.44916037, 0.42638448, 0.19582202, 0.37490520)
(0.69142425, 0.42355531, 0.33055049, 0.58051437, 0.59793848, 0.55313170, 0.65893185, 0.45200962, 0.43601915, 0.43666515)
(0.76418829, 0.30967292, 0.16558738, 0.69953847, 0.60854429, 0.51910055, 0.68146479, 0.51185584, 0.55634505, 0.30472979)
(0.54214907, 0.51319820, 0.34110993, 0.45059422, 0.58958638, 0.53770226, 0.45989227, 0.40843877, 0.54908085, 0.34794196)
(0.47828090, 0.67866534, 0.30778787, 0.36994326, 0.81192976, 0.77414918, 0.43178889, 0.55579025, 0.33195218, 0.36424169)
(0.91830570, 0.40068612, 0.54891747, 0.67201149, 0.76755178, 0.59132463, 0.89897585, 0.30680132, 0.07690852, 0.65932876)
(0.68269640, 0.53332537, 0.19421750, 0.41579345, 0.88686728, 0.75561506, 0.58748090, 0.50002289, 0.29884589, 0.30357376)
(0.57701707, 0.12412954, 0.27407703, 0.78943330, 0.22679734, 0.15114436, 0.27701345, 0.56355488, 0.78464872, 0.26711422)
(0.82844937, 0.66819996, 0.44270256, 0.56709433, 0.65204436, 0.50904340, 0.70152152, 0.08466712, 0.32634163, 0.46889523)
(0.72204316, 0.31855220, 0.31608498, 0.55358320, 0.69964039, 0.60129243, 0.69499356, 0.63379043, 0.34478852, 0.41068262)
(0.48980087, 0.42565301, 0.40238589, 0.32206681, 0.53067029, 0.28150019, 0.19596124, 0.27945894, 0.65165162, 0.21022378)
(0.83320194, 0.28800032, 0.20651866, 0.49574283, 0.70885676, 0.32135716, 0.52743316, 0.27749807, 0.49954689, 0.21659780)
(0.50817430, 0.05985399, 0.08221322, 0.73801684, 0.47322735, 0.20300175, 0.15919884, 0.89366537, 0.87238997, 0.07159653)
(0.54822737, 0.53511608, 0.24617341, 0.47799420, 0.72796100, 0.69490004, 0.51386857, 0.57915771, 0.45061734, 0.34651011)
(0.82262158, 0.42186376, 0.48896515, 0.65147066, 0.61969191, 0.55790335, 0.81214285, 0.37640411, 0.20417650, 0.59649640)
(0.73947811, 0.41194463, 0.24009658, 0.59694618, 0.69361627, 0.59736937, 0.69475961, 0.46405593, 0.41423309, 0.39141709)
(0.57503295, 0.88596350, 0.67223907, 0.14258340, 0.83413076, 0.55563033, 0.18586712, 0.04965190, 0.28161424, 0.25748014)
(0.87304294, 0.16572382, 0.47400314, 0.50956810, 0.77938497, 0.40124398, 0.74142200, 0.53897077, 0.16250087, 0.42704460)
(0.42540142, 0.63186395, 0.34349921, 0.24594824, 0.79030138, 0.62642169, 0.26279703, 0.44021425, 0.45829901, 0.24095839)
(0.68488318, 0.37708709, 0.25127462, 0.67357481, 0.49122107, 0.49357179, 0.61999470, 0.45893115, 0.58690464, 0.36485699)
(0.60019577, 0.51039994, 0.20392939, 0.65280145, 0.59209591, 0.66924328, 0.62152690, 0.55885029, 0.54474497, 0.38557464)
(0.90406728, 0.41253793, 0.49327731, 0.74458379, 0.70690620, 0.63044953, 0.91054136, 0.37324736, 0.09053038, 0.69554776)
(0.81054741, 0.10944726, 0.30866095, 0.15453891, 0.91847807, 0.23614949, 0.27264786, 0.58647960, 0.27240077, 0.10044184)
(0.65458590, 0.45382887, 0.49304950, 0.66271061, 0.51811081, 0.64111072, 0.71962351, 0.62672257, 0.27070808, 0.61672956)
(0.61013424, 0.56026548, 0.30157530, 0.68119121, 0.59454525, 0.75608140, 0.70819622, 0.66139972, 0.35980609, 0.54882967)
(0.83204091, 0.53820848, 0.16844162, 0.90206915, 0.56192333, 0.75732762, 0.89158374, 0.53480560, 0.29293257, 0.63487411)
(0.64529198, 0.40990087, 0.29021516, 0.29414949, 0.80554760, 0.50203532, 0.41216627, 0.41239202, 0.42865890, 0.22584282)
(0.60706377, 0.19218658, 0.16413651, 0.67515451, 0.50085664, 0.39043814, 0.41442022, 0.72539169, 0.72575259, 0.19127263)
(0.83682114, 0.22176071, 0.23506561, 0.44384751, 0.70627016, 0.25052741, 0.45122907, 0.30383909, 0.49939895, 0.18377717)
(0.76954073, 0.46912840, 0.31072918, 0.42282227, 0.80901486, 0.55920577, 0.60849380, 0.28929710, 0.33110622, 0.32446331)
(0.72773135, 0.54156786, 0.56087357, 0.44131166, 0.81165814, 0.73814839, 0.71279782, 0.55063111, 0.11575089, 0.57299602)
(0.67265034, 0.50554585, 0.12924057, 0.52073097, 0.77556223, 0.62657839, 0.54655963, 0.39150733, 0.55398947, 0.24052092)
(0.80700594, 0.31958982, 0.54196429, 0.41650397, 0.69905114, 0.36785126, 0.59607446, 0.31780130, 0.25485286, 0.40397501)
(0.60525572, 0.53325588, 0.19107150, 0.45216751, 0.83700377, 0.75399256, 0.54906362, 0.60585898, 0.36778089, 0.31481352)
(0.73292363, 0.47533298, 0.21204802, 0.78513414, 0.59339362, 0.73750275, 0.80954325, 0.64317340, 0.37561876, 0.53837281)
(0.79382926, 0.19084616, 0.16476496, 0.86384803, 0.46837664, 0.52711540, 0.78796971, 0.71941096, 0.53866488, 0.37922373)
(0.87219006, 0.20909640, 0.19902167, 0.73071676, 0.54160357, 0.30741256, 0.68226612, 0.33595961, 0.53442782, 0.29012126)
(0.69499362, 0.38778424, 0.17468148, 0.49648249, 0.84266829, 0.71491998, 0.63616574, 0.66107523, 0.34940603, 0.30129996)
(0.64265174, 0.73840052, 0.80604547, 0.65117902, 0.36023137, 0.58012855, 0.62208873, 0.25370482, 0.17891146, 0.75837624)
(0.57765436, 0.36166212, 0.16697878, 0.61341095, 0.73802698, 0.76022363, 0.60333490, 0.86274177, 0.43112093, 0.32562205)
(0.78021520, 0.66874248, 0.62833512, 0.40187883, 0.75055820, 0.58335203, 0.63756174, 0.15204667, 0.18923704, 0.50094545)
(0.71172869, 0.42587185, 0.37060523, 0.62596637, 0.69892853, 0.72838581, 0.75957000, 0.71569145, 0.22093210, 0.55505770)
(0.52438766, 0.36112830, 0.23018055, 0.34846032, 0.67053235, 0.38392001, 0.24683914, 0.47157201, 0.66869181, 0.15108067)
(0.63395607, 0.53809005, 0.32591262, 0.43245643, 0.83844769, 0.78093582, 0.62054300, 0.64595520, 0.22578651, 0.43523180)
(0.66356665, 0.46374464, 0.28681210, 0.55280972, 0.58833480, 0.52015406, 0.58035469, 0.37474501, 0.52199048, 0.36972272)
(0.75443298, 0.38963729, 0.14425600, 0.86203468, 0.46150634, 0.63641143, 0.79005396, 0.57709676, 0.57956028, 0.43156067)
(0.83336085, 0.14871268, 0.51871991, 0.55275184, 0.69088382, 0.38019842, 0.70404178, 0.60905969, 0.20238367, 0.44491768)
(0.29511595, 0.74754423, 0.17271106, 0.38758138, 0.62810892, 0.61364681, 0.18185543, 0.32980007, 0.74650407, 0.19503812)
(0.77337587, 0.61552393, 0.51133740, 0.89732164, 0.24279152, 0.53594601, 0.79701966, 0.28117985, 0.26872027, 0.77485114)
(0.75109667, 0.60594994, 0.71997875, 0.33379179, 0.67196000, 0.43548101, 0.51422447, 0.14365387, 0.22856610, 0.45598772)
(0.59060764, 0.53565824, 0.26622507, 0.25976539, 0.89055806, 0.68215019, 0.40121010, 0.48100138, 0.32542366, 0.23455395)
(0.54199761, 0.52263397, 0.12526149, 0.60270029, 0.75174189, 0.78148890, 0.56871474, 0.73220056, 0.51034629, 0.30454236)
(0.69672185, 0.06292073, 0.47240138, 0.70708954, 0.40113983, 0.16525203, 0.37598881, 0.77078867, 0.52225518, 0.31067479)
(0.29669693, 0.51028645, 0.28101686, 0.30825138, 0.52803016, 0.32725906, 0.10046638, 0.33886075, 0.77689230, 0.14859799)
(0.72811204, 0.44354469, 0.29523581, 0.62103784, 0.52995741, 0.45914054, 0.61918712, 0.30065551, 0.52236027, 0.39853239)
(0.81401157, 0.77978957, 0.37587878, 0.80885041, 0.50198668, 0.64696926, 0.81300503, 0.12937748, 0.27370614, 0.67649460)
(0.78898549, 0.35870785, 0.37671027, 0.41463399, 0.83231330, 0.58415091, 0.67372894, 0.44041318, 0.23011170, 0.37912703)
(0.33311334, 0.81274801, 0.45907411, 0.71351117, 0.25193149, 0.70504785, 0.41238102, 0.42368326, 0.55435741, 0.60510248)
(0.72216749, 0.21428724, 0.51504505, 0.27551702, 0.73567319, 0.28405347, 0.36019602, 0.47194117, 0.33017021, 0.26093462)
(0.58965844, 0.48368415, 0.65133822, 0.46610630, 0.64286965, 0.65898359, 0.60193962, 0.67174244, 0.17607741, 0.60566205)
(0.72589028, 0.24702112, 0.27653080, 0.82726496, 0.50233299, 0.63087261, 0.76846170, 0.83276159, 0.34582266, 0.51268196)
(0.73666012, 0.28682718, 0.27094331, 0.59543747, 0.52103519, 0.36287409, 0.53452075, 0.40853029, 0.58256882, 0.28823373)
(0.82133007, 0.30524915, 0.22140014, 0.43621802, 0.74485302, 0.33090386, 0.50156564, 0.27773711, 0.46965992, 0.21124065)
(0.68742472, 0.44775262, 0.49169558, 0.74502450, 0.44914475, 0.62007481, 0.75417185, 0.60123730, 0.26982623, 0.65583271)
(0.51418638, 0.51720923, 0.17365305, 0.60769564, 0.66391194, 0.73937398, 0.55432129, 0.71414346, 0.53198427, 0.34398505)
(0.36680669, 0.56661153, 0.29113463, 0.50362062, 0.63216615, 0.74119121, 0.39366966, 0.79101640, 0.48000145, 0.37417743)
(0.70833731, 0.27726391, 0.37467659, 0.64488369, 0.54499286, 0.51701725, 0.68516034, 0.63901740, 0.39742333, 0.44778943)
(0.73248601, 0.28491241, 0.18410435, 0.73150790, 0.51220351, 0.47697645, 0.64331847, 0.54315639, 0.61500394, 0.30651814)
(0.91307521, 0.48613626, 0.60558558, 0.69171244, 0.55500758, 0.34067118, 0.77980608, 0.08730754, 0.19024591, 0.58735651)
(0.60495096, 0.34598237, 0.19010004, 0.77189285, 0.41425526, 0.54267913, 0.57586825, 0.64665180, 0.68160623, 0.33498496)
(0.40790856, 0.77359432, 0.53094494, 0.55636352, 0.40921292, 0.68145639, 0.44622624, 0.39474031, 0.45374221, 0.56916022)
(0.56649399, 0.12574705, 0.33061787, 0.28639778, 0.66866827, 0.18742014, 0.14185111, 0.65771431, 0.62613773, 0.10669403)
(0.65859330, 0.27291459, 0.39054742, 0.33213526, 0.61588252, 0.24889235, 0.27973926, 0.37061754, 0.54674441, 0.20216627)
(0.60935980, 0.54169649, 0.27870595, 0.74089760, 0.52285737, 0.74288160, 0.71772891, 0.68267804, 0.40862694, 0.54995704)
(0.82493931, 0.35846657, 0.20091660, 0.60463732, 0.75941271, 0.56099057, 0.74523103, 0.40257588, 0.36579314, 0.35758916)
(0.87752765, 0.16369978, 0.11293133, 0.89940053, 0.36525971, 0.31415713, 0.75106990, 0.43475464, 0.68379021, 0.27613732)
(0.33122495, 0.56491911, 0.21573146, 0.54429424, 0.62037599, 0.75199419, 0.34621397, 0.82119840, 0.56447816, 0.31152415)
(0.61138862, 0.55344969, 0.42402694, 0.45927140, 0.54484916, 0.46770427, 0.47086659, 0.25137299, 0.52517635, 0.37053072)
(0.77293551, 0.24865098, 0.17894113, 0.92372853, 0.13220535, 0.18201831, 0.54665905, 0.15976286, 0.75905651, 0.39813834)
(0.50949562, 0.46108368, 0.37865397, 0.15785490, 0.81446499, 0.37818652, 0.17344891, 0.31265995, 0.49893963, 0.13859500)
(0.61283189, 0.39214396, 0.19565144, 0.51835907, 0.77774489, 0.72393030, 0.59745783, 0.75560957, 0.40759212, 0.31922403)
(0.59749305, 0.69162893, 0.47149366, 0.83445770, 0.35959995, 0.76738185, 0.75887090, 0.62933284, 0.25560403, 0.75676996)
(0.51504189, 0.43285817, 0.24359412, 0.69816595, 0.49849737, 0.67401719, 0.56941003, 0.76432770, 0.55360794, 0.41127253)
(0.73025227, 0.16004427, 0.53620517, 0.30157921, 0.73401403, 0.28257367, 0.38283217, 0.57580149, 0.30081105, 0.26807743)
(0.82473361, 0.23339449, 0.21821201, 0.72607893, 0.72630954, 0.65610480, 0.82927841, 0.75302094, 0.28057829, 0.43607926)
(0.81601000, 0.33278272, 0.09421528, 0.58752596, 0.89099610, 0.72200441, 0.74754119, 0.59834820, 0.34320623, 0.25527692)
(0.60448992, 0.71030194, 0.24666749, 0.70270544, 0.62403303, 0.79704708, 0.68815780, 0.51509458, 0.38579547, 0.52577013)
(0.41849652, 0.74347782, 0.33055931, 0.44359648, 0.66961908, 0.73536956, 0.39592054, 0.46114194, 0.45569140, 0.39721203)
(0.68277943, 0.46352759, 0.77382666, 0.07547670, 0.84831715, 0.24102394, 0.12998995, 0.13755222, 0.24959344, 0.16864361)
(0.80013901, 0.72872698, 0.47502059, 0.56869256, 0.69976062, 0.64099759, 0.74288905, 0.11792334, 0.23667651, 0.54369116)
(0.88142848, 0.64126372, 0.35130185, 0.77228463, 0.61335486, 0.57786649, 0.85766912, 0.11181591, 0.23554727, 0.61885023)
(0.76239181, 0.73417455, 0.63927406, 0.37721032, 0.64372319, 0.44615710, 0.50058430, 0.06490751, 0.32098535, 0.41628793)
(0.55935359, 0.51940835, 0.40047160, 0.45697805, 0.64187169, 0.62713343, 0.53529626, 0.51498246, 0.40664932, 0.43396968)
(0.74627423, 0.34236974, 0.19418716, 0.67637616, 0.75536788, 0.74467152, 0.77918762, 0.77928394, 0.30691832, 0.42820570)
(0.61446321, 0.48752677, 0.17369281, 0.41590667, 0.68490261, 0.44793865, 0.35534289, 0.29521522, 0.66590160, 0.17627852)
(0.54823613, 0.66670448, 0.28433275, 0.65416950, 0.60311955, 0.76919466, 0.62925375, 0.58502996, 0.39549011, 0.51327175)
(0.77798271, 0.50341052, 0.18819959, 0.74967778, 0.68527818, 0.72661644, 0.81006861, 0.51198196, 0.34954682, 0.50675547)
(0.78224486, 0.57499397, 0.80313897, 0.14114729, 0.81173939, 0.30040073, 0.29390591, 0.08399478, 0.18179552, 0.28997323)
(0.48920172, 0.35967264, 0.35096857, 0.58656293, 0.37433583, 0.40158561, 0.38686460, 0.51719594, 0.66740954, 0.34656778)
(0.58789247, 0.34407926, 0.28325570, 0.63648593, 0.49585512, 0.53577459, 0.55776596, 0.63832170, 0.58417380, 0.36038703)
(0.61162198, 0.44587293, 0.44544443, 0.37244657, 0.56622481, 0.35966581, 0.35817599, 0.28558454, 0.53386235, 0.29674053)
(0.62792891, 0.60385066, 0.46804377, 0.55272865, 0.69154066, 0.75675637, 0.68889993, 0.59289736, 0.20971608, 0.60295010)
(0.57126695, 0.31995180, 0.49574628, 0.20245838, 0.76804072, 0.37019485, 0.27278760, 0.47698584, 0.38372719, 0.22834018)
(0.87015921, 0.04066281, 0.29742938, 0.68016636, 0.65899676, 0.22849721, 0.63221973, 0.79012537, 0.33584011, 0.22614285)
(0.50334877, 0.68464261, 0.09545533, 0.70278972, 0.63678467, 0.79063892, 0.54163003, 0.56483048, 0.65657115, 0.28853396)
(0.79238188, 0.18646273, 0.54725236, 0.46391031, 0.59214902, 0.24277896, 0.49032336, 0.42038643, 0.32838205, 0.35419020)
(0.80846781, 0.16865832, 0.25546193, 0.64808607, 0.44914734, 0.18690258, 0.44037193, 0.32883146, 0.64094955, 0.23685652)
(0.72987866, 0.31652147, 0.44297960, 0.33686653, 0.75883085, 0.42846555, 0.51470536, 0.44504002, 0.30822331, 0.32814887)
(0.73389441, 0.85603935, 0.32602820, 0.51629287, 0.68437195, 0.59460771, 0.51219052, 0.04326797, 0.49644989, 0.33307931)
(0.51808810, 0.19788538, 0.35111040, 0.60106796, 0.41107121, 0.31745195, 0.34448537, 0.69287616, 0.65605921, 0.29027849)
(0.80666852, 0.51713419, 0.65468085, 0.53378755, 0.72679949, 0.64271206, 0.78908485, 0.37013543, 0.10775419, 0.64077193)
(0.54200280, 0.51204020, 0.08788185, 0.42217165, 0.85852271, 0.71419066, 0.39435440, 0.59577703, 0.57643223, 0.15535580)
(0.80886906, 0.24929772, 0.26941526, 0.60136294, 0.56726283, 0.32054931, 0.57712185, 0.36352932, 0.52046359, 0.28932071)
(0.69654757, 0.26921719, 0.59823567, 0.67636466, 0.45365888, 0.44918787, 0.64609677, 0.64225674, 0.27701539, 0.58456475)
(0.61494154, 0.17679809, 0.58710563, 0.27710763, 0.73864150, 0.37591535, 0.35164797, 0.71857440, 0.28583345, 0.29375386)
(0.84754866, 0.51916051, 0.88208675, 0.67740893, 0.62941915, 0.63898802, 0.85338211, 0.43603855, 0.02919003, 0.84491241)
(0.71288019, 0.60748446, 0.43917900, 0.59088618, 0.57603908, 0.58553469, 0.67743027, 0.25281525, 0.35843539, 0.52281189)
(0.68096834, 0.45942441, 0.44203269, 0.47474745, 0.63539869, 0.52555740, 0.60094148, 0.38361177, 0.37616763, 0.43975094)
(0.89503956, 0.21282016, 0.14595860, 0.61783046, 0.63629413, 0.20608237, 0.51299274, 0.19112338, 0.60028332, 0.16952656)
(0.84452730, 0.33113393, 0.28814667, 0.61687303, 0.68503898, 0.45454559, 0.74086523, 0.33862746, 0.33864388, 0.40849730)
(0.60679162, 0.39529696, 0.14985454, 0.82864642, 0.37825486, 0.58666235, 0.60866946, 0.63088375, 0.71032429, 0.34779987)
(0.82506222, 0.22536659, 0.26783520, 0.52465451, 0.62536561, 0.27323401, 0.51398236, 0.33919629, 0.50508964, 0.24031515)
(0.57458037, 0.55838168, 0.40166175, 0.62137383, 0.54714108, 0.70296973, 0.65648741, 0.61421883, 0.36164957, 0.56294483)
(0.70650673, 0.67498040, 0.11136676, 0.81665355, 0.60428566, 0.73180318, 0.73174208, 0.40450931, 0.54831290, 0.43664512)
(0.76786190, 0.42577958, 0.17943588, 0.66557825, 0.82105297, 0.79511040, 0.79545957, 0.73136580, 0.23942403, 0.45404002)
(0.57480466, 0.71451747, 0.21351945, 0.48416835, 0.82802248, 0.81161726, 0.55387908, 0.47355735, 0.33615565, 0.38397324)
(0.62028825, 0.12136032, 0.54637849, 0.23983799, 0.77096039, 0.29644826, 0.26882648, 0.74566549, 0.32000172, 0.21095352)
(0.87980783, 0.06698260, 0.36874312, 0.43129435, 0.84660411, 0.33002031, 0.64831412, 0.75747186, 0.18485250, 0.24641655)
(0.74393165, 0.32088366, 0.28067496, 0.59617317, 0.62206626, 0.50181204, 0.66436189, 0.49784720, 0.45216703, 0.36767337)
(0.89080107, 0.10263467, 0.46600908, 0.53361511, 0.72691631, 0.26622230, 0.67425889, 0.54253805, 0.20345557, 0.34659138)
(0.84635282, 0.20994568, 0.09245092, 0.59503061, 0.79822916, 0.45987538, 0.64013994, 0.51663744, 0.52468759, 0.16239008)
(0.80395830, 0.30815852, 0.14745846, 0.80362004, 0.53584445, 0.52236181, 0.75956064, 0.48473811, 0.57164460, 0.35277689)
(0.67552894, 0.61285067, 0.47440502, 0.38519832, 0.78743804, 0.67785841, 0.58366877, 0.35200077, 0.24534734, 0.44033536)
(0.80987096, 0.30069268, 0.17662099, 0.54794818, 0.74385577, 0.46473882, 0.63625908, 0.41721666, 0.46351746, 0.25238183)
(0.61653948, 0.35835335, 0.29241183, 0.44497764, 0.53605145, 0.31816798, 0.32586485, 0.33179414, 0.65121710, 0.22343862)
(0.79304981, 0.28920099, 0.26525781, 0.65312397, 0.70020705, 0.60807413, 0.77942687, 0.63131976, 0.32081345, 0.43262887)
(0.80509210, 0.54383415, 0.23895785, 0.59325242, 0.69563907, 0.52663863, 0.67804193, 0.18808836, 0.43568411, 0.36658263)
(0.62304491, 0.22150254, 0.42094100, 0.95332849, 0.06016603, 0.20685694, 0.51848263, 0.46037170, 0.63304764, 0.64455795)
(0.73274082, 0.46490395, 0.39205676, 0.10860799, 0.88435394, 0.24095991, 0.15724537, 0.10056834, 0.41853234, 0.08480804)
(0.64492863, 0.41581610, 0.21924011, 0.79377186, 0.43464881, 0.63048321, 0.69412047, 0.64147025, 0.57095873, 0.44748425)
(0.76281446, 0.49942797, 0.43634543, 0.49118221, 0.69197077, 0.52540606, 0.65509921, 0.26752228, 0.32188204, 0.44301707)
(0.67254603, 0.51011389, 0.34111199, 0.34683281, 0.86852843, 0.71730459, 0.56656569, 0.49144176, 0.24341379, 0.34628290)
(0.78172660, 0.45213789, 0.41627994, 0.62363994, 0.69575202, 0.66490066, 0.79541630, 0.49850613, 0.20345911, 0.58107954)
(0.45674530, 0.44453460, 0.17512389, 0.86094046, 0.46666449, 0.82083577, 0.62148327, 0.94072580, 0.45150417, 0.51441079)
(0.65442562, 0.32209045, 0.29897150, 0.38618773, 0.62383497, 0.32215390, 0.33946446, 0.37520835, 0.59121203, 0.20135665)
(0.70866328, 0.25436917, 0.32005873, 0.53982639, 0.53158629, 0.34696484, 0.49355784, 0.47614694, 0.55865324, 0.28368315)
(0.61240345, 0.46160388, 0.26659030, 0.70189714, 0.47535586, 0.60813951, 0.63985139, 0.55705953, 0.55530745, 0.43643403)
(0.81910425, 0.65956843, 0.50159276, 0.51367295, 0.78698176, 0.66587555, 0.75803143, 0.18133005, 0.16351068, 0.54307795)
(0.82180619, 0.81404710, 0.66849422, 0.44168523, 0.71852821, 0.58015561, 0.64931506, 0.05045226, 0.18454097, 0.52575624)
(0.83481503, 0.51335692, 0.42348921, 0.68736130, 0.62225693, 0.57690215, 0.82047421, 0.25253409, 0.23123576, 0.59228027)
(0.61079526, 0.49970448, 0.37939024, 0.38045302, 0.79187089, 0.68404210, 0.54464555, 0.54353803, 0.29781508, 0.38752061)
(0.72975963, 0.63047904, 0.28246081, 0.63979226, 0.66602945, 0.65419596, 0.70608753, 0.28214967, 0.38056549, 0.47805354)
(0.78612030, 0.17881265, 0.26135784, 0.83787239, 0.25566265, 0.20894343, 0.55879325, 0.33720413, 0.66838872, 0.35729209)
(0.64467669, 0.38316464, 0.19070147, 0.69545388, 0.63054979, 0.70040619, 0.68348032, 0.74653506, 0.47402525, 0.38874051)
(0.75745565, 0.28146547, 0.65779650, 0.42929113, 0.60931814, 0.32604972, 0.53378272, 0.36941293, 0.25897840, 0.44853580)
(0.66703010, 0.50232643, 0.17235014, 0.63929927, 0.69668555, 0.69979036, 0.66657966, 0.54011852, 0.47634831, 0.37493220)
(0.89939851, 0.07631098, 0.12978846, 0.78809083, 0.64226794, 0.31262481, 0.73743385, 0.67241699, 0.48779985, 0.20292857)
(0.57167196, 0.54728848, 0.58266878, 0.75609612, 0.25975463, 0.50554043, 0.60324454, 0.43687680, 0.38050857, 0.67584360)
(0.77983451, 0.67694622, 0.29495436, 0.73573983, 0.68823200, 0.75376499, 0.82028079, 0.34240732, 0.24118058, 0.62035930)
(0.77752590, 0.25648063, 0.18051304, 0.51775163, 0.63310361, 0.30365905, 0.43925026, 0.34448665, 0.62983400, 0.17223236)
(0.73223674, 0.61331105, 0.78276432, 0.57672662, 0.60470009, 0.67020518, 0.76189923, 0.42594609, 0.08837850, 0.74932152)
(0.67814964, 0.35492066, 0.38094342, 0.74394518, 0.27014858, 0.29974356, 0.51930702, 0.25391743, 0.59429866, 0.46506536)
(0.85031366, 0.08127166, 0.09764419, 0.85953605, 0.50202417, 0.32607114, 0.68664414, 0.73924875, 0.65717834, 0.18919921)
(0.80949134, 0.23564756, 0.31793660, 0.50877243, 0.67185986, 0.35276851, 0.59501779, 0.43377078, 0.40374249, 0.29994527)
(0.70912969, 0.48748899, 0.18201196, 0.59616566, 0.70831984, 0.61993408, 0.64892560, 0.39355826, 0.49077553, 0.34294769)
(0.84191233, 0.49831104, 0.35213840, 0.54402947, 0.60601819, 0.33679295, 0.57267261, 0.10748518, 0.45979053, 0.34275091)
(0.56571418, 0.48703438, 0.27304307, 0.40838924, 0.80079049, 0.71740967, 0.51518828, 0.66028482, 0.35387683, 0.33986843)
(0.97129208, 0.08511332, 0.56607145, 0.81175458, 0.55180722, 0.12407849, 0.82699811, 0.19441663, 0.13620351, 0.51007515)
(0.94486797, 0.43720469, 0.68353176, 0.53763616, 0.71443719, 0.26727012, 0.75638509, 0.05461472, 0.12969995, 0.49537423)
(0.74100184, 0.28049675, 0.34278113, 0.81608540, 0.26140657, 0.30491328, 0.62098324, 0.31749278, 0.57358646, 0.47745904)
(0.90256387, 0.09126755, 0.20081893, 0.66850334, 0.69285470, 0.27893770, 0.70602548, 0.56698424, 0.39395660, 0.22339575)
(0.77231824, 0.53523505, 0.13319351, 0.85018933, 0.50100076, 0.63265842, 0.78112364, 0.38234779, 0.57596946, 0.44427535)
(0.59359902, 0.60473204, 0.17128628, 0.52539074, 0.57260221, 0.45683217, 0.37825176, 0.17649180, 0.71163970, 0.22870591)
(0.62060714, 0.16954336, 0.35634950, 0.23368895, 0.74360418, 0.23376186, 0.19377454, 0.57005316, 0.51843953, 0.12531027)
(0.67119706, 0.27734822, 0.51252371, 0.78638351, 0.35161147, 0.48120168, 0.67459500, 0.71009356, 0.33770767, 0.60489029)
(0.60900164, 0.33773842, 0.46316534, 0.25017479, 0.72300142, 0.35673386, 0.31218794, 0.42158496, 0.41894928, 0.24304481)
(0.72987473, 0.55195671, 0.59368825, 0.43224561, 0.72642756, 0.61367553, 0.65889251, 0.34143692, 0.19256084, 0.52467084)
(0.65534723, 0.68568563, 0.51616997, 0.63717765, 0.69357693, 0.81979662, 0.76642692, 0.61611581, 0.12758166, 0.71214563)
(0.70324010, 0.50679088, 0.70938545, 0.80397844, 0.34100270, 0.58535284, 0.75396496, 0.55307060, 0.15304139, 0.79606742)
(0.86942571, 0.18577296, 0.36293525, 0.47976145, 0.63329273, 0.17094976, 0.45460117, 0.25221547, 0.42133391, 0.24898328)
(0.75044620, 0.35412586, 0.59921986, 0.55960941, 0.49917072, 0.37174067, 0.61299235, 0.33491933, 0.32265067, 0.50904882)
(0.72252107, 0.72022945, 0.57884920, 0.43210009, 0.71725583, 0.64056712, 0.61842114, 0.17238316, 0.23333241, 0.50897348)
(0.77626753, 0.91618890, 0.67833561, 0.62920791, 0.57123703, 0.69518518, 0.68777013, 0.04890541, 0.17446712, 0.68089885)
(0.71685934, 0.45469725, 0.16580480, 0.63415265, 0.56175923, 0.46248090, 0.55334181, 0.28619424, 0.65140551, 0.27217600)
(0.73026228, 0.64055979, 0.39085838, 0.46925831, 0.85388541, 0.80025500, 0.70910579, 0.46130195, 0.15910673, 0.51127827)
(0.50467974, 0.49741632, 0.36787680, 0.53847879, 0.63563722, 0.72974068, 0.56222039, 0.77550238, 0.35519996, 0.47768003)
(0.62653452, 0.36054257, 0.47452193, 0.59613222, 0.46597412, 0.49838483, 0.61104500, 0.56528389, 0.42607161, 0.49427861)
(0.53088564, 0.59332055, 0.30351487, 0.85747790, 0.43909141, 0.83784091, 0.73500979, 0.86530298, 0.29588640, 0.67230922)
(0.71551615, 0.23993862, 0.26235062, 0.44981036, 0.64941353, 0.34834617, 0.43588904, 0.49352023, 0.55195558, 0.20889676)
(0.63437212, 0.55729532, 0.63981438, 0.66136831, 0.49147424, 0.66736633, 0.71349567, 0.59813333, 0.17743187, 0.72027737)
(0.53027701, 0.69114745, 0.30739036, 0.29081994, 0.85219407, 0.72650641, 0.37979335, 0.38056138, 0.35301533, 0.27943620)
(0.61765295, 0.35332313, 0.29168952, 0.69447762, 0.41937220, 0.49294636, 0.57792288, 0.55900031, 0.61387968, 0.38366285)
(0.71166718, 0.38173401, 0.63125211, 0.41992036, 0.69122952, 0.54258800, 0.63797939, 0.51488858, 0.18931575, 0.52455896)
(0.75122762, 0.40814149, 0.33052817, 0.81942743, 0.41990671, 0.59224695, 0.79911089, 0.53486252, 0.38514349, 0.59570396)
(0.82497752, 0.31508264, 0.21277274, 0.59650463, 0.63475215, 0.36337078, 0.60357207, 0.28817564, 0.51441675, 0.27641067)
(0.52443826, 0.51922786, 0.33404016, 0.18305194, 0.83427620, 0.47644344, 0.23139001, 0.31444898, 0.47913104, 0.15801594)
(0.80681121, 0.36550304, 0.36247995, 0.62235349, 0.71324843, 0.62231779, 0.79746169, 0.52156836, 0.22906046, 0.52220154)
(0.73184741, 0.76608777, 0.63287371, 0.44792449, 0.76238585, 0.72635305, 0.67178679, 0.20811032, 0.14353138, 0.58865601)
(0.83054900, 0.09158024, 0.51137447, 0.56402767, 0.69117022, 0.33964732, 0.66959423, 0.72674525, 0.20941620, 0.38822621)
(0.67197508, 0.54387921, 0.59599209, 0.39113498, 0.76688892, 0.68018323, 0.62334281, 0.50134408, 0.16376218, 0.53001553)
(0.89185148, 0.21543658, 0.11158527, 0.73899728, 0.73296213, 0.47992676, 0.79316801, 0.46689734, 0.44955662, 0.26595145)
(0.78108168, 0.28940049, 0.18143275, 0.45321336, 0.80765224, 0.50211817, 0.58904886, 0.48226267, 0.43160850, 0.22302832)
(0.69896853, 0.30718589, 0.49722204, 0.62641162, 0.48246863, 0.46510419, 0.66276747, 0.54914874, 0.36261076, 0.51294893)
(0.58820188, 0.47364473, 0.26574913, 0.51557875, 0.74461329, 0.73791569, 0.60355735, 0.71016091, 0.35860920, 0.40257731)
(0.85259759, 0.34475169, 0.40204591, 0.63071197, 0.74802691, 0.61198425, 0.83637190, 0.49757117, 0.15942433, 0.55596906)
(0.89707208, 0.46434182, 0.26357061, 0.70093971, 0.79621208, 0.65310657, 0.86971915, 0.28887928, 0.18707180, 0.53384328)
(0.60213709, 0.40119851, 0.28300053, 0.45067081, 0.65797853, 0.52927732, 0.48970950, 0.51256573, 0.52576667, 0.29627192)
(0.84958053, 0.55239654, 0.76902783, 0.49304450, 0.73624057, 0.57794785, 0.78373563, 0.22959307, 0.07761262, 0.65845352)
(0.85844272, 0.49220070, 0.39136922, 0.60576242, 0.61901307, 0.41329476, 0.70859200, 0.13688758, 0.35442370, 0.44165558)
(0.82666200, 0.42211995, 0.53744739, 0.60113788, 0.56178486, 0.39792669, 0.70508552, 0.21494849, 0.28255004, 0.51516229)
(0.69052815, 0.65674782, 0.28810647, 0.42557135, 0.74177873, 0.56649053, 0.49606013, 0.15423654, 0.48496050, 0.28500718)
(0.79763383, 0.26890025, 0.16024518, 0.58708507, 0.65752441, 0.38871232, 0.56817460, 0.39746380, 0.58228320, 0.20968190)
(0.56538111, 0.47696605, 0.26313356, 0.47152352, 0.78515464, 0.76050508, 0.57094920, 0.75301778, 0.33183068, 0.38159031)
(0.57088119, 0.71817297, 0.75955957, 0.48422772, 0.73520428, 0.83441925, 0.65926331, 0.73783833, 0.05552761, 0.76623303)
(0.81019777, 0.56092811, 0.42296508, 0.56045794, 0.62565160, 0.47624585, 0.68505490, 0.14960252, 0.36181113, 0.45418796)
(0.24342889, 0.87321365, 0.28699768, 0.39922822, 0.54000431, 0.68997926, 0.17767462, 0.23692550, 0.68866181, 0.29909959)
(0.63372070, 0.54825395, 0.21178040, 0.65770078, 0.62091982, 0.68541378, 0.65462476, 0.50643837, 0.49156973, 0.42210311)
(0.65697068, 0.30483153, 0.32316285, 0.51369208, 0.73798048, 0.65978074, 0.63323182, 0.79668677, 0.30201274, 0.39763793)
(0.71042246, 0.35723498, 0.33878288, 0.49815089, 0.64854139, 0.48195910, 0.59518206, 0.45366418, 0.42782423, 0.36461079)
(0.60810494, 0.28604323, 0.46223238, 0.61757070, 0.42559260, 0.43033919, 0.54939741, 0.61041802, 0.48866090, 0.44283929)
(0.58571160, 0.51699507, 0.24341659, 0.45423412, 0.64551407, 0.52924925, 0.44724166, 0.36073020, 0.58975643, 0.27820846)
(0.86613202, 0.13918810, 0.35235146, 0.64678413, 0.54007703, 0.21942185, 0.60889912, 0.40532196, 0.41941413, 0.31217006)
(0.82149899, 0.46724239, 0.23693548, 0.93171537, 0.35687104, 0.67741287, 0.89118189, 0.55470043, 0.33413821, 0.69706064)
(0.59154725, 0.22280644, 0.08625972, 0.58403510, 0.53757703, 0.26399869, 0.20859545, 0.48861670, 0.84741145, 0.08357416)
(0.65142775, 0.46121109, 0.22652589, 0.56947714, 0.69784927, 0.66510820, 0.63368416, 0.56024164, 0.44762835, 0.37690377)
(0.80428261, 0.37784615, 0.43733162, 0.53733784, 0.65033746, 0.44261220, 0.68958926, 0.31223279, 0.30502680, 0.45093903)
(0.41693985, 0.48452380, 0.25433815, 0.47661960, 0.70045710, 0.72791654, 0.40377709, 0.81396323, 0.46299273, 0.32218054)
(0.86949909, 0.20094042, 0.11188837, 0.75509506, 0.63198763, 0.40062129, 0.71806288, 0.45179901, 0.57413441, 0.22634363)
(0.84232950, 0.09431478, 0.40107557, 0.56546444, 0.60583776, 0.21611279, 0.55368447, 0.56502932, 0.36785641, 0.27316180)
(0.73551714, 0.65677738, 0.43460286, 0.63676846, 0.84495562, 0.88615340, 0.82589239, 0.74530184, 0.06446717, 0.70601404)
(0.79628897, 0.52681136, 0.72754031, 0.52555102, 0.48596847, 0.32678276, 0.56590945, 0.12482453, 0.26307902, 0.53080297)
(0.91643202, 0.05413695, 0.42069381, 0.84250677, 0.44342718, 0.17691612, 0.74987566, 0.58498549, 0.30868748, 0.40469977)
(0.55250353, 0.61326814, 0.07015712, 0.59415269, 0.75443470, 0.71703440, 0.46785039, 0.45726609, 0.69134665, 0.19253354)
(0.77434629, 0.45523742, 0.60171968, 0.22029519, 0.75050372, 0.26569423, 0.32697743, 0.12786640, 0.32537100, 0.24337828)
(0.82456630, 0.72581750, 0.19517986, 0.78309679, 0.67390013, 0.68267256, 0.80568117, 0.17205782, 0.35283217, 0.52930391)
(0.65605468, 0.35699126, 0.33079436, 0.65177947, 0.53613222, 0.58687782, 0.66924363, 0.64625728, 0.44708797, 0.45279446)
(0.52856880, 0.33110324, 0.34934014, 0.43504137, 0.47542426, 0.30084199, 0.26923889, 0.41554895, 0.67029750, 0.23261999)
(0.65157908, 0.32220060, 0.41464660, 0.34317815, 0.70335317, 0.43119851, 0.45015669, 0.50722307, 0.40027493, 0.30607593)
(0.84210837, 0.31237417, 0.41489035, 0.77006602, 0.54370946, 0.53324234, 0.84492058, 0.49778977, 0.23006894, 0.60518837)
(0.58945054, 0.63789994, 0.15880916, 0.64869750, 0.58295047, 0.62513387, 0.53454399, 0.33757120, 0.65027797, 0.32414380)
(0.50814307, 0.54232222, 0.11461446, 0.51388663, 0.56717914, 0.42578939, 0.26691416, 0.23927414, 0.80203289, 0.15029794)
(0.47656524, 0.53028584, 0.23078997, 0.46032974, 0.65912980, 0.62982714, 0.41076007, 0.55547643, 0.58405507, 0.28324229)
(0.86956930, 0.41339421, 0.58696198, 0.70866597, 0.52320606, 0.42118555, 0.79325145, 0.22052856, 0.19261222, 0.62530029)
(0.61853725, 0.65526986, 0.86569643, 0.53587162, 0.50823516, 0.64710933, 0.62389928, 0.51762682, 0.08509313, 0.78443044)
(0.93242729, 0.10523656, 0.41656435, 0.88993526, 0.38637593, 0.23791359, 0.85123593, 0.40676236, 0.26823190, 0.54024225)
(0.75816429, 0.25204924, 0.22641997, 0.70024270, 0.47116360, 0.36978567, 0.59542644, 0.46028185, 0.61521763, 0.29363883)
(0.64006639, 0.31404784, 0.29520622, 0.64503354, 0.45841989, 0.44866380, 0.54935992, 0.54757357, 0.60355198, 0.34428984)
(0.47692955, 0.16173387, 0.28328946, 0.77440608, 0.29089674, 0.32761776, 0.33071452, 0.83235842, 0.70626885, 0.30151570)
(0.41569105, 0.52367806, 0.27881044, 0.59030932, 0.59524173, 0.75200957, 0.47348869, 0.82183468, 0.46390465, 0.41301942)
(0.66623515, 0.42076558, 0.39716816, 0.46917894, 0.75579160, 0.68856817, 0.65133375, 0.66062361, 0.25246638, 0.46047896)
(0.42211863, 0.89015412, 0.59056324, 0.61743093, 0.47941533, 0.84350830, 0.55511630, 0.43494150, 0.25853986, 0.69327027)
(0.63725072, 0.51349860, 0.26630646, 0.59287763, 0.69020540, 0.71891493, 0.66499931, 0.60092789, 0.37586075, 0.45462367)
(0.66746831, 0.30274540, 0.22796020, 0.54353839, 0.63692212, 0.49681476, 0.53878903, 0.57938749, 0.55404413, 0.26949456)
(0.59007764, 0.52274609, 0.30757937, 0.49497402, 0.76567066, 0.76163691, 0.60996050, 0.69447970, 0.29695231, 0.44245458)
(0.81196368, 0.19547322, 0.15232278, 0.55116886, 0.76168972, 0.44571683, 0.61613685, 0.58251822, 0.48351690, 0.19915737)
(0.53516275, 0.49315223, 0.39879575, 0.82210165, 0.19742920, 0.47060850, 0.55607301, 0.43966901, 0.57474446, 0.58426446)
(0.69200194, 0.69505286, 0.21708751, 0.50087988, 0.69894189, 0.56841940, 0.50356144, 0.13004403, 0.57432717, 0.27175546)
(0.55320042, 0.35331705, 0.32306573, 0.70595783, 0.37540701, 0.50963289, 0.53721541, 0.65343106, 0.61067969, 0.40877041)
(0.76977432, 0.45665327, 0.17431916, 0.70299339, 0.74138385, 0.73044235, 0.78644741, 0.57577169, 0.34300116, 0.44993800)
(0.44218865, 0.53165990, 0.21677692, 0.54888588, 0.56921232, 0.62636817, 0.41332537, 0.60115612, 0.64165753, 0.30392462)
(0.79847914, 0.16288671, 0.20340998, 0.76813668, 0.56943136, 0.47969639, 0.74515957, 0.70998794, 0.47796953, 0.33533978)
(0.47397840, 0.66618550, 0.67301965, 0.28838596, 0.71008807, 0.66979766, 0.38935852, 0.49531761, 0.23026296, 0.48781663)
(0.20794789, 0.61659199, 0.13905291, 0.67411506, 0.64900851, 0.87322176, 0.24185243, 0.96230412, 0.52907819, 0.29683557)
(0.81939983, 0.54361075, 0.34398535, 0.60919005, 0.73528451, 0.62867880, 0.77733517, 0.26527157, 0.25690615, 0.50761157)
(0.86574578, 0.34578270, 0.52440417, 0.44224590, 0.89305782, 0.69339651, 0.81699347, 0.56863832, 0.06364032, 0.54069424)
(0.76572013, 0.68143916, 0.32445580, 0.53268540, 0.75620282, 0.64893240, 0.67653388, 0.16385542, 0.32849744, 0.42181119)
(0.90088600, 0.28418341, 0.71772867, 0.47663966, 0.69795907, 0.27540216, 0.68118066, 0.17927623, 0.13609903, 0.49071455)
(0.67091578, 0.26597932, 0.28815946, 0.44484606, 0.59600878, 0.33356726, 0.38946348, 0.46516186, 0.59274936, 0.21285701)
(0.64569187, 0.54211986, 0.13366778, 0.73473072, 0.61860055, 0.70776874, 0.67023289, 0.54013574, 0.55934846, 0.36641249)
(0.50240535, 0.24900801, 0.15540515, 0.69787979, 0.36475942, 0.32453135, 0.28982073, 0.58115447, 0.81540167, 0.18737033)
(0.62112725, 0.87909865, 0.12339362, 0.80974418, 0.53852880, 0.75176007, 0.60193431, 0.18415593, 0.62151134, 0.43454042)
(0.56154877, 0.65100497, 0.34046218, 0.45392752, 0.68186879, 0.65795350, 0.49470204, 0.35069513, 0.44739696, 0.38417417)
(0.52521425, 0.35918957, 0.28214493, 0.79637522, 0.30267450, 0.54151499, 0.54523480, 0.72214818, 0.63927191, 0.43636957)
(0.61277640, 0.37389052, 0.37857208, 0.91820502, 0.12482812, 0.40859807, 0.63207942, 0.51086867, 0.55724889, 0.63905007)
(0.49972001, 0.87500554, 0.69048309, 0.66179734, 0.36107063, 0.70959789, 0.55112284, 0.24972782, 0.26641166, 0.73376125)
(0.86096716, 0.20726755, 0.22476497, 0.80823624, 0.38767830, 0.26865491, 0.67423415, 0.30826917, 0.59076583, 0.33735135)
(0.88223177, 0.21627700, 0.22469641, 0.70744342, 0.73374248, 0.51129019, 0.82642335, 0.51827765, 0.28858018, 0.39402553)
(0.91955608, 0.30326939, 0.30016103, 0.83768123, 0.55004555, 0.42267457, 0.87736303, 0.24164471, 0.26388475, 0.56563157)
(0.73012489, 0.55311871, 0.45051309, 0.44489637, 0.73561019, 0.59110594, 0.62514818, 0.28544146, 0.29655424, 0.43628901)
(0.69130087, 0.16006811, 0.33614695, 0.43189070, 0.64348733, 0.31359309, 0.41038293, 0.63905829, 0.49250448, 0.21997769)
(0.74666715, 0.48839682, 0.53253442, 0.48708165, 0.79301274, 0.72342306, 0.74596572, 0.58643061, 0.12032554, 0.58474249)
(0.72336638, 0.45651802, 0.42006075, 0.73687106, 0.45489976, 0.57477885, 0.75756204, 0.46651626, 0.34191582, 0.60537207)
(0.38334137, 0.80645603, 0.55689991, 0.49415040, 0.47477293, 0.70716524, 0.40454638, 0.38889256, 0.40983522, 0.56047815)
(0.68881243, 0.70813918, 0.62550116, 0.63325316, 0.53973877, 0.68534631, 0.73495024, 0.31445941, 0.19000962, 0.69141138)
(0.67011595, 0.59766656, 0.24524345, 0.49598452, 0.69851238, 0.58150756, 0.53871137, 0.24192165, 0.51736647, 0.31391910)
(0.65959615, 0.43594721, 0.15060073, 0.73434353, 0.56426460, 0.63548571, 0.66158324, 0.55838782, 0.60750645, 0.34333512)
(0.69682038, 0.19679481, 0.31029895, 0.71999151, 0.51653153, 0.51383758, 0.67587012, 0.78277594, 0.43711790, 0.40080363)
(0.77621794, 0.40056452, 0.13680936, 0.81134903, 0.65169120, 0.73976541, 0.82789826, 0.68193299, 0.41481614, 0.45302594)
(0.85862750, 0.20437950, 0.20865215, 0.70673257, 0.37800455, 0.11627635, 0.38734815, 0.10850991, 0.68722701, 0.23410545)
(0.79968578, 0.74954313, 0.62045401, 0.36288387, 0.81199670, 0.62808287, 0.62417072, 0.10211840, 0.16680577, 0.47530347)
(0.45339817, 0.84334630, 0.63418323, 0.63065732, 0.39060122, 0.75858456, 0.56006354, 0.40357542, 0.29105341, 0.70303929)
(0.79905415, 0.29862711, 0.28094128, 0.58313954, 0.82346308, 0.70566297, 0.78534079, 0.75259984, 0.18164846, 0.45024276)
(0.82615256, 0.05932203, 0.17959088, 0.84902680, 0.35728222, 0.16423187, 0.51135606, 0.68220752, 0.69869161, 0.19483073)
(0.64564800, 0.57781053, 0.47481656, 0.46871117, 0.63116217, 0.58685756, 0.58311599, 0.32150641, 0.36789459, 0.46446615)
(0.81607825, 0.58894944, 0.26124704, 0.86439323, 0.46518382, 0.64160067, 0.84692317, 0.31529820, 0.34101614, 0.64718336)
(0.47800031, 0.59738302, 0.30103403, 0.31532231, 0.83852035, 0.74436229, 0.39438406, 0.62387085, 0.33047178, 0.31535286)
(0.78045428, 0.45388019, 0.11524362, 0.54941517, 0.81363946, 0.59766775, 0.63761479, 0.33533767, 0.48261848, 0.24420418)
(0.59712076, 0.46300581, 0.34787425, 0.47818521, 0.69551235, 0.66160548, 0.58238912, 0.60485113, 0.37334186, 0.41737267)
(0.71604860, 0.48678771, 0.11495969, 0.70540541, 0.69598752, 0.68665791, 0.70125538, 0.48752660, 0.54419100, 0.32663482)
(0.65226859, 0.41762158, 0.30301750, 0.73028594, 0.49001065, 0.64280659, 0.71076953, 0.65361667, 0.44919795, 0.50648844)
(0.84430903, 0.26085493, 0.16945250, 0.57242668, 0.68438977, 0.33590484, 0.57621872, 0.31250727, 0.53622931, 0.21014354)
(0.48217684, 0.60121149, 0.75261927, 0.35441047, 0.72189903, 0.74323750, 0.47995546, 0.75608391, 0.10596611, 0.63890398)
(0.65776271, 0.59600562, 0.24716029, 0.46500498, 0.83700156, 0.76331198, 0.61127228, 0.48946193, 0.29613307, 0.38340008)
(0.84822661, 0.58322972, 0.60700256, 0.75685292, 0.33687901, 0.29513681, 0.64542878, 0.06128923, 0.31361651, 0.60690826)
(0.61330450, 0.40637305, 0.29914483, 0.56174302, 0.69014025, 0.70969802, 0.64530218, 0.76270527, 0.34905294, 0.43747187)
(0.69276160, 0.29924050, 0.32953918, 0.63315696, 0.54291099, 0.51183468, 0.65870428, 0.59225088, 0.46937937, 0.40738982)
(0.80991906, 0.39917210, 0.49385732, 0.41600665, 0.66618299, 0.32984412, 0.53747553, 0.20379972, 0.33881801, 0.36049664)
(0.69548059, 0.36312914, 0.46731457, 0.28272477, 0.70911711, 0.32880637, 0.36498231, 0.30602461, 0.40395015, 0.25691649)
(0.87644690, 0.57371598, 0.54859585, 0.56805730, 0.79781801, 0.64480668, 0.83288205, 0.20684627, 0.10460213, 0.59977376)
(0.78004742, 0.36955020, 0.19477278, 0.62383074, 0.64494324, 0.48532277, 0.65664107, 0.36630720, 0.51322162, 0.31247747)
(0.61357987, 0.50010180, 0.20097947, 0.95193529, 0.15771274, 0.64004916, 0.73094708, 0.67090768, 0.61441237, 0.62476265)
(0.78574479, 0.12815493, 0.32531938, 0.32664999, 0.83436501, 0.36742800, 0.49318063, 0.70082742, 0.29769537, 0.20568928)
(0.77968043, 0.31509221, 0.75926054, 0.28324378, 0.67745495, 0.23621319, 0.38327417, 0.21554418, 0.22634138, 0.36556187)
(0.37469193, 0.79141331, 0.51211673, 0.62327856, 0.33659813, 0.69566458, 0.43987501, 0.41131237, 0.48289508, 0.59689045)
(0.80762285, 0.35787955, 0.25733891, 0.71406567, 0.72015452, 0.70534408, 0.83595645, 0.66342771, 0.24227828, 0.52549005)
(0.68749666, 0.40978619, 0.22062485, 0.43147832, 0.83906907, 0.67089510, 0.59183693, 0.54645383, 0.35230696, 0.30032778)
(0.87824637, 0.55014414, 0.75265110, 0.46505913, 0.72499460, 0.47779241, 0.74930948, 0.13482785, 0.10417593, 0.58910257)
(0.88578564, 0.62634373, 0.61377203, 0.50352681, 0.78026104, 0.55549341, 0.78635842, 0.10323440, 0.12362216, 0.55489135)
(0.85494018, 0.24823901, 0.21590751, 0.45632380, 0.69815058, 0.22541296, 0.43517581, 0.21577618, 0.52417010, 0.17839098)
(0.62566787, 0.42530105, 0.17197056, 0.57888705, 0.56474572, 0.48000321, 0.46220762, 0.40256086, 0.68955541, 0.23277229)
(0.84199917, 0.14439569, 0.56268191, 0.37601173, 0.83761662, 0.42460120, 0.66024220, 0.65583444, 0.12397320, 0.39172363)
(0.62728554, 0.41355267, 0.28311005, 0.22032733, 0.77472609, 0.30858180, 0.21500038, 0.23964168, 0.56484908, 0.12623577)
(0.72506821, 0.38809413, 0.28665942, 0.47486964, 0.79713655, 0.64148873, 0.65793300, 0.53068066, 0.30998427, 0.37196901)
(0.59146506, 0.40733051, 0.33945027, 0.52071363, 0.67449367, 0.67370808, 0.59928054, 0.73328060, 0.36200973, 0.42755795)
(0.56645489, 0.51276171, 0.35017270, 0.54131752, 0.66571647, 0.72661144, 0.61369526, 0.68965274, 0.34512138, 0.48200008)
(0.66281545, 0.44033882, 0.68541408, 0.40209243, 0.71919900, 0.63250691, 0.62799960, 0.61326295, 0.13796146, 0.57835335)
(0.57052135, 0.35069972, 0.55640125, 0.29755113, 0.51894706, 0.21947192, 0.20440497, 0.26950312, 0.55699438, 0.24259786)
(0.76402962, 0.76730669, 0.54941308, 0.57018912, 0.59894776, 0.59844971, 0.68312365, 0.09812187, 0.27328408, 0.56177437)
(0.81333601, 0.16848131, 0.30390614, 0.59784091, 0.40356335, 0.08623717, 0.25394487, 0.14378199, 0.66901821, 0.21594144)
(0.83072394, 0.42229450, 0.25074896, 0.62805903, 0.69826019, 0.51643717, 0.74675673, 0.28881758, 0.36430174, 0.41575822)
(0.75786430, 0.53687972, 0.52313489, 0.59478462, 0.65416604, 0.64936858, 0.76920408, 0.39132905, 0.19496402, 0.61124277)
(0.63110101, 0.59103316, 0.40531248, 0.33176249, 0.73588991, 0.53724486, 0.43305451, 0.23280333, 0.43358505, 0.29692996)
(0.66591233, 0.52618170, 0.29836449, 0.59567314, 0.75202805, 0.77912509, 0.71267587, 0.68755829, 0.25056583, 0.51385754)
(0.54156280, 0.56227803, 0.48489070, 0.69238162, 0.28916663, 0.47516271, 0.52005154, 0.32738528, 0.50661981, 0.56352729)
(0.37411848, 0.80960244, 0.68071401, 0.37620187, 0.61076164, 0.73315078, 0.35974115, 0.46764669, 0.24308334, 0.58335334)
(0.72599024, 0.37376639, 0.46166682, 0.34904388, 0.82417464, 0.60264605, 0.60914451, 0.52362323, 0.20976958, 0.39341298)
(0.52445793, 0.62930739, 0.41830248, 0.73358297, 0.31118643, 0.58792943, 0.56655258, 0.42494062, 0.51242024, 0.58361763)
(0.62176031, 0.56490940, 0.10729373, 0.57455635, 0.57438165, 0.40641704, 0.33885375, 0.15835463, 0.77488720, 0.17143059)
(0.89972174, 0.56793159, 0.49150082, 0.70809299, 0.70568466, 0.60766941, 0.88584578, 0.16180232, 0.12124135, 0.65502113)
(0.73422313, 0.70025200, 0.44785476, 0.86524570, 0.33551753, 0.66358608, 0.80851460, 0.33565307, 0.26673466, 0.76177663)
(0.70691836, 0.17266606, 0.09290957, 0.53385657, 0.66083711, 0.27922183, 0.28176081, 0.54719454, 0.77333874, 0.08042484)
(0.73453885, 0.61967176, 0.34201592, 0.46045476, 0.84161228, 0.74979568, 0.67292809, 0.36266232, 0.22648829, 0.43453658)
(0.73052764, 0.30686980, 0.16764596, 0.71982843, 0.64985788, 0.64953601, 0.73547208, 0.70474881, 0.47982860, 0.35857534)
(0.80042720, 0.28431043, 0.15350363, 0.62860537, 0.78476918, 0.63011181, 0.75313443, 0.61766058, 0.39365825, 0.31109583)
(0.71977025, 0.36329156, 0.36016062, 0.51978099, 0.70523202, 0.59258831, 0.67983460, 0.55443633, 0.31935817, 0.43352038)
(0.87153113, 0.34476942, 0.52128094, 0.69689167, 0.59860736, 0.46655867, 0.82801074, 0.32544944, 0.17921089, 0.60432726)
(0.62013149, 0.65503138, 0.29782027, 0.32974574, 0.90429145, 0.81184942, 0.52987719, 0.51831251, 0.20852359, 0.35125825)
(0.75263417, 0.19535555, 0.49659583, 0.50913125, 0.57486296, 0.32246682, 0.54798418, 0.52899337, 0.35943249, 0.37272480)
(0.62342358, 0.19671369, 0.45802295, 0.33309180, 0.62524444, 0.27433193, 0.29881704, 0.56557560, 0.48262337, 0.23345241)
(0.64201283, 0.36665186, 0.54904276, 0.59408879, 0.63757282, 0.67680395, 0.67287022, 0.79913056, 0.17766248, 0.60012943)
(0.69607913, 0.33395925, 0.37198111, 0.64703417, 0.56445384, 0.58437705, 0.70856601, 0.65165138, 0.36441487, 0.48905057)
(0.53809816, 0.58892030, 0.09475069, 0.60614431, 0.66261923, 0.65532601, 0.45547289, 0.42458305, 0.72404510, 0.20980617)
(0.61732072, 0.28982940, 0.28704590, 0.21033593, 0.88342035, 0.52412504, 0.35612372, 0.63753897, 0.35185722, 0.17759678)
(0.52711523, 0.44888535, 0.53342980, 0.21930419, 0.65043044, 0.31091854, 0.20141199, 0.27158013, 0.51479399, 0.21362536)
(0.53283453, 0.32742381, 0.25497124, 0.95139593, 0.06498943, 0.27729893, 0.45796919, 0.44900367, 0.76313651, 0.54044676)
(0.75657260, 0.08555410, 0.29318613, 0.53912914, 0.64103830, 0.26680017, 0.46655208, 0.73693901, 0.47025785, 0.20101361)
(0.74553001, 0.42752516, 0.66122353, 0.33256486, 0.76602852, 0.51773453, 0.58755612, 0.37918869, 0.16900727, 0.46752632)
(0.76234531, 0.36771980, 0.16456328, 0.69116688, 0.54401767, 0.44820938, 0.62060457, 0.35087487, 0.62865514, 0.28340179)
(0.75611889, 0.59178668, 0.58807057, 0.53742981, 0.65381163, 0.61040884, 0.72807032, 0.27262974, 0.19784141, 0.58821046)
(0.44794625, 0.59990448, 0.26324347, 0.49891761, 0.70375443, 0.76980060, 0.48319459, 0.71219641, 0.42738131, 0.38902205)
(0.63475776, 0.48640585, 0.20640923, 0.66209215, 0.57827544, 0.62853938, 0.63381261, 0.50456423, 0.55494845, 0.37897566)
(0.79349136, 0.34087336, 0.31720659, 0.46225193, 0.73261774, 0.42955995, 0.60677391, 0.34960970, 0.36274558, 0.32892936)
(0.57711005, 0.89703780, 0.62070376, 0.78381974, 0.41150239, 0.84319508, 0.74594903, 0.37890294, 0.16151138, 0.82149440)
(0.90378177, 0.27502525, 0.13897224, 0.73390657, 0.58231068, 0.26124704, 0.63841110, 0.15682203, 0.58606142, 0.23832564)
(0.81906873, 0.56829035, 0.45571071, 0.85135877, 0.35930526, 0.52713454, 0.81864536, 0.23656847, 0.26672199, 0.71972096)
(0.66492271, 0.38381973, 0.30173701, 0.37305164, 0.64566469, 0.33715537, 0.35213223, 0.29877210, 0.56699675, 0.21890357)
(0.88740373, 0.29069701, 0.17745097, 0.85693806, 0.47258890, 0.41545591, 0.82293272, 0.29337263, 0.49692059, 0.42843035)
(0.63483363, 0.58663857, 0.10018509, 0.41495627, 0.82942712, 0.60873812, 0.40301454, 0.28503430, 0.61409104, 0.16138454)
(0.65589792, 0.45951977, 0.22130880, 0.44706821, 0.82735485, 0.70257819, 0.58328944, 0.56401503, 0.35690650, 0.32019344)
(0.52767968, 0.52809376, 0.32933885, 0.43804511, 0.75951099, 0.74649125, 0.52949899, 0.70852208, 0.32463443, 0.40953925)
(0.43846732, 0.57105982, 0.10536232, 0.65733337, 0.71228468, 0.83701181, 0.52417892, 0.84106135, 0.54922801, 0.29849255)
(0.74669147, 0.68232322, 0.53878677, 0.62480927, 0.74489957, 0.80339301, 0.80677587, 0.47884217, 0.10500985, 0.70258695)
(0.75864804, 0.34265023, 0.44994095, 0.48198137, 0.69939184, 0.50421250, 0.67288095, 0.45536685, 0.27586859, 0.44745815)
(0.81024671, 0.61843276, 0.71088296, 0.44070500, 0.71604681, 0.55649489, 0.69320083, 0.17529045, 0.13910125, 0.57092309)
(0.79285854, 0.35313132, 0.87817192, 0.74272519, 0.40122628, 0.41129857, 0.72208309, 0.46514958, 0.07537408, 0.81236827)
(0.74731040, 0.81249315, 0.67016214, 0.47201249, 0.75714815, 0.74682176, 0.69402635, 0.17237219, 0.11915455, 0.62995440)
(0.79063815, 0.13789736, 0.18211363, 0.38743341, 0.77159089, 0.27626422, 0.38002232, 0.55835134, 0.53827536, 0.11614604)
(0.55369222, 0.42259023, 0.26952848, 0.54949969, 0.55778509, 0.55063981, 0.49782622, 0.54348189, 0.59704828, 0.32367828)
(0.79994237, 0.21477909, 0.27144465, 0.71978104, 0.36534682, 0.19255967, 0.47162029, 0.24817227, 0.64658910, 0.30510554)
(0.57992786, 0.72988886, 0.61480582, 0.78411174, 0.27483669, 0.61138511, 0.64171481, 0.35054964, 0.29594982, 0.74995112)
(0.61843938, 0.54532820, 0.23722006, 0.38842657, 0.88636827, 0.79702777, 0.56247139, 0.64411795, 0.25191867, 0.33997077)
(0.72779274, 0.33731949, 0.49040312, 0.49908325, 0.70850903, 0.60253793, 0.69933319, 0.64133900, 0.21093622, 0.50449753)
(0.82426912, 0.15672849, 0.05787226, 0.90190679, 0.53604054, 0.53493541, 0.77482831, 0.74678558, 0.69454157, 0.22958007)
(0.75524747, 0.40803292, 0.33445573, 0.68823200, 0.57071090, 0.58590358, 0.76558757, 0.47959328, 0.36006594, 0.52190971)
(0.79376841, 0.33783647, 0.41995096, 0.68033189, 0.61098742, 0.58134168, 0.80345112, 0.55829269, 0.23726419, 0.56987500)
(0.32822227, 0.58931929, 0.21896155, 0.37682489, 0.75801051, 0.74868661, 0.28442854, 0.78046906, 0.51126039, 0.25598082)
(0.78986776, 0.42791960, 0.46904892, 0.53428543, 0.68121356, 0.53139478, 0.72200388, 0.34741127, 0.25545430, 0.50009376)
(0.79592651, 0.17302209, 0.10815535, 0.89705300, 0.41789964, 0.47644874, 0.75206971, 0.69475406, 0.67361993, 0.29863781)
(0.57645917, 0.44133982, 0.27042601, 0.51367348, 0.69517547, 0.68245780, 0.57353157, 0.67948973, 0.43016386, 0.37516978)
(0.77650440, 0.15022875, 0.40888047, 0.15925370, 0.88307744, 0.23709393, 0.26895937, 0.50444305, 0.27887708, 0.13715793)
(0.63405055, 0.39837402, 0.10724618, 0.58983988, 0.59873384, 0.45136186, 0.39575753, 0.39318621, 0.76099491, 0.15704717)
(0.83017552, 0.15128103, 0.16824758, 0.80191636, 0.55167216, 0.44180807, 0.75663376, 0.66814405, 0.51456571, 0.30897334)
(0.74929905, 0.45509130, 0.14769305, 0.75864834, 0.57141155, 0.59263670, 0.72534186, 0.39491576, 0.58133972, 0.36662859)
(0.69531190, 0.18381125, 0.63752407, 0.25020447, 0.66696984, 0.19784959, 0.25536212, 0.42794836, 0.34802443, 0.24913599)
(0.84143865, 0.21133491, 0.19595151, 0.71990687, 0.51165307, 0.31348988, 0.63963968, 0.37498888, 0.58425623, 0.27257481)
(0.61000729, 0.57596290, 0.15221775, 0.66660792, 0.52789903, 0.55416226, 0.52619922, 0.29151508, 0.69890928, 0.29427680)
(0.78394556, 0.06717551, 0.14894457, 0.92161351, 0.31250110, 0.30740491, 0.66379130, 0.85175425, 0.66585028, 0.26701942)
(0.62263376, 0.56640089, 0.39766809, 0.41705337, 0.83804721, 0.79440165, 0.62051922, 0.68619198, 0.17524076, 0.49047139)
(0.81620228, 0.34659156, 0.16904855, 0.64052147, 0.84842318, 0.75049657, 0.80863649, 0.67812473, 0.23958214, 0.40639958)
(0.65541399, 0.45837158, 0.34035119, 0.28285000, 0.80704874, 0.50990820, 0.41671607, 0.34591764, 0.39963916, 0.24161027)
(0.72063112, 0.51652247, 0.87001526, 0.59225929, 0.45232961, 0.49821705, 0.66198450, 0.37769094, 0.10523020, 0.75630599)
(0.47526553, 0.60776716, 0.57908678, 0.25605586, 0.79352057, 0.69681406, 0.37972003, 0.59738445, 0.22504722, 0.42149776)
(0.69019312, 0.65609705, 0.67472088, 0.87853259, 0.27127004, 0.67557412, 0.79546756, 0.53603470, 0.14398476, 0.85260004)
(0.55303985, 0.21441410, 0.36613089, 0.41080689, 0.48115289, 0.20014946, 0.19336212, 0.47208300, 0.68951845, 0.18193291)
(0.67883211, 0.67130369, 0.24936005, 0.76003391, 0.52976704, 0.69179273, 0.71875781, 0.38635534, 0.44856218, 0.54428792)
(0.60904908, 0.42147744, 0.25692019, 0.62764466, 0.56380475, 0.61295050, 0.61216110, 0.59983069, 0.53123516, 0.38784236)
(0.63410079, 0.47428465, 0.19612172, 0.88468426, 0.18867967, 0.40740061, 0.57073760, 0.26811463, 0.72775644, 0.45538515)
(0.69940645, 0.74703282, 0.60802341, 0.39138538, 0.72500199, 0.64332569, 0.56873196, 0.16111876, 0.23758894, 0.49243695)
(0.53380948, 0.61791366, 0.45028773, 0.86645669, 0.14782771, 0.47449544, 0.55667460, 0.31219706, 0.52036637, 0.67306787)
(0.87034726, 0.44816673, 0.42471570, 0.49119392, 0.76763314, 0.45840400, 0.72201681, 0.18496445, 0.23606321, 0.41883582)
(0.76966345, 0.45097390, 0.29894644, 0.60582119, 0.63546020, 0.52291769, 0.69966453, 0.31849408, 0.40708238, 0.43431398)
(0.73189926, 0.42918772, 0.19675374, 0.80790597, 0.43118125, 0.56111419, 0.72997254, 0.43220991, 0.59799021, 0.42594337)
(0.66950208, 0.18041612, 0.41600552, 0.53186095, 0.51572853, 0.30747283, 0.45403460, 0.60521328, 0.50203586, 0.31047904)
(0.81915975, 0.46794268, 0.22043356, 0.74412346, 0.66209489, 0.64753067, 0.82264096, 0.39665398, 0.34102008, 0.51438940)
(0.54462618, 0.43224454, 0.49386051, 0.84177488, 0.17113876, 0.44068870, 0.57250541, 0.52315646, 0.49512663, 0.64533490)
(0.62976485, 0.03385242, 0.16216685, 0.78787535, 0.46613073, 0.19895081, 0.26122859, 0.93908912, 0.71662021, 0.12246109)
(0.70193398, 0.36209428, 0.49958253, 0.35811710, 0.64997679, 0.36644322, 0.45895806, 0.35007265, 0.38227433, 0.34131822)
(0.71113366, 0.52254081, 0.48284549, 0.50253898, 0.80493915, 0.77629054, 0.73800015, 0.66614217, 0.12180135, 0.59044319)
(0.58598167, 0.46839395, 0.24785538, 0.46373931, 0.74594873, 0.66975653, 0.53360271, 0.59998453, 0.43470460, 0.33219168)
(0.76786506, 0.28006023, 0.27083638, 0.48895770, 0.78562510, 0.56587058, 0.67757022, 0.57157278, 0.33271432, 0.33136827)
(0.57717866, 0.29263446, 0.27094242, 0.61498219, 0.49632028, 0.47163543, 0.48461881, 0.65073299, 0.62688208, 0.30138084)
(0.82512301, 0.33693165, 0.32301340, 0.80712390, 0.44307333, 0.45741102, 0.79535866, 0.36457479, 0.39661443, 0.53969496)
(0.83299774, 0.16128659, 0.57146406, 0.33044833, 0.72638136, 0.20023797, 0.42213562, 0.36817190, 0.25241128, 0.28544283)
(0.60952038, 0.42335281, 0.43891439, 0.22514617, 0.66156781, 0.22751229, 0.17109077, 0.17488357, 0.57935703, 0.15211304)
(0.46441132, 0.45926529, 0.28297964, 0.58192438, 0.51404339, 0.60509998, 0.46322703, 0.67291260, 0.59256142, 0.36416811)
(0.75072926, 0.50084788, 0.55999696, 0.48193878, 0.68893230, 0.57466131, 0.68970531, 0.34369174, 0.21887417, 0.52761281)
(0.54324824, 0.67762417, 0.48660281, 0.53107703, 0.64587462, 0.76009750, 0.60819858, 0.56063539, 0.25789317, 0.59222144)
(0.82489288, 0.60335243, 0.72806519, 0.69824123, 0.55153239, 0.62287498, 0.84023207, 0.27838871, 0.09505695, 0.76628721)
(0.92409110, 0.07779247, 0.18463260, 0.87980980, 0.48266113, 0.27658117, 0.83011258, 0.57462358, 0.43181303, 0.32023650)
(0.69323903, 0.26425254, 0.41178289, 0.37380207, 0.67184788, 0.36462310, 0.44809332, 0.50589049, 0.41556734, 0.29018506)
(0.69071102, 0.52959490, 0.58786577, 0.40897894, 0.60187107, 0.45616981, 0.53686637, 0.24492849, 0.34747225, 0.44428754)
(0.65818596, 0.37182978, 0.14427198, 0.77878374, 0.58171862, 0.70777839, 0.71058357, 0.76115143, 0.53967148, 0.37624663)
(0.76346689, 0.37769318, 0.52122343, 0.72554272, 0.66412520, 0.73989946, 0.83278978, 0.78880024, 0.10370370, 0.70056295)
(0.65630633, 0.54391456, 0.48685709, 0.38674194, 0.55065364, 0.34902060, 0.36717770, 0.15332519, 0.51964962, 0.31804630)
(0.82439852, 0.52496666, 0.44004959, 0.65056211, 0.65801853, 0.59845555, 0.80777091, 0.26441228, 0.22033390, 0.58207881)
(0.66639668, 0.58071089, 0.17998303, 0.59264231, 0.77409917, 0.75553286, 0.66357738, 0.51012331, 0.38567278, 0.39877519)
(0.84541780, 0.15479046, 0.26338732, 0.53857386, 0.65318960, 0.26016879, 0.54356927, 0.44895729, 0.47002682, 0.21943177)
(0.80404234, 0.30210811, 0.32897168, 0.50585657, 0.67580390, 0.38093141, 0.60923773, 0.35720778, 0.38852185, 0.33482954)
(0.84135610, 0.31409004, 0.36075822, 0.75541455, 0.54033417, 0.48885646, 0.81891495, 0.41152275, 0.30411807, 0.54247892)
(0.75519598, 0.31745002, 0.16900171, 0.75643921, 0.39779362, 0.34323367, 0.55900496, 0.29301101, 0.70087975, 0.28301409)
(0.78613520, 0.79327637, 0.18563017, 0.85083961, 0.56299371, 0.71532112, 0.80073464, 0.20024288, 0.38969329, 0.60354072)
(0.91077793, 0.11312322, 0.37124324, 0.86962610, 0.35635763, 0.21767053, 0.79156899, 0.39430490, 0.37615567, 0.47894189)
(0.13090467, 0.76224059, 0.16041306, 0.37096667, 0.49610326, 0.53322393, 0.05490920, 0.40339652, 0.85092765, 0.14459316)
(0.72182930, 0.70779914, 0.77519763, 0.56798267, 0.57999581, 0.66992682, 0.72927219, 0.29303539, 0.11316393, 0.72820503)
(0.68367565, 0.22182217, 0.27304223, 0.73450023, 0.46915847, 0.47962931, 0.64533246, 0.70634502, 0.53895491, 0.36884090)
(0.52860612, 0.42434382, 0.45838708, 0.19557177, 0.72930974, 0.32985932, 0.19701578, 0.30949682, 0.50251681, 0.17914665)
(0.69051951, 0.37944743, 0.25919721, 0.40586689, 0.69643319, 0.41826594, 0.44576040, 0.36579040, 0.52628177, 0.23541726)
(0.72084945, 0.63450605, 0.21737407, 0.79599929, 0.63685864, 0.80655724, 0.81580770, 0.58262652, 0.30906454, 0.60694677)
(0.58149767, 0.68051636, 0.26421744, 0.43876153, 0.59505278, 0.47588000, 0.36174059, 0.13157430, 0.65737838, 0.25060257)
(0.73239541, 0.28243014, 0.44928470, 0.41170430, 0.61044818, 0.30290702, 0.44996029, 0.38003844, 0.42192915, 0.32016423)
(0.75901055, 0.30099413, 0.12633429, 0.53720564, 0.70849156, 0.42376697, 0.49947366, 0.41370130, 0.62576872, 0.16704760)
(0.77066767, 0.11651536, 0.16400330, 0.68459344, 0.61173862, 0.37139368, 0.57841802, 0.74036783, 0.57700598, 0.20030713)
(0.69380820, 0.30556116, 0.45915890, 0.44647613, 0.54639977, 0.31730351, 0.44575632, 0.39136198, 0.46591979, 0.34510982)
(0.45867530, 0.36139262, 0.28122142, 0.80690694, 0.31266686, 0.60725820, 0.49850756, 0.84485132, 0.61205113, 0.44302532)
(0.72825050, 0.41444647, 0.34212801, 0.85787439, 0.39220333, 0.65649384, 0.81561410, 0.66419959, 0.33359805, 0.65217674)
(0.74479073, 0.44414249, 0.29401678, 0.78865170, 0.30790880, 0.34417865, 0.59638667, 0.16499588, 0.59194624, 0.47456819)
(0.61911178, 0.56494921, 0.72490072, 0.30375192, 0.72941786, 0.60439831, 0.49572143, 0.42518461, 0.17214793, 0.51095068)
(0.82443660, 0.49895677, 0.49821982, 0.69912827, 0.61787081, 0.62885034, 0.84631515, 0.36062655, 0.16622756, 0.66257900)
(0.59554273, 0.66959977, 0.12993924, 0.58286476, 0.84880143, 0.85968512, 0.62946081, 0.64697260, 0.33967483, 0.37500834)
(0.72115237, 0.83064884, 0.42309672, 0.73790973, 0.67097288, 0.84091306, 0.81316674, 0.32004416, 0.16024138, 0.72177726)
(0.74588150, 0.49421135, 0.31629044, 0.47896591, 0.71109700, 0.51392674, 0.59761244, 0.26967701, 0.40993917, 0.35169536)
(0.78215736, 0.21036175, 0.40098897, 0.49306676, 0.56542444, 0.25049755, 0.47077015, 0.39404449, 0.46050718, 0.29228795)
(0.65549111, 0.37058687, 0.25646797, 0.43672553, 0.79582649, 0.64391440, 0.57629472, 0.62403679, 0.37074548, 0.31391934)
(0.80879563, 0.23862749, 0.06103468, 0.73836440, 0.59464121, 0.35372463, 0.50706947, 0.38652229, 0.77867657, 0.11829840)
(0.73847061, 0.64139158, 0.23573560, 0.78954679, 0.60536867, 0.75429702, 0.80281973, 0.46304631, 0.33669484, 0.59723932)
(0.64889610, 0.62483138, 0.26743957, 0.19574456, 0.80864429, 0.34963164, 0.20163895, 0.08839677, 0.59570789, 0.10424035)
(0.67878193, 0.54664254, 0.08593065, 0.78054023, 0.65916657, 0.74630016, 0.71130657, 0.55713654, 0.58360749, 0.33375192)
(0.79866183, 0.27761748, 0.48613220, 0.84445792, 0.37594098, 0.48647052, 0.80933112, 0.60166425, 0.25472254, 0.66682398)
(0.80123168, 0.09050282, 0.26505125, 0.66015530, 0.55335450, 0.25568122, 0.55439967, 0.66961396, 0.50786787, 0.22960350)
(0.74645561, 0.38581970, 0.32777357, 0.12419966, 0.90556341, 0.29782224, 0.21675600, 0.18708259, 0.36879641, 0.09701782)
(0.58721495, 0.51583666, 0.32503068, 0.66654980, 0.47713360, 0.62833869, 0.63499177, 0.54167265, 0.50295985, 0.48832756)
(0.54724562, 0.24719769, 0.17870228, 0.33880574, 0.70481724, 0.30956525, 0.19021863, 0.56232125, 0.71020299, 0.09658889)
(0.89708829, 0.31973651, 0.56381851, 0.62868732, 0.55641270, 0.25619096, 0.69510651, 0.14889269, 0.25444403, 0.48310542)
(0.61477858, 0.42254999, 0.65848231, 0.26782033, 0.57492512, 0.25855559, 0.24878971, 0.21856089, 0.44571540, 0.29144189)
(0.85233998, 0.29416516, 0.43589860, 0.43406805, 0.75190604, 0.35805884, 0.63473010, 0.29787353, 0.25241345, 0.36021006)
(0.86207831, 0.29497695, 0.54383343, 0.59126937, 0.72261626, 0.51462078, 0.81481332, 0.45310542, 0.13124625, 0.57795906)
(0.69555885, 0.65333676, 0.83769566, 0.39530554, 0.68320870, 0.63572317, 0.62293220, 0.33740613, 0.08958320, 0.66919005)
(0.78300661, 0.50450861, 0.19578627, 0.69148207, 0.68384188, 0.63326091, 0.75913686, 0.34679261, 0.40875396, 0.44017312)
(0.72526133, 0.37483513, 0.41396114, 0.47335929, 0.71403837, 0.55779612, 0.65634722, 0.48262432, 0.29950878, 0.43485811)
(0.65155864, 0.84101617, 0.71042639, 0.58633024, 0.55660474, 0.74108309, 0.67061269, 0.22727132, 0.16043478, 0.71386111)
(0.85459071, 0.50856650, 0.63528627, 0.43656954, 0.87034374, 0.70624930, 0.80391127, 0.39112934, 0.05973426, 0.59540826)
(0.75229388, 0.17792735, 0.22201204, 0.88248521, 0.21657491, 0.25210014, 0.60020310, 0.42923385, 0.70686746, 0.35922524)
(0.58158261, 0.57589900, 0.29235274, 0.69845283, 0.32616389, 0.43242696, 0.47824770, 0.19989203, 0.65763181, 0.42656374)
(0.74958366, 0.46546412, 0.34826240, 0.88631904, 0.35977766, 0.66244715, 0.83834231, 0.60961556, 0.30732986, 0.69909567)
(0.34831098, 0.57595545, 0.25296611, 0.60346895, 0.65372753, 0.82898360, 0.43004090, 0.90393955, 0.39845300, 0.42262077)
(0.73424292, 0.57344908, 0.48261392, 0.48322564, 0.80315703, 0.74759698, 0.72368628, 0.49809557, 0.14754528, 0.55768383)
(0.81485665, 0.35428420, 0.36489913, 0.44382158, 0.86019659, 0.64437902, 0.73318338, 0.48639113, 0.17795227, 0.41236377)
(0.82834727, 0.59323680, 0.74713695, 0.49001536, 0.64952737, 0.51023990, 0.72220671, 0.16155736, 0.13789339, 0.61008710)
(0.75710714, 0.51666075, 0.30162317, 0.43328467, 0.87824875, 0.74370134, 0.68298978, 0.44150406, 0.20957948, 0.38889340)
(0.58688211, 0.39321125, 0.21920986, 0.48998615, 0.71038663, 0.62905139, 0.52811438, 0.64749169, 0.51071006, 0.28859347)
(0.64876020, 0.21554030, 0.56698787, 0.30560887, 0.60877955, 0.24135745, 0.28554159, 0.46984580, 0.42980909, 0.26444599)
(0.62038708, 0.57559997, 0.38590288, 0.54236162, 0.71848202, 0.76370448, 0.66886902, 0.62865162, 0.25365591, 0.54328984)
(0.66492093, 0.60064536, 0.24849766, 0.66708624, 0.57436228, 0.62383813, 0.64991254, 0.35327420, 0.49962410, 0.45178577)
(0.78211522, 0.76807177, 0.39724991, 0.64194709, 0.85709447, 0.88757855, 0.83774972, 0.47348347, 0.08234754, 0.68887126)
(0.84229702, 0.50018823, 0.46470580, 0.84283519, 0.40859017, 0.52572083, 0.83904934, 0.27667242, 0.22651255, 0.71290267)
(0.72568142, 0.37941781, 0.55378872, 0.59190875, 0.65640223, 0.64681846, 0.74420244, 0.67332560, 0.16244671, 0.60906219)
(0.85587043, 0.31116876, 0.29191634, 0.73998988, 0.57513285, 0.46279851, 0.80439597, 0.35729808, 0.35860294, 0.47216010)
(0.44393846, 0.80232871, 0.43512139, 0.78415161, 0.32878402, 0.82612664, 0.63238925, 0.62719870, 0.39157084, 0.66970944)
(0.83672565, 0.66739297, 0.18307440, 0.86175114, 0.51673615, 0.61645502, 0.82842505, 0.19425355, 0.42099854, 0.58366889)
(0.72358215, 0.54980135, 0.48272663, 0.25943840, 0.86143398, 0.58897191, 0.49463734, 0.26109549, 0.23544501, 0.31297189)
(0.47756028, 0.41308507, 0.41148373, 0.25060102, 0.62382931, 0.28687853, 0.16270514, 0.31916341, 0.62555110, 0.16994137)
(0.69695044, 0.33464101, 0.43613970, 0.49230081, 0.52470368, 0.34556231, 0.48829776, 0.37403134, 0.47926566, 0.37097517)
(0.60145724, 0.54679048, 0.18421505, 0.32712108, 0.88270253, 0.69772637, 0.43362340, 0.47250766, 0.38948908, 0.22491890)
(0.57012510, 0.64032304, 0.70122683, 0.27524784, 0.81094217, 0.71982348, 0.47313020, 0.53153092, 0.12761973, 0.51912433)
(0.77447355, 0.58142006, 0.42730722, 0.43151426, 0.78895551, 0.59797478, 0.64108068, 0.21917795, 0.26937065, 0.41003603)
(0.68989730, 0.48277092, 0.46594390, 0.50213265, 0.44843039, 0.28983048, 0.39499953, 0.13781326, 0.54922682, 0.35844725)
(0.71795261, 0.16449185, 0.50548548, 0.28952360, 0.72697490, 0.26483974, 0.34448636, 0.55674684, 0.34191117, 0.24114448)
(0.55856550, 0.64782518, 0.47501791, 0.43507537, 0.60350990, 0.60477185, 0.48970532, 0.31018960, 0.43021303, 0.43462390)
(0.75255454, 0.24515091, 0.33220673, 0.50668269, 0.59898359, 0.34128165, 0.52291572, 0.45763177, 0.48567182, 0.28757104)
(0.89606917, 0.08522240, 0.41763225, 0.51070178, 0.83806825, 0.37999752, 0.74777687, 0.70799333, 0.13665845, 0.34952003)
(0.54402786, 0.45333412, 0.16683961, 0.65263534, 0.58051252, 0.64377648, 0.53688049, 0.64241576, 0.62849009, 0.30824968)
(0.74308330, 0.64975476, 0.32579860, 0.73963445, 0.55500942, 0.65721089, 0.76609427, 0.29931599, 0.34170035, 0.59606767)
(0.49370235, 0.66103017, 0.43196499, 0.83974856, 0.21350984, 0.62428296, 0.59692931, 0.50540578, 0.48462564, 0.67428565)
(0.86942393, 0.09681030, 0.16845392, 0.95120853, 0.33885121, 0.45744085, 0.86796361, 0.82330978, 0.45222533, 0.45263851)
(0.78145403, 0.69781685, 0.56507343, 0.51348531, 0.57534063, 0.47389436, 0.61355281, 0.08559889, 0.34109622, 0.48337525)
(0.85112727, 0.23099011, 0.11290723, 0.81453806, 0.63110399, 0.54487222, 0.80621988, 0.57922471, 0.51923412, 0.31629184)
(0.76333892, 0.80300140, 0.22251549, 0.61442375, 0.75410348, 0.69164485, 0.64972085, 0.10873036, 0.41107985, 0.38537586)
(0.80896538, 0.38408276, 0.38924760, 0.91178274, 0.26919639, 0.49700320, 0.83097154, 0.47060755, 0.33085728, 0.69691396)
(0.86248142, 0.05508621, 0.24503109, 0.70394272, 0.44174990, 0.08513393, 0.35105360, 0.47616789, 0.66454482, 0.15563644)
(0.74639887, 0.24144128, 0.33541778, 0.43390945, 0.68029612, 0.36530301, 0.50563467, 0.49970186, 0.43457922, 0.27024144)
(0.91581398, 0.12993874, 0.37630922, 0.93451601, 0.21363667, 0.15565702, 0.77363193, 0.24909355, 0.41784251, 0.56544727)
(0.59082443, 0.24086580, 0.17995097, 0.64904994, 0.61707538, 0.57359546, 0.51819396, 0.81886780, 0.58295685, 0.25708297)
(0.76523733, 0.28830048, 0.16151163, 0.65835696, 0.54409015, 0.37924999, 0.55129087, 0.38899627, 0.65940005, 0.22482848)
(0.87216204, 0.55372566, 0.40590522, 0.48154134, 0.89223921, 0.71846759, 0.79771900, 0.26453915, 0.11755816, 0.48338383)
(0.27201697, 0.58220696, 0.35401034, 0.62463045, 0.56668848, 0.81696975, 0.33635733, 0.93578857, 0.35850537, 0.47496259)
(0.48986644, 0.77595943, 0.37375313, 0.32929054, 0.69392508, 0.60319769, 0.30558896, 0.17460223, 0.53562689, 0.27770939)
(0.79590940, 0.52548128, 0.55167663, 0.34249571, 0.82506293, 0.55739421, 0.62082762, 0.23922734, 0.18403055, 0.41639856)
(0.85999221, 0.14485413, 0.27496359, 0.85757446, 0.42670190, 0.38230196, 0.81908959, 0.59031457, 0.41749224, 0.44170237)
(0.76523411, 0.33197793, 0.46198699, 0.49382424, 0.73036808, 0.56999457, 0.71486640, 0.55014676, 0.21811417, 0.48112652)
(0.63535613, 0.65116429, 0.59483391, 0.85096002, 0.28722987, 0.68417424, 0.75350785, 0.56720114, 0.21505535, 0.80017203)
(0.71880084, 0.41922912, 0.32969981, 0.72365117, 0.48807901, 0.57279986, 0.74126428, 0.48774889, 0.43253177, 0.52046913)
(0.73020482, 0.32913259, 0.43843383, 0.44706690, 0.48103756, 0.18024550, 0.29195032, 0.15808459, 0.56313282, 0.26846665)
(0.77094543, 0.44905126, 0.20808639, 0.68712986, 0.72804230, 0.71170211, 0.78564364, 0.56204218, 0.32399428, 0.47376338)
(0.64188612, 0.52911550, 0.29542649, 0.47238883, 0.63561100, 0.52008319, 0.50713819, 0.30047673, 0.53178585, 0.32478526)
(0.83612633, 0.35463428, 0.21416593, 0.53182977, 0.66289735, 0.30429202, 0.51707256, 0.18418887, 0.52855968, 0.23991822)
(0.88994563, 0.35758433, 0.21962388, 0.79004312, 0.60254627, 0.48266113, 0.84454536, 0.26306322, 0.36219254, 0.48101768)
(0.86718738, 0.39278123, 0.36578479, 0.93300760, 0.41205454, 0.68658626, 0.92699522, 0.62760025, 0.15130176, 0.78884029)
(0.56292331, 0.58151561, 0.64514506, 0.54966795, 0.51613039, 0.65191060, 0.61218560, 0.57700473, 0.22620413, 0.65529686)
(0.80122286, 0.61724603, 0.43417987, 0.38368893, 0.88606107, 0.72050017, 0.68654996, 0.26266813, 0.15453303, 0.42498109)
(0.77744526, 0.49811837, 0.45376626, 0.56309658, 0.71549755, 0.64886457, 0.76067376, 0.40124711, 0.21074827, 0.55195290)
(0.82821476, 0.46517760, 0.45089415, 0.64444977, 0.67855036, 0.61138445, 0.81997335, 0.35374153, 0.19221990, 0.59320784)
(0.71172428, 0.35430288, 0.23798428, 0.50113291, 0.71160275, 0.53459775, 0.59600031, 0.49363115, 0.46510965, 0.30053636)
(0.57022226, 0.41294563, 0.39930260, 0.41290933, 0.68132401, 0.59985650, 0.51917893, 0.61822206, 0.39089590, 0.38670191)
(0.60184729, 0.27636409, 0.60859525, 0.16674429, 0.73371965, 0.23167774, 0.17946176, 0.35976207, 0.39293444, 0.19381417)
(0.79349262, 0.36410004, 0.44449747, 0.82596159, 0.36790803, 0.48054010, 0.79273134, 0.45219246, 0.31246263, 0.64213985)
(0.80384666, 0.35206649, 0.47613066, 0.49461260, 0.74867016, 0.54832774, 0.73438942, 0.44852740, 0.19790693, 0.48693770)
(0.67620134, 0.67797774, 0.43809143, 0.47949535, 0.68004453, 0.63270187, 0.60160178, 0.21663271, 0.34866381, 0.45353809)
(0.87014180, 0.28164437, 0.14665562, 0.74235958, 0.56440318, 0.34622014, 0.68098319, 0.25575906, 0.58407754, 0.26916397)
(0.47930697, 0.44488266, 0.33049259, 0.68074799, 0.51512289, 0.71638590, 0.55985558, 0.84367132, 0.41080937, 0.50025159)
(0.50691414, 0.91763139, 0.37355086, 0.54998279, 0.72337711, 0.87367553, 0.53521377, 0.26259631, 0.28908899, 0.53590780)
(0.77745342, 0.20530766, 0.50626785, 0.26962674, 0.84308594, 0.40630713, 0.51159507, 0.55849773, 0.20001200, 0.30231184)
(0.54889458, 0.48205581, 0.32741699, 0.51721150, 0.67005050, 0.70510870, 0.57560688, 0.70319325, 0.38329196, 0.43425411)
(0.70738316, 0.33574465, 0.25992510, 0.74374199, 0.27855539, 0.23672046, 0.43431017, 0.17499571, 0.70555860, 0.34331894)
(0.81499553, 0.66100681, 0.77693611, 0.57970321, 0.57861811, 0.57356578, 0.76824862, 0.17177896, 0.11206396, 0.70663935)
(0.73765588, 0.45467776, 0.63400167, 0.34836683, 0.73152566, 0.49205357, 0.57138282, 0.32128474, 0.21504134, 0.45040122)
(0.77686208, 0.18026493, 0.28632146, 0.49108580, 0.57578725, 0.22996137, 0.40132856, 0.41878086, 0.57580817, 0.19762781)
(0.37887773, 0.63892555, 0.31090572, 0.50237834, 0.61422908, 0.76361722, 0.43157953, 0.71578801, 0.47400185, 0.40041929)
(0.73840427, 0.61616451, 0.36867651, 0.52210218, 0.67880666, 0.56963998, 0.63145268, 0.19055159, 0.38900366, 0.41861871)
(0.66072011, 0.41909128, 0.39274579, 0.64578503, 0.55720764, 0.63811350, 0.70570797, 0.64178640, 0.34058973, 0.53955126)
(0.64307493, 0.30753198, 0.40698615, 0.37946150, 0.65104377, 0.40897802, 0.44382817, 0.51654172, 0.44623777, 0.30402571)
(0.39526734, 0.57403028, 0.33520842, 0.41458997, 0.68967193, 0.72350949, 0.39533505, 0.72906798, 0.42851353, 0.37190536)
(0.58350819, 0.10313603, 0.57331073, 0.25608116, 0.78111130, 0.33955774, 0.25895947, 0.86017436, 0.26889253, 0.22359079)
(0.60962421, 0.86300379, 0.43716288, 0.48954043, 0.69466704, 0.74642533, 0.52840060, 0.14736716, 0.34179869, 0.47124913)
(0.52122897, 0.58172035, 0.42430577, 0.69954592, 0.37522137, 0.65792590, 0.60526860, 0.58924204, 0.46964660, 0.56748611)
(0.70369738, 0.20220001, 0.16910343, 0.42587820, 0.65234691, 0.23561934, 0.25463054, 0.42609096, 0.70688790, 0.10142542)
(0.80469435, 0.48049217, 0.47773722, 0.42777377, 0.79798174, 0.56896937, 0.68131697, 0.27849951, 0.21241263, 0.43699211)
(0.84572715, 0.43761560, 0.31569248, 0.75563926, 0.61056608, 0.59991974, 0.85298437, 0.35647717, 0.26543373, 0.58789206)
(0.76582450, 0.40108719, 0.26501736, 0.80182099, 0.47387794, 0.58989799, 0.79488117, 0.49556774, 0.44143608, 0.52656168)
(0.83267152, 0.14522919, 0.23203582, 0.56420523, 0.65225190, 0.28774905, 0.56093758, 0.51717615, 0.49588060, 0.21143642)
(0.92747951, 0.07753401, 0.27074268, 0.93432689, 0.29276651, 0.21031746, 0.84246802, 0.48183894, 0.43423957, 0.44910753)
(0.40622005, 0.67629981, 0.52125108, 0.69710845, 0.24489465, 0.53859037, 0.42798474, 0.35224059, 0.51227522, 0.60406703)
(0.77846736, 0.41193491, 0.17927954, 0.77479959, 0.38424888, 0.35163185, 0.59899604, 0.17066160, 0.67188877, 0.34531856)
(0.66218442, 0.30804458, 0.18206766, 0.44865546, 0.63864535, 0.33997315, 0.33252776, 0.39993402, 0.68431365, 0.14796869)
(0.81438518, 0.36286628, 0.07405404, 0.71930760, 0.80860794, 0.70062709, 0.77769071, 0.55971205, 0.47565091, 0.26942292)
(0.52153999, 0.31022841, 0.19598359, 0.39364344, 0.63971466, 0.35015357, 0.22450878, 0.52262992, 0.72108459, 0.12986869)
(0.42104182, 0.87621635, 0.79116821, 0.70207769, 0.26527393, 0.67779750, 0.46935201, 0.28831795, 0.22605905, 0.79941553)
(0.68711549, 0.57571989, 0.47465876, 0.25770110, 0.77089256, 0.44407398, 0.37918341, 0.16263187, 0.38619336, 0.25613251)
(0.69938260, 0.43280089, 0.29514074, 0.41257676, 0.73514289, 0.49903786, 0.52175486, 0.35820737, 0.43744376, 0.29702923)
(0.75347233, 0.33778536, 0.42890939, 0.32345885, 0.65518558, 0.22644642, 0.31193748, 0.20253380, 0.47681001, 0.22044128)
(0.75097430, 0.61094368, 0.70241994, 0.50577903, 0.74796742, 0.72251993, 0.75529176, 0.44347885, 0.08346330, 0.68013883)
(0.59937263, 0.75319499, 0.79059541, 0.54097939, 0.73774534, 0.86415267, 0.71832156, 0.76601410, 0.03482541, 0.82537031)
(0.60308695, 0.47106379, 0.50958866, 0.43953887, 0.74169886, 0.71965504, 0.61104530, 0.72754455, 0.19431025, 0.52185208)
(0.91410649, 0.32640249, 0.72990876, 0.61905408, 0.76699728, 0.55351114, 0.88401502, 0.38689342, 0.04516655, 0.70799989)
(0.73058546, 0.36089343, 0.21497898, 0.47084054, 0.66614312, 0.39131233, 0.46787253, 0.33190221, 0.57385188, 0.22096215)
(0.86295366, 0.50450528, 0.51659375, 0.31509629, 0.75216085, 0.26329491, 0.44292626, 0.06994688, 0.32027596, 0.26649866)
(0.54499358, 0.33720717, 0.35640121, 0.51871312, 0.57191610, 0.55069900, 0.49107075, 0.70582062, 0.49518102, 0.35855117)
(0.66620636, 0.36301911, 0.20818099, 0.56509554, 0.48576620, 0.32053524, 0.38521111, 0.27647561, 0.69889539, 0.22982170)
(0.66832280, 0.41208285, 0.61517054, 0.28917351, 0.55299157, 0.19518134, 0.22248915, 0.14364766, 0.48338851, 0.25748956)
(0.79932010, 0.48030150, 0.62777507, 0.60492808, 0.70234358, 0.67776322, 0.82171482, 0.50324529, 0.09681565, 0.68926960)
(0.70504409, 0.32769796, 0.29682600, 0.38477746, 0.55491608, 0.17780878, 0.21911113, 0.15804872, 0.65756953, 0.16742709)
(0.58077222, 0.26294538, 0.44577622, 0.26953989, 0.65568137, 0.27976862, 0.24120776, 0.47526845, 0.51240677, 0.19843212)
(0.84281802, 0.39930323, 0.44658476, 0.59657735, 0.61921734, 0.42722970, 0.73412043, 0.23956156, 0.29340544, 0.48021054)
(0.51782775, 0.57256150, 0.41176745, 0.37125719, 0.64593601, 0.56758678, 0.41244900, 0.38230979, 0.48178074, 0.34582776)
(0.76998568, 0.33608803, 0.21783423, 0.42669541, 0.72558677, 0.36763722, 0.46994281, 0.31482995, 0.51719052, 0.20692563)
(0.93338102, 0.04507934, 0.31943849, 0.96077287, 0.25543872, 0.19533817, 0.86309409, 0.67170155, 0.36130354, 0.50311697)
(0.73607707, 0.20665050, 0.29063484, 0.37627947, 0.77730411, 0.42554981, 0.50029618, 0.61907876, 0.39627808, 0.22820665)
(0.65561396, 0.30919963, 0.36443317, 0.42309031, 0.63482636, 0.42032763, 0.47063345, 0.51110816, 0.47671354, 0.29999498)
(0.69246048, 0.42703426, 0.20089194, 0.57971251, 0.54564089, 0.41656029, 0.48833206, 0.29238191, 0.65291595, 0.26252657)
(0.90389389, 0.28704876, 0.38387203, 0.53096557, 0.81535757, 0.45330572, 0.79573202, 0.30264109, 0.16891894, 0.42578033)
(0.70878571, 0.12132557, 0.49138463, 0.14062737, 0.82081294, 0.14085591, 0.13454674, 0.46994707, 0.38567302, 0.10213555)
(0.53779715, 0.39889145, 0.24234460, 0.58872813, 0.59286457, 0.63180375, 0.53186059, 0.71218038, 0.54734510, 0.34285370)
(0.52633071, 0.63679802, 0.17328444, 0.49999487, 0.59559768, 0.53239572, 0.37523466, 0.23376617, 0.71164042, 0.23602128)
(0.54530138, 0.38262007, 0.27011761, 0.78498286, 0.32357940, 0.54960251, 0.56524754, 0.67230731, 0.64430451, 0.43051720)
(0.58604699, 0.42377996, 0.52596128, 0.79444748, 0.23693067, 0.46105844, 0.60660952, 0.52649295, 0.43357667, 0.63797146)
(0.82403916, 0.54820377, 0.34524083, 0.61995417, 0.62185967, 0.49074349, 0.72032148, 0.15825655, 0.38495773, 0.45403427)
(0.51137847, 0.44840854, 0.28950790, 0.56364143, 0.49859360, 0.53860408, 0.45917323, 0.54268920, 0.62789845, 0.33714330)
(0.57662761, 0.45909587, 0.25097567, 0.50701094, 0.71104097, 0.68384302, 0.56114680, 0.65288633, 0.44046906, 0.35848337)
(0.81694764, 0.50840425, 0.30666992, 0.74511480, 0.55474222, 0.55380851, 0.80380970, 0.25176620, 0.35098714, 0.55891126)
(0.33943412, 0.64867872, 0.17087689, 0.51046449, 0.52136648, 0.56624156, 0.23986168, 0.37413919, 0.76548082, 0.23117998)
(0.70312011, 0.77290326, 0.54068065, 0.31184527, 0.87175000, 0.75819921, 0.55424172, 0.22831422, 0.15319599, 0.44391602)
(0.78214693, 0.26837504, 0.28303865, 0.56708574, 0.63265651, 0.39696309, 0.60679770, 0.43828955, 0.45753801, 0.31098473)
(0.61998641, 0.45421118, 0.19709361, 0.55813128, 0.67153507, 0.62088668, 0.56918597, 0.52204370, 0.54690552, 0.31133378)
(0.73589081, 0.78844672, 0.22832289, 0.63138658, 0.71854895, 0.68524456, 0.64385217, 0.13895045, 0.43175080, 0.40548369)
(0.82065803, 0.25229278, 0.31640092, 0.63784361, 0.60539544, 0.41153184, 0.71001846, 0.44256523, 0.38785455, 0.38575512)
(0.82757938, 0.27034664, 0.25227875, 0.48853180, 0.70157886, 0.32947925, 0.55166435, 0.32224116, 0.45207882, 0.24698098)
(0.84671199, 0.36090779, 0.53969222, 0.81351310, 0.62576753, 0.71013796, 0.89825541, 0.70520991, 0.07849615, 0.76200306)
(0.81736606, 0.33573624, 0.24801244, 0.31920803, 0.83393723, 0.36239040, 0.46992049, 0.26943845, 0.38223130, 0.19270575)
(0.72915012, 0.17435187, 0.08862027, 0.74638379, 0.47636101, 0.29729760, 0.40586981, 0.54559624, 0.80676246, 0.12570287)
(0.69203174, 0.82843691, 0.66543442, 0.42917112, 0.75756389, 0.75559741, 0.61407650, 0.20354401, 0.13757034, 0.59983701)
(0.74486518, 0.43616962, 0.24422145, 0.42300990, 0.63518870, 0.28754392, 0.34807044, 0.15145589, 0.61409813, 0.19545689)
(0.62428075, 0.35906672, 0.14017409, 0.63293350, 0.47975472, 0.37071198, 0.37904403, 0.36113983, 0.76772720, 0.18792696)
(0.87327206, 0.64346611, 0.50736755, 0.47064155, 0.80258709, 0.54699475, 0.73730952, 0.08908136, 0.18370974, 0.46663180)
(0.67095786, 0.38471693, 0.15611616, 0.62684792, 0.76363468, 0.75056398, 0.69042110, 0.76588863, 0.40727511, 0.34396592)
(0.90161455, 0.13755617, 0.33109939, 0.74233842, 0.54458749, 0.26992610, 0.76015049, 0.41173840, 0.34108421, 0.37899113)
(0.89199907, 0.29684532, 0.68700135, 0.54281223, 0.72568589, 0.42575490, 0.79498059, 0.31116813, 0.09958065, 0.58504784)
(0.62277281, 0.45946372, 0.46636003, 0.63661605, 0.54720825, 0.66964900, 0.69248050, 0.67944932, 0.28192782, 0.59110880)
(0.70675272, 0.68615305, 0.59852159, 0.56853211, 0.71604031, 0.77084571, 0.75351506, 0.44960636, 0.12057076, 0.67983550)
(0.84264529, 0.14897737, 0.33035624, 0.76088119, 0.45911199, 0.31081927, 0.72202873, 0.51877087, 0.42923117, 0.38141146)
(0.43859142, 0.51770926, 0.28108001, 0.42472076, 0.66914350, 0.64774847, 0.38805076, 0.64643478, 0.52707875, 0.30761057)
(0.81462067, 0.54766601, 0.58611822, 0.42569789, 0.71579742, 0.47369298, 0.64690852, 0.15634255, 0.23556004, 0.45741007)
(0.47386220, 0.50478244, 0.32734478, 0.35840181, 0.71607006, 0.61885571, 0.38337508, 0.58787590, 0.46873730, 0.30358425)
(0.70793998, 0.37170202, 0.27190840, 0.52593970, 0.68087184, 0.54579717, 0.62687087, 0.48690772, 0.44473690, 0.34875464)
(0.68025696, 0.32302898, 0.13806120, 0.44857273, 0.80242938, 0.56784111, 0.50287110, 0.59111911, 0.53630912, 0.18276857)
(0.84638703, 0.54213440, 0.34427088, 0.41396928, 0.73949152, 0.36270809, 0.53004855, 0.08924078, 0.40394267, 0.27119058)
(0.64157307, 0.35091481, 0.15173835, 0.56116641, 0.52847761, 0.34435356, 0.35060933, 0.33652839, 0.75035828, 0.16860203)
(0.86828625, 0.19074176, 0.24892934, 0.55866390, 0.70827454, 0.32293653, 0.64766675, 0.40893504, 0.39537275, 0.26319617)
(0.57845730, 0.39103523, 0.10090200, 0.37541503, 0.77342951, 0.44991922, 0.25925878, 0.43617579, 0.72822547, 0.09438060)
(0.51940370, 0.36643183, 0.36325496, 0.27051422, 0.72233963, 0.42549551, 0.28205720, 0.50859779, 0.51109791, 0.21073133)
(0.53860122, 0.87223250, 0.76747781, 0.57361925, 0.44296983, 0.70520061, 0.54780960, 0.22316709, 0.19418173, 0.72988260)
(0.58544421, 0.55635011, 0.15875910, 0.47502160, 0.78929013, 0.69202721, 0.49397707, 0.48693827, 0.50451833, 0.26614404)
(0.68101203, 0.59158236, 0.47761902, 0.59899408, 0.57704270, 0.63766283, 0.70075995, 0.36665297, 0.29930684, 0.57827014)
(0.69745362, 0.41858226, 0.30515474, 0.83645368, 0.34460568, 0.57052112, 0.73904657, 0.55059904, 0.49502778, 0.55384350)
(0.65518278, 0.30940291, 0.39297137, 0.25401217, 0.74676675, 0.32223210, 0.30214706, 0.39352167, 0.44185433, 0.20205735)
(0.69512695, 0.83123523, 0.37863436, 0.27445611, 0.93093753, 0.82463080, 0.50596714, 0.18902542, 0.16515370, 0.33747691)
(0.59678423, 0.46143207, 0.27545118, 0.51074934, 0.67954850, 0.64496487, 0.57000560, 0.58021307, 0.45384336, 0.37343934)
(0.77857643, 0.48161265, 0.39701542, 0.71219701, 0.63502336, 0.69620037, 0.82833505, 0.53143543, 0.20694834, 0.63332850)
(0.26711929, 0.75762111, 0.33080247, 0.45749438, 0.44658667, 0.58954489, 0.20699333, 0.34116992, 0.68200761, 0.35006100)
(0.68075752, 0.38892138, 0.44563299, 0.83546770, 0.29140246, 0.51552850, 0.71552074, 0.58586103, 0.39588472, 0.63369668)
(0.60825342, 0.43276972, 0.38691899, 0.43168676, 0.59949583, 0.47259805, 0.48150983, 0.41446948, 0.49164349, 0.35450950)
(0.58445495, 0.41556382, 0.17410663, 0.49914175, 0.87197888, 0.84456015, 0.61079293, 0.90296644, 0.25303701, 0.34020087)
(0.61115062, 0.60468179, 0.19109651, 0.86525977, 0.38876662, 0.77837527, 0.74752891, 0.68303788, 0.52713865, 0.54471117)
(0.81658703, 0.58459806, 0.48754683, 0.92782974, 0.35234565, 0.72662133, 0.90493363, 0.54587466, 0.12579371, 0.84494251)
(0.69965667, 0.50665891, 0.51597250, 0.54158741, 0.68448961, 0.67976904, 0.72055715, 0.54476517, 0.19091445, 0.59109998)
(0.79673094, 0.47727636, 0.44919458, 0.52295274, 0.56993067, 0.35800108, 0.56981742, 0.16155267, 0.42247230, 0.40013227)
(0.57912856, 0.45945993, 0.10581291, 0.55561000, 0.72073436, 0.62535566, 0.46512172, 0.52747142, 0.67051965, 0.19235682)
(0.85220313, 0.11516182, 0.29279208, 0.42708170, 0.70267129, 0.18593222, 0.42011455, 0.45273229, 0.45015153, 0.16350219)
(0.84013522, 0.33676994, 0.69608176, 0.61192310, 0.64057177, 0.51480180, 0.80525410, 0.44160581, 0.10539877, 0.66443145)
(0.31672323, 0.78169996, 0.34471905, 0.18812881, 0.91494656, 0.85046232, 0.22476044, 0.69244593, 0.22720470, 0.28514209)
(0.83774352, 0.08422135, 0.55097228, 0.49249718, 0.72121048, 0.28901249, 0.60603124, 0.69652170, 0.19432853, 0.35457614)
(0.72533751, 0.36495706, 0.16651627, 0.78973931, 0.46067196, 0.52075595, 0.68152279, 0.46789187, 0.64421791, 0.34902868)
(0.81128448, 0.43819249, 0.41278875, 0.88650197, 0.34123206, 0.56118727, 0.84658003, 0.45942515, 0.26887369, 0.71575123)
(0.89229906, 0.49092475, 0.33734334, 0.45392361, 0.81784177, 0.43030992, 0.68123800, 0.11900558, 0.26666397, 0.32841390)
(0.81873500, 0.41116500, 0.50882548, 0.46272948, 0.62087858, 0.31333292, 0.55075634, 0.17645825, 0.34885815, 0.38457069)
(0.64043838, 0.30035117, 0.12856564, 0.72884566, 0.51084864, 0.50030398, 0.52514112, 0.60611749, 0.72628731, 0.22686364)
(0.76613820, 0.36169541, 0.23352215, 0.57649243, 0.54478401, 0.31923711, 0.48285094, 0.23018047, 0.60814035, 0.26518127)
(0.74729651, 0.21117087, 0.35366929, 0.43763474, 0.67296982, 0.35045668, 0.50471705, 0.53965789, 0.42254907, 0.27205336)
(0.68664581, 0.20413190, 0.25485605, 0.33117628, 0.78139216, 0.39461213, 0.39020294, 0.62981063, 0.47208709, 0.17039415)
(0.64070910, 0.48616806, 0.21630478, 0.35556814, 0.75988591, 0.49082974, 0.39957952, 0.31205168, 0.54767162, 0.20409712)
(0.63844782, 0.39132527, 0.31298962, 0.81414169, 0.24232127, 0.39619920, 0.58194959, 0.36201572, 0.62603891, 0.48199925)
(0.81400776, 0.21336238, 0.52984881, 0.19689161, 0.84063578, 0.24243265, 0.35054213, 0.33451578, 0.23996131, 0.21185258)
(0.88839203, 0.06106552, 0.11238202, 0.71200144, 0.66905051, 0.23084886, 0.57772535, 0.67003244, 0.58135200, 0.12262633)
(0.79048830, 0.76199728, 0.42854479, 0.42580137, 0.75957435, 0.55463374, 0.57360470, 0.05913242, 0.34673351, 0.35679388)
(0.88824093, 0.51453876, 0.47275084, 0.59546649, 0.66958338, 0.44012493, 0.77730441, 0.11376506, 0.24343583, 0.49611136)
(0.54583752, 0.22346017, 0.40153795, 0.42605382, 0.47357163, 0.22782035, 0.22551157, 0.50874400, 0.66025257, 0.21823099)
(0.69719857, 0.20598555, 0.32626015, 0.48275891, 0.62627184, 0.38233191, 0.50032222, 0.60987484, 0.48392469, 0.27059963)
(0.75884545, 0.60089314, 0.42175561, 0.43762892, 0.84346122, 0.73460525, 0.69227993, 0.35200334, 0.18336740, 0.46660811)
(0.77757311, 0.61605960, 0.59052187, 0.41337031, 0.80408233, 0.66589618, 0.68932468, 0.27346358, 0.14390895, 0.52523673)
(0.67637461, 0.62688708, 0.17796186, 0.54429901, 0.86296600, 0.83053517, 0.67825335, 0.57455760, 0.26488489, 0.41176167)
(0.81303775, 0.55547720, 0.60946715, 0.45887071, 0.73991716, 0.55597609, 0.71012050, 0.21344072, 0.16921476, 0.52865112)
(0.64663029, 0.49246323, 0.27722368, 0.66438806, 0.71936762, 0.81249219, 0.74417412, 0.80863494, 0.24755149, 0.54399127)
(0.74903351, 0.30795121, 0.34414899, 0.55187994, 0.56929278, 0.38526621, 0.57969677, 0.40297607, 0.47319683, 0.35028762)
(0.63189334, 0.44396394, 0.21579674, 0.80480373, 0.32725593, 0.52154732, 0.61675358, 0.43812677, 0.67360175, 0.41026837)
(0.72328341, 0.29958010, 0.23678063, 0.48678839, 0.50070357, 0.18316890, 0.26305279, 0.16948397, 0.69602692, 0.17905281)
(0.47505152, 0.69235653, 0.40840441, 0.26426789, 0.86990339, 0.78758454, 0.38153166, 0.57858121, 0.22937399, 0.35894924)
(0.71621418, 0.41656232, 0.05358255, 0.70681298, 0.76297414, 0.67998087, 0.64198536, 0.53869498, 0.66134006, 0.18884845)
(0.74763477, 0.27399084, 0.07720547, 0.94794792, 0.29516664, 0.58140653, 0.75188649, 0.72894114, 0.74879694, 0.34858921)
(0.60695124, 0.52663350, 0.62968057, 0.35493237, 0.78308386, 0.71250492, 0.56878102, 0.64667964, 0.13997866, 0.54106563)
(0.61697209, 0.47404987, 0.43250811, 0.33676478, 0.83946002, 0.72337162, 0.55515736, 0.68159181, 0.19812052, 0.42049327)
(0.90592319, 0.16713148, 0.51994169, 0.46303937, 0.83634108, 0.38747394, 0.76437700, 0.45630792, 0.10974956, 0.43717453)
(0.79748672, 0.31339157, 0.45032504, 0.48157555, 0.58579868, 0.27600205, 0.50372314, 0.25993124, 0.40668601, 0.35192955)
(0.60233229, 0.41498262, 0.13565429, 0.62557739, 0.67722142, 0.66107553, 0.57184780, 0.65143406, 0.59514934, 0.27115169)
(0.88527077, 0.30937421, 0.49272132, 0.27225307, 0.80683690, 0.20769975, 0.42735893, 0.13103464, 0.26451799, 0.22497991)
(0.85867542, 0.16811115, 0.50507188, 0.21868607, 0.88668066, 0.28762642, 0.47132361, 0.42563498, 0.16093984, 0.24018265)
(0.74235141, 0.57801861, 0.39494517, 0.81791496, 0.54819798, 0.78139281, 0.85907906, 0.63516587, 0.17608257, 0.73319900)
(0.78602302, 0.30900246, 0.45134065, 0.44615802, 0.58174157, 0.24267685, 0.43408090, 0.24204235, 0.43926755, 0.31556877)
(0.65262097, 0.38183069, 0.14868435, 0.81871682, 0.54046041, 0.73163486, 0.73356330, 0.79903901, 0.52299404, 0.42143542)
(0.68664551, 0.48142028, 0.19398957, 0.52299559, 0.66756576, 0.51940632, 0.53744394, 0.32505658, 0.57062024, 0.27627739)
(0.55905682, 0.47670507, 0.42933521, 0.48574644, 0.60699320, 0.63134235, 0.56493247, 0.60612404, 0.38748267, 0.46709919)
(0.75170243, 0.30715498, 0.32688314, 0.70743567, 0.31146482, 0.21236970, 0.45064726, 0.17045423, 0.63745981, 0.37150913)
(0.76031190, 0.10237035, 0.42051819, 0.88770741, 0.25292316, 0.27363211, 0.63955468, 0.75528002, 0.49184239, 0.47878894)
(0.52268595, 0.68544030, 0.27857229, 0.53396922, 0.72094172, 0.79895836, 0.57008183, 0.56401819, 0.36422598, 0.45104897)
(0.67933404, 0.84258205, 0.71447515, 0.76817620, 0.43983957, 0.78827912, 0.80076331, 0.34247604, 0.10524580, 0.84215456)
(0.65229404, 0.57434690, 0.14384952, 0.83620054, 0.58157194, 0.82421607, 0.78408891, 0.74706411, 0.42415056, 0.52090472)
(0.67444581, 0.42252174, 0.35973933, 0.61440867, 0.49478182, 0.49155810, 0.62578559, 0.40339816, 0.50180715, 0.44264996)
(0.71732712, 0.62523198, 0.36750320, 0.47143745, 0.75954610, 0.65233183, 0.62905771, 0.25938761, 0.32008624, 0.41814435)
(0.79779661, 0.34308925, 0.23292617, 0.57679009, 0.65667534, 0.42685434, 0.62997782, 0.33800173, 0.47591862, 0.30839401)
(0.51908112, 0.44147572, 0.37629822, 0.42134532, 0.50314558, 0.38189983, 0.32831925, 0.35610250, 0.62195361, 0.29124117)
(0.82702285, 0.27637219, 0.35186648, 0.80437988, 0.38016915, 0.36048728, 0.74210513, 0.34309712, 0.44698676, 0.50204003)
(0.73544645, 0.40652204, 0.44601333, 0.29261279, 0.77972221, 0.42503309, 0.46922258, 0.30561018, 0.32581794, 0.28997484)
(0.71089667, 0.36338913, 0.19509785, 0.56713760, 0.68458432, 0.55066031, 0.61195683, 0.50322652, 0.51695132, 0.29283038)
(0.76250726, 0.53068876, 0.25547227, 0.52559596, 0.64477330, 0.43616509, 0.54052407, 0.16687541, 0.52948129, 0.29756105)
(0.61931312, 0.06284812, 0.30499354, 0.53879035, 0.63735288, 0.26957020, 0.30135560, 0.88046950, 0.52439499, 0.16859840)
(0.79801869, 0.58442128, 0.35766801, 0.77467805, 0.56485510, 0.65779722, 0.83980429, 0.32343432, 0.24715731, 0.66004974)
(0.71124446, 0.48264691, 0.25771359, 0.19609973, 0.84018141, 0.31970167, 0.23346372, 0.14116757, 0.51907152, 0.10689797)
(0.85460311, 0.26884896, 0.34132075, 0.64482039, 0.59621024, 0.35799611, 0.71478802, 0.32794517, 0.36078191, 0.40697902)
(0.74374729, 0.25314340, 0.51373297, 0.22569995, 0.82536620, 0.35289767, 0.40543872, 0.45376676, 0.25169024, 0.26449102)
(0.62667513, 0.28497568, 0.32886693, 0.31583142, 0.69869834, 0.34782109, 0.32005376, 0.48377877, 0.52311593, 0.19379331)
(0.82077831, 0.45623600, 0.65320146, 0.57104719, 0.57733905, 0.44311619, 0.72313958, 0.23891398, 0.20194313, 0.58115941)
(0.52969092, 0.50523531, 0.43172440, 0.40695673, 0.65223497, 0.61168849, 0.48737291, 0.54111010, 0.40164852, 0.41511828)
(0.74755847, 0.26929894, 0.41417044, 0.56498867, 0.72600418, 0.63238871, 0.73420620, 0.76401532, 0.20509756, 0.48789799)
(0.64680594, 0.43806815, 0.29778063, 0.56087810, 0.56116325, 0.51436186, 0.57134426, 0.41954973, 0.53724021, 0.36936224)
(0.84567988, 0.43006912, 0.15308724, 0.87339330, 0.33029354, 0.33496630, 0.69896948, 0.10712281, 0.64751285, 0.42386603)
(0.61113065, 0.48124087, 0.51035905, 0.66250706, 0.49679995, 0.65730488, 0.68890047, 0.66167092, 0.27307263, 0.63061261)
(0.59926015, 0.58476949, 0.19328417, 0.74918407, 0.42646077, 0.58984995, 0.58530599, 0.37049386, 0.66099799, 0.39136323)
(0.63185924, 0.72979790, 0.41563302, 0.57322836, 0.59538466, 0.66398799, 0.60811198, 0.25327742, 0.38533369, 0.50956643)
(0.71057671, 0.20454095, 0.44007581, 0.39931840, 0.55530232, 0.20360793, 0.31281331, 0.40343028, 0.52393252, 0.24110499)
(0.78356260, 0.30186144, 0.36935300, 0.52425510, 0.71233493, 0.50335050, 0.69807118, 0.48475200, 0.30070519, 0.41444239)
(0.65162474, 0.57844293, 0.19759367, 0.42623949, 0.71084517, 0.50764817, 0.42541248, 0.21781681, 0.60354894, 0.21910007)
(0.60828322, 0.92780930, 0.65704924, 0.42943361, 0.62894589, 0.68357128, 0.43034139, 0.05593986, 0.28084549, 0.53275847)
(0.82606471, 0.45994791, 0.67612177, 0.49835142, 0.76280779, 0.62023580, 0.78932512, 0.39512447, 0.09058940, 0.62719470)
(0.85841531, 0.27303052, 0.61866403, 0.65816361, 0.61111355, 0.44710600, 0.80437928, 0.43595976, 0.14139983, 0.61995989)
(0.84686744, 0.27902979, 0.44778767, 0.73753530, 0.58557832, 0.52494395, 0.84142679, 0.53294343, 0.20014980, 0.59638286)
(0.60716164, 0.42587060, 0.37337801, 0.31501520, 0.67017561, 0.38307133, 0.33776364, 0.32562727, 0.51876122, 0.23818302)
(0.67103368, 0.39553645, 0.82248527, 0.52553749, 0.42165998, 0.38332137, 0.52882099, 0.39739195, 0.20578152, 0.64230633)
(0.72893745, 0.53831100, 0.48480579, 0.40285453, 0.65108633, 0.43845317, 0.52089584, 0.18972388, 0.39401209, 0.37088370)
(0.64198965, 0.58735400, 0.54305506, 0.82015914, 0.27993706, 0.57744437, 0.70575619, 0.46052575, 0.32051030, 0.71997011)
(0.53050214, 0.29885903, 0.36722890, 0.25197560, 0.60626239, 0.19013518, 0.12297978, 0.31375125, 0.67723674, 0.11946202)
(0.48092204, 0.77681929, 0.49726808, 0.27328309, 0.88215059, 0.84400219, 0.42265722, 0.57399964, 0.15182501, 0.45007956)
(0.59267187, 0.49064329, 0.11720126, 0.47751069, 0.80304641, 0.67028278, 0.47336483, 0.52715170, 0.57275122, 0.20364220)
(0.60009164, 0.45277795, 0.27179497, 0.53637379, 0.72576016, 0.72947663, 0.62283665, 0.72209001, 0.36011362, 0.41447726)
(0.67129755, 0.66477215, 0.82555640, 0.65644634, 0.44426051, 0.65712255, 0.71562332, 0.46791124, 0.09680864, 0.80860281)
(0.61561930, 0.28136098, 0.15608729, 0.76642478, 0.39085171, 0.42972115, 0.49243093, 0.57677788, 0.75325406, 0.25471726)
(0.85805726, 0.56827086, 0.54304588, 0.89789093, 0.30960986, 0.51391417, 0.85929745, 0.22843954, 0.17629197, 0.80025852)
(0.71599233, 0.46019867, 0.52483606, 0.34084693, 0.83740562, 0.66781104, 0.62180865, 0.53023648, 0.15605484, 0.45081410)
(0.76286787, 0.06584971, 0.37404057, 0.68114030, 0.53171057, 0.24890502, 0.53389436, 0.78565896, 0.43334761, 0.28680602)
(0.65097284, 0.37428284, 0.27025083, 0.81936365, 0.33835179, 0.55035764, 0.67296827, 0.61041236, 0.59041780, 0.46698612)
(0.65772980, 0.62664002, 0.64329064, 0.38234198, 0.55251747, 0.42850414, 0.44972128, 0.16254759, 0.38023591, 0.43138513)
(0.68290317, 0.37825924, 0.13452752, 0.60930741, 0.73605394, 0.66013223, 0.63782996, 0.62464273, 0.52826947, 0.27377039)
(0.84138274, 0.67325884, 0.63254017, 0.68479306, 0.56070197, 0.58337861, 0.81918675, 0.13932435, 0.14609528, 0.69709533)
(0.83551639, 0.28648713, 0.20330456, 0.63849413, 0.69819498, 0.48066676, 0.72868669, 0.43178961, 0.41603735, 0.32928178)
(0.69374233, 0.44297889, 0.21472770, 0.59470499, 0.54196346, 0.43592742, 0.51656872, 0.29349014, 0.63230729, 0.28790438)
(0.72352147, 0.34001425, 0.11430766, 0.70682770, 0.59515101, 0.52174574, 0.60554308, 0.49329257, 0.67065853, 0.23437636)
(0.60776103, 0.44483143, 0.40507823, 0.59290791, 0.58296084, 0.66403723, 0.65555358, 0.68192029, 0.34142676, 0.52143389)
(0.66388083, 0.37260178, 0.29233640, 0.60349596, 0.58316088, 0.56550682, 0.64037287, 0.56255925, 0.48671743, 0.39624709)
(0.58636475, 0.53155637, 0.14340527, 0.64396930, 0.55204636, 0.55822700, 0.49115688, 0.35824758, 0.71200365, 0.25990736)
(0.41839564, 0.44259140, 0.36736810, 0.28375039, 0.56907070, 0.29332343, 0.14622998, 0.31360856, 0.68914717, 0.16931178)
(0.61899799, 0.47798532, 0.33564329, 0.86645836, 0.20457844, 0.47974235, 0.63626778, 0.41423032, 0.56717891, 0.58939493)
(0.77835447, 0.43009835, 0.52013141, 0.43571439, 0.78544158, 0.60737300, 0.70254123, 0.42840326, 0.17335932, 0.48798814)
(0.64471304, 0.59831649, 0.66613507, 0.29336998, 0.81524169, 0.68430847, 0.52971005, 0.45444307, 0.13778481, 0.49599409)
(0.77247751, 0.49730363, 0.41488799, 0.71227515, 0.66124505, 0.73556989, 0.83618528, 0.59159791, 0.16945377, 0.65903789)
(0.77074319, 0.74330711, 0.31740096, 0.83514750, 0.53617656, 0.74585813, 0.84081626, 0.31518883, 0.24632367, 0.71479279)
(0.56340349, 0.56739068, 0.51812333, 0.89279604, 0.14032960, 0.49504718, 0.62558806, 0.44366935, 0.41991571, 0.73579258)
(0.77007431, 0.49324444, 0.54775286, 0.51752210, 0.70957834, 0.62008703, 0.74032652, 0.39272907, 0.18018332, 0.56361645)
(0.85394686, 0.20787168, 0.38527763, 0.84808499, 0.42955422, 0.44263408, 0.84111869, 0.55970067, 0.29445156, 0.57435817)
(0.55614811, 0.52510649, 0.36491364, 0.44225323, 0.75078684, 0.73699266, 0.56003743, 0.67961937, 0.30142474, 0.43942112)
(0.73439294, 0.43582088, 0.10718241, 0.75606775, 0.62308711, 0.62446201, 0.70455396, 0.45843014, 0.61639839, 0.30638742)
(0.73589188, 0.72877967, 0.25070813, 0.49633968, 0.86559665, 0.79481238, 0.66891688, 0.28106797, 0.24884817, 0.40846819)
(0.71747977, 0.65410382, 0.13242380, 0.84635568, 0.53447121, 0.72916323, 0.76941818, 0.44804391, 0.53071773, 0.49048752)
(0.39366141, 0.79262275, 0.50143880, 0.63644677, 0.34313384, 0.71720660, 0.47441676, 0.43157718, 0.47513095, 0.59822810)
(0.77076876, 0.56215066, 0.49465996, 0.45625719, 0.64208734, 0.45049787, 0.59107804, 0.15694635, 0.36352792, 0.41498023)
(0.66825199, 0.54586917, 0.23217194, 0.74924707, 0.57957393, 0.74422526, 0.75569963, 0.61477399, 0.40305632, 0.53404999)
(0.61017776, 0.50967890, 0.41612563, 0.19735979, 0.74788451, 0.31323323, 0.20845865, 0.16586629, 0.52271336, 0.15408812)
(0.66532868, 0.32653370, 0.30216020, 0.55837786, 0.42912468, 0.26842135, 0.36854336, 0.27276114, 0.65534514, 0.28065702)
(0.66664433, 0.37149131, 0.42233729, 0.41319162, 0.72926444, 0.57729429, 0.59090340, 0.55538952, 0.31462723, 0.40266022)
(0.79781497, 0.28537756, 0.23604761, 0.39179707, 0.82147944, 0.44728011, 0.55979735, 0.42244211, 0.37101310, 0.23238058)
(0.62567866, 0.31135011, 0.20124938, 0.79080826, 0.58340818, 0.73858112, 0.70475006, 0.89509350, 0.39427119, 0.45421582)
(0.74881119, 0.47327137, 0.21438617, 0.55342305, 0.78460914, 0.65737087, 0.68811864, 0.40948108, 0.36306405, 0.37331912)
(0.81756580, 0.14192210, 0.40193740, 0.49362209, 0.66874462, 0.29229251, 0.56891334, 0.55498654, 0.33750531, 0.29284006)
(0.52157867, 0.30118933, 0.42260712, 0.41111284, 0.47929338, 0.29116184, 0.26526758, 0.46906912, 0.62921304, 0.25677168)
(0.86744934, 0.14104168, 0.40241069, 0.61360556, 0.60490018, 0.26783842, 0.66654074, 0.46290547, 0.31914783, 0.34895375)
(0.72758991, 0.50100249, 0.21197277, 0.68397772, 0.65902013, 0.67179829, 0.73417360, 0.46984264, 0.41774887, 0.45098245)
(0.78714669, 0.78725392, 0.79261160, 0.28784204, 0.67389023, 0.39668968, 0.43811843, 0.03846469, 0.21230644, 0.43422851)
(0.85673541, 0.53592211, 0.18074384, 0.76691425, 0.71361905, 0.66605884, 0.84671485, 0.27707741, 0.31858513, 0.51082700)
(0.78203231, 0.44395295, 0.44843754, 0.57510549, 0.79582852, 0.75126064, 0.80613667, 0.66129649, 0.11617742, 0.60038137)
(0.81089675, 0.48768175, 0.32040015, 0.57393646, 0.57479095, 0.37135226, 0.57939196, 0.14540587, 0.49725899, 0.35480317)
(0.64753288, 0.85855311, 0.36733329, 0.88167250, 0.31620389, 0.75466698, 0.74789429, 0.27074453, 0.33752376, 0.75747210)
(0.69143921, 0.32836184, 0.35451961, 0.78541040, 0.34165692, 0.46473882, 0.67862076, 0.52609122, 0.52584225, 0.48909378)
(0.69157189, 0.67406958, 0.24222031, 0.86574078, 0.57145262, 0.87581903, 0.86293876, 0.74986434, 0.22087869, 0.71407402)
(0.41336524, 0.43887410, 0.36918387, 0.34375089, 0.50524789, 0.31488386, 0.17863980, 0.34040558, 0.69554436, 0.20947193)
(0.43781641, 0.59127444, 0.39033285, 0.30278540, 0.80481768, 0.73502898, 0.37748900, 0.67750126, 0.30550843, 0.35994104)
(0.72723389, 0.43041131, 0.14124334, 0.78517801, 0.52122790, 0.58677280, 0.70931983, 0.44561836, 0.62615108, 0.35444754)
(0.74093604, 0.33410087, 0.29541638, 0.54955781, 0.62848628, 0.46068877, 0.61594236, 0.44110292, 0.45925528, 0.34591988)
(0.72150785, 0.23008887, 0.21736263, 0.51838273, 0.76035911, 0.56800586, 0.62807822, 0.71888518, 0.42111769, 0.27437586)
(0.79325134, 0.39012396, 0.46103284, 0.45816076, 0.76794648, 0.55182183, 0.69800460, 0.38637590, 0.22333477, 0.44739953)
(0.63508636, 0.49055958, 0.27785540, 0.49770561, 0.59039676, 0.48024827, 0.48874113, 0.31790191, 0.57313281, 0.31518871)
(0.66560674, 0.49274933, 0.12948564, 0.59075963, 0.79952121, 0.75260478, 0.64586639, 0.61648881, 0.44089642, 0.31597456)
(0.85509914, 0.42252454, 0.36523333, 0.69412977, 0.67021388, 0.58463973, 0.84021491, 0.34463090, 0.22499922, 0.57036787)
(0.86099696, 0.17011419, 0.18779807, 0.44389036, 0.71245396, 0.18894444, 0.38684168, 0.28607634, 0.55956227, 0.12867041)
(0.71019012, 0.44318900, 0.58629870, 0.50262111, 0.68180430, 0.63187999, 0.70719826, 0.55596006, 0.17265922, 0.58618414)
(0.64066154, 0.48766950, 0.19472919, 0.48047978, 0.76739204, 0.63953602, 0.54683578, 0.46681160, 0.47523794, 0.29439864)
(0.80270934, 0.12982379, 0.30609125, 0.34782228, 0.75663525, 0.23270597, 0.37976047, 0.53170097, 0.42412278, 0.16007599)
(0.60201323, 0.30575949, 0.27425876, 0.50641096, 0.64794838, 0.54753262, 0.52208591, 0.67723799, 0.51632077, 0.29971296)
(0.85021180, 0.48124045, 0.34412220, 0.74862635, 0.64665234, 0.64045477, 0.86481947, 0.34085667, 0.21489036, 0.62109154)
(0.62367481, 0.37237111, 0.26273683, 0.78030396, 0.30755100, 0.45119590, 0.57900137, 0.45814905, 0.66672307, 0.40535581)
(0.73846632, 0.62589097, 0.40243652, 0.46824038, 0.75111574, 0.62441152, 0.63704914, 0.22325848, 0.30579498, 0.42869180)
(0.81807923, 0.37714994, 0.44555447, 0.61657894, 0.69033915, 0.59004980, 0.80706298, 0.46731579, 0.19097050, 0.56643027)
(0.71057528, 0.55863231, 0.68669891, 0.42182931, 0.76865989, 0.69696271, 0.68281543, 0.49783865, 0.10397833, 0.61184555)
(0.86182731, 0.31046897, 0.30683106, 0.82740343, 0.49023297, 0.48365548, 0.84604412, 0.38697657, 0.33094284, 0.55868894)
(0.79566741, 0.39565420, 0.59099054, 0.19525743, 0.79461008, 0.25352463, 0.32609501, 0.14869377, 0.28869462, 0.22253589)
(0.34850803, 0.74540055, 0.28913552, 0.67619616, 0.32697389, 0.64460212, 0.35973373, 0.36580154, 0.68637955, 0.43554178)
(0.69796413, 0.45766491, 0.26241615, 0.73414642, 0.52007627, 0.63424355, 0.73689228, 0.53426546, 0.46743912, 0.49138263)
(0.84135288, 0.53206772, 0.67946428, 0.63370711, 0.57752043, 0.52193528, 0.79561603, 0.21980380, 0.14230412, 0.66677976)
(0.41281578, 0.50022757, 0.23944300, 0.56496108, 0.55540681, 0.64554715, 0.40749112, 0.71262020, 0.60857415, 0.32881719)
(0.71174133, 0.65070391, 0.71628898, 0.66725284, 0.53653806, 0.70379305, 0.78407210, 0.46364889, 0.10967546, 0.77286011)
(0.88423234, 0.43735975, 0.31597933, 0.49838057, 0.70212185, 0.30740839, 0.58342493, 0.10330202, 0.40116403, 0.29283485)
(0.70074344, 0.30899709, 0.08257462, 0.71614939, 0.71901703, 0.66692638, 0.65757322, 0.71182424, 0.60657787, 0.22572081)
(0.57648981, 0.26187965, 0.15751855, 0.69366336, 0.40676579, 0.35435918, 0.36488199, 0.54833621, 0.78113639, 0.19961032)
(0.61565858, 0.35230243, 0.42507300, 0.54704010, 0.47286409, 0.44116205, 0.53208065, 0.50019872, 0.51697326, 0.40538463)
(0.34889919, 0.70780468, 0.49006629, 0.68359560, 0.24747784, 0.59194243, 0.39277825, 0.42609426, 0.55982739, 0.58623117)
(0.62785351, 0.55067277, 0.45019254, 0.47413227, 0.66951579, 0.65076095, 0.60532427, 0.45584697, 0.32483232, 0.48501572)
(0.73968500, 0.48089701, 0.27842382, 0.59912866, 0.81164724, 0.79621238, 0.77252251, 0.69100034, 0.19857545, 0.51475775)
(0.89343333, 0.30814144, 0.38508013, 0.81661880, 0.59755003, 0.57039565, 0.90172684, 0.47429001, 0.16562520, 0.64723992)
(0.78157777, 0.48800233, 0.74401796, 0.62844467, 0.65605807, 0.67234266, 0.81344384, 0.55111247, 0.06827159, 0.75807732)
(0.77131516, 0.17122127, 0.26911584, 0.78830957, 0.24775021, 0.13145244, 0.38861319, 0.22551595, 0.71967137, 0.30869743)
(0.85383719, 0.66759449, 0.46987528, 0.41649780, 0.80339611, 0.51290345, 0.64673781, 0.07122263, 0.25394866, 0.37967396)
(0.61514127, 0.34047648, 0.30791646, 0.53316033, 0.54404795, 0.46544603, 0.49955586, 0.53551930, 0.57251239, 0.31509382)
(0.69439888, 0.49826404, 0.83562523, 0.53359103, 0.54993820, 0.55337864, 0.65470713, 0.48187891, 0.10291738, 0.72231907)
(0.82353312, 0.15290754, 0.44259009, 0.95270950, 0.17450742, 0.33800474, 0.79720014, 0.70566261, 0.35715327, 0.68068743)
(0.36686137, 0.53900582, 0.59435862, 0.35418227, 0.70314902, 0.73216969, 0.35436520, 0.84144211, 0.22375140, 0.48668873)
(0.80642700, 0.20559007, 0.07815912, 0.77668947, 0.49303314, 0.30365065, 0.50692385, 0.40494439, 0.78681815, 0.13795641)
(0.84050012, 0.37818828, 0.29087490, 0.73978001, 0.52619213, 0.43258166, 0.76004791, 0.25667906, 0.41811776, 0.47142494)
(0.69420463, 0.24512921, 0.34390795, 0.56991309, 0.73486453, 0.65985560, 0.67795527, 0.85339439, 0.24366964, 0.42870569)
(0.64966029, 0.32764459, 0.24125929, 0.46851593, 0.66592413, 0.47784406, 0.48140576, 0.53181893, 0.55213606, 0.24705307)
(0.85737783, 0.49674723, 0.21648388, 0.67542350, 0.65172136, 0.47105524, 0.73615623, 0.16228412, 0.43698961, 0.39073819)
(0.54591709, 0.52989924, 0.21813145, 0.85997868, 0.31864342, 0.71095264, 0.65565467, 0.72886157, 0.59934735, 0.51312184)
(0.84762955, 0.51913655, 0.44867092, 0.66499555, 0.73881632, 0.69413847, 0.85919696, 0.36134645, 0.13485374, 0.63862735)
(0.75655293, 0.24511962, 0.29302901, 0.83908212, 0.29180717, 0.35372415, 0.68202573, 0.43605813, 0.58445638, 0.43773207)
(0.64139974, 0.66445619, 0.51678306, 0.48697174, 0.65711790, 0.67154866, 0.61863196, 0.32744080, 0.28460819, 0.53408998)
(0.77961594, 0.17119642, 0.20688346, 0.60173917, 0.55485314, 0.28139856, 0.48240715, 0.49746069, 0.62692100, 0.19123745)
(0.49011549, 0.83676571, 0.68801266, 0.67117882, 0.44888198, 0.81447345, 0.64580733, 0.58062214, 0.14615656, 0.80322021)
(0.67005855, 0.57827932, 0.31257379, 0.26165539, 0.74654806, 0.36203858, 0.27981082, 0.12229344, 0.56062937, 0.15926513)
(0.57294017, 0.36112487, 0.44257766, 0.80226487, 0.18848282, 0.34350166, 0.51401687, 0.40358722, 0.58447051, 0.54295850)
(0.55949044, 0.48629966, 0.28850317, 0.41152346, 0.62522709, 0.48371634, 0.39862645, 0.37515679, 0.59081018, 0.26830533)
(0.62138206, 0.65383768, 0.66469699, 0.90707493, 0.15063207, 0.54946905, 0.70386076, 0.42493841, 0.24114664, 0.83756238)
(0.82300514, 0.80547076, 0.66608393, 0.62166870, 0.66233504, 0.69357502, 0.79747051, 0.10771590, 0.11499489, 0.69742614)
(0.61282694, 0.34899986, 0.31138924, 0.51743573, 0.52373594, 0.42659941, 0.45742863, 0.48235497, 0.60125101, 0.29562035)
(0.74802810, 0.22145161, 0.36935508, 0.39735729, 0.69449687, 0.33769563, 0.47596550, 0.50856853, 0.40739030, 0.26424205)
(0.79417914, 0.28584382, 0.48106104, 0.30615547, 0.77428424, 0.33580071, 0.48749244, 0.34711820, 0.27791876, 0.29714793)
(0.50694925, 0.37325054, 0.30776814, 0.33103085, 0.65665638, 0.40551358, 0.27124172, 0.49152192, 0.60594559, 0.19720589)
(0.49143955, 0.69216371, 0.30020347, 0.62440801, 0.76571512, 0.89729673, 0.65497583, 0.86274981, 0.19368598, 0.58896649)
(0.64029539, 0.45023850, 0.32139793, 0.44009718, 0.79280847, 0.70271510, 0.60314995, 0.61234742, 0.30190775, 0.39200398)
(0.87905562, 0.26965153, 0.16179031, 0.84036750, 0.63828433, 0.60849160, 0.88202399, 0.55398387, 0.35745004, 0.46333057)
(0.60704732, 0.47136974, 0.33176556, 0.40410793, 0.71946019, 0.56902671, 0.49382964, 0.44843549, 0.42785835, 0.33182710)
(0.75080985, 0.39108810, 0.41931173, 0.35529020, 0.77638847, 0.47257867, 0.55000794, 0.34316123, 0.30954012, 0.32978570)
(0.59889966, 0.32487002, 0.23342419, 0.58706522, 0.49891779, 0.42701778, 0.43794733, 0.53025377, 0.67562133, 0.25411373)
(0.71235228, 0.41246709, 0.20851871, 0.67842025, 0.49805626, 0.46645126, 0.60241205, 0.35383373, 0.62456346, 0.32886332)
(0.81421965, 0.48975462, 0.52526122, 0.55917215, 0.62117791, 0.48359606, 0.72911781, 0.21929841, 0.26317328, 0.52080953)
(0.44795376, 0.65965015, 0.39568529, 0.57106292, 0.33153373, 0.42329448, 0.29966527, 0.16092579, 0.66977853, 0.37222025)
(0.62912917, 0.58292764, 0.57060081, 0.49281523, 0.69961733, 0.72613752, 0.66175675, 0.58357579, 0.17193204, 0.60518235)
(0.44498491, 0.50015521, 0.36276284, 0.45408911, 0.64604020, 0.68638253, 0.44828475, 0.73916352, 0.42532989, 0.39693198)
(0.81021875, 0.47994003, 0.38564405, 0.77705288, 0.56481600, 0.66218668, 0.85895300, 0.45959929, 0.22137702, 0.66138101)
(0.71100199, 0.30457506, 0.12840766, 0.49829543, 0.71623397, 0.43781692, 0.44209465, 0.46262884, 0.64604247, 0.15227944)
(0.55941737, 0.48797351, 0.07342758, 0.65252703, 0.72823441, 0.71967572, 0.52572262, 0.66056383, 0.66511750, 0.21060862)
(0.78840965, 0.85144049, 0.78032982, 0.68852806, 0.45908159, 0.63067269, 0.73818725, 0.09071746, 0.12299706, 0.77007270)
(0.82876068, 0.48351300, 0.66262096, 0.40517959, 0.80902648, 0.58043289, 0.72234744, 0.30259922, 0.10461522, 0.53966153)
(0.76851076, 0.53777105, 0.55772662, 0.61660165, 0.60207129, 0.60685337, 0.77191782, 0.33938956, 0.20089549, 0.62412590)
(0.63351375, 0.57792306, 0.44835213, 0.34055012, 0.82917488, 0.71600646, 0.54688424, 0.49097025, 0.22288117, 0.41531351)
(0.38003495, 0.44638368, 0.13331705, 0.52814603, 0.49912831, 0.40766034, 0.19468242, 0.43014222, 0.82816875, 0.14881122)
(0.46962443, 0.46536067, 0.19307378, 0.58164501, 0.55803955, 0.58848053, 0.41623071, 0.62240165, 0.67131758, 0.27594370)
(0.60424745, 0.41395345, 0.38988602, 0.35834599, 0.70949531, 0.52253050, 0.47109205, 0.46970311, 0.41949114, 0.32689187)
(0.54109025, 0.48176146, 0.19637129, 0.73112810, 0.34395462, 0.46228048, 0.45239738, 0.34169239, 0.74019152, 0.32764158)
(0.73625863, 0.11045215, 0.34508726, 0.59127915, 0.56063330, 0.27789021, 0.48678425, 0.69443923, 0.48161986, 0.25911239)
(0.69887722, 0.58445650, 0.46367654, 0.54164112, 0.66263849, 0.65629452, 0.69205797, 0.36486530, 0.27484721, 0.54139411)
(0.58167344, 0.57507247, 0.41619357, 0.55477875, 0.63446820, 0.72347891, 0.63799375, 0.60290122, 0.31103167, 0.54877490)
(0.60788250, 0.41249597, 0.22237074, 0.68136936, 0.54910022, 0.63699108, 0.62769663, 0.65272450, 0.54835808, 0.38504294)
(0.84522092, 0.69177270, 0.67181277, 0.49232325, 0.68610364, 0.52783573, 0.71982211, 0.08651401, 0.16697615, 0.56059760)
(0.66394085, 0.36560467, 0.24405240, 0.42759255, 0.60828906, 0.32949513, 0.34352762, 0.30719590, 0.64343888, 0.19206819)
(0.78852069, 0.70240515, 0.51220435, 0.60132480, 0.61191207, 0.59133828, 0.73320264, 0.12429917, 0.25847086, 0.57051158)
(0.70123529, 0.47233355, 0.35405502, 0.42011923, 0.80366153, 0.65603477, 0.61723799, 0.44591513, 0.28907585, 0.38316289)
(0.72373271, 0.66373926, 0.71331680, 0.45151749, 0.69161928, 0.64996266, 0.66941524, 0.28011712, 0.13927053, 0.61529911)
(0.71982360, 0.82228261, 0.66797143, 0.84880835, 0.33575958, 0.72651887, 0.80928564, 0.27426317, 0.13564824, 0.84731728)
(0.32858017, 0.68664247, 0.60698283, 0.26907668, 0.73011309, 0.73784822, 0.29353431, 0.70692998, 0.24621332, 0.46457788)
(0.68163943, 0.28100732, 0.43069670, 0.31057945, 0.68138683, 0.30157360, 0.34939244, 0.41149759, 0.43773472, 0.24586327)
(0.86421388, 0.26736507, 0.52129763, 0.82177681, 0.51032311, 0.52913427, 0.87261909, 0.57539552, 0.14820299, 0.69084609)
(0.64389580, 0.35277814, 0.25709617, 0.63114250, 0.60941595, 0.63101226, 0.65220565, 0.69678837, 0.46919054, 0.39105073)
(0.72619861, 0.64051837, 0.34297809, 0.67448407, 0.60625654, 0.65798306, 0.73677969, 0.30330524, 0.34063691, 0.55642360)
(0.42582566, 0.47419208, 0.19211131, 0.44270173, 0.74831980, 0.71337765, 0.37966859, 0.78543431, 0.51825124, 0.25707972)
(0.75390333, 0.56883711, 0.69182366, 0.49009722, 0.57667619, 0.49991739, 0.65614009, 0.22134127, 0.22219506, 0.57300442)
(0.57528210, 0.14499308, 0.21725386, 0.58343828, 0.54858696, 0.33039257, 0.33393070, 0.77598405, 0.67774433, 0.18065976)
(0.61933851, 0.44239974, 0.26905644, 0.36393800, 0.69271392, 0.43927956, 0.38552457, 0.34236410, 0.55705148, 0.22674130)
(0.49482402, 0.50296354, 0.14222689, 0.39321771, 0.78810185, 0.64550149, 0.35293505, 0.56695920, 0.60644150, 0.17940027)
(0.66542751, 0.21852659, 0.39831296, 0.47397941, 0.54474014, 0.31772760, 0.42959026, 0.54501194, 0.51724786, 0.28813916)
(0.78140342, 0.03009572, 0.24039449, 0.65258348, 0.50237817, 0.08380321, 0.23475480, 0.75569642, 0.67946649, 0.11128496)
(0.47116593, 0.56019044, 0.15522690, 0.42788061, 0.82295847, 0.76858127, 0.41538262, 0.70720774, 0.46956059, 0.24928516)
(0.70562941, 0.62857956, 0.66952085, 0.41874394, 0.71628094, 0.64444315, 0.63948303, 0.31596065, 0.16221061, 0.56702125)
(0.68633980, 0.37831867, 0.56540680, 0.46126163, 0.72451884, 0.64849466, 0.67125440, 0.68990266, 0.16792139, 0.54172772)
(0.84217554, 0.31538829, 0.41300476, 0.52775586, 0.63705909, 0.32494318, 0.62357241, 0.25684291, 0.34244919, 0.38342714)
(0.51518655, 0.52542675, 0.52253991, 0.75861365, 0.21749781, 0.46080720, 0.52252001, 0.40303281, 0.48951283, 0.61263835)
(0.67364234, 0.29108098, 0.27060530, 0.56115746, 0.54539120, 0.41400474, 0.50560713, 0.51339090, 0.59017026, 0.27811563)
(0.55643731, 0.45868865, 0.40094596, 0.44065058, 0.47853529, 0.34990269, 0.33094537, 0.27022710, 0.61163318, 0.30915555)
(0.79464442, 0.40546125, 0.12182029, 0.68703240, 0.63035405, 0.48321474, 0.64627790, 0.29986644, 0.61526942, 0.25739968)
(0.80386257, 0.38680640, 0.48372367, 0.38061529, 0.82708275, 0.54397917, 0.66368324, 0.39196575, 0.17468990, 0.41257107)
(0.67955858, 0.42483035, 0.33562443, 0.52843732, 0.74877435, 0.71000993, 0.68477774, 0.67414147, 0.27435991, 0.46170798)
(0.88015050, 0.36993286, 0.58664238, 0.52640760, 0.76148355, 0.49962905, 0.80349690, 0.29724491, 0.12262472, 0.55211186)
(0.89356047, 0.37727836, 0.60448736, 0.56830060, 0.61946839, 0.30337721, 0.70712519, 0.13800777, 0.21505308, 0.49104097)
(0.78463954, 0.56407982, 0.39461696, 0.79997754, 0.43499807, 0.57246268, 0.80088961, 0.28516841, 0.31186271, 0.66156495)
(0.91685021, 0.50225663, 0.37847039, 0.44603378, 0.78948981, 0.33397007, 0.64855361, 0.06519533, 0.27964580, 0.30841887)
(0.51979572, 0.33150220, 0.19622348, 0.81561649, 0.26597613, 0.45249444, 0.46722987, 0.61950469, 0.75582498, 0.33942455)
(0.43795565, 0.49875689, 0.26657495, 0.41122997, 0.63522154, 0.56496358, 0.33265063, 0.55517268, 0.61150736, 0.25890854)
(0.52648079, 0.44237730, 0.37917918, 0.47805092, 0.55307156, 0.54672718, 0.48486137, 0.54778224, 0.52412659, 0.38201675)
(0.46060398, 0.58660430, 0.35123998, 0.55245417, 0.64811444, 0.78301263, 0.55126673, 0.78597301, 0.33999112, 0.49999142)
(0.60344166, 0.15236385, 0.67644256, 0.37257105, 0.63889760, 0.35236865, 0.36370328, 0.78693968, 0.25322318, 0.37823063)
(0.59940344, 0.51267880, 0.52704990, 0.46716681, 0.69122624, 0.69631243, 0.61545932, 0.64873219, 0.21677253, 0.54846650)
(0.74187875, 0.49565792, 0.27959144, 0.86813033, 0.45298344, 0.73527795, 0.84631932, 0.65970737, 0.31076539, 0.66677243)
(0.59754860, 0.64398563, 0.23079121, 0.25339031, 0.88132173, 0.64631945, 0.34379530, 0.26526952, 0.42979410, 0.18323766)
(0.67118371, 0.39954838, 0.13232417, 0.77139193, 0.58965427, 0.69185215, 0.70664251, 0.68456280, 0.56881392, 0.35622495)
(0.62099105, 0.48769507, 0.23304263, 0.67248344, 0.52917916, 0.61254048, 0.62821484, 0.50187016, 0.56546134, 0.40044287)
(0.75990433, 0.21803361, 0.33651203, 0.42914936, 0.68273735, 0.33721855, 0.49243787, 0.50188863, 0.43288365, 0.25592965)
(0.55316949, 0.69107419, 0.31279472, 0.38570002, 0.64936280, 0.52565956, 0.35705656, 0.16540807, 0.60878235, 0.25607985)
(0.93000036, 0.06009924, 0.56039435, 0.58861864, 0.69785291, 0.16489767, 0.66903812, 0.49314931, 0.15471268, 0.35646275)
(0.85462660, 0.29096854, 0.37148196, 0.52540040, 0.82720244, 0.59095371, 0.79424000, 0.50181556, 0.16462433, 0.45429727)
(0.88357306, 0.28694472, 0.42740929, 0.56509346, 0.75851989, 0.45013607, 0.79159534, 0.34279081, 0.18104495, 0.47274455)
(0.76399356, 0.56422162, 0.51010835, 0.32587677, 0.90186977, 0.75608760, 0.66554183, 0.45326805, 0.10552489, 0.46074748)
(0.81742066, 0.83717692, 0.62461460, 0.33270830, 0.77475214, 0.51253486, 0.50832176, 0.02741719, 0.24864082, 0.37790367)
(0.71814644, 0.26968113, 0.40503520, 0.51708227, 0.47247195, 0.23769903, 0.39356288, 0.31336367, 0.55438083, 0.31482720)
(0.55759388, 0.43272701, 0.23886636, 0.46208802, 0.63893646, 0.53114349, 0.43062475, 0.49605897, 0.60471988, 0.25635833)
(0.67917746, 0.92524296, 0.47691777, 0.64412647, 0.67621571, 0.82456565, 0.68301970, 0.11824472, 0.21558826, 0.64170063)
(0.60559571, 0.53280813, 0.28793564, 0.89519173, 0.16138291, 0.45500344, 0.60389560, 0.31645226, 0.62865371, 0.58431530)
(0.48054397, 0.39828762, 0.18518195, 0.54454738, 0.49875119, 0.42235258, 0.30513439, 0.47049832, 0.75551766, 0.20321406)
(0.59994799, 0.37199718, 0.29065305, 0.73324609, 0.24340348, 0.26149616, 0.37941954, 0.21909933, 0.72497541, 0.36525407)
(0.90004474, 0.38560385, 0.65753508, 0.52700436, 0.68553579, 0.33662558, 0.73035157, 0.13869463, 0.15662862, 0.50798172)
(0.73330867, 0.53447449, 0.59743178, 0.73888391, 0.38438892, 0.52213383, 0.72913760, 0.33372810, 0.25667834, 0.69124204)
(0.71186930, 0.27419510, 0.32137096, 0.85444528, 0.18934520, 0.25802842, 0.56647378, 0.28483871, 0.63646650, 0.47855458)
(0.71900439, 0.06319597, 0.37309065, 0.52524370, 0.50253558, 0.11266412, 0.22958952, 0.65273213, 0.61708283, 0.16349120)
(0.83996600, 0.76084578, 0.63063157, 0.47432739, 0.76790923, 0.63062370, 0.73299670, 0.08214764, 0.14029841, 0.56172103)
(0.56394029, 0.54833430, 0.38548407, 0.89075172, 0.13563615, 0.44466373, 0.57882720, 0.33622420, 0.57185197, 0.64710367)
(0.54690492, 0.62044114, 0.22363302, 0.41087058, 0.77010232, 0.66955554, 0.43319741, 0.39639226, 0.49105385, 0.28185213)
(0.84314370, 0.47839934, 0.37159601, 0.71108073, 0.68304187, 0.65446985, 0.85369354, 0.36988705, 0.19422664, 0.61368155)
(0.65709537, 0.32864645, 0.31412253, 0.54299784, 0.50024790, 0.38451120, 0.47171485, 0.43348664, 0.60018575, 0.29897791)
(0.70538360, 0.22892673, 0.28766364, 0.61408782, 0.56948262, 0.45623383, 0.60807127, 0.63908648, 0.50267947, 0.32661739)
(0.67611045, 0.15444197, 0.33490822, 0.31950554, 0.63691068, 0.17424080, 0.20116401, 0.47602922, 0.60257632, 0.12584531)
(0.85776323, 0.12916553, 0.45284650, 0.57682812, 0.69239378, 0.34849375, 0.71218854, 0.60015434, 0.22535308, 0.39698324)
(0.66230136, 0.50109607, 0.55867237, 0.59279287, 0.51973343, 0.58930159, 0.69190300, 0.46947250, 0.27732760, 0.60629427)
(0.86524999, 0.47868592, 0.43056932, 0.61879015, 0.60565871, 0.40829927, 0.72758961, 0.13837224, 0.32228112, 0.47226894)
(0.44245720, 0.58089906, 0.36786833, 0.22442779, 0.87835258, 0.74347591, 0.32317823, 0.68694693, 0.26194748, 0.29598093)
(0.68354440, 0.38885561, 0.53876448, 0.87420511, 0.21905801, 0.46731776, 0.71412688, 0.56118768, 0.33791068, 0.71232390)
(0.81295091, 0.29437163, 0.13385332, 0.28256196, 0.87906307, 0.33851501, 0.37127453, 0.28404698, 0.48592529, 0.10157345)
(0.69253004, 0.31530449, 0.15062082, 0.57811409, 0.65972823, 0.49724662, 0.52807355, 0.53114462, 0.62120456, 0.21474047)
(0.61786580, 0.42699060, 0.21796981, 0.44755283, 0.80499107, 0.69332016, 0.55284190, 0.64154994, 0.39616939, 0.30455258)
(0.94584686, 0.16787992, 0.42319795, 0.50136214, 0.81909108, 0.24691148, 0.74396265, 0.23590101, 0.14306447, 0.34918249)
(0.85352671, 0.23401737, 0.18258679, 0.51772135, 0.66886628, 0.23729232, 0.46028563, 0.24229562, 0.57231176, 0.17131583)
(0.80780232, 0.45692453, 0.30759066, 0.59503669, 0.68914998, 0.53124964, 0.72702914, 0.28296790, 0.35098913, 0.43754786)
(0.54202819, 0.37165377, 0.16569072, 0.43911129, 0.60309052, 0.35488835, 0.24208969, 0.40136757, 0.75633186, 0.13321044)
(0.87841183, 0.35804048, 0.40697676, 0.58177215, 0.72400206, 0.45145136, 0.78105664, 0.26008120, 0.22399123, 0.46809945)
(0.62387276, 0.29897502, 0.39668450, 0.41272402, 0.53156608, 0.29877889, 0.33770177, 0.41514787, 0.57772660, 0.25641954)
(0.75493383, 0.29813489, 0.08057011, 0.72277439, 0.74791521, 0.66953766, 0.71461719, 0.68160993, 0.56261730, 0.23802699)
(0.85223126, 0.32183948, 0.48133886, 0.95088083, 0.22730428, 0.50366139, 0.88352174, 0.57661057, 0.19857198, 0.79897851)
(0.41379493, 0.61948138, 0.25637597, 0.52017254, 0.66495138, 0.78238487, 0.46850243, 0.72810221, 0.46593219, 0.38078922)
(0.73519248, 0.47801867, 0.24145010, 0.49576515, 0.77219516, 0.59627491, 0.62524831, 0.34157759, 0.40176257, 0.33306426)
(0.81398571, 0.76068306, 0.55331022, 0.43827254, 0.73597324, 0.54983890, 0.62490326, 0.06113644, 0.25511217, 0.44650039)
(0.71983087, 0.21919550, 0.25211284, 0.54477680, 0.55566370, 0.32244226, 0.45083240, 0.50308728, 0.61145097, 0.21780546)
(0.59592766, 0.39985278, 0.34961742, 0.59374619, 0.75315696, 0.80745226, 0.67176956, 0.90444010, 0.18658721, 0.51701552)
(0.74008465, 0.26308483, 0.34551200, 0.72646213, 0.43185958, 0.42537498, 0.68618101, 0.52249765, 0.49191102, 0.43162307)
(0.71258187, 0.19885808, 0.35097608, 0.53701043, 0.51886570, 0.29221919, 0.46237740, 0.51222152, 0.54716820, 0.27625236)
(0.80091667, 0.59973669, 0.39640912, 0.77726877, 0.56370264, 0.67809910, 0.85246509, 0.32412070, 0.21118891, 0.68801379)
(0.61849624, 0.53814226, 0.14835352, 0.61216319, 0.73067546, 0.73506248, 0.61779845, 0.57579315, 0.49475273, 0.34054035)
(0.77023667, 0.52921480, 0.36924720, 0.20814253, 0.87846684, 0.43788764, 0.37773937, 0.14610115, 0.32825512, 0.18117988)
(0.80335540, 0.25343183, 0.26020244, 0.43132204, 0.74847269, 0.36094937, 0.52932119, 0.40814456, 0.42230526, 0.23208705)
(0.48894304, 0.42271951, 0.29389831, 0.53511477, 0.61203939, 0.65721500, 0.48083198, 0.75740331, 0.49066168, 0.36096987)
(0.89147055, 0.03972875, 0.20735140, 0.43402603, 0.82195824, 0.16592512, 0.42270949, 0.70458686, 0.37896654, 0.09682196)
(0.62528580, 0.46568918, 0.13551854, 0.44974738, 0.75910264, 0.56868207, 0.44213086, 0.42642885, 0.61468548, 0.18809143)
(0.67295331, 0.80856478, 0.74239641, 0.48636851, 0.66846758, 0.74010623, 0.65478778, 0.24916218, 0.12173835, 0.68101841)
(0.71441782, 0.32878983, 0.50335395, 0.37995335, 0.55749589, 0.23242560, 0.33521903, 0.24922401, 0.47630697, 0.29227522)
(0.68314648, 0.38102588, 0.11798839, 0.75958031, 0.68536538, 0.76087743, 0.73842144, 0.79000723, 0.47744688, 0.36062494)
(0.68640757, 0.47629696, 0.69343609, 0.63400334, 0.55634028, 0.63102162, 0.71707171, 0.60802746, 0.13222174, 0.71154326)
(0.61312693, 0.78658491, 0.27984661, 0.54107243, 0.74859995, 0.76913041, 0.57568222, 0.28573671, 0.37031257, 0.43400508)
(0.69159681, 0.35455155, 0.17658889, 0.85326296, 0.36442560, 0.55974263, 0.69523305, 0.60266054, 0.65349191, 0.40287524)
(0.47998896, 0.46342915, 0.31758350, 0.49905807, 0.54856855, 0.56625873, 0.43664604, 0.58495629, 0.58222920, 0.34308550)
(0.85095036, 0.22876023, 0.25307819, 0.60544330, 0.64950812, 0.34328970, 0.65584791, 0.37926143, 0.43428773, 0.29512262)
(0.66168022, 0.41861945, 0.36117354, 0.49221584, 0.52860838, 0.38868502, 0.46455413, 0.31304440, 0.55103248, 0.34089324)
(0.72889161, 0.49402595, 0.45579922, 0.79403061, 0.33919373, 0.50411284, 0.72845155, 0.35618958, 0.37492669, 0.63764167)
(0.76115966, 0.45252725, 0.83452576, 0.41512555, 0.68472511, 0.54132807, 0.67460328, 0.40729558, 0.08336827, 0.65398461)
(0.72410369, 0.19318967, 0.18767901, 0.75971508, 0.58836699, 0.58450419, 0.71199757, 0.82139570, 0.48745975, 0.34121379)
(0.71305627, 0.51170194, 0.11333895, 0.61479652, 0.73389888, 0.62075907, 0.61221641, 0.35065469, 0.57770747, 0.26084861)
(0.57802212, 0.73679304, 0.29230922, 0.36930260, 0.71971834, 0.57990068, 0.36723739, 0.14462267, 0.56508982, 0.24768256)
(0.79067457, 0.43162620, 0.54339409, 0.48322666, 0.67673725, 0.48178464, 0.68563318, 0.29475597, 0.24444912, 0.48822808)
(0.82936853, 0.66918331, 0.59511781, 0.43950981, 0.79721129, 0.61897594, 0.71270639, 0.14181498, 0.14703462, 0.52079058)
(0.54914975, 0.49931419, 0.55707026, 0.76034182, 0.24265608, 0.48345253, 0.57729173, 0.47881320, 0.42562172, 0.64935219)
(0.80348980, 0.16888131, 0.16025840, 0.70456135, 0.48745194, 0.26568732, 0.50826144, 0.45650685, 0.69023389, 0.18571801)
(0.85583651, 0.18765727, 0.33391640, 0.83239609, 0.40325522, 0.35615209, 0.79573524, 0.46559861, 0.40409043, 0.47952276)
(0.59518778, 0.57014704, 0.71542382, 0.53410530, 0.74882168, 0.82980508, 0.68396217, 0.86685562, 0.05239713, 0.75051957)
(0.86556184, 0.36929005, 0.21578953, 0.84986156, 0.47186977, 0.47531116, 0.83305663, 0.27357948, 0.44545722, 0.50985044)
(0.68547088, 0.44779274, 0.50862223, 0.22103041, 0.70884371, 0.26193318, 0.24491745, 0.15838122, 0.45770058, 0.19367996)
(0.70841217, 0.59432524, 0.38276663, 0.54532623, 0.72233951, 0.70156968, 0.69746596, 0.39423567, 0.27599719, 0.51185632)
(0.80317229, 0.11689083, 0.34064659, 0.41358745, 0.72478759, 0.26173899, 0.46800116, 0.60465032, 0.38050860, 0.20582891)
(0.34592506, 0.54175681, 0.30385679, 0.40491098, 0.60891765, 0.61119080, 0.27926654, 0.66605991, 0.59350163, 0.28611550)
(0.68014085, 0.40731177, 0.40433684, 0.54956037, 0.51499134, 0.43680656, 0.57061410, 0.37041217, 0.48029459, 0.42289045)
(0.91612786, 0.03432515, 0.44774595, 0.72369629, 0.69973946, 0.25797606, 0.77279162, 0.80385977, 0.16186649, 0.35871834)
(0.79337698, 0.22370885, 0.43738258, 0.49549773, 0.67120534, 0.38378638, 0.62999099, 0.50632405, 0.30206066, 0.38222361)
(0.82458931, 0.59558839, 0.48956853, 0.39160344, 0.64785630, 0.28197637, 0.41514960, 0.05233065, 0.43665445, 0.28141472)
(0.90873992, 0.21470569, 0.28999177, 0.71974981, 0.72181255, 0.46866533, 0.85789138, 0.43572304, 0.21915206, 0.46372175)
(0.88189203, 0.26041752, 0.41730389, 0.22355241, 0.91880101, 0.37578663, 0.55251336, 0.29430151, 0.15745780, 0.22844970)
(0.47051919, 0.41896132, 0.34201702, 0.55177844, 0.43655410, 0.48315614, 0.40857741, 0.55500567, 0.63693941, 0.35361058)
(0.89804500, 0.65692616, 0.58572602, 0.44873196, 0.86341310, 0.61672634, 0.78532869, 0.09957493, 0.09552772, 0.52256340)
(0.78967816, 0.46248326, 0.73525614, 0.45335564, 0.63941765, 0.45869687, 0.66141516, 0.26639375, 0.16346788, 0.56839556)
(0.86531109, 0.44115439, 0.14683734, 0.88108993, 0.56543648, 0.65883130, 0.88860846, 0.41220933, 0.39595124, 0.54079306)
(0.82226360, 0.65083891, 0.62058395, 0.70669693, 0.59394664, 0.66239256, 0.84892499, 0.24228434, 0.11714755, 0.73486722)
(0.80525333, 0.26993817, 0.16067071, 0.73871392, 0.76483071, 0.73815042, 0.83168674, 0.80856246, 0.29597718, 0.41713446)
(0.74309140, 0.51599920, 0.09851723, 0.80133605, 0.56929904, 0.62091660, 0.71467978, 0.36581373, 0.65024781, 0.32770056)
(0.60583931, 0.41693696, 0.45516822, 0.80971426, 0.24851736, 0.48247513, 0.63485873, 0.53643876, 0.47058105, 0.60904199)
(0.60954815, 0.77575415, 0.76279265, 0.66633785, 0.34982154, 0.60748339, 0.60594326, 0.25068942, 0.21417308, 0.74563783)
(0.78506899, 0.56509709, 0.23474443, 0.52927184, 0.65237153, 0.42602104, 0.53667909, 0.12974875, 0.54816270, 0.28338090)
(0.69614136, 0.38124248, 0.11813172, 0.76973724, 0.60381842, 0.65990466, 0.70161521, 0.63394475, 0.59395462, 0.32276940)
(0.75733489, 0.78198850, 0.72986352, 0.54546809, 0.62012702, 0.66603750, 0.72055441, 0.15352984, 0.13463981, 0.67783868)
(0.85779107, 0.30140999, 0.13127720, 0.83263665, 0.47454587, 0.41008362, 0.75258350, 0.31210434, 0.62035072, 0.32400432)
(0.36252132, 0.52468425, 0.32277715, 0.46374339, 0.57791662, 0.63942170, 0.33011937, 0.71774620, 0.55639541, 0.33422551)
(0.35866237, 0.24329796, 0.34637144, 0.45759505, 0.41648364, 0.25393960, 0.14457560, 0.64413309, 0.74804997, 0.20575552)
(0.68778121, 0.32835791, 0.08568862, 0.76911741, 0.63926709, 0.65355682, 0.66527706, 0.69157761, 0.64705449, 0.25053483)
(0.58177030, 0.30742398, 0.36167285, 0.48477462, 0.70215040, 0.64236528, 0.53754908, 0.82453781, 0.33274987, 0.37838584)
(0.59457761, 0.36709222, 0.29402891, 0.41884401, 0.63409090, 0.44935289, 0.41043594, 0.48614606, 0.56739765, 0.25226769)
(0.24199784, 0.67360777, 0.35578230, 0.64036065, 0.38220423, 0.76047552, 0.29702151, 0.83537996, 0.58180010, 0.43906057)
(0.72327060, 0.35340655, 0.39197880, 0.53425819, 0.64033037, 0.51636004, 0.66299498, 0.48886269, 0.35603216, 0.43967083)
(0.64573342, 0.57728547, 0.27799958, 0.47753438, 0.63214374, 0.51886469, 0.49118468, 0.23889862, 0.56186306, 0.30717415)
(0.77312666, 0.25327256, 0.31225905, 0.67605346, 0.41551584, 0.28157881, 0.54592890, 0.33465478, 0.58369964, 0.34481579)
(0.71104771, 0.28469798, 0.26324174, 0.60966349, 0.53978574, 0.42610741, 0.57255781, 0.50656664, 0.56606209, 0.30471542)
(0.46212620, 0.20209581, 0.23077598, 0.63445330, 0.40170792, 0.31784847, 0.26892745, 0.71917212, 0.76291341, 0.21350072)
(0.38026577, 0.48051247, 0.33660701, 0.44732511, 0.62773973, 0.65864962, 0.33833200, 0.77938360, 0.48995262, 0.33297148)
(0.63945436, 0.42264771, 0.27289891, 0.49139166, 0.58665341, 0.45360848, 0.47264162, 0.37833008, 0.58689582, 0.28624192)
(0.61594021, 0.77869892, 0.48270962, 0.82653737, 0.30712879, 0.68020594, 0.69718987, 0.33011279, 0.32812449, 0.73928565)
(0.89967698, 0.14823179, 0.07163993, 0.71310914, 0.79787278, 0.45842260, 0.75263929, 0.57663113, 0.49356192, 0.16935368)
(0.54562789, 0.41014257, 0.34405375, 0.53921038, 0.60519582, 0.64680618, 0.55737656, 0.72864747, 0.43250573, 0.41985542)
(0.76428109, 0.38304958, 0.60789877, 0.38677135, 0.80301458, 0.61539692, 0.68849337, 0.54501563, 0.12434305, 0.51700646)
(0.76445633, 0.77355331, 0.51545477, 0.43777895, 0.79545861, 0.69920325, 0.66099477, 0.12571934, 0.19839536, 0.49212348)
(0.39447334, 0.56793463, 0.14247106, 0.49674121, 0.64768952, 0.63663703, 0.30676082, 0.58767951, 0.71129751, 0.20509247)
(0.77640057, 0.28825632, 0.34262931, 0.49023768, 0.72494221, 0.47812667, 0.65270489, 0.48704454, 0.33390960, 0.36331525)
(0.67401427, 0.51131713, 0.43728447, 0.89599651, 0.24604382, 0.61329669, 0.76997983, 0.60166246, 0.34128696, 0.72693926)
(0.65315872, 0.60817873, 0.46573189, 0.72697747, 0.41634345, 0.62582827, 0.71514189, 0.41577625, 0.34103277, 0.65160698)
(0.72912824, 0.51289964, 0.41533026, 0.50242651, 0.73286569, 0.64702523, 0.68498588, 0.40356353, 0.26840660, 0.48282439)
(0.86530739, 0.39070308, 0.53026301, 0.58418918, 0.46022916, 0.16325168, 0.46629998, 0.06207880, 0.42242849, 0.37258181)
(0.74713874, 0.47497669, 0.58657950, 0.48866978, 0.57066149, 0.42521271, 0.60627460, 0.24279019, 0.31862107, 0.48275286)
(0.76553595, 0.58200151, 0.09091725, 0.91011095, 0.43864590, 0.68845999, 0.79835987, 0.43231112, 0.63943183, 0.44065782)
(0.87940800, 0.17535184, 0.28992912, 0.79795474, 0.46452162, 0.31935030, 0.77490854, 0.40689427, 0.42340127, 0.40468770)
(0.71024519, 0.51010573, 0.67395163, 0.43029651, 0.75147760, 0.67328650, 0.68455768, 0.52824724, 0.11542193, 0.60230625)
(0.88668412, 0.18148386, 0.12167456, 0.79746592, 0.73211783, 0.58139652, 0.85664195, 0.65745360, 0.38104257, 0.33658361)
(0.90482908, 0.56821990, 0.44926780, 0.62647933, 0.71416038, 0.49167472, 0.81763637, 0.08903366, 0.20643093, 0.51857007)
(0.75234085, 0.36425334, 0.32819867, 0.66643053, 0.63610351, 0.63339144, 0.77200645, 0.61532634, 0.30568123, 0.51192063)
(0.57658410, 0.48903459, 0.34074691, 0.71027684, 0.23676535, 0.27353838, 0.33565372, 0.13058430, 0.69967335, 0.38634565)
(0.80226731, 0.73531610, 0.47753036, 0.69969606, 0.65185213, 0.71723026, 0.82650059, 0.19158426, 0.17029074, 0.67366958)
(0.73782587, 0.70078814, 0.42165729, 0.31442180, 0.92657328, 0.81863761, 0.62589043, 0.37641242, 0.11595077, 0.42020312)
(0.76167148, 0.52934939, 0.52761120, 0.31078586, 0.69607180, 0.33631721, 0.41101581, 0.12440544, 0.38128763, 0.29192072)
(0.73524296, 0.35815725, 0.21674758, 0.71912253, 0.33252928, 0.24281578, 0.43517205, 0.14674349, 0.70961708, 0.30420470)
(0.87962508, 0.49362850, 0.19705808, 0.72379148, 0.73517138, 0.58921045, 0.83256024, 0.20817463, 0.32487622, 0.45990780)
(0.53488660, 0.48386925, 0.10015629, 0.54398370, 0.69313848, 0.59791106, 0.39901739, 0.49908817, 0.72664547, 0.17116663)
(0.52554786, 0.38230461, 0.32652232, 0.58583021, 0.53467524, 0.60340106, 0.52098078, 0.72714865, 0.51187009, 0.39090887)
(0.67595506, 0.78692162, 0.45587447, 0.48824570, 0.86155909, 0.87380153, 0.70326567, 0.48661059, 0.10855290, 0.60973728)
(0.66114408, 0.70458072, 0.69637120, 0.43872216, 0.52255118, 0.50069386, 0.51918185, 0.15497838, 0.30514213, 0.52831692)
(0.77849805, 0.48657030, 0.51292372, 0.52330434, 0.56931144, 0.40517986, 0.61383080, 0.19323330, 0.36513722, 0.45379043)
(0.88395619, 0.55011368, 0.29189220, 0.88874960, 0.45555410, 0.57141870, 0.88714182, 0.20360063, 0.26893273, 0.69283801)
(0.62359059, 0.20950301, 0.26721299, 0.62656504, 0.55779564, 0.48336297, 0.53925574, 0.76195669, 0.54427117, 0.29941246)
(0.82421470, 0.36478508, 0.52760297, 0.53542346, 0.73850948, 0.57062393, 0.78309810, 0.45579690, 0.15094015, 0.55507648)
(0.86362988, 0.55251890, 0.20811063, 0.70698303, 0.75199956, 0.63547999, 0.82177758, 0.20663746, 0.30507493, 0.46954510)
(0.73744941, 0.70010525, 0.42922181, 0.39308208, 0.78467405, 0.61542183, 0.56516504, 0.14149898, 0.31432670, 0.37279183)
(0.72572178, 0.33917886, 0.53212893, 0.43790972, 0.73270208, 0.57842630, 0.66778570, 0.60345006, 0.19717205, 0.49064383)
(0.40016478, 0.94010174, 0.29682168, 0.41938755, 0.74188763, 0.83358353, 0.30298126, 0.14065398, 0.48411816, 0.34472984)
(0.70348614, 0.65019435, 0.15647322, 0.73958743, 0.65994287, 0.71909630, 0.71259594, 0.39133343, 0.47012702, 0.44953060)
(0.73320740, 0.58700877, 0.36614361, 0.45965031, 0.68275541, 0.50424778, 0.55679864, 0.17870365, 0.43468055, 0.35208446)
(0.90756029, 0.48677379, 0.53776956, 0.61875987, 0.78858304, 0.60047930, 0.87292975, 0.21683232, 0.09367085, 0.61820251)
(0.61202848, 0.61844546, 0.56536704, 0.58324909, 0.49751839, 0.62760848, 0.64691854, 0.40923807, 0.30571043, 0.60964203)
(0.72036123, 0.35258040, 0.48614541, 0.73908627, 0.33361113, 0.39213774, 0.65666091, 0.39031032, 0.42607245, 0.55635262)
(0.80777085, 0.37791595, 0.43335029, 0.43051875, 0.63501954, 0.28052679, 0.47199985, 0.18478154, 0.41550076, 0.31111297)
(0.74643153, 0.10779936, 0.26240179, 0.92829114, 0.17886087, 0.24452737, 0.61830187, 0.67772591, 0.65988374, 0.41068929)
(0.50906169, 0.28621876, 0.52716315, 0.90665621, 0.12725760, 0.38663101, 0.52283132, 0.76293117, 0.48642120, 0.68782961)
(0.89820760, 0.06287739, 0.14101474, 0.76745397, 0.50393683, 0.13356119, 0.50368744, 0.48599038, 0.66722417, 0.13552950)
(0.71087885, 0.54331636, 0.20382082, 0.71796781, 0.72907519, 0.80779260, 0.78660995, 0.67129153, 0.29055128, 0.52829933)
(0.71892065, 0.22874689, 0.30430856, 0.61871374, 0.59018195, 0.48539230, 0.64931512, 0.65871692, 0.45429942, 0.35613525)
(0.63974571, 0.59847963, 0.22576180, 0.38827977, 0.83434838, 0.67515695, 0.49392977, 0.34725219, 0.40649688, 0.27477399)
(0.76069707, 0.11706851, 0.06743447, 0.92141283, 0.38669619, 0.43584004, 0.66031545, 0.82163781, 0.77595586, 0.20471068)
(0.81104833, 0.29569778, 0.32318339, 0.67787170, 0.72096682, 0.66038513, 0.82295394, 0.70037168, 0.20584852, 0.52572602)
(0.82018709, 0.49024266, 0.24115373, 0.35157090, 0.85967112, 0.48401219, 0.53326279, 0.18070562, 0.35887927, 0.21896781)
(0.83567286, 0.15921468, 0.43144688, 0.18937202, 0.87161243, 0.21279693, 0.32900253, 0.38676563, 0.24741913, 0.16482677)
(0.85411346, 0.20909666, 0.20505232, 0.59740984, 0.63616866, 0.29237890, 0.58376282, 0.34755024, 0.52192736, 0.22754256)
(0.79956573, 0.14808808, 0.22703426, 0.26429927, 0.84689921, 0.25625080, 0.32531497, 0.50567704, 0.43151897, 0.10878848)
(0.85576445, 0.33864474, 0.59745944, 0.62385160, 0.60926473, 0.43944320, 0.78331852, 0.32218167, 0.17792402, 0.58185184)
(0.80109262, 0.54912490, 0.67694139, 0.61063641, 0.71549797, 0.71547300, 0.83239090, 0.47977659, 0.07382694, 0.72922552)
(0.90207398, 0.44634822, 0.30686581, 0.79229671, 0.66436547, 0.60046774, 0.89949381, 0.26588956, 0.19174643, 0.62071049)
(0.68307936, 0.56980240, 0.37948525, 0.49251944, 0.53058195, 0.40904883, 0.46569109, 0.15435322, 0.55439287, 0.34809044)
(0.81276155, 0.32057965, 0.43468028, 0.39633060, 0.64937353, 0.23571467, 0.41960791, 0.19983605, 0.41575956, 0.27584875)
(0.54815590, 0.69902962, 0.73747718, 0.30646372, 0.73679769, 0.69700372, 0.46137959, 0.43992779, 0.15373290, 0.55324882)
(0.66250294, 0.50309944, 0.28994802, 0.62296414, 0.58238208, 0.60958421, 0.65886778, 0.44192854, 0.46575987, 0.45167318)
(0.87527120, 0.35577631, 0.40828678, 0.54918635, 0.64153343, 0.30507597, 0.64043003, 0.17015162, 0.33895558, 0.38234982)
(0.53465146, 0.53630435, 0.25800955, 0.62310219, 0.71619952, 0.82934344, 0.64726424, 0.85112929, 0.29700038, 0.49486250)
(0.74290657, 0.50914043, 0.28415295, 0.48590535, 0.59242982, 0.35288748, 0.43908426, 0.14336959, 0.57999790, 0.27194253)
(0.75425333, 0.40342298, 0.35000607, 0.59735018, 0.65109164, 0.57419389, 0.72842640, 0.45873761, 0.33107963, 0.48140967)
(0.80309790, 0.18364416, 0.50540537, 0.22183873, 0.82553667, 0.24424893, 0.36120060, 0.40859279, 0.25166067, 0.22099891)
(0.45010990, 0.52028435, 0.30515164, 0.43996692, 0.78839028, 0.81078440, 0.48587081, 0.86960840, 0.28398669, 0.40051037)
(0.77359879, 0.35830015, 0.17255713, 0.92638636, 0.28725046, 0.57136935, 0.80392402, 0.56877851, 0.59343266, 0.50632471)
(0.65286350, 0.21068136, 0.39729631, 0.87237221, 0.13332984, 0.19738464, 0.47716910, 0.35359445, 0.65702009, 0.50634140)
(0.80538237, 0.18888859, 0.18058972, 0.55522728, 0.63733953, 0.29772550, 0.49454251, 0.44396690, 0.59798974, 0.17350952)
(0.86104172, 0.54156381, 0.58129597, 0.49215403, 0.80893040, 0.61567992, 0.78878778, 0.23010261, 0.11232873, 0.55825835)
(0.28960410, 0.82638162, 0.34980670, 0.48923299, 0.75399995, 0.91542256, 0.42451182, 0.84630591, 0.23886107, 0.52208495)
(0.63994431, 0.22837617, 0.19521749, 0.69465226, 0.42076120, 0.35316578, 0.44018403, 0.58082771, 0.72443861, 0.23002927)
(0.89109331, 0.43868598, 0.65640223, 0.75026006, 0.64750636, 0.62634206, 0.90480644, 0.38748240, 0.06541336, 0.76557827)
(0.67563963, 0.59343457, 0.37236324, 0.50673968, 0.75892150, 0.73465693, 0.66638702, 0.46443006, 0.26548028, 0.49067193)
(0.93157339, 0.12716147, 0.25188816, 0.86753958, 0.40047070, 0.21312745, 0.79380304, 0.29605383, 0.44425267, 0.39110851)
(0.34286624, 0.53286439, 0.39437523, 0.56414998, 0.52576607, 0.71690750, 0.36856297, 0.84659392, 0.43631363, 0.44765705)
(0.66317552, 0.57375193, 0.11699773, 0.56587750, 0.77517068, 0.67625248, 0.57135975, 0.36650598, 0.54934615, 0.26676413)
(0.75839382, 0.44437218, 0.26204422, 0.63250148, 0.69838655, 0.64454687, 0.74641192, 0.47753647, 0.34316573, 0.46542376)
(0.46932721, 0.56025571, 0.40953809, 0.83080983, 0.16178349, 0.47080871, 0.49085706, 0.40053776, 0.60321611, 0.59575236)
(0.64438444, 0.49283955, 0.18770517, 0.37300327, 0.88015282, 0.71276677, 0.51422536, 0.52861530, 0.35130093, 0.25665718)
(0.81312567, 0.52419680, 0.46698382, 0.81433493, 0.34813607, 0.42933843, 0.74971610, 0.17860928, 0.33995774, 0.64408696)
(0.53595328, 0.37923512, 0.16022158, 0.77073658, 0.34846294, 0.47838581, 0.45459175, 0.53132260, 0.76638061, 0.28769639)
(0.58951890, 0.16771723, 0.17486423, 0.65030473, 0.46661326, 0.30539894, 0.32485607, 0.69678169, 0.75875521, 0.16746911)
(0.21403122, 0.78692651, 0.18913341, 0.43881032, 0.50652432, 0.59692359, 0.12996905, 0.31494501, 0.78448212, 0.22575298)
(0.80858719, 0.56600207, 0.43004414, 0.64404273, 0.66078591, 0.62009996, 0.79727018, 0.25110570, 0.23139507, 0.57981950)
(0.67358476, 0.68690354, 0.50568020, 0.45086372, 0.67329001, 0.62219661, 0.58539671, 0.20617813, 0.32108667, 0.47030002)
(0.55567980, 0.46504995, 0.17433915, 0.59895939, 0.62583739, 0.64000869, 0.53082538, 0.59864193, 0.60634762, 0.29860672)
(0.59500200, 0.33391300, 0.27553868, 0.63601029, 0.57533312, 0.62500906, 0.60308701, 0.76417124, 0.48205981, 0.39008042)
(0.59037280, 0.33893156, 0.61233622, 0.25236538, 0.57595783, 0.22206381, 0.20493060, 0.27997029, 0.49016204, 0.24030854)
(0.45364121, 0.92627382, 0.39920318, 0.35596383, 0.69362313, 0.70592570, 0.26155648, 0.07075787, 0.52414137, 0.31380308)
(0.79126495, 0.45640585, 0.22599639, 0.29404333, 0.87825364, 0.47734246, 0.46408862, 0.22145383, 0.37451690, 0.18161032)
(0.84728843, 0.29737419, 0.70236528, 0.29298010, 0.69051820, 0.16352218, 0.35505328, 0.13294557, 0.25191313, 0.29852417)
(0.65642816, 0.54956657, 0.36165455, 0.33975962, 0.71914852, 0.47472718, 0.41833204, 0.22453982, 0.47552767, 0.26473278)
(0.51540309, 0.44230473, 0.25477695, 0.53561193, 0.55265164, 0.54442996, 0.44454426, 0.54529577, 0.63293207, 0.29998541)
(0.70094156, 0.23784183, 0.35374212, 0.67493057, 0.59114730, 0.58637661, 0.70164889, 0.79819423, 0.32835630, 0.45834404)
(0.76040673, 0.28448772, 0.41685790, 0.44063494, 0.79126900, 0.58732808, 0.68945819, 0.62679708, 0.21467529, 0.41458499)
(0.81115961, 0.28093919, 0.20469190, 0.62138909, 0.61149192, 0.37993288, 0.61587983, 0.36409661, 0.53824818, 0.26894855)
(0.73126227, 0.33616748, 0.28835237, 0.53737158, 0.79420173, 0.70365655, 0.71965176, 0.73299867, 0.25161713, 0.42154884)
(0.80740595, 0.30663216, 0.11871138, 0.73413217, 0.52601296, 0.37716845, 0.59995717, 0.31676430, 0.69161135, 0.22087598)
(0.71470535, 0.48033863, 0.78081107, 0.58962566, 0.47236851, 0.50443679, 0.67745841, 0.39155954, 0.16201888, 0.69416320)
(0.89995158, 0.15521812, 0.20685911, 0.78457600, 0.52580625, 0.28834480, 0.74914390, 0.37898511, 0.47700566, 0.31213015)
(0.79464209, 0.32266948, 0.39281547, 0.88907927, 0.22968407, 0.36094305, 0.75024837, 0.34287614, 0.43396166, 0.61992401)
(0.76798439, 0.46274087, 0.52570421, 0.59286702, 0.64678293, 0.61580199, 0.77452594, 0.44386813, 0.19253275, 0.60326797)
(0.61961192, 0.23760763, 0.23361978, 0.53963721, 0.57062536, 0.39783546, 0.41622612, 0.63367665, 0.63748753, 0.21844219)
(0.77740943, 0.43846595, 0.29238376, 0.42590871, 0.68353266, 0.35429484, 0.46459714, 0.19122778, 0.49744406, 0.25396156)
(0.61886698, 0.33826670, 0.36523786, 0.30565012, 0.74846947, 0.46133605, 0.40973356, 0.52104235, 0.42088735, 0.26018071)
(0.76348764, 0.48649657, 0.63580614, 0.55249196, 0.74488556, 0.71429175, 0.78780305, 0.59832489, 0.08573372, 0.67822027)
(0.43188229, 0.67709088, 0.30669761, 0.37920269, 0.68831009, 0.65919614, 0.34411910, 0.41798109, 0.52276963, 0.31023303)
(0.45262989, 0.41686442, 0.27137896, 0.60336560, 0.55384982, 0.65865350, 0.45057136, 0.80175829, 0.53405023, 0.35786650)
(0.78493947, 0.33320189, 0.49198017, 0.49278939, 0.74555260, 0.57261831, 0.73394811, 0.54275674, 0.18244517, 0.50464159)
(0.61085713, 0.29638705, 0.15648188, 0.53774697, 0.49859229, 0.27121192, 0.26116198, 0.34956744, 0.78249574, 0.13951498)
(0.62377608, 0.28512555, 0.32465449, 0.54649746, 0.55985743, 0.47508526, 0.52982897, 0.62823737, 0.53030080, 0.32988229)
(0.78522784, 0.36617643, 0.46110955, 0.53871584, 0.70209688, 0.56022274, 0.74469829, 0.47436672, 0.22007570, 0.51432753)
(0.51736790, 0.49533400, 0.26395714, 0.46548590, 0.77913034, 0.77534157, 0.53367192, 0.79248565, 0.33873120, 0.37780634)
(0.58523554, 0.84281164, 0.21043861, 0.45842683, 0.89099997, 0.88113075, 0.55250728, 0.36236924, 0.25152391, 0.39158589)
(0.62541705, 0.48306394, 0.49181280, 0.43883044, 0.65980077, 0.60192072, 0.58477473, 0.49559310, 0.31699565, 0.47346780)
(0.93399054, 0.05533803, 0.50172764, 0.88769138, 0.40421751, 0.18727745, 0.82304233, 0.55487657, 0.23301767, 0.52285838)
(0.79295880, 0.41916892, 0.39527068, 0.68793297, 0.56297529, 0.54690379, 0.78478199, 0.38396165, 0.30440030, 0.55931401)
(0.72460359, 0.29808274, 0.18998405, 0.72535044, 0.58562744, 0.58286828, 0.70761925, 0.64387470, 0.52647996, 0.35599795)
(0.76762211, 0.50824291, 0.51982951, 0.59796292, 0.58860904, 0.55513859, 0.74086100, 0.30941555, 0.25690034, 0.57199532)
(0.67875600, 0.76473933, 0.75961679, 0.71878368, 0.43051600, 0.71577549, 0.76270318, 0.36873510, 0.11422361, 0.81807429)
(0.86181575, 0.26686537, 0.19712962, 0.38855770, 0.81751508, 0.30504069, 0.50132436, 0.26138550, 0.41451401, 0.17438135)
(0.68884492, 0.66248584, 0.27908009, 0.57275987, 0.65283269, 0.60882205, 0.59771043, 0.21596034, 0.48235661, 0.39119738)
(0.70011425, 0.77804375, 0.80583233, 0.44639289, 0.59808719, 0.62093222, 0.60524178, 0.16590282, 0.14382699, 0.65405649)
(0.60007054, 0.87083805, 0.75616223, 0.52140963, 0.54408479, 0.71948475, 0.57231641, 0.19196241, 0.16906440, 0.69306856)
(0.67990512, 0.31804416, 0.22935094, 0.52116644, 0.39859912, 0.12932508, 0.17959401, 0.10421992, 0.76530004, 0.17380667)
(0.83846653, 0.36637464, 0.18655391, 0.64688677, 0.64688069, 0.41632238, 0.67181152, 0.25633442, 0.49794343, 0.30879295)
(0.67482156, 0.43524805, 0.17694050, 0.63427931, 0.69911754, 0.69120032, 0.67572826, 0.61610144, 0.46837959, 0.36222759)
(0.80583787, 0.59358263, 0.42421135, 0.38306645, 0.85211909, 0.61711490, 0.64093459, 0.19088013, 0.21943441, 0.37861016)
(0.89342427, 0.22308113, 0.44622654, 0.22671923, 0.91826731, 0.33526018, 0.55359215, 0.31472254, 0.13623856, 0.23495598)
(0.71517509, 0.25950795, 0.44771153, 0.57105690, 0.61494720, 0.52225983, 0.67528337, 0.67594552, 0.30239958, 0.46631610)
(0.73868531, 0.31321311, 0.16600639, 0.67130035, 0.67672938, 0.60733294, 0.70436525, 0.61903214, 0.50018978, 0.32156605)
(0.78543925, 0.43746352, 0.30958503, 0.52246946, 0.59076399, 0.34459135, 0.51285899, 0.18341975, 0.52019382, 0.31133106)
(0.81674004, 0.40066403, 0.40509060, 0.53019369, 0.78881943, 0.62864429, 0.76842439, 0.43680593, 0.19017944, 0.49218962)
(0.72476155, 0.49872369, 0.20540321, 0.53307426, 0.80953509, 0.69893628, 0.67055666, 0.44803378, 0.34949306, 0.36654621)
(0.59485853, 0.26486075, 0.28922883, 0.67748135, 0.52507561, 0.57790297, 0.57881469, 0.81183279, 0.49292502, 0.37542766)
(0.69718480, 0.57040268, 0.48227724, 0.45766541, 0.69515383, 0.60461468, 0.62185347, 0.31386977, 0.30004665, 0.47129819)
(0.59475124, 0.55006015, 0.21296267, 0.52344215, 0.70320094, 0.65674210, 0.54142845, 0.45527127, 0.50476515, 0.33602607)
(0.51042873, 0.27177751, 0.55820745, 0.79694986, 0.17886353, 0.31232229, 0.43458903, 0.60377890, 0.55180633, 0.58672655)
(0.87440437, 0.23777260, 0.59367710, 0.39545435, 0.66617054, 0.16799365, 0.44986537, 0.17482871, 0.27120346, 0.31648380)
(0.49568176, 0.22455741, 0.47271743, 0.89407438, 0.09086189, 0.23400345, 0.38914832, 0.56837302, 0.67082858, 0.57592976)
(0.61134309, 0.42681769, 0.21478418, 0.46324116, 0.78202206, 0.67882037, 0.54901874, 0.63441133, 0.42700505, 0.30349517)
(0.84022290, 0.53499293, 0.40483093, 0.66097885, 0.58785492, 0.48468789, 0.76771629, 0.15110688, 0.31929797, 0.52329642)
(0.94088036, 0.67353946, 0.73046148, 0.51215565, 0.77965426, 0.46090230, 0.81791425, 0.03758669, 0.08141400, 0.58170688)
(0.69239873, 0.52299011, 0.18936713, 0.42140079, 0.77242708, 0.54058808, 0.48268634, 0.27571908, 0.52497703, 0.22970365)
(0.84842318, 0.46116713, 0.38838607, 0.49062890, 0.79775709, 0.52965653, 0.72353584, 0.22673032, 0.23742957, 0.41663280)
(0.84549546, 0.50382018, 0.58885944, 0.49862003, 0.57043004, 0.27657348, 0.54432607, 0.08357558, 0.34078643, 0.41070879)
(0.69045675, 0.70570880, 0.79934716, 0.41415039, 0.68705964, 0.66640580, 0.62747067, 0.29741529, 0.10572135, 0.65598899)
(0.35253966, 0.90700001, 0.37942848, 0.31053209, 0.77839673, 0.81088305, 0.25401139, 0.24125503, 0.40775666, 0.34325045)
(0.71207488, 0.47822458, 0.68874800, 0.73781270, 0.38160002, 0.52977449, 0.72903121, 0.45640287, 0.19161330, 0.73877132)
(0.81672519, 0.40385020, 0.25290498, 0.56092018, 0.74213660, 0.51862901, 0.70610821, 0.32037163, 0.35747877, 0.37345991)
(0.70417875, 0.37688449, 0.21697579, 0.54986596, 0.66753531, 0.53047210, 0.59558958, 0.46924195, 0.51698416, 0.30157661)
(0.78628993, 0.31989294, 0.71612793, 0.34089667, 0.59248298, 0.18448935, 0.34556901, 0.16313946, 0.30548525, 0.34456372)
(0.38980731, 0.56761205, 0.57540774, 0.42214710, 0.74440366, 0.81762624, 0.44444269, 0.89877129, 0.15067177, 0.55780131)
(0.45957673, 0.50682420, 0.18307225, 0.56239712, 0.59096551, 0.62198001, 0.41532302, 0.61049658, 0.66022670, 0.27414647)
(0.67841542, 0.46763495, 0.18315846, 0.61417252, 0.54099488, 0.46169731, 0.51595974, 0.29754210, 0.66448617, 0.27381104)
(0.69319159, 0.45802382, 0.45346963, 0.43282673, 0.75579721, 0.64263308, 0.63962620, 0.49622920, 0.25009719, 0.45827678)
(0.73625600, 0.05939951, 0.26024482, 0.58398980, 0.65209770, 0.27140301, 0.45007148, 0.83911085, 0.48277602, 0.18002130)
(0.68478775, 0.63645494, 0.60571748, 0.55153131, 0.58790994, 0.63931179, 0.69041598, 0.32489607, 0.22460897, 0.61506391)
(0.68718886, 0.35368645, 0.15708184, 0.78584439, 0.40527064, 0.46838659, 0.60100198, 0.44249365, 0.71159017, 0.30412975)
(0.57467538, 0.76213318, 0.75091767, 0.69086581, 0.32009572, 0.61994249, 0.60338241, 0.31269279, 0.22781093, 0.75844616)
(0.64037430, 0.32031861, 0.20044351, 0.65800899, 0.65765101, 0.68297911, 0.65972519, 0.79611009, 0.46276665, 0.35810786)
(0.84692144, 0.49469504, 0.77648789, 0.61043674, 0.61600596, 0.55263203, 0.81867856, 0.29068816, 0.08421750, 0.72086400)
(0.77307659, 0.21915781, 0.37877786, 0.34559581, 0.77852136, 0.36821830, 0.50067216, 0.51782590, 0.32217753, 0.26652887)
(0.69551402, 0.67455393, 0.74250960, 0.54840845, 0.62240279, 0.69654834, 0.71950257, 0.38870552, 0.11367463, 0.71164030)
(0.94988346, 0.18340819, 0.55656809, 0.43240237, 0.84925157, 0.25361335, 0.74143970, 0.20355998, 0.09706055, 0.38002551)
(0.83929628, 0.13594067, 0.37065560, 0.43555653, 0.74274325, 0.28874600, 0.55817157, 0.55098522, 0.30913991, 0.25656152)
(0.76898968, 0.64376873, 0.52873933, 0.63149112, 0.60128152, 0.63064784, 0.76934314, 0.22580981, 0.21735726, 0.62493366)
(0.75177842, 0.15447998, 0.45219144, 0.52661973, 0.48145124, 0.18187650, 0.38008332, 0.44294208, 0.51832652, 0.28858700)
(0.89791477, 0.11374179, 0.39699170, 0.47358826, 0.72307318, 0.19413386, 0.56526124, 0.40320614, 0.27904695, 0.25314909)
(0.82023716, 0.34459624, 0.27033114, 0.68338519, 0.68952429, 0.60693204, 0.81131017, 0.51579219, 0.29842973, 0.48089337)
(0.82648933, 0.14453952, 0.41345653, 0.45142958, 0.70288700, 0.28253070, 0.54990095, 0.53310961, 0.31477913, 0.28291681)
(0.82243830, 0.52476770, 0.24519973, 0.47958460, 0.84352058, 0.59536558, 0.67327595, 0.21422073, 0.31132451, 0.32381991)
(0.54291040, 0.67916721, 0.61730385, 0.72322273, 0.27052742, 0.54184526, 0.56257313, 0.31837499, 0.36268023, 0.68885207)
(0.76170415, 0.21036053, 0.21477351, 0.57170844, 0.67404032, 0.44548720, 0.60374272, 0.61427462, 0.49645582, 0.25402966)
(0.60031128, 0.43307137, 0.26278582, 0.57002860, 0.57860655, 0.56477475, 0.55529618, 0.51040500, 0.56172282, 0.34709141)
(0.56975061, 0.87396157, 0.56749415, 0.70351130, 0.45863011, 0.80253738, 0.67979550, 0.30098754, 0.24796164, 0.72643328)
(0.86980844, 0.13322330, 0.43394095, 0.96026343, 0.13801350, 0.23992349, 0.80521905, 0.48728853, 0.39223015, 0.66841042)
(0.90188015, 0.35372737, 0.29615217, 0.19583663, 0.91846520, 0.27560863, 0.42057526, 0.11260348, 0.25923964, 0.13054286)
(0.59126276, 0.41282797, 0.26986167, 0.18256292, 0.87969494, 0.48868567, 0.27379563, 0.41736594, 0.42330918, 0.14577499)
(0.84323078, 0.34867248, 0.22809367, 0.86832923, 0.38280055, 0.43873274, 0.79954827, 0.29433399, 0.50903535, 0.49898562)
(0.53707969, 0.50593305, 0.21140134, 0.53573364, 0.64460528, 0.64155155, 0.50270802, 0.55124736, 0.57266450, 0.31275868)
(0.81969392, 0.19498792, 0.17486279, 0.64772666, 0.70116210, 0.47851992, 0.70392525, 0.61554539, 0.45963657, 0.26870048)
(0.55947906, 0.16766763, 0.34429312, 0.63018101, 0.41178334, 0.29951787, 0.36918750, 0.70820707, 0.64540952, 0.28476441)
(0.57982558, 0.65017217, 0.90516907, 0.61468399, 0.36472711, 0.57927412, 0.55152273, 0.53573090, 0.08816978, 0.82765341)
(0.59172302, 0.45388731, 0.24834444, 0.33744445, 0.75033820, 0.50289649, 0.38177440, 0.40084565, 0.53317732, 0.21675695)
(0.85533202, 0.21333976, 0.36530128, 0.62243629, 0.71339816, 0.47174212, 0.78832275, 0.53748238, 0.23325922, 0.44694400)
(0.68614805, 0.36305889, 0.35099682, 0.63199753, 0.30199796, 0.17478018, 0.29507926, 0.10581308, 0.69005269, 0.30734083)
(0.72528356, 0.29570848, 0.23737660, 0.35528883, 0.74870729, 0.35527456, 0.39122668, 0.39389139, 0.51851052, 0.17471717)
(0.89489502, 0.12312324, 0.42498946, 0.91745818, 0.28530917, 0.27436575, 0.82969439, 0.50819653, 0.32889119, 0.58741879)
(0.66782385, 0.48192292, 0.34266463, 0.59157151, 0.34176204, 0.22092712, 0.29505038, 0.07528314, 0.69330180, 0.28751367)
(0.86352295, 0.49633327, 0.25770342, 0.62427211, 0.79100132, 0.61132878, 0.79721159, 0.24274795, 0.26463747, 0.44749853)
(0.69121027, 0.48602790, 0.16930807, 0.69699287, 0.67433375, 0.71981621, 0.72120661, 0.59070468, 0.45327476, 0.41277647)
(0.81345803, 0.16400188, 0.17492992, 0.46061420, 0.69064248, 0.23216265, 0.38510042, 0.40662399, 0.60713845, 0.12304039)
(0.77859157, 0.62129468, 0.61531681, 0.59660554, 0.54025024, 0.53303051, 0.72422034, 0.17890869, 0.23048757, 0.61240798)
(0.89670020, 0.11383056, 0.33646166, 0.84224385, 0.31883183, 0.14333919, 0.64410406, 0.29360795, 0.51897681, 0.38952270)
(0.90006256, 0.27794132, 0.35568851, 0.63531148, 0.73728287, 0.43963009, 0.81958812, 0.32278478, 0.20365694, 0.47384647)
(0.73988944, 0.55639535, 0.86262572, 0.39829400, 0.53454578, 0.38560888, 0.51346105, 0.18085270, 0.15828480, 0.59760731)
(0.75075269, 0.28997269, 0.23247024, 0.67797983, 0.69821095, 0.67257941, 0.76569313, 0.75726819, 0.33880898, 0.42360827)
(0.67496860, 0.30848849, 0.25014088, 0.80481148, 0.36394721, 0.50014150, 0.66015697, 0.60793233, 0.61415988, 0.40954921)
(0.91015744, 0.19578773, 0.74471301, 0.44225761, 0.80017078, 0.34808409, 0.74420363, 0.35227123, 0.06948534, 0.53276455)
(0.55481660, 0.36156639, 0.37041050, 0.55683064, 0.60491616, 0.64180332, 0.55749774, 0.78888911, 0.38515133, 0.43260691)
(0.76422381, 0.44282040, 0.50431210, 0.58070612, 0.47503635, 0.33967060, 0.56632394, 0.19063441, 0.42580062, 0.45557392)
(0.56648362, 0.31204644, 0.19134857, 0.56425345, 0.36292163, 0.17223072, 0.17583750, 0.20109740, 0.81421375, 0.16680892)
(0.56652206, 0.69175267, 0.53816479, 0.75456613, 0.27727321, 0.56198251, 0.59560424, 0.30683303, 0.39565998, 0.67998797)
(0.62278432, 0.47471580, 0.26365307, 0.30542275, 0.65707445, 0.27498978, 0.20833457, 0.15569191, 0.67169148, 0.13874815)
(0.55821532, 0.42814323, 0.33923197, 0.51052713, 0.52595305, 0.50388056, 0.48149049, 0.48717207, 0.57766557, 0.34929940)
(0.65430343, 0.30379415, 0.21660455, 0.31473336, 0.76831502, 0.38450909, 0.32526749, 0.45743316, 0.56021208, 0.14589636)
(0.75473905, 0.59981757, 0.63496697, 0.42938337, 0.74300194, 0.62440109, 0.67476451, 0.27979392, 0.16007261, 0.54690635)
(0.80986339, 0.35199437, 0.41337708, 0.49197567, 0.72319454, 0.46803206, 0.68893045, 0.35464188, 0.27498525, 0.42015046)
(0.75948042, 0.33511227, 0.16381279, 0.70438510, 0.70181382, 0.66874075, 0.75832266, 0.66238272, 0.42559898, 0.37036315)
(0.72595453, 0.56208515, 0.14065184, 0.68766862, 0.79697818, 0.80773056, 0.76038092, 0.59768850, 0.32910866, 0.43778050)
(0.45378834, 0.53822058, 0.33836302, 0.17837979, 0.78136337, 0.39869797, 0.15696685, 0.27689695, 0.58131748, 0.13529241)
(0.67067486, 0.12656198, 0.35490870, 0.48264402, 0.63728172, 0.33511716, 0.43608588, 0.74967712, 0.45858091, 0.24126232)
(0.64326322, 0.79122943, 0.49935591, 0.39548880, 0.59343344, 0.47451273, 0.38377115, 0.06742118, 0.48919350, 0.34106785)
(0.73033100, 0.41211966, 0.33180767, 0.64311182, 0.60386562, 0.59885973, 0.73451388, 0.51095527, 0.36506817, 0.49525958)
(0.54885864, 0.37092915, 0.55415082, 0.13301343, 0.85846275, 0.45105729, 0.24658738, 0.51003695, 0.27438581, 0.22100404)
(0.84809667, 0.75536597, 0.77310681, 0.51660782, 0.65019542, 0.56296426, 0.74197662, 0.07679098, 0.11287896, 0.65156597)
(0.73488271, 0.41215658, 0.13268539, 0.45706972, 0.86915505, 0.65317261, 0.59429568, 0.46016616, 0.41512251, 0.23121597)
(0.62764734, 0.73793221, 0.47715989, 0.48803174, 0.83456951, 0.86277157, 0.68204820, 0.60884476, 0.11362713, 0.61964017)
(0.58655900, 0.40420157, 0.41815725, 0.56069976, 0.56307852, 0.60371625, 0.59376764, 0.67261797, 0.38568297, 0.47607905)
(0.83877575, 0.19070487, 0.25658813, 0.58184725, 0.68076932, 0.37127623, 0.66140378, 0.49746498, 0.40983889, 0.28459564)
(0.84390789, 0.27551153, 0.39915991, 0.80782545, 0.29034382, 0.19999620, 0.60987914, 0.14065000, 0.48781160, 0.49261957)
(0.43633321, 0.32651171, 0.53517324, 0.87314063, 0.11285777, 0.34674174, 0.42590401, 0.66676569, 0.57427907, 0.65190500)
(0.67284501, 0.39312041, 0.32819772, 0.43840501, 0.63681233, 0.43237796, 0.48492387, 0.38287759, 0.49774826, 0.30615380)
(0.80129683, 0.26629350, 0.29069927, 0.62420726, 0.61041319, 0.42743027, 0.68540072, 0.45564666, 0.42572311, 0.36185718)
(0.80561471, 0.49633315, 0.54114926, 0.57794344, 0.61095154, 0.51091337, 0.74736416, 0.24801774, 0.23917708, 0.55437517)
(0.80326593, 0.24339975, 0.45229316, 0.58908939, 0.64005548, 0.44135737, 0.72070771, 0.51571935, 0.26554453, 0.47106209)
(0.68004549, 0.24181755, 0.41213754, 0.91077900, 0.16196570, 0.37566829, 0.66915584, 0.61796111, 0.51076823, 0.61202383)
(0.79266262, 0.22941828, 0.35742864, 0.48497722, 0.66836470, 0.35321584, 0.57802218, 0.46654761, 0.38462597, 0.31116366)
(0.79806930, 0.30352366, 0.36698627, 0.85118055, 0.46614301, 0.62131995, 0.85215145, 0.70323372, 0.24504592, 0.65038973)
(0.77845001, 0.28110665, 0.29675174, 0.61574554, 0.43197402, 0.20921923, 0.42398950, 0.19687799, 0.61507010, 0.29521447)
(0.75965858, 0.71978682, 0.51693326, 0.48472902, 0.73263896, 0.65207577, 0.67758745, 0.15285909, 0.22814535, 0.51607811)
(0.48678675, 0.53465062, 0.29218560, 0.41233313, 0.56934494, 0.46101263, 0.32343960, 0.33122474, 0.65412289, 0.25747186)
(0.80034685, 0.37014046, 0.21905024, 0.88262498, 0.36138904, 0.52103150, 0.80051231, 0.43188977, 0.52217841, 0.51449341)
(0.66576642, 0.59858978, 0.43653139, 0.62050486, 0.53370202, 0.61218464, 0.68028325, 0.34448987, 0.36417961, 0.56118029)
(0.70530683, 0.52912241, 0.23881201, 0.76605058, 0.59974688, 0.75760394, 0.79428291, 0.63384187, 0.34843147, 0.56733918)
(0.86632442, 0.28587070, 0.29817355, 0.55488813, 0.79898214, 0.50963092, 0.77509242, 0.40795243, 0.23367843, 0.40233475)
(0.80694926, 0.53772432, 0.41110611, 0.42788455, 0.72719091, 0.44508708, 0.58713454, 0.15038241, 0.35027930, 0.35049146)
(0.76465732, 0.61265963, 0.64771634, 0.67523444, 0.65221643, 0.74801093, 0.83383685, 0.50596970, 0.08619063, 0.76023585)
(0.77129155, 0.33256301, 0.36511883, 0.54252833, 0.61794275, 0.41224858, 0.62609625, 0.37484539, 0.39853403, 0.38833910)
(0.73881418, 0.25492245, 0.28174075, 0.52597237, 0.61968440, 0.39351293, 0.54736084, 0.50160962, 0.50619918, 0.27725837)
(0.66108435, 0.40362135, 0.05715469, 0.79990035, 0.58526593, 0.62405527, 0.59770089, 0.55621773, 0.77015853, 0.19916713)
(0.50595963, 0.42582929, 0.28697047, 0.58068156, 0.45736319, 0.49663129, 0.43763560, 0.51851612, 0.65553790, 0.33092469)
(0.60561299, 0.55907011, 0.22028863, 0.61206049, 0.61907303, 0.65441573, 0.59776413, 0.45821419, 0.52740163, 0.38962880)
(0.75240797, 0.54630059, 0.57918358, 0.80347639, 0.35301542, 0.54423875, 0.77338511, 0.35446349, 0.23079489, 0.73652935)
(0.74491787, 0.72504485, 0.89638656, 0.40986577, 0.69927955, 0.66326433, 0.66840678, 0.26741374, 0.04967911, 0.74031627)
(0.88577646, 0.13764614, 0.23378281, 0.38101709, 0.85305089, 0.29443997, 0.55835134, 0.48250455, 0.30702940, 0.17548655)
(0.81559521, 0.42882988, 0.49082032, 0.62043941, 0.63396722, 0.55061191, 0.79270637, 0.36088285, 0.21527803, 0.57429355)
(0.75637054, 0.09460332, 0.12965086, 0.91708481, 0.23155211, 0.21379057, 0.53793085, 0.64515054, 0.78882235, 0.24266981)
(0.82234830, 0.05114885, 0.37345141, 0.75490224, 0.54760981, 0.27192962, 0.65835804, 0.82162011, 0.34453723, 0.32635680)
(0.77553630, 0.20155671, 0.51112521, 0.44781530, 0.63095087, 0.29952490, 0.52129376, 0.47269458, 0.32312679, 0.35571790)
(0.68947715, 0.75056541, 0.35580334, 0.55041462, 0.81490022, 0.83424091, 0.71011811, 0.40508419, 0.18976018, 0.55386412)
(0.59902108, 0.29403824, 0.12469736, 0.62684005, 0.74495286, 0.70978957, 0.57169580, 0.85723251, 0.51648772, 0.24832097)
(0.69105142, 0.58995450, 0.37453449, 0.28220478, 0.78320009, 0.46607319, 0.38578078, 0.15694568, 0.43612790, 0.22697452)
(0.63794047, 0.59855199, 0.22657061, 0.69471300, 0.48924208, 0.57396454, 0.60289216, 0.32064629, 0.60309458, 0.40831706)
(0.80224305, 0.62862551, 0.65658396, 0.30362761, 0.76511294, 0.44399908, 0.52696621, 0.09862553, 0.22408740, 0.39384940)
(0.86750370, 0.25317448, 0.19997494, 0.88785267, 0.43372026, 0.47303975, 0.85396653, 0.44231737, 0.46070552, 0.48712081)
(0.86685526, 0.34966725, 0.79151231, 0.68469816, 0.66944748, 0.58034515, 0.85889643, 0.50982225, 0.04449827, 0.78013170)
(0.46623966, 0.61538780, 0.15006757, 0.53310895, 0.76348805, 0.79908258, 0.48060003, 0.69750905, 0.49368462, 0.30558342)
(0.76503497, 0.43765578, 0.20208281, 0.72110456, 0.69531882, 0.71457708, 0.79362828, 0.60087955, 0.34173191, 0.47819126)
(0.70568168, 0.35044104, 0.23953247, 0.51588070, 0.68385732, 0.51799196, 0.58580220, 0.49482512, 0.48879558, 0.29977298)
(0.63124925, 0.46314129, 0.32862079, 0.80574864, 0.34672076, 0.60767639, 0.69710147, 0.59968370, 0.50335664, 0.55718964)
(0.57658172, 0.64134556, 0.40154475, 0.67071486, 0.63881069, 0.82392418, 0.71763206, 0.74115735, 0.21333420, 0.64969194)
(0.93522143, 0.05228410, 0.25448650, 0.82612169, 0.64523840, 0.30812913, 0.85839212, 0.71124643, 0.24364665, 0.34800917)
(0.70716476, 0.35157153, 0.38871688, 0.56637728, 0.56567848, 0.47882971, 0.63898319, 0.46687758, 0.42270288, 0.43019190)
(0.36264205, 0.52542418, 0.12137786, 0.61866164, 0.64148086, 0.73579252, 0.36311901, 0.82272762, 0.65701258, 0.25007084)
(0.75218517, 0.77715415, 0.81934738, 0.38946903, 0.62070453, 0.53665954, 0.56947571, 0.09240554, 0.15367366, 0.59325039)
(0.88203567, 0.36014214, 0.27528659, 0.61941522, 0.80468833, 0.57365054, 0.82396466, 0.34639689, 0.21151321, 0.45614964)
(0.70444113, 0.49597654, 0.32600874, 0.75076330, 0.63477987, 0.78848630, 0.81214291, 0.75305814, 0.21551239, 0.63518351)
(0.81595337, 0.35873687, 0.50048822, 0.54747307, 0.72114182, 0.56126511, 0.77685922, 0.46465263, 0.17183322, 0.54588699)
(0.80084556, 0.53329653, 0.32198963, 0.54206544, 0.60854238, 0.39955851, 0.57195777, 0.13494055, 0.48821002, 0.34551135)
(0.68251067, 0.40254733, 0.52549630, 0.54421967, 0.53166014, 0.48473915, 0.63161796, 0.43765104, 0.34508261, 0.51527482)
(0.88688463, 0.53891820, 0.15585487, 0.65226418, 0.68523169, 0.39024389, 0.65331990, 0.07950544, 0.52394444, 0.27807349)
(0.65595198, 0.64949679, 0.42738894, 0.55519253, 0.64225763, 0.67705059, 0.64684248, 0.34879747, 0.32170811, 0.52744019)
(0.87444240, 0.37727037, 0.59097278, 0.50890088, 0.73025960, 0.44438860, 0.76314163, 0.24116217, 0.15674102, 0.51629686)
(0.67645502, 0.40792561, 0.29078549, 0.51232040, 0.58195323, 0.44019186, 0.51122415, 0.36289021, 0.55259705, 0.31283095)
(0.58122271, 0.56353307, 0.43119842, 0.75307637, 0.38431075, 0.66883099, 0.68474460, 0.60318494, 0.38652200, 0.63193625)
(0.72335118, 0.58488274, 0.47022733, 0.42307085, 0.74665093, 0.60274601, 0.60950726, 0.26681402, 0.28559169, 0.43466327)
(0.89945745, 0.56991166, 0.63848871, 0.65577120, 0.77089757, 0.67995721, 0.89185423, 0.24492143, 0.05932621, 0.71451473)
(0.82730204, 0.24097385, 0.38891926, 0.63436490, 0.61214197, 0.41374475, 0.73513412, 0.46258199, 0.31029812, 0.44146502)
(0.90453362, 0.15946801, 0.16990924, 0.83753514, 0.52608758, 0.35479432, 0.81395668, 0.43508169, 0.47382477, 0.33573040)
(0.63348854, 0.51718783, 0.41942436, 0.37025622, 0.80464303, 0.69343835, 0.56338745, 0.52124751, 0.25773072, 0.40844536)
(0.82442522, 0.13915710, 0.39635640, 0.71154445, 0.47364214, 0.29054689, 0.67433172, 0.54445249, 0.40404046, 0.38548309)
(0.74351829, 0.47872794, 0.36129269, 0.59533894, 0.71341133, 0.68834674, 0.75223517, 0.51862091, 0.25121769, 0.53535205)
(0.85496843, 0.19957548, 0.38481259, 0.61501873, 0.68010157, 0.41400000, 0.75779480, 0.50821215, 0.25483751, 0.42750716)
(0.50053078, 0.33105510, 0.30736533, 0.31573805, 0.50767618, 0.16682348, 0.10723133, 0.22588052, 0.75432670, 0.12495615)
(0.79465592, 0.41496035, 0.28303784, 0.75102687, 0.57948226, 0.61708158, 0.81690246, 0.47261530, 0.34507298, 0.54201317)
(0.64935327, 0.12209858, 0.25537962, 0.41793013, 0.59902424, 0.18982935, 0.21100202, 0.61523944, 0.68119848, 0.11774314)
(0.78004467, 0.11679537, 0.58006161, 0.53659439, 0.57875109, 0.26290113, 0.53171647, 0.62080234, 0.29418197, 0.38358164)
(0.65771711, 0.31872529, 0.23481356, 0.33750302, 0.75173676, 0.40758944, 0.36643240, 0.45861596, 0.53981745, 0.17351978)
(0.81566763, 0.23865193, 0.34375361, 0.50217032, 0.78653228, 0.52174401, 0.72455359, 0.56270176, 0.24836372, 0.38109720)
(0.60109365, 0.41705701, 0.32251015, 0.41599131, 0.63070494, 0.46822906, 0.44208327, 0.42816645, 0.53649879, 0.29027781)
(0.82907236, 0.34290606, 0.76867735, 0.73282087, 0.55530095, 0.53017014, 0.81881863, 0.53257442, 0.07302537, 0.77293116)
(0.67656052, 0.44087559, 0.10281463, 0.60875010, 0.63888955, 0.50473827, 0.48088264, 0.36006775, 0.71795654, 0.18361892)
(0.71820629, 0.41923794, 0.24839279, 0.53125077, 0.71353769, 0.57316256, 0.63744223, 0.42662752, 0.43139571, 0.35365012)
(0.71829468, 0.71494740, 0.80953598, 0.84539330, 0.27412522, 0.63453096, 0.77652138, 0.37283623, 0.09815367, 0.87766188)
(0.79531914, 0.52635366, 0.36882195, 0.75549185, 0.62905997, 0.72172636, 0.85192782, 0.49363524, 0.20044921, 0.66029412)
(0.72737134, 0.30129883, 0.30046532, 0.33225828, 0.81440425, 0.47524184, 0.50170779, 0.48634440, 0.36091200, 0.24786845)
(0.45207131, 0.45497549, 0.17314659, 0.56199324, 0.39068905, 0.29817215, 0.20161518, 0.23932420, 0.82072228, 0.18924171)
(0.76706141, 0.59994841, 0.17409928, 0.94884729, 0.33054608, 0.78320795, 0.88481152, 0.63769650, 0.39326212, 0.70652175)
(0.71205008, 0.47976661, 0.31180793, 0.87253618, 0.30959374, 0.59338266, 0.76789439, 0.52055579, 0.45455417, 0.61907303)
(0.69273359, 0.28765368, 0.39891654, 0.29524171, 0.79663861, 0.45739043, 0.46880054, 0.53536773, 0.32597515, 0.27782077)
(0.70135510, 0.31954345, 0.68092418, 0.05209287, 0.92247081, 0.21368888, 0.10975573, 0.19927871, 0.22113660, 0.10279589)
(0.52723020, 0.47980285, 0.54696482, 0.16109474, 0.77080357, 0.39470369, 0.21082684, 0.31940794, 0.40496066, 0.20914623)
(0.70497841, 0.46931419, 0.46170276, 0.42615035, 0.62984174, 0.44481951, 0.53952336, 0.28410137, 0.40157872, 0.38719195)
(0.79009104, 0.41683793, 0.45323837, 0.54256088, 0.84112519, 0.77867693, 0.80968040, 0.73252702, 0.08876938, 0.59133369)
(0.74384016, 0.66429937, 0.71500957, 0.63274902, 0.64672828, 0.74257833, 0.80368680, 0.44537765, 0.08216213, 0.76343626)
(0.88709980, 0.44987583, 0.42761818, 0.84898770, 0.39616883, 0.40779710, 0.83253866, 0.15799326, 0.27474383, 0.65833092)
(0.48729023, 0.62226403, 0.20798737, 0.43865800, 0.63167673, 0.55201834, 0.34772027, 0.29868445, 0.67664844, 0.23683667)
(0.60635233, 0.81040263, 0.25994909, 0.33821869, 0.80203927, 0.64027190, 0.35450703, 0.09869383, 0.52175778, 0.21953003)
(0.43742466, 0.77520359, 0.11085188, 0.48686117, 0.84502041, 0.85043752, 0.40751749, 0.55923909, 0.47312990, 0.26914799)
(0.75197637, 0.52819282, 0.30985892, 0.72934538, 0.55066156, 0.62337470, 0.77522343, 0.38018423, 0.36990446, 0.55996203)
(0.63364846, 0.32932928, 0.24930270, 0.43620300, 0.70800817, 0.51900434, 0.48768374, 0.58143425, 0.51287997, 0.25310773)
(0.76924765, 0.31615093, 0.37599385, 0.47592556, 0.58090883, 0.28768110, 0.46697551, 0.28167167, 0.48016030, 0.31036869)
(0.81536114, 0.44134727, 0.41006976, 0.77141052, 0.42248723, 0.43532491, 0.75718957, 0.23441711, 0.36218202, 0.58569854)
(0.75299400, 0.11431233, 0.63094431, 0.38158378, 0.72106844, 0.31786945, 0.49117640, 0.70301050, 0.20624995, 0.35443929)
(0.58707160, 0.47901696, 0.54146701, 0.21290991, 0.78456616, 0.49616277, 0.34706104, 0.37990132, 0.32219559, 0.28900090)
(0.86406916, 0.32065666, 0.69230962, 0.33805811, 0.73256874, 0.25043392, 0.52189940, 0.16764887, 0.18575996, 0.37716842)
(0.62824553, 0.34263894, 0.24867849, 0.48995918, 0.52089083, 0.31945097, 0.33997834, 0.34155354, 0.68093383, 0.21230073)
(0.73986799, 0.33239818, 0.22333987, 0.64974004, 0.56482244, 0.47090647, 0.63254988, 0.45070356, 0.55492580, 0.32351324)
(0.49917269, 0.55257195, 0.16029297, 0.53243190, 0.72128123, 0.72675920, 0.48111346, 0.63801181, 0.54931915, 0.28928095)
(0.56314945, 0.49892133, 0.23228818, 0.72353947, 0.61452436, 0.79610437, 0.68576789, 0.83322579, 0.37017825, 0.51400465)
(0.87208062, 0.35917586, 0.32013875, 0.85721451, 0.53433567, 0.61106640, 0.89795977, 0.49296024, 0.21958980, 0.65804970)
(0.71506035, 0.34386536, 0.18634167, 0.59310806, 0.72535080, 0.63082206, 0.67605948, 0.62157071, 0.45535168, 0.32260334)
(0.79831153, 0.38914531, 0.30453792, 0.80990040, 0.59332830, 0.71457154, 0.86422902, 0.68465745, 0.22670767, 0.63429511)
(0.73039895, 0.17199443, 0.18248932, 0.74274969, 0.61746609, 0.56876260, 0.69708228, 0.83275044, 0.48248428, 0.31427553)
(0.78571016, 0.28499275, 0.32130542, 0.84685409, 0.39749005, 0.52788705, 0.80852330, 0.59657305, 0.39921731, 0.55566478)
(0.75472748, 0.39074174, 0.17300393, 0.63137412, 0.75906223, 0.67917448, 0.73351395, 0.57650566, 0.39274728, 0.36690456)
(0.71179521, 0.70650977, 0.54411530, 0.35115778, 0.69332874, 0.49166083, 0.46644726, 0.09571335, 0.37158653, 0.35791835)
(0.58655167, 0.41303065, 0.43793482, 0.16590472, 0.74173915, 0.22986223, 0.13932225, 0.18888290, 0.54755336, 0.12234695)
(0.71474230, 0.39298031, 0.59188426, 0.41127318, 0.74433655, 0.60404164, 0.65885359, 0.56734580, 0.16793348, 0.51942146)
(0.57913452, 0.35417756, 0.43732250, 0.67665130, 0.26889941, 0.29646343, 0.41690168, 0.30857918, 0.61720145, 0.44009179)
(0.79631662, 0.56261766, 0.38683999, 0.57279998, 0.69770491, 0.58077139, 0.73091096, 0.22016045, 0.29553548, 0.48734200)
(0.78855330, 0.37421954, 0.27131081, 0.50689626, 0.76040483, 0.52453095, 0.66754341, 0.38171387, 0.35149905, 0.35397723)
(0.71848351, 0.38091207, 0.25629783, 0.33044946, 0.79142052, 0.43418959, 0.44179532, 0.35343197, 0.44483295, 0.21579614)
(0.78869897, 0.45257223, 0.35126293, 0.55630225, 0.76578134, 0.65221244, 0.75249314, 0.42559206, 0.24071805, 0.48458722)
(0.73624820, 0.45840731, 0.28639340, 0.45254761, 0.83177298, 0.67433017, 0.65495098, 0.45071062, 0.28226578, 0.36826128)
(0.75567108, 0.43587554, 0.12000678, 0.78425515, 0.58787364, 0.61728263, 0.74009550, 0.44210035, 0.59475070, 0.34740877)
(0.64214051, 0.51310039, 0.50730550, 0.45801124, 0.78744197, 0.76926267, 0.66708922, 0.72527629, 0.14195456, 0.56283474)
(0.62357670, 0.41280711, 0.27305076, 0.37048686, 0.69458205, 0.44520223, 0.39948651, 0.38632682, 0.54539418, 0.23050509)
(0.67389178, 0.42717570, 0.43371138, 0.59765214, 0.49744168, 0.50156540, 0.64534295, 0.41765088, 0.42807525, 0.49603155)
(0.54301286, 0.33386800, 0.42662397, 0.35625383, 0.54112387, 0.30799708, 0.27013394, 0.42417583, 0.59338289, 0.24047333)
(0.50813460, 0.43871811, 0.40686509, 0.32708615, 0.46145597, 0.18101402, 0.12184773, 0.12599593, 0.71174717, 0.17322764)
(0.79604733, 0.34382972, 0.57079136, 0.60686487, 0.61558235, 0.51605499, 0.76432258, 0.47285903, 0.18447047, 0.59498525)
(0.76547545, 0.80010426, 0.32119319, 0.66717386, 0.60351723, 0.60398406, 0.66370380, 0.08612010, 0.42354795, 0.47286201)
(0.61383104, 0.39841568, 0.46080336, 0.84462154, 0.19798656, 0.43323284, 0.62213671, 0.49606770, 0.48501387, 0.62200582)
(0.54596168, 0.70548481, 0.18804038, 0.41505796, 0.82637447, 0.74906611, 0.43933651, 0.37632111, 0.44589636, 0.27890453)
(0.56431401, 0.55795169, 0.38972443, 0.48226872, 0.46567506, 0.41149053, 0.38799611, 0.20663588, 0.61203551, 0.34806016)
(0.72151244, 0.44371778, 0.64523715, 0.35497299, 0.72251344, 0.50773883, 0.57506251, 0.36887333, 0.20675875, 0.46884775)
(0.78528357, 0.69106722, 0.45241177, 0.42914736, 0.72560769, 0.50915307, 0.57514369, 0.08282939, 0.35854355, 0.36802000)
(0.91668236, 0.10366979, 0.44687819, 0.29840884, 0.87492871, 0.20027530, 0.52385575, 0.39813712, 0.15625432, 0.21920379)
(0.57666409, 0.76872891, 0.69443858, 0.46420851, 0.77171552, 0.84023184, 0.64037222, 0.59834200, 0.07930529, 0.70252365)
(0.62267435, 0.51427621, 0.11179135, 0.72759229, 0.55338103, 0.61818397, 0.58126664, 0.44017503, 0.70633960, 0.27579927)
(0.87014693, 0.29006144, 0.35777399, 0.71571839, 0.60576427, 0.44477171, 0.81307942, 0.35989177, 0.27950579, 0.50262821)
(0.69959772, 0.67553842, 0.29823777, 0.27418688, 0.90701610, 0.70519596, 0.47177532, 0.22570480, 0.27816653, 0.24901299)
(0.63572526, 0.29250735, 0.18551946, 0.51718140, 0.59835166, 0.39203125, 0.38116807, 0.50864011, 0.68303871, 0.17918809)
(0.44089893, 0.62255174, 0.64068729, 0.58696586, 0.39486349, 0.64883006, 0.50283879, 0.65089065, 0.30586359, 0.66305697)
(0.87489015, 0.25731206, 0.31707442, 0.48959985, 0.81660903, 0.43939170, 0.72688901, 0.37717578, 0.22758539, 0.35568228)
(0.58416235, 0.57561439, 0.35372707, 0.86085343, 0.30819318, 0.71606827, 0.72145557, 0.69123542, 0.41316810, 0.66347766)
(0.88098961, 0.71815890, 0.67027265, 0.63197893, 0.51174033, 0.36830267, 0.67776418, 0.03336669, 0.22982027, 0.56275481)
(0.78540277, 0.58960050, 0.30737361, 0.54396909, 0.78647852, 0.66866910, 0.71787870, 0.26387343, 0.28319556, 0.43899271)
(0.66799223, 0.56503665, 0.17649876, 0.88662124, 0.35615402, 0.70756739, 0.76141626, 0.59357280, 0.57412028, 0.53779912)
(0.82342780, 0.18278490, 0.24196246, 0.81278551, 0.42909956, 0.37258393, 0.73790669, 0.53566575, 0.52453250, 0.36962923)
(0.68598336, 0.63273156, 0.44635451, 0.25899962, 0.66200686, 0.27161589, 0.22050421, 0.05602787, 0.56704545, 0.17872532)
(0.55438477, 0.46321774, 0.39280072, 0.45290968, 0.68952781, 0.67618054, 0.55028313, 0.68809533, 0.34420267, 0.43348914)
(0.81977987, 0.26383218, 0.23791216, 0.77704978, 0.49765942, 0.44951871, 0.76283962, 0.45858613, 0.48858196, 0.40378714)
(0.85305339, 0.58343357, 0.45852107, 0.58614260, 0.71772367, 0.56342059, 0.78202271, 0.15170257, 0.21395260, 0.52981663)
(0.94904929, 0.13721827, 0.35722953, 0.58253795, 0.81584978, 0.25068635, 0.76721656, 0.28068995, 0.14999734, 0.33814907)
(0.59709597, 0.35874242, 0.44976926, 0.27930012, 0.64973706, 0.30837110, 0.27603295, 0.34789723, 0.50273824, 0.22959471)
(0.82891524, 0.19826660, 0.41805103, 0.37628061, 0.70803058, 0.23066980, 0.45471096, 0.34804970, 0.34864414, 0.25651604)
(0.57409489, 0.34980214, 0.38854396, 0.48207220, 0.53382427, 0.45900750, 0.46870172, 0.54841065, 0.53775465, 0.34668511)
(0.64343852, 0.67298460, 0.80959278, 0.69917983, 0.35351047, 0.61295396, 0.68139368, 0.42114404, 0.13589847, 0.80721086)
(0.65922272, 0.34739497, 0.36638924, 0.38057831, 0.63803256, 0.36814421, 0.40663514, 0.39458981, 0.50010812, 0.26913202)
(0.63470417, 0.34058818, 0.16466415, 0.64323974, 0.55428356, 0.50502419, 0.51518297, 0.55065632, 0.67694396, 0.24442497)
(0.80363733, 0.22025572, 0.09574584, 0.79045385, 0.65361178, 0.57676691, 0.75283128, 0.67775649, 0.57608002, 0.26060915)
(0.71466696, 0.67949885, 0.38076529, 0.31655994, 0.75960803, 0.47325823, 0.40386555, 0.09272008, 0.45893577, 0.24145021)
(0.76600558, 0.55055064, 0.24858923, 0.61588746, 0.59069395, 0.48236537, 0.62582850, 0.18244591, 0.52792686, 0.36750928)
(0.75165015, 0.47523075, 0.25238591, 0.34791920, 0.80861104, 0.47079778, 0.47362038, 0.24208698, 0.43267059, 0.22277783)
(0.33973074, 0.61827719, 0.38126197, 0.25544563, 0.62177533, 0.43386325, 0.15136950, 0.31864130, 0.64973164, 0.20080325)
(0.78815252, 0.41308525, 0.29776242, 0.48413062, 0.61313683, 0.31169930, 0.46335354, 0.17766052, 0.53266412, 0.27082399)
(0.73145151, 0.39287046, 0.57957494, 0.41164726, 0.79993820, 0.66630965, 0.69136965, 0.64389217, 0.12213035, 0.53984827)
(0.84690690, 0.57953477, 0.69305736, 0.52590185, 0.60514098, 0.42553824, 0.69853681, 0.11452790, 0.19123334, 0.56309175)
(0.50703716, 0.54926419, 0.19448501, 0.32016242, 0.71859348, 0.45477626, 0.24713878, 0.28940994, 0.67888296, 0.15259673)
(0.82570946, 0.39259028, 0.08685656, 0.79148233, 0.78157532, 0.76634198, 0.84375536, 0.64624041, 0.38569865, 0.37950441)
(0.82002449, 0.50155330, 0.46524230, 0.53121024, 0.57118899, 0.34015119, 0.57546359, 0.12355589, 0.41065133, 0.40285006)
(0.54648536, 0.57887167, 0.38111529, 0.33465707, 0.69862509, 0.54548937, 0.38497323, 0.31268549, 0.48933771, 0.29036218)
(0.64846170, 0.40415850, 0.38322622, 0.51810014, 0.55335319, 0.47569779, 0.55900538, 0.43206853, 0.48315698, 0.39869457)
(0.60203177, 0.33878565, 0.28307506, 0.40053496, 0.60510194, 0.35188511, 0.32215461, 0.41910580, 0.62911958, 0.19853714)
(0.73125249, 0.60323900, 0.44357315, 0.58466351, 0.84083372, 0.85755903, 0.80122894, 0.72674131, 0.07951772, 0.66239339)
(0.82588077, 0.63881177, 0.22767794, 0.69900274, 0.68739778, 0.61358708, 0.76913899, 0.15920569, 0.38425684, 0.45404479)
(0.72679621, 0.44477323, 0.29497492, 0.50218302, 0.51483053, 0.28099233, 0.37892145, 0.14151442, 0.61933148, 0.26954916)
(0.87764716, 0.36263871, 0.39681640, 0.56070256, 0.61415571, 0.27270886, 0.60640931, 0.14230415, 0.37781867, 0.36450163)
(0.72263819, 0.40733868, 0.42217377, 0.49231723, 0.68292040, 0.54928774, 0.65605932, 0.44001174, 0.31704369, 0.45039874)
(0.81945705, 0.61997449, 0.46701866, 0.80515605, 0.72724330, 0.85562795, 0.91160220, 0.67256701, 0.05854611, 0.80053526)
(0.77883983, 0.40995342, 0.33417714, 0.37580130, 0.85732806, 0.58735007, 0.62205869, 0.36050913, 0.26016584, 0.31958461)
(0.42671502, 0.86301112, 0.31610397, 0.45321241, 0.70217073, 0.78794140, 0.37927660, 0.29390654, 0.44612244, 0.39556512)
(0.76257235, 0.17188071, 0.22311471, 0.58857757, 0.68888170, 0.46683735, 0.63276941, 0.70906299, 0.45832151, 0.26611891)
(0.50820541, 0.45792985, 0.16970588, 0.31016445, 0.75183165, 0.44705081, 0.23018298, 0.39572832, 0.68136537, 0.12586834)
(0.89445835, 0.09812011, 0.26813608, 0.63045573, 0.71131188, 0.30869025, 0.72335958, 0.59849590, 0.31503338, 0.27263284)
(0.83306366, 0.21567419, 0.30433747, 0.56871134, 0.67436761, 0.37818983, 0.66882372, 0.46506160, 0.37053806, 0.32623526)
(0.48128507, 0.49268982, 0.32818422, 0.48650381, 0.56100959, 0.58564061, 0.44751438, 0.56421518, 0.56126440, 0.35808268)
(0.78974366, 0.32355455, 0.29483336, 0.90448135, 0.23541649, 0.39512566, 0.75705582, 0.36839831, 0.51434737, 0.56757337)
(0.86263955, 0.27845910, 0.36683729, 0.67379129, 0.71956068, 0.56959826, 0.84041321, 0.54047918, 0.18407139, 0.53228885)
(0.80445755, 0.35049662, 0.26991639, 0.67000020, 0.66291821, 0.57148314, 0.78002304, 0.47172895, 0.35005701, 0.45339096)
(0.62355334, 0.05474743, 0.39076135, 0.57445818, 0.59914595, 0.25174254, 0.30781463, 0.90083116, 0.45778260, 0.21650574)
(0.72172630, 0.41263500, 0.52100658, 0.39498806, 0.75342458, 0.56984413, 0.62391275, 0.46225768, 0.22638978, 0.44874403)
(0.87105221, 0.33054999, 0.49297822, 0.44539237, 0.77381229, 0.40111822, 0.70223391, 0.26336902, 0.19240975, 0.41438779)
(0.58790034, 0.36643216, 0.34548211, 0.40844730, 0.58981508, 0.40490773, 0.38551992, 0.44886029, 0.56869411, 0.26572365)
(0.74447888, 0.47047660, 0.77657497, 0.14344832, 0.76029760, 0.21156918, 0.20553660, 0.09673186, 0.27148178, 0.23386577)
(0.52912349, 0.21729767, 0.44414926, 0.80082595, 0.22465762, 0.33546093, 0.44891611, 0.71161216, 0.59244937, 0.49364486)
(0.75336474, 0.28274858, 0.20731942, 0.46829805, 0.74197650, 0.45499301, 0.54872990, 0.49175951, 0.48387098, 0.22920020)
(0.79177833, 0.28262466, 0.44229120, 0.49800736, 0.68819892, 0.43200797, 0.66520649, 0.45097944, 0.27771786, 0.42453268)
(0.70311528, 0.56563628, 0.21140519, 0.81987226, 0.38643298, 0.56204903, 0.68928033, 0.31941912, 0.59324169, 0.47829187)
(0.65546757, 0.45244047, 0.21475044, 0.58520466, 0.68468565, 0.65517116, 0.63605154, 0.55438048, 0.47177699, 0.36584136)
(0.55854696, 0.44865209, 0.20675349, 0.71255130, 0.43320787, 0.56409496, 0.53643632, 0.53730243, 0.67774659, 0.34555361)
(0.50929487, 0.63088423, 0.28039098, 0.41761720, 0.62538660, 0.54657114, 0.36950496, 0.27439868, 0.62231213, 0.27206594)
(0.64896536, 0.84985656, 0.36334994, 0.29919559, 0.88101822, 0.76395833, 0.43233275, 0.12133960, 0.28607708, 0.30119032)
(0.61988086, 0.25649929, 0.43435374, 0.51447064, 0.46624178, 0.32447132, 0.42512858, 0.52126807, 0.55277532, 0.33674219)
(0.73760235, 0.38647595, 0.26020807, 0.23308262, 0.87558925, 0.43999562, 0.38411775, 0.31388059, 0.37610719, 0.16532871)
(0.62692934, 0.42353308, 0.08191963, 0.61802614, 0.63708955, 0.51666391, 0.42488912, 0.42728466, 0.76934624, 0.15033075)
(0.56064016, 0.40907365, 0.35551673, 0.41664696, 0.71090180, 0.63301647, 0.51463163, 0.67972124, 0.38766298, 0.36744708)
(0.81005740, 0.81480032, 0.56273466, 0.48030007, 0.76167095, 0.66452020, 0.69414133, 0.06924687, 0.18702434, 0.52718508)
(0.75096589, 0.32365972, 0.30515921, 0.29903820, 0.81296444, 0.39656770, 0.44388688, 0.37356615, 0.37521291, 0.22050996)
(0.73191124, 0.37096828, 0.47432712, 0.50533056, 0.63885546, 0.49939764, 0.66183460, 0.44621623, 0.30315509, 0.47493222)
(0.61598778, 0.60741538, 0.80648261, 0.65324748, 0.44246766, 0.64414853, 0.65856081, 0.59505248, 0.10769711, 0.79797071)
(0.63841009, 0.40838534, 0.21471059, 0.51014906, 0.76789433, 0.69110084, 0.60482317, 0.65778124, 0.41213617, 0.33158490)
(0.66849911, 0.59603071, 0.43380645, 0.35810536, 0.85115385, 0.74609774, 0.59067482, 0.47021294, 0.19578278, 0.42912474)
(0.57087690, 0.44408408, 0.34028915, 0.45343730, 0.53460246, 0.42469269, 0.40265819, 0.36972159, 0.60259908, 0.30094796)
(0.66044736, 0.38575181, 0.58200002, 0.78556120, 0.24653564, 0.39450869, 0.63147420, 0.43120843, 0.38283253, 0.65290576)
(0.68981284, 0.10874152, 0.37025031, 0.60293514, 0.53229851, 0.29163772, 0.47294626, 0.74128735, 0.49143195, 0.28117436)
(0.70913130, 0.40667745, 0.12880324, 0.63900226, 0.73875368, 0.67530578, 0.67597234, 0.58288962, 0.50991225, 0.29728961)
(0.51528531, 0.38221142, 0.41589627, 0.51485634, 0.65250218, 0.68848854, 0.52230036, 0.84146041, 0.30956289, 0.45249504)
(0.68516946, 0.34472349, 0.20228443, 0.49014705, 0.76011014, 0.59176666, 0.58642888, 0.58508116, 0.46216056, 0.27301216)
(0.43915755, 0.52847427, 0.34642482, 0.41172352, 0.68357104, 0.68552142, 0.42103580, 0.69493318, 0.43260530, 0.36828879)
(0.85326684, 0.16028185, 0.12351740, 0.87958771, 0.53645527, 0.51904070, 0.83309156, 0.69503796, 0.51923412, 0.34673807)
(0.73812973, 0.47818717, 0.25613931, 0.64174867, 0.51499611, 0.44379491, 0.60207212, 0.23654842, 0.56842697, 0.37622759)
(0.51628894, 0.70770514, 0.47449508, 0.56213087, 0.57946068, 0.75753981, 0.59658670, 0.52671885, 0.31074682, 0.59010041)
(0.40412802, 0.61373192, 0.14099742, 0.75209749, 0.67486060, 0.89832836, 0.58165067, 0.93151385, 0.39678720, 0.43909886)
(0.55208516, 0.39644355, 0.35844281, 0.31608289, 0.67708445, 0.42523071, 0.33073846, 0.44326487, 0.52653551, 0.23924311)
(0.80436420, 0.25424781, 0.28645292, 0.53193951, 0.63848662, 0.34108391, 0.57263595, 0.38750109, 0.46439967, 0.28216431)
(0.71054536, 0.14483620, 0.21571934, 0.68169647, 0.65456092, 0.54939574, 0.64894623, 0.86585021, 0.43749025, 0.29437730)
(0.60658807, 0.48249468, 0.23860317, 0.54176855, 0.68011731, 0.65570742, 0.58213609, 0.55335104, 0.47865653, 0.36373228)
(0.83618212, 0.14901784, 0.37314239, 0.54290527, 0.70161498, 0.36668417, 0.67437607, 0.59840029, 0.29090291, 0.33620846)
(0.79729128, 0.03630931, 0.27775863, 0.69042712, 0.71674824, 0.37200332, 0.61646444, 0.94130045, 0.29035646, 0.23534392)
(0.87378436, 0.58709860, 0.63360459, 0.44218820, 0.82331842, 0.58175486, 0.76058030, 0.15450476, 0.10501675, 0.53775167)
(0.82406545, 0.16838516, 0.10306851, 0.93222767, 0.55173987, 0.71225339, 0.86969161, 0.91300899, 0.38680935, 0.44291663)
(0.48296887, 0.43717179, 0.34869802, 0.63498485, 0.62552655, 0.77172512, 0.56889296, 0.89734596, 0.29374930, 0.51022714)
(0.77043635, 0.52416813, 0.26268682, 0.38683438, 0.80010408, 0.49597606, 0.52005875, 0.19990762, 0.41874248, 0.25121605)
(0.85023040, 0.49289039, 0.44597539, 0.57079643, 0.57158840, 0.33018598, 0.61561936, 0.10786565, 0.39691302, 0.41205847)
(0.89728653, 0.27531967, 0.58434892, 0.71263319, 0.53858811, 0.32461202, 0.78836238, 0.24964942, 0.18933485, 0.58201820)
(0.86418045, 0.07974614, 0.29614067, 0.43643650, 0.83413744, 0.32374501, 0.60037065, 0.72543144, 0.25208065, 0.20689273)
(0.86383897, 0.35489950, 0.36966825, 0.46984243, 0.81145352, 0.47881451, 0.72071570, 0.28825811, 0.22462091, 0.38337079)
(0.47135845, 0.59964287, 0.16391055, 0.56158584, 0.56044167, 0.58889234, 0.38919932, 0.37228343, 0.71899945, 0.25587103)
(0.82563269, 0.46509832, 0.56007409, 0.56446713, 0.61815226, 0.47186163, 0.73872006, 0.23270930, 0.23544060, 0.53742421)
(0.59306383, 0.35293093, 0.16093650, 0.65316314, 0.51017940, 0.48214823, 0.46001035, 0.53906679, 0.72178864, 0.23229127)
(0.70447570, 0.70289940, 0.40616938, 0.68489772, 0.60381776, 0.72815871, 0.75003934, 0.33741561, 0.26609364, 0.62600058)
(0.71708751, 0.37730262, 0.20440213, 0.50563371, 0.57535964, 0.31422356, 0.38897657, 0.22963941, 0.66039282, 0.20760265)
(0.75894868, 0.45556691, 0.78061152, 0.46978045, 0.75038433, 0.66867971, 0.74796468, 0.59142584, 0.06012349, 0.69551718)
(0.61319178, 0.33906281, 0.33737561, 0.68113226, 0.44525850, 0.53372097, 0.61317801, 0.64566779, 0.53173298, 0.43096977)
(0.45236912, 0.47744155, 0.44558522, 0.18582080, 0.66187817, 0.24695893, 0.10582473, 0.21152127, 0.63840359, 0.13204427)
(0.72391617, 0.45178312, 0.60968560, 0.70993793, 0.51146138, 0.62542415, 0.77980739, 0.57637572, 0.16656794, 0.70842248)
(0.65996236, 0.55002940, 0.17320547, 0.51727116, 0.69906861, 0.56886148, 0.51970375, 0.29705915, 0.58053613, 0.27077013)
(0.54158509, 0.58247328, 0.22609062, 0.52137232, 0.71609670, 0.72567797, 0.53383899, 0.56783473, 0.45864582, 0.36682552)
(0.82295173, 0.35405639, 0.42247942, 0.71957844, 0.47615287, 0.40074000, 0.74216956, 0.28847712, 0.35062188, 0.53392291)
(0.81889749, 0.19237080, 0.14033878, 0.84056932, 0.38218251, 0.31957668, 0.64896166, 0.45483956, 0.70255971, 0.25956029)
(0.82285815, 0.21763194, 0.34065232, 0.63792604, 0.60643822, 0.40411076, 0.71631080, 0.49700269, 0.36095485, 0.39116907)
(0.40968135, 0.60260302, 0.24756578, 0.51557899, 0.62518716, 0.73089933, 0.43249673, 0.67393368, 0.53978521, 0.34813768)
(0.73801523, 0.56302702, 0.28903407, 0.57390475, 0.68728215, 0.60201132, 0.66840172, 0.26986149, 0.40707597, 0.41720074)
(0.79029274, 0.59025776, 0.47077021, 0.49923313, 0.81531137, 0.72916031, 0.75651437, 0.36138758, 0.14966802, 0.54491204)
(0.81810969, 0.39098284, 0.18752241, 0.68722260, 0.56785214, 0.41066670, 0.65605825, 0.24011359, 0.55994898, 0.32380828)
(0.83611381, 0.23625958, 0.19429970, 0.94247407, 0.25672814, 0.45328441, 0.83115137, 0.54814768, 0.55338162, 0.50778764)
(0.83288336, 0.39665496, 0.42009315, 0.38941383, 0.65636265, 0.21932441, 0.38841009, 0.11242265, 0.44647762, 0.24696586)
(0.61928028, 0.73888010, 0.51684231, 0.35059172, 0.84475142, 0.79254991, 0.55372983, 0.41274911, 0.16270514, 0.49110991)
(0.87239778, 0.17952693, 0.29260972, 0.54618514, 0.88217080, 0.65549839, 0.82822406, 0.76905745, 0.12334952, 0.40751749)
(0.86395758, 0.49452117, 0.41457161, 0.53371930, 0.85341448, 0.69633460, 0.81450087, 0.33270010, 0.12741213, 0.52099377)
(0.76295471, 0.34948376, 0.42410901, 0.31844565, 0.83235800, 0.50039959, 0.56045288, 0.40253794, 0.25307205, 0.31854662)
(0.89640528, 0.33931786, 0.32883704, 0.77463949, 0.74527323, 0.68976438, 0.91382027, 0.56101805, 0.12208236, 0.63642871)
(0.54787529, 0.56274593, 0.16285162, 0.48899913, 0.85675603, 0.83699048, 0.55873382, 0.77407730, 0.32532552, 0.33344290)
(0.76771826, 0.31728539, 0.21895526, 0.86695296, 0.34744200, 0.49507266, 0.75625235, 0.50143117, 0.58186716, 0.45313674)
(0.81409657, 0.41745663, 0.40500134, 0.82251728, 0.36386198, 0.44288355, 0.77689153, 0.28662816, 0.36567208, 0.61311066)
(0.85965228, 0.41145891, 0.38051260, 0.79403466, 0.56102514, 0.57909065, 0.86968368, 0.37646821, 0.21664888, 0.64128107)
(0.77391124, 0.39322639, 0.33218563, 0.25223151, 0.77108592, 0.24513409, 0.28096998, 0.14592181, 0.48255518, 0.14821570)
(0.78100860, 0.21963665, 0.47998601, 0.50712210, 0.62806147, 0.35866165, 0.60757577, 0.49831331, 0.31013656, 0.39859289)
(0.69693875, 0.16694516, 0.18506357, 0.59926170, 0.52107257, 0.27721551, 0.36931503, 0.58541739, 0.71216702, 0.15801924)
(0.74750590, 0.13242319, 0.24192081, 0.93417734, 0.12658367, 0.15134504, 0.51949793, 0.40383312, 0.74355268, 0.39720225)
(0.79139411, 0.35291421, 0.18334593, 0.55261278, 0.84301621, 0.67815757, 0.73350644, 0.55661064, 0.30093807, 0.34220019)
(0.70437467, 0.89546627, 0.57849300, 0.37246051, 0.77297288, 0.70327163, 0.50032997, 0.05526303, 0.24942414, 0.44463673)
(0.73342615, 0.64603889, 0.68999892, 0.41731611, 0.74891227, 0.66633064, 0.66707629, 0.30193242, 0.12815815, 0.58656883)
(0.80159152, 0.20320369, 0.38860446, 0.30325925, 0.81148630, 0.32315043, 0.47092110, 0.47653118, 0.28961307, 0.24332698)
(0.85532713, 0.16701174, 0.25105187, 0.57680458, 0.77047014, 0.46736151, 0.74432081, 0.61589247, 0.30455402, 0.31087038)
(0.68969494, 0.17849387, 0.52853435, 0.24759839, 0.74256885, 0.26554286, 0.30066556, 0.54558760, 0.34417072, 0.22862206)
(0.82116979, 0.23554312, 0.34793624, 0.50676125, 0.81002909, 0.57167065, 0.75334120, 0.62393254, 0.20584020, 0.40333050)
(0.64037532, 0.35213181, 0.33963525, 0.69941938, 0.26198441, 0.22465460, 0.36513856, 0.17531671, 0.69221187, 0.36526689)
(0.82945198, 0.04742417, 0.33389699, 0.72978652, 0.49022439, 0.16435376, 0.52304029, 0.72224146, 0.47875881, 0.24615726)
(0.88028967, 0.54777890, 0.53395873, 0.41173968, 0.80203235, 0.45799136, 0.68741113, 0.10350882, 0.19630498, 0.41366148)
(0.77673727, 0.29151088, 0.17324410, 0.74634272, 0.68076009, 0.67951715, 0.79519790, 0.73552740, 0.39321420, 0.40446433)
(0.56342238, 0.73378026, 0.57970321, 0.45330018, 0.72877002, 0.78612518, 0.59072649, 0.50447536, 0.17331751, 0.60066849)
(0.69813210, 0.42468718, 0.53894639, 0.39232263, 0.74860436, 0.59830570, 0.62009680, 0.50546819, 0.21647015, 0.46821424)
(0.55430239, 0.35197884, 0.34761044, 0.26437366, 0.71833950, 0.37053329, 0.26163325, 0.44452387, 0.53261566, 0.18579984)
(0.81633437, 0.81932420, 0.48361579, 0.68065923, 0.64304590, 0.68272877, 0.78599095, 0.08721071, 0.20305024, 0.63573402)
(0.64286894, 0.52724785, 0.19678321, 0.41892642, 0.69276077, 0.46972898, 0.40649799, 0.25274634, 0.61784536, 0.21089821)
(0.52759945, 0.50666177, 0.31912228, 0.50758094, 0.74076343, 0.78337902, 0.57949531, 0.80959541, 0.29591462, 0.45115829)
(0.79539001, 0.59840953, 0.45080644, 0.57752085, 0.73478770, 0.67216104, 0.77683491, 0.27579507, 0.19525333, 0.56578469)
(0.69340104, 0.39254415, 0.14997540, 0.59426290, 0.71983063, 0.62381405, 0.63082403, 0.54716319, 0.53348064, 0.28124401)
(0.84088278, 0.14109293, 0.45060492, 0.41546655, 0.80252993, 0.36940092, 0.63055122, 0.61263162, 0.19665757, 0.33225736)
(0.78393668, 0.42445174, 0.74500436, 0.49321473, 0.62707376, 0.49081761, 0.70330000, 0.34928930, 0.14054333, 0.61445737)
(0.43888107, 0.76068711, 0.15333177, 0.52963918, 0.84664100, 0.89628422, 0.50551456, 0.74603641, 0.32407206, 0.37836015)
(0.85360479, 0.30750474, 0.31698424, 0.54412889, 0.78733110, 0.51352990, 0.76311761, 0.39694205, 0.24014896, 0.41227105)
(0.67504132, 0.40926468, 0.24075925, 0.90779358, 0.16433421, 0.38502121, 0.63088703, 0.31354398, 0.66418928, 0.52153009)
(0.89040971, 0.34586048, 0.48851752, 0.64245123, 0.72510880, 0.52175444, 0.84922886, 0.34510249, 0.13404506, 0.58328700)
(0.56030887, 0.46122321, 0.65642869, 0.23611918, 0.69700772, 0.46831223, 0.34380347, 0.43041047, 0.30842474, 0.36689293)
(0.77055240, 0.39356336, 0.27764550, 0.80581450, 0.41600665, 0.50236440, 0.75485516, 0.38797954, 0.49595320, 0.50387371)
(0.70864862, 0.14478789, 0.24216194, 0.38555437, 0.55719692, 0.10750733, 0.14315934, 0.31798154, 0.73787051, 0.09045707)
(0.82104492, 0.53559625, 0.53712094, 0.66963601, 0.66805768, 0.67085254, 0.84538132, 0.37045062, 0.13345386, 0.67740184)
(0.93068320, 0.23332094, 0.67679489, 0.58621043, 0.78426409, 0.42188373, 0.85463375, 0.33130988, 0.06278121, 0.60819292)
(0.81960988, 0.16982591, 0.25652951, 0.61075014, 0.57732868, 0.29215607, 0.57756406, 0.47355157, 0.51759541, 0.25046253)
(0.91862792, 0.24792311, 0.46106350, 0.20910732, 0.90973943, 0.24440892, 0.49750069, 0.17111641, 0.15709676, 0.19885570)
(0.54418921, 0.75625902, 0.31123814, 0.36776850, 0.85583955, 0.81190312, 0.47539705, 0.42069319, 0.27608913, 0.37290418)
(0.72689271, 0.39253837, 0.19633545, 0.55495745, 0.78805572, 0.67448944, 0.68309915, 0.56972051, 0.37652966, 0.34581679)
(0.77654600, 0.57471734, 0.52484691, 0.44005489, 0.83675796, 0.73021197, 0.72989416, 0.41626289, 0.12154564, 0.54181391)
(0.60010850, 0.54889053, 0.35764691, 0.38670743, 0.68676597, 0.54372257, 0.45511857, 0.30901036, 0.48491889, 0.31312343)
(0.73795217, 0.38016194, 0.51676613, 0.41770327, 0.70841062, 0.49629098, 0.62031728, 0.41496056, 0.26536110, 0.43903089)
(0.78991526, 0.37084222, 0.13680312, 0.77274883, 0.43051335, 0.35656068, 0.59112734, 0.21160541, 0.70216620, 0.27800927)
(0.49601901, 0.71858382, 0.42032182, 0.65265960, 0.45283547, 0.74043626, 0.59759587, 0.52467465, 0.41425788, 0.58011848)
(0.58203107, 0.76145828, 0.83878005, 0.48886093, 0.45289475, 0.56917602, 0.49554029, 0.23357110, 0.17895532, 0.69541103)
(0.75294942, 0.42318815, 0.10533099, 0.70547462, 0.70103931, 0.63680297, 0.70597821, 0.46615207, 0.56518579, 0.28903827)
(0.74320209, 0.49654517, 0.61245024, 0.48583180, 0.69787717, 0.61638016, 0.71261364, 0.41667166, 0.16705282, 0.57751060)
(0.41452882, 0.58186203, 0.05176646, 0.51886910, 0.82805568, 0.78158599, 0.33189040, 0.73949999, 0.68659651, 0.13711990)
(0.94429410, 0.21329257, 0.34746718, 0.87127811, 0.62091988, 0.49679995, 0.93459201, 0.43250120, 0.13000594, 0.64631283)
(0.58407915, 0.22277278, 0.39452603, 0.62599272, 0.42242745, 0.37204191, 0.46511713, 0.66819113, 0.57242954, 0.35547093)
(0.74699098, 0.45472527, 0.30601516, 0.18140097, 0.84557772, 0.28316742, 0.23547345, 0.12861554, 0.46843770, 0.11070713)
(0.66471398, 0.30184072, 0.45257941, 0.34891307, 0.63947695, 0.33526668, 0.39314094, 0.43313140, 0.43774733, 0.29270688)
(0.80981565, 0.38178274, 0.27235794, 0.83717245, 0.43751800, 0.52889311, 0.81356335, 0.40723109, 0.42272508, 0.55220920)
(0.43851048, 0.52951187, 0.52503896, 0.45682287, 0.53331172, 0.62425041, 0.44766909, 0.65461296, 0.39915422, 0.49038029)
(0.71445721, 0.71912616, 0.71538007, 0.74868506, 0.46745509, 0.72538453, 0.80102772, 0.42011094, 0.10612419, 0.81418842)
(0.61352056, 0.45188877, 0.21449919, 0.66274822, 0.51655638, 0.56663823, 0.58181769, 0.48216265, 0.62436527, 0.34670484)
(0.48057744, 0.70230603, 0.04829087, 0.67651391, 0.66658372, 0.71982932, 0.39845636, 0.37505084, 0.80805850, 0.16363946)
(0.92110550, 0.27120569, 0.41556367, 0.59152097, 0.78384066, 0.41801429, 0.82768726, 0.27475205, 0.15162796, 0.47177750)
(0.74167836, 0.15750019, 0.29739633, 0.94481862, 0.12734772, 0.28281161, 0.67462224, 0.57587093, 0.62761706, 0.51846141)
(0.86105323, 0.26189730, 0.25559026, 0.87250096, 0.35531136, 0.36902046, 0.79350996, 0.32413581, 0.49501160, 0.48596820)
(0.58350271, 0.56925941, 0.68496752, 0.36906013, 0.75928354, 0.72425812, 0.56403750, 0.64701837, 0.12343737, 0.58776194)
(0.41982591, 0.72387785, 0.18588655, 0.30303800, 0.83114940, 0.71495754, 0.26613757, 0.39388287, 0.53188092, 0.19960655)
(0.42672613, 0.53260285, 0.24193694, 0.46816528, 0.68850857, 0.71354175, 0.41951719, 0.72724581, 0.50643200, 0.32207507)
(0.59937364, 0.46057171, 0.26122037, 0.45901382, 0.61963594, 0.48890245, 0.44396985, 0.38823509, 0.59197670, 0.27349919)
(0.62252754, 0.64674157, 0.69566935, 0.33273140, 0.55494934, 0.39123341, 0.35583246, 0.13770212, 0.37220132, 0.40209839)
(0.62726164, 0.31741947, 0.13940164, 0.72321445, 0.56993330, 0.59738427, 0.59349817, 0.70493716, 0.64378023, 0.27726462)
(0.36337319, 0.75838119, 0.19066493, 0.70946991, 0.75391519, 0.94177485, 0.59096372, 0.93955553, 0.23731987, 0.53808606)
(0.64015847, 0.36417684, 0.36899632, 0.23119278, 0.81685627, 0.44333568, 0.35884532, 0.43432927, 0.38049826, 0.21617208)
(0.84748942, 0.54443586, 0.46007621, 0.57085329, 0.58687073, 0.37325421, 0.64392883, 0.09853224, 0.37318078, 0.43663663)
(0.82071286, 0.45103738, 0.22315066, 0.85058802, 0.50284034, 0.62814671, 0.85336113, 0.42967445, 0.38506830, 0.57592392)
(0.85613173, 0.33042374, 0.17680509, 0.58405340, 0.76579928, 0.46781906, 0.70740378, 0.32578671, 0.39692402, 0.29345545)
(0.34247521, 0.80161011, 0.51251608, 0.65911466, 0.28269368, 0.67213583, 0.40156931, 0.38603234, 0.51075953, 0.61554688)
(0.88416970, 0.43576142, 0.11796733, 0.92531163, 0.45078957, 0.57614040, 0.88208210, 0.30162174, 0.50368869, 0.51709270)
(0.75697935, 0.63597953, 0.43469557, 0.71431303, 0.64079094, 0.74939203, 0.82247335, 0.42716429, 0.17943591, 0.68321043)
(0.59944385, 0.60218197, 0.44919896, 0.48782578, 0.58972883, 0.59801936, 0.55455238, 0.33845383, 0.42074856, 0.46008977)
(0.62778443, 0.57857132, 0.15438838, 0.39933330, 0.74638337, 0.50935572, 0.37356851, 0.22884531, 0.63999623, 0.17668237)
(0.75137049, 0.46877471, 0.10367589, 0.64338601, 0.63598132, 0.47625646, 0.54972577, 0.24967861, 0.68546766, 0.20847078)
(0.79143518, 0.41498110, 0.50758719, 0.61063164, 0.59691763, 0.52445847, 0.76288128, 0.37746191, 0.24242324, 0.56473094)
(0.92429692, 0.54672021, 0.52429223, 0.42279142, 0.85422379, 0.45489743, 0.74924815, 0.07302006, 0.14253175, 0.41376522)
(0.62915564, 0.55181444, 0.28113386, 0.45340171, 0.61363536, 0.47923720, 0.44886556, 0.24886502, 0.58845264, 0.28568527)
(0.84420079, 0.58337498, 0.45236278, 0.75390357, 0.60226184, 0.64294833, 0.86591566, 0.24901327, 0.16940121, 0.68411505)
(0.72366381, 0.56849009, 0.42825055, 0.30192900, 0.87963283, 0.68199831, 0.55949730, 0.32342872, 0.20828362, 0.34447512)
(0.87814432, 0.17709875, 0.40187573, 0.49525949, 0.67971224, 0.22704190, 0.57759649, 0.32582745, 0.31132048, 0.30395290)
(0.32032803, 0.84522212, 0.22622204, 0.14397183, 0.82409418, 0.51546609, 0.07607464, 0.10447255, 0.71972829, 0.08111401)
(0.57094234, 0.35302934, 0.32054153, 0.44721955, 0.50368786, 0.32419646, 0.31145155, 0.38013411, 0.65721518, 0.23695315)
(0.84521425, 0.53482497, 0.39879227, 0.78160989, 0.46930054, 0.48459667, 0.80072582, 0.16618174, 0.31659415, 0.61031151)
(0.62779057, 0.39615929, 0.46937743, 0.62416214, 0.55480701, 0.63762218, 0.67092592, 0.71410918, 0.28789243, 0.56390464)
(0.36676070, 0.88181227, 0.37365335, 0.52947628, 0.79496515, 0.92843318, 0.51162213, 0.75417972, 0.16167378, 0.61526734)
(0.53743851, 0.36296785, 0.31676760, 0.46416989, 0.59831089, 0.50824410, 0.43812457, 0.60107416, 0.56169963, 0.29970175)
(0.66322577, 0.61441875, 0.70711142, 0.45821145, 0.69407296, 0.69179052, 0.66088867, 0.46661270, 0.12762448, 0.64154643)
(0.89315116, 0.52633166, 0.22210220, 0.84871799, 0.52125704, 0.49398011, 0.85098338, 0.12907316, 0.38093585, 0.56391394)
(0.73763722, 0.51068360, 0.61123198, 0.68408448, 0.36524627, 0.39269760, 0.62129682, 0.21654007, 0.33750749, 0.59992868)
(0.51465636, 0.49057806, 0.29812327, 0.60992604, 0.62919664, 0.75807810, 0.59747028, 0.81080431, 0.37724841, 0.47530308)
(0.71395141, 0.40567878, 0.22422186, 0.86087573, 0.47392270, 0.68443269, 0.77712393, 0.72805578, 0.38859129, 0.55260712)
(0.58930397, 0.31995898, 0.39038512, 0.62989163, 0.45373449, 0.50762069, 0.57133991, 0.66257834, 0.50768173, 0.42754713)
(0.58137363, 0.80898976, 0.26803944, 0.62600058, 0.70369083, 0.82230872, 0.62456876, 0.38268512, 0.34469992, 0.50966305)
(0.70147467, 0.53175545, 0.66132265, 0.30999255, 0.85164469, 0.70919412, 0.60768598, 0.54261315, 0.09561243, 0.52352679)
(0.65399295, 0.26229522, 0.30913264, 0.88447559, 0.19153211, 0.39122203, 0.63149911, 0.57320303, 0.62522328, 0.49120751)
(0.76537549, 0.59780103, 0.46414882, 0.52457106, 0.56327116, 0.43416190, 0.58446479, 0.12459008, 0.43372914, 0.42401412)
(0.68838233, 0.42296931, 0.33913970, 0.25892439, 0.74531621, 0.31053248, 0.28725055, 0.21211348, 0.50775629, 0.16951522)
(0.87767273, 0.33736393, 0.69949502, 0.56608146, 0.65586835, 0.40410161, 0.76890230, 0.26952472, 0.12596503, 0.59168547)
(0.49636230, 0.40385461, 0.36944515, 0.55579019, 0.41820410, 0.45728135, 0.42662370, 0.52103645, 0.62519699, 0.36975446)
(0.82000721, 0.50963271, 0.48509926, 0.81199723, 0.54060036, 0.67937356, 0.87419605, 0.48281449, 0.14262077, 0.73841220)
(0.57044667, 0.68738818, 0.31947598, 0.42919382, 0.70789450, 0.65416288, 0.46464795, 0.27995682, 0.46981296, 0.34294820)
(0.76262569, 0.42524278, 0.49044234, 0.44585243, 0.78351337, 0.62902981, 0.70173055, 0.47122139, 0.18460166, 0.48569682)
(0.74521059, 0.22610177, 0.32188654, 0.34256089, 0.86892223, 0.58838618, 0.60561144, 0.71059477, 0.23787248, 0.28738600)
(0.67849308, 0.52739120, 0.26991922, 0.46211204, 0.81934243, 0.71897155, 0.62176591, 0.48605347, 0.30685455, 0.37962481)
(0.68369687, 0.27354085, 0.32118443, 0.39328882, 0.62182331, 0.29943958, 0.35578758, 0.40933457, 0.56071377, 0.20770949)
(0.75119114, 0.56753761, 0.23496178, 0.56788939, 0.74498236, 0.63341850, 0.67359543, 0.27208358, 0.40157625, 0.38193244)
(0.57923430, 0.24520718, 0.19156396, 0.44233316, 0.57384789, 0.26099929, 0.20721836, 0.47184673, 0.75286895, 0.11802669)
(0.51327729, 0.69309253, 0.28244153, 0.44497514, 0.77818054, 0.77681792, 0.49547035, 0.49992424, 0.36081204, 0.39480892)
(0.70039016, 0.40333790, 0.61932677, 0.50440556, 0.59215230, 0.52332771, 0.66022342, 0.47233021, 0.23590784, 0.56099457)
(0.43838516, 0.53499490, 0.34080493, 0.56243837, 0.57690418, 0.72179282, 0.49786162, 0.76660937, 0.43950045, 0.45241410)
(0.78691322, 0.65025812, 0.30217025, 0.40133995, 0.73079085, 0.42138529, 0.46178800, 0.07614643, 0.49541709, 0.24271831)
(0.75280768, 0.65754807, 0.35928524, 0.47868359, 0.73060775, 0.57392114, 0.60595143, 0.14272723, 0.38242564, 0.37685910)
(0.67488694, 0.54568750, 0.60170484, 0.60088092, 0.76307195, 0.83910483, 0.77669919, 0.83886266, 0.06364642, 0.72832346)
(0.88099021, 0.34852740, 0.60370952, 0.57857811, 0.61832130, 0.33899057, 0.72794652, 0.19461641, 0.20601489, 0.51053160)
(0.79758257, 0.49795833, 0.50984752, 0.47329262, 0.59180397, 0.34113297, 0.53830791, 0.13866819, 0.39019054, 0.39349276)
(0.38273785, 0.55267847, 0.35052842, 0.40646830, 0.70497411, 0.73719966, 0.38318679, 0.78977382, 0.39357975, 0.37503287)
(0.67848176, 0.48821360, 0.54503655, 0.55238497, 0.70444638, 0.73238486, 0.73084897, 0.68841678, 0.14560778, 0.62564677)
(0.74438590, 0.27559406, 0.30838823, 0.52884799, 0.69952089, 0.52634448, 0.66519433, 0.58333510, 0.37892660, 0.35882911)
(0.67939657, 0.51101816, 0.43095434, 0.47484979, 0.69463229, 0.61831856, 0.62806094, 0.41377220, 0.31777254, 0.46145543)
(0.83137685, 0.31600884, 0.44759300, 0.41717088, 0.87065530, 0.63342023, 0.75098097, 0.54976124, 0.11962453, 0.45002607)
(0.52596939, 0.65096486, 0.49742788, 0.56585181, 0.62568110, 0.78279603, 0.63033777, 0.69383562, 0.22222999, 0.62768537)
(0.45906156, 0.46744743, 0.29004568, 0.53558993, 0.64464128, 0.72076076, 0.47880527, 0.80666286, 0.43972760, 0.38511595)
(0.75368375, 0.31435898, 0.29815361, 0.35213503, 0.75671315, 0.36707410, 0.45311603, 0.36474639, 0.42590013, 0.23092186)
(0.84214747, 0.35587916, 0.26090610, 0.64996803, 0.69571263, 0.51513571, 0.77580386, 0.35802215, 0.33496404, 0.43082973)
(0.85752308, 0.33365434, 0.15613614, 0.88634330, 0.50065875, 0.58984369, 0.87106234, 0.47291118, 0.45926639, 0.49360612)
(0.70451492, 0.31269538, 0.22693954, 0.62470013, 0.54103053, 0.44413468, 0.56638467, 0.48194525, 0.60103887, 0.28852102)
(0.67946583, 0.56392366, 0.54077709, 0.40117809, 0.68977535, 0.56577247, 0.56613070, 0.29891410, 0.30144188, 0.45173320)
(0.75582635, 0.32869956, 0.44927844, 0.30299267, 0.69676811, 0.26040921, 0.35369235, 0.24382211, 0.41617963, 0.23668864)
(0.93849403, 0.08923436, 0.31633607, 0.90622300, 0.34077597, 0.18187521, 0.82390290, 0.35687071, 0.38001722, 0.46011823)
(0.40173471, 0.75249851, 0.23048286, 0.35250998, 0.73080617, 0.67639679, 0.27403730, 0.31864274, 0.59638327, 0.23729911)
(0.70432407, 0.33450681, 0.49740276, 0.49265563, 0.77941275, 0.71373552, 0.70452672, 0.81135672, 0.13918993, 0.53013116)
(0.61016214, 0.42754221, 0.47456476, 0.71867019, 0.25621688, 0.34842721, 0.49848533, 0.27549204, 0.53715408, 0.51753944)
(0.68633217, 0.50884593, 0.81365091, 0.56912905, 0.46077484, 0.51169688, 0.63863581, 0.40752473, 0.15241992, 0.70446926)
(0.59271276, 0.40706262, 0.23755525, 0.42435718, 0.79294378, 0.67563558, 0.52293175, 0.67719084, 0.40322974, 0.29830039)
(0.73637819, 0.25159004, 0.22692241, 0.35455313, 0.80916250, 0.44395500, 0.47227815, 0.53650618, 0.43816310, 0.18897443)
(0.59160727, 0.90901762, 0.63694906, 0.80175358, 0.42565414, 0.86957192, 0.78128332, 0.41390657, 0.12317004, 0.85217667)
(0.79523033, 0.43101114, 0.76296771, 0.52081680, 0.67832798, 0.57603812, 0.76511014, 0.44229394, 0.08704876, 0.67779154)
(0.83956319, 0.44873360, 0.44210565, 0.33091328, 0.82396114, 0.42245698, 0.57472754, 0.18078648, 0.25194609, 0.31022483)
(0.56816018, 0.71396840, 0.40296161, 0.67835784, 0.59041125, 0.82864004, 0.71396023, 0.62779891, 0.25938889, 0.64536119)
(0.81989849, 0.26559177, 0.19872770, 0.42541084, 0.88203090, 0.57078755, 0.66610539, 0.51557320, 0.28765321, 0.25430503)
(0.78045446, 0.40119830, 0.42088345, 0.54757535, 0.68478888, 0.54372948, 0.72376192, 0.40129194, 0.27338013, 0.48748252)
(0.63727987, 0.39309123, 0.29745001, 0.59824091, 0.61861932, 0.64191806, 0.65341210, 0.66629833, 0.42696714, 0.42583421)
(0.70337218, 0.64142764, 0.58815253, 0.42083633, 0.74658775, 0.67143643, 0.63669366, 0.31330445, 0.19050308, 0.52998734)
(0.91994756, 0.16311733, 0.56322092, 0.41983369, 0.83523643, 0.30058721, 0.71310741, 0.34802851, 0.10885012, 0.39848733)
(0.38857877, 0.69699126, 0.54164714, 0.70002675, 0.24809816, 0.58714408, 0.44713125, 0.43061697, 0.48579535, 0.63787580)
(0.69642699, 0.54614806, 0.13525571, 0.83991867, 0.44198045, 0.63426638, 0.70996428, 0.43246713, 0.65147072, 0.40234062)
(0.79961306, 0.45211604, 0.42862394, 0.40280375, 0.77967763, 0.48678261, 0.61746055, 0.24918216, 0.27910033, 0.36849326)
(0.82143056, 0.26791316, 0.31752622, 0.47907472, 0.73591137, 0.39804262, 0.62958175, 0.40259880, 0.34245583, 0.31856155)
(0.77844745, 0.22431621, 0.51479739, 0.71179819, 0.51859105, 0.46510440, 0.73949975, 0.65712714, 0.24215171, 0.56515902)
(0.42520609, 0.27666596, 0.34372082, 0.39699030, 0.44617906, 0.21946192, 0.13838623, 0.44758320, 0.74825919, 0.17830303)
(0.86839581, 0.18625733, 0.49129128, 0.76856142, 0.40787506, 0.23934400, 0.70119935, 0.32907471, 0.34281281, 0.50992239)
(0.60532707, 0.86561978, 0.54620475, 0.54902601, 0.66274345, 0.79492867, 0.60546505, 0.24610430, 0.21883976, 0.62322044)
(0.93647599, 0.14583704, 0.26012367, 0.82823801, 0.48733768, 0.23219852, 0.80073875, 0.27012861, 0.38762334, 0.38667613)
(0.45356742, 0.40202308, 0.43579122, 0.27344853, 0.56749296, 0.27643070, 0.16104862, 0.33238116, 0.64029694, 0.18745771)
(0.64225274, 0.62654221, 0.43852955, 0.54793853, 0.64408958, 0.69081730, 0.65846241, 0.40353182, 0.30808389, 0.54200894)
(0.90707952, 0.28306866, 0.09063697, 0.83769137, 0.68986410, 0.54233253, 0.86018097, 0.38605672, 0.45901856, 0.33687782)
(0.64683294, 0.82917917, 0.71683007, 0.71544695, 0.49004272, 0.80043817, 0.77101803, 0.41482708, 0.10491233, 0.82262129)
(0.68558675, 0.58275270, 0.18563066, 0.45671883, 0.83682638, 0.69361430, 0.56719297, 0.35135916, 0.40261254, 0.29080555)
(0.81225067, 0.11117796, 0.53311825, 0.83809596, 0.29612291, 0.21517935, 0.63614029, 0.57921350, 0.41457212, 0.50460327)
(0.69432437, 0.51100433, 0.24889956, 0.86873871, 0.41389453, 0.73227918, 0.80963922, 0.67439169, 0.40042096, 0.62393618)
(0.25478363, 0.78383237, 0.23135895, 0.40980658, 0.57023150, 0.67004877, 0.19220683, 0.38738120, 0.70529133, 0.26289466)
(0.70644021, 0.44442326, 0.29971606, 0.49723351, 0.64508206, 0.47639614, 0.56041038, 0.33209863, 0.47751471, 0.34273815)
(0.68553108, 0.42868310, 0.32577294, 0.39051858, 0.79911071, 0.60095167, 0.56371409, 0.44101444, 0.34489304, 0.32818946)
(0.81397617, 0.26227140, 0.44926280, 0.24776478, 0.82627928, 0.29603836, 0.42668641, 0.31920666, 0.27011588, 0.23159859)
(0.58028984, 0.22129032, 0.17145447, 0.46101198, 0.48868144, 0.16166979, 0.13908626, 0.33268416, 0.81780523, 0.09444454)
(0.75550073, 0.40910929, 0.25132063, 0.62104797, 0.72836560, 0.66445798, 0.74576610, 0.56105381, 0.32362634, 0.44731125)
(0.79219532, 0.28364408, 0.27857950, 0.58902919, 0.69116366, 0.51211220, 0.71397185, 0.51999193, 0.37175891, 0.37407511)
(0.84462279, 0.18657264, 0.23701224, 0.83108127, 0.42853698, 0.37264842, 0.76709098, 0.49950874, 0.50599062, 0.38739178)
(0.72109729, 0.68903738, 0.83393705, 0.42715326, 0.56080800, 0.52458471, 0.58889550, 0.17309698, 0.15150866, 0.63669991)
(0.88858634, 0.09053903, 0.42916015, 0.39322892, 0.86472106, 0.34069672, 0.66090375, 0.67015374, 0.14393336, 0.29118225)
(0.48106503, 0.44828209, 0.25401416, 0.54823661, 0.62887645, 0.68113977, 0.48412398, 0.75700933, 0.50868946, 0.35021880)
(0.55953491, 0.67185634, 0.28166214, 0.47423321, 0.74884588, 0.73732102, 0.52641714, 0.43116117, 0.39262599, 0.39462739)
(0.79617035, 0.30161539, 0.32860094, 0.41135165, 0.60706198, 0.19062465, 0.32072061, 0.17037231, 0.55235714, 0.20350583)
(0.89335293, 0.56988060, 0.71521795, 0.69751030, 0.68289351, 0.64897460, 0.89603758, 0.24469356, 0.05735746, 0.76611537)
(0.33117032, 0.63447642, 0.60218835, 0.25299272, 0.79041338, 0.76857549, 0.29071480, 0.81154907, 0.19173108, 0.44963452)
(0.83944726, 0.63841301, 0.39796275, 0.54509008, 0.71517563, 0.52105457, 0.70846629, 0.09557351, 0.31337020, 0.43574560)
(0.68356377, 0.43585235, 0.25826919, 0.48818892, 0.72794956, 0.58078092, 0.59245443, 0.43134817, 0.43683738, 0.34019169)
(0.74183834, 0.35581568, 0.10084329, 0.77209496, 0.60653323, 0.59144288, 0.69058222, 0.52756566, 0.63959569, 0.27437368)
(0.61718887, 0.51691991, 0.29439205, 0.65035188, 0.55301106, 0.65903455, 0.66022038, 0.54722136, 0.46143410, 0.47933868)
(0.64349991, 0.39884833, 0.32886958, 0.39320585, 0.77353883, 0.60177010, 0.54442459, 0.52974451, 0.36594811, 0.33441153)
(0.77415121, 0.40594995, 0.28323069, 0.55731177, 0.70051193, 0.52566767, 0.68401861, 0.36909842, 0.37746823, 0.39666978)
(0.56652814, 0.37496376, 0.27142528, 0.44852832, 0.69643152, 0.59668916, 0.49283978, 0.65690815, 0.49180093, 0.29788062)
(0.62685788, 0.31049982, 0.21476598, 0.24061713, 0.84331781, 0.42612967, 0.29044187, 0.50413626, 0.49806762, 0.13129564)
(0.81610495, 0.46783724, 0.13415572, 0.67624795, 0.75976390, 0.62459445, 0.75616997, 0.32196471, 0.43168548, 0.35100168)
(0.70512623, 0.42926759, 0.37029329, 0.51586866, 0.66612339, 0.55880100, 0.64660335, 0.43370080, 0.36649004, 0.43704733)
(0.69579703, 0.41600376, 0.26822454, 0.59679210, 0.33925948, 0.15848024, 0.23950623, 0.06663746, 0.74327397, 0.23398232)
(0.53902590, 0.40106848, 0.35800308, 0.47151685, 0.48331708, 0.39671054, 0.37334260, 0.41938671, 0.62606186, 0.30164903)
(0.79153794, 0.20856078, 0.28466415, 0.85683155, 0.31778881, 0.37021458, 0.73422039, 0.51321113, 0.55311227, 0.43336892)
(0.76858354, 0.48786384, 0.28860283, 0.46624205, 0.70917869, 0.45650658, 0.56427509, 0.22292654, 0.44434044, 0.30780435)
(0.49455673, 0.39526778, 0.26799384, 0.59279335, 0.38299581, 0.38222831, 0.34561244, 0.40732396, 0.72501892, 0.28689471)
(0.57596678, 0.32438371, 0.23025607, 0.33334288, 0.69628054, 0.35774758, 0.25743121, 0.45845783, 0.64186203, 0.14222409)
(0.69114923, 0.44759744, 0.63175392, 0.48800525, 0.52979517, 0.44896665, 0.58738333, 0.34324285, 0.31280947, 0.52060586)
(0.81495774, 0.43882868, 0.27001810, 0.50978655, 0.69121242, 0.39442149, 0.57803339, 0.19550849, 0.44998085, 0.30145273)
(0.79953605, 0.43345132, 0.54622591, 0.71045375, 0.61497188, 0.66117179, 0.84392089, 0.55870408, 0.13077392, 0.69798428)
(0.59887719, 0.30877265, 0.19574423, 0.59660631, 0.60964274, 0.54425228, 0.51796132, 0.67093730, 0.61019409, 0.26464403)
(0.68497902, 0.50454462, 0.53211176, 0.37881193, 0.76037198, 0.62494612, 0.59849429, 0.44235229, 0.22318093, 0.46149695)
(0.88502216, 0.61599094, 0.40996805, 0.70798105, 0.62482297, 0.51895422, 0.82429099, 0.09198605, 0.24468674, 0.56918508)
(0.70547485, 0.44087806, 0.39488328, 0.60601532, 0.62508142, 0.63814318, 0.72513032, 0.55214083, 0.30411500, 0.53289068)
(0.73961538, 0.40870064, 0.28209341, 0.56408548, 0.71459597, 0.60646588, 0.69707745, 0.47123188, 0.36025098, 0.41762745)
(0.73842949, 0.43797967, 0.24197502, 0.80952805, 0.45729747, 0.61660677, 0.77972573, 0.51163661, 0.48364854, 0.51533115)
(0.68593997, 0.56525844, 0.40317130, 0.85112274, 0.22225010, 0.43585834, 0.64501494, 0.22119668, 0.48430064, 0.63250035)
(0.66751200, 0.50872153, 0.30889502, 0.20526323, 0.89108789, 0.54933077, 0.35885447, 0.27971658, 0.35491374, 0.17926601)
(0.47515532, 0.48622182, 0.24561365, 0.32060051, 0.62334025, 0.33630195, 0.17922801, 0.27117413, 0.71921664, 0.14663085)
(0.90907609, 0.04364030, 0.24110965, 0.80520034, 0.68863666, 0.36494392, 0.83005267, 0.84335709, 0.25121287, 0.31538859)
(0.74403477, 0.11810590, 0.57636887, 0.28791657, 0.66239327, 0.14659491, 0.23955280, 0.47290364, 0.37993428, 0.20318303)
(0.76216561, 0.64297903, 0.32042447, 0.49934158, 0.62336338, 0.43866885, 0.52038789, 0.09540302, 0.52743894, 0.31454802)
(0.78278488, 0.11146448, 0.35967851, 0.67763823, 0.51054281, 0.28825468, 0.59861332, 0.66183633, 0.44241720, 0.31862596)
(0.64003998, 0.40009460, 0.47645122, 0.65298021, 0.64962637, 0.74659932, 0.71772337, 0.84294182, 0.16953379, 0.61961579)
(0.60321754, 0.23629317, 0.43551168, 0.60747069, 0.37574130, 0.29681680, 0.42588478, 0.52571696, 0.59218913, 0.37123227)
(0.53417963, 0.29998747, 0.18678547, 0.37730947, 0.66416425, 0.34313890, 0.21768856, 0.51874161, 0.71740121, 0.11935531)
(0.87978822, 0.30509174, 0.64543301, 0.27876502, 0.80221730, 0.24647741, 0.50233918, 0.16454186, 0.17523214, 0.31608176)
(0.69957185, 0.36721280, 0.25869820, 0.54963297, 0.59375125, 0.45755953, 0.55509412, 0.41523874, 0.54916316, 0.30581003)
(0.75273591, 0.47809815, 0.57391632, 0.40396035, 0.82154101, 0.68967307, 0.70327574, 0.52401882, 0.11895628, 0.53489798)
(0.54248148, 0.44369522, 0.46832168, 0.47429109, 0.57652068, 0.59667087, 0.53684562, 0.63150394, 0.39246702, 0.46397516)
(0.86033350, 0.24790062, 0.67338598, 0.72716528, 0.56055355, 0.45023444, 0.82161093, 0.50640339, 0.11427703, 0.68088168)
(0.82705021, 0.25194323, 0.22691342, 0.80425006, 0.49759007, 0.46566099, 0.78425294, 0.49195582, 0.47771633, 0.41420448)
(0.45519993, 0.47738776, 0.23663640, 0.56152529, 0.62723768, 0.70558798, 0.47381487, 0.77321136, 0.51941419, 0.34971792)
(0.54683262, 0.73056787, 0.33539659, 0.38075837, 0.83913159, 0.80209303, 0.49479190, 0.46057397, 0.26867878, 0.39842105)
(0.70650202, 0.08050299, 0.43763596, 0.56687504, 0.47763461, 0.14844152, 0.29141781, 0.66190398, 0.55590951, 0.23071398)
(0.72238588, 0.25699043, 0.23070250, 0.52486438, 0.63048595, 0.40034565, 0.50995040, 0.51106513, 0.56217676, 0.23429793)
(0.59519476, 0.43751052, 0.35965914, 0.47575897, 0.62473631, 0.56737739, 0.54707849, 0.51983392, 0.45646301, 0.39143613)
(0.81032395, 0.48440680, 0.70880979, 0.76136166, 0.31459540, 0.34144700, 0.68404144, 0.17679262, 0.23702931, 0.69095564)
(0.70845139, 0.57588333, 0.23407115, 0.56231451, 0.59471363, 0.46370986, 0.51562053, 0.16905539, 0.59417838, 0.29900342)
(0.88236231, 0.34459421, 0.41374505, 0.88097233, 0.41384685, 0.49787557, 0.88251317, 0.39058626, 0.21311675, 0.69777369)
(0.74756789, 0.34057343, 0.52860928, 0.62118220, 0.63342071, 0.61350089, 0.76042408, 0.65961564, 0.18061069, 0.59855998)
(0.73124373, 0.19763656, 0.28297836, 0.92458582, 0.15172775, 0.29544032, 0.65932024, 0.49010238, 0.64061642, 0.49113572)
(0.67103577, 0.39961711, 0.32874450, 0.50639045, 0.62801820, 0.50374836, 0.57276893, 0.43828392, 0.46209866, 0.36575562)
(0.66582936, 0.35530546, 0.24365690, 0.55965906, 0.49677724, 0.35241419, 0.42555067, 0.33480114, 0.66019380, 0.25604415)
(0.82537615, 0.18145789, 0.16147275, 0.93577236, 0.28763700, 0.44560534, 0.81010514, 0.64834994, 0.60766089, 0.42296264)
(0.56551915, 0.50580901, 0.14779937, 0.57377970, 0.72988081, 0.72742724, 0.55520928, 0.64718372, 0.52945137, 0.29978922)
(0.80023003, 0.16916274, 0.63859946, 0.12802404, 0.89194626, 0.22417422, 0.27118418, 0.38929963, 0.16825229, 0.18726878)
(0.59658968, 0.33231720, 0.14514963, 0.54339808, 0.70489031, 0.57587379, 0.47453374, 0.65040433, 0.61995649, 0.20521046)
(0.82297426, 0.24945788, 0.34110466, 0.81047565, 0.33930555, 0.31109348, 0.69724596, 0.32561547, 0.50068319, 0.46608236)
(0.34816343, 0.53765386, 0.31930414, 0.32365215, 0.69493449, 0.62185478, 0.25140622, 0.67319697, 0.53563744, 0.25851163)
(0.77694559, 0.27333799, 0.18491672, 0.34419256, 0.83128744, 0.40145865, 0.45105034, 0.42256200, 0.45828488, 0.15720363)
(0.65980065, 0.35576046, 0.48170283, 0.37234089, 0.57010537, 0.30213305, 0.36205289, 0.32057962, 0.48495477, 0.30433765)
(0.84962571, 0.39316303, 0.45321831, 0.49708879, 0.75868738, 0.48533288, 0.73522478, 0.27312306, 0.21711242, 0.44921833)
(0.70119894, 0.40773782, 0.43034250, 0.37358996, 0.75479132, 0.52645487, 0.55636203, 0.40254453, 0.32366118, 0.36036539)
(0.67651153, 0.29881465, 0.41022438, 0.44040900, 0.55228227, 0.32641569, 0.42463571, 0.41626677, 0.51111406, 0.30394432)
(0.52977437, 0.58888018, 0.32589677, 0.46442428, 0.45983994, 0.35674575, 0.28294948, 0.14291455, 0.69004059, 0.27242240)
(0.81719911, 0.05146554, 0.30131802, 0.60578090, 0.70596218, 0.30389413, 0.59792870, 0.84064955, 0.33311802, 0.22449814)
(0.84445584, 0.33544955, 0.57377535, 0.66143382, 0.70156628, 0.62805325, 0.85362577, 0.58242458, 0.09623685, 0.66977656)
(0.70782173, 0.26305464, 0.13918741, 0.70510995, 0.37962082, 0.22992037, 0.35342690, 0.26564977, 0.78860408, 0.18338385)
(0.71597874, 0.16781630, 0.41260144, 0.87486362, 0.18704294, 0.25335985, 0.59495008, 0.50554389, 0.57799482, 0.50045502)
(0.73790097, 0.68174738, 0.86355299, 0.48869443, 0.52680141, 0.53682202, 0.63862467, 0.19366540, 0.11628946, 0.70400399)
(0.68149400, 0.59732521, 0.46313047, 0.42634988, 0.80439830, 0.74236494, 0.64664537, 0.48200208, 0.19331063, 0.50133711)
(0.86167979, 0.15452172, 0.20328414, 0.88066751, 0.60237736, 0.64415199, 0.88809586, 0.85274267, 0.25874197, 0.50987500)
(0.57226014, 0.57124162, 0.36819395, 0.53949952, 0.72322953, 0.78783709, 0.63846618, 0.72468907, 0.25683546, 0.52781248)
(0.77792811, 0.35681337, 0.41592687, 0.44052634, 0.82664651, 0.64225256, 0.71363914, 0.54694843, 0.18002434, 0.44528952)
(0.54142016, 0.54723465, 0.10765757, 0.67785323, 0.66866362, 0.75105727, 0.57735956, 0.66438323, 0.60855407, 0.29691979)
(0.75825071, 0.44435942, 0.22079635, 0.72029775, 0.56284451, 0.55813074, 0.73167944, 0.36836052, 0.50183100, 0.42664024)
(0.86343217, 0.70172518, 0.52308285, 0.56213015, 0.70103061, 0.54059690, 0.75439471, 0.06850129, 0.21634892, 0.52465278)
(0.75025278, 0.58142191, 0.63143605, 0.50986570, 0.63363808, 0.57498640, 0.69991404, 0.26212704, 0.20309554, 0.58047730)
(0.88678825, 0.67829967, 0.75396353, 0.54332697, 0.64608407, 0.47530922, 0.76462293, 0.06982210, 0.11804343, 0.63026476)
(0.68537980, 0.16535300, 0.38861060, 0.34898788, 0.70556033, 0.31751668, 0.38398632, 0.63612807, 0.42122692, 0.22351474)
(0.90648925, 0.25121328, 0.44919005, 0.43925872, 0.71117979, 0.18444778, 0.52342665, 0.14910994, 0.29439229, 0.28964198)
(0.63970900, 0.66032463, 0.38137373, 0.68873274, 0.61975014, 0.79229331, 0.75013578, 0.57995194, 0.24936362, 0.64679641)
(0.77405804, 0.09110196, 0.31475025, 0.61116433, 0.53800619, 0.21721737, 0.47115800, 0.64767051, 0.52062219, 0.22869945)
(0.68729824, 0.42166284, 0.08942228, 0.53680569, 0.75462353, 0.55171537, 0.48006776, 0.41811201, 0.66499305, 0.15872484)
(0.80218452, 0.82063401, 0.83537203, 0.34438622, 0.69451815, 0.52839404, 0.56457812, 0.05129121, 0.12270223, 0.56618303)
(0.78576201, 0.09329108, 0.36304060, 0.83535433, 0.36192662, 0.28590414, 0.66474324, 0.73142540, 0.47825763, 0.39555833)
(0.71165234, 0.48756486, 0.76806134, 0.58930475, 0.59734499, 0.62349957, 0.72491652, 0.57013696, 0.09434842, 0.73590106)
(0.55770493, 0.19331488, 0.51349127, 0.84235185, 0.13266617, 0.19230944, 0.37804419, 0.49636111, 0.63681781, 0.52650315)
(0.77212262, 0.38622573, 0.21226168, 0.74399865, 0.43747821, 0.40159681, 0.63562948, 0.26587239, 0.62011671, 0.35684973)
(0.91145134, 0.17172495, 0.44747934, 0.47784325, 0.82869112, 0.34942606, 0.74462646, 0.40150902, 0.13683590, 0.39002419)
(0.69045758, 0.08147835, 0.34650061, 0.68759340, 0.50731349, 0.29604647, 0.49387482, 0.82515085, 0.49095291, 0.28340936)
(0.89350790, 0.07420120, 0.32030001, 0.79088688, 0.48160177, 0.22071525, 0.72923249, 0.58001280, 0.38993341, 0.33088794)
(0.67322743, 0.44937465, 0.25347677, 0.46146122, 0.65588945, 0.46665090, 0.48835087, 0.33256403, 0.54584485, 0.27946156)
(0.82108599, 0.23641822, 0.15519077, 0.77410263, 0.63067734, 0.55398649, 0.78501546, 0.61644334, 0.48010755, 0.34539893)
(0.67295164, 0.66047913, 0.28165329, 0.42894951, 0.83741325, 0.73822647, 0.57904637, 0.33912483, 0.30611828, 0.36403573)
(0.78200495, 0.59274185, 0.83168125, 0.59069169, 0.51102465, 0.53212732, 0.72605759, 0.24684091, 0.10610238, 0.73541087)
(0.87814081, 0.24948251, 0.19123660, 0.46507940, 0.80393922, 0.33252883, 0.59199226, 0.29320112, 0.39218971, 0.20550615)
(0.61079597, 0.36686513, 0.23836471, 0.51351410, 0.66317278, 0.57378823, 0.53710967, 0.59958988, 0.53522056, 0.29587120)
(0.75217301, 0.55692655, 0.24402985, 0.47153634, 0.88836128, 0.78577232, 0.69812459, 0.46599734, 0.21276611, 0.39200306)
(0.72840852, 0.81441623, 0.31457683, 0.86214304, 0.53185928, 0.84580129, 0.85545611, 0.43320617, 0.21404512, 0.76165104)
(0.81975508, 0.52405751, 0.42978397, 0.45785597, 0.64673954, 0.35478008, 0.54159755, 0.11399895, 0.40830761, 0.34383768)
(0.71967423, 0.62137055, 0.44223720, 0.54463190, 0.55884641, 0.50744826, 0.61003828, 0.16515799, 0.43265101, 0.45511284)
(0.70254397, 0.29682562, 0.43983981, 0.36354950, 0.57589817, 0.22106561, 0.29897964, 0.27871063, 0.52029097, 0.24407089)
(0.62160456, 0.46664715, 0.14045580, 0.50891060, 0.63278967, 0.45670074, 0.38240924, 0.32064712, 0.71729022, 0.17448470)
(0.63405401, 0.86775273, 0.59505188, 0.62884909, 0.67558163, 0.85329187, 0.72482550, 0.34382659, 0.12787090, 0.73543483)
(0.73257011, 0.72325307, 0.38294557, 0.91522300, 0.38742033, 0.82300252, 0.88022918, 0.59318203, 0.18072116, 0.81811219)
(0.84130472, 0.27961722, 0.40304989, 0.55180889, 0.76683933, 0.54380822, 0.78445375, 0.50747168, 0.19120459, 0.47255620)
(0.67237192, 0.34130681, 0.27039286, 0.57911813, 0.55765671, 0.47146231, 0.55988002, 0.49365360, 0.56172508, 0.31879696)
(0.45779291, 0.44539067, 0.52727437, 0.65776587, 0.26067013, 0.43943432, 0.44355065, 0.48470235, 0.54771608, 0.53196073)
(0.74221897, 0.58013481, 0.41544563, 0.50380892, 0.74152452, 0.65245402, 0.68634057, 0.31002325, 0.26764497, 0.48084593)
(0.51976180, 0.39898261, 0.53875268, 0.23269995, 0.62210566, 0.28540769, 0.19608386, 0.30954456, 0.52453589, 0.21787700)
(0.69493783, 0.57405925, 0.29078472, 0.75985223, 0.57031155, 0.75309777, 0.79080874, 0.58346212, 0.32456976, 0.60849696)
(0.53576064, 0.46952054, 0.16501828, 0.63160098, 0.54987049, 0.58647043, 0.47313112, 0.53580105, 0.69083136, 0.26919469)
(0.84510195, 0.35902762, 0.19232196, 0.79963738, 0.61305392, 0.60203916, 0.84682405, 0.45428702, 0.38810679, 0.47937384)
(0.68147629, 0.57094795, 0.45016041, 0.45305830, 0.49479651, 0.31758058, 0.36822197, 0.09917090, 0.56461012, 0.32117295)
(0.88019019, 0.23055081, 0.30196622, 0.64802915, 0.56556910, 0.25771633, 0.64134526, 0.25544411, 0.43589449, 0.33670786)
(0.55871737, 0.54030615, 0.30913460, 0.45781308, 0.78457278, 0.77317232, 0.57088089, 0.70682597, 0.29515892, 0.42355719)
(0.67678118, 0.32883832, 0.39909849, 0.35416460, 0.70843786, 0.42371106, 0.46598864, 0.46857926, 0.39761448, 0.30527967)
(0.79437935, 0.26374620, 0.43160269, 0.41058037, 0.73605585, 0.38352594, 0.58543265, 0.43148381, 0.28490543, 0.35167307)
(0.89476508, 0.18955834, 0.09376512, 0.52301496, 0.86294854, 0.40385085, 0.64805311, 0.42672554, 0.43160334, 0.14338511)
(0.77053821, 0.18174084, 0.29414201, 0.44986841, 0.71212339, 0.36100379, 0.52582794, 0.58536261, 0.42727435, 0.23886657)
(0.51507288, 0.73985666, 0.37281132, 0.42032695, 0.80616027, 0.82194501, 0.51984346, 0.53749770, 0.25023124, 0.46789747)
(0.83535546, 0.56657094, 0.48672885, 0.69856864, 0.73095620, 0.74868590, 0.87177473, 0.43602407, 0.10339852, 0.70291579)
(0.77930945, 0.69852352, 0.44296828, 0.59461862, 0.74777710, 0.73394287, 0.78271651, 0.24077252, 0.18081763, 0.59422243)
(0.40310729, 0.43291849, 0.30948329, 0.46079141, 0.53099185, 0.50371140, 0.30159521, 0.63526231, 0.64615780, 0.27547881)
(0.67106444, 0.53414518, 0.22538190, 0.66390371, 0.68536788, 0.74462444, 0.71750689, 0.59387755, 0.37309900, 0.47674963)
(0.80097109, 0.40632814, 0.28707597, 0.57583690, 0.75644726, 0.60121429, 0.74721378, 0.41277385, 0.29114750, 0.43972036)
(0.69748539, 0.48600411, 0.14383949, 0.65409935, 0.70424420, 0.67527044, 0.67364281, 0.48743227, 0.51401836, 0.33757526)
(0.63456345, 0.33991304, 0.45934987, 0.62186712, 0.42858234, 0.45885143, 0.60013705, 0.53336912, 0.47196978, 0.47182038)
(0.85589969, 0.35656068, 0.62422448, 0.48646599, 0.76644391, 0.51763976, 0.77716881, 0.36829486, 0.11449926, 0.55742657)
(0.68202317, 0.38010871, 0.56133604, 0.59634167, 0.39171946, 0.33647057, 0.52705592, 0.30407566, 0.43519109, 0.50336289)
(0.87581182, 0.30734703, 0.20406044, 0.40696815, 0.81301713, 0.30522764, 0.52504599, 0.19989985, 0.40325910, 0.18982296)
(0.61638296, 0.54029340, 0.27893355, 0.56571394, 0.59654605, 0.59205848, 0.57688242, 0.39046177, 0.51665485, 0.39706656)
(0.82676440, 0.29169199, 0.16725534, 0.94333655, 0.24614108, 0.46187505, 0.81682467, 0.45602870, 0.59551442, 0.50227439)
(0.59731066, 0.78493720, 0.20069656, 0.33946693, 0.92266923, 0.84356689, 0.46920455, 0.35671905, 0.26358867, 0.28555340)
(0.82961065, 0.27048433, 0.32987162, 0.92858762, 0.25383988, 0.44937152, 0.83595735, 0.53808182, 0.39311522, 0.63414490)
(0.69139564, 0.60670614, 0.56288904, 0.46452552, 0.65774918, 0.60330212, 0.63006830, 0.28536195, 0.26667008, 0.52062774)
(0.53382266, 0.69580877, 0.30117831, 0.54325253, 0.60969269, 0.68088776, 0.50941235, 0.36760074, 0.50374722, 0.41286278)
(0.82672733, 0.49260667, 0.82447618, 0.53876245, 0.58780843, 0.47927260, 0.74151218, 0.24541295, 0.09958955, 0.68701291)
(0.38524365, 0.55983216, 0.38808236, 0.36888924, 0.68103248, 0.68486518, 0.35779530, 0.70723218, 0.42482904, 0.36594051)
(0.64111364, 0.57934755, 0.41079551, 0.52982986, 0.75391024, 0.78095269, 0.68742079, 0.64626485, 0.20106548, 0.56309634)
(0.71075082, 0.49177516, 0.39910716, 0.62804794, 0.62177265, 0.66214502, 0.74249136, 0.51058465, 0.28841436, 0.56504649)
(0.50001973, 0.89391249, 0.46592739, 0.62450629, 0.53372812, 0.81921160, 0.55953681, 0.28159577, 0.34717718, 0.60560006)
(0.78875023, 0.25575563, 0.14023399, 0.87344021, 0.44782320, 0.54605085, 0.78387362, 0.62677252, 0.60010487, 0.37778670)
(0.81516856, 0.29812953, 0.56664109, 0.42209101, 0.65840220, 0.29751357, 0.54642457, 0.27910718, 0.27663660, 0.38849723)
(0.84101981, 0.24163145, 0.48249990, 0.78887349, 0.57702595, 0.57306051, 0.85177404, 0.69438082, 0.14918025, 0.65329790)
(0.65791303, 0.45916769, 0.29800588, 0.53717715, 0.68883204, 0.64134216, 0.63544989, 0.52793777, 0.39392570, 0.41824511)
(0.89337051, 0.11135359, 0.45327401, 0.15679564, 0.94758093, 0.26587498, 0.43866199, 0.48749724, 0.10971951, 0.16844821)
(0.82033283, 0.30390835, 0.46511307, 0.69223779, 0.56839502, 0.49353856, 0.79435241, 0.47940502, 0.24060158, 0.56604785)
(0.92064720, 0.11997344, 0.24633855, 0.75180191, 0.54708260, 0.20964853, 0.71219444, 0.34031340, 0.42696002, 0.29244450)
(0.71037209, 0.40085271, 0.34971586, 0.47622430, 0.71316749, 0.55132157, 0.62509048, 0.43916705, 0.36453569, 0.39187175)
(0.55353951, 0.18309654, 0.40943363, 0.38001755, 0.67580295, 0.40705812, 0.33263314, 0.77694380, 0.44074482, 0.24510831)
(0.58825833, 0.36559102, 0.30475584, 0.48143929, 0.72797078, 0.68076861, 0.57246798, 0.78198385, 0.35893995, 0.37563702)
(0.65484494, 0.63216090, 0.48426676, 0.43700162, 0.80955571, 0.78319156, 0.65199918, 0.55053324, 0.16109081, 0.54456693)
(0.67059988, 0.42243162, 0.33325776, 0.92683607, 0.17496805, 0.52944487, 0.74012071, 0.57919991, 0.48847178, 0.66638738)
(0.61002004, 0.45616749, 0.49595812, 0.64536124, 0.51688749, 0.65357667, 0.67926711, 0.68014091, 0.28228560, 0.60654312)
(0.33625343, 0.80893046, 0.29843578, 0.27076295, 0.64467126, 0.51307636, 0.14000568, 0.13682219, 0.70335460, 0.18022573)
(0.72663319, 0.45019919, 0.26873404, 0.90034413, 0.32503384, 0.65798616, 0.81304437, 0.63536698, 0.42937705, 0.63317263)
(0.46191061, 0.83540875, 0.41950366, 0.66000354, 0.31468329, 0.55961180, 0.38260403, 0.11897019, 0.59536105, 0.49993348)
(0.57111216, 0.42104900, 0.28950471, 0.36382756, 0.83114558, 0.71171194, 0.50007600, 0.74424589, 0.31096053, 0.31901500)
(0.63984805, 0.21035212, 0.22055496, 0.42853108, 0.67139876, 0.35573786, 0.34711015, 0.61882895, 0.61283946, 0.16155699)
(0.35036924, 0.66958833, 0.37153929, 0.33254060, 0.69913960, 0.69519788, 0.29682112, 0.58739108, 0.45369455, 0.34082183)
(0.69030541, 0.69569868, 0.43244782, 0.34305099, 0.91431981, 0.84392631, 0.63065022, 0.51986778, 0.10862036, 0.47644863)
(0.81904078, 0.17924245, 0.29467461, 0.48835224, 0.76228887, 0.42254040, 0.64843524, 0.59848404, 0.32999727, 0.28642014)
(0.73305017, 0.31119767, 0.28590411, 0.51081055, 0.77061260, 0.62476754, 0.68526703, 0.63389051, 0.31938550, 0.37272730)
(0.76127738, 0.31712693, 0.09413771, 0.77074146, 0.63570160, 0.59793454, 0.71132421, 0.57769918, 0.62202013, 0.26498926)
(0.48559201, 0.58101213, 0.27094153, 0.52845109, 0.76130706, 0.82982022, 0.56356698, 0.82337987, 0.30022535, 0.44903338)
(0.77514750, 0.47022200, 0.56317407, 0.33287063, 0.82232362, 0.56329262, 0.61464882, 0.32699022, 0.17477137, 0.42226076)
(0.78808814, 0.76811159, 0.64383632, 0.49728563, 0.67604387, 0.61643565, 0.68585289, 0.09962288, 0.18864937, 0.57209957)
(0.70272201, 0.43046662, 0.33133495, 0.87002212, 0.23614064, 0.44974068, 0.69257635, 0.37271523, 0.52518547, 0.58670479)
(0.49763089, 0.47094160, 0.40156460, 0.22774084, 0.69133139, 0.34433836, 0.19281743, 0.29019514, 0.57538331, 0.17611161)
(0.86061245, 0.25057977, 0.78265703, 0.77217191, 0.33688262, 0.24208187, 0.69950557, 0.28013471, 0.16591948, 0.70352650)
(0.55954194, 0.57287157, 0.13575344, 0.75720865, 0.69909728, 0.84471929, 0.67229795, 0.83703673, 0.38835093, 0.44713902)
(0.80535805, 0.48534092, 0.43331638, 0.57154202, 0.69942045, 0.57536477, 0.74999189, 0.30386084, 0.24585371, 0.51569825)
(0.71465880, 0.36572030, 0.09787077, 0.66153598, 0.73167968, 0.63552284, 0.64286274, 0.57187992, 0.58860540, 0.23416282)
(0.80323339, 0.29286471, 0.33114746, 0.62971079, 0.69338191, 0.57304138, 0.77756900, 0.58082217, 0.27399200, 0.46796435)
(0.54384905, 0.65860093, 0.32549682, 0.56263906, 0.65174544, 0.74544829, 0.58796382, 0.52377117, 0.37832373, 0.49111411)
(0.38102928, 0.85990649, 0.45605907, 0.34356967, 0.71349400, 0.77001506, 0.31043121, 0.31352052, 0.38271669, 0.40673783)
(0.78236526, 0.31459481, 0.55841106, 0.35751030, 0.77456510, 0.43818206, 0.59329212, 0.40346846, 0.20437367, 0.39955783)
(0.64032477, 0.58421612, 0.76905638, 0.50614989, 0.60832310, 0.67006218, 0.66500813, 0.56156367, 0.11002675, 0.71206295)
(0.32561710, 0.59436888, 0.23346332, 0.57490325, 0.58882010, 0.78198951, 0.37195161, 0.83334148, 0.54532325, 0.34577358)
(0.57275146, 0.76956332, 0.12893394, 0.87003022, 0.25687745, 0.55166668, 0.51170492, 0.13224383, 0.76476526, 0.41648093)
(0.82119429, 0.21183299, 0.19617270, 0.88855481, 0.55200773, 0.68907803, 0.87380105, 0.85152811, 0.29958197, 0.53574997)
(0.67116290, 0.37913236, 0.16360030, 0.29763699, 0.80319190, 0.38560742, 0.30020738, 0.32266170, 0.59701210, 0.11929234)
(0.59592837, 0.44638357, 0.12633164, 0.54329890, 0.76792383, 0.69825125, 0.54026657, 0.64696383, 0.54857093, 0.24489306)
(0.73085696, 0.73586524, 0.66394550, 0.65766770, 0.62165326, 0.76044571, 0.79796016, 0.36568999, 0.10702504, 0.75257993)
(0.88925308, 0.48597860, 0.45122004, 0.71263880, 0.68425393, 0.58916104, 0.87543535, 0.23898220, 0.14909086, 0.62961978)
(0.80645216, 0.09207700, 0.14439395, 0.89853281, 0.36472747, 0.33675477, 0.69701779, 0.76574481, 0.65329266, 0.26879361)
(0.64976501, 0.63985807, 0.34118959, 0.48585504, 0.56311506, 0.47504136, 0.46772271, 0.14774263, 0.57616371, 0.33179513)
(0.73826945, 0.24856430, 0.23408186, 0.87432092, 0.36777216, 0.55325562, 0.76894563, 0.73389167, 0.51133722, 0.47509080)
(0.74407798, 0.46882895, 0.39147317, 0.48135945, 0.62758374, 0.43776643, 0.57060856, 0.25213474, 0.42762128, 0.37677124)
(0.62013799, 0.39590722, 0.18545401, 0.48474979, 0.59209716, 0.38969678, 0.35301211, 0.35581696, 0.70418680, 0.17924899)
(0.68494099, 0.45539540, 0.29869843, 0.88393867, 0.39050773, 0.71923220, 0.79929322, 0.75699568, 0.33036074, 0.66075289)
(0.77182287, 0.33211154, 0.43505335, 0.35033190, 0.65991110, 0.25067034, 0.37416217, 0.22471583, 0.43766460, 0.25377759)
(0.71774322, 0.56871188, 0.37082976, 0.54188204, 0.63409561, 0.55534953, 0.63482642, 0.24362740, 0.41267556, 0.43485320)
(0.59470373, 0.68707323, 0.41982219, 0.66641873, 0.61273247, 0.81169814, 0.72464019, 0.61772066, 0.23632896, 0.65519637)
(0.80775923, 0.31936431, 0.28968242, 0.30660951, 0.66696185, 0.12531537, 0.18278693, 0.08363661, 0.61842006, 0.11299290)
(0.77167314, 0.79185480, 0.47999793, 0.75171793, 0.53767288, 0.69879836, 0.79822820, 0.16889893, 0.21253379, 0.70172906)
(0.78031486, 0.68476135, 0.65231180, 0.57656264, 0.68931067, 0.69659352, 0.78490925, 0.25899175, 0.11657934, 0.67613912)
(0.80511963, 0.17935495, 0.39881662, 0.44113842, 0.75029927, 0.39192879, 0.61486804, 0.59021026, 0.27789840, 0.32337365)
(0.65478826, 0.36953059, 0.24114686, 0.69455266, 0.57846493, 0.65575713, 0.68858182, 0.71122158, 0.46656051, 0.42370987)
(0.64577764, 0.74739516, 0.76503342, 0.77732217, 0.35774067, 0.71309447, 0.73676699, 0.47311845, 0.11473279, 0.84193671)
(0.82458287, 0.26112470, 0.33381042, 0.37409979, 0.86305624, 0.50983524, 0.65441293, 0.47700906, 0.22511375, 0.31026646)
(0.61112070, 0.72347206, 0.73965043, 0.64004564, 0.61448509, 0.82280970, 0.74617738, 0.71540385, 0.06114675, 0.82617003)
(0.55171102, 0.56639725, 0.19298285, 0.36854431, 0.62346637, 0.33981284, 0.21407171, 0.14883463, 0.73927194, 0.14501259)
(0.76468152, 0.73656130, 0.30318385, 0.75384641, 0.70411819, 0.81086797, 0.83137321, 0.37706691, 0.20171617, 0.66530687)
(0.70279372, 0.48329058, 0.45537856, 0.54286027, 0.73930758, 0.73043674, 0.73296589, 0.64540839, 0.17671539, 0.57170397)
(0.48863506, 0.82373244, 0.47624204, 0.33886066, 0.79152870, 0.77652442, 0.39195004, 0.35771492, 0.25500992, 0.43134269)
(0.55215061, 0.19252230, 0.24813563, 0.44929871, 0.55957514, 0.26662526, 0.22685161, 0.62624818, 0.71209556, 0.14594813)
(0.76006365, 0.19605993, 0.30184004, 0.39470437, 0.75494856, 0.38162321, 0.50425434, 0.58819252, 0.39885727, 0.23199777)
(0.91623431, 0.20251800, 0.46810803, 0.55402863, 0.64353120, 0.17966624, 0.60992068, 0.18303047, 0.26931545, 0.35450986)
(0.86027426, 0.55442280, 0.62227964, 0.48627299, 0.85815370, 0.72512674, 0.82695436, 0.35538757, 0.06004441, 0.62444723)
(0.70452148, 0.37711245, 0.35633230, 0.67515939, 0.44685477, 0.45752114, 0.64909679, 0.41072741, 0.50932640, 0.45177689)
(0.62638414, 0.21662600, 0.54247725, 0.29308593, 0.62013024, 0.24831490, 0.26879713, 0.49235451, 0.45166239, 0.24537064)
(0.79633355, 0.23219065, 0.32048088, 0.56140924, 0.62085903, 0.36603189, 0.61761326, 0.46270001, 0.42694479, 0.32215077)
(0.86605942, 0.47417018, 0.65564704, 0.72491175, 0.50617671, 0.47224277, 0.81895173, 0.21928415, 0.14813584, 0.69270653)
(0.76739722, 0.31649324, 0.19482192, 0.90502810, 0.26482901, 0.45186082, 0.74491972, 0.44521758, 0.62932950, 0.46098730)
(0.83283597, 0.45681301, 0.43287301, 0.40032127, 0.77603745, 0.43528605, 0.61782926, 0.19328073, 0.27663109, 0.35549226)
(0.78849208, 0.32919019, 0.40972087, 0.56846094, 0.54774797, 0.34423643, 0.60075623, 0.30602020, 0.41503188, 0.40970331)
(0.37077335, 0.48786935, 0.54730427, 0.75165218, 0.18393403, 0.46956223, 0.40317008, 0.61695218, 0.54942852, 0.61290789)
(0.70648009, 0.55763000, 0.33983919, 0.26321286, 0.93031496, 0.75804132, 0.53836191, 0.43159655, 0.17646080, 0.29526457)
(0.78545099, 0.59417099, 0.54558450, 0.47933882, 0.70776051, 0.56307042, 0.68665212, 0.19214498, 0.23126900, 0.50488514)
(0.71222121, 0.36488643, 0.37979355, 0.55726218, 0.59639812, 0.50071055, 0.65105206, 0.46441954, 0.40361196, 0.43452096)
(0.74257815, 0.28632358, 0.32506514, 0.90857059, 0.20098211, 0.39956546, 0.72997600, 0.49112025, 0.52626640, 0.57103735)
(0.75248945, 0.42671707, 0.54147130, 0.71642733, 0.40345430, 0.45272619, 0.70974654, 0.34872901, 0.31214300, 0.61842114)
(0.83574754, 0.11544929, 0.31407872, 0.83670437, 0.34501311, 0.24719961, 0.68454039, 0.55361623, 0.52569580, 0.37031808)
(0.68699551, 0.29942277, 0.52829045, 0.61952519, 0.58620191, 0.57730806, 0.68179303, 0.73427814, 0.22962467, 0.56507117)
(0.45949998, 0.64942771, 0.10174786, 0.54783893, 0.71304357, 0.72193581, 0.39876458, 0.50382453, 0.68063372, 0.21756813)
(0.77692598, 0.68495727, 0.35865909, 0.63275731, 0.67070580, 0.64193296, 0.74047446, 0.17773183, 0.31038323, 0.51962423)
(0.57711965, 0.71228963, 0.22548258, 0.69295460, 0.34724763, 0.43199235, 0.40606573, 0.09186745, 0.72434157, 0.35075882)
(0.69441897, 0.66654181, 0.30160037, 0.41418478, 0.77632797, 0.61286968, 0.51957124, 0.17762724, 0.42658526, 0.30524454)
(0.80120808, 0.16551945, 0.35366341, 0.67073631, 0.53106779, 0.35749573, 0.68507284, 0.57561749, 0.40573022, 0.37040395)
(0.72397238, 0.72579324, 0.37400541, 0.64010239, 0.66562331, 0.70716429, 0.72750545, 0.24819025, 0.28788632, 0.56328702)
(0.53416675, 0.40264845, 0.30014706, 0.33738521, 0.64076930, 0.37967649, 0.27172175, 0.40087306, 0.62294054, 0.19392367)
(0.77484906, 0.44625804, 0.51619136, 0.52468997, 0.64500445, 0.51030064, 0.70280975, 0.32162729, 0.26395771, 0.51030272)
(0.80470574, 0.17965090, 0.35604087, 0.73097074, 0.31829900, 0.13280182, 0.41711822, 0.21463138, 0.61575586, 0.34667882)
(0.62117445, 0.35765532, 0.14175749, 0.25699809, 0.86270112, 0.46563286, 0.27989963, 0.46548906, 0.56658399, 0.10453830)
(0.64960188, 0.34608406, 0.30163807, 0.49259284, 0.70318174, 0.60419142, 0.60523891, 0.64260745, 0.40748787, 0.35809973)
(0.91733027, 0.57175303, 0.35960093, 0.58865178, 0.82698447, 0.55415207, 0.82572758, 0.09590397, 0.17907016, 0.46664155)
(0.77450222, 0.32880875, 0.45660171, 0.22577848, 0.86425585, 0.41844913, 0.46209377, 0.35784113, 0.23725766, 0.25320166)
(0.39927864, 0.58189046, 0.40149152, 0.89706343, 0.10339569, 0.51260662, 0.48211467, 0.53320825, 0.61975396, 0.65879965)
(0.85868907, 0.46357119, 0.37853438, 0.53743684, 0.74587125, 0.48657379, 0.73456836, 0.19918886, 0.26829794, 0.42999923)
(0.68632948, 0.62744272, 0.14008491, 0.76068938, 0.73865169, 0.85045677, 0.78307647, 0.66295862, 0.33794370, 0.50291568)
(0.61776102, 0.05550597, 0.26961854, 0.67927206, 0.53972328, 0.27280676, 0.32818702, 0.91358083, 0.56790584, 0.18415566)
(0.74615890, 0.25129214, 0.42295659, 0.38253000, 0.69219887, 0.34291178, 0.48480389, 0.46202555, 0.36840391, 0.30243322)
(0.33639008, 0.78477085, 0.51455212, 0.62067616, 0.30659389, 0.65564948, 0.37822041, 0.38969901, 0.51682895, 0.59192115)
(0.82262880, 0.23307571, 0.27366751, 0.11543661, 0.95617747, 0.35623455, 0.32413742, 0.38298368, 0.21590033, 0.10361148)
(0.54967600, 0.34355840, 0.23267125, 0.76157802, 0.33305904, 0.47551385, 0.49998701, 0.60982847, 0.70361036, 0.35106739)
(0.66931766, 0.67375785, 0.25185260, 0.45015264, 0.85142106, 0.77310634, 0.59773737, 0.38045582, 0.28996146, 0.37386513)
(0.84146887, 0.32642496, 0.53815448, 0.71330208, 0.51733851, 0.43533060, 0.79087317, 0.36426291, 0.21855263, 0.60790986)
(0.66625589, 0.43603677, 0.42674911, 0.44410110, 0.53552902, 0.35475531, 0.42295766, 0.26189882, 0.52290004, 0.33799911)
(0.67203063, 0.17133349, 0.46832523, 0.89655977, 0.15474027, 0.26703790, 0.57149529, 0.60954416, 0.54287064, 0.57603925)
(0.42052653, 0.47468260, 0.18432234, 0.49507883, 0.70492935, 0.70220804, 0.38728362, 0.78385729, 0.55542952, 0.26504692)
(0.75989997, 0.72568220, 0.48833439, 0.53927422, 0.84675193, 0.84246993, 0.78190207, 0.44162208, 0.09322411, 0.64124894)
(0.54903305, 0.56192386, 0.71363330, 0.30793145, 0.76541156, 0.69421315, 0.48479173, 0.63628489, 0.13353547, 0.54721940)
(0.61243439, 0.59181291, 0.33163556, 0.34954736, 0.71208704, 0.51064581, 0.39894077, 0.22345476, 0.51725739, 0.25710097)
(0.80883116, 0.17128639, 0.32604003, 0.38943258, 0.78918314, 0.36462623, 0.54967713, 0.57820642, 0.32398477, 0.24526307)
(0.59555948, 0.17014262, 0.56339198, 0.71085525, 0.37606937, 0.35118771, 0.45546609, 0.81195015, 0.39170140, 0.49077323)
(0.69961876, 0.64426088, 0.68002468, 0.32774153, 0.78627378, 0.65298325, 0.57282686, 0.30249462, 0.14739238, 0.51119310)
(0.83990407, 0.19168375, 0.56824547, 0.62704235, 0.48788461, 0.22342989, 0.59376925, 0.33608580, 0.32012147, 0.45615995)
(0.71505404, 0.81894314, 0.37036279, 0.39665112, 0.59274805, 0.32341588, 0.27551311, 0.01528965, 0.62722778, 0.21936810)
(0.24726480, 0.76832473, 0.18426284, 0.40077358, 0.56761134, 0.59820867, 0.14905033, 0.30806044, 0.76984322, 0.20865503)
(0.67326981, 0.60924953, 0.43307522, 0.50020993, 0.59747028, 0.54272264, 0.57593834, 0.22163518, 0.43367794, 0.43308863)
(0.75443608, 0.50151402, 0.57426572, 0.41020209, 0.83247536, 0.71493024, 0.71353710, 0.53412485, 0.10658525, 0.55026984)
(0.77199668, 0.36525002, 0.35058960, 0.72711730, 0.48043376, 0.48314038, 0.74501407, 0.39485675, 0.41699663, 0.50816411)
(0.80832744, 0.59504938, 0.62291950, 0.37873742, 0.81332684, 0.60226017, 0.67032743, 0.21321681, 0.13942683, 0.49632680)
(0.76121545, 0.43107921, 0.25939450, 0.79911172, 0.38871557, 0.46860757, 0.71329892, 0.29905972, 0.55319697, 0.47611341)
(0.60486639, 0.77048618, 0.56002188, 0.68608129, 0.50244844, 0.76015645, 0.70705175, 0.42555499, 0.21719892, 0.71641380)
(0.55505520, 0.35100690, 0.18446445, 0.56408906, 0.56889176, 0.48227787, 0.40416455, 0.57573980, 0.69517481, 0.21840087)
(0.80160284, 0.61926216, 0.55013251, 0.47549728, 0.67855692, 0.50461918, 0.66216934, 0.12726896, 0.27077204, 0.47574127)
(0.70210201, 0.56520414, 0.47159648, 0.66794384, 0.53266901, 0.63767153, 0.75113094, 0.40385538, 0.27800450, 0.62789017)
(0.80029917, 0.35382891, 0.84716094, 0.60051280, 0.43622497, 0.34124252, 0.64790195, 0.30653757, 0.13501309, 0.68618864)
(0.37590766, 0.59220695, 0.14045008, 0.66985404, 0.44437984, 0.60287690, 0.32605430, 0.49853304, 0.77528149, 0.26522177)
(0.85078585, 0.55382419, 0.68655092, 0.46994972, 0.74256527, 0.53540796, 0.74657714, 0.17986542, 0.12298381, 0.57307106)
(0.79495746, 0.32693094, 0.22218771, 0.72492594, 0.60361624, 0.52838409, 0.74824506, 0.46511346, 0.45079011, 0.39947706)
(0.66063184, 0.38279223, 0.09221472, 0.70332801, 0.68542826, 0.66664368, 0.62660497, 0.64701480, 0.62971514, 0.24408188)
(0.65213025, 0.29634136, 0.26469359, 0.77013320, 0.37884095, 0.47672439, 0.61629003, 0.61442614, 0.62179601, 0.38601568)
(0.59523058, 0.30518463, 0.31430510, 0.62142593, 0.32137948, 0.22804463, 0.30642703, 0.27908048, 0.71645719, 0.30140275)
(0.91633028, 0.09697661, 0.51238143, 0.61282820, 0.74340308, 0.29454640, 0.77350599, 0.53940701, 0.13351186, 0.44033670)
(0.55741322, 0.19744593, 0.49946216, 0.78956026, 0.22675110, 0.29327911, 0.43986443, 0.67642647, 0.56437570, 0.50931257)
(0.77687961, 0.40404081, 0.48665243, 0.50511086, 0.65986508, 0.48023662, 0.68373865, 0.33564344, 0.28367987, 0.47177798)
(0.67127973, 0.38983980, 0.42572296, 0.28059801, 0.67313111, 0.28208661, 0.28524950, 0.23826128, 0.49966443, 0.20906392)
(0.68698108, 0.41160327, 0.28266302, 0.88197368, 0.26179346, 0.53652847, 0.72533703, 0.53240716, 0.54452008, 0.56274992)
(0.85983437, 0.49940503, 0.82289743, 0.54549676, 0.58133143, 0.40733498, 0.72576523, 0.16237611, 0.10755555, 0.66088665)
(0.89664578, 0.05390798, 0.34151125, 0.75552213, 0.48706526, 0.14470962, 0.61642331, 0.56392807, 0.42322141, 0.27208096)
(0.74217212, 0.28865260, 0.41280639, 0.31297719, 0.69463271, 0.26166716, 0.35306928, 0.30692896, 0.43230078, 0.22950450)
(0.85075676, 0.38791779, 0.22991771, 0.72871655, 0.56759244, 0.43700331, 0.75181389, 0.24098559, 0.45873198, 0.41719240)
(0.55668151, 0.34823412, 0.20822005, 0.73107022, 0.48058888, 0.61248207, 0.56734043, 0.76226753, 0.61078775, 0.35509524)
(0.68820393, 0.26329479, 0.32671991, 0.26768398, 0.77781826, 0.33060497, 0.32705843, 0.45726028, 0.44332936, 0.17896613)
(0.91396803, 0.31439790, 0.27459669, 0.90777135, 0.40739331, 0.41038299, 0.88059223, 0.24872324, 0.31841120, 0.61450410)
(0.86808568, 0.53201240, 0.44574979, 0.65123451, 0.63375020, 0.49354577, 0.79866982, 0.14258085, 0.24781622, 0.54246813)
(0.73124570, 0.45712513, 0.22022845, 0.73187155, 0.57326847, 0.63582742, 0.75103766, 0.49091384, 0.46721411, 0.45997816)
(0.76271296, 0.62236220, 0.24894051, 0.80747759, 0.64646208, 0.81087571, 0.85388875, 0.56335098, 0.24405108, 0.65561670)
(0.61516351, 0.87683219, 0.58996189, 0.71581572, 0.61810398, 0.88149184, 0.77329367, 0.45507911, 0.10847646, 0.80060190)
(0.84143728, 0.04529191, 0.45824519, 0.63567090, 0.64659721, 0.23504965, 0.60311186, 0.79785639, 0.26404902, 0.30428353)
(0.74328041, 0.49808079, 0.27022889, 0.87834412, 0.32239947, 0.58192289, 0.77647609, 0.43491820, 0.48270169, 0.59721202)
(0.64524138, 0.47789139, 0.07830459, 0.59256637, 0.77946126, 0.67658120, 0.55065489, 0.50683892, 0.63457912, 0.19695926)
(0.70594925, 0.28291583, 0.12500340, 0.34807044, 0.81874061, 0.40375370, 0.34345245, 0.46026900, 0.60542113, 0.10521873)
(0.59406781, 0.40745458, 0.46029907, 0.43516493, 0.61914861, 0.53697705, 0.53163218, 0.54895532, 0.38882041, 0.42314583)
(0.72697926, 0.32866532, 0.41387296, 0.70373750, 0.57011944, 0.62581921, 0.76440293, 0.71274495, 0.25599539, 0.57542896)
(0.78791517, 0.67965150, 0.73010999, 0.40558910, 0.69310439, 0.54235649, 0.63353306, 0.13299438, 0.16434962, 0.54945141)
(0.49531493, 0.85985076, 0.38324919, 0.28646696, 0.73318076, 0.61054689, 0.25008920, 0.08774501, 0.54303861, 0.24117340)
(0.63860071, 0.47313607, 0.51421630, 0.29693803, 0.67430437, 0.41011360, 0.39510855, 0.28187838, 0.41155609, 0.30877703)
(0.56766921, 0.04976688, 0.16177325, 0.68487114, 0.44676548, 0.14514405, 0.16580090, 0.85510749, 0.81396449, 0.09993028)
(0.75515223, 0.78343183, 0.63472492, 0.80186421, 0.49476314, 0.77637225, 0.85481107, 0.34431341, 0.10184659, 0.82743490)
(0.56675488, 0.25833482, 0.57863289, 0.25181836, 0.60126734, 0.23194169, 0.20143908, 0.42576712, 0.49362031, 0.22252737)
(0.70876765, 0.42307511, 0.29645079, 0.89381230, 0.22518621, 0.47554159, 0.71811873, 0.41519305, 0.53899843, 0.58846819)
(0.56070971, 0.65031999, 0.19636793, 0.64141065, 0.51884484, 0.59110940, 0.50593972, 0.30345073, 0.65739304, 0.34835950)
(0.65483677, 0.21764860, 0.56969929, 0.38561839, 0.58725053, 0.31549412, 0.40526801, 0.54778397, 0.38136277, 0.34352627)
(0.57975352, 0.56838292, 0.55176771, 0.65149331, 0.70821643, 0.85641664, 0.71643329, 0.89677048, 0.08585609, 0.72226107)
(0.51873094, 0.83001745, 0.72458619, 0.57955277, 0.42243743, 0.68089426, 0.54170471, 0.27629536, 0.24347353, 0.70338160)
(0.68735486, 0.06811758, 0.35556117, 0.33750439, 0.78330100, 0.27305856, 0.30755329, 0.83714157, 0.38149309, 0.15134956)
(0.58462936, 0.41401562, 0.14511032, 0.51614302, 0.62311608, 0.46977696, 0.36926940, 0.43503088, 0.72283328, 0.17271280)
(0.67607510, 0.68781227, 0.26352608, 0.68678039, 0.63592559, 0.71662569, 0.69900930, 0.36536884, 0.38813609, 0.52209860)
(0.76896989, 0.33139554, 0.28248119, 0.59547168, 0.53655392, 0.35688528, 0.55967736, 0.31406069, 0.54583645, 0.32037091)
(0.54437530, 0.55460960, 0.14754419, 0.60521859, 0.54775417, 0.54331154, 0.43317693, 0.32517344, 0.72839397, 0.24737182)
(0.74064755, 0.26475683, 0.25741932, 0.39803234, 0.80753535, 0.51327682, 0.56668228, 0.56653690, 0.37405512, 0.25279638)
(0.57758301, 0.45232394, 0.37412617, 0.39936692, 0.55353117, 0.37902567, 0.35091925, 0.30678448, 0.58866906, 0.28006127)
(0.85342962, 0.62653816, 0.41203699, 0.59317243, 0.67894244, 0.51098692, 0.74775428, 0.09391640, 0.29768941, 0.47873920)
(0.40684524, 0.51647508, 0.54017669, 0.71200138, 0.20978405, 0.47595587, 0.43033156, 0.50207835, 0.53973222, 0.57927090)
(0.43357214, 0.56561118, 0.34253761, 0.71645749, 0.24765500, 0.46922314, 0.39862022, 0.35391977, 0.68429554, 0.46024907)
(0.53405595, 0.44281361, 0.31453463, 0.49372330, 0.47997779, 0.41647989, 0.38084224, 0.37323967, 0.65024561, 0.29912668)
(0.81924295, 0.50350976, 0.19149178, 0.62992179, 0.68162847, 0.50230300, 0.69100487, 0.20001683, 0.47194341, 0.34589949)
(0.77742523, 0.59072340, 0.50229001, 0.70562261, 0.43265644, 0.47162011, 0.70134515, 0.16396871, 0.34906909, 0.59260058)
(0.76255703, 0.24248350, 0.34829304, 0.44775474, 0.68001795, 0.36787319, 0.53634697, 0.48808333, 0.40964672, 0.29091769)
(0.79953152, 0.19876207, 0.27222440, 0.64156973, 0.56502539, 0.36053598, 0.63827407, 0.50867146, 0.48837942, 0.30509061)
(0.51339960, 0.66224498, 0.48095018, 0.37361553, 0.73507452, 0.71798098, 0.47198245, 0.49844393, 0.29166701, 0.45428634)
(0.85292476, 0.52721286, 0.50851518, 0.71405220, 0.72075927, 0.72804177, 0.88635796, 0.44202808, 0.09214387, 0.71752715)
(0.67838579, 0.29728377, 0.43934444, 0.45465592, 0.69757235, 0.55494022, 0.61321944, 0.66529506, 0.29821211, 0.41588849)
(0.52027845, 0.65389591, 0.35992253, 0.61968160, 0.39897579, 0.54308832, 0.48433179, 0.28107315, 0.59047765, 0.45759022)
(0.85591841, 0.24271716, 0.21330824, 0.58564615, 0.80727637, 0.55151606, 0.77600414, 0.53012085, 0.29388887, 0.33827457)
(0.56744379, 0.55480325, 0.30205342, 0.42024201, 0.73757827, 0.65273786, 0.49143657, 0.46624556, 0.42431498, 0.34830770)
(0.54527146, 0.48260781, 0.46773791, 0.85303283, 0.15768997, 0.44203919, 0.57013953, 0.44345906, 0.51813871, 0.64685190)
(0.84094989, 0.48466137, 0.29874268, 0.73483229, 0.57445776, 0.51401013, 0.79978168, 0.20849156, 0.36251867, 0.52585751)
(0.77194810, 0.44868752, 0.36287996, 0.40918055, 0.64126605, 0.31398666, 0.42464912, 0.16042051, 0.49730062, 0.26527479)
(0.75897759, 0.31322715, 0.12033325, 0.72156268, 0.69729799, 0.64377666, 0.73531955, 0.64147526, 0.51993650, 0.30230746)
(0.48099473, 0.47145748, 0.39104608, 0.56584799, 0.59152091, 0.71503419, 0.53982872, 0.80824918, 0.35806820, 0.49048501)
(0.50602442, 0.59022945, 0.30390549, 0.65921342, 0.63400275, 0.82221496, 0.64440751, 0.82182181, 0.31207353, 0.54887545)
(0.68751651, 0.24727726, 0.24274245, 0.37542352, 0.69300008, 0.32483134, 0.34643340, 0.47010595, 0.58094960, 0.15937777)
(0.80111599, 0.60241586, 0.20096979, 0.44019973, 0.89867914, 0.70595384, 0.65553129, 0.22248498, 0.28582865, 0.29012474)
(0.70904654, 0.23615959, 0.35405269, 0.51279849, 0.58468258, 0.37942487, 0.53080374, 0.54585874, 0.47870740, 0.30907848)
(0.81256682, 0.12764893, 0.31480613, 0.69986773, 0.50998706, 0.30995917, 0.66212767, 0.60364187, 0.44755504, 0.32158285)
(0.75727612, 0.41784450, 0.52724421, 0.36008301, 0.83032268, 0.62398905, 0.65196198, 0.47938180, 0.15828404, 0.44672140)
(0.87229693, 0.29164624, 0.23099250, 0.65647250, 0.68684566, 0.42182904, 0.75243640, 0.32709855, 0.37171412, 0.36299077)
(0.76991928, 0.25215170, 0.30611253, 0.54716545, 0.65186679, 0.43724230, 0.63526583, 0.52604431, 0.42037198, 0.33188707)
(0.49736601, 0.52125084, 0.33259365, 0.44616410, 0.73145509, 0.74092168, 0.50965971, 0.73606002, 0.35076299, 0.40772700)
(0.93136531, 0.18481173, 0.28237063, 0.80844802, 0.58204252, 0.33766839, 0.85652930, 0.31783739, 0.28425455, 0.45316917)
(0.71455133, 0.06331052, 0.19575557, 0.66041493, 0.56948328, 0.24865025, 0.40649122, 0.82692641, 0.62097430, 0.15623017)
(0.70397997, 0.05146415, 0.28726646, 0.64645547, 0.65934318, 0.35505778, 0.47669977, 0.92677814, 0.39364165, 0.21188280)
(0.91188067, 0.12878267, 0.17338094, 0.88491952, 0.69826299, 0.63792878, 0.91761601, 0.83332735, 0.20077841, 0.49024272)
(0.77686864, 0.42977244, 0.29277876, 0.94183880, 0.25471416, 0.62928534, 0.85604441, 0.62508273, 0.36276442, 0.71323889)
(0.65535158, 0.54411256, 0.33736706, 0.23135254, 0.78746444, 0.39315772, 0.28651708, 0.16748098, 0.49890947, 0.16539228)
(0.88802487, 0.19780827, 0.44000208, 0.54798555, 0.71461886, 0.31407088, 0.71399814, 0.36037612, 0.21417986, 0.40796885)
(0.59893519, 0.68526542, 0.29050282, 0.93871439, 0.18328513, 0.71311462, 0.74763358, 0.58001423, 0.47511324, 0.72671288)
(0.86819565, 0.10331918, 0.49180940, 0.70369279, 0.52958590, 0.25635409, 0.70139766, 0.55309260, 0.28292695, 0.42435795)
(0.73948354, 0.45684201, 0.34165141, 0.69599217, 0.66869503, 0.73942697, 0.80394119, 0.66987342, 0.22653243, 0.59280825)
(0.83244300, 0.39121607, 0.73632568, 0.52222645, 0.65689290, 0.47451612, 0.74805593, 0.32646513, 0.11816823, 0.62028307)
(0.74106759, 0.31704581, 0.56931639, 0.67054230, 0.42060718, 0.40315700, 0.66608858, 0.44376209, 0.32928109, 0.56294149)
(0.42538735, 0.46012244, 0.30181691, 0.58034682, 0.67145687, 0.78633785, 0.46924376, 0.90736967, 0.33917639, 0.42569470)
(0.73589158, 0.44204432, 0.40454203, 0.59499317, 0.50548679, 0.42886186, 0.61795789, 0.27908126, 0.46006420, 0.45246857)
(0.66300780, 0.38024476, 0.35866210, 0.60604393, 0.47458512, 0.45483381, 0.58344316, 0.43472260, 0.53549957, 0.40532038)
(0.73864794, 0.44996753, 0.35167724, 0.56761497, 0.71725041, 0.65648317, 0.72575957, 0.50618225, 0.27873060, 0.49531248)
(0.74005157, 0.36363930, 0.18133682, 0.67666501, 0.65345734, 0.60520232, 0.71384645, 0.54295331, 0.49484131, 0.35574958)
(0.81715560, 0.41113448, 0.28001222, 0.38719395, 0.90114081, 0.64433753, 0.67231745, 0.35967734, 0.21932010, 0.30737948)
(0.92909414, 0.37404072, 0.68654627, 0.42005944, 0.79050106, 0.30109498, 0.71584928, 0.10152418, 0.11290532, 0.45089242)
(0.74780655, 0.56391150, 0.78461140, 0.68527025, 0.34955522, 0.43688792, 0.66211045, 0.22766776, 0.19266391, 0.72490114)
(0.58716875, 0.55694592, 0.50787187, 0.31905675, 0.53949684, 0.28687996, 0.23237605, 0.11866829, 0.57932335, 0.24713814)
(0.59040844, 0.37594372, 0.53026801, 0.56765145, 0.46093118, 0.49970692, 0.57124305, 0.58348095, 0.40139177, 0.51583302)
(0.40848416, 0.63971120, 0.24189022, 0.48090386, 0.74741781, 0.81241226, 0.45079792, 0.76048994, 0.40068537, 0.37629768)
(0.69501060, 0.55482405, 0.74457866, 0.67908478, 0.54360467, 0.68675649, 0.75348341, 0.62287259, 0.08765831, 0.78660512)
(0.89858276, 0.18427703, 0.77858835, 0.35399804, 0.74631697, 0.18729280, 0.53799707, 0.21783076, 0.11684167, 0.40684640)
(0.92842907, 0.09645346, 0.27546170, 0.75321394, 0.53591424, 0.16938348, 0.69244665, 0.34094214, 0.40737009, 0.28920740)
(0.90834355, 0.49649432, 0.27162319, 0.76360607, 0.61917067, 0.46017048, 0.83204591, 0.11268012, 0.32903424, 0.50431687)
(0.79021680, 0.53956610, 0.52610195, 0.48255453, 0.71854293, 0.55694467, 0.69678634, 0.23698501, 0.22815605, 0.49882653)
(0.75002962, 0.09197257, 0.34582540, 0.85211569, 0.26933101, 0.20868450, 0.54825628, 0.66048068, 0.60944337, 0.36021167)
(0.69505423, 0.33384401, 0.44221964, 0.33431512, 0.64917797, 0.30215231, 0.36748385, 0.32171252, 0.45120832, 0.26616755)
(0.59203976, 0.29716247, 0.31882262, 0.25067371, 0.74578714, 0.32968915, 0.24405734, 0.45754099, 0.53282094, 0.15448074)
(0.58692086, 0.53805572, 0.55121320, 0.64047211, 0.50793540, 0.68541312, 0.67296171, 0.66244328, 0.24009813, 0.65687299)
(0.40323269, 0.74587905, 0.39562479, 0.19593716, 0.90401918, 0.81020904, 0.27675769, 0.58818561, 0.22453417, 0.29852650)
(0.76256758, 0.27700910, 0.61193091, 0.36352095, 0.73827100, 0.41991979, 0.57622677, 0.46451539, 0.20341653, 0.42709547)
(0.88799477, 0.41492236, 0.47706869, 0.83114016, 0.39821509, 0.37582132, 0.81780672, 0.16518030, 0.25821555, 0.65175050)
(0.70425254, 0.36498204, 0.42008141, 0.18922395, 0.90337741, 0.53518176, 0.41889223, 0.44112223, 0.23097034, 0.22889030)
(0.45131528, 0.33812013, 0.54574579, 0.84131169, 0.12863758, 0.33786961, 0.42362821, 0.59407544, 0.57226044, 0.62826252)
(0.86361438, 0.36766064, 0.31829926, 0.58025962, 0.83853579, 0.66127408, 0.82482457, 0.45191631, 0.16126858, 0.48653632)
(0.61558986, 0.28801802, 0.36842260, 0.31103227, 0.68723887, 0.35003668, 0.32390231, 0.49361622, 0.50057727, 0.21468365)
(0.59344119, 0.50335479, 0.33016258, 0.51798952, 0.48473093, 0.43590608, 0.44803190, 0.27497780, 0.60835248, 0.34967771)
(0.86511219, 0.11440307, 0.30792794, 0.43442789, 0.81057340, 0.32966307, 0.61731267, 0.62644190, 0.27228665, 0.23500361)
(0.75912213, 0.45109200, 0.31172338, 0.56311911, 0.63679421, 0.49025357, 0.65077543, 0.30119741, 0.42548877, 0.40124896)
(0.74131978, 0.49503106, 0.34442937, 0.60351074, 0.67843926, 0.64898717, 0.73526853, 0.43999988, 0.30544668, 0.51620507)
(0.53553218, 0.41072139, 0.48551205, 0.57288754, 0.55255461, 0.64214867, 0.56604892, 0.76919848, 0.31690684, 0.52936685)
(0.83048850, 0.60568208, 0.61002368, 0.64708149, 0.61826485, 0.60123599, 0.82033718, 0.20666380, 0.14309968, 0.66986084)
(0.58713835, 0.31448042, 0.31888989, 0.64854360, 0.59664536, 0.66822898, 0.61441678, 0.84858465, 0.37132436, 0.44199011)
(0.37004697, 0.84786159, 0.50012678, 0.65575683, 0.32896098, 0.75054431, 0.45984197, 0.38751641, 0.47220722, 0.61843610)
(0.45338583, 0.13705423, 0.11941180, 0.60497153, 0.44524243, 0.20681246, 0.13190813, 0.71322089, 0.86824733, 0.08930998)
(0.72592175, 0.56909257, 0.85853148, 0.64088905, 0.43477932, 0.54530334, 0.70548207, 0.37584749, 0.09790479, 0.78805429)
(0.38937125, 0.73733884, 0.18930067, 0.59588939, 0.68554926, 0.86579680, 0.49423143, 0.74177700, 0.46055561, 0.38530257)
(0.64679104, 0.52888590, 0.16585353, 0.52820492, 0.61773396, 0.48143509, 0.45013541, 0.25965121, 0.67165631, 0.23169212)
(0.50727618, 0.57054257, 0.19124798, 0.52988577, 0.69910306, 0.71382332, 0.49207383, 0.59154385, 0.52903718, 0.32035273)
(0.69673806, 0.40112796, 0.46451852, 0.68801022, 0.40924770, 0.46889949, 0.66985363, 0.42839533, 0.41014889, 0.54905218)
(0.86224657, 0.06762766, 0.25014991, 0.52520144, 0.75531101, 0.27054435, 0.58931589, 0.70953774, 0.35470286, 0.18426548)
(0.78894156, 0.40012631, 0.65905255, 0.57210374, 0.63611549, 0.55761611, 0.76984894, 0.45261970, 0.13797787, 0.63959545)
(0.66978145, 0.31486255, 0.34141567, 0.19748141, 0.83775437, 0.35675770, 0.29049367, 0.39765799, 0.39680806, 0.16280866)
(0.56426799, 0.31522509, 0.50930446, 0.33749625, 0.48450136, 0.20858888, 0.20425989, 0.29896006, 0.60001284, 0.24081799)
(0.66834974, 0.28373837, 0.37053591, 0.62316591, 0.59198380, 0.58594340, 0.66435540, 0.75322145, 0.35422525, 0.45102274)
(0.62336487, 0.45589358, 0.22512051, 0.69295681, 0.56877732, 0.67937195, 0.67110717, 0.64572996, 0.49934205, 0.42740911)
(0.72636652, 0.60583657, 0.88091445, 0.82603562, 0.29087430, 0.58280313, 0.75030613, 0.50263870, 0.06273892, 0.89157307)
(0.57131869, 0.21839140, 0.61126882, 0.30620506, 0.59434813, 0.28699064, 0.27744040, 0.57012087, 0.42385641, 0.29205531)
(0.83358413, 0.21164019, 0.32670048, 0.55943429, 0.69498092, 0.40313375, 0.69209868, 0.50073081, 0.32819828, 0.34927526)
(0.72851127, 0.50739080, 0.22968596, 0.79265398, 0.45062679, 0.57307255, 0.72612703, 0.36928263, 0.53505015, 0.48125470)
(0.83931655, 0.38996583, 0.43314511, 0.67835194, 0.58707970, 0.48441121, 0.79281813, 0.30938914, 0.26434934, 0.55138165)
(0.51831532, 0.49204764, 0.18745899, 0.45608604, 0.68607211, 0.59394068, 0.40787774, 0.50251919, 0.62858415, 0.23073022)
(0.63839251, 0.12676288, 0.15751241, 0.49822202, 0.67476493, 0.32145095, 0.31363842, 0.76438540, 0.66901541, 0.11964577)
(0.86273158, 0.09769617, 0.48784909, 0.60315764, 0.69089013, 0.34243184, 0.72750330, 0.67463827, 0.19742653, 0.41090414)
(0.79691893, 0.25205562, 0.29756805, 0.64167339, 0.69091797, 0.57132268, 0.77027732, 0.64781052, 0.30676836, 0.42921865)
(0.82512414, 0.04456154, 0.74960190, 0.28448161, 0.83868021, 0.21887410, 0.39451683, 0.81287521, 0.09136780, 0.28908929)
(0.83851027, 0.44845983, 0.47569519, 0.58339149, 0.69523120, 0.53970391, 0.78096229, 0.28212926, 0.21032193, 0.53613782)
(0.68352574, 0.21905541, 0.49175617, 0.30430111, 0.68637598, 0.29134727, 0.34847438, 0.50648510, 0.39085573, 0.26098585)
(0.87901115, 0.22482511, 0.16668889, 0.78318667, 0.75427425, 0.65774328, 0.87767053, 0.69420731, 0.26676676, 0.43352535)
(0.90147489, 0.33487028, 0.35169086, 0.44492674, 0.88872445, 0.52940083, 0.76898015, 0.27631605, 0.15391724, 0.36786664)
(0.60767531, 0.29414225, 0.32051146, 0.58326739, 0.49695957, 0.45020854, 0.50987631, 0.60290706, 0.58118558, 0.33010405)
(0.64451545, 0.13802798, 0.27610585, 0.30605999, 0.68999308, 0.20274690, 0.19057082, 0.58641750, 0.61792201, 0.10282967)
(0.73688477, 0.54475951, 0.45611465, 0.54008800, 0.62290645, 0.54811466, 0.67292130, 0.26273412, 0.33592221, 0.49386969)
(0.62426913, 0.34257945, 0.42533454, 0.09552919, 0.94054151, 0.49537769, 0.24569295, 0.50627178, 0.21958949, 0.14714362)
(0.73351395, 0.24140374, 0.15525456, 0.46508309, 0.69655895, 0.34198815, 0.39348903, 0.45307511, 0.64100677, 0.13785876)
(0.48861632, 0.48248225, 0.18840411, 0.58587873, 0.58523035, 0.62363309, 0.45820129, 0.62390429, 0.64042556, 0.29345962)
(0.40584955, 0.10104164, 0.33438650, 0.68328673, 0.41464415, 0.30272365, 0.17013073, 0.93863791, 0.63354373, 0.21861199)
(0.51345825, 0.65267426, 0.65108120, 0.45750776, 0.67437387, 0.76931208, 0.57338029, 0.69663793, 0.14467804, 0.65387160)
(0.57888383, 0.40476596, 0.23748784, 0.74934936, 0.50074220, 0.68874526, 0.64927298, 0.78327763, 0.50249767, 0.45210585)
(0.43358615, 0.70486188, 0.58668268, 0.83485240, 0.19411039, 0.67006993, 0.57447749, 0.62534517, 0.35756433, 0.76125813)
(0.69738716, 0.27690405, 0.32943326, 0.34880322, 0.65292329, 0.26843965, 0.31880358, 0.35834903, 0.54571897, 0.19028543)
(0.63906497, 0.60427201, 0.61489743, 0.46980369, 0.84095657, 0.85354578, 0.70761853, 0.80274028, 0.05889145, 0.67729890)
(0.85009438, 0.20612243, 0.28146982, 0.61691993, 0.61570936, 0.31628546, 0.64787179, 0.39254454, 0.43065146, 0.30510163)
(0.77697992, 0.25079459, 0.25924194, 0.56934988, 0.68827575, 0.48972842, 0.67103827, 0.56720567, 0.41503075, 0.32379651)
(0.93275499, 0.35721761, 0.33243403, 0.63924581, 0.83449048, 0.53491455, 0.87491864, 0.23079561, 0.13829248, 0.49455783)
(0.54177159, 0.08823896, 0.56220514, 0.47548261, 0.52082103, 0.20994127, 0.21401803, 0.83131123, 0.47483000, 0.26977891)
(0.73255068, 0.40544334, 0.11945677, 0.56243634, 0.88588518, 0.79848319, 0.70961702, 0.72405648, 0.30186692, 0.30770820)
(0.80360579, 0.28275967, 0.43933389, 0.40459910, 0.67636722, 0.28727064, 0.49496970, 0.30291006, 0.35838085, 0.31345871)
(0.71584940, 0.20785838, 0.19366144, 0.62939161, 0.87535304, 0.82490873, 0.72790349, 0.96443295, 0.14742707, 0.38498953)
(0.85582358, 0.35793284, 0.40010607, 0.60038674, 0.76608622, 0.59647232, 0.82288945, 0.43605360, 0.16691698, 0.53429097)
(0.90559316, 0.28306127, 0.17831193, 0.88635415, 0.49823913, 0.45689297, 0.87273657, 0.31334969, 0.41733754, 0.48449609)
(0.37642741, 0.70666081, 0.23117453, 0.59773922, 0.39739567, 0.54148912, 0.29851356, 0.24545744, 0.73605692, 0.33571291)
(0.81712520, 0.17551227, 0.40846866, 0.95628768, 0.13330360, 0.30407324, 0.78303349, 0.55163246, 0.42758888, 0.66961372)
(0.52319646, 0.39245346, 0.23822975, 0.58318293, 0.70824975, 0.76023096, 0.54798228, 0.87849176, 0.37699547, 0.37603870)
(0.77706850, 0.38788596, 0.36843890, 0.46527839, 0.67944628, 0.41324812, 0.58577317, 0.29920679, 0.38408762, 0.35337868)
(0.59298313, 0.19062686, 0.46441486, 0.77054054, 0.18458436, 0.16127023, 0.33291584, 0.37254396, 0.66761738, 0.43656027)
(0.63601470, 0.11631541, 0.20107655, 0.67977673, 0.49868739, 0.31288600, 0.40357476, 0.78849781, 0.67952245, 0.19238149)
(0.69134384, 0.34430036, 0.39711314, 0.44785541, 0.76275170, 0.63625926, 0.64669448, 0.66478288, 0.25993139, 0.42024407)
(0.83992523, 0.36355656, 0.40864259, 0.62115514, 0.55756944, 0.35630026, 0.67908752, 0.22792609, 0.37064433, 0.44594353)
(0.32891104, 0.61047059, 0.37337491, 0.47920555, 0.71780628, 0.83637053, 0.40027714, 0.90616089, 0.27695027, 0.46574968)
(0.79061592, 0.35952091, 0.41980973, 0.13407615, 0.94035035, 0.45048580, 0.37639320, 0.29578152, 0.18917131, 0.16772637)
(0.71013516, 0.69206637, 0.29403684, 0.75334918, 0.55308360, 0.68756366, 0.74871558, 0.33205667, 0.36706099, 0.59709132)
(0.70812243, 0.54592311, 0.24567649, 0.57114011, 0.77831358, 0.73665005, 0.70027959, 0.48945358, 0.30969027, 0.44765347)
(0.78252512, 0.48654941, 0.31702542, 0.47468862, 0.69942898, 0.44945547, 0.58597809, 0.21323416, 0.42084563, 0.33039901)
(0.88883096, 0.23752399, 0.17237787, 0.80732024, 0.72301865, 0.64129639, 0.89062774, 0.63715839, 0.27177754, 0.46246722)
(0.84013426, 0.57249379, 0.59881014, 0.47980371, 0.85077566, 0.73084939, 0.80567372, 0.36544797, 0.07190089, 0.60905820)
(0.81428826, 0.34495890, 0.22877015, 0.90709090, 0.28051007, 0.43472445, 0.78370661, 0.34785336, 0.54449314, 0.52656990)
(0.74928951, 0.49534312, 0.57223773, 0.54715192, 0.65285867, 0.61159772, 0.74094212, 0.40947083, 0.19098271, 0.59330451)
(0.66156781, 0.17999558, 0.28479517, 0.91075915, 0.13980649, 0.25565812, 0.54585737, 0.52883714, 0.70789117, 0.44200286)
(0.42353910, 0.55194151, 0.30305493, 0.72223932, 0.24791650, 0.45694777, 0.37266874, 0.35548419, 0.71715069, 0.42780390)
(0.74217379, 0.18823929, 0.09050527, 0.73601586, 0.64166659, 0.50603586, 0.60524869, 0.72184241, 0.66718537, 0.18182024)
(0.88249552, 0.23316072, 0.32960486, 0.77931774, 0.57111782, 0.45223284, 0.84791398, 0.43710688, 0.28526506, 0.50716096)
(0.81664926, 0.52473080, 0.71649694, 0.66845959, 0.56213516, 0.58779961, 0.81890810, 0.33048862, 0.10906512, 0.73115778)
(0.63281161, 0.63875175, 0.82664299, 0.67315561, 0.35108978, 0.58012491, 0.65068501, 0.43790573, 0.13928303, 0.79707545)
(0.53876287, 0.61295968, 0.26247218, 0.45105159, 0.67490387, 0.61925238, 0.44335943, 0.36134508, 0.54413807, 0.31375179)
(0.68216026, 0.68888867, 0.72449744, 0.64433306, 0.62774575, 0.79001892, 0.78377366, 0.61343586, 0.06812916, 0.80265611)
(0.81062603, 0.13220325, 0.18235877, 0.77068120, 0.31952339, 0.11402411, 0.34952781, 0.25888151, 0.76423186, 0.20460930)
(0.73089486, 0.50501633, 0.18393600, 0.82774651, 0.56365001, 0.75705546, 0.81933928, 0.65064543, 0.39850295, 0.54728264)
(0.79262656, 0.69118953, 0.54368341, 0.36077234, 0.71397179, 0.42882562, 0.50208676, 0.06075272, 0.34847838, 0.34174460)
(0.82612443, 0.34589309, 0.53246397, 0.49176800, 0.78158647, 0.58132678, 0.77127576, 0.49062145, 0.13328783, 0.53436869)
(0.57422465, 0.50314450, 0.29020771, 0.43780962, 0.70995319, 0.61998826, 0.49792030, 0.49230781, 0.46106890, 0.33728486)
(0.83676159, 0.54168177, 0.88515157, 0.15178022, 0.75177026, 0.15218331, 0.21923758, 0.03455196, 0.16437092, 0.28269115)
(0.71638530, 0.59173065, 0.52739835, 0.57377195, 0.70526230, 0.73382276, 0.75492597, 0.49966821, 0.15712358, 0.63623565)
(0.62580085, 0.52240729, 0.19558440, 0.48665464, 0.62624592, 0.47482660, 0.42533174, 0.27509281, 0.65045297, 0.23629618)
(0.67963415, 0.60784334, 0.52208400, 0.47867933, 0.77136433, 0.75631231, 0.69021410, 0.53095376, 0.15499793, 0.58139849)
(0.73456687, 0.47825474, 0.18715833, 0.70681024, 0.61881375, 0.62927926, 0.72687161, 0.42889139, 0.49411952, 0.41003442)
(0.86705780, 0.16357985, 0.09636058, 0.75893557, 0.42884764, 0.12991463, 0.37971991, 0.16915651, 0.78413552, 0.12872776)
(0.78089982, 0.69823778, 0.74146670, 0.43049732, 0.72723472, 0.62989396, 0.68567294, 0.17950943, 0.11796699, 0.60715324)
(0.61934149, 0.83240044, 0.82892638, 0.60053647, 0.39460656, 0.61018747, 0.56482548, 0.17554586, 0.16631496, 0.75027776)
(0.59019452, 0.43520439, 0.31485659, 0.42219910, 0.63299680, 0.49060783, 0.44900587, 0.43384570, 0.53918719, 0.29679310)
(0.72929883, 0.50488633, 0.30135438, 0.52482331, 0.84338439, 0.79175347, 0.73556650, 0.62614661, 0.18893096, 0.48542869)
(0.51222014, 0.20289691, 0.36155784, 0.40493229, 0.53487211, 0.25946316, 0.21330713, 0.62355942, 0.65966970, 0.18937816)
(0.47741368, 0.60125214, 0.17607625, 0.69579989, 0.47964850, 0.68038583, 0.49682736, 0.55023658, 0.67934543, 0.34004030)
(0.71086478, 0.40821406, 0.35414281, 0.79373550, 0.40830126, 0.58570766, 0.76099908, 0.56190664, 0.40904576, 0.57956177)
(0.73394692, 0.57579243, 0.31325594, 0.57990277, 0.61259943, 0.53667140, 0.63588196, 0.21116954, 0.46977648, 0.40747645)
(0.79161477, 0.40221176, 0.22012573, 0.45508894, 0.75817126, 0.43711147, 0.55957747, 0.27752671, 0.44845757, 0.25674894)
(0.72249991, 0.39008993, 0.45290682, 0.62764949, 0.65305674, 0.67734385, 0.76551998, 0.69145805, 0.20077102, 0.58570647)
(0.61613083, 0.48957676, 0.40878722, 0.44440648, 0.74748844, 0.70347220, 0.60432512, 0.63655514, 0.26850128, 0.46494788)
(0.82342118, 0.63710320, 0.57318002, 0.83524168, 0.43141183, 0.63690472, 0.86417508, 0.28112331, 0.14187384, 0.79194129)
(0.60050607, 0.20233132, 0.44171044, 0.46258086, 0.52185351, 0.30576181, 0.36531064, 0.61186063, 0.53340477, 0.29258835)
(0.84343880, 0.12491792, 0.32435927, 0.76673287, 0.53796667, 0.39080152, 0.77976006, 0.67063141, 0.34896547, 0.40691161)
(0.55528861, 0.22374576, 0.54457653, 0.21312745, 0.77100652, 0.38212162, 0.27322370, 0.67407370, 0.33919314, 0.24362010)
(0.71479636, 0.28042981, 0.58891177, 0.65944093, 0.55284476, 0.53544980, 0.69576043, 0.70931125, 0.19933362, 0.60748726)
(0.81284016, 0.43043256, 0.16352114, 0.92132753, 0.40277633, 0.68126988, 0.87604773, 0.57052505, 0.45368388, 0.58412516)
(0.31623137, 0.75075036, 0.19596638, 0.37649238, 0.63355786, 0.61084169, 0.19811748, 0.30969945, 0.72044820, 0.20934175)
(0.64977700, 0.37042743, 0.29764849, 0.64443642, 0.48458499, 0.49978718, 0.60089397, 0.50569713, 0.56707984, 0.38436875)
(0.85943937, 0.40514722, 0.44550812, 0.50154978, 0.77762926, 0.49966282, 0.74835455, 0.25734645, 0.20449747, 0.45145267)
(0.80983853, 0.07749023, 0.04223687, 0.93009090, 0.46476862, 0.42224231, 0.68635964, 0.85924554, 0.78562045, 0.15244414)
(0.83960772, 0.51881224, 0.46916017, 0.49501982, 0.81514972, 0.63607055, 0.76235831, 0.27479619, 0.16159721, 0.50211608)
(0.75938457, 0.54638362, 0.86970741, 0.73018026, 0.37774035, 0.52116627, 0.74193120, 0.37392247, 0.08223604, 0.83091050)
(0.85251868, 0.38610128, 0.20143767, 0.81233072, 0.38129786, 0.29518643, 0.65502137, 0.11756167, 0.60259879, 0.39993095)
(0.66798598, 0.54359990, 0.40541211, 0.26281580, 0.70173556, 0.32687536, 0.27601796, 0.13326104, 0.52847236, 0.19026798)
(0.77118558, 0.27729690, 0.26440522, 0.56504965, 0.56111276, 0.32882643, 0.52001321, 0.36075732, 0.56303358, 0.26864344)
(0.83138359, 0.29864469, 0.11399155, 0.82388204, 0.63865411, 0.62671316, 0.82729739, 0.58168966, 0.49566355, 0.36912560)
(0.65452051, 0.15660469, 0.30245665, 0.38253036, 0.62309903, 0.23235777, 0.26094767, 0.57662541, 0.60710466, 0.14904441)
(0.49295735, 0.71521354, 0.50485545, 0.28043875, 0.61388820, 0.43395966, 0.23668791, 0.13743702, 0.54206818, 0.27121678)
(0.72531599, 0.29863581, 0.35309774, 0.71869451, 0.30759022, 0.25967371, 0.50340670, 0.24830629, 0.60996479, 0.40782869)
(0.80557287, 0.17943098, 0.45308608, 0.80519390, 0.43125632, 0.42797038, 0.77826130, 0.66502267, 0.30065790, 0.55202538)
(0.89000946, 0.49047095, 0.33097944, 0.53379840, 0.80916744, 0.50414008, 0.75621837, 0.15467982, 0.24032961, 0.40289116)
(0.80246729, 0.35485756, 0.19857700, 0.77737868, 0.46419406, 0.43815652, 0.71091539, 0.32797587, 0.58565032, 0.37397173)
(0.81530231, 0.10436361, 0.15239196, 0.47872460, 0.67803013, 0.18161890, 0.31533960, 0.50266516, 0.66009432, 0.08907413)
(0.68429744, 0.52862710, 0.45532444, 0.78121489, 0.37514523, 0.57868052, 0.71918619, 0.45109996, 0.34809735, 0.64601517)
(0.76950562, 0.39684007, 0.11013701, 0.81813627, 0.58813572, 0.64843440, 0.77655751, 0.53387862, 0.57472497, 0.36192295)
(0.64524698, 0.54441375, 0.44450164, 0.36912534, 0.55408949, 0.32229075, 0.31551453, 0.13372764, 0.56545246, 0.27308139)
(0.84383392, 0.14829208, 0.35204816, 0.68637037, 0.46308985, 0.21004678, 0.57672650, 0.39321491, 0.48840421, 0.32406950)
(0.78063613, 0.57840329, 0.18517654, 0.53092504, 0.81147552, 0.63057876, 0.65274018, 0.21857090, 0.40821671, 0.31003287)
(0.89891601, 0.23869230, 0.43804696, 0.56551296, 0.66789788, 0.26906225, 0.68490344, 0.23885952, 0.25640121, 0.39570081)
(0.80722517, 0.14506327, 0.22994967, 0.74440908, 0.46010336, 0.29801375, 0.61958998, 0.55846667, 0.58137637, 0.26911208)
(0.87702119, 0.51017290, 0.80048889, 0.54296303, 0.68678963, 0.52237773, 0.81223249, 0.20881815, 0.07123162, 0.69024336)
(0.78164554, 0.30802360, 0.17810909, 0.52274263, 0.67361081, 0.37232912, 0.51090705, 0.34023809, 0.57879198, 0.20379479)
(0.76921171, 0.25863391, 0.22276947, 0.70945120, 0.67632717, 0.64864403, 0.77931213, 0.75713503, 0.35694703, 0.41523159)
(0.56529748, 0.43148902, 0.53358346, 0.31459767, 0.52349693, 0.26914126, 0.23899102, 0.22827294, 0.55699790, 0.26521105)
(0.80994475, 0.69199777, 0.63524634, 0.67309093, 0.57810819, 0.63783586, 0.81114411, 0.18661955, 0.13996328, 0.70749855)
(0.52129036, 0.76835120, 0.69143260, 0.45402822, 0.66264778, 0.77637601, 0.55778980, 0.49951065, 0.15289240, 0.65654409)
(0.70780098, 0.26040608, 0.32389805, 0.47701803, 0.56748331, 0.31887859, 0.43518671, 0.43739039, 0.55625111, 0.25330985)
(0.87841642, 0.56569999, 0.53098327, 0.58306766, 0.65511477, 0.44610924, 0.76411843, 0.09602166, 0.22849338, 0.52040845)
(0.70194083, 0.26206198, 0.39183524, 0.57817698, 0.63392967, 0.55793869, 0.67367762, 0.71997392, 0.32301691, 0.43906140)
(0.54286712, 0.47006381, 0.56873119, 0.45573330, 0.53088731, 0.54964250, 0.52276713, 0.53723258, 0.37049204, 0.50773448)
(0.52549803, 0.52578032, 0.23720925, 0.43384203, 0.78652185, 0.73668218, 0.48894811, 0.67060107, 0.40062490, 0.32679740)
(0.65657640, 0.76756406, 0.78734821, 0.57454997, 0.63065737, 0.78564221, 0.72863787, 0.48077568, 0.07061775, 0.79054916)
(0.81978428, 0.50949931, 0.33873847, 0.56366032, 0.69050574, 0.50027072, 0.69887745, 0.19866690, 0.35365114, 0.41966289)
(0.77417880, 0.45431361, 0.44086894, 0.31947136, 0.87028575, 0.60520720, 0.60175782, 0.34160939, 0.20028108, 0.34825605)
(0.80234849, 0.35283411, 0.34114465, 0.61816919, 0.38930917, 0.15284000, 0.35107708, 0.07596808, 0.62510633, 0.28666276)
(0.78694081, 0.30235085, 0.48644009, 0.42006454, 0.60111362, 0.24132130, 0.43142292, 0.24910936, 0.40573654, 0.31917596)
(0.42287275, 0.80616653, 0.48774385, 0.48806050, 0.53243816, 0.73171914, 0.43370762, 0.35577771, 0.43278661, 0.50522292)
(0.59907532, 0.33887079, 0.21068992, 0.28229529, 0.77262253, 0.37811145, 0.25734258, 0.43308794, 0.59864455, 0.12771200)
(0.81680143, 0.48110381, 0.47423929, 0.47954917, 0.84676093, 0.71516514, 0.77880496, 0.45695889, 0.11613732, 0.53430843)
(0.66947329, 0.54082537, 0.69368774, 0.14031376, 0.83584833, 0.42751357, 0.28393620, 0.21729121, 0.22247206, 0.27093625)
(0.84688318, 0.18423897, 0.28690135, 0.55964613, 0.69850373, 0.35886025, 0.66280830, 0.49203852, 0.36549503, 0.29607412)
(0.73925823, 0.51888943, 0.16793302, 0.66940629, 0.73131233, 0.70235497, 0.73037612, 0.45918584, 0.40594378, 0.41145203)
(0.40344441, 0.65655434, 0.29237413, 0.69445890, 0.41551241, 0.74012810, 0.48154044, 0.68341088, 0.57124001, 0.45640919)
(0.61495531, 0.25174552, 0.12334029, 0.85894209, 0.28608081, 0.40411764, 0.50035602, 0.60296041, 0.80227107, 0.25973910)
(0.69065148, 0.35039297, 0.21871935, 0.26809642, 0.84384793, 0.44609749, 0.37666589, 0.41335765, 0.45210579, 0.16174373)
(0.28044885, 0.90857166, 0.24510239, 0.47876197, 0.49032921, 0.66557616, 0.18991587, 0.11955636, 0.73117965, 0.30350462)
(0.64895755, 0.30557206, 0.48862350, 0.31469741, 0.61473268, 0.27392322, 0.31133607, 0.36183366, 0.46839511, 0.26254511)
(0.75473142, 0.17417952, 0.14442621, 0.72644728, 0.54648089, 0.39418119, 0.57034165, 0.64680606, 0.65664798, 0.20976475)
(0.71784061, 0.32864815, 0.45855597, 0.84708816, 0.22648193, 0.36473504, 0.67647231, 0.41257289, 0.44853204, 0.60993296)
(0.65839171, 0.16123419, 0.54900205, 0.42152381, 0.62112898, 0.34074575, 0.43884858, 0.68212163, 0.34545553, 0.33842197)
(0.72255456, 0.49062154, 0.49782932, 0.55438852, 0.70291632, 0.68713844, 0.74409908, 0.55380905, 0.17882544, 0.59391218)
(0.61777723, 0.45316851, 0.09268507, 0.47500116, 0.72564507, 0.49044755, 0.34568387, 0.36338982, 0.73800635, 0.12350369)
(0.60601115, 0.59500748, 0.34799773, 0.33858657, 0.74316978, 0.55487508, 0.41622794, 0.25249687, 0.47121784, 0.27378294)
(0.79136795, 0.38176495, 0.09799691, 0.85010779, 0.57843548, 0.65892035, 0.80561864, 0.55260462, 0.57376373, 0.37013277)
(0.83598495, 0.52459073, 0.55746436, 0.86135924, 0.37378445, 0.55492443, 0.85230058, 0.31879625, 0.16635486, 0.77739298)
(0.70910013, 0.76350296, 0.67898858, 0.32776549, 0.74651128, 0.61188632, 0.51899260, 0.12788187, 0.20783232, 0.47550380)
(0.81060076, 0.34000933, 0.33306620, 0.70369858, 0.59913450, 0.54845583, 0.80121332, 0.46463892, 0.31826362, 0.51415741)
(0.59947217, 0.42666587, 0.25497267, 0.55333740, 0.65241581, 0.64601213, 0.58979368, 0.63457954, 0.47995076, 0.36493495)
(0.54902518, 0.62424165, 0.16449428, 0.32250997, 0.86961669, 0.69691169, 0.36347616, 0.40139532, 0.46696761, 0.19659835)
(0.41526332, 0.67904752, 0.78028291, 0.46460167, 0.47199300, 0.66811931, 0.43135938, 0.64939803, 0.18793054, 0.69770432)
(0.69205016, 0.08915922, 0.18501320, 0.94129390, 0.21559122, 0.35365874, 0.61230791, 0.90434670, 0.66188180, 0.35063517)
(0.74219918, 0.25829586, 0.35861221, 0.42334148, 0.60356480, 0.26928917, 0.40074921, 0.36146671, 0.51078737, 0.24640316)
(0.59220934, 0.70523512, 0.41772845, 0.69252694, 0.64090329, 0.84730625, 0.74757808, 0.69332314, 0.18612412, 0.69151491)
(0.44449759, 0.64226836, 0.07970785, 0.74708021, 0.48907331, 0.65815502, 0.39754242, 0.43638265, 0.80216026, 0.23441479)
(0.72188455, 0.84461993, 0.67034549, 0.31826627, 0.73354012, 0.57735670, 0.45827442, 0.05387586, 0.25327739, 0.42520985)
(0.65378296, 0.44365337, 0.29854706, 0.39904875, 0.63118702, 0.37901255, 0.38255116, 0.27228740, 0.57437629, 0.24219967)
(0.58140838, 0.55170786, 0.45490813, 0.38692421, 0.78481394, 0.73349774, 0.55813849, 0.63547242, 0.22468533, 0.47323227)
(0.66542375, 0.34371084, 0.24211794, 0.65829200, 0.54585761, 0.54416120, 0.62954521, 0.57470345, 0.55824941, 0.35625994)
(0.81311697, 0.57443213, 0.39168116, 0.24146812, 0.86994588, 0.43595293, 0.43524459, 0.10133447, 0.30634439, 0.20906307)
(0.80883592, 0.61807519, 0.43344024, 0.48646364, 0.75398391, 0.56556982, 0.68376333, 0.14780287, 0.27229455, 0.44072473)
(0.54873312, 0.46328014, 0.29189253, 0.54156178, 0.61692995, 0.65462571, 0.55904526, 0.64423597, 0.48276514, 0.39244616)
(0.75167531, 0.23927251, 0.47755039, 0.14100252, 0.90632236, 0.35828304, 0.33837569, 0.46350563, 0.20979954, 0.18783963)
(0.80507994, 0.58455455, 0.87908894, 0.24269627, 0.58917254, 0.14832281, 0.22090264, 0.03071371, 0.22988494, 0.32740873)
(0.57498538, 0.40008020, 0.14420041, 0.46582794, 0.79610145, 0.68088740, 0.48924816, 0.69522196, 0.52474731, 0.21953405)
(0.71843255, 0.49703944, 0.52008879, 0.73149550, 0.36985999, 0.48132029, 0.69507748, 0.32822952, 0.34659618, 0.63077825)
(0.75556982, 0.75883865, 0.78152704, 0.36819431, 0.79883027, 0.70877767, 0.64626074, 0.21808073, 0.07636958, 0.62401575)
(0.85191494, 0.07065249, 0.14286675, 0.69760710, 0.64650261, 0.27661413, 0.59805739, 0.71616781, 0.54831022, 0.15800454)
(0.56760645, 0.42239222, 0.27424458, 0.41245756, 0.71610439, 0.58327365, 0.46831524, 0.56082624, 0.49303964, 0.28856462)
(0.70424646, 0.65412694, 0.38877466, 0.44260082, 0.83966428, 0.77547222, 0.65979505, 0.40590617, 0.19869636, 0.47081274)
(0.61969906, 0.32629612, 0.11985756, 0.63959908, 0.72206569, 0.67442709, 0.57049268, 0.77307290, 0.55875450, 0.24128664)
(0.30301744, 0.87039566, 0.32696444, 0.78747600, 0.50576794, 0.94096166, 0.57760537, 0.88229179, 0.26769298, 0.66701204)
(0.51632315, 0.39942017, 0.17940044, 0.61098373, 0.70896626, 0.76457596, 0.54308134, 0.86984658, 0.45090535, 0.32955614)
(0.82460040, 0.50584811, 0.74021792, 0.51578337, 0.68576741, 0.55698305, 0.77105743, 0.28309500, 0.10326203, 0.64887071)
(0.27749425, 0.81481993, 0.31123057, 0.39356056, 0.57770985, 0.69696492, 0.22503687, 0.36998820, 0.62680072, 0.31846282)
(0.80299848, 0.78332740, 0.67474890, 0.77860016, 0.50760353, 0.72356898, 0.85763085, 0.21290697, 0.09547134, 0.81471175)
(0.65930492, 0.46677980, 0.21061419, 0.68784231, 0.63723260, 0.71915054, 0.71154678, 0.65770686, 0.43540227, 0.44363242)
(0.69452244, 0.52053523, 0.41102085, 0.52782756, 0.69903094, 0.66595703, 0.68188298, 0.47201324, 0.27891922, 0.51133543)
(0.73826784, 0.37027508, 0.37965602, 0.81008255, 0.30579498, 0.40662804, 0.68664044, 0.35395747, 0.48540190, 0.54808891)
(0.63065773, 0.45623094, 0.15727478, 0.57893789, 0.74742365, 0.71433711, 0.61300731, 0.64231998, 0.48203361, 0.31557494)
(0.55675787, 0.54782611, 0.18030749, 0.65974557, 0.70865518, 0.81935531, 0.65506911, 0.78772557, 0.39523453, 0.43393058)
(0.49005234, 0.37297007, 0.30001685, 0.64458126, 0.33275247, 0.39277512, 0.38237917, 0.47114825, 0.70829612, 0.33497050)
(0.80482483, 0.23072883, 0.22638832, 0.38565156, 0.82513362, 0.41912282, 0.54216129, 0.48480529, 0.38007486, 0.20372494)
(0.58178777, 0.64473587, 0.10003635, 0.43616813, 0.75950462, 0.56522411, 0.34333625, 0.21500827, 0.71076584, 0.15084356)
(0.75607121, 0.69378322, 0.34639820, 0.39458841, 0.92182595, 0.84095311, 0.68934095, 0.39469844, 0.12656184, 0.44053155)
(0.51653409, 0.46286622, 0.17831482, 0.50080639, 0.65560532, 0.58569115, 0.41551113, 0.54556447, 0.64863187, 0.23322822)
(0.79463011, 0.50039542, 0.29334775, 0.58119833, 0.79118532, 0.69568181, 0.76409531, 0.40103883, 0.24817429, 0.47412863)
(0.82026851, 0.51513654, 0.35321468, 0.46121430, 0.78293234, 0.51512831, 0.65336305, 0.19261621, 0.30672145, 0.36487943)
(0.59052736, 0.17771985, 0.24714193, 0.30681059, 0.69166315, 0.24022461, 0.18031955, 0.58415252, 0.65626788, 0.10068455)
(0.57547033, 0.49800622, 0.09120196, 0.84057480, 0.44519755, 0.67807937, 0.59719640, 0.62590247, 0.74652451, 0.30287051)
(0.71145588, 0.58171111, 0.23323695, 0.73586422, 0.51936740, 0.59461814, 0.70096922, 0.32440913, 0.51314592, 0.47437584)
(0.58123773, 0.24302290, 0.45965964, 0.41545990, 0.47233430, 0.23007883, 0.25683305, 0.45711097, 0.61338705, 0.25306496)
(0.76521289, 0.38153550, 0.41708350, 0.35678980, 0.89293432, 0.71090007, 0.68112439, 0.61373526, 0.13227946, 0.41611207)
(0.41055679, 0.71498346, 0.30930299, 0.30177110, 0.76551950, 0.68164563, 0.28315046, 0.40165904, 0.48397952, 0.26698282)
(0.70067751, 0.42063218, 0.51766741, 0.32615674, 0.75952399, 0.50427425, 0.52878612, 0.38550419, 0.28014272, 0.37435338)
(0.60533804, 0.43729979, 0.18712203, 0.76441044, 0.39700320, 0.54557049, 0.58025128, 0.48742172, 0.69154203, 0.35191193)
(0.78923720, 0.36659312, 0.27437732, 0.74423385, 0.48288029, 0.46094155, 0.72857332, 0.34960350, 0.49353433, 0.44441873)
(0.65328801, 0.55810696, 0.83096844, 0.63063926, 0.36732808, 0.50303054, 0.61787641, 0.39324984, 0.16153172, 0.75159055)
(0.67554247, 0.42695901, 0.33381861, 0.44121498, 0.68054980, 0.49973038, 0.53947192, 0.39350724, 0.44214180, 0.34120271)
(0.60941350, 0.48630673, 0.48510194, 0.37245432, 0.72605938, 0.61949879, 0.53642094, 0.50888830, 0.29992497, 0.42686847)
(0.83317155, 0.31412446, 0.18124528, 0.69691044, 0.67434061, 0.52591491, 0.76474214, 0.43438506, 0.43593371, 0.35614756)
(0.76847982, 0.16170055, 0.49026543, 0.57086581, 0.60335273, 0.38076609, 0.64193958, 0.64233416, 0.29888532, 0.41452247)
(0.69363821, 0.04671949, 0.24058753, 0.70394707, 0.57914454, 0.28576240, 0.43803272, 0.91018289, 0.52419347, 0.18716483)
(0.58181077, 0.59604710, 0.39413905, 0.37470976, 0.78623730, 0.70879382, 0.51502770, 0.48838398, 0.29978317, 0.40021417)
(0.87814295, 0.57150304, 0.73270321, 0.53848809, 0.76788771, 0.61463863, 0.83037108, 0.20909728, 0.06646840, 0.67303854)
(0.66126549, 0.52629185, 0.47872493, 0.79783779, 0.31710550, 0.55816811, 0.70665354, 0.46520820, 0.37079114, 0.66135967)
(0.73973954, 0.53463912, 0.42233241, 0.40079683, 0.81901902, 0.65393782, 0.63251764, 0.33960411, 0.23994896, 0.40750489)
(0.73762411, 0.39046296, 0.43295568, 0.56692302, 0.52274382, 0.40885234, 0.60994792, 0.32583767, 0.42757645, 0.44615400)
(0.39842197, 0.50481832, 0.30021152, 0.34930807, 0.49928492, 0.29438257, 0.14600374, 0.23093475, 0.75120401, 0.18038149)
(0.78431338, 0.63570285, 0.48219016, 0.63095456, 0.55515814, 0.54017800, 0.72524905, 0.15209211, 0.30725056, 0.55915308)
(0.60482794, 0.50732309, 0.32754427, 0.52164710, 0.66788322, 0.66654867, 0.60266829, 0.54997921, 0.39661774, 0.43872371)
(0.76334041, 0.25278714, 0.33504239, 0.27092448, 0.79335237, 0.28595436, 0.35854366, 0.36930799, 0.39499354, 0.18509418)
(0.43425325, 0.47844246, 0.50105220, 0.83383322, 0.15296647, 0.47890833, 0.49124122, 0.60461855, 0.53662241, 0.64760810)
(0.68846858, 0.57896376, 0.61552036, 0.70564759, 0.40627727, 0.57409000, 0.71822304, 0.37106156, 0.24695694, 0.69838691)
(0.74528956, 0.44386232, 0.18184607, 0.61457920, 0.56357157, 0.41329753, 0.53661346, 0.23480843, 0.63433659, 0.27372417)
(0.86240906, 0.16677654, 0.23618330, 0.59038472, 0.55897832, 0.18195863, 0.46417060, 0.28599977, 0.57862180, 0.20041215)
(0.56638980, 0.39307991, 0.45703715, 0.26584539, 0.67826790, 0.36603892, 0.29268354, 0.37635222, 0.47814721, 0.24404719)
(0.72786981, 0.36132282, 0.30064991, 0.43602726, 0.82977623, 0.65517080, 0.65145338, 0.57607085, 0.27224180, 0.36018303)
(0.51214856, 0.85213327, 0.42171821, 0.19990949, 0.86332077, 0.70191211, 0.25080943, 0.13704926, 0.35456082, 0.23605999)
(0.80079877, 0.14684260, 0.43770960, 0.53255218, 0.64339346, 0.33496925, 0.61380064, 0.60307658, 0.31550092, 0.34654579)
(0.83448809, 0.24562199, 0.28272253, 0.38793316, 0.82506812, 0.39952007, 0.58694899, 0.40907970, 0.30919132, 0.25199640)
(0.82694209, 0.35914332, 0.69834065, 0.90095955, 0.21920651, 0.38539675, 0.79862559, 0.40422142, 0.17416622, 0.80256724)
(0.66312635, 0.60165262, 0.31263036, 0.63723236, 0.70520198, 0.78605539, 0.73327875, 0.59280086, 0.26857081, 0.56465411)
(0.81197983, 0.63620102, 0.44338986, 0.48530009, 0.88420188, 0.80679810, 0.78532690, 0.41372877, 0.09573389, 0.56266844)
(0.70212072, 0.39740905, 0.09917635, 0.68179959, 0.62140876, 0.53050143, 0.55530322, 0.42619810, 0.70032746, 0.20655161)
(0.85462576, 0.62475854, 0.73560148, 0.73038042, 0.48464081, 0.54004461, 0.82498908, 0.16392259, 0.11205445, 0.75860292)
(0.80284685, 0.45030782, 0.30692336, 0.52971888, 0.79727739, 0.62665755, 0.72977531, 0.36177021, 0.26781654, 0.42120883)
(0.67321736, 0.55619454, 0.69572419, 0.36687040, 0.59500992, 0.45067507, 0.49666145, 0.23866542, 0.28814000, 0.47560853)
(0.47484136, 0.48966798, 0.20795994, 0.54185188, 0.57249963, 0.58096594, 0.40774804, 0.56200182, 0.66436118, 0.27382600)
(0.77413291, 0.39829567, 0.23332503, 0.47089562, 0.70640844, 0.40593559, 0.52889889, 0.27067226, 0.49226147, 0.25982645)
(0.80918610, 0.70535755, 0.47761106, 0.53335142, 0.73461014, 0.62699366, 0.73127621, 0.12170365, 0.22545932, 0.52069908)
(0.62110507, 0.52223808, 0.38577804, 0.52958101, 0.70119518, 0.72776294, 0.65347463, 0.63875186, 0.28226021, 0.51310092)
(0.58122468, 0.38530198, 0.60768628, 0.19626206, 0.67518586, 0.27439418, 0.20241010, 0.28306776, 0.43900779, 0.22351192)
(0.65506953, 0.63010597, 0.23619287, 0.39518985, 0.86484116, 0.74168253, 0.53954846, 0.38149771, 0.32407159, 0.31115508)
(0.85301626, 0.24273761, 0.46862015, 0.52771372, 0.73850602, 0.43073207, 0.74310505, 0.43999341, 0.19313836, 0.46128312)
(0.87735713, 0.24448180, 0.15022063, 0.83760542, 0.47146028, 0.36523679, 0.76006877, 0.33185655, 0.58585215, 0.32735619)
(0.77555645, 0.38686174, 0.73883170, 0.84873110, 0.30840912, 0.48172262, 0.78285795, 0.52483261, 0.13424540, 0.80851620)
(0.81617188, 0.46820605, 0.45600095, 0.51349068, 0.68352431, 0.47374579, 0.69369686, 0.22488295, 0.29037163, 0.45296937)
(0.55573368, 0.51898891, 0.15745690, 0.56625128, 0.64795589, 0.62987721, 0.49606225, 0.49087057, 0.63810611, 0.26826799)
(0.51883847, 0.57370907, 0.25583661, 0.49452838, 0.67404562, 0.67368084, 0.48834580, 0.51990324, 0.50147480, 0.35125953)
(0.74169546, 0.35550568, 0.28390026, 0.68098629, 0.53519946, 0.50735271, 0.69952250, 0.45949033, 0.48498914, 0.42093223)
(0.89253896, 0.06588484, 0.49675262, 0.66505188, 0.69062322, 0.31286639, 0.76720917, 0.72024149, 0.16615176, 0.41922671)
(0.84769726, 0.33967504, 0.30388191, 0.37663242, 0.84831929, 0.44091207, 0.61273944, 0.28603390, 0.27326143, 0.27448410)
(0.89703226, 0.06789844, 0.10964710, 0.61556154, 0.74307764, 0.22568399, 0.54812950, 0.60885197, 0.55488008, 0.10545247)
(0.61028987, 0.62954122, 0.59113705, 0.37828967, 0.63937461, 0.57337779, 0.49921539, 0.28222626, 0.33088568, 0.45964441)
(0.81904644, 0.06972958, 0.12755804, 0.40017247, 0.85324532, 0.28684339, 0.39007479, 0.76377249, 0.49311158, 0.08230854)
(0.49817869, 0.58398342, 0.37528500, 0.48603708, 0.66258591, 0.72505713, 0.53097653, 0.63908833, 0.36935696, 0.46573767)
(0.70523965, 0.40916279, 0.45437059, 0.48371562, 0.78298277, 0.72164822, 0.70882273, 0.72047395, 0.16347131, 0.52128702)
(0.75757909, 0.56081134, 0.53064513, 0.52745134, 0.68843657, 0.61942720, 0.72416747, 0.30499485, 0.21368831, 0.55494171)
(0.54525518, 0.52489209, 0.29240108, 0.42294088, 0.67461812, 0.58150119, 0.44577119, 0.43316028, 0.52336800, 0.31216240)
(0.90880579, 0.42264366, 0.33310992, 0.47811392, 0.77316982, 0.33123255, 0.65294683, 0.10535564, 0.30347589, 0.30757660)
(0.80898029, 0.15279932, 0.23933659, 0.48274869, 0.74989814, 0.37247574, 0.57416743, 0.62223768, 0.41626096, 0.21728872)
(0.46271139, 0.49614981, 0.59497440, 0.73759532, 0.21357940, 0.46720439, 0.48675787, 0.51424831, 0.45861250, 0.64275348)
(0.74104077, 0.44269854, 0.29792184, 0.44589177, 0.72280258, 0.48080364, 0.56216544, 0.30811682, 0.42371565, 0.31498283)
(0.78618604, 0.30442724, 0.35916033, 0.49297833, 0.68141562, 0.40912682, 0.61783165, 0.40104476, 0.36194900, 0.35989192)
(0.72331333, 0.28366283, 0.46792105, 0.70632088, 0.52841252, 0.56264323, 0.73833406, 0.71431351, 0.25931248, 0.57972437)
(0.52820951, 0.52314264, 0.48942253, 0.50257164, 0.69836718, 0.77119958, 0.59445149, 0.80750310, 0.20364657, 0.55540252)
(0.73194343, 0.64800662, 0.84832430, 0.48898715, 0.61218721, 0.62245220, 0.69926929, 0.31520954, 0.08352692, 0.72703373)
(0.63732576, 0.18216076, 0.22415909, 0.62751395, 0.47909865, 0.31780741, 0.39303902, 0.65012175, 0.69522035, 0.20783092)
(0.58747077, 0.85674316, 0.68865496, 0.65295124, 0.57377625, 0.84064531, 0.71970832, 0.45739874, 0.10654791, 0.79641443)
(0.57501239, 0.41469485, 0.35860124, 0.43813166, 0.51834518, 0.37435424, 0.36546299, 0.34915623, 0.60658741, 0.29010713)
(0.77384138, 0.37994701, 0.26219261, 0.43669260, 0.83380753, 0.58241832, 0.64124483, 0.40817338, 0.31368119, 0.31488618)
(0.61788803, 0.71339804, 0.27344108, 0.61755931, 0.55844134, 0.61107296, 0.54825091, 0.23361301, 0.55820864, 0.40739089)
(0.65868485, 0.44734958, 0.34066242, 0.59582263, 0.61084783, 0.63544679, 0.67499930, 0.57244807, 0.38600218, 0.48158568)
(0.55509937, 0.40247446, 0.40129808, 0.23189473, 0.66871780, 0.26515213, 0.17928258, 0.25753710, 0.58840561, 0.15776689)
(0.89458978, 0.09532543, 0.17569311, 0.86854577, 0.39656216, 0.23544678, 0.73217154, 0.51204836, 0.57917690, 0.27143663)
(0.46675476, 0.64092988, 0.33030301, 0.62939018, 0.54562980, 0.78447217, 0.58581197, 0.70313013, 0.41954133, 0.50457340)
(0.69256842, 0.39475402, 0.28476700, 0.52776003, 0.69056630, 0.58126676, 0.63625079, 0.49813539, 0.42119968, 0.37552476)
(0.71006888, 0.19756828, 0.37745389, 0.60516411, 0.49652812, 0.34747392, 0.55261183, 0.58358991, 0.49149814, 0.33895978)
(0.66201794, 0.79977226, 0.74188095, 0.58003986, 0.46719459, 0.62400216, 0.61895102, 0.18313938, 0.20062812, 0.68672806)
(0.87592101, 0.19869404, 0.24932371, 0.26136118, 0.86632073, 0.21303786, 0.37884751, 0.25538862, 0.34454909, 0.13262060)
(0.16655619, 0.79265326, 0.24691220, 0.31176606, 0.54174501, 0.55103320, 0.07602485, 0.33088955, 0.77332264, 0.19012050)
(0.46095213, 0.50981820, 0.48770750, 0.76831323, 0.18245749, 0.43274292, 0.45295897, 0.39049226, 0.56790513, 0.57176292)
(0.71071625, 0.58317888, 0.79937267, 0.41323522, 0.77073485, 0.71353859, 0.69191277, 0.52635264, 0.06082659, 0.68792850)
(0.74521792, 0.18670458, 0.26377523, 0.46165380, 0.68304795, 0.35066915, 0.48181176, 0.57768428, 0.49720871, 0.21330123)
(0.59982002, 0.77949256, 0.64469087, 0.61176217, 0.53826493, 0.75035197, 0.67732716, 0.38043427, 0.18925802, 0.70806813)
(0.78328496, 0.39445519, 0.24089877, 0.60588121, 0.66666275, 0.51362097, 0.69224602, 0.36375520, 0.43342224, 0.37351570)
(0.85017878, 0.58862978, 0.58651018, 0.41995463, 0.80107933, 0.54661000, 0.70222557, 0.14375921, 0.15933684, 0.48048523)
(0.54424095, 0.46675357, 0.54228586, 0.19293357, 0.72282982, 0.36561090, 0.22804986, 0.28904003, 0.44379365, 0.22061011)
(0.43362477, 0.57494336, 0.16603680, 0.46335179, 0.69905591, 0.67571688, 0.36118063, 0.58782405, 0.62750536, 0.23554671)
(0.72458130, 0.34787408, 0.22667496, 0.87981319, 0.36168119, 0.61924374, 0.78664958, 0.68299168, 0.51018775, 0.52473462)
(0.62859595, 0.55612898, 0.19974725, 0.70855176, 0.69978321, 0.82195485, 0.73506856, 0.75332242, 0.33321920, 0.50851262)
(0.41669324, 0.69160485, 0.62606448, 0.60150433, 0.43330917, 0.73044813, 0.51854038, 0.70418048, 0.25583869, 0.69328952)
(0.46677107, 0.13577522, 0.18037553, 0.78971660, 0.29979765, 0.28842011, 0.27655470, 0.83088523, 0.80054325, 0.21322323)
(0.64232552, 0.57208365, 0.08771060, 0.65213704, 0.67524856, 0.63684154, 0.55197948, 0.34394273, 0.69728070, 0.22730488)
(0.77546239, 0.62825686, 0.42467254, 0.63401788, 0.64778459, 0.64043516, 0.75057274, 0.24761781, 0.26114288, 0.56558716)
(0.32452711, 0.70925313, 0.24917719, 0.76780653, 0.53979379, 0.89685351, 0.52075112, 0.92454910, 0.36103496, 0.54815161)
(0.93530977, 0.38602218, 0.66880631, 0.60938662, 0.72692382, 0.41007540, 0.85078955, 0.14879017, 0.09155568, 0.60067612)
(0.60388780, 0.39447972, 0.36448821, 0.65969580, 0.46456060, 0.57693267, 0.63058764, 0.63090134, 0.48637316, 0.47372752)
(0.68204325, 0.14801063, 0.38046059, 0.50689960, 0.56427532, 0.29271147, 0.43110716, 0.65060627, 0.49879953, 0.26444328)
(0.64256859, 0.37289098, 0.15823683, 0.29548758, 0.83079010, 0.46388897, 0.32816339, 0.43087673, 0.56356823, 0.12839758)
(0.74176419, 0.37563115, 0.36481002, 0.50195622, 0.71645147, 0.55602568, 0.67162746, 0.46226630, 0.32187226, 0.42260802)
(0.41442481, 0.57983702, 0.31030786, 0.51452404, 0.65940785, 0.77056032, 0.47553900, 0.78815305, 0.40509409, 0.42796779)
(0.78271961, 0.41992188, 0.27899301, 0.69529754, 0.70513207, 0.71034938, 0.81408590, 0.60954332, 0.25493866, 0.53955764)
(0.69924349, 0.62114125, 0.49180168, 0.41826862, 0.63196468, 0.47750995, 0.51283669, 0.15110096, 0.42099693, 0.38140848)
(0.60180449, 0.37311006, 0.52215534, 0.50870925, 0.44091022, 0.37508103, 0.46733364, 0.40816608, 0.49264562, 0.44161478)
(0.63227886, 0.40161559, 0.51676905, 0.54133165, 0.58336121, 0.60127252, 0.64427167, 0.64039505, 0.28681639, 0.53984553)
(0.71151483, 0.71291763, 0.76425827, 0.72053039, 0.41704118, 0.64935720, 0.75664312, 0.30882367, 0.12779315, 0.79752266)
(0.81749409, 0.21206501, 0.15718639, 0.75786400, 0.47521245, 0.32597777, 0.61331218, 0.42091835, 0.65969300, 0.24062063)
(0.81177855, 0.54812318, 0.30106670, 0.62620741, 0.63279456, 0.51072860, 0.71115011, 0.17626551, 0.41374236, 0.43141329)
(0.67705429, 0.42106944, 0.47800449, 0.29771090, 0.65479171, 0.31084362, 0.33005661, 0.23253872, 0.46337426, 0.25375679)
(0.55684447, 0.63028812, 0.35044551, 0.36383346, 0.84556139, 0.78845525, 0.51552624, 0.59704947, 0.24073322, 0.40586525)
(0.75755048, 0.61675954, 0.28057414, 0.60361868, 0.57637018, 0.49451697, 0.61367720, 0.14012283, 0.53342712, 0.37595686)
(0.63133335, 0.40801838, 0.46201441, 0.18350162, 0.75166696, 0.26391286, 0.19839413, 0.21318935, 0.47665286, 0.15655538)
(0.81789535, 0.31783524, 0.26416767, 0.37516332, 0.74868363, 0.28848562, 0.43621418, 0.22833791, 0.45724133, 0.20043169)
(0.89598989, 0.30476600, 0.33323368, 0.85609484, 0.50089794, 0.48495567, 0.88360012, 0.36660025, 0.24579594, 0.61979091)
(0.73634541, 0.38860732, 0.17247701, 0.61993223, 0.59830624, 0.46083778, 0.57242924, 0.35314402, 0.61464530, 0.26290420)
(0.64533871, 0.52554190, 0.49695879, 0.46981886, 0.70944428, 0.68676108, 0.64462560, 0.55560982, 0.22958294, 0.53305358)
(0.71275896, 0.34203038, 0.33573940, 0.64679742, 0.63301170, 0.62474859, 0.71764672, 0.68437737, 0.31793705, 0.48283014)
(0.75669152, 0.22844112, 0.47666851, 0.66227645, 0.44555664, 0.34852776, 0.64045084, 0.48546961, 0.40828454, 0.45642543)
(0.74649364, 0.34872371, 0.29067317, 0.79568058, 0.44503739, 0.56520873, 0.77278161, 0.56155866, 0.45624587, 0.50996649)
(0.38927796, 0.39030984, 0.21928126, 0.59400529, 0.34937850, 0.34912831, 0.22064851, 0.44561097, 0.80050707, 0.23238032)
(0.59468025, 0.53724629, 0.42220795, 0.31298482, 0.70447987, 0.49305686, 0.39311054, 0.28321734, 0.46003854, 0.28559321)
(0.75095034, 0.19333796, 0.17321920, 0.65422255, 0.61372072, 0.43554026, 0.59507203, 0.64824349, 0.58108890, 0.23356013)
(0.85784322, 0.31960186, 0.11592773, 0.73183280, 0.66541749, 0.47101533, 0.73594004, 0.33390018, 0.53970033, 0.27296403)
(0.46542326, 0.38328984, 0.30524907, 0.71668720, 0.41745576, 0.62678987, 0.48658666, 0.82209498, 0.55137527, 0.42429519)
(0.90290219, 0.38453150, 0.42418647, 0.60658395, 0.76711249, 0.50706047, 0.83592105, 0.23712945, 0.16681555, 0.51379824)
(0.69179136, 0.17676024, 0.36232269, 0.51673371, 0.57445502, 0.33421916, 0.47251660, 0.62875086, 0.48960632, 0.27605441)
(0.52051151, 0.17966411, 0.62959909, 0.22219993, 0.61725157, 0.18552500, 0.13267776, 0.54724687, 0.50067782, 0.18615070)
(0.60117823, 0.46621302, 0.18927367, 0.91961241, 0.13426733, 0.40316311, 0.56481034, 0.30460760, 0.74854600, 0.48735106)
(0.74010199, 0.62107664, 0.16598248, 0.71734744, 0.74848020, 0.78307647, 0.77114499, 0.47751412, 0.34057912, 0.49036482)
(0.75689977, 0.44872850, 0.18162842, 0.69395715, 0.69925272, 0.67499107, 0.75380689, 0.51525563, 0.40204155, 0.41764340)
(0.72477561, 0.47529000, 0.05514106, 0.64336753, 0.76714879, 0.62049145, 0.56928653, 0.37990433, 0.68825334, 0.16300572)
(0.67696255, 0.63547432, 0.70410150, 0.67252296, 0.43615282, 0.61846405, 0.71831572, 0.37423527, 0.18255983, 0.73516208)
(0.77597135, 0.35738677, 0.45743501, 0.74950719, 0.48938015, 0.55280668, 0.79835284, 0.54150593, 0.26266426, 0.61783075)
(0.54574835, 0.64762735, 0.33662945, 0.81445390, 0.49758098, 0.84672624, 0.74497992, 0.81562775, 0.26035175, 0.67964369)
(0.79073584, 0.42478210, 0.37734666, 0.44865882, 0.85447991, 0.69090176, 0.72663790, 0.48148516, 0.17608695, 0.44029039)
(0.86078709, 0.53833193, 0.57497603, 0.51022130, 0.74948484, 0.53369766, 0.76733822, 0.16888371, 0.15696372, 0.53682339)
(0.68654585, 0.51641798, 0.63907117, 0.39136091, 0.71437645, 0.60026687, 0.60847145, 0.41291401, 0.19109985, 0.52080625)
(0.61115903, 0.48593688, 0.22639394, 0.61413842, 0.51899976, 0.52741313, 0.53675914, 0.38964909, 0.63730478, 0.32884234)
(0.60067099, 0.47526485, 0.18334077, 0.33426565, 0.74923903, 0.44458067, 0.31406254, 0.30900326, 0.62777805, 0.15547502)
(0.81049746, 0.27492321, 0.58393806, 0.90099484, 0.26381662, 0.42868814, 0.80455905, 0.58916527, 0.21505846, 0.74323243)
(0.77500147, 0.30156764, 0.23092258, 0.32946888, 0.84136301, 0.43185949, 0.48484042, 0.40205348, 0.38602695, 0.19747347)
(0.69639486, 0.48653811, 0.34629443, 0.27797380, 0.78234410, 0.42145118, 0.37959954, 0.22529098, 0.43829340, 0.21352728)
(0.50133264, 0.54685801, 0.14709494, 0.50218916, 0.64427477, 0.58125806, 0.37668535, 0.41559017, 0.71382880, 0.20544294)
(0.46062607, 0.77015328, 0.74851531, 0.45019114, 0.56893051, 0.74909490, 0.50025105, 0.55107015, 0.16319548, 0.68892962)
(0.59229028, 0.45569012, 0.28507620, 0.51696610, 0.53282499, 0.47101259, 0.46174106, 0.38634041, 0.61845708, 0.30744579)
(0.65490401, 0.83534348, 0.24177985, 0.77623671, 0.77984017, 0.93937588, 0.83017039, 0.68121135, 0.14144208, 0.70375395)
(0.68959135, 0.52263230, 0.25282493, 0.58199692, 0.63287008, 0.56913799, 0.62178379, 0.32073185, 0.49864078, 0.38333854)
(0.71797454, 0.71191221, 0.32312453, 0.51237524, 0.66436094, 0.56038886, 0.55392778, 0.11113803, 0.48622942, 0.34953654)
(0.49343297, 0.39740968, 0.33239746, 0.61024338, 0.39766595, 0.47639796, 0.43891498, 0.56539255, 0.64578325, 0.36806759)
(0.68876630, 0.36082998, 0.25572321, 0.61351562, 0.70768470, 0.69116741, 0.70306373, 0.73869300, 0.34386951, 0.42379531)
(0.65974528, 0.22817729, 0.39739314, 0.65373158, 0.48496833, 0.45939159, 0.60520566, 0.70284015, 0.44523281, 0.41316581)
(0.80910516, 0.51068193, 0.30382723, 0.67516184, 0.68692744, 0.64323711, 0.80097681, 0.33744198, 0.28370422, 0.53619510)
(0.82649398, 0.22343823, 0.12672317, 0.76288980, 0.72037035, 0.62823510, 0.80476594, 0.70847160, 0.42963830, 0.32556248)
(0.76039207, 0.57388657, 0.42679009, 0.60415727, 0.65283412, 0.62585354, 0.74096078, 0.29146639, 0.27285936, 0.54747385)
(0.68842697, 0.56972826, 0.29394978, 0.60988206, 0.68420184, 0.70254385, 0.70123541, 0.45241907, 0.34669071, 0.49780601)
(0.63806784, 0.44710422, 0.68791074, 0.55265880, 0.54120839, 0.56553382, 0.63309306, 0.57133049, 0.19462404, 0.64333940)
(0.57098138, 0.35823709, 0.45229325, 0.53497350, 0.43222705, 0.41154894, 0.47154731, 0.49375483, 0.55243868, 0.40445656)
(0.49132109, 0.41708666, 0.26774475, 0.49967715, 0.67585391, 0.68030334, 0.46893823, 0.78094745, 0.46731651, 0.33201915)
(0.65845597, 0.30329189, 0.38674745, 0.92699361, 0.13977791, 0.41762218, 0.68241096, 0.61478138, 0.51325864, 0.64582181)
(0.67889130, 0.32853585, 0.19811070, 0.25666627, 0.82693589, 0.37259680, 0.29709423, 0.37797657, 0.53005153, 0.12285885)
(0.91458398, 0.12562288, 0.56336200, 0.58555269, 0.64520198, 0.19021098, 0.66681397, 0.32831994, 0.19076595, 0.40941423)
(0.75963992, 0.58018672, 0.44912463, 0.60857570, 0.75062549, 0.76197499, 0.79628682, 0.50685829, 0.14769313, 0.63121986)
(0.75002849, 0.51634312, 0.52207279, 0.62850285, 0.65258151, 0.68463522, 0.79168385, 0.50607133, 0.16365084, 0.65220422)
(0.86162591, 0.11981079, 0.29608765, 0.27062270, 0.80306953, 0.13244061, 0.27156687, 0.32231846, 0.41805649, 0.10706980)
(0.81864291, 0.26328060, 0.32118940, 0.86092556, 0.33355200, 0.39656198, 0.77589160, 0.42330688, 0.46542171, 0.51964194)
(0.75993311, 0.69405568, 0.62807804, 0.37930432, 0.82458645, 0.70715660, 0.66101134, 0.24546522, 0.12483966, 0.53514487)
(0.82505393, 0.06945048, 0.25791267, 0.68060005, 0.62402546, 0.31055549, 0.65062618, 0.77285427, 0.40516311, 0.24461646)
(0.73136914, 0.49155453, 0.52825785, 0.32234702, 0.86722422, 0.69998759, 0.62945884, 0.49971870, 0.13594045, 0.44643033)
(0.67140412, 0.34539071, 0.40059599, 0.45545766, 0.55377465, 0.36440989, 0.45705497, 0.38940430, 0.50692081, 0.33039415)
(0.83941841, 0.49398649, 0.51846504, 0.49491328, 0.78982359, 0.60080194, 0.76386255, 0.28138033, 0.15404248, 0.52145714)
(0.70245135, 0.18578015, 0.32674158, 0.50149059, 0.59100842, 0.33775878, 0.47397476, 0.59889942, 0.51168609, 0.25567761)
(0.77855211, 0.36201179, 0.16302076, 0.68940771, 0.72971189, 0.67417288, 0.77282238, 0.60611862, 0.39936617, 0.38189909)
(0.59434587, 0.31237710, 0.38150150, 0.70758408, 0.33721018, 0.42839175, 0.54906982, 0.56994468, 0.58722740, 0.43042165)
(0.63252169, 0.57277238, 0.28108415, 0.44213036, 0.64723599, 0.50858015, 0.45757955, 0.24021320, 0.56661183, 0.28465310)
(0.49244386, 0.48833653, 0.22440223, 0.45624882, 0.61249089, 0.52783859, 0.36213204, 0.46082851, 0.66597420, 0.23589626)
(0.88803816, 0.68127131, 0.25535825, 0.43557835, 0.86817366, 0.51574236, 0.63377178, 0.05102069, 0.31566697, 0.25893494)
(0.60780966, 0.63945371, 0.41281757, 0.45307228, 0.70726055, 0.68303132, 0.56166047, 0.37628487, 0.34277567, 0.44820201)
(0.67612565, 0.32411411, 0.61475778, 0.24164607, 0.69122601, 0.28132239, 0.30661511, 0.32013860, 0.35341367, 0.27980661)
(0.69315767, 0.51627660, 0.16543885, 0.70319092, 0.65309954, 0.69655615, 0.71020424, 0.50960630, 0.48630625, 0.40463665)
(0.84237331, 0.31001750, 0.24571550, 0.88865638, 0.38465950, 0.49049819, 0.83847880, 0.43313837, 0.43889615, 0.54853809)
(0.55268079, 0.52927524, 0.24469949, 0.36561680, 0.80500257, 0.66152769, 0.43309972, 0.51229936, 0.43062925, 0.27265334)
(0.67728895, 0.29973882, 0.23888949, 0.53255445, 0.57285452, 0.39224377, 0.45696187, 0.46627048, 0.61944240, 0.23468728)
(0.66212785, 0.28343073, 0.34799969, 0.35038796, 0.77116060, 0.50404042, 0.49696663, 0.60677207, 0.37191492, 0.28467715)
(0.91476190, 0.13497868, 0.43197945, 0.79963863, 0.50794989, 0.29364753, 0.82702702, 0.42509973, 0.24596260, 0.49811515)
(0.79874009, 0.24943201, 0.19177403, 0.73042911, 0.32724592, 0.15414730, 0.38163951, 0.12993337, 0.73278534, 0.24212062)
(0.83208466, 0.48217472, 0.14931992, 0.74139547, 0.61674464, 0.51728195, 0.74793929, 0.21494164, 0.52316827, 0.36853316)
(0.61559391, 0.42924508, 0.37294683, 0.56617123, 0.57757282, 0.61083567, 0.62872118, 0.60254192, 0.41584542, 0.46609601)
(0.80335337, 0.59443259, 0.55014378, 0.55119675, 0.59027380, 0.47581613, 0.68623859, 0.13824125, 0.29101449, 0.51702797)
(0.56325686, 0.28203425, 0.49612790, 0.16449641, 0.81632018, 0.35966489, 0.23148832, 0.52416140, 0.35840806, 0.19345121)
(0.66143978, 0.53570843, 0.41157487, 0.44199240, 0.71581286, 0.61949015, 0.58724463, 0.37905180, 0.34376776, 0.41950163)
(0.72739643, 0.70018476, 0.45970044, 0.49639964, 0.84790790, 0.83166778, 0.73765498, 0.47828123, 0.11679935, 0.59324336)
(0.66792089, 0.35568750, 0.61932558, 0.71381170, 0.29435188, 0.35347235, 0.58329725, 0.40293616, 0.38510138, 0.61255658)
(0.75678962, 0.33466053, 0.19273143, 0.84582704, 0.19809018, 0.17317921, 0.42656708, 0.09056107, 0.76733226, 0.34051785)
(0.76387912, 0.88036907, 0.25826636, 0.55143625, 0.88763607, 0.86335671, 0.71410459, 0.14638698, 0.18594730, 0.47075346)
(0.68039680, 0.79616159, 0.73885930, 0.52861845, 0.57115746, 0.67689782, 0.65253288, 0.19892167, 0.16521940, 0.67610651)
(0.49464887, 0.49767590, 0.06628884, 0.77019411, 0.66098058, 0.79390955, 0.55161315, 0.82936394, 0.65593815, 0.26164705)
(0.70786023, 0.33918539, 0.26042455, 0.32186875, 0.75209820, 0.34585926, 0.35721421, 0.33205286, 0.51052028, 0.17877671)
(0.65817052, 0.58732915, 0.31753013, 0.49541497, 0.74582219, 0.69208384, 0.61528635, 0.41046312, 0.34611362, 0.42337012)
(0.63996404, 0.58221531, 0.14832813, 0.78589243, 0.43475842, 0.58648372, 0.61100262, 0.33244714, 0.68960172, 0.36144355)
(0.50008881, 0.47014397, 0.43530801, 0.81487203, 0.19022508, 0.48030129, 0.53680766, 0.52523601, 0.56328219, 0.59254116)
(0.79603559, 0.43567860, 0.27468753, 0.68115151, 0.66578072, 0.62010723, 0.78967959, 0.42858860, 0.32541087, 0.50561482)
(0.41120911, 0.50535047, 0.13692184, 0.45193681, 0.73288274, 0.66546834, 0.31609175, 0.69334972, 0.64870268, 0.19056465)
(0.70071453, 0.50934070, 0.27273062, 0.59603727, 0.81476671, 0.82391918, 0.75306273, 0.75090849, 0.19500180, 0.51853448)
(0.82050306, 0.31105822, 0.72345763, 0.80190969, 0.45207307, 0.49471599, 0.81502080, 0.56318384, 0.10499380, 0.76959419)
(0.75778013, 0.20720018, 0.15821087, 0.80701834, 0.42698282, 0.40008700, 0.63791353, 0.58395499, 0.67641217, 0.27755105)
(0.79756093, 0.63144016, 0.60953194, 0.76558650, 0.39002389, 0.51620424, 0.76561230, 0.18186553, 0.22664930, 0.71287572)
(0.61677915, 0.31700450, 0.30711040, 0.51679212, 0.71584839, 0.66497701, 0.59837544, 0.80886811, 0.34871101, 0.38103727)
(0.72401237, 0.27122357, 0.24456318, 0.60870051, 0.68322903, 0.59330302, 0.69219512, 0.69493264, 0.41700834, 0.35713819)
(0.67919153, 0.60609698, 0.80320185, 0.65778303, 0.36683646, 0.51781368, 0.64246279, 0.32018188, 0.17413205, 0.74513280)
(0.57752270, 0.24812227, 0.27948266, 0.68720877, 0.45003864, 0.47967860, 0.51603508, 0.75139552, 0.60184193, 0.33217850)
(0.85402036, 0.48781499, 0.79101396, 0.55837607, 0.66154909, 0.54010755, 0.80691922, 0.27252868, 0.07764357, 0.69933206)
(0.65573263, 0.49364358, 0.29755166, 0.43650773, 0.75133413, 0.60729152, 0.55300957, 0.39858869, 0.41109365, 0.33843192)
(0.72062200, 0.32887915, 0.19973148, 0.59633362, 0.71546042, 0.61390108, 0.67659789, 0.61893052, 0.44747314, 0.32775009)
(0.76785272, 0.26037657, 0.19641891, 0.70469981, 0.69619030, 0.64449537, 0.76032621, 0.74867672, 0.37815699, 0.38140923)
(0.43193957, 0.88645369, 0.08647603, 0.60160613, 0.75797874, 0.84148663, 0.38799518, 0.29965559, 0.61190152, 0.27416423)
(0.82851279, 0.37985182, 0.41957197, 0.65475732, 0.58538914, 0.42286709, 0.71994019, 0.26249564, 0.30654034, 0.48471311)
(0.48100919, 0.45335573, 0.37960011, 0.50864995, 0.53977507, 0.59828103, 0.47194931, 0.65763551, 0.50521630, 0.40539607)
(0.44825187, 0.70407659, 0.08911340, 0.55522782, 0.62667060, 0.61384946, 0.31759253, 0.24738370, 0.79087174, 0.18095586)
(0.64927757, 0.60866314, 0.64233387, 0.40766546, 0.59088838, 0.52651769, 0.53417361, 0.25430688, 0.30908304, 0.49683455)
(0.87221748, 0.75537646, 0.33457142, 0.56421596, 0.80619079, 0.62164176, 0.75232857, 0.05544225, 0.25221467, 0.42903140)
(0.86254966, 0.23490593, 0.26287150, 0.57417291, 0.83207673, 0.59293425, 0.80864125, 0.58039105, 0.20942159, 0.39302561)
(0.57161039, 0.08022347, 0.40046796, 0.60734230, 0.52588075, 0.28044108, 0.30262560, 0.88705850, 0.50083578, 0.25373146)
(0.85870445, 0.45444009, 0.54496098, 0.50029063, 0.76770222, 0.52891886, 0.76643431, 0.24457787, 0.15674540, 0.51683682)
(0.41994411, 0.51722693, 0.14333872, 0.71131337, 0.45414191, 0.62876105, 0.40385446, 0.63658684, 0.74621379, 0.28432196)
(0.78534359, 0.45080146, 0.33717528, 0.75735927, 0.65435141, 0.74510431, 0.85356176, 0.65506697, 0.19345525, 0.63829780)
(0.81822342, 0.09415409, 0.30976406, 0.72227931, 0.55580938, 0.33517107, 0.69078463, 0.72581786, 0.39217591, 0.32033914)
(0.82015240, 0.73501390, 0.42981437, 0.47737780, 0.72639078, 0.51996583, 0.62400079, 0.05570485, 0.34557581, 0.38422433)
(0.79517514, 0.61152536, 0.39669269, 0.59579951, 0.76896036, 0.72860557, 0.79151213, 0.33334202, 0.18396135, 0.57139009)
(0.60783732, 0.40109405, 0.33200976, 0.58436555, 0.46598175, 0.46438783, 0.52207905, 0.45271540, 0.59310126, 0.36601678)
(0.56455404, 0.70413697, 0.47642070, 0.34685746, 0.79218280, 0.73757803, 0.48491952, 0.40253082, 0.25731334, 0.43221334)
(0.84216368, 0.45442912, 0.80695611, 0.46710226, 0.59181547, 0.33210176, 0.62259376, 0.15431157, 0.14884345, 0.57043225)
(0.44899252, 0.25313970, 0.21166557, 0.49050668, 0.49338612, 0.30009097, 0.19528228, 0.60338795, 0.77495891, 0.15009528)
(0.84310031, 0.27458930, 0.19733265, 0.70216471, 0.69714689, 0.55074114, 0.79777068, 0.51493746, 0.37900296, 0.38236201)
(0.89782739, 0.50149691, 0.61814809, 0.59280568, 0.72647023, 0.52650321, 0.84037888, 0.17421137, 0.11047087, 0.61192483)
(0.60503662, 0.33933449, 0.25645348, 0.26245201, 0.74356967, 0.31511921, 0.22701153, 0.35970578, 0.59592646, 0.13064279)
(0.85911238, 0.51500291, 0.44072115, 0.77743405, 0.53410983, 0.55484551, 0.85502088, 0.22983621, 0.20756298, 0.66370791)
(0.55003005, 0.59676826, 0.32238802, 0.60530597, 0.62550038, 0.76549792, 0.63569736, 0.65299523, 0.36793822, 0.51164871)
(0.82286793, 0.52931553, 0.50258690, 0.75108939, 0.70343506, 0.78120899, 0.89128482, 0.60916889, 0.07934586, 0.75386578)
(0.71856719, 0.58342493, 0.70765400, 0.52820981, 0.68024915, 0.69088668, 0.73847437, 0.47265130, 0.10633734, 0.68611771)
(0.83629179, 0.12900591, 0.23668645, 0.36045402, 0.87370050, 0.41114089, 0.57256281, 0.67295361, 0.29145667, 0.18591344)
(0.82881957, 0.47833058, 0.43744874, 0.48672885, 0.65131158, 0.37339798, 0.60126412, 0.14866354, 0.36467832, 0.38210312)
(0.77882326, 0.44088018, 0.47016317, 0.46313068, 0.81583911, 0.68188816, 0.73719150, 0.50491834, 0.15132825, 0.50844169)
(0.73926914, 0.41082999, 0.59039497, 0.64433193, 0.66452545, 0.70237249, 0.79041040, 0.71453631, 0.11215211, 0.68331689)
(0.79437417, 0.17151088, 0.33219188, 0.42699009, 0.73061037, 0.33686057, 0.53244925, 0.56567168, 0.37292701, 0.24994625)
(0.40414140, 0.53812385, 0.15781492, 0.54333180, 0.62209749, 0.65424693, 0.35500941, 0.66262352, 0.67705083, 0.24520162)
(0.72641772, 0.46045429, 0.12368576, 0.72341192, 0.60774690, 0.59205508, 0.67118990, 0.39833578, 0.62229270, 0.30567116)
(0.65539080, 0.77923310, 0.37470096, 0.78232229, 0.39807072, 0.66419899, 0.68931669, 0.25446132, 0.40851179, 0.64507490)
(0.89103156, 0.12874268, 0.42485216, 0.90162802, 0.31963912, 0.28495592, 0.82402164, 0.51363480, 0.31813815, 0.57245380)
(0.86810058, 0.34015867, 0.33493620, 0.64140385, 0.71550691, 0.49993092, 0.80721384, 0.33278197, 0.24430560, 0.48442537)
(0.61889511, 0.56055903, 0.59854114, 0.43713224, 0.49787900, 0.44203204, 0.47558016, 0.24997413, 0.42673147, 0.45325416)
(0.75144613, 0.73972780, 0.46289474, 0.81451708, 0.43419540, 0.69669592, 0.81928480, 0.27105105, 0.22697516, 0.74594516)
(0.75505936, 0.64603996, 0.37547377, 0.47942638, 0.78906554, 0.67064470, 0.67008024, 0.22639433, 0.27009463, 0.43722054)
(0.70576227, 0.45922962, 0.28490183, 0.52191424, 0.77594715, 0.69278371, 0.67822564, 0.53452182, 0.30699962, 0.42231056)
(0.60492855, 0.54357642, 0.28060743, 0.61500710, 0.62446851, 0.70364797, 0.64655793, 0.57202673, 0.42270973, 0.46927980)
(0.87319326, 0.39884555, 0.25190762, 0.57342488, 0.79108226, 0.50701511, 0.75843203, 0.25650111, 0.28688955, 0.38167989)
(0.37753204, 0.70102268, 0.49770129, 0.68341267, 0.25850692, 0.57484615, 0.41351053, 0.39210346, 0.53744107, 0.59484047)
(0.73513854, 0.60929358, 0.09907933, 0.83655608, 0.55160570, 0.67561859, 0.73913515, 0.37170628, 0.62001288, 0.38916332)
(0.60736954, 0.33048171, 0.41648012, 0.57024449, 0.45174596, 0.43386105, 0.52634931, 0.53195029, 0.53540742, 0.39767459)
(0.47728920, 0.42493156, 0.30936223, 0.52889144, 0.45607045, 0.45624748, 0.37975395, 0.48278975, 0.66620636, 0.31311902)
(0.83402050, 0.16897066, 0.13197598, 0.73942250, 0.54651374, 0.32565907, 0.61512440, 0.49076632, 0.64860386, 0.19871505)
(0.88819748, 0.38102046, 0.33725798, 0.74406916, 0.58705223, 0.44158992, 0.82437086, 0.21855788, 0.29288214, 0.52731436)
(0.84489506, 0.45832124, 0.50410765, 0.83837163, 0.35457328, 0.42908037, 0.80172890, 0.22915436, 0.25773370, 0.69213873)
(0.49714217, 0.34468493, 0.44801643, 0.77811080, 0.18259142, 0.33523932, 0.42576918, 0.47129869, 0.63607252, 0.51103002)
(0.36730489, 0.55186927, 0.25783783, 0.41596928, 0.65893000, 0.65798503, 0.31238165, 0.68224680, 0.57594943, 0.27871412)
(0.65801746, 0.21905132, 0.29797506, 0.37123287, 0.72186607, 0.38945931, 0.38973269, 0.62357110, 0.48557234, 0.20631419)
(0.86500740, 0.14109617, 0.24359570, 0.55101311, 0.74293894, 0.34733376, 0.66263831, 0.55947167, 0.36380422, 0.24769999)
(0.79996139, 0.17755239, 0.50231546, 0.24472551, 0.82682127, 0.28122932, 0.41150513, 0.47020829, 0.23424344, 0.24520014)
(0.83578712, 0.55009955, 0.77626449, 0.58956283, 0.60389888, 0.55030823, 0.79577982, 0.23876709, 0.09725829, 0.70743269)
(0.70403486, 0.74746096, 0.35583922, 0.75167328, 0.48037368, 0.66278481, 0.71885008, 0.23750475, 0.38069862, 0.61070967)
(0.73203099, 0.62459767, 0.63259858, 0.80715376, 0.33304113, 0.57410240, 0.76522970, 0.32561082, 0.20538849, 0.77269423)
(0.50406158, 0.35109001, 0.16898905, 0.52892506, 0.38257322, 0.18549176, 0.14266461, 0.20034437, 0.83877558, 0.14237985)
(0.76362485, 0.51647693, 0.45530170, 0.50430197, 0.74265116, 0.63591057, 0.71050644, 0.36236501, 0.22911581, 0.50414008)
(0.70731527, 0.50125527, 0.22802263, 0.63229465, 0.61092067, 0.57082421, 0.65742522, 0.34151018, 0.51245922, 0.39059073)
(0.76414770, 0.35230809, 0.79075849, 0.63787746, 0.50275528, 0.45594493, 0.70595759, 0.47701824, 0.12459514, 0.70903713)
(0.46022594, 0.69889194, 0.25781423, 0.44183907, 0.86500049, 0.88737142, 0.52046078, 0.80540478, 0.21493205, 0.43895072)
(0.61346048, 0.44357336, 0.47397846, 0.42463806, 0.73140812, 0.67505687, 0.59550285, 0.67752260, 0.24249046, 0.47581241)
(0.47652158, 0.72762311, 0.54740041, 0.21215323, 0.71579611, 0.50342524, 0.21769226, 0.18504226, 0.44248793, 0.26942515)
(0.59236395, 0.41573435, 0.28331596, 0.42769039, 0.46371534, 0.20548595, 0.19193512, 0.14057451, 0.72826087, 0.18768832)
(0.70132673, 0.43354660, 0.42232081, 0.19504321, 0.73681700, 0.19650680, 0.16403900, 0.10736147, 0.53844726, 0.12179933)
(0.67115754, 0.75181717, 0.48072991, 0.17331414, 0.90382504, 0.64273369, 0.34057841, 0.12548390, 0.24984592, 0.23089471)
(0.69033855, 0.32331470, 0.47567496, 0.37486160, 0.58897740, 0.28915629, 0.37872359, 0.33362532, 0.46026623, 0.30274877)
(0.86804020, 0.68819779, 0.53559828, 0.64103156, 0.68782073, 0.60499090, 0.82591492, 0.09890155, 0.15604882, 0.62310773)
(0.69350958, 0.56429672, 0.58357549, 0.70714086, 0.34566581, 0.46748385, 0.64445126, 0.25980291, 0.34659359, 0.63803166)
(0.66048813, 0.47610757, 0.42968711, 0.42374951, 0.76002711, 0.66265869, 0.61255765, 0.52880096, 0.26595441, 0.44637436)
(0.50537246, 0.64620811, 0.31462157, 0.37455764, 0.85205573, 0.82044876, 0.49196261, 0.68873173, 0.24051039, 0.40530160)
(0.78248030, 0.28594935, 0.24358702, 0.80657840, 0.40678257, 0.43360144, 0.72322172, 0.45339277, 0.56404334, 0.40855148)
(0.70380205, 0.27029303, 0.32404807, 0.50314456, 0.68475264, 0.52140540, 0.61925966, 0.62710696, 0.40287444, 0.34620574)
(0.56695932, 0.43210113, 0.42526054, 0.83029878, 0.18752022, 0.42774400, 0.56944066, 0.44896773, 0.55435026, 0.58995062)
(0.33318296, 0.57278180, 0.08118193, 0.70915198, 0.52605391, 0.68786091, 0.30372617, 0.72007602, 0.79986066, 0.20659785)
(0.46969727, 0.47969583, 0.45900011, 0.38745931, 0.44734403, 0.31614473, 0.22989883, 0.23535965, 0.64060348, 0.28004637)
(0.78277624, 0.25918502, 0.23362559, 0.34587282, 0.80219638, 0.35909209, 0.44790456, 0.41152617, 0.43605927, 0.17951930)
(0.77523124, 0.53508466, 0.42260820, 0.42848024, 0.79889470, 0.60055494, 0.64981812, 0.26505262, 0.25571942, 0.41005582)
(0.77671248, 0.40942380, 0.25737616, 0.88849062, 0.25946847, 0.41863695, 0.73029441, 0.27975318, 0.55465764, 0.54392028)
(0.71375948, 0.32604074, 0.27326682, 0.51051491, 0.73873746, 0.59195173, 0.65256864, 0.58543658, 0.38420683, 0.34955481)
(0.57477444, 0.33290297, 0.26430324, 0.55796504, 0.64020330, 0.62598503, 0.54602355, 0.76214778, 0.48448893, 0.33558589)
(0.45529923, 0.54934037, 0.29352340, 0.42298123, 0.68562305, 0.66573054, 0.41092557, 0.60933226, 0.49176350, 0.32951513)
(0.72078967, 0.35141778, 0.14698432, 0.63378739, 0.72262543, 0.64038557, 0.68146998, 0.61008728, 0.50149524, 0.29832277)
(0.80142742, 0.27780035, 0.07561052, 0.41975823, 0.79486322, 0.28638244, 0.32041019, 0.25152835, 0.70782262, 0.07046178)
(0.68559039, 0.36757785, 0.24117443, 0.81485218, 0.37903649, 0.55516505, 0.70159936, 0.58011383, 0.58874595, 0.44816247)
(0.77217770, 0.85074711, 0.72333819, 0.32359788, 0.78815353, 0.64037234, 0.54673129, 0.06019237, 0.15368159, 0.49900585)
(0.69680148, 0.45901293, 0.40070215, 0.28423110, 0.78836256, 0.46207207, 0.43184882, 0.28762129, 0.37123314, 0.26153818)
(0.55110967, 0.48841769, 0.09962528, 0.54904985, 0.65465850, 0.54671842, 0.37159851, 0.42408127, 0.76003653, 0.15821068)
(0.87265098, 0.31639963, 0.55962318, 0.61655891, 0.62858331, 0.40157455, 0.77573627, 0.28494847, 0.19484934, 0.54053056)
(0.76192331, 0.65118235, 0.61153722, 0.52782601, 0.64772916, 0.60927987, 0.71645921, 0.20502698, 0.19838320, 0.58854711)
(0.34712714, 0.82865888, 0.51911497, 0.57398033, 0.38706160, 0.73013484, 0.40230331, 0.40532088, 0.46421179, 0.57893944)
(0.77075529, 0.31589109, 0.67221087, 0.53790075, 0.58206385, 0.43452618, 0.67925590, 0.44151935, 0.19518092, 0.57214677)
(0.66549665, 0.34659463, 0.55141813, 0.49761143, 0.70745319, 0.65679479, 0.65528220, 0.76635057, 0.17294781, 0.54288101)
(0.63121307, 0.83377653, 0.39239717, 0.67662632, 0.66788304, 0.84204984, 0.71732748, 0.38114646, 0.22447132, 0.65839624)
(0.81160337, 0.60628021, 0.47969288, 0.57081765, 0.64873886, 0.53635287, 0.73083025, 0.14599527, 0.27585527, 0.51814032)
(0.79013252, 0.29828292, 0.50621969, 0.71464664, 0.44211328, 0.40139616, 0.72282827, 0.41805762, 0.31791908, 0.55714560)
(0.61962962, 0.38558984, 0.23517939, 0.59528172, 0.58861840, 0.56905442, 0.57569218, 0.56656617, 0.56916332, 0.32938740)
(0.60600019, 0.19098033, 0.36282712, 0.92210096, 0.12779456, 0.32420844, 0.56356823, 0.70420331, 0.62702155, 0.54800743)
(0.77899301, 0.41502345, 0.26077616, 0.72875327, 0.59820580, 0.61816913, 0.79285580, 0.48343286, 0.37854087, 0.50287259)
(0.85976321, 0.54379272, 0.75655735, 0.69836026, 0.51739949, 0.51648349, 0.82292122, 0.20542188, 0.10244657, 0.74381483)
(0.92767447, 0.21736220, 0.26852682, 0.74401504, 0.65577298, 0.34264457, 0.82720667, 0.27479526, 0.28346878, 0.41498536)
(0.58465105, 0.34175318, 0.29817268, 0.41083258, 0.62114626, 0.41822886, 0.37527460, 0.50072181, 0.58684886, 0.23390959)
(0.46857733, 0.80851829, 0.51654822, 0.87355721, 0.26272532, 0.82310188, 0.67690414, 0.69379777, 0.25871718, 0.79654920)
(0.48627493, 0.44169334, 0.21521409, 0.56798065, 0.58531094, 0.60848612, 0.45348856, 0.66785079, 0.61547935, 0.30129817)
(0.74021536, 0.69873142, 0.81058687, 0.54393697, 0.70890301, 0.75582331, 0.77143139, 0.42960128, 0.05201173, 0.77403247)
(0.65503681, 0.48949528, 0.23202085, 0.49427548, 0.78059500, 0.68968666, 0.60423416, 0.52153414, 0.38462657, 0.35565817)
(0.82874244, 0.06683891, 0.08815514, 0.89679474, 0.46193728, 0.34630692, 0.68912911, 0.82958072, 0.67992955, 0.19136564)
(0.61130518, 0.62254596, 0.55055374, 0.38374045, 0.78873086, 0.74700695, 0.58295107, 0.54879749, 0.17010930, 0.52656031)
(0.62248093, 0.33040723, 0.29086098, 0.59384799, 0.31694186, 0.15949346, 0.22183722, 0.14065893, 0.74693298, 0.25452873)
(0.75426054, 0.46138188, 0.53583473, 0.49983162, 0.56983632, 0.40606123, 0.59553069, 0.23279563, 0.35565570, 0.45394620)
(0.81305492, 0.44683629, 0.13307421, 0.66288286, 0.73336107, 0.57887578, 0.72707647, 0.31214559, 0.47661766, 0.31869149)
(0.94072253, 0.18501382, 0.62564021, 0.52035934, 0.70743561, 0.17186894, 0.66736937, 0.15575902, 0.14849286, 0.40964285)
(0.86142415, 0.17346124, 0.23089844, 0.40928665, 0.86594558, 0.43169755, 0.64276814, 0.53987598, 0.28084090, 0.22153461)
(0.68445784, 0.60471553, 0.91932225, 0.67807883, 0.32043922, 0.49280712, 0.62564826, 0.37458140, 0.08220508, 0.84097487)
(0.58344412, 0.45002568, 0.31542027, 0.57476997, 0.55603063, 0.60032243, 0.58470702, 0.56671989, 0.50829446, 0.41225940)
(0.87289333, 0.19736634, 0.24114883, 0.78543943, 0.52332771, 0.37639216, 0.78385115, 0.43055430, 0.43501082, 0.38279682)
(0.67264956, 0.52055460, 0.35851371, 0.38785490, 0.74653667, 0.55262107, 0.51515037, 0.30460572, 0.40453279, 0.32464164)
(0.67999339, 0.41518003, 0.21411954, 0.39998999, 0.82704699, 0.60754699, 0.53417045, 0.46196592, 0.41192991, 0.26109388)
(0.80432183, 0.25982764, 0.37098140, 0.83021927, 0.38719890, 0.44771594, 0.79295462, 0.52163345, 0.38043448, 0.55222666)
(0.54002964, 0.61396712, 0.26363644, 0.44261178, 0.61629754, 0.53506845, 0.39690164, 0.26752362, 0.62862784, 0.27399242)
(0.92605263, 0.07130624, 0.21672222, 0.91079265, 0.44900751, 0.30230275, 0.86894929, 0.63504642, 0.36708489, 0.39452854)
(0.66754347, 0.85645372, 0.59091324, 0.66244388, 0.65200746, 0.83972317, 0.76179069, 0.31592163, 0.12667252, 0.74647951)
(0.70748329, 0.36424682, 0.11360656, 0.69418365, 0.54345024, 0.45869327, 0.53097260, 0.40103412, 0.72771853, 0.20736533)
(0.65586746, 0.47015220, 0.38469884, 0.55712849, 0.67866427, 0.69195926, 0.67972684, 0.63430828, 0.28756097, 0.51201797)
(0.42276359, 0.59492958, 0.33481517, 0.47462642, 0.70307469, 0.78316104, 0.47553304, 0.78310746, 0.35295582, 0.43762168)
(0.38220239, 0.84210205, 0.11352605, 0.59891987, 0.47832775, 0.54887825, 0.21774352, 0.08811622, 0.82594424, 0.21287896)
(0.55861056, 0.48265713, 0.23512073, 0.40528718, 0.70622641, 0.55426145, 0.41478711, 0.44274181, 0.56734645, 0.24749826)
(0.87938374, 0.56066608, 0.49197808, 0.69994044, 0.72327298, 0.67122877, 0.88730347, 0.24200711, 0.11208695, 0.67404604)
(0.67978281, 0.76396722, 0.55794036, 0.46766707, 0.58666027, 0.55661321, 0.53001416, 0.11343819, 0.36951590, 0.46881315)
(0.78336650, 0.71028477, 0.39469874, 0.57070106, 0.72320133, 0.65584320, 0.72642475, 0.14601851, 0.27255774, 0.50122768)
(0.88896424, 0.22079635, 0.39165646, 0.71540785, 0.61431068, 0.38519192, 0.81137741, 0.39026123, 0.24242769, 0.49173191)
(0.77586365, 0.54014415, 0.32097426, 0.79919803, 0.51159215, 0.65984428, 0.83096200, 0.42008600, 0.30864584, 0.63757086)
(0.47074342, 0.40496099, 0.28349110, 0.65591633, 0.38793123, 0.50867295, 0.43134412, 0.61956751, 0.67417723, 0.35531905)
(0.62740964, 0.39293757, 0.14301302, 0.58210021, 0.68483227, 0.60053003, 0.54196501, 0.57149446, 0.61216515, 0.24264841)
(0.64512360, 0.35120982, 0.30234632, 0.47275344, 0.80977923, 0.74373674, 0.63907284, 0.83788067, 0.24358524, 0.39842147)
(0.67609966, 0.28068343, 0.29778448, 0.76463562, 0.37885290, 0.45539400, 0.63803339, 0.59196538, 0.58585203, 0.40641466)
(0.80626857, 0.22502834, 0.08877122, 0.71208274, 0.57600683, 0.34555063, 0.53057659, 0.41317022, 0.73422444, 0.14643665)
(0.81179363, 0.08814120, 0.55130720, 0.50341916, 0.66788322, 0.26822123, 0.55629432, 0.68511242, 0.23971276, 0.34134966)
(0.63615602, 0.63353503, 0.20921397, 0.47931966, 0.81999892, 0.74964976, 0.57447034, 0.42788562, 0.36746734, 0.35038772)
(0.81949604, 0.44133008, 0.65825945, 0.44196969, 0.77429396, 0.57100022, 0.73851961, 0.35885265, 0.11313264, 0.56213844)
(0.83136433, 0.20612350, 0.41225025, 0.59311020, 0.54844493, 0.26819971, 0.60041910, 0.37161076, 0.38835245, 0.36248481)
(0.76906949, 0.25559434, 0.33443606, 0.22768754, 0.87246507, 0.38130659, 0.41601229, 0.44503286, 0.29301059, 0.19538118)
(0.82566208, 0.47470561, 0.46795353, 0.44146433, 0.88780963, 0.74891090, 0.78074628, 0.48792416, 0.09373974, 0.51763630)
(0.85741562, 0.07360464, 0.40243018, 0.76152450, 0.41975445, 0.15389401, 0.56406790, 0.54712605, 0.45610806, 0.32184228)
(0.90335435, 0.12248912, 0.45096776, 0.61769015, 0.55348355, 0.13657644, 0.55008948, 0.28196353, 0.34324914, 0.32680592)
(0.82045424, 0.29919773, 0.08196130, 0.81358415, 0.62820828, 0.56557757, 0.75966167, 0.51236427, 0.61372960, 0.26885903)
(0.80700165, 0.22623134, 0.25108349, 0.61008686, 0.63763797, 0.41151351, 0.66235465, 0.50169063, 0.45397165, 0.30604658)
(0.84698904, 0.38837442, 0.58113408, 0.85496491, 0.34026206, 0.44542325, 0.82557923, 0.34750816, 0.19643849, 0.73748624)
(0.93505567, 0.31807443, 0.53271955, 0.79250985, 0.65201920, 0.49036664, 0.91410989, 0.29079479, 0.08934996, 0.69373983)
(0.46217859, 0.78145713, 0.25591135, 0.43655843, 0.82567590, 0.84883589, 0.46761394, 0.53866136, 0.31228372, 0.40076187)
(0.84383589, 0.53626603, 0.44170362, 0.44466221, 0.75225174, 0.45508939, 0.64848661, 0.13504665, 0.28687379, 0.38530904)
(0.76489693, 0.44991040, 0.24453001, 0.51730829, 0.77920514, 0.59546751, 0.66634816, 0.35278657, 0.36779028, 0.35243076)
(0.73826420, 0.35766333, 0.20609105, 0.67587519, 0.60501909, 0.55074310, 0.68741316, 0.49765879, 0.51638210, 0.35634187)
(0.73986417, 0.55017251, 0.60037339, 0.35760200, 0.85947603, 0.73528135, 0.67544675, 0.51162881, 0.09561396, 0.53418720)
(0.78389442, 0.53789687, 0.31248745, 0.56920552, 0.69902629, 0.55822444, 0.68972087, 0.22855285, 0.37426734, 0.41961300)
(0.65844589, 0.49639717, 0.75713676, 0.35526699, 0.75332552, 0.65277666, 0.60007477, 0.58034664, 0.10157713, 0.59870833)
(0.70149952, 0.44916192, 0.53577369, 0.46257374, 0.74311608, 0.66676491, 0.68608111, 0.59387648, 0.16995470, 0.54674077)
(0.62510699, 0.46207884, 0.78465253, 0.65117317, 0.33877236, 0.44208938, 0.57353783, 0.45218456, 0.22433791, 0.71065354)
(0.57843715, 0.59324521, 0.54131097, 0.18362446, 0.74904305, 0.39909220, 0.23542482, 0.17284621, 0.43739468, 0.21331669)
(0.69654649, 0.46608514, 0.28243318, 0.41667244, 0.83289385, 0.67346692, 0.60126591, 0.46680546, 0.31067762, 0.33986682)
(0.67699003, 0.71088016, 0.75475222, 0.84542638, 0.26878491, 0.64965451, 0.75959975, 0.43098751, 0.12826766, 0.86239964)
(0.73647237, 0.45256269, 0.55969256, 0.84004241, 0.38670880, 0.63773453, 0.81845540, 0.62487805, 0.18099932, 0.76194650)
(0.87356871, 0.29944545, 0.86352736, 0.64686054, 0.61581582, 0.44775972, 0.80904239, 0.41745937, 0.04767277, 0.76301610)
(0.79134893, 0.27622998, 0.25955793, 0.60927546, 0.65258938, 0.47646540, 0.69223320, 0.49891904, 0.42614678, 0.34900352)
(0.63441271, 0.52750856, 0.30694729, 0.65868473, 0.70184463, 0.80884910, 0.73562759, 0.77985042, 0.24382654, 0.56581002)
(0.37027913, 0.57066470, 0.34197816, 0.58659422, 0.32769597, 0.46621934, 0.29657218, 0.35833889, 0.70125526, 0.38135117)
(0.39641255, 0.57857370, 0.34571263, 0.42154670, 0.68091571, 0.72595364, 0.40391946, 0.72939295, 0.42178011, 0.38522160)
(0.90000963, 0.26217723, 0.18032591, 0.46994507, 0.77498895, 0.24270463, 0.52246195, 0.16988623, 0.44894898, 0.18019621)
(0.58591563, 0.35066524, 0.43465641, 0.40478829, 0.51883185, 0.33402842, 0.34742722, 0.40521803, 0.56242287, 0.29494241)
(0.58869129, 0.33980080, 0.38497972, 0.47642177, 0.69823593, 0.64841545, 0.56343305, 0.79195040, 0.31935185, 0.40911007)
(0.83783334, 0.35876411, 0.24502133, 0.50229073, 0.77987546, 0.45881480, 0.66585195, 0.29966739, 0.34983811, 0.31261230)
(0.74263263, 0.51792604, 0.19738148, 0.65984052, 0.76861960, 0.76218665, 0.76439089, 0.56563050, 0.30644318, 0.47042868)
(0.44115758, 0.50749445, 0.70404452, 0.57042491, 0.31735665, 0.46865115, 0.42053828, 0.51448780, 0.37438646, 0.62303960)
(0.71542585, 0.38848060, 0.34619382, 0.58155227, 0.52652717, 0.42868948, 0.58970273, 0.35570019, 0.50079721, 0.39304623)
(0.76215756, 0.60057813, 0.22433497, 0.13236417, 0.90677047, 0.30361781, 0.17667286, 0.05365654, 0.51207328, 0.06327192)
