(0.25869572, 0.18161482, 0.15771733, 0.54074842, 0.31078470, 0.32489985, 0.86814249, 0.28918242, 0.71738791, 0.64220530)
(0.51530671, 0.72614658, 0.20105672, 0.76486069, 0.34829092, 0.61016178, 0.05520411, 0.73751503, 0.31124687, 0.78464586)
(0.57370448, 0.29762149, 0.82669401, 0.69278079, 0.30777767, 0.30603948, 0.72189033, 0.45846203, 0.31162238, 0.98306793)
(0.29794592, 0.25959066, 0.58912146, 0.21238948, 0.18084083, 0.83907008, 0.11438271, 0.90563929, 0.31957981, 0.26864561)
(0.93782854, 0.60711098, 0.11739257, 0.84146118, 0.46954978, 0.67828739, 0.86457777, 0.59838581, 0.42623281, 0.61612815)
(0.83931679, 0.68208873, 0.43088320, 0.92390925, 0.27041206, 0.17526086, 0.74243456, 0.69062626, 0.04721637, 0.56364751)
(0.93192685, 0.07786772, 0.39420569, 0.76440102, 0.19307967, 0.86827582, 0.22289126, 0.58493239, 0.42961758, 0.08385783)
(0.41423595, 0.45552433, 0.69402003, 0.61526096, 0.39393470, 0.00666422, 0.40404177, 0.53239441, 0.91153145, 0.94880480)
(0.42037979, 0.12194871, 0.95554358, 0.16121878, 0.92976558, 0.31408936, 0.06408440, 0.06544404, 0.84396958, 0.19673859)
(0.12514488, 0.09830239, 0.47019896, 0.06435790, 0.18924800, 0.84319347, 0.61103523, 0.90136218, 0.21914524, 0.08303516)
(0.65410542, 0.64039600, 0.30502433, 0.31398857, 0.26849300, 0.45792300, 0.94229525, 0.80308294, 0.48079389, 0.33792257)
(0.84662855, 0.54605472, 0.65580511, 0.66584116, 0.67916024, 0.23110865, 0.59301645, 0.32825091, 0.32531911, 0.27791819)
(0.36119688, 0.15642497, 0.58328682, 0.16781765, 0.65786749, 0.66923845, 0.34940022, 0.12684140, 0.11182741, 0.90105706)
(0.64940417, 0.72474575, 0.52088934, 0.84917694, 0.16927093, 0.80832237, 0.03630420, 0.96151483, 0.81466389, 0.42852634)
(0.67212558, 0.62485778, 0.19213973, 0.73411149, 0.87312281, 0.35160160, 0.53676230, 0.33070037, 0.11655083, 0.57218438)
(0.35594824, 0.27466884, 0.80112892, 0.60040450, 0.69004917, 0.07201219, 0.65689284, 0.33134544, 0.30409893, 0.86356765)
(0.59622043, 0.59181362, 0.80888599, 0.74221045, 0.82421905, 0.02459393, 0.32667273, 0.32872549, 0.19324861, 0.70363820)
(0.32330215, 0.55930340, 0.80056882, 0.76311439, 0.63979220, 0.18093511, 0.05494631, 0.17754729, 0.60784775, 0.28871375)
(0.14016981, 0.37376300, 0.84841412, 0.66303194, 0.83613408, 0.55160254, 0.48032627, 0.17063887, 0.29596969, 0.75412506)
(0.77567637, 0.63778853, 0.53194058, 0.69195688, 0.82122642, 0.75750875, 0.16416381, 0.64713538, 0.56518668, 0.67008948)
(0.49088252, 0.66536015, 0.74246103, 0.49883270, 0.13550226, 0.74933589, 0.70852679, 0.14769682, 0.80851734, 0.47024503)
(0.66763872, 0.50433439, 0.27474546, 0.30563766, 0.63512522, 0.62879473, 0.38525864, 0.15244009, 0.10481176, 0.58225363)
(0.53738433, 0.52363706, 0.95009810, 0.60315752, 0.78117901, 0.05476825, 0.43559778, 0.41498935, 0.48287472, 0.95803410)
(0.68530315, 0.36327878, 0.32718131, 0.02953742, 0.47191727, 0.76069754, 0.62306690, 0.32467079, 0.07749193, 0.29163250)
(0.48591280, 0.15994853, 0.26660055, 0.23171450, 0.51879263, 0.90907836, 0.41763860, 0.09880394, 0.21250005, 0.57543093)
(0.81913918, 0.38681930, 0.34087279, 0.53407007, 0.56128329, 0.68898302, 0.92135352, 0.52446818, 0.89011461, 0.22115047)
(0.89821917, 0.25161472, 0.56838834, 0.61955410, 0.37923688, 0.33842659, 0.77789706, 0.09748762, 0.11320926, 0.91383326)
(0.34706816, 0.43321738, 0.80204028, 0.25542843, 0.42709160, 0.28174356, 0.27927536, 0.18380733, 0.91585428, 0.19188337)
(0.29192042, 0.77031666, 0.69519234, 0.53185779, 0.39821097, 0.42169693, 0.50694895, 0.44067022, 0.39469382, 0.18027548)
(0.58537698, 0.31606305, 0.75016254, 0.42252907, 0.19825985, 0.71064413, 0.12601678, 0.94174194, 0.47305316, 0.09374590)
(0.23062818, 0.56353354, 0.38464031, 0.52990150, 0.19780077, 0.23048091, 0.36392719, 0.15265256, 0.72801459, 0.63768864)
(0.82755768, 0.80635977, 0.40079650, 0.54558641, 0.52929145, 0.73082399, 0.94859791, 0.47542426, 0.46622333, 0.20186013)
(0.57181156, 0.39128286, 0.44588873, 0.05488814, 0.57349557, 0.71050119, 0.68732995, 0.73804671, 0.17951636, 0.33587471)
(0.49574837, 0.44190460, 0.12652650, 0.08686846, 0.08765133, 0.66310573, 0.54286867, 0.54348767, 0.07508628, 0.11487691)
(0.26377413, 0.97539514, 0.72380835, 0.72290087, 0.37937102, 0.59369606, 0.51268631, 0.17744601, 0.38572037, 0.10738065)
(0.62372506, 0.50892889, 0.43703878, 0.45642275, 0.90030396, 0.08997704, 0.60147506, 0.12569071, 0.14553896, 0.74049866)
(0.16640560, 0.41845328, 0.66941857, 0.92805630, 0.37854695, 0.55749577, 0.03440583, 0.40482160, 0.26524758, 0.95263052)
(0.72729290, 0.12841453, 0.26881254, 0.82866657, 0.66613030, 0.62408280, 0.20635219, 0.37087488, 0.26386133, 0.58533150)
(0.74293828, 0.15441178, 0.30568635, 0.76673973, 0.51107532, 0.65476859, 0.11293230, 0.24178046, 0.36523899, 0.76439983)
(0.81854773, 0.64398688, 0.29844925, 0.74613768, 0.38785461, 0.55279529, 0.95623839, 0.16487542, 0.41066661, 0.80892432)
(0.78640604, 0.50926000, 0.84921986, 0.41114491, 0.61471641, 0.20867334, 0.33984557, 0.37093556, 0.47460279, 0.24204308)
(0.91381741, 0.03293224, 0.39793789, 0.21381973, 0.09391814, 0.84862506, 0.21268359, 0.37674686, 0.84091455, 0.93138951)
(0.55060458, 0.71653134, 0.44265664, 0.44022399, 0.57014638, 0.04046896, 0.26097646, 0.64846802, 0.92295814, 0.82480764)
(0.44518498, 0.45944348, 0.69774508, 0.22915190, 0.47035331, 0.54750949, 0.84289086, 0.39216915, 0.07936622, 0.56049341)
(0.79765636, 0.25447029, 0.24754117, 0.68291718, 0.13205500, 0.80270374, 0.11107914, 0.74285442, 0.85943842, 0.17437892)
(0.54829890, 0.71208626, 0.56173968, 0.85615933, 0.59630787, 0.45760569, 0.06237432, 0.49594453, 0.18101057, 0.76733446)
(0.77865237, 0.62705684, 0.70602763, 0.06114025, 0.51683199, 0.91585356, 0.65231103, 0.58892167, 0.04872483, 0.52578038)
(0.05878046, 0.39682147, 0.70488775, 0.47319502, 0.49704710, 0.21321197, 0.22557628, 0.30703145, 0.26195922, 0.16132714)
(0.57089007, 0.65657640, 0.88515419, 0.09590517, 0.86148369, 0.81505293, 0.87237400, 0.44172087, 0.62589073, 0.10125633)
(0.39849937, 0.76313055, 0.85255426, 0.62143993, 0.08247803, 0.75475597, 0.59960002, 0.33535862, 0.50981784, 0.63799769)
(0.69710100, 0.35527271, 0.44307053, 0.39573362, 0.57706112, 0.20109427, 0.69250017, 0.28895184, 0.06803294, 0.54852748)
(0.07488713, 0.42439571, 0.21243738, 0.83910340, 0.74568862, 0.73875391, 0.17615347, 0.39202425, 0.31515297, 0.80678636)
(0.84069800, 0.38972422, 0.21117790, 0.13465936, 0.26931930, 0.55141085, 0.54177737, 0.44684935, 0.13307133, 0.22426896)
(0.94496423, 0.52024281, 0.04045045, 0.33133551, 0.28096166, 0.79329616, 0.09642717, 0.57176429, 0.60065740, 0.76874125)
(0.92606652, 0.07072194, 0.88069904, 0.02776938, 0.69416904, 0.88895369, 0.03175532, 0.46942765, 0.53220922, 0.58883721)
(0.64022684, 0.39763725, 0.80052871, 0.63423711, 0.70582402, 0.35942376, 0.50755244, 0.70907950, 0.18999922, 0.16446157)
(0.73202527, 0.58338779, 0.70206523, 0.27764750, 0.43855709, 0.06860948, 0.68269652, 0.12569346, 0.43566594, 0.65397835)
(0.38911304, 0.74845201, 0.03430120, 0.53083432, 0.52920413, 0.81887448, 0.15373345, 0.59665161, 0.20128620, 0.56018209)
(0.72353882, 0.76076311, 0.55766886, 0.87584037, 0.79880738, 0.16905262, 0.44209930, 0.59961832, 0.05383810, 0.89155179)
(0.41573262, 0.21286723, 0.72520870, 0.81877637, 0.57026517, 0.58885467, 0.84314734, 0.60158992, 0.22833911, 0.75642240)
(0.32649705, 0.34556609, 0.11157647, 0.39253795, 0.58700585, 0.70701522, 0.57574576, 0.20124172, 0.12517644, 0.57808787)
(0.30118951, 0.29756781, 0.17409365, 0.32721660, 0.38828960, 0.56238520, 0.82186431, 0.93028438, 0.32095635, 0.03986015)
(0.28574410, 0.21142153, 0.64623278, 0.93977380, 0.59691244, 0.79210436, 0.09932996, 0.26696157, 0.38668534, 0.86097229)
(0.81361562, 0.75526017, 0.42209348, 0.59020042, 0.59533238, 0.02907084, 0.68237627, 0.08217941, 0.44339937, 0.73823392)
(0.15518998, 0.82361317, 0.46128309, 0.52332789, 0.54583126, 0.56192464, 0.58047098, 0.66901207, 0.25339028, 0.07191657)
(0.76376277, 0.27653065, 0.76119494, 0.91876203, 0.06897735, 0.55780125, 0.90786284, 0.80027646, 0.55806839, 0.97771674)
(0.62828135, 0.60588491, 0.66213846, 0.13935477, 0.37521142, 0.15899432, 0.21769542, 0.20554547, 0.93358940, 0.34180576)
(0.63174021, 0.32260093, 0.46522975, 0.68076211, 0.76093674, 0.24640523, 0.19409378, 0.46439612, 0.17713836, 0.83984762)
(0.30106732, 0.65704429, 0.25470492, 0.70762980, 0.48787838, 0.71479124, 0.33904257, 0.44924951, 0.04712492, 0.14623842)
(0.88157755, 0.18718936, 0.39839521, 0.02417429, 0.13871528, 0.88055360, 0.21079896, 0.48487106, 0.37772524, 0.53910911)
(0.79127008, 0.82469845, 0.05812716, 0.62224519, 0.45142332, 0.32453281, 0.81537294, 0.79587162, 0.22172779, 0.09057915)
(0.41885263, 0.15319693, 0.64709729, 0.59583908, 0.92813712, 0.23813029, 0.08112911, 0.13566689, 0.17582054, 0.70300698)
(0.73515356, 0.65938085, 0.58341813, 0.02033333, 0.78979212, 0.14882134, 0.07467834, 0.08252577, 0.11007725, 0.72467047)
(0.39578897, 0.60700589, 0.23842821, 0.24887906, 0.23266099, 0.38749456, 0.90992749, 0.74229461, 0.44059390, 0.36150214)
(0.71139681, 0.33454689, 0.61691749, 0.84479165, 0.40547195, 0.52685660, 0.85454321, 0.48384342, 0.51825070, 0.94819659)
(0.49298498, 0.78415585, 0.73741418, 0.43716919, 0.35886458, 0.08979569, 0.76029897, 0.02755905, 0.71478063, 0.85551870)
(0.50965166, 0.80379605, 0.40685767, 0.49110571, 0.92321587, 0.25721812, 0.87728214, 0.48572811, 0.52457643, 0.41084176)
(0.19181621, 0.55100042, 0.66247886, 0.64953578, 0.84885675, 0.35489094, 0.30787283, 0.30039963, 0.19699331, 0.80665386)
(0.77805692, 0.22983861, 0.07086074, 0.51844323, 0.18618111, 0.85237771, 0.17900746, 0.68144661, 0.37124157, 0.39843923)
(0.64004803, 0.81757897, 0.45492527, 0.33787373, 0.31547934, 0.42966458, 0.73162019, 0.67106044, 0.30913138, 0.09045173)
(0.27311626, 0.48456484, 0.91807407, 0.81229705, 0.90557206, 0.12014747, 0.12128824, 0.44299603, 0.76379234, 0.18850866)
(0.01821089, 0.52114302, 0.71882290, 0.16637695, 0.64195466, 0.32191494, 0.23715004, 0.43244395, 0.74224317, 0.12762544)
(0.64094865, 0.78322375, 0.86788350, 0.29715621, 0.39815211, 0.41021979, 0.36999866, 0.70292199, 0.21407698, 0.13070445)
(0.27492666, 0.54265320, 0.67973566, 0.66654813, 0.64857036, 0.30577746, 0.51981443, 0.50785279, 0.36498246, 0.04797913)
(0.68694627, 0.66655028, 0.93662244, 0.24953212, 0.62177169, 0.69032222, 0.67174321, 0.03145786, 0.85784918, 0.65391368)
(0.43823498, 0.44338629, 0.09433506, 0.57355517, 0.58812809, 0.82631570, 0.45719638, 0.43732512, 0.08158133, 0.09630442)
(0.20918860, 0.74082470, 0.78507793, 0.31128889, 0.59148824, 0.54867804, 0.61600292, 0.39707986, 0.86732334, 0.08195637)
(0.58274686, 0.47495395, 0.71369302, 0.61111051, 0.56845653, 0.42542040, 0.31921500, 0.57706064, 0.13648450, 0.12859179)
(0.28696910, 0.65905201, 0.81762516, 0.84290224, 0.87304080, 0.51106507, 0.02752734, 0.36832142, 0.98388994, 0.42694193)
(0.12914561, 0.78172559, 0.72255093, 0.24074885, 0.50629252, 0.71244097, 0.27972195, 0.09447312, 0.14172827, 0.22585398)
(0.76879436, 0.51304537, 0.64755446, 0.38892961, 0.80032420, 0.76426792, 0.67942327, 0.08588829, 0.12446322, 0.41810501)
(0.66134393, 0.29167253, 0.12656626, 0.30552256, 0.34893674, 0.65376502, 0.66509551, 0.71577650, 0.11671903, 0.09330564)
(0.31119013, 0.22642326, 0.25418594, 0.71656561, 0.57018131, 0.27662775, 0.80026209, 0.21534091, 0.83791476, 0.87631357)
(0.59867227, 0.74343598, 0.13106002, 0.34368658, 0.20363079, 0.47383249, 0.91612035, 0.72574437, 0.24184959, 0.15102834)
(0.40013149, 0.38094941, 0.80902296, 0.76800632, 0.65669268, 0.02291682, 0.47766730, 0.47710723, 0.12643833, 0.97984022)
(0.82653576, 0.36889303, 0.05282702, 0.56401885, 0.94731671, 0.60974652, 0.58854264, 0.37321770, 0.20811947, 0.40172452)
(0.09082136, 0.57787496, 0.69966179, 0.65787148, 0.87980628, 0.22205055, 0.60722184, 0.50330114, 0.30339730, 0.31445885)
(0.84886312, 0.49524286, 0.20460075, 0.89975446, 0.92453241, 0.88629401, 0.12450738, 0.64012629, 0.32751790, 0.69230121)
(0.40910116, 0.45703512, 0.21538219, 0.06593457, 0.29112330, 0.72890431, 0.20442341, 0.93770009, 0.16585736, 0.32814670)
(0.53875673, 0.67211229, 0.87144095, 0.84618050, 0.61387032, 0.05247426, 0.67700493, 0.54107016, 0.55495530, 0.94287795)
(0.52503252, 0.56225663, 0.31592882, 0.67208475, 0.32037851, 0.47283727, 0.73126698, 0.12201621, 0.83255577, 0.16510102)
(0.65543288, 0.33410379, 0.92476344, 0.83504534, 0.82328433, 0.14903994, 0.22327968, 0.04152428, 0.58342147, 0.15956978)
(0.73254466, 0.71462780, 0.76039690, 0.50226033, 0.27097556, 0.49033752, 0.55084395, 0.14218864, 0.76806605, 0.33954653)
(0.31587437, 0.39412948, 0.75183797, 0.09294060, 0.44669840, 0.57448131, 0.33531487, 0.98070759, 0.17750289, 0.22308974)
(0.51999611, 0.02160155, 0.34525216, 0.69526517, 0.32709321, 0.34100187, 0.79609919, 0.85930550, 0.24149959, 0.88912565)
(0.50968349, 0.39764196, 0.70557368, 0.59340882, 0.31260580, 0.84113252, 0.13974471, 0.73982149, 0.21580693, 0.13956437)
(0.96923673, 0.04451684, 0.41797644, 0.56333560, 0.11272635, 0.70785028, 0.16711216, 0.53767848, 0.25936985, 0.72471911)
(0.59955049, 0.22767127, 0.70972413, 0.81029183, 0.95847481, 0.27357942, 0.58448410, 0.20808579, 0.29954946, 0.19402683)
(0.18210262, 0.93454075, 0.39709568, 0.62943232, 0.59242946, 0.60986441, 0.05017579, 0.31556848, 0.96213734, 0.68237424)
(0.73579985, 0.63275397, 0.59564185, 0.14807761, 0.71758199, 0.75860506, 0.56018269, 0.12005429, 0.06489716, 0.62070239)
(0.57162893, 0.57303333, 0.85997409, 0.41864753, 0.36104730, 0.00937616, 0.45344925, 0.43591461, 0.79818439, 0.80951047)
(0.72831690, 0.34431657, 0.87170166, 0.53624862, 0.69437015, 0.42983380, 0.46692997, 0.28241965, 0.05856402, 0.93361610)
(0.63031626, 0.36395481, 0.63976490, 0.55530912, 0.50476807, 0.01418172, 0.10891034, 0.08609072, 0.09158079, 0.86390311)
(0.79426330, 0.42590407, 0.63168770, 0.66167086, 0.71668720, 0.39840737, 0.77939576, 0.05313604, 0.83511406, 0.67499959)
(0.63658226, 0.76513976, 0.57298267, 0.85659176, 0.30758080, 0.03182259, 0.69857121, 0.44243339, 0.45966381, 0.40340209)
(0.92527533, 0.26162881, 0.48088181, 0.47579822, 0.38999417, 0.69394714, 0.96160245, 0.36903641, 0.53496701, 0.62627661)
(0.78655505, 0.54655844, 0.36112976, 0.65484172, 0.57951480, 0.73779154, 0.53855056, 0.71289003, 0.05651034, 0.80620474)
(0.22994301, 0.14688814, 0.04287240, 0.31452873, 0.29692537, 0.86453408, 0.32782567, 0.90704238, 0.78819424, 0.58271629)
(0.45688596, 0.18303537, 0.82739645, 0.38865873, 0.44290686, 0.52407652, 0.92708015, 0.42022538, 0.46261731, 0.85416174)
(0.70252061, 0.48146003, 0.55640811, 0.32532907, 0.63204080, 0.28267962, 0.92446911, 0.20352736, 0.20646267, 0.65311122)
(0.55809367, 0.20474429, 0.73534262, 0.41244376, 0.82875276, 0.54400140, 0.83939189, 0.18170978, 0.33979839, 0.14935802)
(0.48274112, 0.89303327, 0.81891930, 0.81985557, 0.10977510, 0.15222429, 0.49432674, 0.06346616, 0.63771373, 0.76284814)
(0.30714402, 0.78950012, 0.54050398, 0.38709527, 0.25799435, 0.32895771, 0.50443226, 0.09387310, 0.05173314, 0.32180032)
(0.02718729, 0.41861385, 0.79612970, 0.42369947, 0.55416024, 0.43340501, 0.37755254, 0.51351392, 0.19592738, 0.31152153)
(0.38304222, 0.62275487, 0.29409084, 0.87102675, 0.46806690, 0.17251889, 0.19190820, 0.14861840, 0.96755254, 0.88433552)
(0.53947043, 0.89950621, 0.38787204, 0.44070083, 0.24281333, 0.60115981, 0.21022673, 0.24082342, 0.91638613, 0.33483237)
(0.49832004, 0.50478256, 0.53282607, 0.78001624, 0.85243219, 0.35130414, 0.42701083, 0.35678154, 0.93181050, 0.45457658)
(0.91563743, 0.44251603, 0.61388105, 0.83088791, 0.19437528, 0.38078067, 0.89600909, 0.41721439, 0.63006109, 0.35404593)
(0.78578848, 0.32291624, 0.75990623, 0.60711348, 0.66579247, 0.30883408, 0.43963501, 0.13743518, 0.09063062, 0.84379423)
(0.16784509, 0.89182591, 0.58156514, 0.89700300, 0.77941382, 0.47901803, 0.04678196, 0.59657985, 0.19635999, 0.45357567)
(0.41230434, 0.72390240, 0.61468273, 0.52616876, 0.25477728, 0.30033463, 0.05625305, 0.22538480, 0.96498704, 0.59110963)
(0.34899962, 0.71751595, 0.04324733, 0.49582058, 0.27532259, 0.77392501, 0.89186531, 0.14786522, 0.88862306, 0.50382173)
(0.80875188, 0.29393643, 0.48186398, 0.52543336, 0.52044654, 0.84006310, 0.70241427, 0.40112659, 0.09887531, 0.12410379)
(0.37503117, 0.20015280, 0.42406577, 0.84426171, 0.68124676, 0.38052475, 0.20507868, 0.09777290, 0.24462049, 0.64523989)
(0.04798749, 0.84091878, 0.49447760, 0.29522046, 0.86527932, 0.57815421, 0.84158558, 0.73463553, 0.75527191, 0.10848357)
(0.13349997, 0.66777444, 0.02829836, 0.64690655, 0.54976356, 0.66776526, 0.57965451, 0.28759581, 0.07597759, 0.50914204)
(0.37512362, 0.19981347, 0.03059151, 0.49967250, 0.30915248, 0.89417064, 0.16376542, 0.82951677, 0.77685285, 0.51538748)
(0.58939344, 0.37619367, 0.17678261, 0.37180144, 0.22250013, 0.73151249, 0.28350306, 0.94886488, 0.24350624, 0.31609139)
(0.40646371, 0.88695139, 0.18275368, 0.81049150, 0.35492462, 0.05321582, 0.54138964, 0.15985391, 0.43124017, 0.19058789)
(0.42971000, 0.52882153, 0.62257558, 0.70558304, 0.68952161, 0.71429706, 0.08442146, 0.26211125, 0.20026928, 0.85461354)
(0.17887895, 0.50823826, 0.35623586, 0.50801051, 0.20758690, 0.11826091, 0.48736930, 0.07843991, 0.90668738, 0.80914098)
(0.21829507, 0.86950928, 0.77049428, 0.59773427, 0.55611932, 0.31422031, 0.39633179, 0.61687499, 0.30976090, 0.09654216)
(0.65636724, 0.40276086, 0.64327055, 0.08547541, 0.57845420, 0.48846018, 0.11311064, 0.97082907, 0.30006254, 0.33467135)
(0.23673093, 0.39390075, 0.66302562, 0.09963007, 0.93250597, 0.33090416, 0.38144919, 0.56892145, 0.16967417, 0.31171638)
(0.54275459, 0.10615528, 0.10141686, 0.71336263, 0.45226863, 0.80885434, 0.27725047, 0.52552372, 0.16869776, 0.09255554)
(0.69627464, 0.74592245, 0.65042865, 0.03592930, 0.46969575, 0.78259039, 0.81506956, 0.81176507, 0.42447478, 0.04759518)
(0.07204147, 0.69993794, 0.34748214, 0.40510461, 0.62505281, 0.45682317, 0.71720469, 0.59619278, 0.72962564, 0.14260404)
(0.44159716, 0.84220886, 0.80792099, 0.95048815, 0.62385440, 0.08067752, 0.32383737, 0.16944614, 0.53782982, 0.72807515)
(0.33175707, 0.39324677, 0.56928384, 0.71623957, 0.71565044, 0.64905280, 0.43689883, 0.03036624, 0.13560094, 0.53920931)
(0.09226644, 0.24719349, 0.11793118, 0.77646965, 0.24252023, 0.81823498, 0.26058167, 0.25676459, 0.18028493, 0.59237576)
(0.27730855, 0.66395205, 0.12268656, 0.52268493, 0.24970233, 0.61299360, 0.74546081, 0.09340575, 0.05815824, 0.10036296)
(0.95508921, 0.34994715, 0.35218927, 0.14241099, 0.40616921, 0.76288295, 0.63125837, 0.26401290, 0.10910591, 0.42536226)
(0.45830306, 0.37581882, 0.91337913, 0.44899887, 0.29236934, 0.02853709, 0.41744903, 0.45003316, 0.83010274, 0.87409723)
(0.59578174, 0.25897473, 0.84400678, 0.27398235, 0.48367569, 0.69087499, 0.08698030, 0.89773285, 0.35904524, 0.22376636)
(0.74415016, 0.42658031, 0.77360404, 0.34583074, 0.47623646, 0.22067302, 0.44682097, 0.22723699, 0.08140073, 0.83436859)
(0.26874027, 0.72150207, 0.06179945, 0.77514929, 0.63135082, 0.35210615, 0.31148511, 0.19413456, 0.04363716, 0.50014889)
(0.50789875, 0.16333160, 0.25974193, 0.57930976, 0.31182262, 0.19961464, 0.91142917, 0.12898211, 0.56842476, 0.75817782)
(0.76002574, 0.32202825, 0.36528781, 0.13612831, 0.24791780, 0.61732841, 0.70491523, 0.71154213, 0.07603504, 0.32898864)
(0.42141500, 0.53932798, 0.41572368, 0.20264778, 0.52415866, 0.36291009, 0.15422405, 0.86044419, 0.49569431, 0.44591841)
(0.59985924, 0.23067304, 0.60794348, 0.07791905, 0.50937963, 0.50055712, 0.74001312, 0.19363673, 0.34145483, 0.92227679)
(0.15211432, 0.33870068, 0.02273006, 0.20409277, 0.20149219, 0.94808018, 0.47958142, 0.95855278, 0.39427805, 0.59111834)
(0.63477540, 0.91134667, 0.70757395, 0.41684389, 0.58207446, 0.78757209, 0.53813231, 0.48438966, 0.12090897, 0.13950722)
(0.74837893, 0.84077305, 0.67199904, 0.04628464, 0.90315634, 0.46064556, 0.88031125, 0.10866003, 0.36094889, 0.40370247)
(0.89819318, 0.61817110, 0.33167341, 0.21141720, 0.29124218, 0.43631813, 0.90062976, 0.69162405, 0.35308233, 0.35368615)
(0.51800305, 0.75701714, 0.44129911, 0.71921396, 0.79611135, 0.72500926, 0.11566626, 0.23158257, 0.17216617, 0.83573514)
(0.90043110, 0.58805609, 0.18634467, 0.82986712, 0.79754353, 0.31585070, 0.84362096, 0.40020970, 0.68645477, 0.79192895)
(0.29153836, 0.83646327, 0.22341508, 0.51989096, 0.30556080, 0.86127090, 0.79625314, 0.72236800, 0.04719981, 0.55147099)
(0.56980640, 0.31786382, 0.63722223, 0.86601096, 0.76944190, 0.15902469, 0.80376089, 0.32668483, 0.32623145, 0.95370001)
(0.51166904, 0.60332459, 0.86251038, 0.33877569, 0.66517544, 0.42863744, 0.49259481, 0.44240791, 0.83406436, 0.22073202)
(0.22230788, 0.71487868, 0.28930649, 0.47533917, 0.38286707, 0.64947885, 0.64413482, 0.74806190, 0.03825160, 0.60226077)
(0.72634089, 0.23122680, 0.61901873, 0.88505667, 0.46844733, 0.91878045, 0.10155655, 0.61132157, 0.43387106, 0.58930564)
(0.02942021, 0.82366490, 0.63879651, 0.47689611, 0.88121694, 0.59231180, 0.80152869, 0.80651683, 0.28602815, 0.13290688)
(0.48523778, 0.44555360, 0.44468147, 0.55915964, 0.81493741, 0.39836001, 0.39826754, 0.18013942, 0.18067370, 0.77290380)
(0.58433366, 0.77140856, 0.65072036, 0.38074571, 0.47832820, 0.26319706, 0.62608236, 0.05443420, 0.86271036, 0.19239382)
(0.13493507, 0.44026092, 0.64490432, 0.36581156, 0.58210880, 0.71846277, 0.83396548, 0.80765116, 0.15620396, 0.13678312)
(0.61403525, 0.89223433, 0.80886936, 0.56685865, 0.59054112, 0.28383014, 0.58657426, 0.47098330, 0.81350410, 0.28233674)
(0.51492989, 0.93538493, 0.77165037, 0.07634251, 0.65239918, 0.64365768, 0.60455692, 0.60493672, 0.26475894, 0.45237336)
(0.28588563, 0.53162199, 0.51576841, 0.19176421, 0.63447571, 0.34904912, 0.08109646, 0.41602609, 0.17127071, 0.20097515)
(0.48217550, 0.33145946, 0.65930676, 0.59938425, 0.59376729, 0.01774473, 0.34922871, 0.52358717, 0.82953393, 0.94591832)
(0.23576514, 0.38378456, 0.06210884, 0.36766800, 0.59741944, 0.76323885, 0.43043259, 0.64643508, 0.18782417, 0.54895222)
(0.22450994, 0.33660558, 0.51883644, 0.10256341, 0.41212001, 0.49216858, 0.22900498, 0.98759007, 0.24001522, 0.19244187)
(0.51941365, 0.74467939, 0.18446037, 0.61658901, 0.68244112, 0.32757103, 0.78726608, 0.24425785, 0.94549930, 0.48049271)
(0.55377829, 0.36100215, 0.20820318, 0.35775459, 0.68864793, 0.52859592, 0.91178399, 0.27547529, 0.64666700, 0.77887070)
(0.38188902, 0.23839484, 0.89639014, 0.13263737, 0.60554302, 0.25964317, 0.71383148, 0.18846093, 0.19771366, 0.63910013)
(0.86957353, 0.46146101, 0.94910109, 0.45628253, 0.16665789, 0.44435814, 0.56209058, 0.11136712, 0.13176873, 0.86434650)
(0.35178617, 0.38633621, 0.88911426, 0.77800214, 0.79745090, 0.03520652, 0.70508659, 0.55746847, 0.31945312, 0.97218287)
(0.28172678, 0.43703550, 0.21170801, 0.44183815, 0.08335733, 0.84597206, 0.56137979, 0.04018824, 0.06367438, 0.31615412)
(0.73661864, 0.28973618, 0.64994496, 0.58505768, 0.07076081, 0.58676523, 0.97221160, 0.31993073, 0.55113536, 0.78450513)
(0.68334305, 0.45153362, 0.27189469, 0.56710559, 0.71186095, 0.79321986, 0.29148281, 0.25488457, 0.18569118, 0.83579022)
(0.86768907, 0.22302915, 0.19078726, 0.82036215, 0.53038102, 0.62501723, 0.13883966, 0.49050543, 0.32174531, 0.77768064)
(0.74917918, 0.59903079, 0.57408154, 0.74239588, 0.83610106, 0.07167067, 0.28157923, 0.29158083, 0.91660613, 0.75315446)
(0.19595796, 0.18524483, 0.96517754, 0.63573933, 0.75714296, 0.30142254, 0.21325493, 0.21611024, 0.19888924, 0.24260359)
(0.63098550, 0.34860045, 0.40395221, 0.28128868, 0.47362730, 0.81060433, 0.13133833, 0.93870765, 0.74063259, 0.45981109)
(0.02180534, 0.43217838, 0.67145252, 0.03383756, 0.80931133, 0.30629584, 0.38544935, 0.34682998, 0.52206647, 0.16186838)
(0.65148294, 0.77548045, 0.08617445, 0.75704020, 0.89028937, 0.39577320, 0.88850403, 0.37818620, 0.20207609, 0.50296211)
(0.43497592, 0.38074303, 0.14113440, 0.71001029, 0.84696233, 0.78774285, 0.50926799, 0.49673250, 0.07020725, 0.13446128)
(0.61965406, 0.69905710, 0.49027437, 0.04126740, 0.44141880, 0.21813953, 0.03344296, 0.09659855, 0.92083561, 0.24030909)
(0.20726752, 0.40923965, 0.76825905, 0.93038172, 0.74823815, 0.54090732, 0.24492830, 0.31673917, 0.12026953, 0.09797283)
(0.60557079, 0.60968220, 0.59267861, 0.63683027, 0.77192205, 0.70948273, 0.73247665, 0.56881630, 0.16750494, 0.02826958)
(0.92856532, 0.32414621, 0.42003930, 0.38319144, 0.27368882, 0.36019263, 0.86061102, 0.58502090, 0.11566795, 0.51220101)
(0.26936734, 0.66608161, 0.75669014, 0.02728048, 0.86337173, 0.33674404, 0.28795373, 0.26166868, 0.93684262, 0.15041342)
(0.43141493, 0.33031788, 0.04691655, 0.30687308, 0.66352785, 0.87476426, 0.28102070, 0.73134208, 0.21546824, 0.26913682)
(0.60470581, 0.69160062, 0.85955733, 0.91583151, 0.89792359, 0.34672260, 0.32984346, 0.64415663, 0.33243415, 0.18727413)
(0.47715744, 0.54015398, 0.33601245, 0.59649158, 0.39474085, 0.23302005, 0.94850528, 0.45600462, 0.63902599, 0.27258757)
(0.85799485, 0.46174711, 0.81973654, 0.88771307, 0.34759951, 0.54140437, 0.18083373, 0.06410939, 0.08999952, 0.43670616)
(0.76785243, 0.18970925, 0.79284400, 0.06887861, 0.35067216, 0.90906864, 0.04482256, 0.64474696, 0.49905324, 0.08202123)
(0.82757336, 0.22420283, 0.40823621, 0.11513522, 0.55427396, 0.54243904, 0.58122867, 0.83749193, 0.14976901, 0.10816520)
(0.57076770, 0.47741145, 0.32755545, 0.01259635, 0.43067950, 0.85559052, 0.38438535, 0.79826945, 0.11710563, 0.20944230)
(0.80511183, 0.57823777, 0.68771654, 0.00969608, 0.42148760, 0.75498551, 0.80250263, 0.92458278, 0.19072509, 0.35531440)
(0.12729746, 0.24859589, 0.34543914, 0.08113297, 0.71827358, 0.28556022, 0.38429716, 0.40867925, 0.68658334, 0.32403725)
(0.58740354, 0.69657582, 0.42415819, 0.69037950, 0.51182383, 0.19475953, 0.81327832, 0.33878428, 0.09177499, 0.25034302)
(0.19040698, 0.37571940, 0.46054429, 0.64715469, 0.94995254, 0.53454792, 0.63589782, 0.23857462, 0.10845039, 0.51676959)
(0.57686943, 0.52253032, 0.81877559, 0.74370819, 0.77810073, 0.02144227, 0.09870924, 0.24839717, 0.44385052, 0.66645133)
(0.70954567, 0.61572051, 0.62205219, 0.05856597, 0.42792749, 0.11412384, 0.32204905, 0.22868164, 0.91312873, 0.56090420)
(0.03072070, 0.28135878, 0.62874144, 0.72308266, 0.32801253, 0.88506770, 0.32252800, 0.19513565, 0.28800961, 0.62143856)
(0.35382065, 0.49765930, 0.55212742, 0.62965220, 0.42897370, 0.54087567, 0.35432184, 0.11694303, 0.04916130, 0.33776158)
(0.52892619, 0.28412208, 0.49514651, 0.54388273, 0.87557596, 0.39311039, 0.49101636, 0.16904303, 0.10097791, 0.91006798)
(0.35697669, 0.23082238, 0.66553164, 0.13202515, 0.48282638, 0.72945416, 0.16778961, 0.44284892, 0.57021469, 0.40049115)
(0.75259030, 0.10976186, 0.75537527, 0.59084457, 0.69387877, 0.57393706, 0.12789619, 0.67235976, 0.20577304, 0.48297343)
(0.25537968, 0.20731713, 0.48386478, 0.59316468, 0.87405217, 0.59442997, 0.76222998, 0.11184844, 0.12351766, 0.23966421)
(0.51125824, 0.15581749, 0.32002124, 0.72856331, 0.77947742, 0.27015072, 0.94105935, 0.34273881, 0.51079220, 0.94261670)
(0.66079003, 0.84041560, 0.35231638, 0.60050172, 0.79097253, 0.35342395, 0.53072059, 0.36275747, 0.96787786, 0.46091166)
(0.35667366, 0.36171910, 0.21680893, 0.64936155, 0.49341527, 0.45476708, 0.50640839, 0.14866379, 0.06262553, 0.37670970)
(0.52821201, 0.52208066, 0.11791428, 0.76465237, 0.83829731, 0.67611629, 0.09224094, 0.27272666, 0.22743535, 0.82733864)
(0.33618733, 0.62766868, 0.17615162, 0.50334167, 0.66255033, 0.60149932, 0.26589736, 0.25294167, 0.90256053, 0.52519315)
(0.19529089, 0.46939248, 0.12160495, 0.13984416, 0.26293647, 0.55921322, 0.54956448, 0.95974070, 0.19167638, 0.24964811)
(0.17917584, 0.56676656, 0.73651844, 0.09681629, 0.94061482, 0.86586851, 0.09425756, 0.39489183, 0.15841529, 0.46783543)
(0.89551675, 0.24970673, 0.86676151, 0.53813434, 0.02380701, 0.42675227, 0.92539179, 0.30372250, 0.48494256, 0.82317638)
(0.72462332, 0.70653778, 0.76177180, 0.50013906, 0.75157708, 0.25640821, 0.65336454, 0.19529712, 0.91040379, 0.77631533)
(0.49180138, 0.74046761, 0.68728805, 0.24826869, 0.16492230, 0.41763830, 0.39978302, 0.67111957, 0.11656445, 0.09052327)
(0.38769889, 0.50341791, 0.56122118, 0.10301086, 0.30018404, 0.57814461, 0.45738941, 0.95554137, 0.10999930, 0.25220966)
(0.85546958, 0.53570056, 0.55229288, 0.18723167, 0.24144188, 0.70900643, 0.93108618, 0.31553283, 0.54652250, 0.46641934)
(0.27326226, 0.84152210, 0.19362941, 0.04678101, 0.13558087, 0.44493908, 0.91290778, 0.97215420, 0.29341882, 0.34638113)
(0.43593881, 0.71813148, 0.39519104, 0.44825596, 0.28078374, 0.37798059, 0.31264499, 0.80715811, 0.09190144, 0.37268952)
(0.11715093, 0.67875326, 0.44181663, 0.79317224, 0.89925492, 0.26172340, 0.25479218, 0.07507154, 0.66290414, 0.54182780)
(0.86093569, 0.48903960, 0.90194792, 0.57871640, 0.44332454, 0.27119026, 0.11964148, 0.46812046, 0.09343182, 0.84834051)
(0.36716369, 0.84788895, 0.29625493, 0.52999443, 0.40830562, 0.16201960, 0.65714979, 0.29745620, 0.91054589, 0.54562795)
(0.90761840, 0.27215138, 0.25002718, 0.28287193, 0.43440759, 0.56192207, 0.84860843, 0.72470117, 0.17591859, 0.44569924)
(0.75485551, 0.18159236, 0.28260168, 0.34344319, 0.05376332, 0.65813529, 0.12497884, 0.80341041, 0.26949546, 0.07759070)
(0.85534137, 0.39426923, 0.47136956, 0.62520427, 0.41402343, 0.59575933, 0.67126018, 0.45267239, 0.02977238, 0.62112999)
(0.88036656, 0.34464630, 0.25921968, 0.35138676, 0.31347865, 0.25143853, 0.77829355, 0.51267016, 0.12857488, 0.30884266)
(0.36988398, 0.08266349, 0.47616011, 0.66477638, 0.36334690, 0.84157193, 0.40814316, 0.70103556, 0.16489644, 0.25699383)
(0.29964238, 0.75269645, 0.73751259, 0.69948810, 0.74635446, 0.13509127, 0.62531757, 0.18564825, 0.27434984, 0.42972761)
(0.67833984, 0.43378186, 0.46819037, 0.33246693, 0.69564974, 0.41234937, 0.41627252, 0.04718476, 0.09775177, 0.86106294)
(0.62240815, 0.70141393, 0.94226474, 0.73639196, 0.25123447, 0.07824946, 0.47108486, 0.36556053, 0.26069584, 0.87915289)
(0.37648383, 0.76293057, 0.10840683, 0.81179702, 0.82540268, 0.70748377, 0.60388702, 0.30466792, 0.03565742, 0.54997361)
(0.52619934, 0.25335166, 0.43290856, 0.82974964, 0.50695330, 0.62592602, 0.17020768, 0.06967631, 0.22912171, 0.70222837)
(0.80653358, 0.31998253, 0.65725195, 0.64454728, 0.88111800, 0.38877055, 0.62908828, 0.19727379, 0.16719103, 0.69463819)
(0.06333570, 0.21993957, 0.11157575, 0.47923192, 0.47998491, 0.92259783, 0.68883890, 0.25741470, 0.28187412, 0.48384520)
(0.68055958, 0.63017166, 0.93905884, 0.83296543, 0.13743325, 0.22946428, 0.64025408, 0.38555765, 0.26719105, 0.89469343)
(0.29553208, 0.82352537, 0.65424514, 0.06386839, 0.51749706, 0.19851288, 0.54755759, 0.22039062, 0.31815884, 0.23565987)
(0.30830824, 0.23011014, 0.92158097, 0.67321843, 0.68726587, 0.60397822, 0.13115013, 0.06102440, 0.15071325, 0.21215773)
(0.38386807, 0.55645192, 0.33821282, 0.52047324, 0.80521041, 0.37262169, 0.78671086, 0.16440146, 0.86887550, 0.83682388)
(0.35872373, 0.37460333, 0.70773852, 0.36165652, 0.37040600, 0.26539227, 0.20449756, 0.26113951, 0.93934232, 0.31727839)
(0.40449202, 0.65780604, 0.74183512, 0.70613718, 0.38859472, 0.23666196, 0.74248934, 0.69406438, 0.50869030, 0.79198188)
(0.31630448, 0.77189618, 0.41612971, 0.84621686, 0.57708287, 0.40582889, 0.47443265, 0.19353795, 0.93983370, 0.89925814)
(0.19566271, 0.66429794, 0.90129155, 0.08218879, 0.12675749, 0.96965069, 0.06777101, 0.59091204, 0.79064757, 0.83568370)
(0.68549109, 0.51068509, 0.17817003, 0.56403446, 0.76794690, 0.66831398, 0.38833189, 0.21755596, 0.25817269, 0.79770297)
(0.49635971, 0.70824820, 0.28344786, 0.35055557, 0.68221527, 0.30155137, 0.78285867, 0.62294632, 0.36443511, 0.55888939)
(0.48489153, 0.32438219, 0.62790066, 0.18178505, 0.95831680, 0.39658144, 0.55001009, 0.14377137, 0.73390001, 0.64746124)
(0.91318709, 0.41659594, 0.63218963, 0.11387806, 0.22002245, 0.71683681, 0.56664407, 0.51199198, 0.04794610, 0.67543852)
(0.61193669, 0.30866438, 0.05471124, 0.65426511, 0.23330939, 0.71024770, 0.95573395, 0.63196504, 0.60067594, 0.87888211)
(0.75196379, 0.62547451, 0.70169425, 0.68008989, 0.32301280, 0.70933086, 0.49854049, 0.91321546, 0.34209302, 0.68848121)
(0.91357696, 0.77182078, 0.41306511, 0.85767329, 0.86986399, 0.32715195, 0.75435263, 0.49050531, 0.50491524, 0.69500470)
(0.14264502, 0.74142861, 0.15051916, 0.89550281, 0.68634439, 0.46162403, 0.61152440, 0.18931723, 0.08037578, 0.27119491)
(0.82780993, 0.41354740, 0.26976332, 0.62036228, 0.41486928, 0.17941262, 0.91610873, 0.22162051, 0.22697160, 0.37058800)
(0.83371603, 0.76642323, 0.21727183, 0.45635986, 0.14957380, 0.52704036, 0.89469630, 0.35807222, 0.28553551, 0.23909222)
(0.78519362, 0.60922861, 0.23820034, 0.74344778, 0.92676777, 0.26505575, 0.85833222, 0.30807835, 0.72449702, 0.90808600)
(0.89458692, 0.37740865, 0.37355536, 0.24657561, 0.20861803, 0.41535330, 0.76056379, 0.64181572, 0.13972701, 0.26753652)
(0.82516474, 0.51255071, 0.45765093, 0.80314523, 0.90751749, 0.72349656, 0.65220618, 0.29370150, 0.24507378, 0.55761534)
(0.58980346, 0.09180668, 0.66812122, 0.62768739, 0.68987131, 0.50031900, 0.87491620, 0.49216461, 0.31503230, 0.88923281)
(0.92349333, 0.12890397, 0.56535935, 0.64531797, 0.24681306, 0.46307683, 0.13420619, 0.46670496, 0.09874056, 0.91404581)
(0.20496310, 0.56599039, 0.22092687, 0.66923201, 0.68320805, 0.88108808, 0.09688658, 0.68055099, 0.38613051, 0.61998659)
(0.90558600, 0.51130116, 0.62312549, 0.34132174, 0.58876222, 0.33242100, 0.55708605, 0.02272798, 0.12581694, 0.61482787)
(0.40395811, 0.87170786, 0.63875747, 0.88883436, 0.28701073, 0.16290143, 0.21822579, 0.42138299, 0.90146142, 0.29291779)
(0.43567792, 0.63651508, 0.67585760, 0.20506503, 0.19505177, 0.65691090, 0.02292317, 0.80789953, 0.43762830, 0.22977975)
(0.72260505, 0.07876569, 0.43097585, 0.83814359, 0.13629074, 0.34427524, 0.76083398, 0.95487505, 0.22422086, 0.96573347)
(0.48685798, 0.59111094, 0.78900188, 0.04980644, 0.37944701, 0.59170926, 0.63813233, 0.94671237, 0.19418624, 0.09137660)
(0.79222357, 0.23422551, 0.41126102, 0.35200763, 0.43962184, 0.71732044, 0.95010263, 0.41304728, 0.81276459, 0.41686916)
(0.37990811, 0.25972795, 0.38414523, 0.58567131, 0.61961645, 0.43241918, 0.84558558, 0.35429364, 0.79327679, 0.88424188)
(0.54689205, 0.14699842, 0.26686123, 0.75750196, 0.66911978, 0.78909236, 0.20075618, 0.28262907, 0.26181427, 0.62738484)
(0.85136920, 0.51266843, 0.58379561, 0.00709873, 0.39656270, 0.59934127, 0.35012251, 0.94365513, 0.13129748, 0.56949931)
(0.94756752, 0.45030919, 0.32557553, 0.90737408, 0.61793900, 0.30556202, 0.60892570, 0.61426502, 0.05920633, 0.68788290)
(0.29114375, 0.62192309, 0.76237452, 0.28500211, 0.12065382, 0.53695118, 0.03774454, 0.92285115, 0.30629775, 0.20957583)
(0.49820486, 0.76475841, 0.52376294, 0.41971081, 0.90383643, 0.08756349, 0.52722746, 0.57735479, 0.50649565, 0.44913301)
(0.60558164, 0.33684731, 0.66961497, 0.26357323, 0.65324444, 0.82925338, 0.22400188, 0.33803284, 0.13096873, 0.47787783)
(0.52119970, 0.04368099, 0.34110028, 0.78054547, 0.05765683, 0.16999720, 0.94098568, 0.37785992, 0.43428588, 0.78154033)
(0.58924276, 0.76156992, 0.84148115, 0.54661560, 0.46400771, 0.14574558, 0.49882630, 0.35565051, 0.20425132, 0.04642617)
(0.76950443, 0.61174524, 0.31184658, 0.86532533, 0.57003194, 0.20687234, 0.59834397, 0.10743462, 0.92394018, 0.61556041)
(0.32775614, 0.25012255, 0.82545036, 0.19679549, 0.52125227, 0.17731334, 0.84192407, 0.09995907, 0.46029517, 0.83520478)
(0.72145671, 0.07388893, 0.58414394, 0.21326634, 0.37660635, 0.81259763, 0.37631872, 0.84854150, 0.53888333, 0.07729762)
(0.72376138, 0.53300714, 0.60114259, 0.06655879, 0.61528993, 0.21785785, 0.20456600, 0.43531933, 0.26106486, 0.65389723)
(0.02883456, 0.73619568, 0.73441505, 0.30110481, 0.56127739, 0.60876995, 0.51486170, 0.94472921, 0.18559900, 0.32998216)
(0.50462979, 0.93056810, 0.07196519, 0.89074451, 0.54919016, 0.40793502, 0.52171695, 0.33365887, 0.88836586, 0.46744025)
(0.23729202, 0.20750087, 0.12169385, 0.90789169, 0.55376375, 0.71909714, 0.22099273, 0.27314883, 0.12199157, 0.47441897)
(0.78451306, 0.72425765, 0.53790087, 0.22920488, 0.27429965, 0.61428297, 0.91590631, 0.71150893, 0.61036932, 0.29045177)
(0.49374685, 0.02001623, 0.28248134, 0.42046431, 0.08741710, 0.30850455, 0.83102590, 0.67890692, 0.24196385, 0.56722891)
(0.68506056, 0.74129707, 0.49232897, 0.57018387, 0.19655411, 0.91512841, 0.94155848, 0.45496517, 0.44600162, 0.55595118)
(0.52263433, 0.78119916, 0.66707838, 0.34111670, 0.44673693, 0.17574000, 0.65805405, 0.02434894, 0.92426348, 0.82718998)
(0.48154968, 0.73693126, 0.40226966, 0.30139148, 0.64274794, 0.63660640, 0.93714607, 0.38834590, 0.18608655, 0.11142622)
(0.27397880, 0.79650337, 0.68559653, 0.39860818, 0.31911284, 0.32795694, 0.21510635, 0.14479440, 0.91153640, 0.08503398)
(0.46815473, 0.32800144, 0.41893488, 0.74113494, 0.96941018, 0.65467852, 0.35909042, 0.22764151, 0.18093728, 0.51306009)
(0.44974801, 0.64100134, 0.70570189, 0.71718258, 0.08129597, 0.56363529, 0.87149316, 0.10498459, 0.51998067, 0.81368697)
(0.38880366, 0.41108379, 0.14427334, 0.65901309, 0.66613346, 0.81434739, 0.14257175, 0.40151441, 0.45873755, 0.84016138)
(0.82815510, 0.51427764, 0.85824215, 0.73442894, 0.39333734, 0.47792768, 0.59167045, 0.52359921, 0.59812295, 0.49885899)
(0.39691716, 0.46882653, 0.45060050, 0.15604949, 0.46768981, 0.46083808, 0.07283829, 0.94872409, 0.29349104, 0.29478428)
(0.24715440, 0.81649822, 0.27669567, 0.53577763, 0.31858110, 0.51182866, 0.40613794, 0.06543867, 0.09237995, 0.11240518)
(0.92458451, 0.13165653, 0.77241522, 0.93575495, 0.44697878, 0.88315684, 0.05307295, 0.87192011, 0.55846071, 0.69487560)
(0.69963139, 0.33633247, 0.10598396, 0.44688791, 0.42514700, 0.62776363, 0.47875893, 0.64484507, 0.11626150, 0.03760812)
(0.40006578, 0.31316915, 0.46659669, 0.39993468, 0.46852148, 0.56978059, 0.85790938, 0.32080889, 0.21245329, 0.06881559)
(0.57296956, 0.26483199, 0.31155518, 0.75912547, 0.82511204, 0.51113623, 0.21295117, 0.16237582, 0.22107114, 0.53539723)
(0.25040650, 0.56066847, 0.90117478, 0.26598367, 0.76286328, 0.11585639, 0.26199847, 0.43275872, 0.84057778, 0.04165590)
(0.49979863, 0.05383011, 0.37952715, 0.70237869, 0.47844768, 0.12114405, 0.91264981, 0.44434801, 0.18652095, 0.86811024)
(0.70824903, 0.41820055, 0.49009609, 0.81082696, 0.73954022, 0.19356851, 0.58768439, 0.05366962, 0.24816836, 0.30359295)
(0.89053226, 0.64606857, 0.54736686, 0.56602645, 0.37454838, 0.77719718, 0.92049944, 0.62022686, 0.63685799, 0.13863352)
(0.47866762, 0.33808979, 0.61351341, 0.49621937, 0.94140100, 0.26870871, 0.48375523, 0.15655161, 0.22040148, 0.73405504)
(0.23946531, 0.26344180, 0.56302094, 0.42464316, 0.51458412, 0.04665673, 0.42062598, 0.60847551, 0.85548228, 0.88535935)
(0.50595355, 0.38796970, 0.09223951, 0.21614629, 0.14103201, 0.82376516, 0.35501912, 0.43412161, 0.11927443, 0.19048503)
(0.04806077, 0.31284305, 0.79275751, 0.52944243, 0.84959501, 0.33144495, 0.50348145, 0.44529244, 0.85587209, 0.46431836)
(0.46656063, 0.76024634, 0.38928935, 0.74922061, 0.90465093, 0.23409691, 0.59645408, 0.12692799, 0.26681039, 0.66418910)
(0.44704014, 0.38816383, 0.53685278, 0.25899196, 0.69936186, 0.54077339, 0.66235596, 0.20248100, 0.13625751, 0.60995060)
(0.63768739, 0.60788763, 0.52549332, 0.52510846, 0.51680166, 0.54738528, 0.80142266, 0.72316074, 0.06951202, 0.52575725)
(0.75497413, 0.59560388, 0.92001283, 0.21288538, 0.39628413, 0.17623203, 0.31645298, 0.25597888, 0.84924036, 0.51530671)
(0.72849792, 0.82090402, 0.72265458, 0.09436898, 0.59206069, 0.79772484, 0.50356358, 0.39053220, 0.15655263, 0.20068401)
(0.47850227, 0.48002964, 0.28408325, 0.79614598, 0.63582629, 0.31751841, 0.41652915, 0.60335428, 0.09927868, 0.08722546)
(0.59551859, 0.70961541, 0.85426575, 0.94784230, 0.20906998, 0.41092029, 0.54820335, 0.08938718, 0.59249592, 0.79217154)
(0.45251474, 0.24394384, 0.90435225, 0.47919261, 0.29701138, 0.03441099, 0.66787994, 0.32083541, 0.12461852, 0.88549709)
(0.12298845, 0.62065721, 0.84454679, 0.35031113, 0.56308717, 0.26665697, 0.39196461, 0.42813310, 0.78532505, 0.05895727)
(0.87214756, 0.50096703, 0.35133493, 0.73975796, 0.15282774, 0.20281094, 0.62457651, 0.79796547, 0.07598102, 0.38129890)
(0.09919354, 0.46793535, 0.67245370, 0.54521412, 0.80582494, 0.65674686, 0.01397046, 0.19677602, 0.96719569, 0.55256486)
(0.81462693, 0.49525362, 0.92627501, 0.47069824, 0.61626565, 0.42522237, 0.34675321, 0.43719992, 0.34018108, 0.68290859)
(0.65193903, 0.63671106, 0.27768129, 0.85082293, 0.76132607, 0.55642885, 0.82599455, 0.27326265, 0.69035804, 0.93523747)
(0.60266322, 0.39243832, 0.79472375, 0.73504144, 0.42775708, 0.58468485, 0.62074828, 0.06042553, 0.95749772, 0.14518170)
(0.63826740, 0.39017963, 0.20647667, 0.67208868, 0.89954364, 0.02225782, 0.67492837, 0.25109205, 0.67612994, 0.63178885)
(0.30099332, 0.60067558, 0.59772402, 0.20032860, 0.56550997, 0.42120829, 0.49745750, 0.53911000, 0.55761290, 0.34156731)
(0.76010245, 0.86853862, 0.57116115, 0.89088237, 0.88970554, 0.06073133, 0.51095426, 0.66245645, 0.80441046, 0.55800045)
(0.40865651, 0.67078203, 0.44794482, 0.45368350, 0.21469778, 0.30310601, 0.61554205, 0.51254535, 0.63745826, 0.41712317)
(0.35500646, 0.67312080, 0.51092386, 0.14731160, 0.41445512, 0.37942490, 0.60638708, 0.41805983, 0.41767794, 0.18550622)
(0.40301162, 0.20041457, 0.26410216, 0.69825500, 0.39230752, 0.32347998, 0.96583462, 0.15797922, 0.69933224, 0.89351326)
(0.24597271, 0.81727642, 0.81490958, 0.78051895, 0.13033746, 0.42205855, 0.55608809, 0.22105758, 0.80649918, 0.94168425)
(0.19394167, 0.40837967, 0.57755756, 0.03271316, 0.86529988, 0.37693408, 0.38035390, 0.50455827, 0.89305210, 0.21915156)
(0.69297296, 0.32854167, 0.67102635, 0.54355168, 0.75597727, 0.49307817, 0.67763555, 0.21931802, 0.04019982, 0.92508012)
(0.59010327, 0.21472609, 0.17184199, 0.14084977, 0.16279925, 0.75174856, 0.67773700, 0.56055284, 0.09781755, 0.17822744)
(0.44018632, 0.29223344, 0.34134954, 0.77065039, 0.59071916, 0.48259559, 0.17581578, 0.31559753, 0.18595932, 0.82195532)
(0.52475512, 0.91306347, 0.43320489, 0.38564467, 0.69600964, 0.37780246, 0.56606555, 0.12320004, 0.88777637, 0.17035480)
(0.41198051, 0.13798580, 0.91766059, 0.72291172, 0.87372011, 0.17623582, 0.40083855, 0.42305514, 0.44694701, 0.07413051)
(0.21911621, 0.82246071, 0.17638581, 0.24786468, 0.47057456, 0.27416527, 0.75815612, 0.53070915, 0.34989849, 0.33692968)
(0.61527777, 0.60486728, 0.35346773, 0.92743224, 0.96786153, 0.39075345, 0.28333956, 0.35418743, 0.32128513, 0.23614396)
(0.25316536, 0.23880184, 0.05893255, 0.41531110, 0.74620670, 0.77650487, 0.45279285, 0.27344471, 0.09715313, 0.41793591)
(0.29325667, 0.35949054, 0.14295606, 0.36782426, 0.59714794, 0.83558130, 0.55243969, 0.13967159, 0.09530400, 0.65550113)
(0.58201236, 0.58420986, 0.82110161, 0.03020173, 0.26460797, 0.43022007, 0.21598500, 0.91293776, 0.19967656, 0.28578249)
(0.65863305, 0.29962087, 0.29107928, 0.46408746, 0.74715775, 0.53570002, 0.79969400, 0.32634303, 0.15499932, 0.65868771)
(0.34554473, 0.46067065, 0.08142562, 0.73339415, 0.87709910, 0.78585821, 0.13291237, 0.15177295, 0.27645493, 0.58125240)
(0.24249758, 0.47311535, 0.59846288, 0.88990873, 0.28026024, 0.20176567, 0.76896447, 0.22389577, 0.81863159, 0.85023755)
(0.66821223, 0.85086530, 0.42011309, 0.86805058, 0.38022211, 0.08334260, 0.50536191, 0.22709267, 0.48936439, 0.65912002)
(0.16926220, 0.33535072, 0.81459081, 0.19567731, 0.71160853, 0.27759734, 0.60592830, 0.21184383, 0.31489021, 0.84606677)
(0.78590518, 0.52397013, 0.46088544, 0.60854447, 0.61771005, 0.56286258, 0.79777390, 0.33842072, 0.09666332, 0.22244549)
(0.48341122, 0.41420716, 0.77503759, 0.46777901, 0.27843696, 0.19535680, 0.32801783, 0.16591831, 0.94317108, 0.58401990)
(0.59687883, 0.76090693, 0.83285558, 0.97305930, 0.73664635, 0.46477333, 0.13427813, 0.54218680, 0.17392990, 0.10062940)
(0.63584453, 0.24044575, 0.80215240, 0.20932008, 0.89267910, 0.13235787, 0.16018395, 0.22477306, 0.58174026, 0.25851944)
(0.69072002, 0.01081267, 0.26712984, 0.60919911, 0.14534160, 0.61294150, 0.19693549, 0.61981928, 0.71414894, 0.89906341)
(0.05313566, 0.40886834, 0.16253789, 0.40889060, 0.72497743, 0.73681849, 0.80151683, 0.23203418, 0.07255449, 0.30414769)
(0.72300065, 0.53683907, 0.77091986, 0.67998129, 0.47737408, 0.32200122, 0.90858203, 0.12753968, 0.40083733, 0.79979312)
(0.52977109, 0.43601868, 0.57521713, 0.29257905, 0.57513446, 0.30652022, 0.16584983, 0.32406455, 0.15117022, 0.30436146)
(0.41263700, 0.48618078, 0.11072306, 0.43372467, 0.31744033, 0.77593857, 0.30270791, 0.22229061, 0.22510788, 0.59953898)
(0.45960242, 0.22163369, 0.70126766, 0.04493752, 0.95054132, 0.21284647, 0.09748129, 0.16960455, 0.34330955, 0.18519825)
(0.14162095, 0.13921468, 0.34775284, 0.74457598, 0.21913150, 0.94562703, 0.40235674, 0.36787599, 0.34943867, 0.33667424)
(0.26602787, 0.92407310, 0.43207598, 0.79877973, 0.63680410, 0.70469588, 0.75853294, 0.37972891, 0.28081366, 0.05912759)
(0.07563925, 0.70252854, 0.29586682, 0.29404563, 0.23883480, 0.88303602, 0.88047421, 0.96272433, 0.39002493, 0.04457460)
(0.03958918, 0.60620600, 0.61415130, 0.67561024, 0.61420423, 0.43746576, 0.57920057, 0.71705735, 0.25218394, 0.36083874)
(0.29914057, 0.31377184, 0.13705392, 0.46621528, 0.43398091, 0.92444754, 0.40110150, 0.78181869, 0.13773422, 0.08998100)
(0.24956900, 0.35815927, 0.50542611, 0.05748184, 0.93892360, 0.23098861, 0.30063537, 0.42457280, 0.87783206, 0.11692838)
(0.20431517, 0.34434330, 0.59013122, 0.86131078, 0.92277175, 0.47297740, 0.11861230, 0.42736712, 0.26348320, 0.50797021)
(0.90660405, 0.06365541, 0.44884673, 0.64592075, 0.15512657, 0.61586118, 0.11994838, 0.47004887, 0.24351043, 0.85990065)
(0.86007959, 0.53551465, 0.71287364, 0.77147681, 0.58593154, 0.59302038, 0.06064709, 0.19036895, 0.25861743, 0.63736993)
(0.80534661, 0.34505644, 0.13385202, 0.35006201, 0.69799298, 0.59775686, 0.86215216, 0.59465569, 0.14502679, 0.47294828)
(0.46016341, 0.58147222, 0.06256729, 0.24829821, 0.29822221, 0.56475955, 0.27209768, 0.95547587, 0.59587526, 0.09989261)
(0.57536256, 0.70334738, 0.26056617, 0.51557440, 0.15006171, 0.44529065, 0.45903724, 0.24462111, 0.01501887, 0.31979966)
(0.45317483, 0.13384768, 0.28128782, 0.66911995, 0.74147594, 0.20079969, 0.84421140, 0.45931739, 0.09190436, 0.97101712)
(0.79280841, 0.04085194, 0.42121550, 0.01890859, 0.52834690, 0.85637772, 0.60439420, 0.41385388, 0.11383015, 0.88605809)
(0.64822543, 0.00497813, 0.77407098, 0.45132333, 0.08378624, 0.29457825, 0.43819395, 0.73389924, 0.20081538, 0.88366163)
(0.11433678, 0.82012779, 0.43664572, 0.78024310, 0.51482433, 0.60369611, 0.16290493, 0.33654130, 0.06765032, 0.82319003)
(0.19462527, 0.46005958, 0.05919145, 0.29281086, 0.34634909, 0.82740897, 0.41559210, 0.82093906, 0.87003297, 0.46646556)
(0.64991289, 0.50943971, 0.87747616, 0.15246522, 0.63320297, 0.32737806, 0.43374449, 0.24365327, 0.74373329, 0.42617410)
(0.34855086, 0.52133441, 0.58941549, 0.10366695, 0.69215596, 0.27465200, 0.42373642, 0.27327660, 0.86794281, 0.09921838)
(0.78026646, 0.68531179, 0.69577909, 0.85442829, 0.49195591, 0.72197586, 0.43694490, 0.50765467, 0.02735019, 0.84548014)
(0.20677768, 0.23569353, 0.26383376, 0.57180977, 0.48747271, 0.25519678, 0.93794525, 0.44750375, 0.76656842, 0.83743232)
(0.25823995, 0.55598760, 0.53204387, 0.21629190, 0.48841560, 0.48047978, 0.86799109, 0.56452799, 0.37365448, 0.50961608)
(0.42508605, 0.44344696, 0.68721724, 0.65831447, 0.47750407, 0.27872145, 0.49841687, 0.21291904, 0.95813578, 0.68275112)
(0.77400094, 0.50553697, 0.07165255, 0.62774140, 0.92136204, 0.74235088, 0.66884869, 0.18349840, 0.12180711, 0.26754987)
(0.17262088, 0.71623582, 0.14562857, 0.45945901, 0.88733101, 0.54708534, 0.75837481, 0.21818799, 0.10267567, 0.27318749)
(0.82191288, 0.53983766, 0.22904517, 0.89708447, 0.61133742, 0.13606937, 0.82398605, 0.36889127, 0.36783010, 0.91720998)
(0.55631441, 0.68868965, 0.72429693, 0.22335699, 0.51123703, 0.52260947, 0.57180685, 0.40414390, 0.26840717, 0.07229815)
(0.10783534, 0.47273505, 0.36980912, 0.61665994, 0.80086100, 0.68348473, 0.60670298, 0.12982935, 0.23650856, 0.71644032)
(0.44489202, 0.94245750, 0.39728329, 0.97810274, 0.67987591, 0.60764134, 0.40064719, 0.33557031, 0.21471837, 0.58994681)
(0.39299220, 0.47704992, 0.08687738, 0.56821728, 0.54507327, 0.84035385, 0.25769407, 0.43769780, 0.17232046, 0.42618528)
(0.93889827, 0.11638540, 0.56005663, 0.85486144, 0.75459218, 0.72006863, 0.15050299, 0.61653119, 0.21769716, 0.69604194)
(0.59580219, 0.32984579, 0.48285890, 0.18958801, 0.24060026, 0.42408121, 0.79648912, 0.66517276, 0.17846854, 0.18362762)
(0.66819608, 0.84517729, 0.79397112, 0.23707899, 0.48231092, 0.04978691, 0.22251256, 0.24205613, 0.51299042, 0.09968071)
(0.09117933, 0.43233004, 0.16946095, 0.65230042, 0.58252990, 0.92115057, 0.74644816, 0.64677709, 0.09336855, 0.11072890)
(0.75218391, 0.43712300, 0.60244113, 0.18382280, 0.70627224, 0.79203176, 0.79601133, 0.08295393, 0.12828219, 0.27798843)
(0.24407199, 0.52633053, 0.44812721, 0.60815835, 0.53223991, 0.37424803, 0.45013878, 0.09929015, 0.93345112, 0.88888937)
(0.53160393, 0.62887949, 0.50379366, 0.49130014, 0.78062296, 0.17598188, 0.87514937, 0.16620842, 0.80473757, 0.86483002)
(0.08064017, 0.83421987, 0.92504096, 0.25811559, 0.64315522, 0.83800560, 0.69966686, 0.54345411, 0.62456357, 0.11143892)
(0.64714622, 0.51624042, 0.05214319, 0.39652595, 0.39413810, 0.79308802, 0.12962671, 0.93945205, 0.46496859, 0.20682046)
(0.47576255, 0.29120713, 0.93010718, 0.30112085, 0.09179381, 0.15761268, 0.69510204, 0.50954849, 0.34164378, 0.92223763)
(0.33888960, 0.71983469, 0.33065328, 0.48555571, 0.33839157, 0.66659474, 0.29415357, 0.29442233, 0.06273676, 0.24588197)
(0.18074763, 0.47902921, 0.77309024, 0.37988088, 0.62935990, 0.33473176, 0.54843855, 0.46423542, 0.78367049, 0.09961733)
(0.55396324, 0.55935276, 0.57285321, 0.56341237, 0.16465436, 0.87772965, 0.80108440, 0.83940232, 0.73307800, 0.08926984)
(0.68391603, 0.54364753, 0.85980409, 0.18419340, 0.58572876, 0.15667993, 0.36283410, 0.36891034, 0.65944487, 0.25546467)
(0.14678955, 0.68255007, 0.78266203, 0.28087959, 0.32793677, 0.36268324, 0.16573645, 0.37721363, 0.92085302, 0.12685923)
(0.36505532, 0.82369471, 0.83734983, 0.80620289, 0.88111222, 0.10577152, 0.17647204, 0.79653424, 0.74593961, 0.09372963)
(0.46903813, 0.82196158, 0.67894542, 0.16104800, 0.36540014, 0.74242604, 0.56509650, 0.42507100, 0.87071115, 0.06156250)
(0.68961507, 0.36173344, 0.01832577, 0.27351457, 0.24953499, 0.61566347, 0.32893604, 0.85660207, 0.17601490, 0.16638806)
(0.81071240, 0.66626030, 0.76219869, 0.94351214, 0.70954841, 0.58790207, 0.03351893, 0.44991034, 0.30675381, 0.76034832)
(0.20350236, 0.41919616, 0.20975812, 0.69517070, 0.52792454, 0.87934053, 0.16523424, 0.57574588, 0.43023422, 0.89969695)
(0.88098961, 0.53516221, 0.61862737, 0.55450845, 0.42647874, 0.26808032, 0.76808774, 0.03780471, 0.53074473, 0.75333565)
(0.81236678, 0.72902983, 0.73505521, 0.52371216, 0.32444203, 0.15023005, 0.79308349, 0.03784531, 0.56801987, 0.65337473)
(0.70534998, 0.37279189, 0.87946916, 0.41612008, 0.31036890, 0.35017145, 0.64519554, 0.27219141, 0.70484948, 0.85415983)
(0.18709654, 0.14672512, 0.11902841, 0.43247640, 0.54012781, 0.91086680, 0.22904862, 0.79801142, 0.16521393, 0.34004888)
(0.75265634, 0.30685046, 0.34661475, 0.56683624, 0.56575960, 0.80852175, 0.48500279, 0.07526153, 0.10530170, 0.33424133)
(0.20241424, 0.27217135, 0.42412907, 0.85874593, 0.66122228, 0.81942457, 0.08742254, 0.44820201, 0.43898794, 0.76446730)
(0.87291294, 0.71614552, 0.39480671, 0.87900430, 0.61807263, 0.15236184, 0.78428322, 0.43951702, 0.15848006, 0.73300910)
(0.44219235, 0.62220913, 0.74716306, 0.06479841, 0.57123637, 0.93605912, 0.14618611, 0.72068244, 0.12048426, 0.23199816)
(0.20757383, 0.48490992, 0.84858024, 0.84051621, 0.52641577, 0.18903965, 0.14277485, 0.06041120, 0.22907607, 0.27204862)
(0.71048951, 0.68166757, 0.26361719, 0.55574083, 0.68249375, 0.64952141, 0.47472435, 0.38766679, 0.11935341, 0.24114870)
(0.90599561, 0.14645703, 0.64663929, 0.74101913, 0.65750450, 0.65278232, 0.64711028, 0.69333595, 0.17360452, 0.87421137)
(0.94870061, 0.33557364, 0.45623860, 0.73664439, 0.50337976, 0.19740917, 0.68521059, 0.11191333, 0.20911433, 0.45496014)
(0.95212525, 0.59332758, 0.40803981, 0.08656354, 0.16963431, 0.55181748, 0.76131701, 0.38193917, 0.12553403, 0.16850953)
(0.54917973, 0.18966980, 0.31290776, 0.88604987, 0.85610366, 0.93440419, 0.51985162, 0.57602185, 0.09625614, 0.29991627)
(0.26269299, 0.91961545, 0.78677666, 0.74659973, 0.41889781, 0.23576030, 0.46255219, 0.44313997, 0.75056475, 0.07417652)
(0.31173795, 0.10074158, 0.07309713, 0.38224334, 0.38676211, 0.82194710, 0.75545317, 0.91171545, 0.15169032, 0.07546777)
(0.51538503, 0.70666891, 0.03238479, 0.47518215, 0.45022944, 0.66207695, 0.50706422, 0.50246716, 0.05225740, 0.57402676)
(0.84510946, 0.78094274, 0.44805205, 0.76572376, 0.67621756, 0.60001397, 0.61347121, 0.20940375, 0.15404990, 0.43299350)
(0.03502328, 0.48798087, 0.82533020, 0.78389561, 0.74117041, 0.19375415, 0.31479260, 0.58266842, 0.49472386, 0.14461288)
(0.48650035, 0.39904213, 0.12913348, 0.69229937, 0.94086009, 0.72579694, 0.26659733, 0.19964227, 0.09866039, 0.64330781)
(0.76917464, 0.70359176, 0.87030274, 0.42569044, 0.43347684, 0.52216285, 0.81996149, 0.21606378, 0.76798207, 0.27884939)
(0.61090589, 0.75670898, 0.50622082, 0.70701438, 0.37031168, 0.08400210, 0.54706228, 0.36760375, 0.84938604, 0.18905878)
(0.63360292, 0.69700336, 0.26325539, 0.59411496, 0.64635795, 0.09265170, 0.74753857, 0.15170340, 0.92157489, 0.55488020)
(0.29895726, 0.15012099, 0.70200038, 0.67503780, 0.33289960, 0.91798735, 0.28952032, 0.07245563, 0.12768991, 0.38619214)
(0.93502283, 0.64890981, 0.54977071, 0.46215141, 0.18650275, 0.48849931, 0.68000382, 0.20850471, 0.02757561, 0.63141000)
(0.74513859, 0.26761702, 0.50895154, 0.69812304, 0.09192632, 0.20840023, 0.70483208, 0.34337750, 0.07838809, 0.87305689)
(0.67626107, 0.40145692, 0.23355399, 0.45616737, 0.65175885, 0.28579310, 0.83729440, 0.10100418, 0.68724090, 0.75051361)
(0.22141723, 0.87452352, 0.47220179, 0.07120693, 0.26529649, 0.89730901, 0.37229329, 0.97107387, 0.16416556, 0.27797741)
(0.39523974, 0.63439327, 0.87800986, 0.91849136, 0.56099278, 0.18147746, 0.13663426, 0.11540112, 0.14044379, 0.66814035)
(0.29904652, 0.54061931, 0.28149837, 0.47356504, 0.77034229, 0.57153618, 0.28679019, 0.28571635, 0.22615172, 0.70824683)
(0.36927894, 0.85164517, 0.63176727, 0.02372382, 0.52367872, 0.47899276, 0.66574681, 0.79146856, 0.12432822, 0.29625693)
(0.45754480, 0.56764752, 0.71409523, 0.10175357, 0.76396465, 0.49797121, 0.42783654, 0.67714852, 0.25787255, 0.26908293)
(0.79239058, 0.80331594, 0.51082069, 0.50655562, 0.58955646, 0.35697743, 0.86150360, 0.36551723, 0.16343680, 0.37117085)
(0.73245215, 0.31483293, 0.01562319, 0.51212060, 0.36476687, 0.71793759, 0.19358720, 0.74292189, 0.31609368, 0.36323106)
(0.50007856, 0.30172896, 0.26443675, 0.78625757, 0.87070751, 0.04310622, 0.79318357, 0.27126342, 0.64570230, 0.91134477)
(0.35570964, 0.39517868, 0.12435647, 0.45526972, 0.75008506, 0.21870306, 0.71570313, 0.19319114, 0.93351096, 0.92057377)
(0.02946073, 0.43079272, 0.18775250, 0.81088871, 0.68468732, 0.86443657, 0.39209414, 0.56196338, 0.34270898, 0.77570277)
(0.06117118, 0.52890098, 0.05470372, 0.84653872, 0.37714139, 0.91697156, 0.44545278, 0.50922114, 0.31121814, 0.54861432)
(0.30539280, 0.38854137, 0.53170604, 0.47923282, 0.91887981, 0.22369789, 0.31447503, 0.36358398, 0.42036608, 0.64431441)
(0.84599823, 0.41921958, 0.11238028, 0.39238957, 0.58628941, 0.51575398, 0.59649318, 0.92611337, 0.08984411, 0.17365520)
(0.29298317, 0.26793793, 0.65007156, 0.37434798, 0.93519557, 0.26219371, 0.20261782, 0.37377939, 0.58844215, 0.72669345)
(0.86464983, 0.53543329, 0.48540780, 0.07951697, 0.62928379, 0.69269776, 0.89477646, 0.19280070, 0.19327942, 0.36047772)
(0.73236001, 0.38562885, 0.78592253, 0.28234825, 0.91583931, 0.39257246, 0.47262692, 0.06584112, 0.21241121, 0.22795695)
(0.04919426, 0.76067364, 0.55170321, 0.29211560, 0.56632012, 0.37549466, 0.52064073, 0.56535453, 0.48606798, 0.16605525)
(0.67723715, 0.62362599, 0.88970995, 0.75739980, 0.68037641, 0.17730239, 0.40375763, 0.38452366, 0.88657784, 0.58215392)
(0.93939757, 0.50056976, 0.07112199, 0.68263000, 0.38322440, 0.39247197, 0.55777675, 0.89343148, 0.11668354, 0.47337291)
(0.41095522, 0.62126094, 0.51819408, 0.91669738, 0.58840853, 0.49356449, 0.16220367, 0.65575325, 0.04491716, 0.21606612)
(0.91015130, 0.36356306, 0.52709073, 0.79407179, 0.44421372, 0.86154926, 0.59586841, 0.89860392, 0.42648429, 0.55302298)
(0.93892843, 0.61256266, 0.10780574, 0.69134051, 0.32044762, 0.53620541, 0.61223328, 0.54044718, 0.07768492, 0.35248306)
(0.93948418, 0.39705440, 0.87252671, 0.82482833, 0.59912908, 0.51563150, 0.34643662, 0.47132042, 0.12920798, 0.47173405)
(0.53184909, 0.20841068, 0.67686105, 0.46120578, 0.60306948, 0.11879644, 0.19348672, 0.27964598, 0.69728684, 0.49657220)
(0.60985595, 0.52120847, 0.88145530, 0.78702056, 0.65102941, 0.01831105, 0.44423243, 0.45024043, 0.28686324, 0.97727281)
(0.12408047, 0.28224978, 0.78672636, 0.38040751, 0.39329478, 0.62835282, 0.18338265, 0.22680913, 0.38629836, 0.66771990)
(0.60603100, 0.16311415, 0.86920035, 0.62564129, 0.19749101, 0.65991992, 0.88258660, 0.74636137, 0.28819376, 0.78772098)
(0.73531640, 0.14976104, 0.57082927, 0.10583027, 0.65442795, 0.82638550, 0.59148085, 0.11185607, 0.05002610, 0.94126415)
(0.49429119, 0.66353303, 0.61414522, 0.21186385, 0.78581232, 0.68942302, 0.34065473, 0.11289353, 0.10132376, 0.22310147)
(0.81300324, 0.01017920, 0.61162096, 0.27795172, 0.20768940, 0.68291765, 0.07972399, 0.37456518, 0.49216673, 0.72035533)
(0.75431389, 0.35784638, 0.43637285, 0.53689879, 0.35025135, 0.88401037, 0.45179015, 0.27927989, 0.07539648, 0.38485056)
(0.58897376, 0.68065488, 0.03622900, 0.43039012, 0.63516283, 0.75597239, 0.40898669, 0.39959872, 0.13033932, 0.37106755)
(0.31798044, 0.29464203, 0.95611984, 0.32942364, 0.94598854, 0.44462872, 0.59111673, 0.26155314, 0.44829428, 0.79726797)
(0.31396189, 0.30080792, 0.65039563, 0.30146495, 0.47935024, 0.08986007, 0.17925330, 0.43410924, 0.30621818, 0.67479044)
(0.30976573, 0.47258320, 0.53788769, 0.88548940, 0.84573901, 0.69983381, 0.28060654, 0.14635499, 0.15115464, 0.32763603)
(0.23631442, 0.47361109, 0.83612794, 0.41058025, 0.65963423, 0.52421045, 0.33010674, 0.76301992, 0.07436165, 0.25651824)
(0.96550560, 0.29583541, 0.56686765, 0.60771656, 0.37750211, 0.39634565, 0.72750098, 0.20439443, 0.24549462, 0.46467796)
(0.70304734, 0.34799504, 0.14465484, 0.18589002, 0.29011160, 0.49324629, 0.75172848, 0.80270326, 0.17355786, 0.18106417)
(0.28819993, 0.22865668, 0.72509706, 0.53771824, 0.89467758, 0.05209401, 0.57172728, 0.46383536, 0.58614802, 0.83477062)
(0.68047714, 0.36569414, 0.91515231, 0.70714241, 0.92567474, 0.15807454, 0.23672703, 0.14714965, 0.80755544, 0.76238948)
(0.50081426, 0.83911687, 0.06959480, 0.63711917, 0.36243719, 0.26854271, 0.67400593, 0.30793419, 0.90186578, 0.42565733)
(0.56585002, 0.21768847, 0.07373643, 0.25790927, 0.15552747, 0.65282923, 0.36474147, 0.63676518, 0.17227194, 0.33361247)
(0.07465159, 0.14469831, 0.04024443, 0.66433173, 0.44470531, 0.92107850, 0.27506477, 0.89504665, 0.73879212, 0.85917407)
(0.46197569, 0.86775929, 0.84225678, 0.07252491, 0.66806728, 0.58359194, 0.57413232, 0.42757675, 0.40194634, 0.12286095)
(0.06460311, 0.56191975, 0.35002476, 0.03801354, 0.59926355, 0.32620341, 0.15963599, 0.26388943, 0.76843232, 0.08120491)
(0.15928786, 0.84608448, 0.63266617, 0.73268366, 0.51660204, 0.26527733, 0.28847480, 0.64613593, 0.27402711, 0.48245305)
(0.53336459, 0.03988928, 0.36912051, 0.62931198, 0.57774448, 0.84970063, 0.53193283, 0.60248643, 0.11727314, 0.11345150)
(0.29788285, 0.56911010, 0.64006102, 0.33166203, 0.62973118, 0.87326044, 0.42622745, 0.62076819, 0.08277307, 0.14168036)
(0.47672421, 0.39381081, 0.82773209, 0.46977234, 0.76194364, 0.10758371, 0.77200150, 0.12016566, 0.23050348, 0.88825947)
(0.59225070, 0.51827472, 0.84866750, 0.34989223, 0.87390190, 0.39641601, 0.51658165, 0.04242745, 0.71931326, 0.71996045)
(0.17438376, 0.32442245, 0.37470743, 0.05695417, 0.65500480, 0.40505722, 0.07304927, 0.18377645, 0.79610246, 0.12276886)
(0.66136199, 0.32191077, 0.71322143, 0.66746533, 0.94941342, 0.42590109, 0.39138299, 0.20692246, 0.14569627, 0.82770121)
(0.13404520, 0.61762506, 0.84587204, 0.29366350, 0.69588953, 0.28977916, 0.12936795, 0.38122785, 0.26031131, 0.08031271)
(0.56017929, 0.25826907, 0.45648640, 0.63507205, 0.57335532, 0.05414712, 0.76246947, 0.11834476, 0.52691394, 0.89495838)
(0.15893129, 0.26514664, 0.03765804, 0.49184215, 0.48519006, 0.87310392, 0.66588080, 0.70618212, 0.14359847, 0.35950422)
(0.39447698, 0.48665035, 0.67631143, 0.51446003, 0.34278330, 0.50847667, 0.41418004, 0.11992213, 0.89818794, 0.07858130)
(0.21107809, 0.83927113, 0.65190196, 0.67245120, 0.60982186, 0.22885074, 0.32243145, 0.67467648, 0.03013211, 0.82804632)
(0.50161231, 0.88186347, 0.29849350, 0.64681137, 0.86366689, 0.25307426, 0.74821126, 0.36284563, 0.18467586, 0.46124178)
(0.84903520, 0.58670634, 0.11145448, 0.59937441, 0.36401659, 0.56127870, 0.70939511, 0.85360140, 0.11505860, 0.03930060)
(0.36013547, 0.64900821, 0.89614606, 0.25355607, 0.59622848, 0.15258126, 0.31358519, 0.43875200, 0.67257333, 0.02211948)
(0.31459415, 0.33205763, 0.14930114, 0.74710554, 0.65079367, 0.70836139, 0.30080613, 0.11287136, 0.16631386, 0.47371912)
(0.20334087, 0.77891266, 0.20054999, 0.67307478, 0.43552062, 0.21515982, 0.80465567, 0.12986334, 0.93385941, 0.73221016)
(0.62791574, 0.55766100, 0.77301604, 0.27181053, 0.51680708, 0.31193078, 0.30281559, 0.35007870, 0.55354345, 0.20229986)
(0.78252161, 0.64104283, 0.87518775, 0.81116575, 0.27426440, 0.22403160, 0.55538410, 0.40583742, 0.39502072, 0.76887387)
(0.12845738, 0.89621937, 0.90221119, 0.06533311, 0.79274124, 0.75527608, 0.54964113, 0.86729920, 0.37084633, 0.15087491)
(0.79559696, 0.36454135, 0.91243857, 0.37432712, 0.11776964, 0.76601362, 0.72873116, 0.15643714, 0.78756493, 0.73545611)
(0.58137399, 0.50480413, 0.20185000, 0.85780913, 0.68383431, 0.33180940, 0.79990226, 0.17979336, 0.83442277, 0.91813838)
(0.60903019, 0.38274771, 0.48168379, 0.41026917, 0.84218132, 0.45777905, 0.73841679, 0.06867244, 0.27391300, 0.59335023)
(0.21792066, 0.69327247, 0.45997450, 0.85487282, 0.07251456, 0.40104344, 0.43114015, 0.05601298, 0.84043622, 0.86939430)
(0.92847878, 0.23856398, 0.65302467, 0.01890675, 0.33395469, 0.50318795, 0.63857400, 0.50696421, 0.06061427, 0.78611749)
(0.43633857, 0.09590583, 0.71608895, 0.91188657, 0.70930672, 0.82788765, 0.06378290, 0.60331923, 0.50749892, 0.90050912)
(0.05824137, 0.76304275, 0.77507788, 0.45998544, 0.32694089, 0.40560129, 0.55847210, 0.65286016, 0.21301402, 0.10820854)
(0.55490869, 0.04967649, 0.96473312, 0.31631246, 0.22270803, 0.31700858, 0.05737653, 0.65729576, 0.04709270, 0.97580552)
(0.39771354, 0.61192709, 0.34380478, 0.24371064, 0.46005136, 0.65999681, 0.94005805, 0.39158797, 0.13483989, 0.14292580)
(0.48565421, 0.70419610, 0.64965469, 0.00674883, 0.85132939, 0.20425978, 0.08041501, 0.08405095, 0.90826970, 0.19852044)
(0.59060705, 0.06625436, 0.83881593, 0.43756339, 0.13608477, 0.65559119, 0.91229141, 0.45389190, 0.50164473, 0.82222986)
(0.44998029, 0.61410260, 0.78479242, 0.49238861, 0.52612889, 0.08402840, 0.56639373, 0.62029701, 0.21014312, 0.47152886)
(0.17410313, 0.46219638, 0.30788380, 0.47314671, 0.12378299, 0.78022856, 0.50358832, 0.85577941, 0.10547850, 0.07011477)
(0.38868499, 0.45234147, 0.74717766, 0.56946152, 0.52990103, 0.15532674, 0.21023147, 0.51095825, 0.86514300, 0.06116518)
(0.68395525, 0.25267008, 0.07969753, 0.57686311, 0.25311127, 0.84484917, 0.25141314, 0.40463781, 0.25770855, 0.06257365)
(0.37025771, 0.74395555, 0.56038809, 0.78551221, 0.80726665, 0.54996109, 0.73984003, 0.33110240, 0.29349113, 0.04659974)
(0.52079833, 0.64250678, 0.85862708, 0.95650977, 0.90515137, 0.22988436, 0.23636903, 0.19442414, 0.43354884, 0.28573683)
(0.40582004, 0.65603733, 0.66750652, 0.89700818, 0.64569980, 0.21991554, 0.37496987, 0.05561798, 0.11326934, 0.61619157)
(0.47332332, 0.48273236, 0.77717960, 0.50266999, 0.75703329, 0.03992712, 0.47257975, 0.14234191, 0.49439460, 0.92530847)
(0.58791941, 0.67755198, 0.87381524, 0.09939097, 0.85828972, 0.91306156, 0.17097938, 0.56479156, 0.13294409, 0.23298948)
(0.71820867, 0.53436399, 0.34330049, 0.67624694, 0.58452809, 0.39240965, 0.32257164, 0.19144265, 0.04779265, 0.55053866)
(0.34779775, 0.47704363, 0.82975423, 0.74822539, 0.34461665, 0.08857901, 0.79730517, 0.19380000, 0.64864409, 0.93224502)
(0.72833031, 0.45672870, 0.66943896, 0.58540684, 0.52773911, 0.01113096, 0.30886385, 0.28161621, 0.13350073, 0.65161008)
(0.47538698, 0.52937251, 0.78357261, 0.03228552, 0.59538400, 0.14766493, 0.05663377, 0.07723194, 0.90788162, 0.04051308)
(0.57998002, 0.22599347, 0.42238244, 0.04649433, 0.23798539, 0.93562335, 0.44321069, 0.78434646, 0.16258723, 0.25720379)
(0.96807033, 0.53021652, 0.14950113, 0.79073668, 0.72778696, 0.45579451, 0.74395216, 0.63538802, 0.19912799, 0.45970196)
(0.68543547, 0.67530000, 0.29334739, 0.83550525, 0.85940391, 0.24501754, 0.15974155, 0.17146766, 0.12266883, 0.46959713)
(0.52429658, 0.10299238, 0.21135341, 0.50737560, 0.15100369, 0.62950569, 0.28597939, 0.39473602, 0.44930583, 0.59976679)
(0.69403154, 0.47710049, 0.04443083, 0.41405463, 0.26120961, 0.65575296, 0.43523198, 0.79667598, 0.06534926, 0.20837824)
(0.76983231, 0.27626210, 0.66184491, 0.09244448, 0.61390728, 0.74335253, 0.79369688, 0.87416744, 0.15606669, 0.60516453)
(0.20644574, 0.45016041, 0.16429947, 0.93514323, 0.68116277, 0.60273361, 0.07152752, 0.14796694, 0.14014053, 0.57336980)
(0.49298540, 0.75136060, 0.95646465, 0.88271087, 0.92593682, 0.53563505, 0.31173488, 0.27110529, 0.79381782, 0.57163602)
(0.18176056, 0.38302642, 0.77558428, 0.59343809, 0.73633271, 0.01933587, 0.81657857, 0.58401412, 0.76594293, 0.77936321)
(0.18962620, 0.45997712, 0.57154542, 0.15082705, 0.30999053, 0.49776083, 0.40132979, 0.96341437, 0.21845587, 0.25835696)
(0.43270761, 0.51536900, 0.71851826, 0.57251227, 0.90766382, 0.43512681, 0.12360750, 0.42601505, 0.38188994, 0.85204303)
(0.09376480, 0.32079512, 0.82529712, 0.66567653, 0.84636188, 0.16248223, 0.33282366, 0.62972850, 0.67854255, 0.11727075)
(0.70449877, 0.61298841, 0.67971033, 0.69284427, 0.45443144, 0.03254107, 0.60963714, 0.39932594, 0.25739932, 0.71099257)
(0.23054646, 0.77204603, 0.38520834, 0.59735227, 0.34939748, 0.37813556, 0.79854977, 0.63795424, 0.29438445, 0.05192380)
(0.47690997, 0.35877270, 0.49886769, 0.03004665, 0.47517034, 0.76030403, 0.43708032, 0.95335239, 0.17803909, 0.53752381)
(0.32646522, 0.52492547, 0.13497062, 0.50670570, 0.41729221, 0.65302932, 0.58653277, 0.23086768, 0.66756272, 0.77886403)
(0.61382902, 0.46257919, 0.17718433, 0.75145227, 0.74938476, 0.35160995, 0.70704675, 0.12331977, 0.93779570, 0.70352674)
(0.46067348, 0.55043113, 0.51223195, 0.35554683, 0.85719639, 0.46188885, 0.65171254, 0.11995384, 0.38755050, 0.46942449)
(0.38581476, 0.78113520, 0.46640426, 0.58777595, 0.32941875, 0.24356654, 0.80152273, 0.66313821, 0.22057571, 0.40152088)
(0.61238474, 0.40875056, 0.67052722, 0.79137856, 0.68427163, 0.13217399, 0.75003290, 0.31888795, 0.72297227, 0.97155184)
(0.03218565, 0.35961771, 0.78457451, 0.01186021, 0.94384974, 0.28157213, 0.40954441, 0.35595155, 0.70290047, 0.08727901)
(0.42493233, 0.02074954, 0.91518235, 0.04185500, 0.13438268, 0.36167064, 0.34211969, 0.68370616, 0.27436313, 0.81287736)
(0.59709823, 0.53843123, 0.29034033, 0.69153440, 0.81393462, 0.69822770, 0.20698297, 0.14537767, 0.23680821, 0.59667426)
(0.77551472, 0.71999872, 0.45079237, 0.57169354, 0.77266717, 0.46392035, 0.86621070, 0.10234277, 0.69647449, 0.74393672)
(0.61391020, 0.41328794, 0.90846622, 0.63846111, 0.72945487, 0.34708384, 0.65846044, 0.37801036, 0.09783590, 0.95005012)
(0.66930914, 0.39593184, 0.49991465, 0.59494030, 0.71318978, 0.13597570, 0.40713167, 0.26416099, 0.09179462, 0.64333767)
(0.19222684, 0.40441075, 0.69737768, 0.66445190, 0.66189468, 0.49923062, 0.37221614, 0.06736721, 0.23157007, 0.48756146)
(0.65291870, 0.52892452, 0.54052252, 0.49871561, 0.91918457, 0.30367863, 0.70096326, 0.15399373, 0.31290707, 0.67206854)
(0.88936883, 0.41118741, 0.81505334, 0.02599288, 0.61806124, 0.67079806, 0.75884545, 0.80539995, 0.55675972, 0.61395818)
(0.47399062, 0.64028943, 0.09350599, 0.76394862, 0.74625647, 0.35606194, 0.34493819, 0.42453691, 0.04521918, 0.48739555)
(0.09584668, 0.36719236, 0.63912755, 0.77703160, 0.66615671, 0.66261846, 0.41017291, 0.27333894, 0.07598191, 0.30273417)
(0.01533598, 0.67266637, 0.96993387, 0.49536511, 0.65786815, 0.54781032, 0.20501795, 0.54553646, 0.21782883, 0.29140556)
(0.93580997, 0.70242089, 0.63994426, 0.15070178, 0.71898627, 0.71168929, 0.58386254, 0.52390623, 0.16315658, 0.45031768)
(0.39386195, 0.15253969, 0.43563199, 0.72130495, 0.07382303, 0.78287858, 0.88186228, 0.62602329, 0.80462998, 0.88685173)
(0.37413266, 0.22015622, 0.41311112, 0.05885294, 0.24200635, 0.69394422, 0.77109045, 0.49450430, 0.16936000, 0.10693472)
(0.90837115, 0.41016102, 0.13288453, 0.29734471, 0.22319578, 0.66619819, 0.51559907, 0.49222103, 0.08514877, 0.09867019)
(0.78534108, 0.71700126, 0.71428686, 0.70090014, 0.24364778, 0.51453036, 0.15106781, 0.59199190, 0.07566313, 0.24623650)
(0.90320992, 0.23484918, 0.42199889, 0.74867553, 0.62430137, 0.44244769, 0.67200345, 0.57547259, 0.11261060, 0.92966604)
(0.78845620, 0.70673680, 0.33581486, 0.67467457, 0.79554594, 0.51218700, 0.81441182, 0.42080221, 0.90815896, 0.25914440)
(0.75653648, 0.77444285, 0.34912735, 0.88398170, 0.77272606, 0.13112174, 0.38787648, 0.43659827, 0.93346256, 0.79592472)
(0.72058928, 0.44728890, 0.61208475, 0.16945638, 0.80695546, 0.58811837, 0.33222243, 0.09003957, 0.08905528, 0.78405887)
(0.10176351, 0.38343391, 0.36599499, 0.62731433, 0.37730673, 0.19724065, 0.70542669, 0.23406723, 0.77702731, 0.85683149)
(0.57612443, 0.76888299, 0.41132608, 0.88672394, 0.47161403, 0.23844518, 0.79296529, 0.41776443, 0.73229569, 0.73568356)
(0.81843901, 0.62446487, 0.79659325, 0.54656732, 0.63138932, 0.03126822, 0.23702112, 0.08735131, 0.18734325, 0.49437195)
(0.44812825, 0.62287480, 0.55076689, 0.53746098, 0.83149391, 0.20207073, 0.20970553, 0.55056053, 0.32375109, 0.38552389)
(0.87941420, 0.15072185, 0.48897484, 0.04489424, 0.20383105, 0.84269702, 0.32883051, 0.67514551, 0.29294077, 0.38229111)
(0.52751213, 0.39315623, 0.05008596, 0.53027207, 0.80217785, 0.77499098, 0.50677502, 0.31454569, 0.13273221, 0.76966125)
(0.35374472, 0.43690884, 0.62877446, 0.84593427, 0.22069713, 0.49179107, 0.80992484, 0.34522679, 0.74881816, 0.95643485)
(0.39096043, 0.96706635, 0.77141768, 0.52282643, 0.36706552, 0.81157762, 0.68273503, 0.50594878, 0.42198384, 0.21905999)
(0.75220525, 0.43186197, 0.10408035, 0.81273156, 0.61208200, 0.52458704, 0.84074616, 0.21360953, 0.85605997, 0.58133858)
(0.47085881, 0.47358719, 0.33030507, 0.11253096, 0.41828227, 0.24821953, 0.18335478, 0.22201508, 0.83063841, 0.20484000)
(0.26710075, 0.18141828, 0.06236480, 0.06378569, 0.30644310, 0.67399353, 0.45520979, 0.87219679, 0.22996318, 0.50349885)
(0.33316699, 0.49665850, 0.04420859, 0.71319693, 0.51247615, 0.71718103, 0.26596406, 0.40359962, 0.05233316, 0.24895711)
(0.27017003, 0.19048846, 0.55370748, 0.38109884, 0.82682735, 0.13141255, 0.59918827, 0.12674108, 0.27367920, 0.79227883)
(0.36081791, 0.65586340, 0.79920834, 0.73663825, 0.31408715, 0.57215220, 0.29746449, 0.03693324, 0.94789726, 0.41870126)
(0.62585622, 0.15818162, 0.03107973, 0.58912009, 0.45195732, 0.72265208, 0.17194571, 0.83396029, 0.83616626, 0.66435939)
(0.61748147, 0.53239816, 0.36336938, 0.73479384, 0.52657634, 0.57564181, 0.76731259, 0.08281290, 0.93300211, 0.40084082)
(0.85467815, 0.29924697, 0.34454483, 0.82686341, 0.82799745, 0.45674857, 0.46061736, 0.41343305, 0.07590989, 0.48133239)
(0.37257260, 0.63845628, 0.23289847, 0.16792412, 0.12523483, 0.45283368, 0.81400412, 0.81457222, 0.36870301, 0.11139391)
(0.85321349, 0.32357955, 0.59264845, 0.79257190, 0.52273190, 0.90377992, 0.29664001, 0.56043458, 0.26497525, 0.93305403)
(0.24593797, 0.23542756, 0.03323594, 0.47161624, 0.17172737, 0.85575652, 0.30427545, 0.71603525, 0.21424226, 0.38512155)
(0.68415761, 0.83356166, 0.75777209, 0.52760071, 0.68377239, 0.96064132, 0.51175642, 0.18365030, 0.20238423, 0.56084043)
(0.69056362, 0.40257847, 0.87245232, 0.66892791, 0.54536718, 0.07943913, 0.01712119, 0.36628014, 0.29647771, 0.83530718)
(0.88515794, 0.32052118, 0.10018802, 0.40178329, 0.58340877, 0.64523107, 0.33761451, 0.32259727, 0.22626169, 0.27023390)
(0.72180527, 0.29530251, 0.98893690, 0.61779797, 0.04920251, 0.37595084, 0.55714285, 0.43964884, 0.29979092, 0.92450631)
(0.64827096, 0.34957179, 0.88488239, 0.27504119, 0.71868587, 0.42808416, 0.27882874, 0.41577187, 0.10216033, 0.21589693)
(0.25016639, 0.65103853, 0.74820924, 0.03201069, 0.73028481, 0.53504980, 0.14329273, 0.62493503, 0.11363076, 0.14170286)
(0.83020264, 0.40084544, 0.75394964, 0.17503387, 0.36332783, 0.47321069, 0.02166817, 0.36717167, 0.42618397, 0.82302177)
(0.36615729, 0.41137862, 0.41441712, 0.85696769, 0.36162832, 0.52923739, 0.07651045, 0.49511093, 0.33053136, 0.88786668)
(0.40924147, 0.83798009, 0.13145009, 0.87569982, 0.52676523, 0.14146651, 0.90067887, 0.43235016, 0.86548191, 0.84667742)
(0.17312555, 0.16161747, 0.97931081, 0.85766941, 0.94976395, 0.32772753, 0.22091076, 0.31771547, 0.77660912, 0.18605483)
(0.32933193, 0.25708613, 0.84430218, 0.37237462, 0.45562667, 0.06540234, 0.60407066, 0.52053952, 0.29369614, 0.83032948)
(0.09130918, 0.18829906, 0.57440990, 0.81067413, 0.65666223, 0.73379886, 0.67337257, 0.10875735, 0.12751669, 0.51977932)
(0.58211434, 0.68343133, 0.77771109, 0.84577638, 0.63968760, 0.07535685, 0.69370049, 0.50662434, 0.48794869, 0.96912080)
(0.70904499, 0.66654581, 0.53835642, 0.70253539, 0.94368589, 0.13396131, 0.30317274, 0.13186982, 0.40226471, 0.50701714)
(0.30148515, 0.56556714, 0.74242413, 0.09012290, 0.81338233, 0.22064433, 0.53563160, 0.84951001, 0.58865237, 0.24594127)
(0.02538748, 0.27068326, 0.78290313, 0.39966637, 0.33691317, 0.85224617, 0.20520453, 0.21826288, 0.23058783, 0.46993056)
(0.08099243, 0.40503043, 0.77069104, 0.85647088, 0.71799362, 0.49601597, 0.42626253, 0.44907203, 0.20726526, 0.44621903)
(0.12290606, 0.50351667, 0.40858182, 0.12840408, 0.61844444, 0.43653503, 0.28694287, 0.46781677, 0.79847145, 0.32724628)
(0.57439560, 0.56347024, 0.56818610, 0.46033049, 0.77390397, 0.21447144, 0.73209411, 0.23834601, 0.11963526, 0.70139480)
(0.29364368, 0.17133658, 0.80628181, 0.79973376, 0.90287513, 0.25659424, 0.31005400, 0.06034654, 0.41769379, 0.15384063)
(0.37409577, 0.19493689, 0.84968680, 0.68173188, 0.61586189, 0.02153021, 0.65313625, 0.27320701, 0.28892997, 0.90075243)
(0.58886844, 0.17253463, 0.27713802, 0.47645167, 0.63890141, 0.80020255, 0.68988621, 0.25159216, 0.05773113, 0.37810892)
(0.32999569, 0.17813103, 0.08970415, 0.43892527, 0.09029856, 0.89364260, 0.22766109, 0.81916231, 0.80156535, 0.22104774)
(0.25935230, 0.20078687, 0.44185302, 0.65654951, 0.57146966, 0.15413988, 0.94315845, 0.27955562, 0.56475937, 0.90315545)
(0.27426600, 0.43547568, 0.02987780, 0.48195955, 0.24517252, 0.74451721, 0.89445448, 0.23545907, 0.84783512, 0.70190912)
(0.27890491, 0.39299056, 0.25580263, 0.44313070, 0.36650807, 0.54111087, 0.15858302, 0.85466611, 0.52365458, 0.22873068)
(0.62195128, 0.15809840, 0.94054186, 0.26039386, 0.11835617, 0.67177182, 0.93940777, 0.33018315, 0.38985869, 0.84181827)
(0.73955655, 0.45500407, 0.57650030, 0.77358288, 0.72425586, 0.76644361, 0.06597272, 0.34924901, 0.19183694, 0.83893180)
(0.27461618, 0.51518327, 0.27153409, 0.40210897, 0.18169008, 0.54154396, 0.41685784, 0.94993985, 0.12581834, 0.16194426)
(0.47201702, 0.70003420, 0.34166676, 0.34146932, 0.36546394, 0.04845336, 0.17748298, 0.54398048, 0.89760625, 0.94825244)
(0.22951977, 0.27050525, 0.17504232, 0.27117848, 0.19725806, 0.88684160, 0.82877380, 0.62090349, 0.17890690, 0.13016564)
(0.39579159, 0.55978858, 0.66091770, 0.03939116, 0.68392783, 0.57282650, 0.26442352, 0.27008477, 0.05736294, 0.88451058)
(0.49645323, 0.56786525, 0.26275307, 0.28911757, 0.37696913, 0.83277458, 0.75242126, 0.41635495, 0.11737338, 0.09423577)
(0.41483760, 0.13458337, 0.27261591, 0.84714180, 0.06093720, 0.24873535, 0.96060002, 0.19585729, 0.70859677, 0.81877971)
(0.16960651, 0.41944563, 0.69699359, 0.22985832, 0.43313336, 0.23354298, 0.06227060, 0.25250307, 0.86107779, 0.03432513)
(0.53247339, 0.70845872, 0.79910636, 0.36702433, 0.95045722, 0.07451348, 0.25474286, 0.57888359, 0.41246867, 0.76046407)
(0.59857702, 0.87085325, 0.56923300, 0.53144431, 0.37288564, 0.35265452, 0.90349072, 0.48470426, 0.40184554, 0.27538967)
(0.53341073, 0.58443105, 0.87757707, 0.65456986, 0.89271212, 0.58483392, 0.79093498, 0.62066841, 0.34005344, 0.09547843)
(0.36065957, 0.53992027, 0.11385662, 0.62521666, 0.94651067, 0.58747470, 0.53244048, 0.21352065, 0.09051429, 0.70691216)
(0.06237850, 0.36614436, 0.62587839, 0.35887295, 0.59720087, 0.24007256, 0.04107726, 0.49555966, 0.86455345, 0.06506792)
(0.30339158, 0.57521451, 0.49150509, 0.61637628, 0.34234950, 0.39797479, 0.25089690, 0.21109989, 0.88799047, 0.15359426)
(0.57701844, 0.20043318, 0.35645390, 0.67246294, 0.02588671, 0.74870610, 0.30400866, 0.82174361, 0.29813886, 0.07559853)
(0.69255167, 0.57511401, 0.14192615, 0.69616055, 0.77273768, 0.38260207, 0.92354017, 0.17304373, 0.83446407, 0.85921943)
(0.13595898, 0.67216766, 0.61700732, 0.72894824, 0.40633333, 0.41960427, 0.15823147, 0.40629819, 0.07682650, 0.20965318)
(0.37859845, 0.35140547, 0.51446569, 0.75938755, 0.00928008, 0.69331843, 0.90728301, 0.37898880, 0.48713773, 0.82672489)
(0.82212973, 0.06009508, 0.49546400, 0.87582940, 0.52807498, 0.87422907, 0.09242514, 0.90287751, 0.53711057, 0.62293869)
(0.82498783, 0.43073153, 0.59905392, 0.71657598, 0.40324697, 0.28217387, 0.07940454, 0.19894607, 0.02759140, 0.91221899)
(0.13863787, 0.84740382, 0.89775985, 0.03064741, 0.86167449, 0.61078966, 0.47993922, 0.67083597, 0.41412753, 0.19193012)
(0.22623433, 0.28462788, 0.80620486, 0.30450577, 0.53488469, 0.20555775, 0.86268473, 0.26505834, 0.70116585, 0.69321126)
(0.21503627, 0.83163273, 0.10497983, 0.74840069, 0.44873109, 0.78492779, 0.53804082, 0.11073575, 0.94482553, 0.56033576)
(0.87952316, 0.26486278, 0.49827009, 0.81398630, 0.45691392, 0.40510088, 0.62917191, 0.61677384, 0.36354724, 0.14165959)
(0.55831832, 0.73469537, 0.96558148, 0.83545268, 0.36906064, 0.15791336, 0.31861702, 0.60186994, 0.19962773, 0.95432389)
(0.35953796, 0.51122665, 0.15584652, 0.66735220, 0.80214548, 0.38434520, 0.58805460, 0.13040781, 0.94875509, 0.86603332)
(0.44902140, 0.49891257, 0.19207695, 0.81425524, 0.60074103, 0.32745773, 0.29819325, 0.06340071, 0.96652412, 0.62309176)
(0.50235403, 0.55202979, 0.85706562, 0.66253138, 0.26113099, 0.06480769, 0.55679816, 0.48849687, 0.73901260, 0.89958841)
(0.03686859, 0.45087263, 0.91860974, 0.22045043, 0.55964327, 0.20696829, 0.36400312, 0.40659276, 0.55536824, 0.04250857)
(0.52415037, 0.13767260, 0.68139380, 0.70678765, 0.90507960, 0.19321185, 0.27341208, 0.19295050, 0.33637282, 0.39317632)
(0.86666489, 0.43387362, 0.41685382, 0.53680885, 0.70544749, 0.16185428, 0.51998281, 0.05082733, 0.14260720, 0.34375387)
(0.38045466, 0.32602826, 0.28854853, 0.59609175, 0.46223757, 0.67424226, 0.29978430, 0.13200310, 0.11904023, 0.53997701)
(0.41602167, 0.77879441, 0.39071271, 0.09958500, 0.17702763, 0.78708166, 0.29456180, 0.82591367, 0.10099635, 0.38791379)
(0.63338834, 0.46275499, 0.30507877, 0.69132066, 0.79605967, 0.48046255, 0.28023720, 0.50717181, 0.08715026, 0.84980512)
(0.48640439, 0.27951121, 0.03885752, 0.72637057, 0.30252731, 0.84986728, 0.26294371, 0.51727122, 0.17092428, 0.16534302)
(0.26673332, 0.63517314, 0.42192507, 0.31674656, 0.38946888, 0.88844603, 0.37537807, 0.39818656, 0.08345491, 0.18208618)
(0.26595166, 0.28329378, 0.38363370, 0.82075638, 0.70726347, 0.46098435, 0.12181041, 0.16042224, 0.25530872, 0.74547303)
(0.49298087, 0.50622863, 0.15211913, 0.76705658, 0.45216033, 0.51775950, 0.56894499, 0.05987948, 0.94510889, 0.43560964)
(0.32460034, 0.18840745, 0.15359680, 0.14133950, 0.39427146, 0.71620315, 0.44310987, 0.94546223, 0.28604656, 0.04418626)
(0.29881206, 0.50074297, 0.03955397, 0.60351771, 0.41731477, 0.67618012, 0.86388230, 0.40062350, 0.56175232, 0.77709639)
(0.56460989, 0.21022587, 0.70924032, 0.37366256, 0.28144187, 0.94069433, 0.52069759, 0.69472510, 0.17697679, 0.04796785)
(0.08185977, 0.34838560, 0.38308659, 0.51886272, 0.46511424, 0.10616669, 0.39706159, 0.44698784, 0.75534421, 0.94053024)
(0.46570769, 0.70154303, 0.50675154, 0.22747134, 0.55144709, 0.39903224, 0.90677398, 0.51250744, 0.42441598, 0.38788158)
(0.48724571, 0.53845847, 0.90660483, 0.80889481, 0.29702470, 0.16910866, 0.64097375, 0.66753799, 0.13822775, 0.95058095)
(0.89223385, 0.48331186, 0.69215161, 0.86714202, 0.41395003, 0.49399441, 0.76749581, 0.54636091, 0.46274093, 0.91271037)
(0.94365120, 0.36018991, 0.48169011, 0.14545460, 0.37262997, 0.67239177, 0.82358885, 0.29479828, 0.23095059, 0.42801037)
(0.97226363, 0.15267855, 0.06976331, 0.86239594, 0.19776189, 0.52688378, 0.07688387, 0.83847094, 0.45268476, 0.50026816)
(0.69866025, 0.08328544, 0.78342587, 0.30398077, 0.22547422, 0.23987903, 0.68356848, 0.14003249, 0.08412524, 0.86424381)
(0.27713299, 0.09930314, 0.85013521, 0.53523719, 0.48887125, 0.04977682, 0.72036111, 0.42711723, 0.37331936, 0.60320139)
(0.78346169, 0.38373625, 0.54579705, 0.42347810, 0.57806432, 0.58227384, 0.94081610, 0.49063304, 0.68048298, 0.23859793)
(0.31726694, 0.21596786, 0.57456040, 0.49245936, 0.21128026, 0.93189216, 0.15255187, 0.30564141, 0.21055003, 0.48232400)
(0.32528767, 0.89355677, 0.13108440, 0.52022821, 0.54721391, 0.36647442, 0.42335370, 0.15386298, 0.96169347, 0.65408951)
(0.67337793, 0.43275100, 0.81220722, 0.66174132, 0.25489187, 0.84636927, 0.74543631, 0.33172706, 0.04022120, 0.69478816)
(0.38107392, 0.66391760, 0.50454390, 0.50013041, 0.20245945, 0.23685494, 0.19761424, 0.05186022, 0.93794847, 0.66267103)
(0.49520135, 0.51995593, 0.66063541, 0.56304270, 0.58415407, 0.45088291, 0.34052703, 0.37897155, 0.09669969, 0.15332051)
(0.00957884, 0.69630039, 0.75566113, 0.31038421, 0.70452040, 0.34669584, 0.72625256, 0.70961624, 0.65339124, 0.25032541)
(0.86357671, 0.57842326, 0.65916628, 0.37482899, 0.37393519, 0.50197464, 0.77510864, 0.50496411, 0.05413720, 0.40315118)
(0.22302085, 0.31190127, 0.14318526, 0.25420859, 0.43894097, 0.86514568, 0.64340782, 0.63530326, 0.12688027, 0.04961609)
(0.87094039, 0.40919223, 0.71849173, 0.74645847, 0.26578736, 0.58169103, 0.95747924, 0.50160635, 0.29376984, 0.59988314)
(0.70816380, 0.70763618, 0.11545160, 0.80770487, 0.79554480, 0.28182647, 0.91870296, 0.20224418, 0.85145706, 0.90014744)
(0.03532722, 0.38439646, 0.73464358, 0.84592634, 0.68241209, 0.85048074, 0.57578480, 0.27622196, 0.13629577, 0.31819904)
(0.38770390, 0.05627975, 0.75202358, 0.57242370, 0.38546175, 0.53267241, 0.79711038, 0.64356655, 0.16936558, 0.82357037)
(0.03356856, 0.30190158, 0.16223863, 0.76820368, 0.79247743, 0.82324022, 0.35401747, 0.62194282, 0.28920755, 0.74560487)
(0.51913017, 0.02969853, 0.19277172, 0.36777848, 0.19590044, 0.76501483, 0.39994663, 0.89351118, 0.28603119, 0.08239793)
(0.48120192, 0.14661989, 0.84695584, 0.36214244, 0.64696014, 0.38730535, 0.33997741, 0.16062130, 0.03456860, 0.81563073)
(0.61071253, 0.30182257, 0.52009922, 0.69614071, 0.41865200, 0.25627086, 0.84121418, 0.06085253, 0.80624324, 0.83307874)
(0.47729981, 0.42354509, 0.80862868, 0.39775717, 0.61067045, 0.60986102, 0.69525677, 0.31745586, 0.17656113, 0.07818589)
(0.28553337, 0.46313462, 0.32595512, 0.61514664, 0.57115006, 0.39843714, 0.33258647, 0.07936598, 0.04358600, 0.57821077)
(0.39695495, 0.52684438, 0.77847445, 0.24637589, 0.57852411, 0.60603797, 0.66835231, 0.16056265, 0.85097563, 0.94153064)
(0.93035913, 0.66529739, 0.70231634, 0.84639412, 0.64133042, 0.65424603, 0.48767540, 0.82411993, 0.22212529, 0.62578166)
(0.46969101, 0.16891900, 0.08677176, 0.82511503, 0.35707206, 0.70690554, 0.06563760, 0.61803979, 0.63730490, 0.77044266)
(0.25270063, 0.23930961, 0.37471530, 0.77127337, 0.27762878, 0.16730908, 0.82837582, 0.07036697, 0.82245636, 0.76424748)
(0.38891855, 0.30282089, 0.65824360, 0.64350402, 0.54340929, 0.08743294, 0.78128177, 0.54260069, 0.45309910, 0.90895367)
(0.51365340, 0.63345486, 0.79533529, 0.49262536, 0.66660541, 0.18406264, 0.42461023, 0.58788073, 0.82406980, 0.17150997)
(0.08629797, 0.29712310, 0.11494679, 0.58429420, 0.71650290, 0.70071816, 0.74625397, 0.45842275, 0.15548018, 0.20626545)
(0.55597663, 0.71894890, 0.39542353, 0.61170357, 0.25933474, 0.09660712, 0.76835668, 0.54123425, 0.40093195, 0.20000345)
(0.83659494, 0.29963258, 0.40203160, 0.68591928, 0.56240815, 0.73619890, 0.23267502, 0.88363904, 0.76064903, 0.30217686)
(0.82114029, 0.38071412, 0.33196688, 0.67586732, 0.89187700, 0.70549333, 0.07508055, 0.60348415, 0.75357920, 0.84861529)
(0.54196042, 0.15901889, 0.89705789, 0.80096787, 0.92595840, 0.22713985, 0.33977318, 0.09595380, 0.47899571, 0.07424154)
(0.57678372, 0.89646560, 0.72086835, 0.95939201, 0.73404348, 0.15708855, 0.36255673, 0.18546972, 0.57320070, 0.62091917)
(0.56523913, 0.15217713, 0.13643171, 0.14293592, 0.31402102, 0.88625675, 0.27888694, 0.85924333, 0.77365428, 0.48872262)
(0.36038023, 0.46266934, 0.24005163, 0.49292248, 0.14805526, 0.77972752, 0.90488714, 0.15219274, 0.70095783, 0.60966861)
(0.20619808, 0.12231649, 0.77080786, 0.34521857, 0.25856507, 0.08354989, 0.07647455, 0.32539764, 0.16805363, 0.92263454)
(0.64205492, 0.18021785, 0.19733791, 0.30508441, 0.09124625, 0.81373352, 0.38293716, 0.25980467, 0.07257979, 0.39904791)
(0.44793835, 0.20849840, 0.18700808, 0.64225698, 0.66258717, 0.81239200, 0.81118315, 0.44721040, 0.06288124, 0.06167736)
(0.22583450, 0.51634002, 0.12974024, 0.11121619, 0.22447833, 0.36741701, 0.36126757, 0.94303429, 0.28188771, 0.18781647)
(0.45461684, 0.70015788, 0.83536595, 0.43245459, 0.38564384, 0.28333187, 0.40567824, 0.33408284, 0.64898908, 0.11926522)
(0.20553228, 0.10055423, 0.73083836, 0.34996802, 0.36117715, 0.06275511, 0.14326821, 0.24997473, 0.16204490, 0.63232720)
(0.28930926, 0.38044748, 0.84294820, 0.29760170, 0.63231176, 0.01523459, 0.56181943, 0.50801593, 0.84309947, 0.89594942)
(0.26147112, 0.32556787, 0.44625962, 0.13221167, 0.29073825, 0.85890228, 0.26811621, 0.90771854, 0.14573458, 0.24897118)
(0.48374447, 0.62735099, 0.04051901, 0.22500299, 0.50902623, 0.74607736, 0.25838912, 0.83417332, 0.45375633, 0.50076216)
(0.82526749, 0.65160728, 0.12031753, 0.44529259, 0.21188563, 0.58674145, 0.37018225, 0.87865138, 0.10029308, 0.50570309)
(0.97702092, 0.24911498, 0.75570130, 0.84545273, 0.10688195, 0.72930169, 0.54740769, 0.85120541, 0.23242328, 0.83259881)
(0.28684875, 0.54136580, 0.57309020, 0.90449619, 0.77529895, 0.78456056, 0.07534768, 0.19545475, 0.31309715, 0.83231330)
(0.51824826, 0.66066837, 0.66796643, 0.09108838, 0.17247407, 0.37785059, 0.56361407, 0.84756076, 0.35148197, 0.35284004)
(0.88599080, 0.67419237, 0.71804279, 0.05728482, 0.77778715, 0.63344419, 0.88097399, 0.31126928, 0.18555190, 0.64055389)
(0.09526074, 0.19998038, 0.74069029, 0.09422134, 0.71929193, 0.28913134, 0.31776032, 0.45306280, 0.83438134, 0.07109669)
(0.16137458, 0.05934971, 0.25697723, 0.15875652, 0.24616121, 0.95086563, 0.43289858, 0.45394471, 0.28729343, 0.56186748)
(0.16612600, 0.73178256, 0.62652832, 0.36261451, 0.48532343, 0.05242762, 0.60841930, 0.33174616, 0.70333588, 0.41589117)
(0.39971548, 0.60696703, 0.50070238, 0.36999753, 0.37946916, 0.36568961, 0.52362305, 0.51401359, 0.46737909, 0.19010231)
(0.81284928, 0.80862969, 0.29193980, 0.56850880, 0.59471714, 0.73515874, 0.92765790, 0.54903501, 0.36506313, 0.12438045)
(0.06395432, 0.59258789, 0.55008096, 0.70451653, 0.30300063, 0.93816584, 0.65792924, 0.66942978, 0.20098098, 0.30737656)
(0.43791685, 0.11942975, 0.92304903, 0.29824239, 0.50394672, 0.61464500, 0.43615431, 0.44712615, 0.07205522, 0.71824682)
(0.84042430, 0.52318585, 0.83501446, 0.20834245, 0.35085940, 0.16716707, 0.02723216, 0.13928355, 0.36612093, 0.81167561)
(0.31582406, 0.24821351, 0.81988227, 0.38060734, 0.13460085, 0.24031687, 0.78020489, 0.42493588, 0.43155131, 0.84540236)
(0.19001904, 0.59272492, 0.78962785, 0.54602742, 0.45069706, 0.08044450, 0.31682357, 0.49038172, 0.39543217, 0.06326929)
(0.58625245, 0.59376335, 0.48844424, 0.21414387, 0.63729477, 0.83693123, 0.84774995, 0.43930495, 0.07648988, 0.53949142)
(0.24605092, 0.16275331, 0.27163863, 0.82779670, 0.73652792, 0.78210938, 0.59844720, 0.24520889, 0.10812969, 0.56734562)
(0.80846572, 0.54315007, 0.49816632, 0.61153120, 0.30979076, 0.53100139, 0.75008601, 0.72728229, 0.04617870, 0.53156012)
(0.52495480, 0.51976299, 0.63578117, 0.13223213, 0.30295736, 0.64989901, 0.39466974, 0.91432667, 0.10878418, 0.10484803)
(0.71958107, 0.65838629, 0.80114734, 0.41194218, 0.65243220, 0.50278312, 0.66859299, 0.59507233, 0.53114909, 0.19808266)
(0.01964164, 0.53138191, 0.53830308, 0.77775121, 0.93898475, 0.58644986, 0.50179917, 0.48907536, 0.16108623, 0.36779720)
(0.01938659, 0.93111718, 0.71095067, 0.19945875, 0.23449045, 0.12309185, 0.53874922, 0.36304575, 0.14252782, 0.37118727)
(0.47107702, 0.49197641, 0.87040669, 0.77868295, 0.89106530, 0.27244657, 0.49566132, 0.49826723, 0.69549370, 0.14079015)
(0.80596179, 0.51799744, 0.55780506, 0.10613384, 0.48123896, 0.89465266, 0.74272954, 0.21129447, 0.04498098, 0.61180031)
(0.05894401, 0.53445989, 0.85040873, 0.48619273, 0.43736225, 0.52841783, 0.64026511, 0.47897515, 0.30279061, 0.11446682)
(0.07812807, 0.58843237, 0.86486948, 0.02893152, 0.89859623, 0.31314430, 0.57303929, 0.57369655, 0.58554745, 0.24558344)
(0.78101647, 0.37567902, 0.86168784, 0.18792327, 0.37682661, 0.32004565, 0.74596024, 0.04063195, 0.25347680, 0.89503253)
(0.70871133, 0.85234213, 0.59638542, 0.43062460, 0.65330935, 0.66553348, 0.88466299, 0.45057747, 0.55823922, 0.17229696)
(0.36941892, 0.11466379, 0.13984612, 0.48613176, 0.17425855, 0.74971169, 0.26149234, 0.78083068, 0.78229362, 0.80279177)
(0.50835449, 0.40268099, 0.08348542, 0.26718920, 0.30371824, 0.51343030, 0.81889582, 0.70407575, 0.11044276, 0.49074599)
(0.51302642, 0.97053820, 0.61631000, 0.14274776, 0.40882751, 0.40967867, 0.50240272, 0.28161740, 0.89524716, 0.18309006)
(0.52519923, 0.92151892, 0.34683540, 0.49528807, 0.22518753, 0.65525180, 0.70296335, 0.88805485, 0.24029379, 0.34099928)
(0.54292321, 0.23390150, 0.83425903, 0.41304669, 0.85013527, 0.22022453, 0.49584344, 0.08200518, 0.44369033, 0.39765340)
(0.89695704, 0.49760905, 0.18719131, 0.20507030, 0.33246607, 0.46122825, 0.91262579, 0.39289308, 0.20107597, 0.26593336)
(0.29176065, 0.32686344, 0.41121531, 0.75892109, 0.51615357, 0.04038173, 0.70462304, 0.18831675, 0.91522586, 0.92584896)
(0.46475419, 0.47532028, 0.68106079, 0.53459221, 0.84815162, 0.30208227, 0.84191817, 0.10690141, 0.49729556, 0.46311828)
(0.51812965, 0.58302122, 0.89745885, 0.72142988, 0.11177376, 0.03669919, 0.69127685, 0.22617275, 0.40981919, 0.91672826)
(0.47928232, 0.13835391, 0.59639746, 0.53314704, 0.48925462, 0.34403872, 0.86787391, 0.28721511, 0.48931083, 0.91920060)
(0.77174962, 0.66018349, 0.40166599, 0.36100417, 0.47686312, 0.49313366, 0.81064487, 0.31926543, 0.04278848, 0.36287171)
(0.78158319, 0.62291461, 0.61463827, 0.29080158, 0.12128716, 0.67132503, 0.35795799, 0.85989136, 0.10764364, 0.34567320)
(0.36913994, 0.69678271, 0.29270416, 0.52726525, 0.34877065, 0.29094151, 0.09210656, 0.24387610, 0.80497175, 0.75965476)
(0.35735279, 0.87997967, 0.75125629, 0.87187266, 0.98264194, 0.50415814, 0.27287757, 0.48132318, 0.89538419, 0.32870433)
(0.54909402, 0.17320444, 0.30719727, 0.17946112, 0.36255345, 0.34111682, 0.95321745, 0.09293793, 0.56474966, 0.87748092)
(0.92237532, 0.47106904, 0.55387300, 0.02412289, 0.79818010, 0.77000016, 0.64069682, 0.56500256, 0.07015956, 0.57455391)
(0.39418653, 0.26121286, 0.85903937, 0.84029323, 0.84610188, 0.64853543, 0.47690704, 0.55207157, 0.09756092, 0.15860835)
(0.36469463, 0.23320735, 0.61823153, 0.04022542, 0.86895967, 0.33963004, 0.16948250, 0.17313577, 0.82869315, 0.02664690)
(0.77050108, 0.37234667, 0.56907564, 0.10149337, 0.61121494, 0.84285486, 0.74323910, 0.57343072, 0.05808998, 0.53705657)
(0.00816543, 0.44285306, 0.54094911, 0.07507487, 0.68101645, 0.36985323, 0.42223132, 0.49955288, 0.63915139, 0.36567640)
(0.49460140, 0.57169116, 0.42501476, 0.30189389, 0.40903223, 0.60605741, 0.86755276, 0.36922297, 0.94429076, 0.32761320)
(0.57595539, 0.40541136, 0.16600876, 0.27836296, 0.07006881, 0.94762266, 0.18974464, 0.93753999, 0.69935644, 0.58644265)
(0.90834445, 0.27058661, 0.57861179, 0.50156540, 0.46491468, 0.90039068, 0.50696099, 0.19129738, 0.11202031, 0.20957768)
(0.14836158, 0.20621693, 0.11871671, 0.82307309, 0.21052404, 0.88563025, 0.18900947, 0.34753057, 0.30901963, 0.85774535)
(0.70437980, 0.51698846, 0.08262552, 0.77825958, 0.81328851, 0.78467810, 0.29164311, 0.53844422, 0.07974418, 0.26374865)
(0.34104380, 0.19787961, 0.54203147, 0.11105277, 0.67953485, 0.58718204, 0.09639525, 0.44131616, 0.43849081, 0.27255705)
(0.40918612, 0.77810961, 0.03532306, 0.52199244, 0.30071154, 0.33709773, 0.71215069, 0.81272465, 0.05310043, 0.35693669)
(0.31513542, 0.51159632, 0.64552271, 0.03851005, 0.93049318, 0.30251470, 0.51793122, 0.40790862, 0.70148891, 0.26813483)
(0.42654473, 0.58376271, 0.85123754, 0.11167919, 0.72680432, 0.26858279, 0.18119180, 0.29937565, 0.53548044, 0.02625158)
(0.33629370, 0.47348747, 0.43233648, 0.15928993, 0.16468367, 0.73434925, 0.27801615, 0.96661681, 0.29441375, 0.52589971)
(0.64419013, 0.47258666, 0.65048063, 0.68262821, 0.59201390, 0.92608625, 0.83909124, 0.40014434, 0.15743349, 0.27608955)
(0.36042115, 0.74315172, 0.03449228, 0.76363212, 0.40397277, 0.60960388, 0.25427794, 0.35426736, 0.05047463, 0.37784705)
(0.23980474, 0.64307702, 0.21793970, 0.53140259, 0.71253335, 0.64141279, 0.17332239, 0.29239279, 0.81376594, 0.56865853)
(0.71875125, 0.42415190, 0.71346182, 0.19788605, 0.16496079, 0.47010130, 0.50613302, 0.94234532, 0.29884195, 0.42194036)
(0.83730644, 0.47925475, 0.85710567, 0.01518474, 0.36564165, 0.29028940, 0.29080999, 0.18018897, 0.08985142, 0.97675687)
(0.37651223, 0.71674544, 0.48228472, 0.46292701, 0.19220068, 0.39854205, 0.32381445, 0.14878745, 0.72461873, 0.45841572)
(0.36970806, 0.50012606, 0.38524839, 0.08569100, 0.30771345, 0.72044361, 0.52596051, 0.96507263, 0.12512042, 0.47316480)
(0.54348129, 0.80401927, 0.78359628, 0.77711803, 0.57117468, 0.11604817, 0.21372236, 0.52468485, 0.08289150, 0.48671970)
(0.61957383, 0.25767151, 0.44275436, 0.54206967, 0.45261285, 0.52721953, 0.94922554, 0.22205234, 0.40054679, 0.82798308)
(0.60723591, 0.73858148, 0.31166524, 0.56663901, 0.84169048, 0.45952114, 0.51696724, 0.62650716, 0.15333757, 0.12376435)
(0.84888065, 0.45602426, 0.62348592, 0.01862579, 0.62355965, 0.71695173, 0.38050553, 0.87775785, 0.15194495, 0.16798681)
(0.70862877, 0.61570370, 0.09107105, 0.30198243, 0.28532776, 0.74468774, 0.66931200, 0.66665620, 0.08642997, 0.04419784)
(0.30782780, 0.87524408, 0.30480027, 0.87098718, 0.24122237, 0.82183880, 0.89080423, 0.33294827, 0.79834098, 0.84859097)
(0.55227745, 0.41399756, 0.17694367, 0.29272777, 0.28997156, 0.88201988, 0.33089933, 0.94145691, 0.30500430, 0.58358604)
(0.07247191, 0.37348807, 0.46510378, 0.91190892, 0.49146503, 0.68196613, 0.09941528, 0.40168998, 0.10465861, 0.57329637)
(0.84521264, 0.34682161, 0.44611210, 0.74706483, 0.58331072, 0.52510148, 0.80593902, 0.81105471, 0.04101924, 0.79319465)
(0.21465014, 0.39397043, 0.37716046, 0.35003310, 0.78794730, 0.66517329, 0.73282176, 0.09309862, 0.23087615, 0.31473041)
(0.57809198, 0.57003582, 0.38810074, 0.61049056, 0.41454929, 0.43212363, 0.84910405, 0.10237359, 0.83903962, 0.53481501)
(0.30880702, 0.71388429, 0.08880781, 0.53137434, 0.61031586, 0.41481245, 0.91436273, 0.35016006, 0.19601828, 0.35714489)
(0.65908742, 0.82558912, 0.82019287, 0.92048430, 0.66109729, 0.60021263, 0.63712662, 0.63900012, 0.71750617, 0.50419593)
(0.52634007, 0.57779545, 0.18677987, 0.68882871, 0.42816830, 0.60878670, 0.84269929, 0.06933926, 0.78346634, 0.66842860)
(0.03952396, 0.68569314, 0.56750429, 0.55322963, 0.59482205, 0.79859179, 0.45065475, 0.75563550, 0.11154569, 0.75252873)
(0.90475070, 0.67068493, 0.82180154, 0.20055307, 0.10264347, 0.56716835, 0.82117373, 0.08922883, 0.20822702, 0.50437284)
(0.92805165, 0.43376333, 0.54050994, 0.38819391, 0.55626488, 0.46120289, 0.84812796, 0.09818124, 0.21014768, 0.60082889)
(0.74769509, 0.53269070, 0.45887321, 0.08387013, 0.62731934, 0.49393490, 0.95035672, 0.17276059, 0.23911344, 0.66887522)
(0.49717328, 0.50817853, 0.73490548, 0.74161118, 0.75923949, 0.28061444, 0.41948691, 0.22505432, 0.92750341, 0.14273189)
(0.74011993, 0.09508606, 0.74325591, 0.03493948, 0.62184054, 0.47105354, 0.49104029, 0.65407312, 0.18219228, 0.54271168)
(0.75980258, 0.32701784, 0.82204413, 0.36108249, 0.62565684, 0.54303807, 0.86930579, 0.10494423, 0.38539708, 0.87755531)
(0.82331789, 0.27539486, 0.67399234, 0.76772517, 0.71623260, 0.24149817, 0.61882734, 0.07154703, 0.70132440, 0.68953747)
(0.90147227, 0.16940886, 0.44697344, 0.49765339, 0.60592967, 0.41002083, 0.80348694, 0.18622686, 0.18952288, 0.03753679)
(0.65269697, 0.34300902, 0.41706720, 0.41663080, 0.66678113, 0.30505350, 0.92308372, 0.08032960, 0.50593191, 0.80856812)
(0.52283037, 0.74682182, 0.74911690, 0.69748271, 0.06707533, 0.42785171, 0.87423414, 0.78112066, 0.56897348, 0.54781657)
(0.92018592, 0.22765315, 0.04468188, 0.86130786, 0.65989089, 0.79698765, 0.16772088, 0.73038441, 0.39157552, 0.43473876)
(0.65368021, 0.49918357, 0.76406056, 0.54239202, 0.88551730, 0.13588947, 0.29908586, 0.21366657, 0.41899940, 0.75606453)
(0.84102392, 0.69286227, 0.81603545, 0.60112387, 0.59883237, 0.03647019, 0.46623743, 0.13963453, 0.27627763, 0.58186203)
(0.69453579, 0.33555639, 0.69012302, 0.76956576, 0.44279295, 0.92404246, 0.46985763, 0.43116862, 0.14429118, 0.12588875)
(0.50003570, 0.40755484, 0.61187720, 0.27937520, 0.79843289, 0.36386034, 0.89862800, 0.17759787, 0.31276768, 0.76331466)
(0.60622257, 0.08768287, 0.50010413, 0.65036613, 0.65308362, 0.64636683, 0.31811348, 0.11817610, 0.11961643, 0.78115326)
(0.75893933, 0.46081460, 0.48328701, 0.34005663, 0.74938661, 0.39510944, 0.87627292, 0.34569487, 0.35886437, 0.31322303)
(0.57251793, 0.57111788, 0.97480577, 0.53416538, 0.58424878, 0.63991547, 0.01386020, 0.53962076, 0.33809665, 0.34399679)
(0.17575869, 0.29352519, 0.66361749, 0.39980975, 0.83084965, 0.28975323, 0.40891606, 0.25730351, 0.26598594, 0.32168141)
(0.41686094, 0.46696091, 0.61558449, 0.46318692, 0.75704789, 0.15836139, 0.14285310, 0.53912967, 0.67431414, 0.15772332)
(0.53200847, 0.08284834, 0.80790085, 0.18452744, 0.28175282, 0.32201275, 0.83034611, 0.18603911, 0.10905733, 0.91780305)
(0.77216363, 0.53719050, 0.46888155, 0.32889763, 0.25689662, 0.64456248, 0.89697444, 0.16015393, 0.73784482, 0.23981796)
(0.79008728, 0.38990834, 0.54241574, 0.74134421, 0.73883337, 0.08916011, 0.71109265, 0.08055801, 0.31287912, 0.67467600)
(0.85595858, 0.22190315, 0.32735091, 0.48903495, 0.27491122, 0.70441902, 0.71359503, 0.77185786, 0.09842575, 0.10732502)
(0.50485486, 0.81517190, 0.75959390, 0.89479136, 0.26918465, 0.37640497, 0.18228371, 0.46870834, 0.02104047, 0.83085668)
(0.30920002, 0.15453058, 0.08263066, 0.39280441, 0.19292787, 0.87421137, 0.38088810, 0.81749809, 0.83813173, 0.87822807)
(0.26914510, 0.73813462, 0.81211478, 0.15577357, 0.71416026, 0.36565498, 0.53700554, 0.42853129, 0.37301451, 0.09921513)
(0.71854550, 0.18677334, 0.05585985, 0.67367101, 0.85754395, 0.82803613, 0.38489529, 0.75166839, 0.13148615, 0.28665689)
(0.28131050, 0.77156603, 0.45664525, 0.35663328, 0.84623265, 0.47908401, 0.41652265, 0.71969873, 0.11465724, 0.15862459)
(0.30638248, 0.83054686, 0.14395879, 0.36786959, 0.12868483, 0.85408503, 0.90557468, 0.83918566, 0.78886807, 0.53079319)
(0.74841499, 0.88017148, 0.29197484, 0.87301832, 0.92847365, 0.21760558, 0.63559806, 0.54933733, 0.51390302, 0.16630942)
(0.28642827, 0.64895183, 0.15995137, 0.26641095, 0.30697504, 0.84657729, 0.84853214, 0.74979007, 0.14043890, 0.18242490)
(0.53864044, 0.43644321, 0.83703464, 0.50133157, 0.50381643, 0.03044379, 0.64778769, 0.40871212, 0.50747406, 0.56273782)
(0.26153430, 0.72415340, 0.63688594, 0.03179988, 0.24035642, 0.46442109, 0.48474374, 0.97738057, 0.21886873, 0.62435055)
(0.38841513, 0.07872303, 0.67846620, 0.15358630, 0.29041523, 0.39926881, 0.88802922, 0.36025393, 0.52733171, 0.61358571)
(0.09429425, 0.56677693, 0.92252636, 0.26171571, 0.90485877, 0.82128924, 0.32277310, 0.20095806, 0.20025507, 0.24255288)
(0.85360044, 0.25574365, 0.43526906, 0.01238239, 0.23425819, 0.87558275, 0.37629536, 0.69778371, 0.16783412, 0.24643645)
(0.32105723, 0.85939485, 0.80265665, 0.72213453, 0.70608115, 0.41486019, 0.37109238, 0.42540970, 0.92672384, 0.14604177)
(0.55469817, 0.12682784, 0.54754370, 0.19388485, 0.69359404, 0.49981374, 0.85064477, 0.20909798, 0.22015551, 0.52086747)
(0.40376115, 0.16562761, 0.37781221, 0.71247441, 0.80753297, 0.57898372, 0.51670873, 0.12068536, 0.15126513, 0.17528136)
(0.26183397, 0.72430277, 0.25796857, 0.69251084, 0.38815740, 0.70598459, 0.77493215, 0.56648314, 0.28690910, 0.05877745)
(0.93869686, 0.32519013, 0.05478518, 0.89365315, 0.08473526, 0.64860237, 0.04191012, 0.93902755, 0.62146878, 0.50965065)
(0.65001029, 0.20876773, 0.33465168, 0.03011211, 0.28494841, 0.85078919, 0.39699751, 0.87201935, 0.23225746, 0.28825250)
(0.52602613, 0.06902659, 0.39406246, 0.70967364, 0.55429476, 0.25644946, 0.65016198, 0.56745392, 0.03215055, 0.93270099)
(0.71053636, 0.66465974, 0.69613445, 0.64750093, 0.82151026, 0.21498311, 0.04733349, 0.39057329, 0.21632254, 0.88838387)
(0.76275289, 0.19858728, 0.62483430, 0.46326038, 0.31617674, 0.88970739, 0.09223923, 0.19285649, 0.19858247, 0.20496888)
(0.67870647, 0.49128914, 0.61163813, 0.62467581, 0.91755068, 0.49202597, 0.06368577, 0.19456019, 0.45074984, 0.71731985)
(0.74769413, 0.28171918, 0.53271943, 0.82266849, 0.82087773, 0.70915020, 0.22188953, 0.44488475, 0.17443484, 0.53437954)
(0.79244500, 0.68173248, 0.39360273, 0.90419155, 0.95383078, 0.63821489, 0.73124510, 0.26126277, 0.88585335, 0.48945040)
(0.24570605, 0.19135882, 0.92919296, 0.43548453, 0.22214405, 0.03273149, 0.85289103, 0.30931857, 0.42313042, 0.71298319)
(0.31866655, 0.63606316, 0.52640343, 0.84822154, 0.78723371, 0.53041452, 0.37795243, 0.21659817, 0.96627396, 0.64901775)
(0.03659162, 0.67020202, 0.38509923, 0.81477565, 0.60663629, 0.90410441, 0.61298966, 0.57239926, 0.11469667, 0.36475202)
(0.84950167, 0.63979352, 0.55121863, 0.85402739, 0.95044816, 0.13049124, 0.29278839, 0.34037167, 0.55306041, 0.73291576)
(0.12268256, 0.19230786, 0.86532688, 0.82030654, 0.66995776, 0.31701496, 0.40868926, 0.23614348, 0.32727882, 0.22842085)
(0.34156224, 0.14201520, 0.59420693, 0.34584737, 0.18318075, 0.20336674, 0.09921458, 0.16528104, 0.31048378, 0.94127297)
(0.92990130, 0.43319035, 0.93779391, 0.76466727, 0.50929528, 0.60446095, 0.27328566, 0.54047507, 0.19168505, 0.72982442)
(0.58263671, 0.21570159, 0.36172712, 0.07897720, 0.49259990, 0.69211894, 0.48202434, 0.65601134, 0.16528307, 0.56372362)
(0.11007583, 0.35388389, 0.22840707, 0.42764822, 0.46058729, 0.94736338, 0.25150636, 0.36257935, 0.23068994, 0.76193964)
(0.05006640, 0.27904272, 0.52520919, 0.58754224, 0.63228846, 0.43292606, 0.26605254, 0.49927175, 0.42734098, 0.88454151)
(0.69403076, 0.24520098, 0.91575271, 0.56650591, 0.58694547, 0.37990329, 0.34409100, 0.09941058, 0.20960772, 0.80313110)
(0.28929326, 0.69607908, 0.32363880, 0.03005021, 0.10026801, 0.67878342, 0.58577180, 0.97620028, 0.19542237, 0.26701742)
(0.13691536, 0.18234220, 0.83474243, 0.43848172, 0.63066804, 0.51786125, 0.01467334, 0.41549262, 0.63373095, 0.07743603)
(0.75679541, 0.56898791, 0.20455429, 0.41118458, 0.65559423, 0.68386358, 0.87523085, 0.71470571, 0.25564429, 0.56026524)
(0.51310378, 0.57599545, 0.31305751, 0.39996046, 0.92161453, 0.24890375, 0.67024368, 0.37563270, 0.44055820, 0.43779841)
(0.28808108, 0.79847199, 0.25759983, 0.25378314, 0.40509212, 0.66513330, 0.89687902, 0.67907995, 0.47720608, 0.05234491)
(0.19000037, 0.37833449, 0.60063630, 0.46226233, 0.82960624, 0.28811300, 0.18595828, 0.24068855, 0.65115613, 0.65565586)
(0.48869762, 0.01810282, 0.19684999, 0.43500042, 0.15572755, 0.89267737, 0.17448384, 0.51169401, 0.74131674, 0.30683848)
(0.47955915, 0.32529277, 0.73235500, 0.52699846, 0.54805791, 0.50270379, 0.91545027, 0.16864850, 0.68683928, 0.91730136)
(0.56041169, 0.64945179, 0.79361564, 0.85508710, 0.68178314, 0.30195552, 0.31897348, 0.18731664, 0.12369891, 0.40502432)
(0.12627871, 0.34954679, 0.85376948, 0.03915957, 0.58145928, 0.72344214, 0.50588733, 0.92194331, 0.16355601, 0.22249807)
(0.19536476, 0.61245215, 0.41313708, 0.23715053, 0.42104483, 0.25653377, 0.05857120, 0.40347150, 0.69532490, 0.08887747)
(0.55783963, 0.84094548, 0.20227630, 0.68362957, 0.30912405, 0.35583669, 0.88244843, 0.46565720, 0.82046670, 0.51941538)
(0.72826362, 0.43275592, 0.78065681, 0.57316571, 0.48560327, 0.07040261, 0.48361328, 0.20625591, 0.39828703, 0.78829008)
(0.71453184, 0.44088149, 0.53598207, 0.69463927, 0.70846665, 0.14444913, 0.84356725, 0.29764569, 0.15904792, 0.77616310)
(0.65609717, 0.72017205, 0.43550688, 0.77990091, 0.94821179, 0.03853149, 0.33898014, 0.41421211, 0.63677841, 0.48882401)
(0.88466877, 0.35226732, 0.36963961, 0.20163287, 0.44402081, 0.89582461, 0.67476308, 0.85753971, 0.11366594, 0.71048391)
(0.31802699, 0.42562917, 0.69933218, 0.76566648, 0.46055776, 0.02014227, 0.77316844, 0.41646194, 0.81859303, 0.96702242)
(0.83866596, 0.23515251, 0.75284433, 0.50713646, 0.43078831, 0.40487224, 0.15440349, 0.05470319, 0.07915710, 0.82495648)
(0.84839815, 0.59169632, 0.58712924, 0.69443631, 0.91641009, 0.58320868, 0.70432019, 0.20742035, 0.28515661, 0.41131330)
(0.80586034, 0.86205697, 0.44006574, 0.93876153, 0.67932403, 0.27958199, 0.53495526, 0.52393317, 0.87082142, 0.27754360)
(0.44862610, 0.25712043, 0.53887463, 0.95834625, 0.87259942, 0.90237576, 0.11848284, 0.69897664, 0.22082382, 0.60444707)
(0.66027206, 0.27290520, 0.75634325, 0.02251698, 0.37200129, 0.94456625, 0.47591347, 0.93068188, 0.24189243, 0.77682376)
(0.89662480, 0.09595752, 0.27203712, 0.29758471, 0.55183601, 0.79899412, 0.32246536, 0.19097435, 0.22534609, 0.38157460)
(0.11820724, 0.10184848, 0.18465726, 0.79693615, 0.25839749, 0.74213171, 0.16837052, 0.29072982, 0.28721318, 0.63320208)
(0.44137484, 0.61820996, 0.53477162, 0.39170247, 0.68222088, 0.82158750, 0.65904087, 0.07925136, 0.19046664, 0.42508784)
(0.10353965, 0.33330724, 0.41895506, 0.83692676, 0.16260563, 0.06207108, 0.47232398, 0.15113641, 0.85385889, 0.82004207)
(0.45808709, 0.79343027, 0.35599700, 0.77475488, 0.73164636, 0.26976651, 0.84677511, 0.34497949, 0.74561363, 0.92814255)
(0.54369408, 0.28929332, 0.26162228, 0.44764751, 0.19692631, 0.64698583, 0.59807754, 0.72227269, 0.10967213, 0.00695788)
(0.10396417, 0.57028693, 0.27749211, 0.88657951, 0.25526837, 0.20146300, 0.72515506, 0.26493588, 0.75630647, 0.89162600)
(0.15933293, 0.37132871, 0.09469201, 0.83128339, 0.58376908, 0.83502305, 0.24507521, 0.13139372, 0.28657821, 0.54485321)
(0.75683641, 0.29239246, 0.47249308, 0.12211046, 0.39431414, 0.78810465, 0.35354275, 0.95903915, 0.32871500, 0.09359142)
(0.60284841, 0.59287578, 0.75341439, 0.51486969, 0.98494291, 0.17488301, 0.11360881, 0.33379129, 0.45637760, 0.64372712)
(0.72272992, 0.41154426, 0.12135825, 0.60297382, 0.86177117, 0.34986255, 0.90940398, 0.32808372, 0.52003551, 0.89216155)
(0.41660723, 0.29864553, 0.26915401, 0.45675018, 0.20259050, 0.56249809, 0.94717199, 0.10476089, 0.75419891, 0.77921039)
(0.15806086, 0.89712119, 0.80504221, 0.82493931, 0.45152828, 0.59422690, 0.23242405, 0.29106110, 0.93899506, 0.57071948)
(0.70844966, 0.42739734, 0.21043304, 0.54780054, 0.74390358, 0.53614026, 0.21074930, 0.39247385, 0.40878129, 0.82692987)
(0.46257463, 0.89797771, 0.29361776, 0.69419986, 0.92059731, 0.16549787, 0.53657895, 0.50999075, 0.16731012, 0.57572454)
(0.65498632, 0.42296144, 0.38690585, 0.46749136, 0.46455777, 0.56434941, 0.89480621, 0.70986110, 0.46696240, 0.02759431)
(0.92125034, 0.01761185, 0.55252129, 0.32659578, 0.06638888, 0.70577252, 0.24736960, 0.69243520, 0.31888837, 0.80495650)
(0.24125777, 0.60152918, 0.80650032, 0.58250445, 0.45433766, 0.21452796, 0.45171550, 0.42148125, 0.42355677, 0.02267503)
(0.24433480, 0.50318086, 0.50553608, 0.87010795, 0.71761429, 0.55591142, 0.07875056, 0.44560057, 0.21173891, 0.66958708)
(0.28277442, 0.48969686, 0.15559708, 0.58885658, 0.25365922, 0.48229384, 0.40482286, 0.78670019, 0.06327792, 0.62507504)
(0.01696013, 0.91117579, 0.74725336, 0.54926819, 0.80603355, 0.82224923, 0.66634864, 0.75445873, 0.39167625, 0.15323114)
(0.42413220, 0.66893947, 0.63783294, 0.84177655, 0.90458864, 0.35763440, 0.13397281, 0.15078942, 0.17631772, 0.79043770)
(0.38143316, 0.26015019, 0.26910493, 0.50202072, 0.48653260, 0.72313690, 0.69993764, 0.21752739, 0.05334390, 0.32876450)
(0.77197558, 0.50128847, 0.07876459, 0.75678039, 0.62412709, 0.34539396, 0.93620443, 0.48827857, 0.48668468, 0.96877486)
(0.17455292, 0.69922310, 0.81655234, 0.59272742, 0.38621485, 0.37066516, 0.26999113, 0.37157252, 0.86331719, 0.03267714)
(0.84515995, 0.26297930, 0.35213110, 0.32692835, 0.79294050, 0.53894579, 0.88630223, 0.42752025, 0.15039137, 0.59192902)
(0.65549636, 0.26634026, 0.34835863, 0.08995983, 0.26002857, 0.96022785, 0.32542485, 0.50455093, 0.21483174, 0.63539314)
(0.17608340, 0.64184111, 0.18937314, 0.72253513, 0.68795168, 0.66570729, 0.35840359, 0.84506959, 0.07848087, 0.18293910)
(0.34462041, 0.47182906, 0.59144396, 0.82723123, 0.78224534, 0.81785613, 0.44183925, 0.16101462, 0.13680129, 0.10224265)
(0.25135070, 0.27446106, 0.51401013, 0.87140489, 0.72818041, 0.64213967, 0.75488704, 0.10196001, 0.91839522, 0.34671292)
(0.91998637, 0.09088626, 0.49533147, 0.78879279, 0.66484123, 0.54523075, 0.20817871, 0.45589975, 0.16398653, 0.30475152)
(0.84573817, 0.19193241, 0.27311906, 0.40595704, 0.36425602, 0.82888031, 0.35421693, 0.21586649, 0.21913095, 0.34977886)
(0.85563666, 0.66575336, 0.33942151, 0.12065452, 0.10077096, 0.81084591, 0.55762321, 0.20434088, 0.09239329, 0.21553844)
(0.44736663, 0.06103214, 0.73566639, 0.53971630, 0.40920192, 0.08736835, 0.74312496, 0.41840050, 0.09122135, 0.71758533)
(0.34420156, 0.76756912, 0.51491046, 0.25481495, 0.34526637, 0.88801605, 0.46777874, 0.77900296, 0.09845147, 0.09347759)
(0.77310866, 0.42919278, 0.43060714, 0.48377466, 0.15462801, 0.50470096, 0.19671740, 0.89833653, 0.15400979, 0.10490501)
(0.86561835, 0.78925598, 0.21157746, 0.58058012, 0.87099856, 0.55058694, 0.86560386, 0.69463432, 0.24379955, 0.43646762)
(0.69145334, 0.37486938, 0.54805726, 0.26108479, 0.76447034, 0.62694651, 0.79208428, 0.15676944, 0.04781850, 0.88940310)
(0.60542840, 0.48419785, 0.67763245, 0.66342574, 0.98166788, 0.33124340, 0.36529964, 0.37382191, 0.27224123, 0.39204794)
(0.10246652, 0.41871092, 0.16085044, 0.67117518, 0.38797286, 0.81483626, 0.45276475, 0.37357083, 0.11741794, 0.07725377)
(0.61009979, 0.53485918, 0.35158888, 0.16471845, 0.13966259, 0.44042549, 0.57947332, 0.34288165, 0.09080379, 0.10154130)
(0.23122317, 0.48295018, 0.68959939, 0.72723508, 0.58639091, 0.16265917, 0.10562041, 0.17337963, 0.46879953, 0.50422692)
(0.33458808, 0.23915859, 0.59270537, 0.34271732, 0.68445611, 0.76522636, 0.63354266, 0.47113276, 0.07781139, 0.32006124)
(0.66218174, 0.51219666, 0.30149975, 0.81582677, 0.75945491, 0.58994812, 0.42256021, 0.51332265, 0.06943507, 0.11082853)
(0.81255293, 0.14290126, 0.13660169, 0.46619177, 0.28730434, 0.57340068, 0.26255611, 0.87684190, 0.48766112, 0.14605933)
(0.63376391, 0.52931017, 0.11760993, 0.38163891, 0.76572049, 0.57487005, 0.89735681, 0.52305174, 0.14805475, 0.25553915)
(0.13047256, 0.17966636, 0.24499980, 0.80783153, 0.12793256, 0.80746657, 0.22902693, 0.20060742, 0.23558879, 0.55512118)
(0.82105500, 0.32070005, 0.70201623, 0.01881129, 0.19772805, 0.77843392, 0.30513242, 0.87089247, 0.25739011, 0.20898524)
(0.73447180, 0.61432064, 0.04827477, 0.68185896, 0.26696828, 0.80873722, 0.38480955, 0.91878378, 0.18921594, 0.68542278)
(0.88908303, 0.60054731, 0.17330353, 0.85658830, 0.70834392, 0.75155103, 0.29080406, 0.49867457, 0.09712179, 0.75406718)
(0.78519660, 0.46190846, 0.36513439, 0.10895058, 0.77550429, 0.64972222, 0.84736592, 0.08224984, 0.19421518, 0.53837872)
(0.55340308, 0.44440970, 0.34199795, 0.22429250, 0.59614247, 0.61311316, 0.84142697, 0.57918292, 0.25175878, 0.41096449)
(0.69664747, 0.32969120, 0.21232459, 0.72606099, 0.64539868, 0.73007929, 0.17547853, 0.50294507, 0.17772582, 0.39334208)
(0.51713502, 0.40610915, 0.71444017, 0.71284759, 0.59493178, 0.02846745, 0.65593404, 0.33034429, 0.45168328, 0.93469864)
(0.10219364, 0.34873348, 0.68572551, 0.85620522, 0.80215728, 0.08827338, 0.28856677, 0.34484932, 0.59739476, 0.34359983)
(0.72879326, 0.51814449, 0.77230680, 0.70981282, 0.40206158, 0.14073823, 0.56982547, 0.25796753, 0.69326812, 0.75136721)
(0.36541390, 0.30746052, 0.50030267, 0.07010555, 0.26712441, 0.95388806, 0.07989038, 0.55925137, 0.49441496, 0.29863611)
(0.01936111, 0.75040543, 0.83719295, 0.57303661, 0.79953748, 0.48490992, 0.51631469, 0.83818310, 0.26934418, 0.38781205)
(0.20278306, 0.18166095, 0.07749976, 0.81849486, 0.55858326, 0.87742174, 0.22662628, 0.37252584, 0.28185546, 0.68041700)
(0.64868051, 0.10192744, 0.76918113, 0.36541033, 0.70095086, 0.87954599, 0.47897297, 0.07317017, 0.09609126, 0.68850499)
(0.62250119, 0.15622580, 0.27857569, 0.02861604, 0.41564628, 0.72280008, 0.41964284, 0.79909933, 0.26333132, 0.48968101)
(0.26376119, 0.73690349, 0.39769179, 0.68273890, 0.90701097, 0.51236403, 0.64493316, 0.50081033, 0.87956792, 0.07768391)
(0.05523960, 0.56827044, 0.94630599, 0.77797139, 0.77313292, 0.37161714, 0.41464150, 0.47792426, 0.62367660, 0.07535811)
(0.38757944, 0.55670726, 0.40350565, 0.42575032, 0.89080167, 0.34016436, 0.26140296, 0.33936310, 0.33821514, 0.63181210)
(0.88674372, 0.21885808, 0.15457438, 0.53887808, 0.83355337, 0.62104255, 0.82611060, 0.68162405, 0.11783363, 0.52445793)
(0.28729868, 0.24277931, 0.72395557, 0.49068353, 0.87019855, 0.10776544, 0.76069123, 0.40460765, 0.75455689, 0.80137706)
(0.19992787, 0.42219171, 0.28241923, 0.52593815, 0.88251245, 0.26656663, 0.55196428, 0.19883293, 0.63667411, 0.20267227)
(0.21633257, 0.12996636, 0.92592722, 0.47551766, 0.69303364, 0.02341054, 0.40810508, 0.45051011, 0.20997034, 0.77858448)
(0.62936270, 0.50430584, 0.70969391, 0.15368225, 0.42847919, 0.05874204, 0.50039411, 0.42102301, 0.69980133, 0.72519249)
(0.77575040, 0.68635446, 0.51615399, 0.14221214, 0.23709278, 0.63162005, 0.78988332, 0.84540927, 0.05137842, 0.33683106)
(0.24146880, 0.22543229, 0.47604090, 0.62109357, 0.36417747, 0.81728703, 0.40071183, 0.75217551, 0.42759988, 0.47967860)
(0.73768657, 0.36303413, 0.72048235, 0.92591608, 0.10711768, 0.40429285, 0.94863892, 0.50331676, 0.32636815, 0.93970907)
(0.56391531, 0.36142242, 0.33403936, 0.70045489, 0.50252962, 0.22345822, 0.90929496, 0.12732682, 0.73817438, 0.60771126)
(0.67410845, 0.41599485, 0.66081595, 0.52236068, 0.59963697, 0.09431992, 0.36253753, 0.14149824, 0.07366119, 0.65838218)
(0.90996867, 0.36353740, 0.93590248, 0.35237125, 0.42373949, 0.74768978, 0.01699421, 0.20831682, 0.50172669, 0.79948384)
(0.20671201, 0.60222644, 0.87541926, 0.05633110, 0.95623428, 0.65688062, 0.44053608, 0.54712659, 0.13550392, 0.22370563)
(0.33626798, 0.45378482, 0.36198336, 0.78693384, 0.77159727, 0.72634000, 0.06151992, 0.22885329, 0.12618947, 0.79571432)
(0.30698112, 0.33037964, 0.51267040, 0.06171996, 0.83162534, 0.27498978, 0.38982636, 0.30442417, 0.90945011, 0.06090094)
(0.53272587, 0.63291305, 0.29702577, 0.86421174, 0.19159135, 0.36287579, 0.14478254, 0.45090589, 0.06584558, 0.41369060)
(0.12721772, 0.86432326, 0.58825761, 0.22521697, 0.46782848, 0.50992608, 0.54766935, 0.81123620, 0.08244976, 0.52808452)
(0.20396565, 0.59162062, 0.30604938, 0.45204976, 0.73671407, 0.13364838, 0.28123707, 0.40377504, 0.50397706, 0.32210469)
(0.14212015, 0.56346405, 0.28687099, 0.32357726, 0.45595074, 0.74733514, 0.63319892, 0.33335572, 0.11657730, 0.68798125)
(0.66951317, 0.26680401, 0.25112957, 0.12775135, 0.44660521, 0.45491129, 0.43185154, 0.93907398, 0.23959702, 0.16968264)
(0.41396192, 0.34369102, 0.50573277, 0.63537103, 0.77464056, 0.10842640, 0.83002025, 0.42865738, 0.58764625, 0.94738775)
(0.60872108, 0.59943366, 0.38870049, 0.56921947, 0.97865820, 0.15889947, 0.56399655, 0.34657601, 0.44319785, 0.69317716)
(0.26399416, 0.34036866, 0.38141742, 0.33130655, 0.59757519, 0.87636143, 0.55681551, 0.08757927, 0.07221555, 0.52699691)
(0.31282738, 0.47354388, 0.22973064, 0.42363441, 0.23654455, 0.60717165, 0.16652712, 0.94423497, 0.16677815, 0.43806297)
(0.10704888, 0.54623657, 0.42660323, 0.88908398, 0.83278334, 0.84103906, 0.48829430, 0.51202667, 0.08153117, 0.20566568)
(0.21632645, 0.62895775, 0.20541544, 0.35724127, 0.80437273, 0.71035802, 0.72298026, 0.76028728, 0.14712012, 0.30867028)
(0.41495395, 0.83991331, 0.71491247, 0.93217975, 0.91138303, 0.19008042, 0.33318299, 0.49365428, 0.50351864, 0.06323305)
(0.37440157, 0.25158110, 0.65064931, 0.63187277, 0.95935875, 0.16388001, 0.65551579, 0.39431250, 0.41156384, 0.43593448)
(0.79877067, 0.34229350, 0.04951053, 0.49783221, 0.68754810, 0.65654433, 0.43550447, 0.74731159, 0.10269549, 0.21970871)
(0.34057790, 0.60105413, 0.30406401, 0.79704326, 0.60870767, 0.13319372, 0.69860303, 0.15261163, 0.92812049, 0.92176610)
(0.81383318, 0.11093795, 0.48379534, 0.07272741, 0.82452238, 0.59510934, 0.72469360, 0.63575691, 0.17914419, 0.51667500)
(0.03490219, 0.44538683, 0.41428661, 0.49138331, 0.81458288, 0.58630991, 0.91352165, 0.44626370, 0.35703135, 0.25433105)
(0.74815315, 0.05008995, 0.09665070, 0.42960441, 0.58591843, 0.69449347, 0.48204407, 0.80868292, 0.24798787, 0.11307135)
(0.52848125, 0.26890817, 0.90568250, 0.76010799, 0.76476711, 0.42600250, 0.34613073, 0.45371014, 0.14259323, 0.13869922)
(0.90371686, 0.58611977, 0.19561110, 0.34036455, 0.15986250, 0.90262049, 0.38917315, 0.73817140, 0.17254806, 0.25430039)
(0.60646421, 0.45758173, 0.75573492, 0.72504658, 0.74903971, 0.17415915, 0.27338749, 0.32585523, 0.96474129, 0.93437445)
(0.19942252, 0.51495326, 0.89003044, 0.52589256, 0.74642521, 0.36592630, 0.56619048, 0.49499956, 0.73749137, 0.16425520)
(0.34517315, 0.92751122, 0.40954429, 0.71159452, 0.84617507, 0.32505721, 0.41431329, 0.53343982, 0.16899793, 0.23382556)
(0.77123010, 0.11479547, 0.76620430, 0.86633986, 0.14611337, 0.91909647, 0.05095503, 0.58329225, 0.61415780, 0.47877604)
(0.01924801, 0.43921676, 0.43307325, 0.82632929, 0.89857584, 0.57474518, 0.37619615, 0.20386292, 0.13853149, 0.62137306)
(0.64445025, 0.16210085, 0.43371242, 0.53284889, 0.25982115, 0.29973224, 0.89783311, 0.11720878, 0.60905993, 0.80992156)
(0.13873947, 0.23982432, 0.54798436, 0.71916938, 0.84620434, 0.40630111, 0.16526584, 0.19867855, 0.21921878, 0.84897733)
(0.49686527, 0.86938930, 0.22654162, 0.58270746, 0.80555141, 0.26647648, 0.71075553, 0.56901950, 0.07688344, 0.69290805)
(0.68607414, 0.60965186, 0.66502500, 0.05878148, 0.37038103, 0.57511210, 0.90759093, 0.77263814, 0.21466750, 0.44308904)
(0.93087131, 0.28804716, 0.31376722, 0.19078162, 0.60848522, 0.89163572, 0.49042949, 0.13196120, 0.10386509, 0.68261701)
(0.47286436, 0.32593304, 0.31600448, 0.44448578, 0.86272746, 0.47085163, 0.84170949, 0.20930178, 0.20632046, 0.39131540)
(0.56601834, 0.05215767, 0.91171932, 0.57988179, 0.58994234, 0.35868758, 0.58285302, 0.41132033, 0.04233986, 0.66850036)
(0.70644408, 0.23814219, 0.84895486, 0.19131306, 0.42024255, 0.91536111, 0.25312167, 0.82357979, 0.17423148, 0.60945314)
(0.51470900, 0.03403130, 0.85869098, 0.78808868, 0.41553512, 0.76096946, 0.46731073, 0.35374594, 0.08744134, 0.38518187)
(0.39691138, 0.33690715, 0.18811569, 0.35833952, 0.31729391, 0.84373862, 0.44246891, 0.31107929, 0.08070221, 0.40399978)
(0.11911429, 0.43231958, 0.66631484, 0.51108593, 0.29707548, 0.49863568, 0.06377201, 0.59519416, 0.31614563, 0.20790891)
(0.20040867, 0.09388624, 0.32482082, 0.85085773, 0.10011824, 0.94887656, 0.14486097, 0.60878402, 0.34776154, 0.78385240)
(0.29625389, 0.65351963, 0.38214758, 0.71693051, 0.50363493, 0.48316833, 0.23933212, 0.06496052, 0.96721262, 0.58549839)
(0.67627478, 0.73037982, 0.25731388, 0.81680512, 0.92042994, 0.13751091, 0.81559670, 0.41673890, 0.29045060, 0.97879022)
(0.94617343, 0.11477263, 0.05361234, 0.71900880, 0.38738757, 0.61486179, 0.14247985, 0.85102153, 0.84472835, 0.39777234)
(0.50179237, 0.43808222, 0.53223187, 0.31720135, 0.05164062, 0.84001046, 0.84826380, 0.27740294, 0.81868094, 0.71094370)
(0.27912948, 0.10958527, 0.86762178, 0.35848206, 0.50216997, 0.35517287, 0.04908795, 0.22908588, 0.16832872, 0.92137074)
(0.23629428, 0.43059203, 0.11498608, 0.71200401, 0.81326252, 0.52431208, 0.31563237, 0.46843329, 0.12368333, 0.28169689)
(0.12788920, 0.54104465, 0.21112557, 0.44733468, 0.73029315, 0.75791258, 0.79139030, 0.15405180, 0.22787844, 0.65891528)
(0.31579185, 0.83472025, 0.42025173, 0.26573813, 0.23735404, 0.91226155, 0.83298904, 0.17179415, 0.94961435, 0.62776542)
(0.78613371, 0.45184407, 0.64595807, 0.30099657, 0.22201447, 0.74659747, 0.92359197, 0.11685137, 0.82876790, 0.73952967)
(0.65066475, 0.81303489, 0.90982664, 0.86263895, 0.46890065, 0.47434878, 0.35224149, 0.26056969, 0.46556196, 0.22455314)
(0.05678497, 0.84832197, 0.48716167, 0.36519274, 0.83271670, 0.62815315, 0.80227315, 0.79100722, 0.20230882, 0.07947761)
(0.50711226, 0.85330623, 0.05916263, 0.71097654, 0.37803742, 0.09968587, 0.85347891, 0.58858889, 0.86435014, 0.25821260)
(0.25719595, 0.49297461, 0.61165434, 0.68880606, 0.43772289, 0.03026515, 0.61804402, 0.28831992, 0.92770642, 0.93861049)
(0.79471374, 0.34692398, 0.04304015, 0.63408440, 0.65860510, 0.85820508, 0.17184754, 0.59704751, 0.37486395, 0.61012930)
(0.36807829, 0.11363736, 0.85615146, 0.25137565, 0.48933756, 0.18027636, 0.47059202, 0.30960134, 0.08723916, 0.61097711)
(0.44725874, 0.62879497, 0.86117494, 0.10431033, 0.65885937, 0.19205280, 0.45608440, 0.05466244, 0.16679728, 0.93517554)
(0.67925733, 0.39791167, 0.71857584, 0.71803594, 0.71943229, 0.24221711, 0.49857998, 0.33582294, 0.82803547, 0.35711154)
(0.60332817, 0.46597081, 0.67797869, 0.03947090, 0.63495106, 0.50613844, 0.56237477, 0.79171884, 0.18776518, 0.47344497)
(0.32875073, 0.49081337, 0.38024282, 0.68438530, 0.29579875, 0.45802820, 0.91860026, 0.11912472, 0.59000188, 0.88797033)
(0.58636707, 0.59888786, 0.77924466, 0.24784836, 0.74834383, 0.41256744, 0.75841951, 0.04238663, 0.18721575, 0.93668687)
(0.87251073, 0.46998405, 0.79193735, 0.74791539, 0.77911323, 0.15862764, 0.40421498, 0.06347461, 0.39889678, 0.34430844)
(0.40660179, 0.32747659, 0.04092801, 0.15789503, 0.17776442, 0.82407266, 0.50635785, 0.36113977, 0.07355785, 0.39188173)
(0.52813566, 0.45850012, 0.25068241, 0.28538460, 0.36256388, 0.57139164, 0.90468103, 0.51732945, 0.15105891, 0.05652359)
(0.64809769, 0.29809991, 0.69995773, 0.55263734, 0.93638712, 0.16297714, 0.44936484, 0.07863969, 0.46324116, 0.24800687)
(0.79866284, 0.33725515, 0.80027443, 0.74314916, 0.89117783, 0.16053103, 0.38408557, 0.13711657, 0.57102036, 0.34650376)
(0.46771225, 0.77812469, 0.65342665, 0.02724376, 0.61424744, 0.60486668, 0.27246389, 0.94294286, 0.14087763, 0.36537117)
(0.66976899, 0.38490063, 0.88521773, 0.78193653, 0.41779533, 0.14053589, 0.67340082, 0.47638434, 0.29646257, 0.94844425)
(0.32828015, 0.51900190, 0.68224114, 0.71944690, 0.39056742, 0.51888657, 0.24786532, 0.01377835, 0.14049965, 0.75006825)
(0.76252806, 0.43566436, 0.86383641, 0.16041687, 0.08150726, 0.58328748, 0.81542397, 0.11682869, 0.25250086, 0.41770852)
(0.71124649, 0.87392485, 0.71240711, 0.11730631, 0.32190594, 0.74724543, 0.89833736, 0.65858728, 0.63567853, 0.24439138)
(0.27473614, 0.70631009, 0.48930529, 0.41468760, 0.33313760, 0.09217112, 0.62241542, 0.24519716, 0.87135142, 0.60062152)
(0.20617086, 0.72376180, 0.52867270, 0.44999197, 0.32179505, 0.46030331, 0.56807971, 0.32539716, 0.03620991, 0.61206990)
(0.69329685, 0.38703254, 0.47886872, 0.73882544, 0.72846675, 0.03989849, 0.41940042, 0.15535772, 0.80421603, 0.22881068)
(0.15586628, 0.67261952, 0.71544975, 0.18166904, 0.55683583, 0.52225727, 0.39592212, 0.73414379, 0.14158605, 0.18877690)
(0.65723217, 0.55665869, 0.18670228, 0.74564803, 0.96079665, 0.25097948, 0.62776589, 0.34317231, 0.11516369, 0.91346395)
(0.72974366, 0.55964839, 0.75433052, 0.93074375, 0.62943918, 0.32462767, 0.63460803, 0.24038854, 0.86027318, 0.90574145)
(0.34058386, 0.38228443, 0.59049529, 0.01666781, 0.95647049, 0.20281161, 0.24830756, 0.30401209, 0.64064819, 0.09124740)
(0.48700055, 0.66365498, 0.73962110, 0.18126370, 0.79240912, 0.36918473, 0.80563432, 0.61414456, 0.63399184, 0.54128641)
(0.64011878, 0.27550620, 0.63463825, 0.74017000, 0.54841381, 0.27791429, 0.56441820, 0.12093747, 0.88998765, 0.76029289)
(0.60921448, 0.70584869, 0.30070001, 0.17341614, 0.26596358, 0.51096493, 0.85624421, 0.95852828, 0.21937111, 0.31810006)
(0.80177027, 0.84317857, 0.10789904, 0.62264228, 0.93472928, 0.59446311, 0.53458363, 0.45193276, 0.09343217, 0.63424230)
(0.87922966, 0.72275037, 0.49876988, 0.88176036, 0.65239048, 0.54753685, 0.56280094, 0.70613784, 0.43651962, 0.80255592)
(0.87650567, 0.55438864, 0.17406176, 0.82872117, 0.67023772, 0.29874527, 0.86131513, 0.48470125, 0.42532378, 0.90105236)
(0.62906170, 0.55286026, 0.39904794, 0.03252199, 0.77360874, 0.22822878, 0.07558079, 0.13894936, 0.26334482, 0.59798074)
(0.46375990, 0.05762893, 0.68154639, 0.56583726, 0.25496274, 0.08142621, 0.79333764, 0.47534558, 0.15298244, 0.63763332)
(0.71194082, 0.68496192, 0.88510942, 0.37248853, 0.30231252, 0.00834944, 0.33983919, 0.40823910, 0.70907056, 0.58097869)
(0.85902137, 0.23630872, 0.76597029, 0.41919309, 0.07353252, 0.97203743, 0.08558489, 0.46764070, 0.56867230, 0.27018633)
(0.49794981, 0.92317402, 0.72736454, 0.06642225, 0.40629283, 0.64726233, 0.58007520, 0.45968240, 0.59600449, 0.25662145)
(0.32302427, 0.49070621, 0.78401488, 0.56386143, 0.58422172, 0.17372252, 0.28813607, 0.55668002, 0.88990617, 0.07383920)
(0.64586371, 0.67522979, 0.31629595, 0.10557256, 0.43414935, 0.84892517, 0.77890509, 0.51206475, 0.05460369, 0.26557440)
(0.46600169, 0.46746433, 0.37842816, 0.51649213, 0.57397467, 0.38852611, 0.59483433, 0.70706367, 0.10736639, 0.54495400)
(0.77587259, 0.25323635, 0.89800233, 0.51746845, 0.74316728, 0.26794881, 0.40398902, 0.06736971, 0.46403036, 0.49300471)
(0.11901371, 0.11613788, 0.23378365, 0.19175960, 0.34587142, 0.96510190, 0.39727244, 0.56857610, 0.26621905, 0.60772032)
(0.69295615, 0.32025513, 0.79546499, 0.20580572, 0.57547057, 0.73040718, 0.79277402, 0.77022725, 0.24045508, 0.08543912)
(0.79087716, 0.07745759, 0.70818138, 0.21449661, 0.38139349, 0.56447148, 0.63819242, 0.69955420, 0.12105750, 0.10829912)
(0.21693663, 0.65195519, 0.28809097, 0.06694445, 0.25228089, 0.44635347, 0.77829254, 0.90611005, 0.48039129, 0.19390750)
(0.86982900, 0.24365348, 0.18090679, 0.82343709, 0.58251429, 0.73190451, 0.52507359, 0.51016062, 0.13745667, 0.03803443)
(0.01005297, 0.66890132, 0.81505007, 0.75239402, 0.82475889, 0.75879514, 0.15617515, 0.49365225, 0.62312239, 0.75855315)
(0.40955424, 0.69448060, 0.81996679, 0.69722277, 0.19766465, 0.21306531, 0.24959567, 0.18588543, 0.93837070, 0.53612620)
(0.81253517, 0.19583617, 0.36485323, 0.20199943, 0.39892599, 0.61548132, 0.41418532, 0.84049785, 0.18469076, 0.16082215)
(0.09375214, 0.24538201, 0.39636272, 0.91878068, 0.39656726, 0.91462225, 0.35886657, 0.28098118, 0.25754246, 0.60539949)
(0.48871937, 0.14357974, 0.86040431, 0.44713172, 0.52097040, 0.23755221, 0.68094909, 0.44488740, 0.38318396, 0.51763505)
(0.85350853, 0.31443059, 0.29560813, 0.43077105, 0.16641428, 0.74610066, 0.37306559, 0.64431870, 0.09996376, 0.25470948)
(0.10052767, 0.34738687, 0.66412729, 0.36024460, 0.50499070, 0.28461039, 0.04429708, 0.46319741, 0.75526547, 0.06659991)
(0.35075331, 0.61362684, 0.80079585, 0.21585529, 0.45616192, 0.50260884, 0.53249443, 0.66617364, 0.14138319, 0.06397738)
(0.68845320, 0.20535260, 0.10395354, 0.30226344, 0.35556743, 0.83806098, 0.23055153, 0.94331479, 0.57164061, 0.57297999)
(0.36708859, 0.08555094, 0.42914075, 0.49659589, 0.25111568, 0.72264266, 0.28512719, 0.11757190, 0.21545549, 0.55552542)
(0.88113862, 0.63042426, 0.60128438, 0.21555442, 0.74599874, 0.58319896, 0.72150350, 0.04622518, 0.19046612, 0.67498124)
(0.49574071, 0.65569276, 0.18404526, 0.66890490, 0.64310944, 0.08811287, 0.72045702, 0.13948897, 0.16738650, 0.21778297)
(0.40692866, 0.36786813, 0.67442572, 0.33742842, 0.30675390, 0.61245686, 0.09930886, 0.87953508, 0.51817060, 0.16837516)
(0.74904513, 0.41059345, 0.77826810, 0.24749573, 0.68996876, 0.80934662, 0.10932519, 0.93143171, 0.49950945, 0.35206020)
(0.43150735, 0.02897899, 0.66274077, 0.47019657, 0.27157962, 0.33575359, 0.91264117, 0.39081055, 0.47881866, 0.59570658)
(0.75644708, 0.32769772, 0.65459681, 0.28703830, 0.41889161, 0.63762707, 0.95039076, 0.18776627, 0.75944555, 0.83371079)
(0.05565834, 0.73835206, 0.32269439, 0.16146247, 0.42603418, 0.76619595, 0.55002612, 0.91581011, 0.15580429, 0.37814197)
(0.50842083, 0.80436158, 0.82564998, 0.88432658, 0.76676452, 0.19835824, 0.33247408, 0.26480812, 0.93683553, 0.67100829)
(0.42023724, 0.03296163, 0.24673750, 0.75187933, 0.18407263, 0.32878777, 0.75357336, 0.86895651, 0.31089830, 0.86270344)
(0.30031115, 0.30703500, 0.67243493, 0.59413773, 0.62888813, 0.42465493, 0.96067858, 0.34253776, 0.51994455, 0.79923695)
(0.26149201, 0.80018103, 0.08207496, 0.70362055, 0.49124423, 0.43298200, 0.79774427, 0.18485048, 0.34391120, 0.05679777)
(0.42496097, 0.05933286, 0.87050223, 0.66057825, 0.30066621, 0.31175420, 0.71211052, 0.62803864, 0.08623257, 0.91237885)
(0.85201180, 0.79750353, 0.49394113, 0.95620930, 0.39559129, 0.59369415, 0.78849000, 0.58679920, 0.59031248, 0.79570568)
(0.72208673, 0.56984264, 0.73449749, 0.51383644, 0.83947194, 0.29734567, 0.73147738, 0.15220357, 0.56605530, 0.56014907)
(0.36922565, 0.23160477, 0.30317914, 0.87987632, 0.23504086, 0.63902193, 0.38918892, 0.41905203, 0.06218822, 0.14927511)
(0.71112949, 0.79959464, 0.49172083, 0.44626492, 0.81450790, 0.35752735, 0.90150911, 0.37726182, 0.22136077, 0.53129262)
(0.68689770, 0.58163297, 0.72568637, 0.11024562, 0.75012106, 0.25463659, 0.36936241, 0.35365966, 0.89008707, 0.35760704)
(0.82472056, 0.28320551, 0.62634718, 0.28962705, 0.47840688, 0.63217467, 0.51195908, 0.76964104, 0.08259227, 0.26464534)
(0.01983740, 0.65660989, 0.45098010, 0.16796374, 0.53694785, 0.53366143, 0.86705035, 0.81286442, 0.50829387, 0.07843670)
(0.61036605, 0.59368551, 0.04340153, 0.27066672, 0.53602934, 0.65237844, 0.53437448, 0.90168005, 0.14935453, 0.47170261)
(0.26444209, 0.67501175, 0.79978961, 0.73358136, 0.32351202, 0.77600044, 0.11305808, 0.83403522, 0.22303140, 0.25343618)
(0.37650260, 0.94277805, 0.92900968, 0.39947775, 0.60335183, 0.87207103, 0.43019852, 0.17373762, 0.42219594, 0.23549661)
(0.90678036, 0.60597408, 0.72565013, 0.37527883, 0.49250776, 0.45372364, 0.51096475, 0.11928595, 0.04048723, 0.75757271)
(0.85796082, 0.54905784, 0.69010818, 0.33154947, 0.63024306, 0.79651684, 0.89351553, 0.12724310, 0.61440510, 0.49791470)
(0.47129786, 0.67189080, 0.66884106, 0.84057641, 0.57646716, 0.05645537, 0.38527563, 0.39318267, 0.92617339, 0.96069467)
(0.51034272, 0.37462470, 0.11591345, 0.32227466, 0.47234851, 0.87428498, 0.55812830, 0.26463267, 0.09319470, 0.55767649)
(0.74390173, 0.54301441, 0.80329406, 0.79117846, 0.76403552, 0.15168950, 0.34852585, 0.27394739, 0.19124384, 0.95508426)
(0.54285651, 0.59635049, 0.92614067, 0.77718323, 0.33087260, 0.53620380, 0.45088571, 0.11778336, 0.87061399, 0.75254291)
(0.02148011, 0.40391436, 0.36727288, 0.05945577, 0.53249520, 0.39487678, 0.07688920, 0.29508772, 0.65905511, 0.10029045)
(0.86506134, 0.08005325, 0.61335790, 0.68074477, 0.09001147, 0.62920028, 0.95133460, 0.56637889, 0.65876502, 0.85631245)
(0.66101825, 0.75390357, 0.22588921, 0.53470522, 0.22826132, 0.44952559, 0.52791578, 0.69553304, 0.06458941, 0.11440811)
(0.11816600, 0.43454790, 0.47248915, 0.50815821, 0.90661484, 0.20784093, 0.34570876, 0.34696427, 0.71328020, 0.33866230)
(0.86694521, 0.27367035, 0.68059307, 0.71910524, 0.16273855, 0.53942078, 0.68061030, 0.25302780, 0.13776691, 0.88689041)
(0.92993605, 0.08643140, 0.31587419, 0.41677943, 0.31060094, 0.63503414, 0.62397236, 0.87110382, 0.10628331, 0.78922635)
(0.16739225, 0.23044562, 0.61351967, 0.84960818, 0.24773440, 0.91564488, 0.25247309, 0.23660645, 0.12923971, 0.28792000)
(0.53836602, 0.67186177, 0.55657065, 0.68812621, 0.94615936, 0.43984747, 0.66811985, 0.13514549, 0.63052708, 0.24157208)
(0.73223597, 0.65052152, 0.71024674, 0.69869602, 0.96975636, 0.20986889, 0.40956289, 0.21029882, 0.59557712, 0.71044499)
(0.07509802, 0.79679388, 0.85393715, 0.85823351, 0.51603878, 0.87400353, 0.07636101, 0.70744324, 0.55876803, 0.89792752)
(0.50886011, 0.47048709, 0.90498739, 0.77862364, 0.63082564, 0.61994880, 0.02234394, 0.42560366, 0.49430937, 0.65298235)
(0.18990609, 0.77834463, 0.54841769, 0.59686130, 0.79166698, 0.25963610, 0.47846624, 0.61871225, 0.31188324, 0.19884370)
(0.44356003, 0.66918588, 0.49410182, 0.46082801, 0.38155264, 0.57827580, 0.71048260, 0.57175809, 0.81509143, 0.12258203)
(0.74169642, 0.41507897, 0.47239909, 0.82277894, 0.57382047, 0.85556799, 0.07101559, 0.89866132, 0.70792395, 0.55513948)
(0.73083699, 0.58887196, 0.35436878, 0.71575910, 0.89652216, 0.22749639, 0.78614628, 0.20176180, 0.75266796, 0.92037481)
(0.08399348, 0.52891177, 0.70239162, 0.61025786, 0.60667932, 0.15804955, 0.33851436, 0.26516545, 0.64876610, 0.08820621)
(0.03563282, 0.33424670, 0.60355508, 0.83034354, 0.33022693, 0.34782770, 0.15809481, 0.25721788, 0.39516774, 0.75435591)
(0.79685050, 0.26850024, 0.70154524, 0.66877723, 0.76788193, 0.32273668, 0.37371957, 0.04533513, 0.88065952, 0.28258261)
(0.83188909, 0.65282577, 0.75258112, 0.07032232, 0.40960512, 0.08972403, 0.19453156, 0.16069831, 0.86224836, 0.43009394)
(0.52713031, 0.49342287, 0.06335159, 0.39076424, 0.26278231, 0.82634044, 0.27442870, 0.97204047, 0.17581636, 0.08183166)
(0.38693070, 0.81443495, 0.84047765, 0.52153349, 0.39422062, 0.02410783, 0.19168472, 0.22847854, 0.89355958, 0.80127168)
(0.28374493, 0.89934891, 0.18014447, 0.38537589, 0.66287440, 0.61096781, 0.92062509, 0.63690448, 0.29848686, 0.06882545)
(0.42722511, 0.77296484, 0.92897809, 0.02465646, 0.80408508, 0.90759361, 0.68422163, 0.62282228, 0.42335752, 0.08374311)
(0.56750959, 0.30393440, 0.35057947, 0.89749724, 0.36948386, 0.33149219, 0.66511899, 0.79895484, 0.07324249, 0.95645624)
(0.56384027, 0.08974957, 0.23217712, 0.68498337, 0.28308126, 0.72919524, 0.13916935, 0.11091072, 0.23714602, 0.33501485)
(0.14484848, 0.63216460, 0.55746692, 0.66616225, 0.63764185, 0.42528987, 0.01211823, 0.48064673, 0.91553682, 0.28965130)
(0.51997334, 0.49135298, 0.20766139, 0.39501208, 0.80071169, 0.17898470, 0.78019553, 0.28271317, 0.89959681, 0.74016964)
(0.40056607, 0.39990485, 0.56068099, 0.01641614, 0.94660723, 0.28847677, 0.15352707, 0.25162545, 0.37262899, 0.25891608)
(0.72247183, 0.90142685, 0.31251267, 0.64269030, 0.32543924, 0.75380355, 0.79844159, 0.39680752, 0.08424488, 0.28172976)
(0.55718714, 0.52969331, 0.09845705, 0.31908533, 0.15457715, 0.57341832, 0.75107241, 0.87526196, 0.05719414, 0.13068610)
(0.65448177, 0.29888198, 0.40787739, 0.70529151, 0.76322144, 0.29967675, 0.29776448, 0.28664413, 0.04181020, 0.89015067)
(0.51290655, 0.47126615, 0.61513650, 0.19706948, 0.43592098, 0.19435856, 0.58366424, 0.39201841, 0.78411227, 0.60969418)
(0.63616943, 0.47565037, 0.66437113, 0.06334112, 0.23027095, 0.71219879, 0.17275856, 0.91603553, 0.22055000, 0.17526330)
(0.10796090, 0.71669328, 0.89755154, 0.36972982, 0.79902148, 0.80856562, 0.67347962, 0.33926177, 0.33640385, 0.05873580)
(0.04828855, 0.39072293, 0.88207841, 0.27876472, 0.69335294, 0.29639509, 0.04609722, 0.38575336, 0.91612446, 0.03671645)
(0.93567461, 0.31357574, 0.30284905, 0.84317023, 0.13324550, 0.40862629, 0.47832677, 0.67846489, 0.06090358, 0.33388150)
(0.44552067, 0.93246728, 0.43891865, 0.79650760, 0.47235727, 0.13796420, 0.66237855, 0.57895958, 0.34726229, 0.24627914)
(0.77830666, 0.63648844, 0.33473566, 0.71327168, 0.86957377, 0.55943632, 0.95296770, 0.19419324, 0.77081507, 0.62552273)
(0.60363758, 0.63985413, 0.75022221, 0.24068233, 0.28286740, 0.05757565, 0.36712614, 0.30002207, 0.87007385, 0.43316063)
(0.23623432, 0.40554476, 0.52812362, 0.79738075, 0.31315809, 0.02080500, 0.77980733, 0.28407753, 0.86775452, 0.92555749)
(0.39966848, 0.89133334, 0.78569251, 0.55586189, 0.68202430, 0.03265371, 0.44014874, 0.33037284, 0.85556757, 0.86274922)
(0.37876463, 0.70747292, 0.83832210, 0.89251810, 0.39362505, 0.49255946, 0.36152476, 0.41102040, 0.92528337, 0.25351426)
(0.15685892, 0.62376463, 0.59289891, 0.60372692, 0.91091233, 0.44183818, 0.33633932, 0.11018595, 0.27667964, 0.55285996)
(0.32855386, 0.21001327, 0.53330505, 0.09142761, 0.65667224, 0.59027028, 0.06434628, 0.51310509, 0.37190843, 0.30476087)
(0.59081787, 0.71558332, 0.63793236, 0.44651160, 0.65797728, 0.32365209, 0.38443100, 0.34067017, 0.36506468, 0.24129853)
(0.11405094, 0.49623027, 0.67000645, 0.49890140, 0.25829288, 0.42995125, 0.21776526, 0.65972388, 0.10899727, 0.22898777)
(0.48198932, 0.86123872, 0.56447846, 0.38429946, 0.26123780, 0.57718575, 0.53436905, 0.54181397, 0.01849842, 0.62791085)
(0.06204574, 0.26784116, 0.89406121, 0.88559622, 0.96645457, 0.33844590, 0.45750123, 0.25031152, 0.68521768, 0.15852165)
(0.41104081, 0.24957585, 0.91501474, 0.38209960, 0.87919891, 0.13116236, 0.33189639, 0.45976326, 0.77050471, 0.17959815)
(0.89262563, 0.23676172, 0.60520917, 0.06013447, 0.68693304, 0.91856599, 0.50543684, 0.48144794, 0.17718774, 0.67112738)
(0.74583262, 0.68009454, 0.52672493, 0.85851616, 0.42946965, 0.30806193, 0.50990272, 0.55633587, 0.67669666, 0.97997159)
(0.25480381, 0.73809671, 0.45865104, 0.02421591, 0.22782919, 0.50123858, 0.50666159, 0.94300580, 0.09185481, 0.50835788)
(0.24236888, 0.09742601, 0.63596278, 0.50718015, 0.09918879, 0.12566000, 0.87085056, 0.32546899, 0.59807277, 0.68261266)
(0.46940526, 0.38226646, 0.34807381, 0.30528042, 0.21802677, 0.45628697, 0.80036539, 0.55182970, 0.09181571, 0.29445192)
(0.43535742, 0.37294504, 0.87203562, 0.50087291, 0.85179460, 0.44293612, 0.46901411, 0.51544392, 0.16032344, 0.15876405)
(0.18054795, 0.52996564, 0.46904498, 0.17575727, 0.23158321, 0.82152987, 0.11592657, 0.82481235, 0.42370602, 0.41034725)
(0.17514893, 0.77059883, 0.49866438, 0.61269486, 0.56836063, 0.54908198, 0.49949136, 0.63520551, 0.19890386, 0.14800067)
(0.10666501, 0.34727022, 0.73710686, 0.96779430, 0.08232158, 0.89822042, 0.06246622, 0.61261755, 0.51125896, 0.82600963)
(0.24783720, 0.47475803, 0.87026548, 0.70253158, 0.75845665, 0.43952754, 0.65687740, 0.25274202, 0.81106776, 0.02374753)
(0.52522212, 0.61683869, 0.58503389, 0.03628361, 0.42332280, 0.40460378, 0.14375696, 0.94650394, 0.21446811, 0.31077969)
(0.07618755, 0.31775936, 0.88937855, 0.89669234, 0.56413162, 0.56083447, 0.09067726, 0.26131678, 0.35476130, 0.83013415)
(0.35825264, 0.77973527, 0.32985198, 0.69688249, 0.58951050, 0.02735249, 0.37213594, 0.60045677, 0.93755013, 0.90393901)
(0.94280666, 0.20021145, 0.44948840, 0.06297772, 0.24827404, 0.50768560, 0.90457940, 0.47450787, 0.27175987, 0.64230567)
(0.57998157, 0.64911640, 0.22018684, 0.13158789, 0.30183056, 0.76817995, 0.80676752, 0.95282096, 0.32235473, 0.10129061)
(0.83160710, 0.61128700, 0.81912982, 0.57807195, 0.48787543, 0.17703897, 0.63931149, 0.19842175, 0.48338994, 0.32665291)
(0.65334177, 0.57827777, 0.15001094, 0.93329382, 0.53141618, 0.82771945, 0.02847916, 0.77158576, 0.49323729, 0.55663675)
(0.95921749, 0.10522715, 0.75651354, 0.02968053, 0.43692413, 0.92789370, 0.11740790, 0.68292546, 0.66236907, 0.44332257)
(0.64008707, 0.82695031, 0.57074732, 0.61590767, 0.33633295, 0.34709308, 0.51274484, 0.86835462, 0.04752906, 0.44934380)
(0.61882681, 0.76771891, 0.42977095, 0.04498178, 0.59146607, 0.48057881, 0.49042261, 0.45520684, 0.11885618, 0.56409812)
(0.45758474, 0.87038690, 0.68079102, 0.45825124, 0.54728985, 0.32108203, 0.86756086, 0.53420579, 0.75513572, 0.51661551)
(0.30824977, 0.68067527, 0.67097980, 0.96583587, 0.34304807, 0.41286379, 0.24544670, 0.27109370, 0.06826545, 0.16345629)
(0.67416835, 0.50800824, 0.41330826, 0.40488955, 0.21888943, 0.85111064, 0.34401193, 0.53715324, 0.12444328, 0.18098271)
(0.66994750, 0.26482311, 0.77593827, 0.24184838, 0.74248648, 0.48972201, 0.03050910, 0.47737324, 0.53524560, 0.45930350)
(0.30635339, 0.85843652, 0.62282598, 0.49603251, 0.18757606, 0.26132038, 0.58489931, 0.29395300, 0.86287427, 0.23128110)
(0.80662292, 0.79850650, 0.58195049, 0.84764588, 0.35227874, 0.64310747, 0.12859304, 0.86510700, 0.08761261, 0.67261004)
(0.48839170, 0.03162982, 0.96041065, 0.30394787, 0.25424206, 0.23858792, 0.61070716, 0.56112880, 0.07624312, 0.67060691)
(0.82693946, 0.61039931, 0.66417569, 0.06370700, 0.29287431, 0.50930738, 0.92622513, 0.88074803, 0.27361596, 0.37860292)
(0.41345832, 0.15604398, 0.31333831, 0.22738524, 0.30375981, 0.90557212, 0.30867624, 0.18455048, 0.18492927, 0.56538546)
(0.01745222, 0.57477659, 0.86327964, 0.13237077, 0.75206435, 0.35648704, 0.42110345, 0.55731547, 0.72774404, 0.12886421)
(0.46680588, 0.40876028, 0.34816265, 0.20029290, 0.09515578, 0.80267680, 0.09617174, 0.23269339, 0.15174097, 0.31136212)
(0.80502141, 0.26199228, 0.28901902, 0.26203877, 0.57308787, 0.66410673, 0.54064232, 0.71069783, 0.21560310, 0.05275621)
(0.34162691, 0.07991616, 0.54577702, 0.13161375, 0.14065486, 0.75880027, 0.88023818, 0.41317615, 0.59741676, 0.66323781)
(0.65175134, 0.58033890, 0.82855284, 0.81989825, 0.36222288, 0.38904664, 0.45479631, 0.27523002, 0.75543863, 0.29091573)
(0.67042077, 0.30860686, 0.22733147, 0.83137882, 0.81957883, 0.53665829, 0.44554818, 0.10124498, 0.10126377, 0.43850356)
(0.31795883, 0.25269744, 0.94104314, 0.46430472, 0.76272321, 0.03022047, 0.62720692, 0.55883354, 0.70013493, 0.70674288)
(0.93924117, 0.48151934, 0.13008581, 0.72607100, 0.60085118, 0.46081299, 0.77657282, 0.61976981, 0.15233196, 0.33318383)
(0.78632385, 0.03532701, 0.56535178, 0.22794774, 0.17610119, 0.47892970, 0.24132867, 0.43786746, 0.09274707, 0.82089198)
(0.46836007, 0.54493564, 0.55852133, 0.65789503, 0.84218222, 0.10967421, 0.61657357, 0.41773197, 0.35133776, 0.63424402)
(0.26096070, 0.85321319, 0.14975229, 0.52946240, 0.69148231, 0.46509334, 0.53024167, 0.57997274, 0.02188452, 0.44427073)
(0.73897862, 0.72519892, 0.42819968, 0.66349006, 0.16059387, 0.73829210, 0.14784302, 0.78097594, 0.18229836, 0.39151469)
(0.71910715, 0.38928533, 0.22793077, 0.59028959, 0.42483318, 0.69021738, 0.09367408, 0.94794327, 0.61848015, 0.51910138)
(0.78866780, 0.30139849, 0.48129678, 0.55665910, 0.62893325, 0.30740011, 0.38850617, 0.08110948, 0.20232722, 0.40723145)
(0.51262838, 0.90865970, 0.67667210, 0.05694763, 0.14196831, 0.70766628, 0.62174332, 0.80805725, 0.25835058, 0.14100333)
(0.09126113, 0.44407770, 0.48391485, 0.66207153, 0.67927927, 0.22924717, 0.23004961, 0.40414378, 0.35511142, 0.46967417)
(0.79782361, 0.85436946, 0.39824602, 0.60774010, 0.66832674, 0.65722466, 0.77342331, 0.47878367, 0.16698758, 0.08829751)
(0.71060795, 0.50633901, 0.85734797, 0.42369154, 0.44364160, 0.32651055, 0.48629177, 0.31898654, 0.65809953, 0.54823375)
(0.22109097, 0.70924604, 0.74431968, 0.38005862, 0.59249538, 0.56761396, 0.78005868, 0.64157873, 0.37149256, 0.06933469)
(0.58562416, 0.15739328, 0.69987893, 0.06616185, 0.63752037, 0.90998948, 0.36450514, 0.33180541, 0.18955307, 0.80669969)
(0.74595642, 0.33017188, 0.33554319, 0.51844412, 0.75483871, 0.31624609, 0.83196974, 0.16902299, 0.53164488, 0.58722639)
(0.10509881, 0.35746238, 0.40743858, 0.08299602, 0.70254862, 0.40844840, 0.13246708, 0.47658169, 0.51048678, 0.30343813)
(0.62527668, 0.76213491, 0.37519670, 0.62453842, 0.95774579, 0.39541981, 0.72592980, 0.40578499, 0.74729413, 0.18779723)
(0.65926975, 0.11312412, 0.25424320, 0.05269456, 0.36256129, 0.88938189, 0.34507161, 0.60889369, 0.37078941, 0.35450661)
(0.63717598, 0.42862615, 0.35557431, 0.48647010, 0.75776672, 0.08467003, 0.65658790, 0.15766063, 0.58070493, 0.45726940)
(0.82092988, 0.35020041, 0.49957085, 0.55471456, 0.33716705, 0.11644237, 0.18572526, 0.12487055, 0.08131479, 0.78194869)
(0.02331888, 0.58924448, 0.73784858, 0.91094440, 0.91257989, 0.35628042, 0.31066695, 0.37674126, 0.30623603, 0.41193840)
(0.27755982, 0.20422919, 0.91264373, 0.34171605, 0.29096597, 0.01357247, 0.69973063, 0.29798648, 0.60343993, 0.72686154)
(0.31692356, 0.91975558, 0.26621640, 0.56638837, 0.67494977, 0.50145006, 0.66080409, 0.09598669, 0.93742764, 0.57786173)
(0.58841038, 0.50331509, 0.49606407, 0.81974334, 0.51694995, 0.29438785, 0.66329122, 0.08628251, 0.80975819, 0.84657049)
(0.42169705, 0.81343842, 0.33408812, 0.65130645, 0.20747368, 0.29412994, 0.03548921, 0.29110646, 0.89514244, 0.85609484)
(0.52549291, 0.57852829, 0.77022433, 0.35559347, 0.45243898, 0.25867102, 0.46437761, 0.38318452, 0.49184406, 0.07624100)
(0.83433843, 0.29372740, 0.73580253, 0.92329562, 0.09692732, 0.38678357, 0.87863505, 0.53183109, 0.48918986, 0.95803708)
(0.67265171, 0.48892194, 0.31765160, 0.76803368, 0.33072120, 0.23505950, 0.82481492, 0.04609508, 0.88234591, 0.51586741)
(0.53990465, 0.38706896, 0.17606361, 0.43927440, 0.85633856, 0.23966721, 0.69883263, 0.22465625, 0.84472793, 0.87267196)
(0.08544187, 0.40301797, 0.93740231, 0.53127372, 0.71589637, 0.17041117, 0.20839751, 0.47045395, 0.69698143, 0.03662470)
(0.19372740, 0.77459478, 0.73311794, 0.03316329, 0.22956371, 0.56656730, 0.28966656, 0.97235018, 0.26319560, 0.36876449)
(0.24979685, 0.18320253, 0.67296273, 0.76875877, 0.96821433, 0.34139895, 0.49314016, 0.37781429, 0.36220792, 0.74471271)
(0.63441056, 0.32559609, 0.20703894, 0.28943622, 0.87309194, 0.62205219, 0.55447161, 0.18493302, 0.15525772, 0.54779977)
(0.79847246, 0.43290740, 0.65012354, 0.81782877, 0.54838634, 0.21888618, 0.44146961, 0.08292624, 0.06119249, 0.16989417)
(0.24698921, 0.52478576, 0.51725245, 0.19055443, 0.05450330, 0.65452284, 0.34546191, 0.95373571, 0.24927194, 0.20761283)
(0.55840927, 0.37721404, 0.54309440, 0.03157968, 0.28169307, 0.71531898, 0.33469528, 0.96630311, 0.23204409, 0.54153633)
(0.32135987, 0.61953074, 0.35121080, 0.35471433, 0.83674383, 0.23306221, 0.72164810, 0.42255989, 0.48413673, 0.24351758)
(0.74982333, 0.10141736, 0.21853133, 0.83103198, 0.20457424, 0.75191039, 0.06144815, 0.87706453, 0.85163713, 0.90643030)
(0.45838416, 0.62898982, 0.79855257, 0.21161824, 0.23481500, 0.28366250, 0.47518086, 0.14581142, 0.85611528, 0.84386778)
(0.85874856, 0.71665394, 0.26897013, 0.29476583, 0.25675008, 0.54698253, 0.87751639, 0.45273778, 0.22375770, 0.09589963)
(0.45141971, 0.94183779, 0.15544036, 0.68206334, 0.54969913, 0.27305833, 0.81045437, 0.66519123, 0.76112092, 0.34723824)
(0.70006263, 0.53956807, 0.83586520, 0.59618008, 0.50830531, 0.02697759, 0.37963191, 0.12061793, 0.63656104, 0.28214988)
(0.83460474, 0.33317852, 0.65206110, 0.55470896, 0.46768013, 0.63023216, 0.93570524, 0.18873870, 0.55736083, 0.76570308)
(0.82073414, 0.06669055, 0.51055998, 0.11818239, 0.29162830, 0.41469175, 0.55798572, 0.54644996, 0.11679850, 0.56554604)
(0.94632339, 0.21589831, 0.49775386, 0.49813905, 0.58332127, 0.69580269, 0.86999977, 0.60487753, 0.23687324, 0.43422312)
(0.25235263, 0.30784512, 0.58042127, 0.46645111, 0.19061399, 0.79600197, 0.92839187, 0.14001155, 0.61508757, 0.81221592)
(0.44783735, 0.25224134, 0.62872756, 0.61179423, 0.78940117, 0.66377079, 0.83765292, 0.06158707, 0.90361339, 0.65540272)
(0.79340565, 0.78452611, 0.03855996, 0.44528821, 0.66540277, 0.75948244, 0.52564126, 0.86559755, 0.12261532, 0.45820409)
(0.29387403, 0.15214807, 0.63869739, 0.67147577, 0.46898189, 0.59691364, 0.20496909, 0.34763315, 0.18726666, 0.39547208)
(0.24473897, 0.87631714, 0.80160838, 0.42118177, 0.59556210, 0.26811224, 0.82195610, 0.63953036, 0.24530946, 0.54816049)
(0.25957096, 0.13552958, 0.86969638, 0.35958621, 0.29659039, 0.12942430, 0.81613386, 0.18650763, 0.69449615, 0.63112479)
(0.95710194, 0.37937841, 0.56388658, 0.63067317, 0.15998025, 0.79085553, 0.18834378, 0.39292023, 0.12109224, 0.50321889)
(0.83943975, 0.58532983, 0.73456955, 0.08936521, 0.66879314, 0.56162053, 0.88851589, 0.28482065, 0.29118052, 0.72344589)
(0.51781291, 0.72318983, 0.09568804, 0.79828781, 0.86973083, 0.80376410, 0.13239558, 0.31183022, 0.14251314, 0.72837317)
(0.35795659, 0.22079016, 0.05172840, 0.46488732, 0.42872283, 0.87155634, 0.28532261, 0.54360038, 0.46533650, 0.61882651)
(0.20185338, 0.60817450, 0.09940742, 0.45526326, 0.59762740, 0.55041331, 0.48323491, 0.07138834, 0.92345065, 0.86526239)
(0.66201508, 0.43927923, 0.85198575, 0.51810789, 0.89857352, 0.27769795, 0.39252588, 0.05190321, 0.41703537, 0.67077380)
(0.84585202, 0.43721598, 0.19311520, 0.57682127, 0.77944511, 0.52736831, 0.70343256, 0.36334157, 0.21212319, 0.54853070)
(0.05286220, 0.61971539, 0.50863135, 0.78926432, 0.79978347, 0.74463755, 0.50619781, 0.18116713, 0.10973416, 0.33133316)
(0.54628927, 0.47931212, 0.54552799, 0.03844181, 0.27879280, 0.89047563, 0.08574648, 0.95810860, 0.47709882, 0.37460890)
(0.16567530, 0.83920872, 0.62145120, 0.63574457, 0.52469105, 0.13576183, 0.53585070, 0.61261737, 0.14432991, 0.16824684)
(0.36960283, 0.09427293, 0.89542300, 0.00598619, 0.20254506, 0.74216837, 0.91485000, 0.68251455, 0.65247351, 0.94771850)
(0.69751942, 0.54523438, 0.65314090, 0.03714332, 0.59344900, 0.94294858, 0.31045374, 0.96371675, 0.24098243, 0.24541096)
(0.48642460, 0.55792344, 0.23494568, 0.43497956, 0.77148372, 0.06489471, 0.54204202, 0.34241652, 0.92678303, 0.85161698)
(0.50970614, 0.41527605, 0.84360063, 0.50207996, 0.84967148, 0.16889027, 0.22994675, 0.41566786, 0.68212533, 0.91254508)
(0.92576313, 0.31056026, 0.38814965, 0.23728830, 0.42820838, 0.44708535, 0.80068254, 0.09803327, 0.13984853, 0.33494449)
(0.33092284, 0.65272951, 0.30591047, 0.41666308, 0.29751951, 0.53354323, 0.66002077, 0.03574619, 0.03333659, 0.56635308)
(0.88886553, 0.51740903, 0.20941193, 0.76562136, 0.41461495, 0.84700811, 0.23652294, 0.80201465, 0.17447793, 0.39783663)
(0.29358286, 0.20629656, 0.58772355, 0.07772974, 0.08821386, 0.68716079, 0.96413720, 0.22027582, 0.63833988, 0.81730384)
(0.58559984, 0.83354676, 0.48363441, 0.92552614, 0.46102479, 0.59139299, 0.60056168, 0.40272790, 0.89394486, 0.43043125)
(0.85941261, 0.82576013, 0.91782033, 0.27616087, 0.82458299, 0.48557290, 0.34723747, 0.13331416, 0.42840540, 0.39947814)
(0.19975637, 0.26923245, 0.40192404, 0.80801731, 0.46645451, 0.19102681, 0.90870988, 0.42905420, 0.70436430, 0.90544868)
(0.63347328, 0.53805691, 0.71279061, 0.33429527, 0.65457749, 0.33840314, 0.32486826, 0.04109117, 0.93670338, 0.80534548)
(0.21861903, 0.53758365, 0.29419276, 0.45312622, 0.14404953, 0.51551747, 0.30952072, 0.98420990, 0.30611604, 0.10284903)
(0.82133770, 0.83243537, 0.15290976, 0.90775585, 0.85021889, 0.10845526, 0.75908697, 0.53847212, 0.39525390, 0.29893756)
(0.81568789, 0.65773094, 0.60556078, 0.06461389, 0.72525692, 0.67938197, 0.67192817, 0.70784539, 0.08248813, 0.30617115)
(0.76034278, 0.58279353, 0.57788384, 0.04026042, 0.32162061, 0.93436235, 0.41679075, 0.58528906, 0.11697177, 0.87836546)
(0.60030842, 0.86781412, 0.05664771, 0.70776296, 0.84230047, 0.71010578, 0.36502826, 0.53314352, 0.12378913, 0.52140540)
(0.67995441, 0.34751478, 0.67667621, 0.71325088, 0.44354001, 0.19897020, 0.05489376, 0.21176974, 0.26199296, 0.87951297)
(0.59207880, 0.57145542, 0.30739573, 0.74276268, 0.50198990, 0.22430134, 0.52810591, 0.22796972, 0.08126787, 0.04534367)
(0.85557324, 0.22090499, 0.14591047, 0.49072096, 0.33533838, 0.82910782, 0.22403349, 0.93443906, 0.49571404, 0.18016967)
(0.32153311, 0.86305809, 0.54147130, 0.79247993, 0.07115451, 0.40037087, 0.84926456, 0.79401034, 0.68886560, 0.64243811)
(0.34341535, 0.71771187, 0.77529258, 0.54658157, 0.09300406, 0.72747737, 0.42314425, 0.27426544, 0.79341346, 0.31915447)
(0.70064217, 0.76180774, 0.37281841, 0.61936003, 0.74495906, 0.35434902, 0.94213194, 0.11738552, 0.58060116, 0.60395253)
(0.44684124, 0.82604969, 0.75479966, 0.50149357, 0.60718256, 0.01337159, 0.38412002, 0.75156915, 0.91509646, 0.76710463)
(0.16706443, 0.19648394, 0.09434906, 0.66388446, 0.23108333, 0.48021534, 0.90498859, 0.35171223, 0.49210587, 0.81427342)
(0.72075415, 0.29695499, 0.81357795, 0.67517173, 0.67953914, 0.23340227, 0.52160484, 0.38519526, 0.06047274, 0.93664765)
(0.29573998, 0.91132200, 0.15601657, 0.84748334, 0.23869827, 0.70394546, 0.54877150, 0.17785901, 0.89596057, 0.32284403)
(0.22844398, 0.25155273, 0.33121952, 0.79831600, 0.95453691, 0.42211556, 0.58988500, 0.10798267, 0.22610593, 0.29729441)
(0.88125759, 0.68255091, 0.71140069, 0.45962417, 0.41075176, 0.49820420, 0.48063985, 0.50186378, 0.02902980, 0.62402350)
(0.25197440, 0.96425378, 0.50087035, 0.77483881, 0.75812340, 0.15026249, 0.27073380, 0.58334976, 0.33881292, 0.54304135)
(0.74047172, 0.07284804, 0.51327604, 0.01884023, 0.85058320, 0.66647786, 0.49316359, 0.76317543, 0.12324003, 0.44069842)
(0.54868168, 0.64170146, 0.20468974, 0.61147964, 0.37275520, 0.37746000, 0.58274901, 0.85460103, 0.13683885, 0.08259968)
(0.62996012, 0.49951446, 0.55993599, 0.88488698, 0.50230008, 0.76622391, 0.82622045, 0.16726437, 0.88911164, 0.25439849)
(0.26095736, 0.25258166, 0.82557297, 0.33861017, 0.32020286, 0.16789801, 0.03735248, 0.38168779, 0.26534212, 0.95194590)
(0.63171393, 0.42287731, 0.63900000, 0.57122231, 0.64439237, 0.94952780, 0.77660900, 0.34507072, 0.14654763, 0.19045356)
(0.66493177, 0.57598889, 0.28680691, 0.27873278, 0.72294265, 0.45585117, 0.64676821, 0.56304991, 0.21157546, 0.59525192)
(0.42314872, 0.61990774, 0.22910215, 0.55794340, 0.73828799, 0.66659802, 0.82836854, 0.27222347, 0.77724427, 0.50852615)
(0.62093270, 0.16766702, 0.80932695, 0.38313553, 0.78524798, 0.30824709, 0.14681683, 0.18233816, 0.13674808, 0.35454756)
(0.08505718, 0.50726748, 0.69601041, 0.81799394, 0.41986412, 0.92102683, 0.40531197, 0.16334309, 0.18787277, 0.80254537)
(0.11134251, 0.72854793, 0.48756379, 0.90032440, 0.44720972, 0.12331641, 0.14101256, 0.19313841, 0.04695273, 0.75713277)
(0.32175180, 0.55413520, 0.83588910, 0.24960236, 0.89282817, 0.55055088, 0.49443978, 0.18197462, 0.91847050, 0.04697271)
(0.67945236, 0.57534426, 0.37814608, 0.74993038, 0.60637122, 0.27973920, 0.42380568, 0.07994357, 0.94646859, 0.55146605)
(0.31220061, 0.90894163, 0.30573088, 0.78668761, 0.23629141, 0.80980396, 0.53610468, 0.34368661, 0.91607893, 0.46589050)
(0.85082167, 0.13761812, 0.40464479, 0.08085827, 0.43182302, 0.73082602, 0.63332814, 0.62263232, 0.11366969, 0.65023494)
(0.58894640, 0.19060658, 0.20203841, 0.74025452, 0.38755229, 0.40102807, 0.71550423, 0.45878080, 0.44469929, 0.95947081)
(0.34792799, 0.32512161, 0.77181065, 0.94370466, 0.73191923, 0.81214851, 0.78899342, 0.17407952, 0.81997746, 0.37834218)
(0.51877719, 0.33134842, 0.64755481, 0.07274562, 0.50950027, 0.68994850, 0.18081594, 0.90194559, 0.44759199, 0.35602704)
(0.54483390, 0.86633611, 0.29939982, 0.90451366, 0.38793272, 0.81342745, 0.33401665, 0.42653501, 0.08949069, 0.34767449)
(0.38982925, 0.64140815, 0.44362885, 0.25734916, 0.36322150, 0.02029489, 0.19408447, 0.54347694, 0.77357352, 0.54147726)
(0.25919402, 0.30129209, 0.91913623, 0.78145570, 0.69664413, 0.24803904, 0.03522418, 0.38414437, 0.91347373, 0.08201148)
(0.05032046, 0.24633934, 0.36678737, 0.08860917, 0.69425815, 0.27447441, 0.29627267, 0.39955261, 0.48190019, 0.25512981)
(0.11519875, 0.41706932, 0.29455316, 0.83632362, 0.44235334, 0.66942030, 0.28097177, 0.83973497, 0.15141584, 0.66330332)
(0.07920008, 0.33017582, 0.48697534, 0.22559166, 0.40071803, 0.58154565, 0.46898919, 0.95729178, 0.21460579, 0.49947792)
(0.83331102, 0.71810007, 0.33907384, 0.86985260, 0.63623345, 0.51565534, 0.85735714, 0.11466724, 0.80286622, 0.45440376)
(0.13324408, 0.81131881, 0.50687599, 0.11976357, 0.51639509, 0.39918920, 0.32346162, 0.49815741, 0.42034793, 0.38973314)
(0.03011429, 0.48597378, 0.44686210, 0.57683694, 0.89516079, 0.32765430, 0.76622838, 0.40547609, 0.45699945, 0.30334961)
(0.42162412, 0.56674045, 0.31374526, 0.31594378, 0.41292661, 0.85351992, 0.12415466, 0.26376599, 0.23352145, 0.48798531)
(0.75513107, 0.21509194, 0.57773292, 0.73287302, 0.10949475, 0.92947143, 0.38727152, 0.43923447, 0.22143011, 0.13881898)
(0.85697907, 0.08480083, 0.19596806, 0.86135781, 0.09357059, 0.68504536, 0.07055600, 0.86289537, 0.39174777, 0.04300154)
(0.21538690, 0.84213585, 0.87472653, 0.77784401, 0.46240553, 0.15139979, 0.03901770, 0.05328928, 0.48224869, 0.21657696)
(0.19979420, 0.01849868, 0.82970405, 0.56973624, 0.01088205, 0.46017724, 0.86856025, 0.50690907, 0.30220762, 0.68110931)
(0.09537694, 0.12795641, 0.49673957, 0.45333928, 0.24729539, 0.88348323, 0.34793851, 0.59694296, 0.23429483, 0.28560972)
(0.10285954, 0.54794890, 0.86506349, 0.11619132, 0.70332634, 0.21149643, 0.37974516, 0.21857180, 0.72830677, 0.04430552)
(0.22581384, 0.94046748, 0.30716240, 0.73664600, 0.56480068, 0.59841651, 0.66005713, 0.11139277, 0.93032432, 0.89460373)
(0.37525395, 0.91698617, 0.23616488, 0.85926789, 0.66475147, 0.45169488, 0.39943767, 0.29467928, 0.94418883, 0.59109944)
(0.07404409, 0.41378903, 0.23079665, 0.73123664, 0.56379688, 0.87482649, 0.19760104, 0.61157036, 0.37301660, 0.87062776)
(0.84120929, 0.44048613, 0.04197003, 0.42521238, 0.53127038, 0.57405913, 0.53450370, 0.85214382, 0.12140128, 0.47018018)
(0.49341202, 0.60621238, 0.65626591, 0.59763521, 0.95863032, 0.22771451, 0.46636686, 0.25382823, 0.96046984, 0.79965746)
(0.50025612, 0.37950584, 0.56698525, 0.50852990, 0.80736834, 0.30742344, 0.12720735, 0.38394883, 0.32980868, 0.90091050)
(0.78926569, 0.35964546, 0.21561976, 0.59753293, 0.38677132, 0.58972710, 0.05946587, 0.19809414, 0.31613448, 0.88357502)
(0.33114609, 0.09724592, 0.39474198, 0.48834836, 0.01596164, 0.64809543, 0.90781730, 0.39377844, 0.55050439, 0.81293160)
(0.80501729, 0.15069036, 0.75369316, 0.54951125, 0.51704276, 0.57784504, 0.08360215, 0.45892364, 0.17317222, 0.88963908)
(0.02116201, 0.72207844, 0.92064124, 0.29039022, 0.77210969, 0.61676866, 0.60459918, 0.77447510, 0.21062666, 0.24402091)
(0.85506880, 0.09431160, 0.53520185, 0.79815042, 0.55588555, 0.51693887, 0.63406885, 0.41151014, 0.13599496, 0.04147773)
(0.64263523, 0.76335239, 0.89684862, 0.73158538, 0.79597086, 0.02046404, 0.33056420, 0.55057251, 0.32881323, 0.88823193)
(0.33399490, 0.39679506, 0.30745539, 0.35614035, 0.20651074, 0.66168016, 0.67823756, 0.13566780, 0.04235222, 0.02852579)
(0.66975617, 0.14100270, 0.18402226, 0.69317311, 0.09211868, 0.53043443, 0.90477228, 0.29497737, 0.84013444, 0.70277280)
(0.35581952, 0.30923271, 0.66503131, 0.60264766, 0.69277120, 0.40320602, 0.10018428, 0.45493528, 0.42590603, 0.66115892)
(0.45740193, 0.31982771, 0.53859502, 0.44677928, 0.71677333, 0.53963900, 0.62463278, 0.12459730, 0.17687050, 0.53455389)
(0.05871747, 0.65749133, 0.17852823, 0.61183226, 0.70710176, 0.47657314, 0.90091664, 0.58128309, 0.48396745, 0.12610903)
(0.42451009, 0.88747680, 0.38506088, 0.45348564, 0.57276601, 0.37386653, 0.37019962, 0.42281836, 0.95496213, 0.34787345)
(0.51338995, 0.47768793, 0.82105595, 0.15173732, 0.24892224, 0.00767521, 0.44647661, 0.24567036, 0.79034114, 0.75665027)
(0.71816659, 0.69658011, 0.63900554, 0.64866459, 0.61124295, 0.64001292, 0.94058728, 0.12960124, 0.73953938, 0.71392435)
(0.22742802, 0.52238971, 0.65625602, 0.74812001, 0.73133677, 0.14181234, 0.43709666, 0.08799563, 0.63446122, 0.34288990)
(0.51344752, 0.33642581, 0.02042465, 0.31051686, 0.20192467, 0.81253064, 0.38149738, 0.86516118, 0.12769467, 0.37180731)
(0.28330353, 0.44650930, 0.52566427, 0.75358695, 0.07047985, 0.29973000, 0.71362525, 0.09542347, 0.73799264, 0.57088524)
(0.13939840, 0.25493357, 0.85230815, 0.74934781, 0.11016265, 0.33912724, 0.91481537, 0.43841279, 0.73560917, 0.82787293)
(0.86640948, 0.27835330, 0.64432228, 0.11256061, 0.57249320, 0.81394160, 0.18653196, 0.81261092, 0.58749050, 0.39939761)
(0.49064451, 0.91378677, 0.63284427, 0.76332587, 0.44574901, 0.54172575, 0.74756104, 0.62763560, 0.47856331, 0.50009328)
(0.30526111, 0.52688795, 0.77448756, 0.51185381, 0.47771165, 0.19970150, 0.27696395, 0.48282272, 0.89994437, 0.09324709)
(0.39856032, 0.16019124, 0.75673616, 0.45437649, 0.52396363, 0.29641297, 0.96983731, 0.15557759, 0.26325554, 0.83527863)
(0.39702451, 0.73300439, 0.37804219, 0.08524569, 0.38418040, 0.76180625, 0.30953124, 0.94960660, 0.14915249, 0.53091580)
(0.57896286, 0.57348818, 0.65653062, 0.04479506, 0.53219062, 0.57738131, 0.73220861, 0.92646861, 0.17588684, 0.15444630)
(0.21223739, 0.32518354, 0.08325792, 0.54162472, 0.29411393, 0.84730333, 0.24391143, 0.52451968, 0.34182927, 0.55375755)
(0.49800628, 0.90430403, 0.68658257, 0.48276991, 0.67667729, 0.46367213, 0.64008665, 0.53665334, 0.93798059, 0.55769914)
(0.64932114, 0.75107825, 0.83196992, 0.74978250, 0.77394795, 0.01042584, 0.39802286, 0.49571398, 0.31727505, 0.87929577)
(0.72157711, 0.66335005, 0.96306497, 0.85344046, 0.55660647, 0.42028078, 0.23646358, 0.25581253, 0.32060999, 0.80140942)
(0.33046368, 0.72396183, 0.27751276, 0.75069928, 0.30047277, 0.27497867, 0.31437454, 0.07601787, 0.95966375, 0.80946505)
(0.57399815, 0.56885576, 0.66637605, 0.06545567, 0.37525284, 0.60590553, 0.23223513, 0.93363899, 0.30988380, 0.65269363)
(0.43855494, 0.80215591, 0.87977719, 0.48090017, 0.65770584, 0.79444844, 0.62092441, 0.11355358, 0.94262844, 0.24802341)
(0.76820570, 0.32689002, 0.65727377, 0.58665198, 0.41651067, 0.68581074, 0.24769807, 0.60442859, 0.33776346, 0.76634532)
(0.69637209, 0.01759790, 0.76848316, 0.32250389, 0.30717227, 0.37136373, 0.24003163, 0.64065284, 0.20533729, 0.58189082)
(0.64201254, 0.53304791, 0.25031096, 0.85349786, 0.64003378, 0.18318912, 0.49357319, 0.10222857, 0.96966457, 0.83911395)
(0.18910614, 0.61378425, 0.94340277, 0.30515561, 0.76776570, 0.93373501, 0.13721544, 0.10519163, 0.15466745, 0.49123856)
(0.77394998, 0.55596566, 0.79341173, 0.45325550, 0.42789686, 0.19699714, 0.55473506, 0.27810675, 0.45012757, 0.53621846)
(0.51694411, 0.39709163, 0.30929253, 0.25554362, 0.10292403, 0.66474104, 0.20477088, 0.73616076, 0.18485691, 0.12488028)
(0.26870993, 0.51033849, 0.33995286, 0.76109624, 0.96071488, 0.23938888, 0.35008937, 0.29393545, 0.49647003, 0.44148487)
(0.45223221, 0.15723296, 0.08038930, 0.48314017, 0.25535822, 0.60732651, 0.43760958, 0.17109996, 0.12319162, 0.34879321)
(0.20864552, 0.74211603, 0.51954377, 0.08437146, 0.13756955, 0.45077494, 0.42138380, 0.93910331, 0.15130135, 0.42329440)
(0.17427233, 0.81109029, 0.54573339, 0.74407846, 0.20971550, 0.57634211, 0.43222821, 0.06359547, 0.04470188, 0.49716434)
(0.13007791, 0.69821227, 0.46203929, 0.97053480, 0.60166425, 0.71802533, 0.16828711, 0.52183348, 0.09327233, 0.25552830)
(0.19034940, 0.66364354, 0.19006380, 0.69005501, 0.77400649, 0.55258328, 0.35473979, 0.34188050, 0.09183070, 0.30469990)
(0.29702556, 0.54920125, 0.60609233, 0.81673801, 0.62349504, 0.43478310, 0.05147373, 0.47501236, 0.30897298, 0.76975596)
(0.71526426, 0.11731034, 0.22940840, 0.24627213, 0.66738611, 0.61942810, 0.82029772, 0.80778599, 0.13174054, 0.09372396)
(0.51759505, 0.53860420, 0.53167289, 0.41221783, 0.52158546, 0.25163502, 0.95032454, 0.22244193, 0.64339447, 0.65808940)
(0.50601059, 0.07861390, 0.87461889, 0.64702737, 0.24161044, 0.42324015, 0.84123373, 0.72536361, 0.40607947, 0.93318892)
(0.42317334, 0.24225761, 0.87141937, 0.42213696, 0.20299490, 0.27012658, 0.95042610, 0.08150531, 0.26000601, 0.87955058)
(0.55556113, 0.68810576, 0.76617914, 0.46519864, 0.62021875, 0.76354772, 0.19598165, 0.53792715, 0.10355264, 0.32440934)
(0.14714806, 0.21829203, 0.49613190, 0.69170517, 0.37344682, 0.87012231, 0.50323927, 0.46913046, 0.20198902, 0.48661569)
(0.57421607, 0.16744320, 0.60946280, 0.34598526, 0.40847796, 0.37807366, 0.95490444, 0.10412206, 0.57479304, 0.87476051)
(0.53228658, 0.64994305, 0.58554351, 0.84557331, 0.38532278, 0.24973650, 0.42231005, 0.03755268, 0.08221707, 0.07260739)
(0.62549502, 0.67444360, 0.29252261, 0.10309140, 0.40666440, 0.94454402, 0.75223094, 0.30296639, 0.07040499, 0.43861833)
(0.81897992, 0.56534177, 0.21236087, 0.51374578, 0.29870766, 0.63397914, 0.50749665, 0.29869217, 0.04775732, 0.27473679)
(0.81229532, 0.43149358, 0.55397224, 0.47222888, 0.52359015, 0.31243968, 0.81282133, 0.10778010, 0.19152008, 0.89899635)
(0.83073038, 0.61773425, 0.68914831, 0.68076617, 0.46078932, 0.46077803, 0.27865535, 0.26541668, 0.09033749, 0.27979881)
(0.09454856, 0.14967033, 0.15642440, 0.62857097, 0.36648101, 0.33673334, 0.88008040, 0.19764507, 0.74802101, 0.84867024)
(0.61330223, 0.90676349, 0.57182151, 0.06071831, 0.44318682, 0.80293494, 0.92457002, 0.57936460, 0.23688364, 0.26047733)
(0.67344958, 0.50210965, 0.30143648, 0.66476506, 0.15039715, 0.44634461, 0.43631974, 0.87620282, 0.11820548, 0.05728451)
(0.49856669, 0.44492519, 0.67780113, 0.10421390, 0.36266989, 0.56049067, 0.68547225, 0.95865893, 0.22881189, 0.05380276)
(0.04771827, 0.17720120, 0.33660090, 0.10966824, 0.69625407, 0.30588061, 0.23603733, 0.38099620, 0.39735562, 0.21719828)
(0.60098201, 0.90436721, 0.11027800, 0.84256184, 0.16224447, 0.56897461, 0.86083537, 0.54333299, 0.80289865, 0.50259089)
(0.62497842, 0.68227583, 0.84736031, 0.88884878, 0.68864959, 0.61374450, 0.39053822, 0.21899615, 0.90734553, 0.71870929)
(0.77967101, 0.36618558, 0.77402103, 0.07083936, 0.50484103, 0.44770977, 0.68273842, 0.95318925, 0.41385478, 0.45917735)
(0.52630013, 0.32425171, 0.90962481, 0.33077827, 0.28201273, 0.15157332, 0.67918861, 0.23219211, 0.63378561, 0.88843548)
(0.53819650, 0.90538073, 0.66448659, 0.86126983, 0.64481980, 0.08377834, 0.31234410, 0.72742206, 0.31876487, 0.19931097)
(0.70332867, 0.22900650, 0.56005615, 0.21966161, 0.38613892, 0.96055382, 0.24542326, 0.12314211, 0.15435691, 0.45705816)
(0.64920843, 0.49428618, 0.69349259, 0.66716242, 0.21894863, 0.13066214, 0.64772075, 0.03782809, 0.77250278, 0.86778539)
(0.83831817, 0.33540413, 0.46182978, 0.36547580, 0.79412651, 0.49789295, 0.68433160, 0.03478921, 0.09438447, 0.44227031)
(0.64403081, 0.83568835, 0.72960144, 0.27695069, 0.67070299, 0.02102519, 0.28137556, 0.58196485, 0.87219125, 0.66207820)
(0.49936423, 0.82059002, 0.38468319, 0.71691847, 0.73147309, 0.03733417, 0.19230759, 0.57987565, 0.88643599, 0.81232166)
(0.20533210, 0.51689678, 0.64058524, 0.31241861, 0.45239562, 0.75492740, 0.05552935, 0.44184208, 0.41379139, 0.46427727)
(0.53360140, 0.67656386, 0.51419324, 0.46540135, 0.30107662, 0.09332666, 0.06023026, 0.55610108, 0.92891091, 0.75605410)
(0.05659433, 0.19900459, 0.55794734, 0.40777251, 0.18269444, 0.96218669, 0.32390359, 0.57973421, 0.41945505, 0.47160977)
(0.33522370, 0.32910702, 0.06421602, 0.64004004, 0.28047100, 0.82471424, 0.25442889, 0.91054779, 0.28654686, 0.29929385)
(0.78001267, 0.67710096, 0.07935511, 0.21763378, 0.36560389, 0.45065096, 0.65890694, 0.95151740, 0.09184691, 0.27262118)
(0.27810919, 0.33059376, 0.25285959, 0.32232577, 0.11291368, 0.93619663, 0.27127796, 0.86999524, 0.77909243, 0.28669220)
(0.41885740, 0.37074158, 0.52042490, 0.66948915, 0.90215015, 0.26135072, 0.23679252, 0.27852067, 0.31628236, 0.76902509)
(0.86036509, 0.25909066, 0.50629878, 0.10500301, 0.40131018, 0.86237544, 0.16800106, 0.91338885, 0.59039336, 0.07088877)
(0.91973531, 0.04862421, 0.71280986, 0.07739738, 0.52922446, 0.94796407, 0.33861053, 0.64252055, 0.34876263, 0.24241315)
(0.64534992, 0.53541607, 0.11886854, 0.66535187, 0.40200979, 0.40354124, 0.96012890, 0.46388382, 0.72911167, 0.75040132)
(0.04874261, 0.24226847, 0.89505988, 0.35217008, 0.51782739, 0.27498224, 0.10059561, 0.32168490, 0.72569120, 0.02865615)
(0.20014465, 0.35391173, 0.81133121, 0.47440448, 0.41675293, 0.39922473, 0.19144304, 0.49156812, 0.10056899, 0.09391414)
(0.35339412, 0.86609310, 0.77697772, 0.53062427, 0.29874468, 0.11418613, 0.76568633, 0.20256707, 0.57819140, 0.53533471)
(0.56489366, 0.62543207, 0.50897259, 0.68581140, 0.25782606, 0.08574378, 0.89501446, 0.38156936, 0.41330498, 0.64157140)
(0.06337249, 0.39396667, 0.24300648, 0.41963938, 0.73357713, 0.73658448, 0.59934855, 0.79854119, 0.12313767, 0.43335280)
(0.77127022, 0.03777682, 0.48181835, 0.83190936, 0.42369798, 0.86355668, 0.40342873, 0.82446545, 0.16978687, 0.22192037)
(0.83295530, 0.44434491, 0.57792008, 0.09373012, 0.76944447, 0.73155910, 0.79639858, 0.28136843, 0.24649282, 0.06447482)
(0.23242564, 0.89273667, 0.17777452, 0.92493618, 0.18516706, 0.26678947, 0.62139910, 0.17418760, 0.73907727, 0.75043559)
(0.43448380, 0.23848563, 0.52645153, 0.74252540, 0.41775995, 0.06322246, 0.85102940, 0.39411780, 0.39631125, 0.94832414)
(0.45570058, 0.57337540, 0.72285581, 0.72759533, 0.59461164, 0.35513151, 0.52805746, 0.39918855, 0.93487048, 0.24236521)
(0.49458641, 0.57364231, 0.64811879, 0.10759842, 0.84004658, 0.70478636, 0.43521392, 0.10146008, 0.10070600, 0.79071951)
(0.66351926, 0.75200516, 0.34835476, 0.81197935, 0.82018793, 0.02071256, 0.34003630, 0.43067551, 0.93186647, 0.66681367)
(0.62219536, 0.46612981, 0.36440909, 0.08883880, 0.62739187, 0.24708608, 0.05064835, 0.15912038, 0.44600549, 0.81105512)
(0.66539919, 0.39697444, 0.87580734, 0.11335393, 0.66128647, 0.87183481, 0.22578651, 0.82008094, 0.17953771, 0.19941412)
(0.04637943, 0.58377802, 0.88343096, 0.38749370, 0.75830925, 0.17045766, 0.37428850, 0.53633261, 0.25546610, 0.15150349)
(0.73530769, 0.70514512, 0.93094838, 0.22879152, 0.55092108, 0.27359688, 0.35186011, 0.21312419, 0.50955808, 0.21911231)
(0.41213346, 0.51922691, 0.79684013, 0.02201768, 0.83926290, 0.22463174, 0.23091403, 0.14485516, 0.95145905, 0.05666763)
(0.20070539, 0.66610396, 0.12857382, 0.79860419, 0.47069749, 0.71890736, 0.56532604, 0.20975596, 0.07771135, 0.06367784)
(0.89945793, 0.68096966, 0.37071288, 0.74104941, 0.96330041, 0.49602851, 0.49465957, 0.44011223, 0.27757403, 0.66137862)
(0.56992018, 0.84577322, 0.10522928, 0.77610087, 0.35907787, 0.35922548, 0.73283845, 0.84691536, 0.04922676, 0.87898844)
(0.66764361, 0.24450481, 0.33803761, 0.31201550, 0.42404032, 0.87084728, 0.57931978, 0.58504754, 0.08426288, 0.09335642)
(0.37742457, 0.59439683, 0.01849581, 0.66473895, 0.30004776, 0.82050055, 0.27745810, 0.63058442, 0.11225874, 0.38661224)
(0.64652890, 0.72984183, 0.27606499, 0.47816494, 0.80200636, 0.64253569, 0.92018986, 0.31996331, 0.18627484, 0.19132444)
(0.85225183, 0.72973609, 0.80328476, 0.63100392, 0.42263219, 0.59770781, 0.79797459, 0.50332248, 0.07401551, 0.48135874)
(0.04915012, 0.47752777, 0.41353226, 0.51012677, 0.92298496, 0.25614956, 0.54732621, 0.12428307, 0.68361890, 0.33537117)
(0.17451350, 0.60353512, 0.10251414, 0.63964522, 0.54407895, 0.45427945, 0.17856893, 0.16894594, 0.88347471, 0.91606492)
(0.16035667, 0.52838546, 0.18317565, 0.49687645, 0.61791372, 0.89292157, 0.51358944, 0.82403064, 0.06670944, 0.13397339)
(0.87947065, 0.13749060, 0.74910259, 0.73543161, 0.37714091, 0.92721379, 0.19914190, 0.71213877, 0.31581101, 0.32721666)
(0.29107341, 0.14402047, 0.19709003, 0.68151271, 0.29164672, 0.72321719, 0.19841355, 0.09177600, 0.27881387, 0.68828386)
(0.91952342, 0.21711469, 0.47630844, 0.82548624, 0.66128069, 0.74968588, 0.04886618, 0.75448978, 0.68136239, 0.80307841)
(0.03856404, 0.25999585, 0.60954964, 0.06472215, 0.59811771, 0.34075278, 0.09384467, 0.37686083, 0.46622887, 0.07720914)
(0.65060925, 0.06178716, 0.54014486, 0.30447429, 0.51193440, 0.75506884, 0.50128168, 0.04720103, 0.06171225, 0.86293751)
(0.77265638, 0.20358683, 0.69527775, 0.19201089, 0.52117354, 0.92908180, 0.13074191, 0.11193546, 0.34379166, 0.85507613)
(0.22975685, 0.39089811, 0.06063149, 0.56315875, 0.48445839, 0.53714412, 0.83207768, 0.15710871, 0.83561325, 0.72293019)
(0.35084328, 0.86003000, 0.84820062, 0.23252672, 0.50059646, 0.52737421, 0.33678168, 0.31154975, 0.09949777, 0.06479745)
(0.79623860, 0.89519268, 0.52630967, 0.76818430, 0.70709884, 0.86800277, 0.46528974, 0.58063835, 0.11126637, 0.70180517)
(0.14287905, 0.58715785, 0.20863177, 0.59685200, 0.81355625, 0.68255782, 0.51954377, 0.39674515, 0.07142831, 0.74909657)
(0.33555451, 0.40209800, 0.66346526, 0.10260224, 0.23242688, 0.77595371, 0.22990701, 0.93758565, 0.33670929, 0.22773397)
(0.67973685, 0.44812885, 0.59460568, 0.86557174, 0.75476474, 0.91965157, 0.19838572, 0.50346416, 0.17090864, 0.54493064)
(0.88986075, 0.51194412, 0.90199941, 0.79170990, 0.19261946, 0.19921437, 0.51521969, 0.38911802, 0.07543679, 0.83451313)
(0.48211610, 0.54036802, 0.32969806, 0.50987059, 0.88674933, 0.23810910, 0.35708788, 0.48885688, 0.43944427, 0.63482159)
(0.30651590, 0.31955627, 0.28707591, 0.88805014, 0.58998597, 0.64037818, 0.16086988, 0.16982716, 0.16006048, 0.85282356)
(0.34130138, 0.21578668, 0.18031821, 0.13931720, 0.10097053, 0.90609503, 0.30866331, 0.90514356, 0.36851057, 0.54525459)
(0.42985022, 0.22425991, 0.83868730, 0.75833464, 0.75363684, 0.06321688, 0.45001301, 0.36949643, 0.10883756, 0.97626877)
(0.94042552, 0.30034557, 0.32242867, 0.42024088, 0.62241745, 0.58410168, 0.76640850, 0.43060657, 0.11769654, 0.51561099)
(0.85890120, 0.40790123, 0.61198097, 0.90505624, 0.63647723, 0.43314332, 0.82857150, 0.39026484, 0.61428183, 0.90066582)
(0.79215562, 0.29988861, 0.45100993, 0.47751525, 0.09949645, 0.90786010, 0.16816285, 0.23058780, 0.42794210, 0.87225366)
(0.73978496, 0.15420103, 0.55978239, 0.33447355, 0.34301385, 0.36579096, 0.43576142, 0.18415697, 0.04993936, 0.90155369)
(0.36281782, 0.28081486, 0.93064409, 0.46964335, 0.62062871, 0.33727354, 0.30635962, 0.56575245, 0.18236485, 0.09692647)
(0.44468579, 0.53301650, 0.46931198, 0.37941366, 0.41432506, 0.33516279, 0.18091571, 0.43176946, 0.62535501, 0.43895498)
(0.66507310, 0.82648915, 0.22950339, 0.84959894, 0.41106418, 0.18457206, 0.93689382, 0.56756437, 0.59066886, 0.58823848)
(0.61602634, 0.66410249, 0.19442306, 0.64526659, 0.86672407, 0.39564317, 0.67186260, 0.20134349, 0.88335729, 0.19633056)
(0.37992951, 0.53985548, 0.31873989, 0.68750167, 0.47354254, 0.66354966, 0.62023044, 0.44076428, 0.07281179, 0.05101853)
(0.28848711, 0.68947947, 0.07942733, 0.58797377, 0.60272872, 0.79218346, 0.28474352, 0.23799400, 0.09057362, 0.82106221)
(0.31091210, 0.78329015, 0.55418396, 0.11474473, 0.44213262, 0.51468194, 0.04694030, 0.44386575, 0.08564378, 0.23915613)
(0.12176077, 0.45198390, 0.64584178, 0.07100666, 0.73297727, 0.58159596, 0.09592357, 0.49328968, 0.12564853, 0.30078053)
(0.11998572, 0.59454846, 0.06985197, 0.53722626, 0.69950056, 0.86014736, 0.48620075, 0.50022697, 0.38146517, 0.34742343)
(0.35832062, 0.49087682, 0.44333026, 0.65731037, 0.59011143, 0.40307930, 0.27376685, 0.04467040, 0.09570089, 0.15767616)
(0.47530034, 0.18297525, 0.74688345, 0.73714828, 0.90559596, 0.34955144, 0.66630840, 0.10093660, 0.87343609, 0.61064017)
(0.02898225, 0.34964365, 0.69404602, 0.10373945, 0.49475968, 0.29004759, 0.22461009, 0.35338956, 0.72662103, 0.04623562)
(0.58237338, 0.42186472, 0.10505331, 0.54096729, 0.79919916, 0.71659738, 0.43594241, 0.24566486, 0.14152139, 0.64395809)
(0.66758960, 0.43262672, 0.89418882, 0.44995072, 0.58645266, 0.17917046, 0.44132257, 0.31389233, 0.57395327, 0.63035744)
(0.84337413, 0.62585366, 0.73854339, 0.80750096, 0.59652990, 0.11866777, 0.50492251, 0.05680592, 0.36768225, 0.20743462)
(0.24428713, 0.42122626, 0.68100399, 0.10794607, 0.32978648, 0.64812142, 0.29885557, 0.98422539, 0.21939284, 0.28068912)
(0.60940152, 0.37861857, 0.45059606, 0.16754392, 0.29270270, 0.69310683, 0.26989076, 0.96472377, 0.33238754, 0.45543569)
(0.97245198, 0.35442898, 0.67187381, 0.48634732, 0.24972808, 0.31928703, 0.54092669, 0.19431366, 0.16723348, 0.26459286)
(0.45713294, 0.59883672, 0.22687051, 0.43265444, 0.41036105, 0.54321462, 0.90933990, 0.57073992, 0.46904525, 0.05710508)
(0.13014294, 0.25321859, 0.28485581, 0.86724877, 0.31056613, 0.45612922, 0.20436120, 0.14764370, 0.20180687, 0.82079375)
(0.21664557, 0.46852949, 0.22010282, 0.32170907, 0.28357735, 0.46383613, 0.53402394, 0.82931536, 0.12072166, 0.52200019)
(0.08861495, 0.48697510, 0.81892300, 0.77088016, 0.25028855, 0.39516884, 0.16517393, 0.38436690, 0.07392541, 0.38528508)
(0.56429017, 0.70919466, 0.06566208, 0.71492773, 0.24920595, 0.53808326, 0.91306901, 0.36412802, 0.11068921, 0.31798241)
(0.30423871, 0.49650976, 0.82447594, 0.79287267, 0.60754931, 0.29079095, 0.27851745, 0.66433871, 0.09466501, 0.11488237)
(0.61570704, 0.64270580, 0.42322543, 0.43975332, 0.61153877, 0.47358990, 0.93808663, 0.18590999, 0.41667712, 0.52910429)
(0.62881780, 0.37664559, 0.29550567, 0.19725443, 0.38228136, 0.44367972, 0.80339217, 0.82011366, 0.63739640, 0.43444696)
(0.09524414, 0.47082934, 0.72432476, 0.53863794, 0.51383185, 0.67813599, 0.56093770, 0.43353194, 0.07907928, 0.45351878)
(0.76618898, 0.15794331, 0.19252859, 0.30771104, 0.18198876, 0.59404099, 0.24134573, 0.60057044, 0.51752919, 0.31574914)
(0.42203096, 0.49188611, 0.24397020, 0.49624225, 0.93992722, 0.28487462, 0.69256735, 0.18829165, 0.43653530, 0.45815644)
(0.59271270, 0.13721761, 0.88440156, 0.30718818, 0.71187449, 0.81100506, 0.22435389, 0.06223464, 0.15069132, 0.79883629)
(0.20748268, 0.81734890, 0.18371816, 0.51250607, 0.30511573, 0.15157007, 0.79472584, 0.57138526, 0.65244418, 0.43638611)
(0.87345487, 0.31610858, 0.21086873, 0.40622854, 0.56538445, 0.45229185, 0.91140759, 0.24274278, 0.43885177, 0.64534646)
(0.28466439, 0.31360561, 0.76850104, 0.43271527, 0.83019382, 0.05885838, 0.60884613, 0.53979629, 0.74424547, 0.75814557)
(0.55807167, 0.40782461, 0.67004961, 0.63588780, 0.52652431, 0.34903035, 0.01915378, 0.22005412, 0.95284939, 0.25938433)
(0.84958553, 0.32109696, 0.14335956, 0.53211790, 0.45843247, 0.61711568, 0.66024601, 0.64583045, 0.06486156, 0.49608189)
(0.22618163, 0.70410657, 0.80165321, 0.71243298, 0.90672755, 0.56882596, 0.07726854, 0.75351512, 0.15836143, 0.45704263)
(0.18407923, 0.25543654, 0.33736360, 0.60605705, 0.27653801, 0.22065821, 0.21974225, 0.16257690, 0.83668107, 0.82776415)
(0.04456062, 0.46818191, 0.32724375, 0.73864824, 0.92867357, 0.32952550, 0.48708698, 0.13958409, 0.41125074, 0.39936230)
(0.77839023, 0.69440264, 0.68610793, 0.38860184, 0.80409288, 0.65195364, 0.80833030, 0.03989997, 0.87110150, 0.42240062)
(0.35115045, 0.34067261, 0.60431284, 0.71117455, 0.74980384, 0.44330353, 0.19427903, 0.39214674, 0.30924717, 0.93483782)
(0.29036734, 0.41794190, 0.24321796, 0.71128905, 0.53934771, 0.60303396, 0.31269780, 0.47069466, 0.07536767, 0.19553915)
(0.70417303, 0.09263869, 0.31337711, 0.45618376, 0.33644816, 0.37478414, 0.91481107, 0.60234296, 0.64800352, 0.69427419)
(0.43170360, 0.26630175, 0.48877963, 0.49426702, 0.85207272, 0.22619437, 0.57825875, 0.09978885, 0.27633846, 0.72991186)
(0.62140089, 0.52038211, 0.61020982, 0.03690479, 0.52064645, 0.84431976, 0.78022015, 0.58153909, 0.31790334, 0.03891035)
(0.11440941, 0.28283086, 0.20284678, 0.50382084, 0.37363330, 0.27915230, 0.82160813, 0.13612074, 0.82707727, 0.72396302)
(0.12846272, 0.32987770, 0.74985981, 0.47821546, 0.33982381, 0.65371817, 0.63701153, 0.83483690, 0.14850512, 0.28813517)
(0.61087269, 0.10854784, 0.62025994, 0.30114937, 0.56199813, 0.46603471, 0.61843443, 0.16004287, 0.05588840, 0.80495012)
(0.12631907, 0.78459984, 0.58976942, 0.05452028, 0.62267596, 0.36283156, 0.28591189, 0.41279778, 0.27272266, 0.19351381)
(0.27664113, 0.72764820, 0.55225402, 0.74708599, 0.85470039, 0.04409255, 0.39963472, 0.49080044, 0.18776174, 0.60300583)
(0.81487739, 0.32406124, 0.48001981, 0.62653810, 0.55116695, 0.27363014, 0.80783033, 0.10655325, 0.12863079, 0.90999383)
(0.92669910, 0.35186261, 0.35524109, 0.14318393, 0.36328784, 0.50228858, 0.83557492, 0.18306011, 0.08519824, 0.61374050)
(0.54755217, 0.03152473, 0.84510291, 0.56266236, 0.17766605, 0.68680274, 0.69098896, 0.84821510, 0.39260045, 0.63305306)
(0.51733726, 0.79990345, 0.50583524, 0.84779042, 0.95939583, 0.35120568, 0.72388864, 0.24693988, 0.70537221, 0.75632691)
(0.69774437, 0.32371154, 0.68379909, 0.51471156, 0.53569895, 0.19833100, 0.11622436, 0.40807810, 0.08278032, 0.69315225)
(0.25761664, 0.21033488, 0.09671271, 0.25943738, 0.22170627, 0.85745084, 0.50153357, 0.44958439, 0.10531569, 0.41675994)
(0.21490975, 0.52623314, 0.53568327, 0.58631450, 0.97757894, 0.46605572, 0.81049621, 0.54488915, 0.18455288, 0.17051454)
(0.84851229, 0.89525461, 0.48245570, 0.93364573, 0.64488095, 0.47327194, 0.56646746, 0.74478567, 0.31233290, 0.35157949)
(0.19061697, 0.42208618, 0.76577032, 0.67718792, 0.89246380, 0.61832607, 0.74900913, 0.21700245, 0.33482087, 0.63983774)
(0.68279684, 0.71969426, 0.88598645, 0.08000116, 0.80960661, 0.42138460, 0.36928672, 0.26442015, 0.43417260, 0.13545866)
(0.52445608, 0.38269636, 0.11930405, 0.45898199, 0.16208817, 0.76541728, 0.41409078, 0.88833636, 0.06249522, 0.51558286)
(0.38624731, 0.20662084, 0.46038333, 0.32293290, 0.72533464, 0.82172292, 0.42538184, 0.12525819, 0.05938700, 0.51602662)
(0.47595090, 0.64706850, 0.40748402, 0.05675066, 0.32840827, 0.64127380, 0.67538732, 0.94920158, 0.19750115, 0.15902126)
(0.21784341, 0.88321739, 0.62390864, 0.07535954, 0.37605944, 0.53696835, 0.60730070, 0.88598251, 0.46015316, 0.27329469)
(0.29810172, 0.44180194, 0.87048560, 0.81518513, 0.64720511, 0.01362271, 0.70932096, 0.51900035, 0.68576729, 0.97671700)
(0.51150185, 0.56596982, 0.69222194, 0.71134871, 0.11390456, 0.37090021, 0.51803738, 0.06690614, 0.72597927, 0.72762740)
(0.19716008, 0.28034955, 0.42801127, 0.74333501, 0.39305842, 0.76690537, 0.31962761, 0.95128793, 0.27246729, 0.09236678)
(0.11619106, 0.36504874, 0.36755893, 0.69458127, 0.58600956, 0.17324707, 0.50486463, 0.07545284, 0.33578852, 0.27531436)
(0.69265956, 0.46064499, 0.67672199, 0.07385693, 0.35618910, 0.70253956, 0.16527575, 0.92154199, 0.47015741, 0.21375835)
(0.41425666, 0.84282124, 0.57962352, 0.42763370, 0.35561067, 0.43195209, 0.46333256, 0.52958858, 0.07570551, 0.08457172)
(0.91418117, 0.47029391, 0.30402607, 0.08287366, 0.59830248, 0.73914552, 0.87319362, 0.12336341, 0.06484858, 0.84521699)
(0.68961209, 0.50999278, 0.48846838, 0.35049227, 0.68576229, 0.41694599, 0.90121371, 0.07111913, 0.64032632, 0.80148888)
(0.53363913, 0.33872786, 0.59427416, 0.72133046, 0.03026341, 0.67601818, 0.08604987, 0.90849268, 0.26874584, 0.08017153)
(0.67949194, 0.28682426, 0.77009749, 0.36335805, 0.34315589, 0.56428134, 0.07521655, 0.44286430, 0.44344172, 0.88031298)
(0.57963413, 0.80261219, 0.08037149, 0.62464380, 0.60960126, 0.61621660, 0.82150501, 0.37101993, 0.88007265, 0.56002903)
(0.56602597, 0.44570899, 0.43323427, 0.67119992, 0.97401834, 0.35601467, 0.46835682, 0.28315622, 0.17897677, 0.87315601)
(0.55497885, 0.39295340, 0.39667049, 0.46087101, 0.17413320, 0.81024325, 0.13899611, 0.33667415, 0.10955816, 0.18708023)
(0.22667576, 0.96501255, 0.84213656, 0.78191853, 0.36996862, 0.30642316, 0.41537851, 0.48018041, 0.66457021, 0.13661015)
(0.51940960, 0.06249732, 0.42969769, 0.37577999, 0.12985238, 0.44115183, 0.82594401, 0.36736116, 0.64702356, 0.75714940)
(0.33918858, 0.77492398, 0.48452502, 0.87784457, 0.48373571, 0.37393206, 0.70098466, 0.18905443, 0.73962915, 0.81428891)
(0.48259676, 0.85096753, 0.90494615, 0.21414921, 0.65083754, 0.30456978, 0.40045729, 0.36880848, 0.18754408, 0.09699789)
(0.67325294, 0.75158811, 0.49149013, 0.67663437, 0.89322281, 0.51181680, 0.86086768, 0.26442251, 0.75147480, 0.56035566)
(0.57843959, 0.25896066, 0.53399193, 0.86723769, 0.61882150, 0.55440187, 0.09318975, 0.45819056, 0.51084876, 0.92328233)
(0.20381036, 0.73828292, 0.75951469, 0.16484179, 0.68999374, 0.47211078, 0.56167406, 0.45703557, 0.29841998, 0.16641091)
(0.70006818, 0.15873732, 0.57505590, 0.69918537, 0.73288298, 0.30521005, 0.62797737, 0.16639346, 0.16648397, 0.91160196)
(0.81047839, 0.46142110, 0.56728327, 0.43716455, 0.56577933, 0.42740718, 0.87487137, 0.06336832, 0.28324741, 0.87742901)
(0.36694461, 0.83560032, 0.81458533, 0.53230369, 0.57554877, 0.39112857, 0.65774935, 0.45849881, 0.91383046, 0.45415282)
(0.58656979, 0.81165469, 0.59013879, 0.89352512, 0.39711326, 0.25319043, 0.69749635, 0.25545895, 0.96524829, 0.43718356)
(0.85686612, 0.21256378, 0.45916733, 0.22237477, 0.58124667, 0.86980534, 0.40973967, 0.78496313, 0.21059494, 0.19091211)
(0.49640059, 0.34601033, 0.70531821, 0.84997541, 0.35286734, 0.48459899, 0.50868064, 0.14219137, 0.84649199, 0.74237454)
(0.71842462, 0.05721698, 0.95961511, 0.38223678, 0.01354169, 0.48786259, 0.75636864, 0.61992919, 0.19993743, 0.87931722)
(0.04596162, 0.24380641, 0.28689212, 0.11501142, 0.48998770, 0.33675930, 0.17143896, 0.22861677, 0.51378673, 0.09732755)
(0.44594538, 0.40468690, 0.83754212, 0.87678254, 0.53466988, 0.13493577, 0.83750010, 0.50973976, 0.33773673, 0.98653167)
(0.38577840, 0.52626568, 0.59623384, 0.45839754, 0.53470516, 0.38533437, 0.51394409, 0.12042203, 0.14008789, 0.72313982)
(0.15882055, 0.15421849, 0.62344134, 0.81196356, 0.43457648, 0.42397928, 0.24164094, 0.52361763, 0.42546603, 0.84743166)
(0.57756686, 0.57376593, 0.38545656, 0.63120794, 0.57090443, 0.09688970, 0.33222809, 0.35693768, 0.15103602, 0.28091472)
(0.24749945, 0.44950619, 0.74662584, 0.42791227, 0.43346411, 0.30786207, 0.22923131, 0.18042910, 0.90702438, 0.10709857)
(0.12909698, 0.30919728, 0.48796919, 0.41356149, 0.21977390, 0.92819142, 0.45646778, 0.55192953, 0.16071950, 0.51891840)
(0.47505131, 0.75291389, 0.61020136, 0.68874538, 0.36273938, 0.31215575, 0.16219480, 0.58119571, 0.06405966, 0.32708225)
(0.12981527, 0.95401651, 0.61814153, 0.69219834, 0.71167058, 0.04523559, 0.27461955, 0.43258616, 0.42484489, 0.41534463)
(0.08858147, 0.19472006, 0.60657734, 0.80357915, 0.17218301, 0.92025983, 0.17105596, 0.83812147, 0.74382001, 0.86002707)
(0.79915720, 0.47954467, 0.62776273, 0.08192967, 0.05972939, 0.66420007, 0.92591935, 0.63991618, 0.66749102, 0.58253467)
(0.57373995, 0.20038110, 0.86795241, 0.52109998, 0.24777719, 0.16064370, 0.60925734, 0.45406175, 0.05010981, 0.90119344)
(0.74340624, 0.42040637, 0.66233659, 0.91328365, 0.51996744, 0.13558772, 0.93727559, 0.26711500, 0.40678871, 0.85421264)
(0.94141191, 0.21315223, 0.66350132, 0.57003969, 0.08312184, 0.88241225, 0.08514088, 0.83072907, 0.58981127, 0.50822359)
(0.83146775, 0.68795508, 0.29586464, 0.25138548, 0.21682955, 0.56392580, 0.88309789, 0.76820725, 0.31535730, 0.06696308)
(0.47531003, 0.20559342, 0.68705416, 0.75545245, 0.98512381, 0.19824830, 0.55051374, 0.26214671, 0.52458519, 0.30161986)
(0.14881422, 0.38153157, 0.13048549, 0.62616718, 0.76777285, 0.62796998, 0.46381837, 0.08614103, 0.13270506, 0.59500378)
(0.41034201, 0.24920343, 0.32615599, 0.65852618, 0.68057245, 0.74747479, 0.31482998, 0.12457874, 0.07878730, 0.63549560)
(0.14210691, 0.17252320, 0.57926530, 0.21259581, 0.34356177, 0.87036562, 0.75757492, 0.18495503, 0.16125160, 0.40564567)
(0.54997772, 0.38308355, 0.88038307, 0.05830738, 0.79491621, 0.94525397, 0.81224906, 0.43398133, 0.18354140, 0.06329498)
(0.72078985, 0.64638025, 0.15106165, 0.82088256, 0.80247200, 0.57907408, 0.86758065, 0.18293619, 0.87487537, 0.89992696)
(0.77116656, 0.86515450, 0.68733561, 0.02584377, 0.61742717, 0.65769833, 0.22255082, 0.70052165, 0.05017531, 0.78504282)
(0.42528501, 0.24276540, 0.70749974, 0.78380632, 0.76516265, 0.67577004, 0.81478155, 0.04561259, 0.87834889, 0.25888562)
(0.91805810, 0.28733930, 0.39850545, 0.53374779, 0.65331686, 0.49898663, 0.86361504, 0.22527184, 0.43463454, 0.34825438)
(0.32862231, 0.43919110, 0.52566236, 0.19980067, 0.18939106, 0.70703036, 0.12350884, 0.89993024, 0.51077878, 0.45389560)
(0.42498371, 0.07692423, 0.18991466, 0.30483577, 0.06037124, 0.65002906, 0.24561758, 0.56234378, 0.68938690, 0.52280152)
(0.46938929, 0.52185982, 0.72147095, 0.22782896, 0.24099214, 0.21427532, 0.70851570, 0.26379439, 0.54835600, 0.81653297)
(0.83724093, 0.46378869, 0.74345934, 0.53654152, 0.19871083, 0.66770899, 0.04327001, 0.76143688, 0.56210208, 0.27366289)
(0.53287154, 0.34225726, 0.15212028, 0.10930628, 0.38669363, 0.77127755, 0.51924926, 0.98245656, 0.12282994, 0.38510507)
(0.63534909, 0.79395109, 0.78498125, 0.53344142, 0.15890720, 0.55287635, 0.00709668, 0.48136228, 0.16848400, 0.86051577)
(0.07069174, 0.83002204, 0.76837683, 0.08913078, 0.59607106, 0.59778029, 0.23268957, 0.20027535, 0.89394766, 0.14279932)
(0.44859263, 0.62762552, 0.59343034, 0.30432832, 0.38660184, 0.54519856, 0.54050684, 0.28846100, 0.80979162, 0.15987390)
(0.85853982, 0.56242847, 0.61605459, 0.79211253, 0.16970077, 0.20209056, 0.79917377, 0.17031232, 0.55018938, 0.49782699)
(0.58055866, 0.87352031, 0.31822184, 0.59176081, 0.93822861, 0.58756274, 0.77127308, 0.68559515, 0.21787886, 0.10494520)
(0.06962653, 0.64496261, 0.74395531, 0.40372688, 0.66591632, 0.47527373, 0.78774226, 0.66399825, 0.55576223, 0.08720725)
(0.75872600, 0.45770279, 0.36952832, 0.65238512, 0.72853190, 0.13222200, 0.60604781, 0.20553350, 0.79004031, 0.59471250)
(0.81849438, 0.93265253, 0.76913297, 0.02945738, 0.74862546, 0.41489312, 0.39626664, 0.57496095, 0.40780684, 0.38859677)
(0.54223055, 0.44262052, 0.57630706, 0.33322108, 0.47591662, 0.44978368, 0.05692031, 0.40956888, 0.43713835, 0.41778654)
(0.15530699, 0.71700662, 0.76788211, 0.68973327, 0.31661439, 0.42910799, 0.79775786, 0.74483842, 0.26955330, 0.07853992)
(0.35792559, 0.63134038, 0.81491470, 0.36109573, 0.39822826, 0.46156907, 0.59952956, 0.46084547, 0.04115277, 0.66147745)
(0.69334698, 0.69042152, 0.21928768, 0.69245249, 0.65614974, 0.56715280, 0.77049571, 0.18899994, 0.33245769, 0.49064633)
(0.52101636, 0.20815268, 0.47026595, 0.52422231, 0.15027583, 0.38949075, 0.91427135, 0.36554369, 0.30602640, 0.82010621)
(0.38058686, 0.78240263, 0.23204842, 0.33261538, 0.53656411, 0.62776446, 0.29384318, 0.13160565, 0.92975229, 0.79594457)
(0.75365293, 0.36208671, 0.50673383, 0.37578526, 0.70391327, 0.55927747, 0.34854373, 0.05284478, 0.09740637, 0.78985399)
(0.59578663, 0.53570890, 0.77144706, 0.64180183, 0.50688034, 0.04656803, 0.27778608, 0.47715759, 0.94368780, 0.93014503)
(0.84737539, 0.28605717, 0.04558882, 0.43713889, 0.49830264, 0.33635706, 0.50142658, 0.83094692, 0.17223719, 0.20100324)
(0.00933861, 0.62972015, 0.94653141, 0.55200875, 0.76398540, 0.28440762, 0.12845117, 0.57129854, 0.84257454, 0.08752047)
(0.42221275, 0.74925083, 0.62136155, 0.78127873, 0.43498287, 0.38248223, 0.58098948, 0.09020571, 0.05031637, 0.44805980)
(0.23545112, 0.24229641, 0.47310460, 0.67588949, 0.23123474, 0.62353528, 0.94268620, 0.19698511, 0.69075209, 0.90964937)
(0.16157091, 0.85087258, 0.25005770, 0.22393642, 0.32862788, 0.38012880, 0.93413240, 0.52583021, 0.26898023, 0.23734103)
(0.75726885, 0.60623020, 0.94818729, 0.59876323, 0.31616604, 0.37230274, 0.42702377, 0.19918931, 0.64749712, 0.42311966)
(0.52296329, 0.62897176, 0.86181456, 0.03001069, 0.93074054, 0.41883817, 0.41239536, 0.20921376, 0.77607507, 0.11402430)
(0.71222430, 0.20038623, 0.25304091, 0.51186442, 0.19358477, 0.72612900, 0.15595998, 0.55544442, 0.61482328, 0.95188105)
(0.62386525, 0.17525207, 0.30673108, 0.45515409, 0.48594403, 0.68722385, 0.42996117, 0.28590497, 0.25570619, 0.83880073)
(0.42473415, 0.18935515, 0.60742217, 0.05259629, 0.56633383, 0.54962867, 0.68990707, 0.47384936, 0.23096026, 0.96078169)
(0.75257343, 0.46138239, 0.11873087, 0.71419674, 0.43068418, 0.83186567, 0.54755175, 0.67368877, 0.07386943, 0.30946618)
(0.32067588, 0.24201389, 0.94268912, 0.36165988, 0.44990692, 0.23359631, 0.87125713, 0.35101891, 0.39956126, 0.90420002)
(0.20041801, 0.57270235, 0.86945194, 0.84356910, 0.91255468, 0.46336627, 0.10595363, 0.39363235, 0.97018784, 0.28710851)
(0.68009555, 0.48237109, 0.88239706, 0.83400655, 0.66018122, 0.48653281, 0.04350385, 0.35352987, 0.24350327, 0.81720823)
(0.62169600, 0.53446507, 0.82155871, 0.09377539, 0.25364977, 0.04700533, 0.57489640, 0.37872928, 0.46725175, 0.78614968)
(0.76229262, 0.68437129, 0.33304223, 0.76844156, 0.96076620, 0.16034073, 0.57488018, 0.38864702, 0.44296050, 0.22766282)
(0.41228408, 0.46997458, 0.40360737, 0.41537324, 0.23102406, 0.83100104, 0.87623835, 0.33161649, 0.91313243, 0.27889565)
(0.53827870, 0.66109425, 0.93285114, 0.57664227, 0.52436537, 0.01262966, 0.36948177, 0.46886489, 0.89918035, 0.93263525)
(0.57188582, 0.52973402, 0.68558854, 0.04753646, 0.83980876, 0.11168972, 0.45721328, 0.36418769, 0.73580629, 0.14362426)
(0.72362721, 0.57256860, 0.53994578, 0.49065518, 0.12583113, 0.87655401, 0.67429042, 0.81644768, 0.08331692, 0.56782675)
(0.21910311, 0.85449553, 0.73412454, 0.38766891, 0.24586383, 0.59830791, 0.14656430, 0.13499017, 0.88447315, 0.21629766)
(0.16352673, 0.24058390, 0.47161284, 0.64992982, 0.55711198, 0.75164956, 0.36733222, 0.05428816, 0.13777910, 0.72692358)
(0.47927800, 0.49302828, 0.87103337, 0.39798313, 0.60793966, 0.00754466, 0.19392990, 0.59375930, 0.29230851, 0.71636158)
(0.28851750, 0.56099838, 0.39150462, 0.56939721, 0.59107256, 0.75411707, 0.57725537, 0.14336455, 0.06412441, 0.16846995)
(0.27045199, 0.68081862, 0.70110536, 0.71940440, 0.29844138, 0.65692222, 0.20661454, 0.08678024, 0.85051370, 0.12438373)
(0.93544626, 0.17615095, 0.59227598, 0.85938215, 0.71446651, 0.45431241, 0.48186049, 0.47803077, 0.13746400, 0.30555362)
(0.05417398, 0.27141806, 0.59900928, 0.48554453, 0.56748790, 0.89288300, 0.61433309, 0.23113386, 0.08018181, 0.24133687)
(0.89382797, 0.52117991, 0.68918180, 0.43641916, 0.74121231, 0.70834160, 0.59535897, 0.09556039, 0.13852948, 0.53022164)
(0.01074587, 0.52534276, 0.45159227, 0.11445630, 0.53653067, 0.43969911, 0.20940633, 0.45947900, 0.70598859, 0.35825768)
(0.90027273, 0.28044626, 0.33283257, 0.61020881, 0.42038846, 0.20280991, 0.29222652, 0.06009741, 0.03464720, 0.76558828)
(0.91773134, 0.22332534, 0.43963441, 0.73663968, 0.24438001, 0.25090104, 0.91426718, 0.10183614, 0.36669326, 0.78814816)
(0.08129568, 0.79716796, 0.48887989, 0.14988883, 0.39236245, 0.39892501, 0.51876569, 0.74568665, 0.04516109, 0.36195144)
(0.36128652, 0.78207129, 0.23481005, 0.64834058, 0.76136506, 0.12681356, 0.75790644, 0.53022051, 0.85862482, 0.75011170)
(0.77833337, 0.64683294, 0.35963839, 0.75815672, 0.96401936, 0.16227493, 0.35989061, 0.31510377, 0.37520450, 0.47032723)
(0.21274488, 0.32577202, 0.71561575, 0.93462378, 0.97933286, 0.46724018, 0.31556416, 0.47949070, 0.14733842, 0.26703492)
(0.15448229, 0.48843265, 0.15642488, 0.75183636, 0.91598088, 0.62436521, 0.30807695, 0.16622196, 0.19945726, 0.38297340)
(0.64686108, 0.43267277, 0.43870032, 0.17664555, 0.50504315, 0.81618953, 0.29964465, 0.95775652, 0.26195347, 0.12493722)
(0.36061239, 0.62053382, 0.24549970, 0.52242988, 0.85388231, 0.66466087, 0.50742567, 0.52670389, 0.03339992, 0.47011733)
(0.76597857, 0.59953588, 0.86552137, 0.42063361, 0.57990986, 0.18589677, 0.39549902, 0.49901763, 0.50911504, 0.63240373)
(0.62428451, 0.90870357, 0.61504519, 0.95147413, 0.82566160, 0.33259585, 0.59859353, 0.30064186, 0.88951194, 0.80472004)
(0.90246850, 0.20536335, 0.11615680, 0.54041749, 0.74984646, 0.71027678, 0.47135693, 0.21719073, 0.17467619, 0.23047179)
(0.86723363, 0.58739048, 0.29252583, 0.68493897, 0.91258848, 0.42556009, 0.80297565, 0.56981021, 0.23436928, 0.32347450)
(0.11379205, 0.18604125, 0.33171019, 0.77340549, 0.44627330, 0.55441582, 0.25183299, 0.18566649, 0.30474252, 0.58478373)
(0.53410804, 0.32533628, 0.35335937, 0.09166100, 0.07288250, 0.85386777, 0.31119958, 0.62218565, 0.25270346, 0.14770159)
(0.79732430, 0.33388427, 0.49332854, 0.39051819, 0.58785254, 0.68739080, 0.88801235, 0.10125314, 0.60410368, 0.24502204)
(0.54245973, 0.85481918, 0.60628438, 0.51362818, 0.83056545, 0.40385470, 0.84505576, 0.27551851, 0.71341538, 0.33204356)
(0.82750106, 0.60306275, 0.64299875, 0.53812832, 0.46799165, 0.36638635, 0.86104822, 0.14015006, 0.55410635, 0.77364057)
(0.35116163, 0.86698592, 0.35240725, 0.64393604, 0.56138539, 0.57125562, 0.27945316, 0.58872038, 0.10280231, 0.38298264)
(0.90512991, 0.41719016, 0.75856858, 0.10006726, 0.68308681, 0.48858285, 0.06532190, 0.40085793, 0.14176115, 0.36402100)
(0.62932259, 0.39920598, 0.33125317, 0.21821435, 0.50182635, 0.75050640, 0.44953397, 0.70873386, 0.10156628, 0.37923211)
(0.78549463, 0.30165797, 0.37988499, 0.36836132, 0.30515942, 0.84732705, 0.44624671, 0.32636416, 0.14381948, 0.47914958)
(0.53446811, 0.39792415, 0.81976622, 0.25347018, 0.64184278, 0.69749433, 0.63865340, 0.66599280, 0.13519913, 0.10212447)
(0.47315523, 0.75987160, 0.77247971, 0.56366336, 0.69963253, 0.02848478, 0.25963360, 0.48392251, 0.55230623, 0.41558960)
(0.38798907, 0.80286807, 0.83716798, 0.93460196, 0.91721648, 0.57989907, 0.37189472, 0.24073662, 0.78068292, 0.39438424)
(0.31995031, 0.39298800, 0.16571282, 0.56469738, 0.82902664, 0.50820053, 0.67162853, 0.10619205, 0.19133992, 0.49602336)
(0.93505371, 0.43345377, 0.45742893, 0.29288909, 0.32035127, 0.63654858, 0.81341141, 0.34601954, 0.30306116, 0.27002400)
(0.71038210, 0.65196186, 0.91562378, 0.62729615, 0.44229987, 0.10881899, 0.18938977, 0.32359576, 0.90906584, 0.54228747)
(0.65622663, 0.72305661, 0.91538918, 0.87821573, 0.58068430, 0.28738496, 0.41226366, 0.34688312, 0.75258774, 0.43458471)
(0.54479963, 0.80309129, 0.67271817, 0.09955687, 0.42019433, 0.55929339, 0.67223781, 0.75279820, 0.56027341, 0.23208635)
(0.93015188, 0.51686031, 0.51939440, 0.81605858, 0.43696564, 0.16785225, 0.68387961, 0.17451410, 0.25257781, 0.23926102)
(0.79449612, 0.58641469, 0.85483438, 0.33593303, 0.36981881, 0.04444411, 0.23380135, 0.41922510, 0.86503416, 0.49582022)
(0.83856410, 0.04226277, 0.32306847, 0.65799659, 0.17821003, 0.76309848, 0.17935793, 0.28061810, 0.27409321, 0.36025226)
(0.72523379, 0.57798618, 0.70991969, 0.14306396, 0.54440737, 0.68301356, 0.09263628, 0.95495635, 0.37611243, 0.49428245)
(0.71978176, 0.54365134, 0.46515620, 0.45225301, 0.63398802, 0.44652233, 0.92236620, 0.52017015, 0.26581070, 0.60037237)
(0.48724467, 0.43363869, 0.04819200, 0.41800436, 0.30842352, 0.82519621, 0.28490189, 0.17231523, 0.18732537, 0.44148430)
(0.44545665, 0.85989642, 0.72766036, 0.87563676, 0.18033293, 0.15341048, 0.35324779, 0.42521060, 0.80966133, 0.32029012)
(0.54567969, 0.16676092, 0.85264647, 0.60433155, 0.28542709, 0.09487732, 0.81657046, 0.34848282, 0.25738576, 0.91762608)
(0.02853902, 0.47733474, 0.53234327, 0.76710600, 0.64787930, 0.83020264, 0.44065711, 0.63115311, 0.09336383, 0.56141400)
(0.70578992, 0.63363421, 0.85260373, 0.03549466, 0.55955076, 0.17301822, 0.43109283, 0.23255333, 0.51398671, 0.75507063)
(0.01550922, 0.88445842, 0.82349205, 0.25615764, 0.65014571, 0.61776161, 0.40430245, 0.50587404, 0.57210755, 0.18172556)
(0.08444965, 0.48686162, 0.77160454, 0.13869433, 0.83485723, 0.33671215, 0.57259488, 0.67230898, 0.40668312, 0.23992503)
(0.26492581, 0.14962849, 0.17982014, 0.64380854, 0.26345575, 0.68178123, 0.15971586, 0.15438737, 0.32830673, 0.76685399)
(0.86853069, 0.27418083, 0.23889703, 0.63197893, 0.04987435, 0.70962429, 0.06186748, 0.85788500, 0.46715948, 0.24150655)
(0.28666168, 0.57089865, 0.31415650, 0.46107131, 0.42713407, 0.16518842, 0.16273794, 0.39387050, 0.64208835, 0.26559570)
(0.72473478, 0.37237650, 0.15989611, 0.64162147, 0.63993436, 0.32462212, 0.93441087, 0.40272000, 0.35155687, 0.79774570)
(0.65133321, 0.78127402, 0.90012318, 0.67670929, 0.30810353, 0.03510860, 0.22824594, 0.31726816, 0.68985146, 0.54018903)
(0.78954720, 0.32064173, 0.63235509, 0.35512620, 0.11520144, 0.32812166, 0.04270148, 0.75811195, 0.25397316, 0.12487378)
(0.43749645, 0.13331486, 0.93755955, 0.51633561, 0.48103634, 0.09685746, 0.57866907, 0.31252509, 0.04686886, 0.86684465)
(0.32428744, 0.80976593, 0.48037708, 0.61863714, 0.25111124, 0.17580533, 0.07244439, 0.24307021, 0.92353958, 0.40732235)
(0.04688302, 0.63951492, 0.44976160, 0.83967727, 0.87336981, 0.25825024, 0.30490515, 0.13852984, 0.27101147, 0.49677429)
(0.81093776, 0.33756217, 0.53931379, 0.07877944, 0.33164960, 0.50836164, 0.15194933, 0.48410296, 0.12161515, 0.46321917)
(0.75089926, 0.70584387, 0.35703903, 0.22235315, 0.63350064, 0.65711665, 0.87548864, 0.17147598, 0.08693038, 0.74249160)
(0.87065333, 0.73673213, 0.61142808, 0.57433301, 0.62341720, 0.19713177, 0.44521284, 0.10152953, 0.19995371, 0.24691331)
(0.62071729, 0.76591074, 0.86745489, 0.90878540, 0.54584748, 0.20708837, 0.40505454, 0.52249885, 0.15207990, 0.05692183)
(0.19492385, 0.43938383, 0.68263298, 0.08756205, 0.77892911, 0.46356842, 0.12170899, 0.92874628, 0.20356449, 0.24857491)
(0.54476947, 0.03599970, 0.71090835, 0.43826565, 0.45938665, 0.38569033, 0.58447796, 0.51066476, 0.07923996, 0.83617127)
(0.42039320, 0.45232642, 0.34201878, 0.90978587, 0.47819218, 0.73860699, 0.04622100, 0.45368695, 0.48413283, 0.90003896)
(0.81178361, 0.38419330, 0.63773149, 0.22254983, 0.82827324, 0.77000016, 0.41669977, 0.06491684, 0.09588010, 0.32530281)
(0.66900116, 0.27845556, 0.88819289, 0.59252030, 0.69276488, 0.33805084, 0.42202425, 0.43758696, 0.17905964, 0.13757879)
(0.48511210, 0.97258186, 0.29489335, 0.77124256, 0.81376439, 0.40706140, 0.56573892, 0.56756657, 0.49102738, 0.31635430)
(0.94682938, 0.48717636, 0.82159817, 0.65844595, 0.56764328, 0.36338243, 0.18035164, 0.14616945, 0.07848802, 0.42048177)
(0.68751699, 0.79362994, 0.34256324, 0.32042420, 0.42236236, 0.82341337, 0.83441681, 0.40898010, 0.04835000, 0.29119831)
(0.05578298, 0.10606945, 0.76224422, 0.07352521, 0.64173150, 0.26311606, 0.29205087, 0.28931016, 0.73575759, 0.04046048)
(0.61449653, 0.26689696, 0.48085919, 0.31043914, 0.61774909, 0.36626464, 0.90353727, 0.09728380, 0.56197232, 0.85834348)
(0.64738584, 0.45766696, 0.47224474, 0.11273539, 0.49283254, 0.74328601, 0.32227820, 0.65348107, 0.15222549, 0.11282469)
(0.26859361, 0.96400070, 0.25325355, 0.78638619, 0.42038247, 0.08259887, 0.70859224, 0.40893283, 0.31685820, 0.16259214)
(0.63738561, 0.37190682, 0.41821843, 0.15968266, 0.17792846, 0.81095171, 0.61682332, 0.26866522, 0.04359681, 0.42364025)
(0.39121613, 0.19555098, 0.07190918, 0.64705002, 0.33777374, 0.56184834, 0.38365060, 0.39526597, 0.07957529, 0.32543874)
(0.70431787, 0.49699336, 0.55529535, 0.86296618, 0.70205820, 0.51819545, 0.08994298, 0.22034745, 0.13473320, 0.87477577)
(0.51272297, 0.44870538, 0.41035274, 0.87184286, 0.48289654, 0.49950707, 0.46582562, 0.63070393, 0.02539173, 0.69278377)
(0.24042884, 0.51904416, 0.74698740, 0.56673497, 0.23057745, 0.03351177, 0.39067507, 0.40195158, 0.90916419, 0.91648746)
(0.46165147, 0.26330593, 0.32870284, 0.17684582, 0.29417357, 0.91904873, 0.31269956, 0.26785111, 0.13610832, 0.54070640)
(0.40382689, 0.82877117, 0.47917312, 0.82345980, 0.47431576, 0.24132282, 0.27983567, 0.11539876, 0.96432805, 0.71923101)
(0.51052141, 0.41562477, 0.56533575, 0.30451673, 0.39778841, 0.10063407, 0.30508852, 0.45754290, 0.82929456, 0.31611747)
(0.27988836, 0.61639708, 0.73638976, 0.22802261, 0.43302149, 0.44595167, 0.22304426, 0.49573115, 0.11889764, 0.10339114)
(0.13628961, 0.22901398, 0.76077121, 0.12654163, 0.85297626, 0.34019130, 0.19299759, 0.06559144, 0.39278927, 0.33223304)
(0.73811787, 0.88685960, 0.41523194, 0.86678588, 0.86669105, 0.40749091, 0.49717093, 0.46514040, 0.30021104, 0.17520732)
(0.33391139, 0.47535366, 0.90973777, 0.69623458, 0.62746364, 0.02206842, 0.69130254, 0.56241637, 0.55683631, 0.95108300)
(0.67476511, 0.33900982, 0.69366491, 0.78965116, 0.06907435, 0.40520608, 0.80198359, 0.12520568, 0.62229800, 0.87061691)
(0.42251220, 0.50732332, 0.86834383, 0.67947853, 0.63127786, 0.02443382, 0.64205641, 0.58870512, 0.57770282, 0.96072394)
(0.20423712, 0.27813286, 0.48104769, 0.80395079, 0.47187442, 0.36211443, 0.89320588, 0.42151311, 0.65746105, 0.92639756)
(0.29945144, 0.72152829, 0.70383066, 0.54945475, 0.32889718, 0.14013875, 0.12525302, 0.49964708, 0.86659622, 0.09953407)
(0.28345925, 0.59514433, 0.84686279, 0.06014593, 0.37165555, 0.62574965, 0.11677740, 0.91961658, 0.21483229, 0.14263056)
(0.84868920, 0.78578365, 0.39657423, 0.77429235, 0.24996483, 0.62490302, 0.82882261, 0.89443541, 0.22963797, 0.62042850)
(0.91582048, 0.46944961, 0.65044022, 0.44705629, 0.50886589, 0.27774885, 0.52873600, 0.06219288, 0.28503916, 0.41615477)
(0.13532607, 0.32323802, 0.22215083, 0.19554771, 0.21871766, 0.63994765, 0.79884058, 0.98196077, 0.45082843, 0.06075765)
(0.05288368, 0.21070819, 0.73987204, 0.57936114, 0.93212605, 0.27499121, 0.37460980, 0.46022633, 0.77735883, 0.40389672)
(0.35593635, 0.23592326, 0.90004301, 0.56476706, 0.85410303, 0.13062911, 0.25490561, 0.47798359, 0.61350119, 0.21708484)
(0.35831901, 0.18969357, 0.35402858, 0.49887019, 0.06622457, 0.63124257, 0.89163619, 0.23081273, 0.64611191, 0.78422320)
(0.30160147, 0.87178880, 0.86877751, 0.69837511, 0.79311967, 0.53497303, 0.42634702, 0.56960732, 0.78687215, 0.26355553)
(0.68450403, 0.43554920, 0.71286535, 0.83378607, 0.42714664, 0.18633310, 0.86825478, 0.45091400, 0.46363586, 0.81966138)
(0.67012203, 0.53399396, 0.92417592, 0.88418615, 0.88629788, 0.26596999, 0.52053559, 0.30685213, 0.70377719, 0.95884597)
(0.85329914, 0.60345942, 0.79571486, 0.03060627, 0.77642488, 0.62435412, 0.03049385, 0.69178599, 0.27047986, 0.16744086)
(0.30469391, 0.66135019, 0.85648781, 0.76709270, 0.23528667, 0.12375693, 0.52360791, 0.23208265, 0.84670860, 0.88323885)
(0.69651514, 0.46461007, 0.54288399, 0.57363182, 0.91586041, 0.46148887, 0.84624904, 0.33825982, 0.22010893, 0.80741763)
(0.46441677, 0.11842199, 0.75312322, 0.49588412, 0.46207309, 0.61358553, 0.48503897, 0.39255446, 0.08018251, 0.05866501)
(0.26275364, 0.80729055, 0.85833144, 0.86996365, 0.59841120, 0.36028197, 0.01646679, 0.65188092, 0.35691574, 0.67631072)
(0.16304812, 0.92614698, 0.53921902, 0.09780759, 0.26655120, 0.52871335, 0.59883338, 0.71959257, 0.17298204, 0.24173108)
(0.05809311, 0.38421306, 0.47290456, 0.16188951, 0.31440973, 0.86040515, 0.52183342, 0.95671237, 0.16060534, 0.26013941)
(0.58736604, 0.49120808, 0.71039629, 0.16335025, 0.69501388, 0.69383085, 0.58457184, 0.22314577, 0.73578697, 0.90269077)
(0.48607633, 0.32775542, 0.37164992, 0.60968494, 0.86558443, 0.32178089, 0.29860139, 0.25033608, 0.12619153, 0.94165254)
(0.48110735, 0.36529616, 0.72534925, 0.51120013, 0.65760159, 0.09641542, 0.14131908, 0.57314306, 0.87905616, 0.11887123)
(0.33572879, 0.50470316, 0.41185680, 0.33746529, 0.70689815, 0.18972334, 0.73468220, 0.31212226, 0.90266585, 0.79333967)
(0.70248187, 0.46943983, 0.80429900, 0.09267809, 0.76107937, 0.49037054, 0.87630898, 0.07462543, 0.40657932, 0.92340726)
(0.49772385, 0.31130537, 0.67362320, 0.06295705, 0.61284989, 0.53234321, 0.13430673, 0.97213137, 0.24012612, 0.15602152)
(0.65935147, 0.65836841, 0.83831102, 0.85239148, 0.19081424, 0.17797579, 0.69605660, 0.38359755, 0.57750773, 0.74162489)
(0.39732754, 0.48001096, 0.30081066, 0.58101755, 0.95022017, 0.73977441, 0.30087140, 0.39319506, 0.08275642, 0.53179890)
(0.41868713, 0.45818827, 0.62768930, 0.49740937, 0.86503136, 0.42058516, 0.51442415, 0.08877857, 0.24444303, 0.64198792)
(0.49527544, 0.59768438, 0.83030427, 0.62420195, 0.47813800, 0.25578895, 0.43185532, 0.53797567, 0.75425279, 0.24394676)
(0.81383234, 0.41532290, 0.34635726, 0.91754830, 0.92826909, 0.24720275, 0.10818730, 0.13198449, 0.16290291, 0.51272184)
(0.34467337, 0.25672966, 0.38525674, 0.73982131, 0.52413958, 0.20633112, 0.79691041, 0.37124661, 0.64922792, 0.90784752)
(0.33377755, 0.18452290, 0.04284738, 0.42795572, 0.25617427, 0.85174429, 0.49485436, 0.47611061, 0.19600846, 0.12744534)
(0.39337409, 0.62901676, 0.56140053, 0.11256011, 0.47684556, 0.59943324, 0.21736011, 0.97420949, 0.23622230, 0.46893004)
(0.34764820, 0.53767765, 0.46926913, 0.10386483, 0.33773163, 0.55856442, 0.44532797, 0.98376101, 0.20741537, 0.70285910)
(0.82294756, 0.31453273, 0.63758689, 0.03990097, 0.13883178, 0.86231101, 0.18151906, 0.59428835, 0.24130146, 0.34344953)
(0.77503210, 0.58875602, 0.05221359, 0.36366761, 0.35175541, 0.54786348, 0.29873216, 0.94079489, 0.20113784, 0.12472970)
(0.50295460, 0.37519222, 0.06982196, 0.19696067, 0.33927426, 0.72466344, 0.23992255, 0.98275834, 0.38953513, 0.15823777)
(0.21356532, 0.18577556, 0.34613812, 0.66888058, 0.73762619, 0.80896538, 0.43593797, 0.08053974, 0.09179265, 0.47616702)
(0.64551836, 0.29767853, 0.90522981, 0.82420868, 0.79460812, 0.51995939, 0.03607316, 0.49114308, 0.23207924, 0.90638423)
(0.78456450, 0.52928799, 0.39546156, 0.11279459, 0.37337527, 0.44625458, 0.71645612, 0.95404828, 0.17431918, 0.36537859)
(0.52262843, 0.11338906, 0.49044564, 0.71295071, 0.20089403, 0.11973255, 0.94882327, 0.21984453, 0.35155845, 0.86143631)
(0.88903302, 0.35057044, 0.78082621, 0.40572917, 0.16387667, 0.67423177, 0.20494948, 0.31637198, 0.68671113, 0.89588553)
(0.56644815, 0.48755759, 0.43832237, 0.95110768, 0.47226068, 0.49970025, 0.28411931, 0.09222081, 0.03605924, 0.51818663)
(0.37523434, 0.09921627, 0.17269026, 0.53154135, 0.26844963, 0.51602614, 0.94412404, 0.29430217, 0.73995250, 0.74312520)
(0.50785822, 0.68089634, 0.48336405, 0.60840666, 0.93621272, 0.07942578, 0.73708147, 0.50986493, 0.61572367, 0.73904407)
(0.33361953, 0.47130230, 0.20423080, 0.10126302, 0.16453236, 0.48971292, 0.42601109, 0.97214758, 0.10512479, 0.11321029)
(0.68227702, 0.03116268, 0.56239069, 0.41961637, 0.35684317, 0.44629318, 0.65450686, 0.33947703, 0.09557986, 0.88445878)
(0.11130064, 0.79511207, 0.33708000, 0.71650028, 0.75901759, 0.87025028, 0.31855002, 0.71436387, 0.20705976, 0.15397254)
(0.66169691, 0.42073983, 0.83074015, 0.49758780, 0.80205208, 0.25717708, 0.02545719, 0.60271621, 0.53924853, 0.49398679)
(0.18068765, 0.07529409, 0.43549168, 0.31646931, 0.16642620, 0.95436341, 0.58594263, 0.82283413, 0.32915416, 0.13587068)
(0.41103578, 0.04643227, 0.26412308, 0.29679844, 0.37460986, 0.80758220, 0.71549696, 0.64096838, 0.14654621, 0.09624013)
(0.19389062, 0.71305346, 0.87974346, 0.09483443, 0.63907975, 0.77984548, 0.81288874, 0.91353679, 0.43107158, 0.08059730)
(0.65093505, 0.01832902, 0.47005880, 0.68775022, 0.40426591, 0.41257095, 0.38070652, 0.50852334, 0.03342304, 0.93291217)
(0.15779144, 0.83747864, 0.42596510, 0.88917035, 0.83475500, 0.49666932, 0.57257622, 0.84299386, 0.16838485, 0.10075912)
(0.56759107, 0.39936575, 0.64431465, 0.02334382, 0.66581434, 0.63116765, 0.06549767, 0.90555680, 0.52336377, 0.20332104)
(0.42048949, 0.60967606, 0.52822608, 0.71221447, 0.97626388, 0.27622357, 0.33321646, 0.28404015, 0.50966400, 0.56253046)
(0.19982201, 0.55696398, 0.52172178, 0.65378022, 0.94841045, 0.41011003, 0.79240614, 0.10583340, 0.56712437, 0.21446285)
(0.67013621, 0.53261232, 0.11330168, 0.64075869, 0.83036309, 0.57697088, 0.56061924, 0.10576796, 0.10163102, 0.46039411)
(0.62402129, 0.68356675, 0.75061959, 0.48865348, 0.48051161, 0.30747414, 0.77854329, 0.04550713, 0.85172075, 0.58296853)
(0.13815993, 0.33566946, 0.65634459, 0.81177032, 0.89905959, 0.39667067, 0.48471788, 0.43312603, 0.10365476, 0.20266829)
(0.55107594, 0.38035387, 0.14300966, 0.55418593, 0.09843241, 0.70127922, 0.92709363, 0.54959154, 0.82254899, 0.44642240)
(0.34638882, 0.86000592, 0.69065017, 0.47143507, 0.48418289, 0.21294980, 0.55168915, 0.50998443, 0.86700940, 0.24858458)
(0.66521341, 0.17560329, 0.13587137, 0.42730969, 0.35850266, 0.74899668, 0.15127651, 0.85379016, 0.69517028, 0.08676605)
(0.80539113, 0.48355067, 0.44407046, 0.02683427, 0.45570508, 0.82411170, 0.73555142, 0.70616966, 0.17371872, 0.16184209)
(0.43083051, 0.70806086, 0.85748851, 0.76923788, 0.35922217, 0.01190488, 0.47026703, 0.39639747, 0.86132783, 0.90715927)
(0.91866225, 0.42622814, 0.05706765, 0.40696707, 0.41161281, 0.60276777, 0.47638211, 0.80930847, 0.21753490, 0.50778669)
(0.55500340, 0.06424461, 0.25374171, 0.79986417, 0.27631772, 0.51004463, 0.94121796, 0.64617914, 0.55245203, 0.89359415)
(0.74432760, 0.47039023, 0.55347222, 0.31140479, 0.51064849, 0.45553100, 0.34920871, 0.13307719, 0.12247539, 0.84575278)
(0.90267175, 0.78067207, 0.24504013, 0.92337102, 0.75416768, 0.23348451, 0.64183486, 0.45913035, 0.18622676, 0.19101065)
(0.90209806, 0.24456355, 0.15168816, 0.33410293, 0.25213242, 0.44312766, 0.68037927, 0.78636134, 0.11810387, 0.46327943)
(0.34306979, 0.17684045, 0.02526179, 0.46595281, 0.48226056, 0.93996042, 0.33008862, 0.69355446, 0.19182709, 0.30562162)
(0.75702721, 0.63331556, 0.66763914, 0.01532430, 0.90220731, 0.10534360, 0.27973664, 0.22607556, 0.68360072, 0.43916801)
(0.56097454, 0.48165581, 0.86479086, 0.67812198, 0.79278231, 0.20816042, 0.47965854, 0.47277486, 0.86081898, 0.85590541)
(0.68293041, 0.53250235, 0.82803708, 0.30694735, 0.46923259, 0.21412915, 0.22702308, 0.23464386, 0.94448525, 0.34980848)
(0.26986018, 0.78510535, 0.49510550, 0.44419122, 0.60263556, 0.54594892, 0.94643700, 0.59841251, 0.57529110, 0.47900233)
(0.37559992, 0.41433761, 0.01587636, 0.59270471, 0.37359792, 0.78457415, 0.27990744, 0.76276797, 0.24886812, 0.71425349)
(0.24896237, 0.11684714, 0.93841350, 0.64849532, 0.30577999, 0.09767626, 0.87438494, 0.31366199, 0.31664306, 0.77276599)
(0.33101887, 0.04663638, 0.12490316, 0.12328153, 0.53282565, 0.67797440, 0.39598477, 0.96236318, 0.29173166, 0.06270900)
(0.42237002, 0.30645293, 0.67692465, 0.11087898, 0.47737378, 0.14396061, 0.65850526, 0.21491300, 0.18395185, 0.96944314)
(0.29173926, 0.12227213, 0.96510750, 0.43417138, 0.46164894, 0.18057655, 0.68714523, 0.44581428, 0.28221786, 0.87743175)
(0.71256715, 0.59034878, 0.44370210, 0.44534352, 0.41358241, 0.28017083, 0.68014055, 0.39303821, 0.02869615, 0.74350733)
(0.03257239, 0.44614646, 0.51270604, 0.55352700, 0.22961834, 0.83269137, 0.42933780, 0.34041423, 0.48513976, 0.93077230)
(0.44001511, 0.17511624, 0.42719606, 0.50594670, 0.70840406, 0.43901971, 0.93643486, 0.25775027, 0.57410222, 0.90607351)
(0.53211558, 0.46391791, 0.10782693, 0.70557678, 0.68702936, 0.65872782, 0.79372585, 0.21241984, 0.88412452, 0.60005128)
(0.61484599, 0.53399915, 0.80500495, 0.74343997, 0.81350583, 0.01092306, 0.12468873, 0.21360461, 0.30700955, 0.73710918)
(0.37032297, 0.64140815, 0.84948814, 0.60347486, 0.54102147, 0.35586441, 0.77656329, 0.45434186, 0.53155184, 0.71191871)
(0.76148570, 0.26091716, 0.39438280, 0.65839869, 0.65867072, 0.53242075, 0.27865818, 0.32005012, 0.21080987, 0.78268331)
(0.46811533, 0.63037914, 0.43878251, 0.37969220, 0.85957009, 0.28506985, 0.76214427, 0.50767565, 0.40880477, 0.41036278)
(0.24972826, 0.31017122, 0.66566557, 0.09108265, 0.48944497, 0.55149180, 0.44936553, 0.93956572, 0.17555542, 0.22659239)
(0.46483415, 0.62633491, 0.23526596, 0.60913831, 0.93597502, 0.07386955, 0.48156616, 0.28649995, 0.67534006, 0.54926109)
(0.11847733, 0.63679761, 0.77841097, 0.67747217, 0.51131755, 0.33663395, 0.21569261, 0.68492562, 0.19112471, 0.33908787)
(0.39034250, 0.68735290, 0.78810781, 0.87607217, 0.25558257, 0.53573245, 0.76093084, 0.15930937, 0.67840636, 0.84994406)
(0.05741522, 0.35889167, 0.29106724, 0.86086881, 0.55617028, 0.88137126, 0.25151336, 0.33666959, 0.28950173, 0.54885036)
(0.79404354, 0.62500525, 0.26502851, 0.62060636, 0.92946464, 0.31179973, 0.83399409, 0.32607397, 0.38164106, 0.84256220)
(0.62660801, 0.43965396, 0.75325245, 0.67298585, 0.81094313, 0.05787386, 0.06396013, 0.19910641, 0.30205724, 0.89772689)
(0.26953563, 0.42720222, 0.22984512, 0.24750836, 0.73150849, 0.75711995, 0.44097179, 0.90849239, 0.07377373, 0.16478170)
(0.09846329, 0.57356638, 0.37352419, 0.60320544, 0.60058635, 0.30815768, 0.44448608, 0.03192356, 0.22038636, 0.47597170)
(0.80992234, 0.58340245, 0.42036998, 0.52727044, 0.41905761, 0.85286069, 0.93689829, 0.25476816, 0.80095917, 0.43438902)
(0.77216280, 0.81403553, 0.79129982, 0.94460648, 0.39731851, 0.18339461, 0.45498940, 0.33182746, 0.51901817, 0.68711078)
(0.37433654, 0.31934801, 0.72619450, 0.56607729, 0.83683050, 0.06309597, 0.46747646, 0.45909482, 0.47539279, 0.93388289)
(0.24589871, 0.66575181, 0.58021104, 0.54014981, 0.29344797, 0.60630912, 0.51820040, 0.32373545, 0.89686441, 0.05469751)
(0.59779757, 0.71409267, 0.57644141, 0.54077256, 0.88227034, 0.63198668, 0.86456859, 0.45079312, 0.20556130, 0.62921381)
(0.37757012, 0.77313882, 0.59200191, 0.83994192, 0.64428329, 0.02377925, 0.53769881, 0.54800057, 0.92840755, 0.96356601)
(0.14595141, 0.53777742, 0.24430838, 0.71468741, 0.49126700, 0.28392926, 0.72699553, 0.42330748, 0.57371652, 0.90117168)
(0.05695837, 0.31016397, 0.32694256, 0.10040908, 0.56164789, 0.34915704, 0.14500777, 0.35416758, 0.51550758, 0.25694028)
(0.35068759, 0.59487027, 0.53226078, 0.06467200, 0.71773326, 0.50005436, 0.13050148, 0.71252435, 0.21002652, 0.32941288)
(0.47246683, 0.77640408, 0.19111389, 0.71862715, 0.17797650, 0.88171309, 0.11784462, 0.92841250, 0.58076137, 0.35642156)
(0.74040192, 0.54327524, 0.12090091, 0.42547774, 0.62677217, 0.78575563, 0.50653732, 0.41213506, 0.10766158, 0.52698672)
(0.47437525, 0.50578576, 0.51873994, 0.34747162, 0.83477086, 0.30931050, 0.04391749, 0.18637730, 0.86215538, 0.16517153)
(0.55002183, 0.58363754, 0.41043052, 0.35321230, 0.17578113, 0.71685290, 0.90584230, 0.35765788, 0.95830518, 0.32279700)
(0.15028183, 0.36272645, 0.83719522, 0.62071276, 0.50929916, 0.19206150, 0.46331567, 0.58937299, 0.44232619, 0.07387093)
(0.86687839, 0.41231120, 0.70707113, 0.01254634, 0.49095348, 0.74208701, 0.44485050, 0.92009509, 0.15674984, 0.23579399)
(0.53088731, 0.11096361, 0.75410980, 0.69583946, 0.24834973, 0.44047055, 0.88152438, 0.46586877, 0.62255794, 0.92510194)
(0.79289037, 0.64604849, 0.65356719, 0.83797157, 0.51030117, 0.88757443, 0.32356563, 0.75362110, 0.22828557, 0.89798981)
(0.35171133, 0.23511504, 0.25315756, 0.40530837, 0.62317568, 0.87316972, 0.50651360, 0.56945366, 0.10158670, 0.32173172)
(0.60752159, 0.33563733, 0.45952576, 0.62041169, 0.37874010, 0.67497963, 0.76362664, 0.07839767, 0.72700202, 0.78261596)
(0.80619723, 0.23623636, 0.31406349, 0.72773015, 0.35064387, 0.46646309, 0.05891876, 0.94896162, 0.68861526, 0.03797348)
(0.93818450, 0.37231630, 0.30372542, 0.67359233, 0.44514754, 0.90846038, 0.21808237, 0.79587924, 0.38219064, 0.57817453)
(0.31953573, 0.25533199, 0.51940852, 0.84743130, 0.49120301, 0.69076383, 0.12247347, 0.50031698, 0.54816341, 0.95703578)
(0.23887984, 0.27943853, 0.47195423, 0.80703157, 0.49238017, 0.39990485, 0.23120183, 0.52969056, 0.37729204, 0.92565250)
(0.45951098, 0.32934892, 0.09222865, 0.82606262, 0.55453712, 0.23399080, 0.84467894, 0.18924803, 0.88670248, 0.92087978)
(0.35729200, 0.36560494, 0.56842798, 0.40678942, 0.50975662, 0.36417434, 0.84934306, 0.12020145, 0.90625232, 0.91069496)
(0.15599415, 0.83352137, 0.11484518, 0.75828665, 0.74742979, 0.23456843, 0.51782340, 0.50397950, 0.14540386, 0.33493394)
(0.51227665, 0.26216242, 0.14285614, 0.28211439, 0.49843860, 0.64100885, 0.26201764, 0.90131932, 0.64984578, 0.47356820)
(0.74067879, 0.21863154, 0.42316258, 0.45130557, 0.20048665, 0.89549607, 0.20868409, 0.66153544, 0.40807158, 0.26884067)
(0.83744979, 0.16398190, 0.24037187, 0.15744540, 0.17246689, 0.79785138, 0.24546298, 0.76105446, 0.42362297, 0.18130241)
(0.25827169, 0.21841821, 0.40452775, 0.51138020, 0.10016861, 0.75121921, 0.95982504, 0.27005771, 0.63003129, 0.79340446)
(0.59030479, 0.37955415, 0.28808722, 0.93424517, 0.52005225, 0.71585637, 0.03135948, 0.17551577, 0.29761514, 0.53232127)
(0.63812125, 0.26737201, 0.32948065, 0.79983461, 0.24508698, 0.67306209, 0.06573625, 0.61533064, 0.49644229, 0.59927422)
(0.73456186, 0.32004228, 0.67843616, 0.51930916, 0.14259149, 0.86954677, 0.92462301, 0.20891851, 0.88367671, 0.29331240)
(0.69835907, 0.35231587, 0.73551273, 0.13740456, 0.36825651, 0.56914586, 0.53391027, 0.87690771, 0.18936558, 0.05186902)
(0.57358968, 0.41057512, 0.88789761, 0.67433286, 0.53760368, 0.16123225, 0.17364652, 0.45141083, 0.93076789, 0.19597502)
(0.71304035, 0.33064324, 0.78639340, 0.14927411, 0.65276486, 0.55378228, 0.68556505, 0.89128435, 0.13464411, 0.56691730)
(0.81551963, 0.56320405, 0.13390473, 0.76511574, 0.81483710, 0.65034556, 0.82365763, 0.31821370, 0.81054044, 0.57648522)
(0.10818219, 0.40117466, 0.76919848, 0.20221797, 0.62638789, 0.40502957, 0.29046908, 0.20802294, 0.93063807, 0.06913209)
(0.45730117, 0.86590338, 0.42091519, 0.23383500, 0.46899596, 0.43519273, 0.89124608, 0.54008377, 0.25913715, 0.19108994)
(0.23183930, 0.37309524, 0.60878253, 0.74143940, 0.86876374, 0.39565107, 0.06437555, 0.33065379, 0.26913184, 0.80260891)
(0.04123098, 0.08181386, 0.31977579, 0.71822709, 0.06130131, 0.94408494, 0.27134576, 0.65148163, 0.43854445, 0.58781695)
(0.55722958, 0.50653076, 0.41036373, 0.73411530, 0.41686535, 0.24402243, 0.21021020, 0.15474178, 0.92507410, 0.24949969)
(0.65230656, 0.62657332, 0.10528371, 0.50120938, 0.26232508, 0.60225254, 0.54453266, 0.83387929, 0.04644186, 0.71569353)
(0.73288363, 0.54035270, 0.68663132, 0.36919910, 0.69361860, 0.02615603, 0.05618921, 0.43356872, 0.48346534, 0.39916247)
(0.84940886, 0.26889512, 0.68665111, 0.84266931, 0.56110555, 0.32823211, 0.86198723, 0.13629776, 0.43403122, 0.88884324)
(0.05294183, 0.16687404, 0.32029572, 0.71601886, 0.19800736, 0.72247761, 0.32098100, 0.21943317, 0.25291091, 0.81477457)
(0.67960519, 0.56952906, 0.80493104, 0.15806979, 0.37404194, 0.34057209, 0.54690105, 0.25989988, 0.59500241, 0.82651073)
(0.56230122, 0.78753406, 0.49307394, 0.88563865, 0.69572312, 0.55546808, 0.29034352, 0.66514480, 0.07611095, 0.21220616)
(0.68936741, 0.34181729, 0.26804036, 0.17214659, 0.78218627, 0.53928703, 0.84391838, 0.37208629, 0.22527242, 0.11865483)
(0.27789539, 0.59553230, 0.49055672, 0.11054379, 0.56678653, 0.64299423, 0.08428512, 0.93257499, 0.43902102, 0.26842701)
(0.23108089, 0.18359029, 0.86441952, 0.48928607, 0.52122492, 0.13474712, 0.10999437, 0.48910800, 0.04297018, 0.91559541)
(0.80640113, 0.10886259, 0.23760453, 0.67509544, 0.65007502, 0.71963006, 0.23180814, 0.21018349, 0.33922994, 0.75631982)
(0.47717252, 0.42844838, 0.71445590, 0.65166402, 0.38486317, 0.85311878, 0.91307908, 0.49299350, 0.86386466, 0.14409609)
(0.39464608, 0.68394160, 0.54159409, 0.27634051, 0.42461324, 0.46570861, 0.09483845, 0.22691381, 0.92214113, 0.11736900)
(0.54809314, 0.19239196, 0.46827871, 0.13762274, 0.13878697, 0.64127648, 0.60042548, 0.27698442, 0.10269143, 0.02658531)
(0.65227604, 0.10521778, 0.25898707, 0.31499419, 0.21871006, 0.40210477, 0.94508088, 0.24772161, 0.59668702, 0.81759107)
(0.15990667, 0.80519015, 0.40528929, 0.47443208, 0.57424861, 0.05429639, 0.67125666, 0.36793390, 0.35930654, 0.48217946)
(0.26376113, 0.01924467, 0.14105174, 0.47786573, 0.24906640, 0.89381832, 0.45610240, 0.73299927, 0.58309764, 0.29958281)
(0.69645882, 0.59541684, 0.56474835, 0.13537207, 0.40211469, 0.48617390, 0.87482619, 0.77548808, 0.33264109, 0.23919104)
(0.45032504, 0.10683165, 0.68653440, 0.25812700, 0.43063235, 0.93663949, 0.32633802, 0.45178539, 0.12150459, 0.28178155)
(0.54782367, 0.91574669, 0.32611200, 0.85474044, 0.26640472, 0.05703819, 0.45927736, 0.53325617, 0.95232499, 0.44986147)
(0.84316862, 0.48512635, 0.05659578, 0.48998502, 0.32877612, 0.68706137, 0.27502745, 0.35424376, 0.13961968, 0.50416851)
(0.06022113, 0.42791760, 0.91469556, 0.92319870, 0.16906326, 0.92997015, 0.17851515, 0.69863307, 0.80442935, 0.85984653)
(0.05185600, 0.44208780, 0.62964368, 0.85150409, 0.63835347, 0.50334585, 0.44368732, 0.39432347, 0.12679952, 0.11576298)
(0.82055128, 0.19081296, 0.71931463, 0.80364490, 0.54363489, 0.62790984, 0.22386745, 0.70257783, 0.73723423, 0.84948194)
(0.54991275, 0.25382841, 0.88580912, 0.27822572, 0.38273934, 0.49357876, 0.88247204, 0.13410710, 0.70938861, 0.82872319)
(0.30624318, 0.37040240, 0.21388075, 0.44731608, 0.88329160, 0.65100950, 0.48501119, 0.28741741, 0.09197835, 0.36350477)
(0.14672671, 0.28656337, 0.32395107, 0.66446370, 0.25920779, 0.21763824, 0.65600264, 0.08430636, 0.84127527, 0.72909588)
(0.79491758, 0.54355788, 0.16893591, 0.72539568, 0.94920576, 0.28551516, 0.56313586, 0.41727364, 0.29061800, 0.45167619)
(0.39103219, 0.57167763, 0.85147893, 0.55847287, 0.29027948, 0.03734855, 0.56910837, 0.56490147, 0.66718501, 0.85618538)
(0.33533180, 0.72819680, 0.55940568, 0.75153941, 0.55792385, 0.05734186, 0.48434940, 0.15475419, 0.11919009, 0.27668238)
(0.34804142, 0.77646714, 0.52768201, 0.41641605, 0.73459721, 0.46692032, 0.23630632, 0.11483992, 0.97528529, 0.64293408)
(0.33937144, 0.25985804, 0.70504141, 0.84900808, 0.25271356, 0.19145387, 0.62987417, 0.60196358, 0.41065809, 0.98561633)
(0.23348004, 0.81527179, 0.83151835, 0.89722311, 0.63134485, 0.22600301, 0.02012902, 0.22990929, 0.97053707, 0.43997779)
(0.02253552, 0.55599231, 0.76178104, 0.22142076, 0.80896181, 0.15185823, 0.73750788, 0.63462442, 0.63913047, 0.24760760)
(0.57349283, 0.85874760, 0.45807159, 0.34683245, 0.39131954, 0.63112962, 0.73896760, 0.23843460, 0.49438697, 0.29780823)
(0.67297900, 0.55312449, 0.29883295, 0.75664669, 0.78708577, 0.46946090, 0.88027430, 0.16460110, 0.76482505, 0.84610492)
(0.91836286, 0.70551622, 0.28519741, 0.79475921, 0.57783043, 0.09881769, 0.54171658, 0.15929747, 0.32898721, 0.46170264)
(0.81719613, 0.83046645, 0.58069968, 0.51819497, 0.46486056, 0.88787818, 0.53094256, 0.44387057, 0.12626463, 0.16467896)
(0.36201012, 0.37768209, 0.66628826, 0.90404350, 0.06733985, 0.41170889, 0.92397922, 0.43504518, 0.66299009, 0.94477552)
(0.88993704, 0.65236390, 0.19947203, 0.87563336, 0.57645005, 0.42562494, 0.89422160, 0.25172400, 0.70847660, 0.71551037)
(0.42712483, 0.37018383, 0.32231769, 0.87923968, 0.55538255, 0.89122468, 0.42614400, 0.20727508, 0.12667571, 0.18521348)
(0.35254246, 0.85193944, 0.69942755, 0.03877294, 0.51130915, 0.82818794, 0.92533308, 0.47244427, 0.25051984, 0.18569630)
(0.63095617, 0.45517355, 0.21834098, 0.60988647, 0.42410111, 0.36481130, 0.77561730, 0.05326414, 0.81401020, 0.68272376)
(0.43256739, 0.29724333, 0.36898267, 0.46463940, 0.74333894, 0.25924829, 0.82091671, 0.22426397, 0.85801637, 0.86712295)
(0.15333222, 0.60031670, 0.63567907, 0.79733479, 0.98025000, 0.54366165, 0.60903227, 0.52010995, 0.26233757, 0.12337602)
(0.32003495, 0.29113275, 0.03348081, 0.69394565, 0.16247362, 0.80356711, 0.10424282, 0.79832894, 0.74643815, 0.69384152)
(0.54745561, 0.19603196, 0.55208826, 0.27840844, 0.37761715, 0.24128731, 0.96323276, 0.07989080, 0.23551029, 0.85238689)
(0.32554227, 0.88314670, 0.95427078, 0.36869311, 0.22993779, 0.08637615, 0.14278293, 0.04795379, 0.46592465, 0.54151720)
(0.70867866, 0.28731930, 0.26307163, 0.28796580, 0.53866786, 0.71183324, 0.83788282, 0.35782278, 0.10787749, 0.14585549)
(0.39187872, 0.75824016, 0.74013770, 0.58820385, 0.66426176, 0.31812942, 0.54979777, 0.58636999, 0.75022930, 0.06758518)
(0.51638252, 0.58989775, 0.42985138, 0.81420523, 0.63020831, 0.28180012, 0.63816696, 0.13439940, 0.15631938, 0.10999689)
(0.27541643, 0.20838027, 0.21676494, 0.31332088, 0.35449624, 0.73854613, 0.48713353, 0.23537841, 0.29254708, 0.62777007)
(0.85850090, 0.39356014, 0.08438244, 0.48049441, 0.21596143, 0.82780814, 0.29245147, 0.64958018, 0.39532954, 0.14568770)
(0.04540778, 0.23608014, 0.62113905, 0.60589749, 0.67897511, 0.62663794, 0.28726140, 0.03684955, 0.20585398, 0.55976063)
(0.37007433, 0.14993319, 0.84314144, 0.41349098, 0.34215775, 0.75295752, 0.61457181, 0.72367281, 0.17592807, 0.07406774)
(0.07295687, 0.39244732, 0.70699567, 0.49015433, 0.46438634, 0.90444285, 0.74037492, 0.67491668, 0.12437597, 0.34089875)
(0.28480014, 0.39849344, 0.52241534, 0.11435190, 0.69651836, 0.19592579, 0.31398699, 0.41871148, 0.65786302, 0.10454547)
(0.68321097, 0.19615558, 0.59587240, 0.05922679, 0.36040488, 0.75804943, 0.16572671, 0.79827881, 0.19066693, 0.19402523)
(0.66076118, 0.43244520, 0.22404745, 0.29728916, 0.06808797, 0.86670542, 0.53323901, 0.91958100, 0.14218184, 0.42064315)
(0.66557461, 0.76073498, 0.84455872, 0.50454426, 0.59446192, 0.62718058, 0.65210211, 0.15052225, 0.83740866, 0.24402371)
(0.63223857, 0.64382356, 0.74675894, 0.23272799, 0.44097024, 0.35368448, 0.34957090, 0.59567708, 0.35322121, 0.27488399)
(0.54399848, 0.47002080, 0.08901576, 0.43691909, 0.56387800, 0.68064147, 0.81182522, 0.26442808, 0.05344034, 0.43375295)
(0.53249794, 0.41993439, 0.34747678, 0.45839930, 0.77473485, 0.16059139, 0.40118289, 0.21208490, 0.86967891, 0.65580601)
(0.42153546, 0.27572522, 0.63564265, 0.19529808, 0.63036364, 0.49303165, 0.96640766, 0.15439357, 0.76777864, 0.86305475)
(0.22879571, 0.60126919, 0.58890450, 0.50128245, 0.88815105, 0.19135667, 0.35848257, 0.67868859, 0.68636650, 0.10756720)
(0.05502876, 0.84166235, 0.51075840, 0.30968952, 0.69784153, 0.34669119, 0.24330798, 0.47549620, 0.81633306, 0.14825207)
(0.58827704, 0.48570842, 0.89538473, 0.70548373, 0.87454265, 0.03057691, 0.37629509, 0.22850692, 0.57858205, 0.93776780)
(0.26323754, 0.72103173, 0.29986289, 0.67688978, 0.81923407, 0.14652513, 0.50603187, 0.32568908, 0.11850945, 0.70936710)
(0.34104586, 0.27302101, 0.70433187, 0.81093943, 0.58469057, 0.41242960, 0.09451333, 0.10825214, 0.25859323, 0.46302065)
(0.58041716, 0.32461512, 0.18352985, 0.41089779, 0.17108832, 0.59312528, 0.51937091, 0.83827084, 0.07997555, 0.21454813)
(0.60585397, 0.54469132, 0.19668750, 0.54004323, 0.91113997, 0.56353033, 0.90772718, 0.40906042, 0.36652231, 0.04342687)
(0.45179102, 0.22075802, 0.78024155, 0.63780308, 0.56423306, 0.18980229, 0.32947922, 0.30235663, 0.09251048, 0.94833946)
(0.93601716, 0.16736080, 0.40089330, 0.73903733, 0.30590600, 0.29635972, 0.83605832, 0.54756737, 0.12028387, 0.89173621)
(0.52137095, 0.33289689, 0.59989214, 0.14981531, 0.42454237, 0.46719366, 0.52547091, 0.94810635, 0.13350950, 0.09833056)
(0.25199422, 0.52786762, 0.93604219, 0.28812122, 0.19554985, 0.08588929, 0.81912750, 0.04492723, 0.62934619, 0.92249858)
(0.50854868, 0.36548784, 0.82579046, 0.46946311, 0.48268896, 0.04524581, 0.21366900, 0.10602420, 0.31997007, 0.73928648)
(0.66683060, 0.76380318, 0.38633564, 0.76531273, 0.56322396, 0.25549570, 0.58706623, 0.52555764, 0.20578650, 0.26947147)
(0.79032767, 0.40315396, 0.55448753, 0.58454287, 0.09833411, 0.80060798, 0.81792182, 0.21674699, 0.80790085, 0.15350939)
(0.46072894, 0.23930688, 0.39623073, 0.73793179, 0.64303386, 0.41591021, 0.14921479, 0.15976469, 0.17671099, 0.78162307)
(0.68875957, 0.27231416, 0.85048091, 0.35820675, 0.39351398, 0.74988848, 0.07534459, 0.79480249, 0.52188444, 0.34684345)
(0.63152355, 0.43330964, 0.89828873, 0.33954331, 0.49131620, 0.01788071, 0.35293511, 0.31977767, 0.62185305, 0.74026889)
(0.72240657, 0.41522789, 0.40356749, 0.29171711, 0.65402627, 0.72038448, 0.90979350, 0.55615491, 0.17548832, 0.52012581)
(0.67874950, 0.71949953, 0.68036443, 0.64234507, 0.96298373, 0.12285544, 0.61296040, 0.41706377, 0.53148597, 0.58517587)
(0.70610189, 0.19264506, 0.08099557, 0.83664477, 0.37332836, 0.83870858, 0.12534101, 0.42431864, 0.58128542, 0.84400517)
(0.55678964, 0.44690466, 0.14220253, 0.35941505, 0.55475336, 0.68820065, 0.93677914, 0.17158237, 0.91985387, 0.62216115)
(0.07646079, 0.46918252, 0.70001811, 0.11514824, 0.69150466, 0.35489827, 0.35760617, 0.53112036, 0.81388229, 0.23490201)
(0.11830071, 0.68165028, 0.33763734, 0.89110959, 0.19597495, 0.89641225, 0.23515078, 0.55344403, 0.08624359, 0.91942990)
(0.68864846, 0.69084018, 0.13322476, 0.36566156, 0.64165884, 0.31493568, 0.92843735, 0.55870080, 0.28511029, 0.29185912)
(0.85251033, 0.67022234, 0.87694162, 0.78639400, 0.66756058, 0.09147017, 0.31151581, 0.57683057, 0.14144753, 0.73811454)
(0.51830196, 0.90007442, 0.77809340, 0.92341691, 0.93586802, 0.58143258, 0.65327972, 0.47216037, 0.71870589, 0.72543234)
(0.16358566, 0.11437744, 0.16565824, 0.15447153, 0.09913898, 0.93518454, 0.26751098, 0.80434167, 0.74159509, 0.72242910)
(0.87536329, 0.35825622, 0.82627928, 0.80030704, 0.89643764, 0.55533069, 0.35751450, 0.56043261, 0.23158067, 0.70946681)
(0.12984908, 0.59639412, 0.45503542, 0.88240093, 0.78788269, 0.75555515, 0.77627498, 0.42959645, 0.12796882, 0.19900794)
(0.30296111, 0.27259064, 0.34245047, 0.57904696, 0.72118849, 0.73596603, 0.68770814, 0.81534410, 0.04225158, 0.14005901)
(0.35892972, 0.52838320, 0.47881779, 0.64559716, 0.85356367, 0.39652866, 0.41775262, 0.56130278, 0.06044871, 0.78859913)
(0.83641899, 0.08669546, 0.66132921, 0.02382031, 0.49874765, 0.90863407, 0.22610269, 0.71269780, 0.35197425, 0.74692279)
(0.60987282, 0.51316702, 0.52178425, 0.11237624, 0.28175780, 0.57067102, 0.07009249, 0.91842216, 0.54997039, 0.51427543)
(0.56089008, 0.21672921, 0.45082882, 0.23449436, 0.15981190, 0.86049354, 0.51302159, 0.93057173, 0.21344298, 0.46734649)
(0.34455121, 0.51732093, 0.10629812, 0.39136392, 0.25886786, 0.54357994, 0.79692274, 0.30914736, 0.11653114, 0.52010119)
(0.72934669, 0.70138872, 0.37317967, 0.31522998, 0.44510418, 0.53037447, 0.83914477, 0.77268022, 0.46614969, 0.07894662)
(0.62936294, 0.71399832, 0.40457487, 0.90095866, 0.46904173, 0.10918569, 0.38037932, 0.37713176, 0.88019472, 0.19058569)
(0.05487131, 0.40462133, 0.91512871, 0.39455524, 0.63421261, 0.30662549, 0.36582160, 0.26046336, 0.29087299, 0.07205948)
(0.96722108, 0.40911865, 0.69530046, 0.11074996, 0.26312622, 0.76329905, 0.25184056, 0.36470097, 0.05690914, 0.21495618)
(0.33742863, 0.14793552, 0.71742988, 0.13242866, 0.81942052, 0.35999280, 0.19600633, 0.16945072, 0.71046978, 0.34492773)
(0.46328998, 0.09653617, 0.29622269, 0.06971186, 0.27767873, 0.93820739, 0.23630369, 0.87641859, 0.35235035, 0.24176541)
(0.36999735, 0.86923057, 0.53150630, 0.26105019, 0.33547223, 0.34330252, 0.79658008, 0.50994444, 0.15472972, 0.25120312)
(0.62843025, 0.53330201, 0.19407487, 0.63787776, 0.92714298, 0.46605569, 0.66728604, 0.14351791, 0.83525985, 0.74157977)
(0.49764904, 0.54682803, 0.16965030, 0.76800722, 0.84278607, 0.33449981, 0.51619452, 0.24684864, 0.07330785, 0.59801018)
(0.20699644, 0.21570033, 0.89701796, 0.45789251, 0.72857398, 0.25063354, 0.21875542, 0.18604681, 0.26194197, 0.25007749)
(0.46753561, 0.21839891, 0.40473181, 0.78539091, 0.40667728, 0.15210979, 0.84560239, 0.20772061, 0.84408903, 0.90406424)
(0.52234375, 0.51678276, 0.69698364, 0.56091332, 0.25696084, 0.76842129, 0.15950891, 0.80321187, 0.21260975, 0.08179791)
(0.56715208, 0.42074886, 0.44067740, 0.22895020, 0.52728593, 0.66297376, 0.52071369, 0.23029833, 0.09538891, 0.07300853)
(0.64877951, 0.74147028, 0.31828085, 0.50359714, 0.78132349, 0.38037300, 0.70288032, 0.66647178, 0.06374574, 0.48196265)
(0.80820805, 0.28950974, 0.69468504, 0.82558346, 0.53885305, 0.28017250, 0.61943489, 0.23968793, 0.03702928, 0.96192002)
(0.81459802, 0.56787848, 0.90024674, 0.79511535, 0.36784011, 0.41129252, 0.45493093, 0.25530469, 0.51586014, 0.59452266)
(0.51267469, 0.61867237, 0.66184860, 0.63520765, 0.40673798, 0.49130625, 0.72381604, 0.19075659, 0.90688652, 0.08904985)
(0.94766825, 0.28535253, 0.43018013, 0.30239606, 0.52219349, 0.49547067, 0.73236251, 0.22087537, 0.11908039, 0.19386987)
(0.82378781, 0.49816710, 0.58063751, 0.79203701, 0.90552169, 0.25857034, 0.75913602, 0.23043363, 0.48703855, 0.45116684)
(0.16306129, 0.61162418, 0.40631920, 0.90879226, 0.04025890, 0.34123588, 0.83764917, 0.42743105, 0.43011934, 0.79567015)
(0.89197618, 0.30852345, 0.77860409, 0.57324547, 0.55125624, 0.72119468, 0.12950116, 0.31883636, 0.19463792, 0.41497013)
(0.47859192, 0.59569263, 0.73506248, 0.05184248, 0.27419928, 0.69627899, 0.21821994, 0.96945131, 0.18873665, 0.12767941)
(0.78365773, 0.65223259, 0.37600356, 0.79390281, 0.82507366, 0.19720411, 0.32883400, 0.52076387, 0.11856446, 0.43870237)
(0.63352996, 0.42376864, 0.04553284, 0.30811080, 0.14116560, 0.61600345, 0.49583107, 0.98093110, 0.18804824, 0.20750970)
(0.11728662, 0.13122630, 0.29648182, 0.31172657, 0.25254527, 0.95055825, 0.51969051, 0.80181617, 0.40188220, 0.17146412)
(0.35619646, 0.53069782, 0.46663386, 0.67319930, 0.65324622, 0.71902955, 0.67706257, 0.05955079, 0.08265454, 0.66262853)
(0.17593156, 0.74419814, 0.81371593, 0.01705021, 0.95980340, 0.36827004, 0.18573667, 0.32469386, 0.29102555, 0.25239235)
(0.41589078, 0.58155084, 0.14706427, 0.29344174, 0.69128948, 0.47598600, 0.74268323, 0.43726185, 0.20747772, 0.43799114)
(0.55368662, 0.93916285, 0.58244687, 0.58590472, 0.25314337, 0.40701470, 0.84367597, 0.24135439, 0.76943928, 0.25089383)
(0.71358508, 0.17049286, 0.13603279, 0.19785216, 0.57499325, 0.84409755, 0.58853287, 0.49560699, 0.22807570, 0.49369287)
(0.57721055, 0.69991988, 0.36097106, 0.78958577, 0.59259886, 0.58591032, 0.43856993, 0.06510119, 0.07017476, 0.47168604)
(0.29804206, 0.68038845, 0.93415684, 0.84415424, 0.38475025, 0.75292039, 0.77095604, 0.15745091, 0.74288642, 0.69748271)
(0.62544197, 0.75955427, 0.51928985, 0.59994447, 0.46629584, 0.61862743, 0.32785365, 0.79391700, 0.14615321, 0.11434723)
(0.35774410, 0.63722789, 0.35734200, 0.46794820, 0.11539401, 0.66987026, 0.29681522, 0.93457389, 0.12554702, 0.58929735)
(0.22256759, 0.51296997, 0.90525806, 0.80979252, 0.82036817, 0.38104728, 0.04773428, 0.53519851, 0.34491345, 0.20333681)
(0.07186909, 0.17977907, 0.07079371, 0.82489353, 0.21583202, 0.29345515, 0.87107199, 0.24287061, 0.71263599, 0.76695675)
(0.60549325, 0.25026232, 0.96225125, 0.67712808, 0.88369423, 0.48195532, 0.04490633, 0.33704013, 0.31715676, 0.45870760)
(0.90703499, 0.63561809, 0.46164975, 0.05378050, 0.61667490, 0.79386687, 0.50505781, 0.30753466, 0.07367186, 0.39838329)
(0.73505920, 0.38321209, 0.49856511, 0.16692385, 0.24218051, 0.42503026, 0.67066860, 0.95611697, 0.16565439, 0.13173418)
(0.86474156, 0.30103227, 0.52549577, 0.45425344, 0.56015980, 0.73316258, 0.79685080, 0.55835307, 0.13261266, 0.06316502)
(0.29757363, 0.06426400, 0.75897527, 0.53892052, 0.50613028, 0.24201813, 0.33320591, 0.35677290, 0.05458040, 0.72332859)
(0.79040039, 0.87502742, 0.33566296, 0.92148572, 0.81354010, 0.33259490, 0.33975330, 0.67857385, 0.05213175, 0.57240623)
(0.94643915, 0.48237026, 0.56994027, 0.37850252, 0.43855470, 0.66692132, 0.53475076, 0.05708327, 0.04531443, 0.44287392)
(0.61305147, 0.48298693, 0.37653959, 0.44313395, 0.94103098, 0.25258747, 0.33552977, 0.35139599, 0.17813477, 0.60127318)
(0.47044656, 0.90609515, 0.24222712, 0.73447001, 0.65714848, 0.25642630, 0.23121732, 0.39843044, 0.95945156, 0.61710197)
(0.86561382, 0.72246391, 0.27846795, 0.60747701, 0.51662749, 0.75484109, 0.78287959, 0.81633192, 0.08495737, 0.74958885)
(0.54632318, 0.17787926, 0.32594159, 0.76176578, 0.06903919, 0.61245751, 0.06121625, 0.66720593, 0.52439201, 0.89700502)
(0.62172908, 0.85097045, 0.22754301, 0.74722356, 0.54073894, 0.23372148, 0.92518216, 0.41605020, 0.28190577, 0.27804679)
(0.27325585, 0.23648880, 0.82863283, 0.59908438, 0.81819952, 0.35739237, 0.27671787, 0.10181072, 0.27785695, 0.27107435)
(0.44874734, 0.70623130, 0.71161813, 0.94047666, 0.34135994, 0.33364716, 0.27519947, 0.08849733, 0.07692932, 0.41474065)
(0.31681588, 0.77910018, 0.11732133, 0.85177743, 0.80576628, 0.17206071, 0.56916130, 0.21331565, 0.10965136, 0.32033658)
(0.35771844, 0.59513968, 0.62993389, 0.06144144, 0.85469836, 0.33129936, 0.14007923, 0.30027035, 0.14116184, 0.14843595)
(0.53673524, 0.56720614, 0.96285117, 0.82850105, 0.96478105, 0.27173996, 0.07489505, 0.33800337, 0.73709047, 0.65482336)
(0.19124879, 0.23989621, 0.28949812, 0.03883397, 0.73703045, 0.34511858, 0.09043569, 0.21087749, 0.54384476, 0.15696546)
(0.64569354, 0.05417836, 0.54953057, 0.49112934, 0.11823045, 0.63610655, 0.95226032, 0.42475078, 0.63504386, 0.78446156)
(0.68338436, 0.29645303, 0.44433030, 0.05846177, 0.21372184, 0.61812705, 0.36979109, 0.67557299, 0.16312960, 0.18749295)
(0.52159798, 0.33248821, 0.04621204, 0.25408998, 0.21377492, 0.75190079, 0.15866245, 0.81680238, 0.52783829, 0.62968010)
(0.07500502, 0.38231668, 0.61256677, 0.44662258, 0.36208814, 0.79307044, 0.16988049, 0.71928620, 0.57878214, 0.57556576)
(0.70570481, 0.70653027, 0.62727505, 0.60956305, 0.93588996, 0.31678745, 0.76517010, 0.26165298, 0.53265715, 0.41076079)
(0.43529028, 0.16879392, 0.72375000, 0.40561169, 0.80120081, 0.14727861, 0.15721393, 0.19187237, 0.76795393, 0.54337859)
(0.79006070, 0.90037119, 0.58901221, 0.93113571, 0.34218767, 0.48563227, 0.12424734, 0.61285955, 0.06663471, 0.52865547)
(0.25888965, 0.71625751, 0.50138813, 0.60893846, 0.72437131, 0.54252654, 0.81765443, 0.24716325, 0.57219672, 0.02077170)
(0.62015468, 0.59426481, 0.06823657, 0.07917120, 0.20559394, 0.65223008, 0.74752438, 0.96576148, 0.07281044, 0.49490726)
(0.79199976, 0.32525367, 0.73086464, 0.64021200, 0.61948341, 0.14420938, 0.19044533, 0.28357676, 0.12422367, 0.15479390)
(0.53406483, 0.38868099, 0.79621792, 0.42434168, 0.23855817, 0.00936217, 0.30411723, 0.23759331, 0.83417886, 0.92906421)
(0.10290540, 0.14127493, 0.21542026, 0.23758607, 0.36037380, 0.94099426, 0.51269239, 0.71501052, 0.38111213, 0.25752541)
(0.83849722, 0.13120484, 0.48092890, 0.18258926, 0.23064499, 0.73874903, 0.33146989, 0.55406737, 0.36133185, 0.33834380)
(0.50387424, 0.32006231, 0.41941303, 0.75960046, 0.88083333, 0.06372426, 0.70127696, 0.33826900, 0.41894174, 0.89925772)
(0.93834203, 0.64624262, 0.79001111, 0.03268799, 0.29241621, 0.82037097, 0.92707169, 0.66130275, 0.75063670, 0.50162482)
(0.20785569, 0.24524646, 0.07957444, 0.29599553, 0.41509393, 0.69387215, 0.32539541, 0.87408441, 0.38888714, 0.09098618)
(0.15068963, 0.18998256, 0.49597925, 0.90707558, 0.28474814, 0.86595684, 0.46333870, 0.45515943, 0.55826360, 0.90654027)
(0.61861789, 0.87290317, 0.76258874, 0.56318605, 0.48310131, 0.26779985, 0.82935959, 0.35177258, 0.63305265, 0.71915805)
(0.70827514, 0.40697962, 0.55753499, 0.39844471, 0.47925341, 0.88737810, 0.38533154, 0.35906175, 0.23008202, 0.87971109)
(0.52321911, 0.77626681, 0.52590603, 0.23411173, 0.22118224, 0.75669628, 0.55276024, 0.49066213, 0.07978215, 0.19244671)
(0.60259205, 0.57974547, 0.40825421, 0.85755938, 0.71830744, 0.22604825, 0.87312776, 0.44943243, 0.61500853, 0.98123026)
(0.76533490, 0.83278066, 0.52589828, 0.93649143, 0.82644796, 0.50046194, 0.67576587, 0.32406965, 0.77865440, 0.74175918)
(0.80491185, 0.32823470, 0.61569065, 0.04281889, 0.65482128, 0.81250274, 0.38106114, 0.54157615, 0.18731616, 0.12817945)
(0.51404792, 0.06440710, 0.34119454, 0.82287365, 0.52596289, 0.32862309, 0.87271500, 0.71211135, 0.15014872, 0.92629266)
(0.31380630, 0.48636147, 0.67309660, 0.67739272, 0.92630810, 0.15097645, 0.15264682, 0.57841015, 0.60074341, 0.21368007)
(0.69429338, 0.59603637, 0.89096469, 0.91400033, 0.45548385, 0.77332115, 0.05300411, 0.78699911, 0.66961545, 0.83134741)
(0.56947464, 0.63157123, 0.48504928, 0.06144319, 0.59343624, 0.93875682, 0.78205889, 0.32227355, 0.28697610, 0.20959720)
(0.89800423, 0.23926614, 0.46449393, 0.33193994, 0.46743411, 0.74696392, 0.93982363, 0.40306124, 0.75335401, 0.38710082)
(0.45447713, 0.73456734, 0.79224163, 0.67230105, 0.95849717, 0.40514371, 0.31400692, 0.18351158, 0.67242223, 0.24832891)
(0.96691984, 0.31382525, 0.47208098, 0.73055047, 0.59378570, 0.50730228, 0.73724020, 0.13162851, 0.38498086, 0.26132378)
(0.46956471, 0.35541466, 0.92261791, 0.26748547, 0.36689642, 0.22108354, 0.46749902, 0.13741687, 0.90391213, 0.73153228)
(0.25938472, 0.12940311, 0.32182583, 0.56074560, 0.16380039, 0.88153511, 0.15528879, 0.51990986, 0.35264385, 0.22788869)
(0.05772883, 0.69915843, 0.74579227, 0.64908403, 0.80087316, 0.57445401, 0.90453792, 0.55206954, 0.60479891, 0.27595162)
(0.41648641, 0.55713481, 0.42748621, 0.85935938, 0.72866505, 0.38300958, 0.05545230, 0.30665517, 0.32225826, 0.50044602)
(0.14264555, 0.58070540, 0.74605936, 0.07615983, 0.74314082, 0.19979098, 0.53042817, 0.70275986, 0.64280742, 0.29383194)
(0.73334503, 0.61801356, 0.45683688, 0.78236127, 0.79903668, 0.19310302, 0.43055302, 0.64732867, 0.12852482, 0.93327314)
(0.79832327, 0.09816076, 0.88633889, 0.04631609, 0.89398080, 0.93260574, 0.28580487, 0.18681431, 0.13961279, 0.36581379)
(0.63571042, 0.08832342, 0.81030023, 0.52213174, 0.31013998, 0.23516162, 0.91005909, 0.21144009, 0.28199190, 0.84915203)
(0.09577749, 0.38353202, 0.04466464, 0.80537027, 0.62915814, 0.66194993, 0.34156626, 0.09964434, 0.09577300, 0.35850811)
(0.39828980, 0.27482840, 0.08460290, 0.55996644, 0.14734787, 0.78897899, 0.28325105, 0.97155064, 0.30378944, 0.32922959)
(0.89487785, 0.57493013, 0.73285854, 0.37644058, 0.39208177, 0.49033752, 0.93334490, 0.30409768, 0.26935646, 0.70195228)
(0.37518117, 0.10623306, 0.95992970, 0.33038712, 0.90580308, 0.37359327, 0.24561347, 0.11672293, 0.65287930, 0.46867639)
(0.54671609, 0.27068648, 0.28856790, 0.63527298, 0.73378539, 0.33661428, 0.53632927, 0.21638130, 0.15960012, 0.15321817)
(0.30416632, 0.62712538, 0.81677067, 0.73448539, 0.73679614, 0.41934276, 0.35729745, 0.29823065, 0.40601489, 0.03567654)
(0.40262654, 0.39371699, 0.45473918, 0.37218025, 0.65363294, 0.34352887, 0.79487097, 0.36138421, 0.48656136, 0.43089518)
(0.52209312, 0.33292595, 0.65005440, 0.05509391, 0.87711477, 0.10960630, 0.45433757, 0.31800130, 0.80418319, 0.08674589)
(0.28411365, 0.08324736, 0.32866168, 0.85148060, 0.54523456, 0.67782933, 0.20881251, 0.44847196, 0.11267821, 0.07927839)
(0.20346914, 0.85164475, 0.46448508, 0.74717754, 0.27840018, 0.07656281, 0.29714072, 0.62971574, 0.78772295, 0.77387041)
(0.44194186, 0.28702730, 0.70486832, 0.23362172, 0.58312130, 0.03607775, 0.27032816, 0.56788647, 0.65559399, 0.70141292)
(0.60737419, 0.80274212, 0.82548434, 0.10879409, 0.58372700, 0.33591431, 0.39770722, 0.34510258, 0.63469529, 0.09324858)
(0.17471693, 0.37315652, 0.79103124, 0.91871798, 0.20543049, 0.75255281, 0.04456663, 0.35311142, 0.42935157, 0.87805986)
(0.45901066, 0.42484736, 0.02487341, 0.41386822, 0.28951141, 0.68799520, 0.29448619, 0.85125065, 0.18061630, 0.12080378)
(0.90397173, 0.37795681, 0.07563178, 0.51236916, 0.60216147, 0.48859611, 0.18747343, 0.11419357, 0.13276850, 0.52425885)
(0.26165050, 0.78930700, 0.48921826, 0.36581668, 0.36991262, 0.80809593, 0.75436568, 0.76172584, 0.30933380, 0.02814981)
(0.53960651, 0.63576913, 0.53013176, 0.38164559, 0.17816152, 0.46606216, 0.95635015, 0.62995368, 0.48638138, 0.71263140)
(0.77786410, 0.34121439, 0.81277502, 0.44595954, 0.61118782, 0.27336740, 0.03727664, 0.17189607, 0.31370646, 0.48047206)
(0.41166759, 0.58022296, 0.04518040, 0.40555555, 0.24854204, 0.45611411, 0.61036110, 0.48298895, 0.04510899, 0.30585390)
(0.49287024, 0.48050901, 0.60993767, 0.03768587, 0.44914186, 0.82872492, 0.32636702, 0.35539389, 0.03043311, 0.97723186)
(0.52529776, 0.53208804, 0.84142709, 0.56907314, 0.31777704, 0.75286186, 0.08421886, 0.28256345, 0.35994676, 0.92635709)
(0.15279859, 0.52797812, 0.45497721, 0.41882807, 0.49503905, 0.29809147, 0.91972190, 0.21952990, 0.87502277, 0.76210606)
(0.28721535, 0.94260269, 0.17796496, 0.67831314, 0.79034364, 0.30321833, 0.54239637, 0.47130919, 0.27113467, 0.38190988)
(0.31569141, 0.46648699, 0.43783191, 0.67264271, 0.32313988, 0.72179663, 0.92851883, 0.17443441, 0.88164002, 0.83494914)
(0.69468689, 0.57689655, 0.31110892, 0.67222941, 0.97005242, 0.11945283, 0.67903775, 0.32714841, 0.56084055, 0.72646010)
(0.87657648, 0.43016562, 0.03141893, 0.60406190, 0.53293550, 0.77560037, 0.57061905, 0.60227019, 0.12887546, 0.32148924)
(0.60077006, 0.76296675, 0.56844109, 0.53606004, 0.53336322, 0.67192417, 0.38977304, 0.67984450, 0.08148435, 0.15299980)
(0.52928752, 0.48217613, 0.44747767, 0.69844711, 0.88199532, 0.52204072, 0.75169659, 0.34183869, 0.49043557, 0.83330977)
(0.76853591, 0.56862098, 0.89824742, 0.85373229, 0.72993076, 0.28627011, 0.52554953, 0.45401201, 0.60076761, 0.85677230)
(0.31679472, 0.87979126, 0.27861181, 0.48827213, 0.28811356, 0.85612929, 0.61756968, 0.48256451, 0.09093131, 0.13703124)
(0.19929001, 0.59986407, 0.05307872, 0.61695421, 0.29965788, 0.52955967, 0.65376705, 0.18124339, 0.85572296, 0.84566790)
(0.54649711, 0.60434443, 0.37400138, 0.75115955, 0.73089290, 0.29080355, 0.71476710, 0.51416022, 0.56172228, 0.02185086)
(0.65659964, 0.50832510, 0.65465647, 0.61367005, 0.21326712, 0.56834942, 0.03725739, 0.65190226, 0.16789624, 0.49374187)
(0.42599875, 0.35680395, 0.45056677, 0.34485707, 0.54272324, 0.31336612, 0.93337053, 0.18973546, 0.43533981, 0.74996597)
(0.01856368, 0.89497787, 0.45969972, 0.92593038, 0.66965920, 0.25262454, 0.44383794, 0.52094704, 0.27517882, 0.15698415)
(0.61566973, 0.89977950, 0.87639868, 0.08179554, 0.80067033, 0.58243132, 0.43150610, 0.37640747, 0.30460963, 0.06261612)
(0.92516613, 0.17842296, 0.49348190, 0.14482331, 0.27797183, 0.80278140, 0.36904272, 0.33722597, 0.22202328, 0.56463873)
(0.54816806, 0.12990613, 0.22165711, 0.33170715, 0.30639464, 0.42991549, 0.83500826, 0.91493887, 0.46410239, 0.62163144)
(0.05506386, 0.61966479, 0.72862911, 0.34967685, 0.50959426, 0.69275671, 0.47563666, 0.89769310, 0.10149074, 0.34806100)
(0.61459243, 0.49695110, 0.86689383, 0.67169964, 0.89969599, 0.21624158, 0.43187141, 0.12149473, 0.85195857, 0.78537607)
(0.61466616, 0.10457368, 0.39008358, 0.61921358, 0.45386010, 0.40612781, 0.94849634, 0.25172925, 0.43560219, 0.83119172)
(0.48160192, 0.29541621, 0.69560212, 0.72210819, 0.92559457, 0.12345546, 0.42098519, 0.24690723, 0.26023263, 0.90432978)
(0.16125369, 0.90907264, 0.78657091, 0.82588619, 0.39722377, 0.29835993, 0.19931042, 0.22827826, 0.43468848, 0.30376288)
(0.57854879, 0.44048667, 0.12921967, 0.69817877, 0.94639331, 0.53806776, 0.21823312, 0.21966572, 0.18009439, 0.64490372)
(0.90392309, 0.63981849, 0.60781085, 0.90113634, 0.80207193, 0.54893202, 0.70345676, 0.60184264, 0.20709319, 0.84604073)
(0.64307392, 0.28330782, 0.48305234, 0.48555940, 0.46164641, 0.92442644, 0.28093648, 0.19387166, 0.48143521, 0.92921299)
(0.84584445, 0.41721657, 0.87208068, 0.26787102, 0.71713895, 0.11007585, 0.04739357, 0.09686697, 0.73929209, 0.52318037)
(0.86505651, 0.59376085, 0.29764369, 0.55774772, 0.70612258, 0.26061696, 0.46444321, 0.05171918, 0.10684177, 0.55667549)
(0.37692013, 0.32627973, 0.37525630, 0.14461604, 0.15592165, 0.82560211, 0.31597948, 0.97263056, 0.29675162, 0.24149828)
(0.56896746, 0.00816438, 0.48140857, 0.55002445, 0.14122489, 0.36807218, 0.80635387, 0.58009982, 0.21268581, 0.76703328)
(0.11971232, 0.94304383, 0.48457226, 0.71631294, 0.33981556, 0.72001880, 0.34956980, 0.05611426, 0.16906804, 0.33109257)
(0.62629855, 0.34834728, 0.87758988, 0.53714108, 0.86494327, 0.20144914, 0.06186325, 0.24135059, 0.94946450, 0.83047897)
(0.87353188, 0.53244203, 0.37158418, 0.28087506, 0.62173468, 0.75181991, 0.57526284, 0.18349589, 0.05414877, 0.77872092)
(0.52162230, 0.67013627, 0.87728012, 0.45936996, 0.28565150, 0.71646518, 0.51077133, 0.33659515, 0.56999743, 0.45096099)
(0.58700258, 0.13382000, 0.11985008, 0.20991433, 0.39912242, 0.68536448, 0.26332062, 0.84879225, 0.43863201, 0.18076605)
(0.35405278, 0.68388379, 0.21820195, 0.48906419, 0.28648445, 0.67170244, 0.83217591, 0.18998240, 0.77790374, 0.67539531)
(0.73089391, 0.62809962, 0.56362426, 0.09509464, 0.70645404, 0.69908458, 0.81139153, 0.50492185, 0.13759427, 0.59777486)
(0.05845784, 0.58881253, 0.45432881, 0.75322521, 0.87755233, 0.43517238, 0.16671911, 0.17941177, 0.29246745, 0.71904051)
(0.85214067, 0.67538810, 0.19970286, 0.84652346, 0.87192297, 0.14978604, 0.70075071, 0.38051048, 0.41493931, 0.19304258)
(0.43413535, 0.64070535, 0.33181092, 0.16797233, 0.36719647, 0.71664602, 0.51725119, 0.30880165, 0.04423821, 0.09977676)
(0.36263293, 0.69350863, 0.53799611, 0.64812297, 0.68812329, 0.33769611, 0.61559254, 0.39861488, 0.04395179, 0.60005730)
(0.48164749, 0.53749377, 0.67946124, 0.52576113, 0.52176434, 0.43372786, 0.37083119, 0.41725028, 0.11766071, 0.07293270)
(0.57672000, 0.46780103, 0.76297921, 0.18942901, 0.56043327, 0.01021966, 0.20930906, 0.51461995, 0.61682194, 0.72614926)
(0.52167404, 0.75807667, 0.36508092, 0.73067665, 0.50002915, 0.25707626, 0.59884751, 0.69145697, 0.05145492, 0.44946143)
(0.32934102, 0.34809235, 0.64896804, 0.45603535, 0.57313138, 0.01928111, 0.30030939, 0.42867321, 0.45181379, 0.83617985)
(0.03867961, 0.16234507, 0.80485797, 0.82608455, 0.94323766, 0.31482595, 0.49908093, 0.33290216, 0.60024244, 0.27525315)
(0.96271360, 0.50903004, 0.59187663, 0.08526843, 0.14816885, 0.77766961, 0.77318716, 0.51181895, 0.40204412, 0.48967314)
(0.04134211, 0.49743226, 0.79635489, 0.45546219, 0.70645028, 0.45152026, 0.07300527, 0.35595730, 0.85207582, 0.28069180)
(0.93457627, 0.10821620, 0.33425194, 0.79562306, 0.33674896, 0.58461988, 0.92786425, 0.49939588, 0.76528352, 0.69553351)
(0.46438584, 0.45063436, 0.74482328, 0.35025796, 0.84148532, 0.06203436, 0.17915767, 0.52034402, 0.65564150, 0.84016412)
(0.33345729, 0.85381705, 0.32681116, 0.68019420, 0.67225277, 0.44706061, 0.78020751, 0.45783538, 0.91104037, 0.38503391)
(0.63657045, 0.35002443, 0.25547928, 0.59044498, 0.81574458, 0.53513390, 0.81354189, 0.33345133, 0.47199836, 0.84530276)
(0.38231730, 0.53276169, 0.40651044, 0.73737949, 0.97736394, 0.30013469, 0.32819268, 0.19533357, 0.26970452, 0.56958711)
(0.39020079, 0.18491733, 0.96307182, 0.65771037, 0.90144092, 0.40113926, 0.35998529, 0.18143348, 0.36336249, 0.09758081)
(0.93781668, 0.74379581, 0.88082671, 0.42774960, 0.65034181, 0.49946710, 0.44837010, 0.02709944, 0.34841833, 0.68532532)
(0.48723340, 0.69622189, 0.55839199, 0.68805397, 0.30145946, 0.58756322, 0.97607678, 0.19062807, 0.44307977, 0.58016562)
(0.50994402, 0.59545565, 0.68616384, 0.27345592, 0.24525592, 0.33250016, 0.35134119, 0.20705672, 0.74934965, 0.43228278)
(0.22036794, 0.36959097, 0.26757160, 0.62516201, 0.85314840, 0.65370709, 0.31643829, 0.09998391, 0.14047553, 0.67202455)
(0.96350735, 0.39005464, 0.61368102, 0.81582206, 0.36276457, 0.39966658, 0.59292686, 0.25795850, 0.17916913, 0.56697446)
(0.53024888, 0.10693692, 0.94948375, 0.50943440, 0.79974025, 0.28223348, 0.05455497, 0.09173302, 0.25898534, 0.85998106)
(0.62051761, 0.15771972, 0.52208996, 0.72021133, 0.37015522, 0.50682282, 0.71122932, 0.21292706, 0.12744381, 0.01278073)
(0.55090290, 0.79138499, 0.68037540, 0.87690055, 0.40741783, 0.22411738, 0.61952418, 0.52979594, 0.55569255, 0.79893625)
(0.33119187, 0.38707039, 0.86014563, 0.31707159, 0.66177058, 0.31907585, 0.46989223, 0.49424902, 0.39533371, 0.11610634)
(0.29554003, 0.95525008, 0.30148953, 0.63800806, 0.75085199, 0.45797536, 0.66591150, 0.41395926, 0.91069078, 0.21188913)
(0.83276713, 0.25321513, 0.56782502, 0.86045325, 0.28606185, 0.57950824, 0.90541846, 0.62125003, 0.53034502, 0.96022993)
(0.73806620, 0.71786112, 0.80307233, 0.10116392, 0.15188479, 0.61182147, 0.85705048, 0.82168949, 0.70428932, 0.63507694)
(0.49651065, 0.52099407, 0.07236484, 0.18090113, 0.36221072, 0.73059303, 0.23770630, 0.94276500, 0.55283737, 0.53301328)
(0.25634286, 0.94755512, 0.14562328, 0.68208992, 0.58328474, 0.57200742, 0.38901520, 0.37907246, 0.94903517, 0.48833683)
(0.57276917, 0.07853344, 0.82959127, 0.82561457, 0.70765275, 0.69342792, 0.25246653, 0.43041298, 0.10398647, 0.18794063)
(0.50151765, 0.24734417, 0.84041381, 0.43726373, 0.81761307, 0.20505929, 0.09481975, 0.27834421, 0.91260862, 0.75656253)
(0.72924894, 0.25600842, 0.09144545, 0.88592774, 0.40580159, 0.71326602, 0.09868215, 0.85100138, 0.72687483, 0.88885242)
(0.60924977, 0.47040546, 0.70476365, 0.52762634, 0.85738510, 0.16969173, 0.21025328, 0.29996526, 0.55475307, 0.61547685)
(0.54645240, 0.88923675, 0.28132373, 0.62871188, 0.91646916, 0.30026126, 0.52672213, 0.51032639, 0.13518327, 0.37373969)
(0.82855010, 0.23087783, 0.18936002, 0.29936758, 0.49162826, 0.63918096, 0.49286190, 0.45604944, 0.19885431, 0.20038186)
(0.77750701, 0.77911240, 0.35149136, 0.21330425, 0.09220678, 0.84358376, 0.19698904, 0.76655120, 0.17323904, 0.57788438)
(0.27424601, 0.97055817, 0.14105248, 0.83214557, 0.31419700, 0.40836272, 0.40653932, 0.32957593, 0.85929149, 0.84561521)
(0.15986879, 0.35329387, 0.88961548, 0.30061153, 0.24138901, 0.92642182, 0.17896806, 0.51121098, 0.09960841, 0.27847525)
(0.27693504, 0.86357379, 0.63517535, 0.39924756, 0.21649608, 0.25485387, 0.31820628, 0.41961503, 0.56880337, 0.14340284)
(0.24446525, 0.61100662, 0.60022247, 0.46910536, 0.94065166, 0.28020641, 0.42681122, 0.35201448, 0.55701894, 0.59532684)
(0.22946548, 0.80534554, 0.45902288, 0.67121679, 0.82296878, 0.39531633, 0.05078173, 0.54503161, 0.95269275, 0.17094113)
(0.28968173, 0.84067303, 0.32829705, 0.58239394, 0.84551728, 0.24708620, 0.28310737, 0.42027339, 0.64086097, 0.28113925)
(0.72848547, 0.44506547, 0.28023359, 0.04705283, 0.19168501, 0.94466382, 0.20150419, 0.93778932, 0.53234679, 0.73491335)
(0.83386791, 0.41074324, 0.56844527, 0.04959394, 0.48585427, 0.60495651, 0.66709524, 0.90946472, 0.14936493, 0.28203490)
(0.06959476, 0.46313742, 0.56950736, 0.68611622, 0.95433789, 0.38975117, 0.83027977, 0.27418289, 0.65282381, 0.06839953)
(0.09436724, 0.60544020, 0.51696604, 0.72981822, 0.15869945, 0.14692709, 0.76778227, 0.09328352, 0.78671813, 0.77937132)
(0.80356133, 0.45623720, 0.92622799, 0.10758071, 0.35092416, 0.21748146, 0.09566563, 0.31451035, 0.03444739, 0.95139039)
(0.56823945, 0.29423705, 0.47793937, 0.64216214, 0.88815695, 0.29025599, 0.65394521, 0.28512287, 0.47650546, 0.90573394)
(0.80474478, 0.80012119, 0.28482661, 0.51554447, 0.71343547, 0.56535155, 0.94212866, 0.68623328, 0.48849580, 0.57344383)
(0.13310602, 0.82051963, 0.43503737, 0.42343903, 0.90593797, 0.46643096, 0.63163996, 0.66342419, 0.84118533, 0.03543714)
(0.29176882, 0.46525127, 0.16771887, 0.47636470, 0.24186482, 0.35801703, 0.73632610, 0.05833704, 0.87119412, 0.57385361)
(0.10353474, 0.34295645, 0.69141877, 0.68380493, 0.39447349, 0.52541506, 0.50776303, 0.44590577, 0.09143565, 0.36264890)
(0.31619719, 0.05595059, 0.88610679, 0.41610569, 0.21584627, 0.44982296, 0.89124751, 0.45782518, 0.47714755, 0.63675600)
(0.04460422, 0.48639357, 0.78211862, 0.36860037, 0.51764405, 0.62863147, 0.39724606, 0.57154614, 0.14449310, 0.30008402)
(0.70777386, 0.87268227, 0.62271529, 0.82561463, 0.89470470, 0.03978043, 0.41471034, 0.30565530, 0.87990957, 0.87558603)
(0.61200601, 0.37134367, 0.16655414, 0.36382955, 0.50610429, 0.56172842, 0.81028616, 0.83605582, 0.13878755, 0.02719089)
(0.08215697, 0.86823976, 0.82123196, 0.47527620, 0.33966455, 0.59517735, 0.07004065, 0.80726618, 0.16482444, 0.37049210)
(0.37432331, 0.26835006, 0.64078563, 0.10000373, 0.64714897, 0.43991199, 0.10146839, 0.55626708, 0.38524610, 0.29739246)
(0.38700256, 0.11435281, 0.38888621, 0.05198978, 0.28789729, 0.86103302, 0.46645099, 0.59688264, 0.18911129, 0.61470848)
(0.49804029, 0.45370677, 0.58260471, 0.25648981, 0.76023453, 0.15908851, 0.83469170, 0.15690939, 0.30996919, 0.70084530)
(0.04610639, 0.35841823, 0.14875925, 0.45266232, 0.32383648, 0.98618591, 0.55862606, 0.90270895, 0.48823309, 0.65232891)
(0.24529032, 0.37184051, 0.22666132, 0.05634196, 0.28895226, 0.53718275, 0.66367781, 0.95754266, 0.15853107, 0.38647512)
(0.28681874, 0.09218044, 0.68097085, 0.35275611, 0.41460747, 0.23290484, 0.10616896, 0.12368993, 0.10662112, 0.85372502)
(0.68036067, 0.24945378, 0.30346024, 0.45684192, 0.38663891, 0.78926373, 0.15969676, 0.91472071, 0.40313023, 0.12293781)
(0.84667325, 0.30978459, 0.42662805, 0.62459296, 0.46531636, 0.22044253, 0.45904487, 0.15643574, 0.05576637, 0.88626772)
(0.44499946, 0.76554269, 0.68844265, 0.03160615, 0.94800925, 0.26813167, 0.24656020, 0.41391560, 0.49794993, 0.34408331)
(0.78502864, 0.32049680, 0.60577768, 0.64292490, 0.54710746, 0.58836257, 0.12194962, 0.60342240, 0.51929331, 0.73371810)
(0.26970357, 0.65128362, 0.86816853, 0.04233408, 0.63194221, 0.49657324, 0.01856480, 0.44383430, 0.16609657, 0.08268740)
(0.25301743, 0.77123642, 0.73942095, 0.19914445, 0.70124745, 0.59344131, 0.58349425, 0.81757796, 0.09679249, 0.21553566)
(0.02907349, 0.63488036, 0.28251386, 0.91360968, 0.74522471, 0.66919607, 0.75795358, 0.81745857, 0.23480286, 0.31751081)
(0.77381241, 0.58616441, 0.34440529, 0.17025663, 0.21062993, 0.72187489, 0.92469853, 0.58817512, 0.11437244, 0.62514043)
(0.30202574, 0.42944628, 0.82242733, 0.59280980, 0.48467514, 0.22628823, 0.56144512, 0.47215894, 0.30689529, 0.02846825)
(0.50801879, 0.69555926, 0.81006587, 0.58599693, 0.61489385, 0.93059886, 0.49540314, 0.17862149, 0.21398436, 0.31899634)
(0.52295458, 0.12538247, 0.98462766, 0.01334298, 0.17194597, 0.29498774, 0.71485037, 0.44482374, 0.28542435, 0.95090336)
(0.57647610, 0.69393730, 0.55445534, 0.81546003, 0.88275194, 0.14916611, 0.04698879, 0.28501707, 0.41802534, 0.63960934)
(0.01859014, 0.59007055, 0.71699077, 0.09678100, 0.64852786, 0.35937127, 0.39202404, 0.46878397, 0.62859613, 0.10001635)
(0.88181388, 0.44281867, 0.74396110, 0.50634784, 0.36863694, 0.64317852, 0.11412690, 0.68957168, 0.74393702, 0.53191680)
(0.57009304, 0.23680912, 0.83677322, 0.24210326, 0.65004969, 0.35386005, 0.06436316, 0.08219887, 0.21352200, 0.58489227)
(0.64926422, 0.48026630, 0.22748837, 0.40596414, 0.62213278, 0.72172999, 0.94842952, 0.42454660, 0.14725824, 0.41046607)
(0.41926605, 0.13632154, 0.88644904, 0.17196658, 0.45451304, 0.43697780, 0.86433929, 0.18838015, 0.54292750, 0.54433417)
(0.78778714, 0.71186054, 0.84612280, 0.33129084, 0.21690808, 0.16335830, 0.12233779, 0.50070125, 0.05687740, 0.25128230)
(0.60483474, 0.42423251, 0.28203884, 0.56076884, 0.54795712, 0.67485070, 0.56313133, 0.15090665, 0.08725056, 0.02298565)
(0.68593425, 0.82492357, 0.44269538, 0.49421489, 0.28036606, 0.40479949, 0.61399108, 0.82215536, 0.26295528, 0.21160300)
(0.20771614, 0.65411961, 0.43839273, 0.80318815, 0.86954135, 0.45789245, 0.09514937, 0.58576572, 0.22855256, 0.35731274)
(0.92461741, 0.18073423, 0.71667379, 0.02178783, 0.59439868, 0.61551112, 0.64065683, 0.56853294, 0.12934162, 0.62579173)
(0.23701462, 0.25673348, 0.21845138, 0.70512056, 0.46479207, 0.37939841, 0.68969697, 0.21100874, 0.78523594, 0.85846573)
(0.07180406, 0.79589522, 0.63827419, 0.49543837, 0.86854905, 0.49304497, 0.76554698, 0.73073024, 0.12104648, 0.25263059)
(0.08218761, 0.82946050, 0.84512204, 0.15571693, 0.57817960, 0.31314120, 0.07421891, 0.43574956, 0.18760608, 0.08188269)
(0.34193242, 0.55440938, 0.84232181, 0.65092415, 0.13821703, 0.45687029, 0.71778905, 0.18173134, 0.72324014, 0.95368701)
(0.27497992, 0.41520378, 0.01320060, 0.52522868, 0.33898085, 0.80751663, 0.39602152, 0.65396559, 0.11546469, 0.25652567)
(0.69594407, 0.32947159, 0.59169143, 0.26256332, 0.05264889, 0.82048720, 0.89055216, 0.45128062, 0.75043446, 0.68087441)
(0.58915657, 0.74327838, 0.29658714, 0.87079692, 0.88295966, 0.72777200, 0.41279390, 0.23791535, 0.06772320, 0.39316049)
(0.97292727, 0.26471958, 0.68377292, 0.53613865, 0.15389618, 0.25736108, 0.57741600, 0.35267827, 0.11096878, 0.50228375)
(0.78999865, 0.66133410, 0.89249015, 0.34159678, 0.24908793, 0.50265670, 0.90889430, 0.17132024, 0.41752303, 0.78821498)
(0.82396704, 0.33760551, 0.58838093, 0.62030888, 0.70616835, 0.67135280, 0.87643445, 0.17028874, 0.57105964, 0.73909169)
(0.45746705, 0.68054092, 0.14064017, 0.30936125, 0.56162506, 0.62992406, 0.91379791, 0.46625364, 0.13313837, 0.11368641)
(0.47045112, 0.35969561, 0.19931342, 0.43754798, 0.16366415, 0.54898244, 0.34666911, 0.95378351, 0.20365135, 0.34145632)
(0.65373230, 0.67475569, 0.48229843, 0.74750161, 0.55842352, 0.15695833, 0.81595045, 0.07544102, 0.81686163, 0.80074489)
(0.67258871, 0.77610159, 0.71035200, 0.64984125, 0.48554772, 0.63686985, 0.31717056, 0.18597554, 0.08982106, 0.05728394)
(0.80629528, 0.45412669, 0.07529278, 0.58841765, 0.84662282, 0.51308042, 0.60627675, 0.37234327, 0.19973575, 0.23443583)
(0.53595597, 0.46768722, 0.53294742, 0.39979777, 0.32298523, 0.26563239, 0.62683189, 0.23526295, 0.67343491, 0.59988892)
(0.08033869, 0.18224931, 0.52979958, 0.72111571, 0.47881845, 0.71822232, 0.27939370, 0.42623433, 0.08101435, 0.32701123)
(0.30719277, 0.71052301, 0.16440019, 0.54404050, 0.64485610, 0.67323685, 0.63163650, 0.01850695, 0.15549055, 0.56495786)
(0.62399840, 0.46127495, 0.75295103, 0.31775144, 0.58210874, 0.04205238, 0.26939023, 0.11126219, 0.75400913, 0.20882040)
(0.85981792, 0.59010106, 0.33894202, 0.33177209, 0.57449299, 0.70896113, 0.69359517, 0.71660572, 0.13296211, 0.52033502)
(0.55306274, 0.52856028, 0.93561500, 0.19933060, 0.83572775, 0.46659401, 0.46988723, 0.32733020, 0.55026078, 0.10704789)
(0.81337273, 0.18756269, 0.24837144, 0.89210594, 0.20873028, 0.48854330, 0.05720025, 0.30507389, 0.15802737, 0.80774975)
(0.77152091, 0.57190949, 0.59389788, 0.62891555, 0.49206695, 0.01223680, 0.54520458, 0.22174744, 0.50436014, 0.52044034)
(0.45693520, 0.37781993, 0.73847359, 0.38840765, 0.83416927, 0.10629327, 0.15341178, 0.50942647, 0.42246923, 0.85871780)
(0.01802818, 0.81246477, 0.86633933, 0.84575874, 0.80283755, 0.68187439, 0.09017590, 0.56460339, 0.38307676, 0.69571960)
(0.08894506, 0.61792678, 0.38734934, 0.74846697, 0.12572147, 0.84017831, 0.12954201, 0.62530315, 0.11799002, 0.69111788)
(0.38647568, 0.46607348, 0.05774545, 0.40291679, 0.50671560, 0.61197197, 0.75300139, 0.20560104, 0.81613731, 0.86533022)
(0.09998363, 0.31435084, 0.79810721, 0.02810995, 0.95958066, 0.35309887, 0.43466717, 0.23058099, 0.75774449, 0.04929112)
(0.06553247, 0.66081369, 0.86206174, 0.11236676, 0.47136268, 0.47828254, 0.53572661, 0.58350509, 0.42275086, 0.14466609)
(0.05032249, 0.19014449, 0.92742920, 0.75012785, 0.62852693, 0.64277476, 0.28503370, 0.06813738, 0.18861784, 0.28878421)
(0.92112368, 0.62012196, 0.19079264, 0.65606117, 0.82625115, 0.54730362, 0.60596120, 0.53616816, 0.09358659, 0.77163625)
(0.50529790, 0.61037207, 0.83059496, 0.72899729, 0.67084652, 0.35220438, 0.48374498, 0.59509939, 0.96553534, 0.12653086)
(0.20428844, 0.75889337, 0.67822033, 0.60897839, 0.72057492, 0.14705855, 0.22710903, 0.14196122, 0.38395953, 0.52594459)
(0.59346223, 0.83141911, 0.59316450, 0.26601142, 0.25974390, 0.63675940, 0.90213442, 0.83273071, 0.26881737, 0.60507041)
(0.72567219, 0.36771709, 0.08527122, 0.87482679, 0.61655128, 0.91255766, 0.15343077, 0.71415359, 0.26939380, 0.37614462)
(0.87349170, 0.08423139, 0.28005919, 0.27158734, 0.21843892, 0.35658404, 0.37115219, 0.30453408, 0.10447174, 0.53089780)
(0.31645849, 0.47770181, 0.25393951, 0.67828280, 0.97232741, 0.45396626, 0.42193466, 0.32335895, 0.20031865, 0.26351914)
(0.26998943, 0.34389329, 0.58789986, 0.45412678, 0.96954489, 0.12886848, 0.70713800, 0.32208106, 0.63685548, 0.41945070)
(0.33065104, 0.76019210, 0.75088513, 0.81273568, 0.73525298, 0.18639752, 0.08969501, 0.50989807, 0.27076599, 0.36405453)
(0.10609286, 0.91202193, 0.29351225, 0.74327397, 0.31077191, 0.38451159, 0.61951834, 0.18888362, 0.08884314, 0.10790751)
(0.56094265, 0.57549280, 0.89788747, 0.45234218, 0.60334009, 0.26776114, 0.02112660, 0.36068198, 0.42746040, 0.46764523)
(0.52586704, 0.44731170, 0.40441912, 0.38540837, 0.48104373, 0.63440114, 0.82203758, 0.54226124, 0.04734746, 0.44569346)
(0.22759633, 0.31098348, 0.43842453, 0.34772244, 0.46248314, 0.93388051, 0.25740761, 0.55437100, 0.34016475, 0.59411347)
(0.70306033, 0.62413770, 0.12558568, 0.80889666, 0.79017156, 0.25705215, 0.20697936, 0.30768579, 0.08675377, 0.54441494)
(0.71344197, 0.35656607, 0.63983369, 0.02556990, 0.56397569, 0.57393831, 0.36288673, 0.94506991, 0.18287732, 0.18044902)
(0.04657635, 0.43073964, 0.13816278, 0.40121046, 0.71483326, 0.77263671, 0.66328472, 0.66189581, 0.11663895, 0.41078195)
(0.57887930, 0.14140597, 0.67119443, 0.03754783, 0.32668418, 0.96360874, 0.11415011, 0.43715048, 0.37563422, 0.20569023)
(0.88518155, 0.29262283, 0.52633226, 0.70849174, 0.81826800, 0.54156685, 0.66512513, 0.47325629, 0.25591087, 0.51874816)
(0.48720127, 0.26199859, 0.46305841, 0.40109476, 0.59460807, 0.25314945, 0.85599142, 0.06833673, 0.80349106, 0.88467342)
(0.36005130, 0.53632063, 0.53196675, 0.08381260, 0.11323727, 0.45630550, 0.47802505, 0.86952782, 0.30352733, 0.07870591)
(0.64759862, 0.51444399, 0.16991055, 0.74650657, 0.77488160, 0.21092363, 0.61673534, 0.21933872, 0.91004634, 0.83777738)
(0.18002851, 0.82985556, 0.57323861, 0.52388036, 0.81832254, 0.70337003, 0.02774413, 0.48304191, 0.90320045, 0.57315779)
(0.53831595, 0.47513494, 0.26701033, 0.67828131, 0.88259971, 0.18352783, 0.34918365, 0.40538627, 0.27854934, 0.80303031)
(0.37956285, 0.30100474, 0.48367652, 0.09936291, 0.82778382, 0.50817955, 0.09994312, 0.54254276, 0.49413180, 0.27085561)
(0.36053100, 0.35587955, 0.38351929, 0.41267329, 0.09574875, 0.94878942, 0.23588851, 0.28227934, 0.09207435, 0.63701093)
(0.48926142, 0.09005118, 0.33162808, 0.67903471, 0.30710456, 0.16513431, 0.96345347, 0.45877323, 0.42336959, 0.56141615)
(0.28619751, 0.89325064, 0.53190160, 0.69015878, 0.77580988, 0.14633104, 0.10470304, 0.44339845, 0.28312969, 0.91218960)
(0.10717566, 0.11441033, 0.62212998, 0.84043896, 0.59347421, 0.54956454, 0.28666595, 0.24115768, 0.31936610, 0.72635823)
(0.42044219, 0.78517026, 0.50405592, 0.58226454, 0.16183399, 0.58908927, 0.39080882, 0.38055629, 0.02221960, 0.60664058)
(0.69615424, 0.78827852, 0.41409895, 0.37860790, 0.17784242, 0.59729761, 0.92491710, 0.89482445, 0.67542249, 0.20466709)
(0.88124794, 0.81384033, 0.27401796, 0.72077608, 0.51093721, 0.76580256, 0.56097883, 0.46910086, 0.14396921, 0.35470289)
(0.89124960, 0.10489669, 0.61161542, 0.06140582, 0.26172796, 0.80108178, 0.05039256, 0.20924293, 0.65719014, 0.81240869)
(0.72268456, 0.58756626, 0.22347063, 0.33426324, 0.63188100, 0.92076635, 0.37841895, 0.53700513, 0.27371639, 0.62340969)
(0.81593037, 0.86203331, 0.17798313, 0.65572166, 0.43827322, 0.56811547, 0.73320109, 0.84602672, 0.08742334, 0.32777876)
(0.53419107, 0.66872710, 0.25407103, 0.82106185, 0.51426089, 0.61950952, 0.81541938, 0.23262721, 0.73574948, 0.88192475)
(0.12951143, 0.40484509, 0.81954664, 0.56619400, 0.31801698, 0.54834580, 0.79474288, 0.53475940, 0.15067588, 0.14838979)
(0.45746210, 0.74386495, 0.73103642, 0.28222734, 0.55810535, 0.33404511, 0.49713644, 0.34083101, 0.50565749, 0.10831153)
(0.29890668, 0.13439411, 0.87773287, 0.53828406, 0.45562023, 0.06104478, 0.77151042, 0.42145109, 0.33478186, 0.79475474)
(0.78968984, 0.20891793, 0.14700574, 0.22472648, 0.25254351, 0.29194817, 0.31407955, 0.76024300, 0.21973155, 0.14576636)
(0.69268698, 0.34042475, 0.38965046, 0.11658958, 0.26031017, 0.67382580, 0.22552997, 0.88454312, 0.31097782, 0.33915541)
(0.27780667, 0.80705059, 0.09689119, 0.56784207, 0.61696184, 0.71102178, 0.32380685, 0.19501643, 0.09292635, 0.77578884)
(0.53166395, 0.54479164, 0.81573969, 0.35882157, 0.87885571, 0.23257610, 0.31959981, 0.06632131, 0.34629068, 0.73359925)
(0.23658541, 0.93182135, 0.56718606, 0.43185753, 0.12699464, 0.24974732, 0.49462298, 0.35165864, 0.25508958, 0.08095102)
(0.68077987, 0.32811567, 0.37038320, 0.68689662, 0.78196269, 0.15582907, 0.56350982, 0.15836523, 0.20087831, 0.86154562)
(0.83670539, 0.57168055, 0.33222517, 0.70392388, 0.53811806, 0.80621779, 0.19708821, 0.19770861, 0.20186223, 0.73511547)
(0.58187515, 0.47832480, 0.37838405, 0.16153632, 0.45531416, 0.62548953, 0.90495020, 0.44246635, 0.07805927, 0.25346592)
(0.75047296, 0.12400563, 0.36337829, 0.71283668, 0.60405856, 0.33576658, 0.91936690, 0.21431029, 0.36522439, 0.86066610)
(0.28423348, 0.05456312, 0.09487405, 0.33251277, 0.36666286, 0.92150974, 0.38155395, 0.86854756, 0.27479705, 0.21513845)
(0.38419643, 0.63649708, 0.90184975, 0.86192423, 0.40423554, 0.41216046, 0.01975768, 0.51958579, 0.19010390, 0.95071650)
(0.71598285, 0.72573143, 0.45202681, 0.71075112, 0.31885672, 0.41339508, 0.41237637, 0.84794837, 0.07628351, 0.82481593)
(0.74048680, 0.52327871, 0.95697844, 0.40008700, 0.66080314, 0.19917549, 0.32610247, 0.22718212, 0.65065926, 0.35990092)
(0.21109827, 0.29386982, 0.62534714, 0.40406930, 0.04719634, 0.97058702, 0.17768028, 0.45729676, 0.82226408, 0.65019011)
(0.10748751, 0.50873566, 0.07357989, 0.70146686, 0.76847404, 0.75129306, 0.45612124, 0.20105530, 0.12572433, 0.40942192)
(0.37751579, 0.70345265, 0.14206092, 0.33912978, 0.71746880, 0.06237331, 0.55173105, 0.36532095, 0.78769028, 0.59667784)
(0.79161471, 0.17198855, 0.48724982, 0.86191052, 0.60722524, 0.52734405, 0.80483502, 0.53456503, 0.40166837, 0.95504272)
(0.90606678, 0.39835420, 0.74109584, 0.02026692, 0.65811050, 0.59707111, 0.38520133, 0.95513850, 0.25075844, 0.53230071)
(0.47555405, 0.75849771, 0.57711321, 0.53047222, 0.21304296, 0.43683755, 0.82865477, 0.37925425, 0.41435274, 0.02373941)
(0.90435547, 0.24688421, 0.63598639, 0.88646561, 0.64788449, 0.80526799, 0.26753694, 0.48659116, 0.12809195, 0.66478038)
(0.31794065, 0.61797291, 0.43628302, 0.36667025, 0.13082394, 0.80891228, 0.29768759, 0.97317684, 0.19376114, 0.67555648)
(0.23656425, 0.16277538, 0.18797439, 0.54992706, 0.72082436, 0.81892675, 0.80796480, 0.50599170, 0.08416244, 0.09599263)
(0.41214135, 0.40989232, 0.62983000, 0.24979252, 0.73246020, 0.71568841, 0.65664768, 0.46629494, 0.10147246, 0.16678010)
(0.56559837, 0.55098647, 0.29174402, 0.74687433, 0.76261723, 0.63795376, 0.30602795, 0.07311455, 0.12616098, 0.53962702)
(0.45658788, 0.12776089, 0.80752271, 0.10903905, 0.27955642, 0.21025227, 0.83453101, 0.13876806, 0.03604293, 0.90453357)
(0.59959185, 0.61843699, 0.45155364, 0.70925784, 0.52508444, 0.26025128, 0.81455022, 0.84458625, 0.16991776, 0.84163356)
(0.52922076, 0.56032968, 0.61926049, 0.34336051, 0.72270566, 0.52862680, 0.18364763, 0.78548270, 0.11101754, 0.44962770)
(0.53021383, 0.75975418, 0.28876063, 0.58563960, 0.04658697, 0.50517172, 0.81213963, 0.08351301, 0.52558613, 0.62693948)
(0.66516262, 0.05947043, 0.19080965, 0.60845679, 0.41037276, 0.18421733, 0.62203753, 0.20394401, 0.03168124, 0.89816386)
(0.52879751, 0.28973046, 0.60859579, 0.49615526, 0.56002730, 0.09265535, 0.86101991, 0.11595598, 0.27267554, 0.82313901)
(0.25624689, 0.42586380, 0.93403161, 0.31001195, 0.85064298, 0.24113040, 0.47477922, 0.52956653, 0.22243640, 0.13933405)
(0.07669481, 0.28019875, 0.24762948, 0.22461393, 0.32068875, 0.91933143, 0.36647224, 0.98305178, 0.37108317, 0.39975312)
(0.04562889, 0.30074152, 0.78906196, 0.08976785, 0.59817308, 0.31004247, 0.38315213, 0.43648750, 0.64091790, 0.12228382)
(0.77629435, 0.39314809, 0.81919926, 0.10907000, 0.59245831, 0.52007943, 0.92244703, 0.44054401, 0.21407890, 0.65920460)
(0.42738584, 0.29337460, 0.17074798, 0.24286394, 0.46969447, 0.77637601, 0.64427042, 0.64511901, 0.10502958, 0.04600477)
(0.20577946, 0.90014231, 0.41097450, 0.32156062, 0.11516789, 0.35413396, 0.74910486, 0.69354570, 0.16429658, 0.43570393)
(0.77389866, 0.10160640, 0.34031969, 0.83010167, 0.44872862, 0.71764803, 0.17840156, 0.79788530, 0.77802181, 0.92959863)
(0.53697586, 0.93659675, 0.59924626, 0.45907485, 0.30880597, 0.76861012, 0.53936499, 0.89928174, 0.10703046, 0.34872472)
(0.64031649, 0.62410408, 0.83510739, 0.51853472, 0.30557269, 0.08051939, 0.40620360, 0.25127730, 0.88176185, 0.49712497)
(0.68404186, 0.63458610, 0.54951620, 0.48370749, 0.91408688, 0.44406089, 0.75441539, 0.05532251, 0.54807520, 0.14781605)
(0.38481134, 0.28107283, 0.66420794, 0.33263814, 0.60798675, 0.04582849, 0.61162180, 0.11180288, 0.61182660, 0.87865049)
(0.26020601, 0.83078033, 0.25780535, 0.84106320, 0.42223173, 0.27632892, 0.12923047, 0.32768553, 0.92465574, 0.81291211)
(0.43689921, 0.24667324, 0.79745305, 0.79262334, 0.98245746, 0.16778675, 0.30955300, 0.18602712, 0.46692997, 0.46913779)
(0.83353055, 0.49156097, 0.17475413, 0.47578919, 0.59546524, 0.64608419, 0.93347293, 0.32348922, 0.75531960, 0.51046914)
(0.15109879, 0.24050808, 0.31413862, 0.87117231, 0.10565846, 0.32559195, 0.83524042, 0.30021855, 0.73948616, 0.90628183)
(0.63116401, 0.26328442, 0.39966711, 0.49972418, 0.53983927, 0.85748154, 0.44582096, 0.25976259, 0.09064870, 0.84278971)
(0.75933117, 0.48404610, 0.78542006, 0.27908885, 0.48073012, 0.29201055, 0.03870237, 0.31429446, 0.29427499, 0.47289783)
(0.86107826, 0.73209029, 0.46126127, 0.63689369, 0.62414664, 0.48266795, 0.81463265, 0.09380846, 0.46756083, 0.22182728)
(0.35707489, 0.09171975, 0.70847684, 0.44532716, 0.54570532, 0.17308180, 0.66546601, 0.29049361, 0.09905738, 0.60954297)
(0.51052362, 0.76603216, 0.36551169, 0.64647120, 0.66646332, 0.04515302, 0.30760363, 0.42979923, 0.97287613, 0.95189059)
(0.15150939, 0.30313170, 0.84756082, 0.73428327, 0.92949760, 0.17227960, 0.40046251, 0.59038782, 0.64070135, 0.14289778)
(0.39642656, 0.47881407, 0.74090385, 0.14126149, 0.90541321, 0.30604327, 0.75421399, 0.08082143, 0.26122874, 0.88523656)
(0.36772123, 0.97053111, 0.63196152, 0.32384411, 0.16783899, 0.71552342, 0.90335810, 0.61248708, 0.79866558, 0.37205160)
(0.71626019, 0.12962034, 0.18474083, 0.29181993, 0.44216964, 0.87727731, 0.64188874, 0.40658367, 0.16382273, 0.43650827)
(0.14615531, 0.30990246, 0.52238017, 0.77368134, 0.34995443, 0.04244446, 0.71709329, 0.30596220, 0.87798005, 0.95271403)
(0.45479113, 0.50668788, 0.61462897, 0.05289268, 0.19479679, 0.82389832, 0.17551968, 0.98200065, 0.38506797, 0.56639838)
(0.52814996, 0.82573438, 0.47296849, 0.78206295, 0.66512948, 0.24216647, 0.25832269, 0.71142960, 0.04624645, 0.47614807)
(0.38874188, 0.62619269, 0.77508605, 0.13232966, 0.54408312, 0.74948716, 0.18962699, 0.71571416, 0.08297630, 0.24350242)
(0.66185904, 0.47929108, 0.68334854, 0.61360937, 0.52416122, 0.35192063, 0.37695283, 0.78263736, 0.06026127, 0.63912117)
(0.11930078, 0.61243063, 0.88247234, 0.44414437, 0.49674511, 0.46125618, 0.43183184, 0.66474998, 0.15169528, 0.12927493)
(0.33158800, 0.18654585, 0.79757380, 0.19193260, 0.55555695, 0.26111037, 0.76204884, 0.17164071, 0.07860508, 0.76880401)
(0.59271383, 0.37152934, 0.71333885, 0.86312640, 0.27219111, 0.20264597, 0.57248402, 0.43771079, 0.57979333, 0.98174381)
(0.26705161, 0.95352459, 0.81310904, 0.43669078, 0.33177140, 0.45367610, 0.13287526, 0.42443115, 0.05357526, 0.40576401)
(0.25636765, 0.10731855, 0.56989759, 0.47239217, 0.50881237, 0.20991197, 0.32996628, 0.20274557, 0.14364643, 0.67089772)
(0.64015520, 0.35257328, 0.51050949, 0.56623828, 0.81735975, 0.16336820, 0.78571582, 0.26885569, 0.24238530, 0.67231202)
(0.63718045, 0.32523730, 0.34605840, 0.66569585, 0.30521011, 0.76066023, 0.12105536, 0.08141766, 0.11922004, 0.78428698)
(0.02846947, 0.42723429, 0.66392088, 0.73191947, 0.83825701, 0.41755641, 0.47206774, 0.53923076, 0.17571945, 0.41402546)
(0.34167963, 0.75366366, 0.72504622, 0.96879286, 0.95055008, 0.51156092, 0.27878234, 0.37630683, 0.54684770, 0.17397490)
(0.93969929, 0.49572694, 0.45343047, 0.90769708, 0.66914588, 0.53830981, 0.82062376, 0.36817217, 0.45512059, 0.85667342)
(0.75433379, 0.37734416, 0.87226957, 0.75582933, 0.77980876, 0.27810296, 0.08476387, 0.19587846, 0.17393959, 0.57242823)
(0.13129233, 0.95951098, 0.58612555, 0.38137719, 0.43053952, 0.29318622, 0.29153261, 0.45253593, 0.90299320, 0.29765505)
(0.82011372, 0.77076328, 0.69979936, 0.58863813, 0.87623656, 0.54624963, 0.77749795, 0.51371497, 0.50360143, 0.11224972)
(0.37889209, 0.21551652, 0.25098103, 0.65190995, 0.47422522, 0.53164697, 0.89816964, 0.19574441, 0.69923031, 0.87511861)
(0.86040175, 0.25163230, 0.45515457, 0.81050372, 0.43628833, 0.29633108, 0.83150887, 0.33739296, 0.08572666, 0.96651459)
(0.78080016, 0.49360374, 0.08269913, 0.65082562, 0.26547015, 0.79950911, 0.53383362, 0.71243119, 0.09670547, 0.32203415)
(0.27593595, 0.57266372, 0.71878016, 0.43653125, 0.61604351, 0.07112021, 0.68453497, 0.54237938, 0.81606722, 0.75888669)
(0.56504738, 0.49827412, 0.42021760, 0.75880933, 0.31614840, 0.33106041, 0.50731170, 0.06146941, 0.72529018, 0.55988991)
(0.35028315, 0.22492465, 0.10699619, 0.68222463, 0.22276983, 0.72611088, 0.21072142, 0.25617951, 0.16674848, 0.46184155)
(0.29210150, 0.28849348, 0.73345816, 0.06115515, 0.80682880, 0.22108030, 0.20291749, 0.27936855, 0.87258697, 0.02185237)
(0.27666554, 0.42497057, 0.09349591, 0.60859358, 0.60585064, 0.83552086, 0.48345292, 0.34717792, 0.08837273, 0.82220846)
(0.68551743, 0.05052622, 0.18176794, 0.62305969, 0.48208568, 0.79241157, 0.26705942, 0.70006377, 0.53786272, 0.15626231)
(0.75976098, 0.59703803, 0.54036433, 0.87649029, 0.76756072, 0.89637309, 0.12737271, 0.57865095, 0.28976288, 0.76985770)
(0.19377388, 0.67038482, 0.27386141, 0.52945101, 0.35800859, 0.64215237, 0.54905820, 0.09335265, 0.10119104, 0.54066664)
(0.12604631, 0.52170044, 0.53709352, 0.39997423, 0.86407310, 0.23933770, 0.25745174, 0.32510838, 0.66202962, 0.45935133)
(0.30394554, 0.40081364, 0.75225842, 0.10872307, 0.62263900, 0.84114200, 0.51552904, 0.36320201, 0.10211381, 0.17895348)
(0.84771645, 0.69490314, 0.47270671, 0.85213882, 0.82425582, 0.30414891, 0.68778503, 0.47945225, 0.71031255, 0.57153755)
(0.34612390, 0.53294867, 0.78528959, 0.32201341, 0.43619803, 0.51427108, 0.45541373, 0.09491474, 0.93123388, 0.26422861)
(0.62699783, 0.01782576, 0.47324610, 0.70655245, 0.27708486, 0.13122450, 0.53432399, 0.55505520, 0.02037809, 0.87339175)
(0.76660770, 0.61051494, 0.77015597, 0.05732745, 0.68247932, 0.06940648, 0.32650715, 0.28044191, 0.84278190, 0.24215552)
(0.60430545, 0.71969980, 0.86744690, 0.86472011, 0.67020351, 0.05945866, 0.07656088, 0.29472420, 0.16445355, 0.82170916)
(0.86276013, 0.37235001, 0.64188915, 0.18855700, 0.23354356, 0.48512468, 0.45284501, 0.89949948, 0.15188032, 0.47311676)
(0.07202419, 0.67607379, 0.70333153, 0.58357537, 0.85553747, 0.27165923, 0.50179023, 0.58860379, 0.16135524, 0.15466855)
(0.29803115, 0.60217297, 0.63368738, 0.33828142, 0.63385630, 0.34128818, 0.44612983, 0.54787767, 0.27380753, 0.19748516)
(0.28757477, 0.04219787, 0.45644400, 0.07006622, 0.16625628, 0.88883090, 0.28889409, 0.58808362, 0.69983250, 0.66125667)
(0.93677551, 0.34041607, 0.36637533, 0.49072739, 0.14134598, 0.63175428, 0.20311727, 0.86290574, 0.24593948, 0.34287977)
(0.30350393, 0.49988893, 0.04482165, 0.46650267, 0.21778871, 0.88476467, 0.55044198, 0.69519651, 0.09783255, 0.15736024)
(0.63411099, 0.31717080, 0.18538240, 0.23772711, 0.22624756, 0.88477355, 0.71051490, 0.58392447, 0.08739404, 0.21427758)
(0.25945494, 0.39337313, 0.25874138, 0.29420108, 0.02200879, 0.94365257, 0.23591933, 0.71625859, 0.12323394, 0.49913308)
(0.21420220, 0.42279071, 0.53575927, 0.47065741, 0.96100050, 0.23433730, 0.37713104, 0.26887181, 0.67089987, 0.42473602)
(0.12793435, 0.78313088, 0.12682144, 0.88328779, 0.76243001, 0.39748108, 0.70179218, 0.08909056, 0.22546157, 0.19052204)
(0.33622202, 0.65960586, 0.60216963, 0.55117136, 0.30409583, 0.95069289, 0.83245116, 0.45675904, 0.10474347, 0.46272147)
(0.88179439, 0.80752760, 0.79268759, 0.25825191, 0.63458401, 0.63838774, 0.53464276, 0.22439921, 0.22671100, 0.12024543)
(0.34014544, 0.22664641, 0.47207624, 0.67702127, 0.80331248, 0.12132730, 0.39047787, 0.24210984, 0.27490637, 0.90846246)
(0.25321314, 0.47210765, 0.58093637, 0.05220814, 0.39420494, 0.58440244, 0.54181355, 0.98131436, 0.22201876, 0.11359410)
(0.59938401, 0.22798981, 0.05346488, 0.16881524, 0.61778659, 0.78020406, 0.14961399, 0.97015488, 0.45542294, 0.17734598)
(0.81024766, 0.04840666, 0.58461022, 0.77159983, 0.04598366, 0.41249385, 0.91117990, 0.79091835, 0.17001835, 0.72767985)
(0.85574508, 0.41258079, 0.59743774, 0.05709875, 0.21993600, 0.63763148, 0.19046700, 0.72171909, 0.11727582, 0.39072889)
(0.67379725, 0.85142511, 0.62652999, 0.55908114, 0.77530146, 0.02424026, 0.39814368, 0.67014837, 0.91102809, 0.82086897)
(0.63462394, 0.07219773, 0.55109906, 0.31696656, 0.14660271, 0.10306857, 0.73796594, 0.19960660, 0.03897190, 0.91327381)
(0.45781440, 0.48111823, 0.74358523, 0.33540738, 0.37408102, 0.25094131, 0.04322501, 0.22730716, 0.95547706, 0.28044045)
(0.11477684, 0.47691783, 0.74979275, 0.92494148, 0.61250877, 0.05674331, 0.24358031, 0.07229450, 0.33759022, 0.41073397)
(0.39731511, 0.76264584, 0.08372914, 0.60958523, 0.83901751, 0.65505958, 0.70716441, 0.31862736, 0.04011906, 0.47060466)
(0.31837544, 0.52317381, 0.65883577, 0.73662364, 0.12975912, 0.69836324, 0.55959684, 0.37036908, 0.83072352, 0.35815281)
(0.36683449, 0.30796805, 0.14680389, 0.22261585, 0.49612451, 0.62965888, 0.53190827, 0.81844276, 0.21603526, 0.35788170)
(0.57479101, 0.26216957, 0.20969209, 0.63412434, 0.09426275, 0.85932589, 0.11275664, 0.45749629, 0.58360499, 0.29510131)
(0.36403012, 0.80500495, 0.10950353, 0.75404000, 0.08151706, 0.62613785, 0.88302493, 0.39049715, 0.85908753, 0.47905350)
(0.37660691, 0.54449725, 0.88268191, 0.74753410, 0.83711731, 0.35448870, 0.02673335, 0.50822473, 0.48998436, 0.59254682)
(0.58917487, 0.67268556, 0.22648093, 0.58355999, 0.57437247, 0.46734753, 0.46606392, 0.63111192, 0.03532480, 0.41127124)
(0.66410631, 0.53158069, 0.33007827, 0.52365625, 0.86552119, 0.09157467, 0.53651702, 0.31234705, 0.90157574, 0.78344047)
(0.51181698, 0.10417636, 0.85934484, 0.56387830, 0.65812391, 0.50782835, 0.16288069, 0.29145765, 0.08793271, 0.96636379)
(0.16991329, 0.44411379, 0.90471423, 0.20978850, 0.80267000, 0.29838228, 0.56471288, 0.43788132, 0.42914346, 0.19430847)
(0.41706389, 0.49552804, 0.23791379, 0.53345037, 0.85688704, 0.19235171, 0.74088526, 0.40510508, 0.26031139, 0.62308490)
(0.74960488, 0.59911710, 0.22671124, 0.66929156, 0.88619590, 0.44171828, 0.94374639, 0.22514454, 0.70574659, 0.89166325)
(0.91578072, 0.76356810, 0.70595741, 0.01215747, 0.22025581, 0.85379124, 0.78448635, 0.92014331, 0.24973516, 0.65801692)
(0.45032567, 0.49258024, 0.78736919, 0.03921802, 0.77238637, 0.06358030, 0.18870635, 0.19291183, 0.29179308, 0.04295932)
(0.01627486, 0.63810992, 0.90043837, 0.30753443, 0.77319062, 0.38635963, 0.50335443, 0.68248940, 0.27674964, 0.42724583)
(0.76776177, 0.72286946, 0.93004429, 0.02406810, 0.14948480, 0.31459638, 0.44126266, 0.73702312, 0.06937318, 0.58897483)
(0.24388537, 0.54261762, 0.03274581, 0.50607419, 0.33164918, 0.89495504, 0.67255330, 0.73252529, 0.07464463, 0.72112912)
(0.28052709, 0.44688815, 0.27637151, 0.46110335, 0.29146370, 0.85330814, 0.18290448, 0.22424996, 0.12935941, 0.39414126)
(0.23486607, 0.25207770, 0.63235241, 0.38153124, 0.52291614, 0.03860921, 0.58976454, 0.20811336, 0.83624685, 0.90038610)
(0.92324686, 0.27593398, 0.41777459, 0.88022876, 0.34390146, 0.73342818, 0.89352280, 0.42109972, 0.53466368, 0.73905337)
(0.53565568, 0.27175653, 0.48711595, 0.54851043, 0.89444798, 0.15443937, 0.55277848, 0.11676247, 0.70949048, 0.27756605)
(0.81515163, 0.15312120, 0.19445921, 0.55176556, 0.11942837, 0.57012165, 0.19381568, 0.45162222, 0.96697092, 0.88912219)
(0.69698751, 0.54507387, 0.18526764, 0.61302513, 0.91370881, 0.44021168, 0.87370455, 0.26577303, 0.20796224, 0.53057820)
(0.92501777, 0.49413925, 0.78119493, 0.88085496, 0.69757819, 0.58926213, 0.45926383, 0.23881707, 0.13276063, 0.72138226)
(0.23595867, 0.08063895, 0.14969966, 0.21347278, 0.21563064, 0.92329836, 0.29777616, 0.28587750, 0.24475719, 0.52731967)
(0.21541451, 0.58265835, 0.27225211, 0.51849395, 0.86870533, 0.16267282, 0.50011688, 0.24847691, 0.45255664, 0.30752382)
(0.84773540, 0.21337393, 0.19646135, 0.21975482, 0.27860698, 0.33897847, 0.90395421, 0.33761773, 0.13260613, 0.54782653)
(0.31896865, 0.63144839, 0.10312503, 0.75132245, 0.81222880, 0.40060937, 0.30306533, 0.21042947, 0.07937113, 0.51575410)
(0.18248656, 0.42178717, 0.70301938, 0.39068380, 0.42091325, 0.32853335, 0.05236588, 0.25986010, 0.92955208, 0.06860293)
(0.48416796, 0.38084364, 0.71706182, 0.58101135, 0.72237879, 0.46176612, 0.72992897, 0.51659715, 0.51712465, 0.07875817)
(0.08680870, 0.21059498, 0.15518390, 0.11104047, 0.45452017, 0.82300818, 0.75884575, 0.65710419, 0.07906366, 0.33248428)
(0.24320197, 0.39959568, 0.63191175, 0.19248797, 0.37283966, 0.41403919, 0.37355223, 0.75663036, 0.19488543, 0.18792158)
(0.92704976, 0.23780923, 0.76979059, 0.43610206, 0.15002912, 0.63823974, 0.93146574, 0.16949016, 0.67655748, 0.55503440)
(0.42617509, 0.38938418, 0.54533124, 0.53190017, 0.81987906, 0.52611756, 0.69570524, 0.09336006, 0.21528105, 0.74424994)
(0.45976374, 0.86104155, 0.75030690, 0.34675491, 0.18353122, 0.16162591, 0.33019942, 0.14695498, 0.80729526, 0.20552661)
(0.83301997, 0.66933501, 0.07533853, 0.73608017, 0.39970428, 0.71819055, 0.84823680, 0.58726418, 0.75431454, 0.32327530)
(0.42224959, 0.36592838, 0.25018132, 0.09123999, 0.26319292, 0.90619057, 0.56981450, 0.39389208, 0.10990550, 0.27986026)
(0.71238101, 0.48165619, 0.62432539, 0.93480134, 0.33132574, 0.54986179, 0.75002372, 0.20216279, 0.83772236, 0.86365342)
(0.68284690, 0.14572775, 0.65518224, 0.75490344, 0.34195894, 0.60428500, 0.05274439, 0.44983786, 0.53531742, 0.85354614)
(0.74067432, 0.39047900, 0.50212294, 0.17532237, 0.53344518, 0.58904028, 0.87818336, 0.69256353, 0.18269984, 0.12138717)
(0.51824039, 0.37974617, 0.78931266, 0.73878747, 0.36207324, 0.39714617, 0.81549156, 0.22222406, 0.52835548, 0.88565314)
(0.51175189, 0.23184560, 0.62457454, 0.82924539, 0.66908747, 0.02422413, 0.78333414, 0.29821607, 0.29459471, 0.91845244)
(0.88452500, 0.51809865, 0.70186800, 0.51234812, 0.37175879, 0.37398964, 0.66016006, 0.05022491, 0.43891641, 0.84597033)
(0.67644823, 0.57240945, 0.66812319, 0.59611648, 0.31147441, 0.67456138, 0.95633936, 0.80441034, 0.40826148, 0.53875947)
(0.45187706, 0.43073264, 0.72389573, 0.42910364, 0.45315933, 0.02292881, 0.11978740, 0.40076986, 0.14129902, 0.79280019)
(0.88597488, 0.49321443, 0.43898380, 0.53094405, 0.47926316, 0.46580425, 0.39560485, 0.02582167, 0.15408753, 0.51436502)
(0.46414554, 0.17891955, 0.94342506, 0.60446697, 0.12500863, 0.28571799, 0.68350112, 0.31666195, 0.11583068, 0.90777421)
(0.78115386, 0.28305891, 0.64572853, 0.17517230, 0.59040612, 0.72049177, 0.92307627, 0.37797225, 0.59042555, 0.49071202)
(0.66937602, 0.57162684, 0.63390690, 0.79151821, 0.84014243, 0.37236887, 0.69716579, 0.47669315, 0.39306065, 0.95087349)
(0.29640198, 0.68153131, 0.51651710, 0.83764035, 0.67521417, 0.40619415, 0.34392345, 0.54335445, 0.87468576, 0.04193585)
(0.49468589, 0.37444228, 0.45369342, 0.00810518, 0.26297617, 0.61855531, 0.53687680, 0.72148103, 0.13681617, 0.19892122)
(0.25652906, 0.96074551, 0.66604912, 0.72573549, 0.28410569, 0.49533772, 0.43690521, 0.08676573, 0.26088303, 0.29319325)
(0.55835694, 0.11182654, 0.37557203, 0.72947657, 0.02102559, 0.62588882, 0.95683980, 0.71566761, 0.63520926, 0.71366233)
(0.79331863, 0.23740450, 0.48642087, 0.32666165, 0.09468524, 0.73497361, 0.91243947, 0.44586480, 0.44309264, 0.67787826)
(0.89200085, 0.86603707, 0.84902567, 0.32950643, 0.55765891, 0.59244144, 0.42620769, 0.19152960, 0.17371184, 0.50413615)
(0.47316122, 0.76892519, 0.82387042, 0.41674060, 0.84838545, 0.07327347, 0.58764267, 0.49341792, 0.18224142, 0.78729790)
(0.70052779, 0.24463515, 0.14828289, 0.37153122, 0.18467356, 0.70981044, 0.35236982, 0.11473722, 0.05976735, 0.68366379)
(0.52439606, 0.60585058, 0.16374436, 0.54831475, 0.77667367, 0.57266098, 0.83640522, 0.20761316, 0.09235690, 0.50415260)
(0.41819048, 0.56731266, 0.74986047, 0.80034745, 0.75185817, 0.24185681, 0.12925221, 0.38644552, 0.98096138, 0.39476022)
(0.36845240, 0.68460131, 0.89715159, 0.70067704, 0.52068049, 0.51253933, 0.39783534, 0.33280531, 0.20760942, 0.07983251)
(0.28922561, 0.89622712, 0.59570616, 0.80929106, 0.33909351, 0.01266275, 0.34496355, 0.48458377, 0.76071286, 0.19323020)
(0.70265657, 0.39341527, 0.38715521, 0.35365841, 0.70577729, 0.40506059, 0.80903798, 0.06394177, 0.18983956, 0.80431807)
(0.20537786, 0.22824305, 0.62582469, 0.09334441, 0.63145363, 0.68286508, 0.07764728, 0.34529802, 0.51089686, 0.29538041)
(0.40308467, 0.29827690, 0.78311187, 0.48674026, 0.90006608, 0.15365152, 0.44238719, 0.09998644, 0.71622127, 0.19225472)
(0.74274087, 0.31529629, 0.59936845, 0.80301017, 0.47256437, 0.42331150, 0.11031692, 0.14921027, 0.07284266, 0.51451188)
(0.78884518, 0.40802950, 0.32592964, 0.57293242, 0.63594919, 0.09858254, 0.32119629, 0.05857709, 0.05646644, 0.47758654)
(0.40087229, 0.63672662, 0.87688249, 0.90059775, 0.46357745, 0.10398275, 0.70381784, 0.39649597, 0.71962184, 0.98170298)
(0.76924431, 0.39310354, 0.20193698, 0.63237435, 0.74473256, 0.87247592, 0.09010195, 0.78918457, 0.58570516, 0.54078031)
(0.77346992, 0.69113767, 0.19276953, 0.61471188, 0.21415423, 0.34245434, 0.83237809, 0.31730250, 0.13405053, 0.17722149)
(0.45610291, 0.16505043, 0.70721519, 0.89813393, 0.57947242, 0.91004932, 0.44578892, 0.31896865, 0.06444241, 0.23970857)
(0.64404517, 0.69486243, 0.22809210, 0.71327972, 0.64108825, 0.35411826, 0.41204360, 0.11503132, 0.14387609, 0.77873218)
(0.25039425, 0.83889765, 0.78680229, 0.36377069, 0.43273634, 0.42152277, 0.57909638, 0.33649802, 0.71742898, 0.11566421)
(0.54535079, 0.37935257, 0.49325708, 0.54864776, 0.79488933, 0.67291343, 0.44880438, 0.04239572, 0.14092916, 0.55424464)
(0.65858597, 0.63265604, 0.57188189, 0.53605068, 0.57732105, 0.17319551, 0.70252347, 0.13026601, 0.89443082, 0.40356776)
(0.71616799, 0.57757330, 0.18363358, 0.23047765, 0.45646313, 0.53402740, 0.85640055, 0.38622388, 0.17840885, 0.38972911)
(0.94829530, 0.53935295, 0.65176016, 0.02128101, 0.60034943, 0.71473175, 0.71035802, 0.86058187, 0.13148428, 0.58688474)
(0.61675739, 0.62112194, 0.86398727, 0.57782644, 0.93292272, 0.16037725, 0.29274863, 0.31075367, 0.84501708, 0.81754661)
(0.36297077, 0.63629317, 0.65085077, 0.51254284, 0.81538743, 0.11639280, 0.32502419, 0.64565855, 0.76945525, 0.17382056)
(0.29065776, 0.11853132, 0.09160879, 0.57523757, 0.32512927, 0.71424031, 0.21888275, 0.82706553, 0.68772066, 0.90923959)
(0.32961813, 0.30541024, 0.04701757, 0.68798953, 0.30904296, 0.76907223, 0.13050763, 0.97234941, 0.49075690, 0.26056659)
(0.36747032, 0.04241697, 0.63751978, 0.21945560, 0.16445702, 0.22866040, 0.83875895, 0.36229715, 0.34088770, 0.58079332)
(0.88727272, 0.42505240, 0.08945259, 0.51787931, 0.66670060, 0.65818524, 0.69843584, 0.38246068, 0.06175898, 0.71995509)
(0.58276594, 0.34577146, 0.67287296, 0.37335443, 0.46996519, 0.94153774, 0.35597208, 0.91298378, 0.33699474, 0.08091418)
(0.81620985, 0.34474260, 0.82273674, 0.18710986, 0.51156121, 0.51936793, 0.80701905, 0.07864269, 0.46566069, 0.87281203)
(0.72286826, 0.61160898, 0.06958926, 0.39658475, 0.61571193, 0.82894939, 0.26522094, 0.72688395, 0.24831809, 0.49580359)
(0.86290514, 0.44587725, 0.66534722, 0.58650392, 0.31578669, 0.59398550, 0.85292399, 0.53424269, 0.62606591, 0.49967226)
(0.73187321, 0.81466579, 0.95205760, 0.83870763, 0.20188235, 0.37275743, 0.35360777, 0.18568012, 0.33047596, 0.49584585)
(0.72458339, 0.66722906, 0.26420140, 0.92598671, 0.55649203, 0.77127701, 0.77152181, 0.61503577, 0.75856584, 0.60745895)
(0.05818966, 0.63470775, 0.08556853, 0.48213255, 0.46137142, 0.88214892, 0.69112211, 0.75955671, 0.22496977, 0.18363704)
(0.89007008, 0.53869504, 0.70505905, 0.73487318, 0.55965149, 0.45889801, 0.82901454, 0.12426800, 0.26746601, 0.64633894)
(0.61057961, 0.21276729, 0.31752843, 0.81220520, 0.34127235, 0.15140215, 0.86179018, 0.24091698, 0.50560004, 0.90886068)
(0.95812702, 0.40867990, 0.68974906, 0.77622586, 0.20195718, 0.42866260, 0.64538080, 0.66401500, 0.16364960, 0.63169819)
(0.03507969, 0.68175322, 0.58528990, 0.83600044, 0.95077449, 0.51269686, 0.63165885, 0.53112477, 0.45132518, 0.07568166)
(0.03109074, 0.81453717, 0.89714277, 0.24806516, 0.78495371, 0.34825218, 0.50506985, 0.63182437, 0.48560011, 0.16274337)
(0.65408945, 0.50560534, 0.41635752, 0.24527709, 0.56516045, 0.74415475, 0.76988852, 0.09427916, 0.11689211, 0.10776831)
(0.25717106, 0.61037350, 0.16532040, 0.91430825, 0.49122372, 0.91621459, 0.10336164, 0.75130904, 0.36092541, 0.39430580)
(0.68940502, 0.50944847, 0.81803954, 0.36763275, 0.23836121, 0.79853600, 0.56351340, 0.62630403, 0.60777801, 0.36277410)
(0.65245658, 0.58119971, 0.22636878, 0.89744312, 0.80716312, 0.64869297, 0.80846047, 0.66804022, 0.16105799, 0.04779132)
(0.13057068, 0.10930106, 0.15021800, 0.85383195, 0.31454921, 0.74125743, 0.28668657, 0.28135273, 0.18439610, 0.55832934)
(0.33451658, 0.40227455, 0.16360013, 0.85587245, 0.05794166, 0.54639870, 0.10247740, 0.31186798, 0.16110443, 0.41204911)
(0.63532656, 0.48423404, 0.55727941, 0.80876535, 0.59552634, 0.06886263, 0.40516597, 0.15722218, 0.90975571, 0.64516819)
(0.54618937, 0.49269736, 0.20209417, 0.75193417, 0.92241299, 0.11100815, 0.81686813, 0.33404034, 0.78978533, 0.94944829)
(0.79523349, 0.64695311, 0.71653152, 0.06155206, 0.66432399, 0.05430298, 0.27526182, 0.23939301, 0.76065373, 0.26861420)
(0.50992417, 0.76654166, 0.53926808, 0.02920674, 0.27296826, 0.49590582, 0.55576122, 0.93562973, 0.17602590, 0.11185300)
(0.23730183, 0.51993579, 0.68763554, 0.64904028, 0.63201922, 0.01240907, 0.66993159, 0.52791107, 0.91443503, 0.90658909)
(0.48239601, 0.33263400, 0.74450940, 0.65759027, 0.55370277, 0.00616446, 0.37264258, 0.27841350, 0.52262706, 0.91146410)
(0.15180144, 0.21523125, 0.21933128, 0.79694963, 0.33951381, 0.63553876, 0.14679624, 0.55096459, 0.28937253, 0.84525335)
(0.90236861, 0.60042816, 0.83616126, 0.05187343, 0.46616134, 0.66814554, 0.29627237, 0.90897900, 0.28099048, 0.35387152)
(0.34061524, 0.13746138, 0.94028753, 0.57507998, 0.89396167, 0.26381266, 0.15183780, 0.22076361, 0.37442020, 0.09460486)
(0.90241122, 0.41036427, 0.82372040, 0.07770564, 0.54124033, 0.87185210, 0.86557150, 0.35588375, 0.81876034, 0.22345220)
(0.68118721, 0.06717182, 0.66579145, 0.76517630, 0.62259263, 0.48497024, 0.65844989, 0.71021199, 0.04381488, 0.97675461)
(0.12454847, 0.40811893, 0.76722288, 0.59899217, 0.86002570, 0.35419491, 0.64364320, 0.66107476, 0.25538611, 0.14086801)
(0.36308324, 0.62279242, 0.05623045, 0.60987222, 0.61393064, 0.76571679, 0.60114062, 0.42051280, 0.14843729, 0.07816166)
(0.44699305, 0.77284616, 0.80700219, 0.43179110, 0.38737196, 0.42361158, 0.49126539, 0.44646373, 0.91859818, 0.18020977)
(0.30707711, 0.32719564, 0.50707668, 0.35541853, 0.58700693, 0.64925992, 0.63755316, 0.17363924, 0.14097570, 0.71202511)
(0.19153795, 0.32855472, 0.55889136, 0.32127926, 0.62920076, 0.38430110, 0.04287972, 0.50129157, 0.62140083, 0.20202205)
(0.51625115, 0.35643461, 0.33101413, 0.45636368, 0.11655094, 0.69851822, 0.26930678, 0.28369719, 0.02609620, 0.35550511)
(0.15545128, 0.46154389, 0.79180163, 0.24502875, 0.49110180, 0.32699001, 0.08024461, 0.21904190, 0.36865827, 0.08607011)
(0.89445883, 0.29694977, 0.49662936, 0.83971518, 0.70996690, 0.37443593, 0.32460582, 0.45827067, 0.20433278, 0.29048616)
(0.27961698, 0.65161699, 0.55866551, 0.35127950, 0.36503735, 0.25177085, 0.13227989, 0.44417691, 0.12953137, 0.26947787)
(0.48433289, 0.33613166, 0.52863204, 0.72337711, 0.65499830, 0.08400885, 0.18752885, 0.16409321, 0.26664233, 0.82270831)
(0.65338439, 0.43514669, 0.41557732, 0.64955026, 0.18512945, 0.63824290, 0.18460619, 0.28786549, 0.03199136, 0.07255037)
(0.08770581, 0.52167761, 0.85825074, 0.11325238, 0.86238629, 0.35935920, 0.48972446, 0.44833979, 0.81645602, 0.06463146)
(0.93350434, 0.33234465, 0.08417045, 0.48897403, 0.23984820, 0.47253859, 0.60326946, 0.93679535, 0.17970297, 0.43706501)
(0.44475177, 0.36880019, 0.92317891, 0.70164526, 0.81457376, 0.37740690, 0.16784501, 0.06433943, 0.37249660, 0.30942053)
(0.86622161, 0.47978830, 0.88855493, 0.62614197, 0.47826362, 0.25164077, 0.44218105, 0.22718957, 0.61014611, 0.24561094)
(0.91947937, 0.05901117, 0.14608054, 0.56890047, 0.17637455, 0.68772614, 0.34167305, 0.68275642, 0.21075039, 0.51902193)
(0.81136799, 0.16243531, 0.37845132, 0.77943224, 0.59322798, 0.61426574, 0.26275209, 0.52492332, 0.20374702, 0.22913058)
(0.48769286, 0.25123355, 0.84778440, 0.60351950, 0.81832379, 0.22821961, 0.48653585, 0.28802201, 0.44621831, 0.06041548)
(0.05699200, 0.39673495, 0.44849801, 0.88222617, 0.45168880, 0.73717773, 0.15104976, 0.56685442, 0.35447118, 0.86670536)
(0.53279328, 0.51713681, 0.19972606, 0.75443810, 0.96559447, 0.76601094, 0.28012708, 0.18611510, 0.10329137, 0.52437317)
(0.33668125, 0.42495430, 0.22639738, 0.53693777, 0.87844855, 0.38702488, 0.37997094, 0.13343887, 0.83772039, 0.25162387)
(0.78427351, 0.65689588, 0.44122234, 0.81849390, 0.89741558, 0.34783369, 0.39521608, 0.29446036, 0.28588614, 0.58580083)
(0.93472946, 0.72492307, 0.36172009, 0.57049620, 0.12143610, 0.63573676, 0.81735647, 0.60612488, 0.19178577, 0.49376330)
(0.55549479, 0.03752915, 0.59333509, 0.71934801, 0.39392290, 0.32470509, 0.83734244, 0.79784501, 0.15908311, 0.92874020)
(0.44007710, 0.76698130, 0.21776760, 0.65862578, 0.65095991, 0.68387157, 0.77747589, 0.20526324, 0.75815934, 0.55815691)
(0.35255194, 0.69394356, 0.51828980, 0.40889204, 0.93625009, 0.08452983, 0.51329499, 0.35947895, 0.63103092, 0.39264679)
(0.24394871, 0.69352371, 0.25798783, 0.10971186, 0.17733240, 0.74738628, 0.89472312, 0.94835150, 0.30216554, 0.23019466)
(0.92756385, 0.23291513, 0.75340104, 0.08989764, 0.31262469, 0.94897407, 0.10099905, 0.77453560, 0.69288081, 0.29288256)
(0.43691814, 0.89699984, 0.71776432, 0.26591945, 0.60676783, 0.50913978, 0.49248248, 0.04061452, 0.96748048, 0.17106993)
(0.86293596, 0.30405220, 0.88870847, 0.92729622, 0.78311509, 0.74284083, 0.55430478, 0.20914903, 0.31930935, 0.38272038)
(0.71496612, 0.14431402, 0.70619613, 0.51408648, 0.40384427, 0.94460690, 0.16270773, 0.39000645, 0.32552674, 0.62427014)
(0.52375454, 0.47155675, 0.16203040, 0.81027699, 0.92416859, 0.62293994, 0.29886475, 0.32703596, 0.13263106, 0.37578642)
(0.60243773, 0.09785401, 0.40760955, 0.58208501, 0.58933383, 0.34427172, 0.96377110, 0.29368654, 0.37742588, 0.88860488)
(0.06683747, 0.62418616, 0.83955181, 0.82821441, 0.80399948, 0.56012583, 0.32691967, 0.43449026, 0.93141162, 0.19828862)
(0.75510472, 0.27607572, 0.20076641, 0.48565343, 0.51613480, 0.61788893, 0.78983754, 0.28482363, 0.07197696, 0.42709953)
(0.50067377, 0.86870265, 0.45546937, 0.54089689, 0.30583003, 0.53691423, 0.47343424, 0.79795128, 0.02472586, 0.51258665)
(0.62563461, 0.58427006, 0.46862736, 0.81654656, 0.96767902, 0.52806014, 0.62499946, 0.25453424, 0.94006395, 0.41879773)
(0.91454226, 0.14702719, 0.84442699, 0.37336344, 0.24528065, 0.78969306, 0.03864994, 0.48780394, 0.64459068, 0.63707417)
(0.60789984, 0.30498150, 0.73800135, 0.42414409, 0.81751078, 0.46910819, 0.52012485, 0.38942963, 0.10123354, 0.65988213)
(0.52577513, 0.56982481, 0.45305556, 0.46889544, 0.64097035, 0.67329222, 0.94662058, 0.44195989, 0.71830261, 0.73483151)
(0.11596766, 0.85592598, 0.55651397, 0.77167505, 0.53028232, 0.34655449, 0.47891107, 0.22669965, 0.12383104, 0.31930283)
(0.15829317, 0.36257330, 0.29037189, 0.73342711, 0.65877557, 0.29820603, 0.68832541, 0.14168987, 0.23545545, 0.20013416)
(0.87164783, 0.41645670, 0.66324747, 0.88081497, 0.52721393, 0.35106674, 0.77666700, 0.51369309, 0.23503315, 0.96696579)
(0.72546047, 0.21196030, 0.53916401, 0.19513838, 0.27739808, 0.74067873, 0.65852851, 0.94782954, 0.17506744, 0.32421979)
(0.35060555, 0.58139610, 0.55755323, 0.43879473, 0.80913073, 0.64915884, 0.68838334, 0.01875122, 0.25273845, 0.48602438)
(0.84916586, 0.63713562, 0.86333460, 0.12488162, 0.40644714, 0.14789566, 0.13944557, 0.23483653, 0.11071700, 0.87117130)
(0.13496202, 0.26209575, 0.57403374, 0.34607375, 0.41679028, 0.86015654, 0.50481737, 0.16246100, 0.10629683, 0.20309950)
(0.16755909, 0.29810393, 0.50807238, 0.48249063, 0.10845014, 0.79445356, 0.09395225, 0.61152500, 0.20459412, 0.21744588)
(0.61975271, 0.58980626, 0.46571860, 0.67086130, 0.96722966, 0.16246521, 0.51322258, 0.31588885, 0.31266016, 0.91588598)
(0.65125948, 0.73593831, 0.14140341, 0.81239468, 0.52768624, 0.69474316, 0.78217298, 0.51945603, 0.73086190, 0.64831793)
(0.14223866, 0.58855206, 0.54991376, 0.70615089, 0.72959292, 0.66904449, 0.37257215, 0.02516421, 0.35762450, 0.56018156)
(0.65727997, 0.28581378, 0.17114425, 0.34349203, 0.22297253, 0.76548702, 0.31738356, 0.24748965, 0.14702867, 0.22145408)
(0.60830241, 0.76253867, 0.44750944, 0.55472118, 0.61357772, 0.61630225, 0.78409731, 0.05023151, 0.87278873, 0.61842382)
(0.65608013, 0.34647983, 0.32673413, 0.62985516, 0.77073336, 0.16526048, 0.62977237, 0.35519072, 0.11174314, 0.74175477)
(0.55852449, 0.60162425, 0.48822594, 0.78844672, 0.74790806, 0.03609928, 0.65499479, 0.45521915, 0.80123818, 0.96683347)
(0.24381207, 0.59181648, 0.21581616, 0.15574950, 0.40513229, 0.68358624, 0.22554605, 0.97325021, 0.15904276, 0.20939767)
(0.03338588, 0.77421623, 0.85186601, 0.08712860, 0.67815614, 0.43405521, 0.38991326, 0.45910320, 0.31206620, 0.20869315)
(0.39110434, 0.54349148, 0.36182851, 0.89992833, 0.66009891, 0.32738397, 0.52969950, 0.23157878, 0.03634216, 0.57765216)
(0.43306485, 0.48075491, 0.62910938, 0.76823801, 0.39496574, 0.51354504, 0.04368568, 0.66548443, 0.13945706, 0.25940686)
(0.61532944, 0.21866289, 0.07804778, 0.35322556, 0.45717075, 0.75385773, 0.54045463, 0.54338080, 0.09783644, 0.09084007)
(0.69511968, 0.85141283, 0.73783666, 0.03049363, 0.56693125, 0.52342826, 0.52373457, 0.94129634, 0.34832612, 0.44623056)
(0.74512231, 0.32453719, 0.63819051, 0.09153697, 0.74233139, 0.90389746, 0.14496486, 0.80233204, 0.32767397, 0.81555420)
(0.41071692, 0.69271392, 0.33642077, 0.58276588, 0.91699910, 0.22358781, 0.66610974, 0.40851891, 0.86361647, 0.07504455)
(0.37074158, 0.04591199, 0.40462145, 0.65429205, 0.32608148, 0.89577878, 0.29296911, 0.38461158, 0.34211645, 0.44033584)
(0.25395119, 0.86635518, 0.52508640, 0.12714408, 0.24328645, 0.46631506, 0.46138313, 0.72422493, 0.05160556, 0.38771683)
(0.42942250, 0.79777414, 0.56746656, 0.51887202, 0.24444866, 0.12045066, 0.05671292, 0.37598792, 0.94825959, 0.68154162)
(0.16833898, 0.34451306, 0.12690529, 0.46161780, 0.16755518, 0.94958174, 0.39523667, 0.95535529, 0.38912481, 0.64639324)
(0.28277940, 0.92951626, 0.73636788, 0.37582517, 0.27182338, 0.11875413, 0.63258004, 0.43737826, 0.29357314, 0.14572458)
(0.76324552, 0.39339939, 0.68927217, 0.12032959, 0.84219474, 0.36155906, 0.32219487, 0.14684966, 0.14375675, 0.26978803)
(0.47506335, 0.25400540, 0.84173793, 0.34220231, 0.79560369, 0.38010225, 0.15365948, 0.06485226, 0.14209038, 0.88206708)
(0.57231098, 0.13489014, 0.59968024, 0.61032706, 0.59266007, 0.93840629, 0.42161348, 0.19907345, 0.17846103, 0.32370830)
(0.30303511, 0.18184984, 0.54149687, 0.10524701, 0.42691246, 0.72449583, 0.16416508, 0.88240743, 0.36364546, 0.12095636)
(0.68492925, 0.78789502, 0.06488641, 0.43234047, 0.33801666, 0.84579247, 0.24928044, 0.77298808, 0.24499112, 0.34668556)
(0.76038003, 0.42518187, 0.28166398, 0.14493731, 0.48926073, 0.61627221, 0.84621805, 0.81798279, 0.22150619, 0.05946591)
(0.44588229, 0.42606214, 0.48005006, 0.54635894, 0.81062025, 0.68739748, 0.35463965, 0.08996688, 0.18846513, 0.65630931)
(0.52368045, 0.78128523, 0.32429805, 0.51348454, 0.74082047, 0.58949435, 0.38679332, 0.28748024, 0.05866279, 0.61342078)
(0.81532544, 0.40998155, 0.42677030, 0.65361160, 0.86554992, 0.68149257, 0.45336553, 0.59992582, 0.06720861, 0.40336245)
(0.77236730, 0.46005878, 0.76339632, 0.30892363, 0.43954936, 0.10432446, 0.26012433, 0.32511252, 0.87552178, 0.55275047)
(0.59977955, 0.64288688, 0.23232728, 0.71243829, 0.19969682, 0.78015727, 0.57992709, 0.98360878, 0.22679980, 0.36483166)
(0.82217002, 0.40242913, 0.36697635, 0.22476155, 0.81012875, 0.54787254, 0.85845739, 0.32753339, 0.41932851, 0.11471137)
(0.86280191, 0.62454438, 0.67887127, 0.50152034, 0.36084539, 0.89530551, 0.82532841, 0.29489988, 0.15548669, 0.60238272)
(0.21385935, 0.39061469, 0.32293516, 0.70482063, 0.87188828, 0.35270894, 0.29253829, 0.05801057, 0.23508006, 0.36360675)
(0.27747092, 0.67016256, 0.35549614, 0.66830903, 0.79960090, 0.15875135, 0.28757402, 0.12143059, 0.16140188, 0.48056996)
(0.40055239, 0.51002473, 0.62347305, 0.11207424, 0.56865728, 0.41764659, 0.16032299, 0.94068295, 0.19105576, 0.20134041)
(0.81051272, 0.54059428, 0.13788466, 0.58079028, 0.77465767, 0.58006638, 0.95893270, 0.19492587, 0.74080861, 0.74853271)
(0.48251066, 0.68811172, 0.19402523, 0.47299454, 0.94019765, 0.27099696, 0.36586753, 0.34690350, 0.72496927, 0.15143497)
(0.62555850, 0.83407569, 0.55403429, 0.28740609, 0.36681396, 0.62440437, 0.80242276, 0.59472442, 0.44028282, 0.04464679)
(0.40969661, 0.34426567, 0.13552582, 0.08530951, 0.23234928, 0.85324091, 0.49352416, 0.84396178, 0.08967195, 0.35181716)
(0.48758572, 0.36403283, 0.63291126, 0.06104414, 0.89510214, 0.59572989, 0.11395296, 0.52424264, 0.51509631, 0.25185177)
(0.61195999, 0.22906531, 0.71556562, 0.79912055, 0.95935291, 0.15380906, 0.37050226, 0.29756683, 0.41182974, 0.23685931)
(0.77384710, 0.61976397, 0.73719591, 0.53215289, 0.39415681, 0.27258790, 0.37908950, 0.53034681, 0.11671226, 0.14574212)
(0.37415165, 0.73324478, 0.21168560, 0.54056275, 0.46241385, 0.13620047, 0.57819813, 0.60717493, 0.34109378, 0.57854813)
(0.55732524, 0.28027290, 0.66005224, 0.90106910, 0.69611329, 0.56912667, 0.26456502, 0.05711994, 0.15201017, 0.48823649)
(0.72202998, 0.53267545, 0.02611386, 0.32204881, 0.41482526, 0.62669706, 0.58056867, 0.88916880, 0.28432450, 0.29774016)
(0.53823555, 0.53075653, 0.71729606, 0.80739194, 0.93375909, 0.21501352, 0.35463476, 0.45980445, 0.93029720, 0.73861325)
(0.42706895, 0.91338658, 0.49137360, 0.49928468, 0.39620456, 0.70412594, 0.80139089, 0.43349352, 0.06090924, 0.59414124)
(0.35965577, 0.15792827, 0.83894086, 0.77827936, 0.61762840, 0.51049280, 0.71156317, 0.54272640, 0.13984400, 0.89144075)
(0.43690026, 0.41693458, 0.06432366, 0.47309771, 0.58945942, 0.89993632, 0.25043127, 0.87474620, 0.53019935, 0.29311365)
(0.79288602, 0.79082245, 0.39293849, 0.81635052, 0.63765675, 0.45028839, 0.12468765, 0.79343486, 0.15221602, 0.41062135)
(0.57327843, 0.53604436, 0.34267905, 0.23201124, 0.29317009, 0.41074282, 0.42336977, 0.47990143, 0.05222634, 0.16868034)
(0.02319814, 0.40321872, 0.73280388, 0.89484251, 0.29602882, 0.91939896, 0.23030451, 0.69408149, 0.54435968, 0.93590695)
(0.76389474, 0.44389778, 0.28978121, 0.38309690, 0.46125361, 0.87545305, 0.48578730, 0.37626380, 0.09748146, 0.58051878)
(0.57793796, 0.46859437, 0.25096473, 0.60282874, 0.42595768, 0.38797390, 0.52827650, 0.32399490, 0.09384461, 0.09629249)
(0.26886979, 0.90953010, 0.50828266, 0.48228794, 0.38271236, 0.50865865, 0.75505143, 0.40568209, 0.91789675, 0.53427887)
(0.35121378, 0.26821646, 0.71240455, 0.51923782, 0.53121269, 0.11207568, 0.76353115, 0.10561073, 0.81850117, 0.87112725)
(0.32498297, 0.92681009, 0.64233881, 0.42984137, 0.09004936, 0.12279452, 0.07667878, 0.04532252, 0.88417143, 0.58376426)
(0.54178214, 0.15221307, 0.44035336, 0.50143707, 0.37622151, 0.51912224, 0.89867246, 0.25881293, 0.33219752, 0.91552466)
(0.85676610, 0.91359508, 0.28986034, 0.78097713, 0.89093089, 0.26716447, 0.78253478, 0.69309604, 0.50758833, 0.58732682)
(0.26602778, 0.28254882, 0.46209657, 0.45250148, 0.50837260, 0.82327330, 0.22641899, 0.34160644, 0.37144157, 0.66024351)
(0.90180314, 0.81756389, 0.36492774, 0.68218112, 0.65330893, 0.61426628, 0.63998622, 0.29677552, 0.22255680, 0.24342987)
(0.05415280, 0.52593702, 0.70735592, 0.13853395, 0.68249369, 0.35518610, 0.47997075, 0.65934783, 0.23510288, 0.41067046)
(0.45233428, 0.93571311, 0.52500677, 0.87827688, 0.78321075, 0.34036762, 0.49843463, 0.69517255, 0.41092637, 0.10887732)
(0.69356620, 0.82328176, 0.44145039, 0.52677476, 0.25064418, 0.85364717, 0.77116758, 0.70135844, 0.30257082, 0.04681064)
(0.23880580, 0.66216707, 0.06720980, 0.70511001, 0.31374022, 0.89183128, 0.45490524, 0.33573484, 0.08145645, 0.82669407)
(0.23392640, 0.29956326, 0.85390592, 0.79514271, 0.71382797, 0.36007097, 0.38710448, 0.29719871, 0.94901681, 0.06797913)
(0.59532005, 0.48938721, 0.25527391, 0.71587920, 0.55583072, 0.25235078, 0.21255670, 0.18366912, 0.06728910, 0.54746580)
(0.59247047, 0.31700391, 0.19532806, 0.27916887, 0.49218395, 0.76050937, 0.49505547, 0.03915042, 0.08626129, 0.41348049)
(0.18702313, 0.76890564, 0.08838153, 0.67000043, 0.62346381, 0.77696955, 0.62857699, 0.63050443, 0.07711447, 0.08395452)
(0.08904649, 0.31024480, 0.97439075, 0.18403335, 0.46912777, 0.11774088, 0.67482889, 0.12584992, 0.48615262, 0.62311006)
(0.83255917, 0.72846746, 0.48414388, 0.24229641, 0.52378696, 0.60436606, 0.84863901, 0.33394620, 0.15807240, 0.29702505)
(0.52505952, 0.08678253, 0.47612038, 0.74197334, 0.49042100, 0.38650715, 0.90935379, 0.47387686, 0.37067398, 0.81522650)
(0.56088799, 0.59528857, 0.33759904, 0.85510278, 0.14367528, 0.86390913, 0.21109249, 0.49905264, 0.11021305, 0.72798151)
(0.05961885, 0.33672863, 0.52844912, 0.20007275, 0.60241169, 0.33821729, 0.38705719, 0.50358611, 0.64542854, 0.34745133)
(0.44284275, 0.08404990, 0.50429320, 0.59259534, 0.26744074, 0.87549567, 0.18801066, 0.45242894, 0.27448893, 0.38763306)
(0.57535607, 0.77721262, 0.59297758, 0.92986107, 0.92345643, 0.26140511, 0.30826929, 0.38335046, 0.09353105, 0.59845418)
(0.67969972, 0.32788330, 0.24454433, 0.53189832, 0.89769673, 0.48400643, 0.78930163, 0.24225974, 0.21929057, 0.69139910)
(0.54425746, 0.47773370, 0.49040940, 0.57038927, 0.98042941, 0.19172707, 0.58230209, 0.23362197, 0.55620319, 0.76531518)
(0.95533103, 0.16555502, 0.24992545, 0.73559719, 0.33579382, 0.54646415, 0.70117170, 0.65175295, 0.07317075, 0.20225571)
(0.49030277, 0.17276521, 0.92914486, 0.72982579, 0.06672838, 0.32806110, 0.89650071, 0.50320739, 0.16011120, 0.90663183)
(0.73979694, 0.02666599, 0.28388688, 0.55373806, 0.24296540, 0.29789031, 0.93056101, 0.42886502, 0.14534298, 0.83790833)
(0.77378786, 0.04684793, 0.45717421, 0.17185082, 0.15288171, 0.39279202, 0.66726184, 0.38940263, 0.09551616, 0.87017787)
(0.43033338, 0.57250774, 0.20444469, 0.35202038, 0.80867100, 0.29396257, 0.57445318, 0.29045901, 0.42093018, 0.58721310)
(0.41266349, 0.26934591, 0.61175650, 0.60511494, 0.25094891, 0.48963013, 0.56444240, 0.50898188, 0.12442251, 0.03680956)
(0.53572047, 0.47198763, 0.26855120, 0.50130051, 0.86784321, 0.47447479, 0.32104385, 0.36155844, 0.24894571, 0.67583567)
(0.55987394, 0.52045238, 0.80531770, 0.19719020, 0.54342848, 0.04743833, 0.18532352, 0.28471091, 0.12741366, 0.92716718)
(0.28373751, 0.92426860, 0.67947662, 0.72741634, 0.45702878, 0.57818395, 0.34719539, 0.38627452, 0.21737750, 0.36602840)
(0.15313043, 0.56441134, 0.62019837, 0.38376725, 0.36813438, 0.55963129, 0.40545863, 0.28782672, 0.76810992, 0.30506799)
(0.68384939, 0.22649474, 0.53797501, 0.44776592, 0.59863877, 0.58337522, 0.36232615, 0.56018829, 0.09935901, 0.43935570)
(0.51777261, 0.06933799, 0.48335028, 0.91791958, 0.78441590, 0.82798332, 0.14419465, 0.44918784, 0.24371739, 0.74976611)
(0.62058908, 0.04506574, 0.41099936, 0.34899950, 0.50294060, 0.62860435, 0.58835614, 0.06087718, 0.04130320, 0.90134907)
(0.04461127, 0.63070983, 0.38363338, 0.63552767, 0.92852050, 0.55793548, 0.74796730, 0.09228679, 0.27629077, 0.38115463)
(0.83078134, 0.15704811, 0.26686427, 0.40657684, 0.44648707, 0.34305885, 0.95832056, 0.61956722, 0.49662688, 0.58699089)
(0.58706653, 0.94221741, 0.58883852, 0.55865335, 0.64471805, 0.42148024, 0.78950506, 0.52320880, 0.49837369, 0.10434146)
(0.04566184, 0.72513205, 0.83502835, 0.37797585, 0.52130502, 0.43478107, 0.43853518, 0.55348504, 0.25401050, 0.14826842)
(0.57074326, 0.52476764, 0.17733672, 0.80357701, 0.53890276, 0.70832026, 0.05388926, 0.54813468, 0.32931224, 0.69407648)
(0.93021345, 0.40845641, 0.60473269, 0.06516039, 0.65598911, 0.81501216, 0.69758004, 0.26816201, 0.11965805, 0.21238537)
(0.77515662, 0.70409739, 0.68931919, 0.62107217, 0.68591774, 0.42350307, 0.62147647, 0.04578476, 0.81591135, 0.70009208)
(0.43116659, 0.39805177, 0.36733103, 0.62967366, 0.34843579, 0.37662974, 0.69782245, 0.07667708, 0.83373797, 0.92886245)
(0.75867540, 0.26808670, 0.84037226, 0.32034856, 0.32367659, 0.31890684, 0.32910660, 0.06321885, 0.03533487, 0.93381381)
(0.62008476, 0.29736111, 0.40810341, 0.48585624, 0.29503456, 0.88249272, 0.33051196, 0.58150965, 0.14396921, 0.13638350)
(0.45873153, 0.02328035, 0.79261577, 0.06389134, 0.05850821, 0.72847003, 0.85660356, 0.67551339, 0.53873974, 0.81406891)
(0.64301765, 0.40091679, 0.82668781, 0.26178041, 0.34600908, 0.10941968, 0.30080223, 0.50628901, 0.05795913, 0.87638754)
(0.84047651, 0.56279051, 0.69733685, 0.11954453, 0.33993918, 0.45585197, 0.77896434, 0.61236507, 0.13465545, 0.52787834)
(0.78428626, 0.45652780, 0.52388424, 0.76416993, 0.37309709, 0.62414855, 0.14925504, 0.79765803, 0.15413404, 0.22169879)
(0.11421324, 0.48673534, 0.46725133, 0.92272347, 0.45284650, 0.67958915, 0.12247347, 0.58369154, 0.12629902, 0.42050076)
(0.36102644, 0.91774082, 0.37963480, 0.89079040, 0.36647654, 0.16486938, 0.08281771, 0.35266453, 0.95499009, 0.85211712)
(0.19430350, 0.44671372, 0.55810058, 0.83981603, 0.62066638, 0.52100331, 0.21241973, 0.21137749, 0.23273262, 0.91384399)
(0.62871861, 0.37809986, 0.94121218, 0.65111607, 0.78668755, 0.35867974, 0.19283208, 0.36425593, 0.26763049, 0.19139344)
(0.17541653, 0.87918985, 0.63515282, 0.82402933, 0.71553600, 0.56579357, 0.14840576, 0.32399902, 0.12209508, 0.29232028)
(0.36344945, 0.13621828, 0.64667112, 0.05518907, 0.11247209, 0.82062542, 0.96002883, 0.33080262, 0.82134354, 0.88660961)
(0.74253595, 0.43802810, 0.77601606, 0.32121262, 0.47676024, 0.88286489, 0.17713851, 0.60048223, 0.19174352, 0.09477299)
(0.85650533, 0.30698091, 0.33137292, 0.31943882, 0.07215628, 0.42124900, 0.38199642, 0.92175514, 0.10337161, 0.35668415)
(0.12207414, 0.21691170, 0.09078846, 0.78587800, 0.23148528, 0.37420899, 0.91930151, 0.29997262, 0.78480750, 0.86818075)
(0.15869255, 0.65003037, 0.83661741, 0.52616721, 0.53603733, 0.50832593, 0.15651229, 0.15710236, 0.92351192, 0.04319935)
(0.24231830, 0.20682152, 0.39416343, 0.60184819, 0.40918928, 0.11005437, 0.92244989, 0.13189602, 0.78169394, 0.85582846)
(0.42281631, 0.27584419, 0.62116939, 0.54032069, 0.79289186, 0.26113451, 0.82169455, 0.21104079, 0.73957032, 0.87204343)
(0.33044177, 0.55286354, 0.73456621, 0.78253120, 0.81769228, 0.25046512, 0.31183314, 0.70213431, 0.25733176, 0.09266238)
(0.66133624, 0.19791719, 0.71867752, 0.81631088, 0.41150725, 0.17871633, 0.79435951, 0.37512097, 0.07042977, 0.96473664)
(0.35030267, 0.18087114, 0.27761245, 0.19081709, 0.14571778, 0.76780337, 0.17233793, 0.73625499, 0.62239671, 0.23082350)
(0.56409568, 0.82955515, 0.71388936, 0.40517724, 0.53040946, 0.47748145, 0.83669716, 0.45127040, 0.90749955, 0.79318327)
(0.48625484, 0.33196658, 0.56763774, 0.18590292, 0.05205031, 0.78424007, 0.86480051, 0.49899751, 0.75249809, 0.62682760)
(0.47915846, 0.54112613, 0.83312708, 0.61959773, 0.45935395, 0.27537948, 0.60603076, 0.03825235, 0.90828502, 0.79774624)
(0.08484483, 0.56947136, 0.24974795, 0.12992889, 0.16403313, 0.57454133, 0.81760967, 0.85807198, 0.33506188, 0.48843151)
(0.52554113, 0.60140902, 0.67895418, 0.17362988, 0.51102173, 0.85002244, 0.75116765, 0.06202674, 0.30392632, 0.34636825)
(0.77484006, 0.54112113, 0.43576691, 0.08335742, 0.29445761, 0.75265664, 0.59353602, 0.95920616, 0.21838641, 0.13220868)
(0.34778151, 0.78233606, 0.22199875, 0.63267946, 0.39370424, 0.66436392, 0.69779968, 0.43189928, 0.18274653, 0.25929487)
(0.85063165, 0.75969249, 0.64251041, 0.81430739, 0.51526856, 0.46849108, 0.38614166, 0.14718436, 0.06465865, 0.86946446)
(0.87838018, 0.19877468, 0.36238644, 0.13268273, 0.15473884, 0.65971643, 0.77411765, 0.61497802, 0.07044003, 0.54896253)
(0.22849879, 0.19244647, 0.94974750, 0.43007556, 0.21664354, 0.23829718, 0.85086417, 0.38552478, 0.19242556, 0.87364906)
(0.31982681, 0.96240592, 0.65588748, 0.72942424, 0.31913567, 0.69647366, 0.51731384, 0.17004560, 0.87896717, 0.48354048)
(0.57768095, 0.67694610, 0.76556438, 0.91534179, 0.23266910, 0.22481462, 0.68921423, 0.24690357, 0.55385309, 0.78888732)
(0.40560496, 0.89345872, 0.37964550, 0.43225133, 0.32795852, 0.84219277, 0.22660686, 0.43727830, 0.07863472, 0.58421487)
(0.36140165, 0.82308555, 0.51011848, 0.61392516, 0.59807807, 0.24297093, 0.50206739, 0.43759516, 0.64816058, 0.10956506)
(0.27242249, 0.37722355, 0.19288225, 0.36923325, 0.80431205, 0.68954337, 0.77059543, 0.26041374, 0.87082285, 0.07306269)
(0.22927983, 0.54506916, 0.57064074, 0.54099166, 0.46796188, 0.36203083, 0.04482163, 0.38734692, 0.31105641, 0.55808097)
(0.88877380, 0.33011186, 0.39518869, 0.06314618, 0.37772125, 0.58731508, 0.73299730, 0.86741400, 0.16863693, 0.22653571)
(0.66579807, 0.54082453, 0.50442970, 0.01967599, 0.38183174, 0.58216327, 0.44697830, 0.94531989, 0.12274086, 0.17218356)
(0.73937064, 0.51076514, 0.47937730, 0.04006360, 0.34716168, 0.61858791, 0.66037983, 0.93341637, 0.12646486, 0.25094894)
(0.86613417, 0.36299428, 0.04134197, 0.66731781, 0.69748229, 0.55409145, 0.91926265, 0.52084267, 0.43685380, 0.94535965)
(0.47292301, 0.46362033, 0.40109828, 0.70039493, 0.55763113, 0.52078527, 0.27514833, 0.70579273, 0.23576894, 0.89331913)
(0.77936083, 0.45786631, 0.61728317, 0.39529848, 0.74202967, 0.48597485, 0.91765338, 0.30171511, 0.60770440, 0.33912161)
(0.77706474, 0.67116898, 0.49736160, 0.67725778, 0.77920341, 0.71616203, 0.25208971, 0.79458117, 0.13532613, 0.46764487)
(0.49130762, 0.68050611, 0.19432798, 0.36415046, 0.22482589, 0.31581905, 0.86400968, 0.67083031, 0.30373847, 0.25281271)
(0.46229464, 0.94700116, 0.53693491, 0.19143927, 0.35046524, 0.52554780, 0.50449449, 0.09037946, 0.87176359, 0.06184090)
(0.75432909, 0.44474176, 0.87610728, 0.79785401, 0.39928222, 0.73662674, 0.35213286, 0.53888410, 0.08246502, 0.64426082)
(0.63543212, 0.64661425, 0.49565712, 0.43058842, 0.70680320, 0.24170350, 0.30998725, 0.12981720, 0.09871805, 0.77690136)
(0.53759670, 0.84597749, 0.53051341, 0.03266229, 0.23870361, 0.53120184, 0.95895660, 0.30933607, 0.65056139, 0.59672821)
(0.56291455, 0.78971660, 0.57313883, 0.42899805, 0.23221837, 0.51353884, 0.27589554, 0.87628502, 0.04956184, 0.23585321)
(0.58680660, 0.23125717, 0.96491474, 0.59479386, 0.15221228, 0.44027233, 0.79221493, 0.38500312, 0.24991706, 0.91759503)
(0.51816899, 0.54799145, 0.77626467, 0.18476716, 0.19684084, 0.12677427, 0.57361847, 0.32649073, 0.61919260, 0.81144124)
(0.15722412, 0.46946809, 0.12803090, 0.85577106, 0.88830322, 0.34859163, 0.38305217, 0.08902554, 0.18591855, 0.31849903)
(0.60223049, 0.82689089, 0.44089270, 0.33695436, 0.63939703, 0.49560323, 0.95303559, 0.62078953, 0.36993983, 0.43787137)
(0.63571596, 0.67874628, 0.52585346, 0.54151690, 0.72881413, 0.07804143, 0.26272029, 0.41023377, 0.95603591, 0.91666293)
(0.23612538, 0.74710160, 0.49791789, 0.73948079, 0.09112816, 0.47271246, 0.72133321, 0.11028743, 0.37841919, 0.81770408)
(0.23085420, 0.62509352, 0.54878509, 0.60815984, 0.20146060, 0.20913921, 0.21933150, 0.07621927, 0.95013499, 0.89191210)
(0.39632714, 0.21280785, 0.20735738, 0.55920440, 0.38634732, 0.61709082, 0.86629319, 0.39819378, 0.62181818, 0.79637951)
(0.12459704, 0.72903794, 0.28651002, 0.75590688, 0.81805432, 0.35119513, 0.50197917, 0.12943751, 0.24656445, 0.15479080)
(0.86456364, 0.28713587, 0.69673496, 0.92006379, 0.65439910, 0.42677927, 0.82877976, 0.30764857, 0.65555400, 0.91545999)
(0.06007417, 0.80816227, 0.76613313, 0.51454449, 0.27034640, 0.18885177, 0.18405175, 0.47900409, 0.07408901, 0.07936011)
(0.81598490, 0.69428259, 0.54335564, 0.04899032, 0.24072750, 0.67839181, 0.69769984, 0.91053987, 0.25684908, 0.57200432)
(0.68904626, 0.30746144, 0.47730899, 0.54622161, 0.80606043, 0.42396796, 0.36236471, 0.08401498, 0.13736294, 0.84186375)
(0.01425643, 0.30933276, 0.65847021, 0.53549105, 0.88373667, 0.39832386, 0.29779446, 0.39912921, 0.75794369, 0.58927459)
(0.09649729, 0.21448630, 0.69051963, 0.51513058, 0.29622409, 0.30894864, 0.81155890, 0.17227145, 0.70782119, 0.66747469)
(0.61526203, 0.31808794, 0.25438422, 0.67584437, 0.22786400, 0.80705041, 0.09647842, 0.94260693, 0.47481114, 0.11203642)
(0.82898962, 0.65682834, 0.71993715, 0.16773564, 0.66570997, 0.31955308, 0.29903603, 0.11225404, 0.17934988, 0.23626825)
(0.75941861, 0.40746391, 0.82199872, 0.81421405, 0.81889117, 0.26613304, 0.10432912, 0.13485610, 0.25075904, 0.72881311)
(0.90982515, 0.15609320, 0.15725884, 0.46853837, 0.26324213, 0.36715621, 0.45722160, 0.30867592, 0.18272869, 0.23436548)
(0.42289552, 0.92989707, 0.50388217, 0.68777955, 0.60741717, 0.57432836, 0.82276320, 0.12122989, 0.61280072, 0.27940494)
(0.74917364, 0.90800983, 0.81928521, 0.89110738, 0.89489490, 0.06852847, 0.14628135, 0.56345057, 0.37863764, 0.61780024)
(0.64346176, 0.24743131, 0.67867231, 0.67150867, 0.70462412, 0.34820935, 0.12724067, 0.06898136, 0.18688431, 0.76751012)
(0.20157962, 0.25744098, 0.81854659, 0.38588560, 0.63665825, 0.25235850, 0.34479091, 0.33191842, 0.87687135, 0.08285698)
(0.38614458, 0.74640960, 0.75757825, 0.30730584, 0.79202610, 0.81882417, 0.18594205, 0.36227122, 0.15957476, 0.59875596)
(0.00648104, 0.72067755, 0.78786081, 0.04091709, 0.81384832, 0.57504171, 0.41633356, 0.83631516, 0.17651553, 0.44066197)
(0.77192003, 0.72360015, 0.27122748, 0.16880755, 0.35185403, 0.87938720, 0.76313639, 0.82845801, 0.09854506, 0.42546445)
(0.18448079, 0.40802130, 0.70434922, 0.02893221, 0.84272164, 0.39638090, 0.31877518, 0.55157763, 0.81399542, 0.23962420)
(0.16241983, 0.59056330, 0.94278449, 0.01727716, 0.92120492, 0.42775014, 0.11981110, 0.06182450, 0.81581247, 0.15567261)
(0.86278623, 0.46858403, 0.64234084, 0.16434380, 0.49204999, 0.68043977, 0.92281014, 0.09223866, 0.66205329, 0.81132424)
(0.92647302, 0.43666640, 0.74923629, 0.18404400, 0.33860907, 0.85520434, 0.15396947, 0.79560095, 0.57673466, 0.65117061)
(0.38893831, 0.47485769, 0.08433396, 0.79779816, 0.47836551, 0.89336902, 0.15996617, 0.26037320, 0.31906161, 0.68853939)
(0.35385591, 0.36729148, 0.16170566, 0.05997258, 0.30814871, 0.50562137, 0.36334580, 0.98580003, 0.32811597, 0.06176959)
(0.68058008, 0.25593576, 0.81955719, 0.30127791, 0.51008433, 0.88517392, 0.31237677, 0.85649920, 0.14405613, 0.11222780)
(0.59285563, 0.13412994, 0.16344973, 0.64716774, 0.49432918, 0.63566869, 0.29902449, 0.45203561, 0.38348681, 0.05671952)
(0.06984319, 0.75893468, 0.47779757, 0.70375752, 0.63329512, 0.07640376, 0.41992617, 0.49726912, 0.24274026, 0.27531362)
(0.71854639, 0.13167945, 0.44852725, 0.80799770, 0.88333809, 0.71826458, 0.55096561, 0.50215536, 0.08641787, 0.80439311)
(0.26038572, 0.47103640, 0.72110718, 0.68361187, 0.94225723, 0.22669987, 0.31837150, 0.66687059, 0.83993363, 0.13888164)
(0.48242453, 0.46977708, 0.58256942, 0.22242667, 0.76588291, 0.62172204, 0.76200467, 0.44492421, 0.23970126, 0.56854725)
(0.20366295, 0.09363180, 0.59098542, 0.88539553, 0.77301848, 0.63022614, 0.21843895, 0.29070568, 0.15382291, 0.62182873)
(0.66616529, 0.71528900, 0.60715103, 0.48371786, 0.43976274, 0.69554478, 0.55130267, 0.06579483, 0.04744266, 0.14720629)
(0.67022526, 0.69170737, 0.62441802, 0.02083497, 0.49288842, 0.57485425, 0.10111090, 0.96305293, 0.18012208, 0.56072581)
(0.41395113, 0.24228007, 0.22586897, 0.15827224, 0.18251863, 0.86982399, 0.34908462, 0.90142184, 0.27984622, 0.30889791)
(0.55674684, 0.44835052, 0.85270393, 0.34286511, 0.50860637, 0.00917787, 0.30473444, 0.59269679, 0.39254999, 0.61957610)
(0.46130762, 0.04787315, 0.37267578, 0.47896487, 0.28395939, 0.45472792, 0.66754597, 0.76965976, 0.39821261, 0.46320075)
(0.21306410, 0.44142410, 0.18101086, 0.15861055, 0.27945599, 0.69703072, 0.36034265, 0.93029833, 0.15955332, 0.45045742)
(0.46977943, 0.77162576, 0.15449408, 0.60450524, 0.39177775, 0.83702075, 0.91060293, 0.17925394, 0.92853600, 0.47135741)
(0.19497800, 0.34091794, 0.02735087, 0.41780931, 0.15914604, 0.85102111, 0.33021039, 0.47029918, 0.27164447, 0.47920060)
(0.41642189, 0.45128548, 0.86289006, 0.42463404, 0.19211437, 0.82819498, 0.01863470, 0.43402034, 0.22755943, 0.22462051)
(0.47179174, 0.70487189, 0.75464070, 0.82377410, 0.37363327, 0.23980157, 0.13242136, 0.61796862, 0.02434096, 0.88178283)
(0.02620769, 0.64569259, 0.69448900, 0.92884248, 0.81430185, 0.70278352, 0.42854080, 0.16582498, 0.27897623, 0.29448867)
(0.04846204, 0.51844060, 0.66603553, 0.21278894, 0.63387215, 0.34653607, 0.43014443, 0.50650519, 0.48649284, 0.31249312)
(0.75961620, 0.48706129, 0.28365326, 0.78512406, 0.61940145, 0.48434839, 0.78043318, 0.26921558, 0.70878285, 0.50360286)
(0.03029777, 0.59638023, 0.13407500, 0.88524127, 0.62549424, 0.72450209, 0.18549596, 0.32293910, 0.18174326, 0.80856639)
(0.79856211, 0.20302862, 0.44523734, 0.24586821, 0.19420159, 0.76348156, 0.76027828, 0.78133816, 0.20691934, 0.34511212)
(0.54030704, 0.49629769, 0.44681442, 0.04854082, 0.78111869, 0.12040734, 0.46810910, 0.29247969, 0.78089291, 0.22127400)
(0.51233393, 0.35401705, 0.45186576, 0.56364888, 0.65050781, 0.06484821, 0.73423767, 0.12383821, 0.77802545, 0.81522065)
(0.05849268, 0.37235343, 0.87107772, 0.93676651, 0.47080818, 0.67774218, 0.25228405, 0.27968097, 0.26803032, 0.38706082)
(0.06991976, 0.45162502, 0.58590287, 0.06717517, 0.86021531, 0.16892123, 0.50433743, 0.54476929, 0.51566881, 0.28244078)
(0.65097266, 0.64640617, 0.58704066, 0.04230204, 0.63027227, 0.46210527, 0.08447715, 0.90580189, 0.30438676, 0.39031413)
(0.14908513, 0.45365652, 0.60340112, 0.75752640, 0.49082875, 0.40980583, 0.53919524, 0.56274110, 0.29284009, 0.06823199)
(0.18454963, 0.87623793, 0.11686203, 0.55320698, 0.08296862, 0.58686483, 0.82024908, 0.10792483, 0.63701808, 0.82544613)
(0.76355112, 0.30787081, 0.02000595, 0.54054749, 0.32030892, 0.72402030, 0.59278077, 0.60061395, 0.08114975, 0.29862213)
(0.34295708, 0.56137156, 0.31095049, 0.06693349, 0.32867938, 0.37281656, 0.81286770, 0.86394548, 0.51356411, 0.60620809)
(0.52082402, 0.32246336, 0.57546210, 0.27171740, 0.63530821, 0.73063767, 0.47786063, 0.49786046, 0.08236495, 0.11113080)
(0.03857937, 0.42021021, 0.68829763, 0.20034808, 0.47984433, 0.29784694, 0.27276188, 0.35877931, 0.84880036, 0.10300577)
(0.04005749, 0.22119565, 0.22939233, 0.89600188, 0.20887209, 0.72963935, 0.25928921, 0.27031296, 0.11448573, 0.45725757)
(0.16861415, 0.72005534, 0.80415463, 0.10952585, 0.74034381, 0.53578341, 0.46560749, 0.89248735, 0.08803444, 0.31535584)
(0.69823724, 0.49446729, 0.64278007, 0.22671439, 0.40650192, 0.10325631, 0.34283745, 0.35900322, 0.81337160, 0.55890989)
(0.48200440, 0.39990911, 0.40331763, 0.55870759, 0.33868206, 0.41964993, 0.95459437, 0.64115930, 0.18502302, 0.75918978)
(0.82967687, 0.24176575, 0.26627016, 0.37246290, 0.40704998, 0.39120057, 0.77144325, 0.88470590, 0.24770047, 0.51022416)
(0.30579621, 0.79883468, 0.26943165, 0.14434248, 0.41331068, 0.79071534, 0.52028549, 0.77749461, 0.06755217, 0.65766478)
(0.91273296, 0.50839144, 0.55211157, 0.08468172, 0.56865072, 0.60459393, 0.87137532, 0.18216202, 0.28044155, 0.75470406)
(0.31165794, 0.92159063, 0.54308540, 0.87092024, 0.40065557, 0.36463895, 0.57656759, 0.24167381, 0.13819513, 0.08844075)
(0.30784392, 0.36852217, 0.27412587, 0.78837204, 0.54651850, 0.47990951, 0.85605133, 0.13148439, 0.91012782, 0.88647991)
(0.84183979, 0.54496515, 0.26314396, 0.59754026, 0.37485176, 0.42417809, 0.92188036, 0.57569546, 0.67632979, 0.61295718)
(0.57290906, 0.75028205, 0.13210458, 0.75157982, 0.85990518, 0.03676321, 0.70798272, 0.35733756, 0.70085514, 0.28546175)
(0.31703547, 0.80506516, 0.47812003, 0.30242363, 0.09879182, 0.47193140, 0.27751997, 0.43385792, 0.02046708, 0.23914419)
(0.84430778, 0.57920021, 0.15589815, 0.50696677, 0.52903491, 0.69032347, 0.82496315, 0.77233082, 0.09871273, 0.68765610)
(0.44483709, 0.43447950, 0.61912471, 0.60924613, 0.91020572, 0.51904809, 0.06524718, 0.44810319, 0.34642732, 0.81343508)
(0.80766147, 0.75113136, 0.19373587, 0.81918979, 0.68342459, 0.16588877, 0.71997780, 0.58502018, 0.32853630, 0.29229322)
(0.80575562, 0.42085761, 0.67605203, 0.03084574, 0.92152470, 0.51835603, 0.02008503, 0.48226440, 0.21842608, 0.48626393)
(0.60127980, 0.34896514, 0.90664768, 0.38929307, 0.41195077, 0.16374440, 0.70635712, 0.06454358, 0.71482933, 0.85054982)
(0.78201300, 0.14615668, 0.16503920, 0.15265511, 0.68355370, 0.76808739, 0.54250413, 0.09061649, 0.19863346, 0.59467602)
(0.52236056, 0.93835938, 0.44731662, 0.55918247, 0.39493912, 0.39003929, 0.84901220, 0.52017444, 0.18530245, 0.57274801)
(0.29951233, 0.08851984, 0.69144940, 0.37404525, 0.39881361, 0.34344089, 0.91325194, 0.24992350, 0.61392498, 0.71680814)
(0.59901959, 0.45280492, 0.52423680, 0.09705648, 0.54744774, 0.63373560, 0.64566231, 0.93747145, 0.12682477, 0.04921999)
(0.57298297, 0.80031115, 0.80902219, 0.65819055, 0.67295671, 0.04400660, 0.61714453, 0.32121208, 0.34678203, 0.64280492)
(0.23124723, 0.45143360, 0.88909811, 0.19010341, 0.24004646, 0.58880514, 0.51538384, 0.87048209, 0.25365612, 0.12289514)
(0.44906747, 0.87990171, 0.51078862, 0.21692577, 0.23825549, 0.55279469, 0.60785359, 0.50685358, 0.11383351, 0.08526211)
(0.52309304, 0.31842229, 0.37820226, 0.78843153, 0.33157089, 0.85054094, 0.76662236, 0.64389080, 0.56244862, 0.76050448)
(0.59670675, 0.40907052, 0.19176029, 0.45760226, 0.26460546, 0.49131292, 0.94794542, 0.84616560, 0.60356021, 0.58831185)
(0.94619709, 0.17764239, 0.16241235, 0.62976497, 0.43520126, 0.60405350, 0.45163301, 0.32032204, 0.06033468, 0.77584291)
(0.63662809, 0.17572591, 0.18413666, 0.11695109, 0.39069661, 0.79724675, 0.58710867, 0.50899160, 0.12114380, 0.21520419)
(0.94526643, 0.33557153, 0.59400183, 0.07290593, 0.50211954, 0.91401047, 0.42427218, 0.33603036, 0.17035145, 0.15977727)
(0.89639729, 0.35916817, 0.40145624, 0.23826917, 0.60960621, 0.60337925, 0.88560706, 0.37787741, 0.20757711, 0.27791739)
(0.70945567, 0.68188149, 0.67231536, 0.64304549, 0.20887321, 0.82182842, 0.85154420, 0.10415563, 0.87440103, 0.41385928)
(0.43882579, 0.36535352, 0.93113536, 0.33614555, 0.32420507, 0.05128257, 0.73624700, 0.24240306, 0.21196333, 0.82738829)
(0.48280793, 0.95912915, 0.63760245, 0.21640225, 0.27321449, 0.44686124, 0.71513426, 0.10526723, 0.93597251, 0.46571004)
(0.44294319, 0.36681297, 0.54770476, 0.32934943, 0.69197029, 0.95199776, 0.21545523, 0.35324359, 0.18223041, 0.77230704)
(0.40237346, 0.19644345, 0.31095073, 0.07323536, 0.34291273, 0.85704732, 0.29255298, 0.86796522, 0.23438002, 0.14338452)
(0.22754170, 0.15013745, 0.60562545, 0.44979247, 0.55257350, 0.08992129, 0.29345027, 0.42179459, 0.30529794, 0.71345055)
(0.07671919, 0.59661901, 0.54055089, 0.10172396, 0.36575171, 0.46620357, 0.73256409, 0.70407450, 0.09759229, 0.61106360)
(0.82539183, 0.15522517, 0.23655950, 0.57425517, 0.62837595, 0.39539453, 0.53723502, 0.54991186, 0.05099502, 0.73472232)
(0.01741237, 0.70158237, 0.64682502, 0.47007775, 0.73416120, 0.91031677, 0.73687875, 0.85236245, 0.25285637, 0.29730612)
(0.87373197, 0.07993487, 0.76103437, 0.12597296, 0.49426901, 0.82710505, 0.87571234, 0.78751647, 0.14039476, 0.73275173)
(0.28095737, 0.25069779, 0.63045031, 0.68888229, 0.91104096, 0.34374854, 0.29739058, 0.08300244, 0.38986224, 0.46219552)
(0.09846054, 0.40965292, 0.80836660, 0.52305859, 0.47136396, 0.35137463, 0.11889202, 0.44777098, 0.54361945, 0.93280548)
(0.65072757, 0.37754884, 0.88699615, 0.68895304, 0.89185369, 0.27556464, 0.06018981, 0.40369555, 0.42079842, 0.39293072)
(0.63112402, 0.48524168, 0.32713467, 0.46210283, 0.93245268, 0.39316404, 0.45295814, 0.08271899, 0.25520086, 0.51626432)
(0.36961457, 0.38456595, 0.49543956, 0.75560951, 0.05262071, 0.83873987, 0.03815868, 0.19624908, 0.30179286, 0.74073845)
(0.30838302, 0.05853323, 0.05889630, 0.63433063, 0.11106191, 0.76919663, 0.18064192, 0.59003592, 0.37409163, 0.21519877)
(0.43306816, 0.65480971, 0.74180710, 0.51549858, 0.36355200, 0.01173935, 0.28901699, 0.58869886, 0.95221561, 0.94198054)
(0.47632840, 0.26484051, 0.87117177, 0.36642548, 0.45346719, 0.31222266, 0.07290896, 0.66574097, 0.20150961, 0.71651459)
(0.49631307, 0.64766896, 0.88042766, 0.10932647, 0.62282509, 0.57845229, 0.37723878, 0.50147206, 0.37279892, 0.16622092)
(0.85749978, 0.28806743, 0.07417308, 0.47406894, 0.86785686, 0.58442384, 0.68361294, 0.43923557, 0.15811938, 0.86490285)
(0.58372486, 0.58604664, 0.05053728, 0.60226959, 0.21661736, 0.61615580, 0.89164823, 0.28852558, 0.93386906, 0.46360788)
(0.43102396, 0.75883085, 0.67920905, 0.41344610, 0.58054882, 0.49474773, 0.38008958, 0.39784387, 0.14449266, 0.09552717)
(0.18346083, 0.29411343, 0.45974529, 0.72692484, 0.59846681, 0.20800953, 0.72165519, 0.27680334, 0.83101988, 0.93197489)
(0.78213388, 0.63404566, 0.63616282, 0.25837114, 0.56896013, 0.39157030, 0.68302101, 0.09796222, 0.08761545, 0.59054416)
(0.51585811, 0.19843668, 0.68339109, 0.31935120, 0.48487908, 0.72359091, 0.41642970, 0.38321388, 0.04410613, 0.18308967)
(0.47511551, 0.22288807, 0.30967849, 0.14952621, 0.23621328, 0.87125617, 0.36437216, 0.32627732, 0.11922569, 0.21805108)
(0.21343856, 0.34660146, 0.44775617, 0.11057365, 0.80020171, 0.24903400, 0.45555818, 0.53406811, 0.64323086, 0.30631107)
(0.40089872, 0.64404315, 0.50426900, 0.80269206, 0.24930096, 0.31402352, 0.37029487, 0.27452219, 0.89237112, 0.16706853)
(0.38360688, 0.92218727, 0.42772484, 0.94126612, 0.44161278, 0.17995374, 0.51492620, 0.10528945, 0.35360584, 0.08027921)
(0.68026066, 0.09631010, 0.85127670, 0.05229934, 0.61805761, 0.81320477, 0.09827989, 0.88311350, 0.38168406, 0.23203790)
(0.89595598, 0.33335644, 0.62421399, 0.68426663, 0.22950819, 0.26842076, 0.78060168, 0.13296790, 0.31649032, 0.83864534)
(0.74055994, 0.67313844, 0.68445331, 0.07395467, 0.82162160, 0.25499582, 0.34329516, 0.28295580, 0.15797727, 0.21182916)
(0.60268807, 0.58151746, 0.42539737, 0.58792931, 0.83043790, 0.46714604, 0.74815232, 0.35572067, 0.46939033, 0.04891130)
(0.61315852, 0.37217575, 0.63294494, 0.85013837, 0.37462580, 0.18303782, 0.73571116, 0.57167703, 0.24576399, 0.98268086)
(0.90261775, 0.10389006, 0.88367254, 0.01589383, 0.67380023, 0.85921103, 0.63352656, 0.88415986, 0.29189146, 0.67367226)
(0.48072550, 0.59300721, 0.53530800, 0.29650900, 0.58794177, 0.60453343, 0.63873130, 0.08082948, 0.11368854, 0.04410586)
(0.21997985, 0.79698092, 0.73382467, 0.62642139, 0.21529830, 0.02840066, 0.41548371, 0.30000150, 0.89524376, 0.91208380)
(0.17696758, 0.41394177, 0.44740647, 0.92368990, 0.38794783, 0.60316807, 0.11332925, 0.59324008, 0.05401901, 0.23990929)
(0.30089194, 0.57295710, 0.61607283, 0.28097320, 0.39599964, 0.45381427, 0.36699593, 0.10132872, 0.89775729, 0.60822934)
(0.46991897, 0.09823092, 0.64257252, 0.38935375, 0.40370589, 0.56511682, 0.13402216, 0.15261136, 0.31895915, 0.88470709)
(0.23018591, 0.61570859, 0.84883475, 0.20944652, 0.83643866, 0.38639694, 0.59276319, 0.71267623, 0.31047013, 0.19983369)
(0.66907597, 0.36638904, 0.53812474, 0.09607542, 0.48939180, 0.83122104, 0.11985886, 0.85114980, 0.69219196, 0.60562897)
(0.34802863, 0.09273975, 0.81461769, 0.56924611, 0.41505077, 0.14787708, 0.34895658, 0.44960830, 0.02020642, 0.95997852)
(0.85524035, 0.77334529, 0.89574540, 0.48989454, 0.26103556, 0.46818623, 0.57180697, 0.06186346, 0.48278841, 0.35541075)
(0.19974017, 0.72701830, 0.35797319, 0.38512108, 0.49168810, 0.90633988, 0.88531655, 0.86436027, 0.24752837, 0.20461549)
(0.41356990, 0.73299682, 0.52279848, 0.27965492, 0.24700396, 0.50341833, 0.92722631, 0.71934414, 0.27781540, 0.25674206)
(0.86211765, 0.57658750, 0.58546519, 0.87600386, 0.71823323, 0.32830945, 0.45599243, 0.22829048, 0.06046991, 0.71724701)
(0.39327729, 0.50822949, 0.50677603, 0.59776068, 0.55901140, 0.61307853, 0.64348143, 0.03238636, 0.91628158, 0.34459382)
(0.53225595, 0.55643243, 0.76441306, 0.00759865, 0.94592196, 0.23552585, 0.14418018, 0.12535074, 0.89836192, 0.15995608)
(0.26563787, 0.89575607, 0.35753307, 0.36472717, 0.64794683, 0.26966310, 0.71322912, 0.59822220, 0.20003386, 0.32634604)
(0.87089264, 0.57701135, 0.29157290, 0.57577151, 0.90235043, 0.44889304, 0.78947198, 0.26180786, 0.29417303, 0.66317427)
(0.42910150, 0.49722114, 0.75341225, 0.87350225, 0.18435733, 0.28227070, 0.76750797, 0.38650838, 0.67238772, 0.95196438)
(0.32826763, 0.84289974, 0.11300606, 0.82753831, 0.54094356, 0.21657290, 0.42168963, 0.18118376, 0.95886487, 0.92111295)
(0.30384758, 0.93255943, 0.51265812, 0.83769417, 0.17458563, 0.44382778, 0.29735768, 0.20428184, 0.91454256, 0.84358728)
(0.03449212, 0.51510024, 0.80530852, 0.57471585, 0.95949990, 0.35635781, 0.47706446, 0.52406853, 0.70552063, 0.22314686)
(0.48094857, 0.64710933, 0.22234216, 0.26448554, 0.72476935, 0.48062226, 0.68683529, 0.49550164, 0.11539529, 0.38135505)
(0.59833705, 0.94899362, 0.85461205, 0.40530950, 0.55128217, 0.50040549, 0.68200833, 0.31956801, 0.69598001, 0.41465065)
(0.25505883, 0.90146261, 0.55097431, 0.06973849, 0.37264982, 0.46880078, 0.73549807, 0.78824234, 0.14742965, 0.22041975)
(0.03715616, 0.32136911, 0.07269678, 0.32077935, 0.50807148, 0.89712811, 0.84348935, 0.68879110, 0.08911847, 0.31925052)
(0.84137261, 0.24152222, 0.51119876, 0.79595619, 0.29874653, 0.83533221, 0.12812130, 0.87375975, 0.37011096, 0.12948066)
(0.79902309, 0.32747853, 0.25746876, 0.10124079, 0.25493887, 0.88352120, 0.34964612, 0.57389110, 0.13517727, 0.16469769)
(0.74403435, 0.55397940, 0.53369564, 0.83859748, 0.84379321, 0.52164662, 0.74004352, 0.51085794, 0.76251560, 0.19924153)
(0.36661708, 0.29719719, 0.53268826, 0.84806383, 0.59757787, 0.56235719, 0.18563728, 0.49699867, 0.41143847, 0.94533479)
(0.07940260, 0.23801677, 0.94570506, 0.30264822, 0.70529437, 0.21835858, 0.18189135, 0.20850334, 0.58297646, 0.04450824)
(0.31969076, 0.66072363, 0.45465797, 0.56884491, 0.13388623, 0.42755875, 0.80788797, 0.88478273, 0.11991927, 0.83907264)
(0.42996743, 0.42605603, 0.66705215, 0.53041661, 0.95907348, 0.11818542, 0.48425323, 0.45028114, 0.68127793, 0.26768976)
(0.58433628, 0.53058970, 0.50081944, 0.01744169, 0.81851739, 0.19130248, 0.22584444, 0.26953688, 0.15751617, 0.87360883)
(0.76938128, 0.48027581, 0.80603778, 0.51461428, 0.74205905, 0.17757016, 0.13737753, 0.42028087, 0.27557537, 0.45740712)
(0.59276956, 0.68960041, 0.86914647, 0.72610402, 0.77290219, 0.45386496, 0.62102473, 0.67124981, 0.48854563, 0.14235342)
(0.35300657, 0.67630476, 0.75903189, 0.60720658, 0.74224526, 0.02422497, 0.43333805, 0.59943604, 0.32437363, 0.65905076)
(0.39910555, 0.40692854, 0.63297307, 0.24406230, 0.63429898, 0.38348070, 0.05906650, 0.25319296, 0.89541698, 0.07778305)
(0.74370956, 0.25427547, 0.50797069, 0.07587104, 0.45747942, 0.47138739, 0.74124807, 0.85245699, 0.22860858, 0.26886606)
(0.19350640, 0.20519488, 0.80291086, 0.95245248, 0.45019674, 0.88061875, 0.29030767, 0.31765237, 0.16353512, 0.33972681)
(0.14264928, 0.13006444, 0.26858118, 0.30985415, 0.21871448, 0.88727367, 0.35062864, 0.18446770, 0.21525766, 0.23805165)
(0.54415834, 0.77894086, 0.90659660, 0.22497778, 0.90449929, 0.72883296, 0.44250664, 0.17684205, 0.33213022, 0.06759161)
(0.51750779, 0.65463072, 0.34749761, 0.90034693, 0.67696434, 0.39229566, 0.15304539, 0.44164911, 0.08755407, 0.84905243)
(0.76023906, 0.32880858, 0.19445774, 0.24576545, 0.36288238, 0.62143314, 0.73141533, 0.20715871, 0.12192449, 0.28528702)
(0.48006561, 0.14276120, 0.43040141, 0.51325518, 0.47039407, 0.40520653, 0.17195174, 0.12516186, 0.07142340, 0.96128154)
(0.43610731, 0.69323552, 0.47322854, 0.06385240, 0.23815408, 0.80137467, 0.69020379, 0.96414375, 0.13047388, 0.12438893)
(0.87510139, 0.28946328, 0.05689010, 0.67811054, 0.54477346, 0.90007991, 0.40582106, 0.86714017, 0.25036189, 0.65411431)
(0.90940654, 0.38931197, 0.45867765, 0.73234236, 0.80832851, 0.56657302, 0.20462850, 0.09524667, 0.16887149, 0.69654703)
(0.18439373, 0.18193738, 0.90097666, 0.80281121, 0.98471040, 0.24976589, 0.29679248, 0.33418059, 0.44479331, 0.41856641)
(0.12065829, 0.14693898, 0.44349524, 0.46174976, 0.19437340, 0.71850622, 0.24792618, 0.43608382, 0.09727008, 0.10799538)
(0.52419901, 0.86695188, 0.77653933, 0.02154747, 0.74312299, 0.24060602, 0.19063303, 0.13366969, 0.81242168, 0.10911871)
(0.43724617, 0.41843641, 0.58442122, 0.83409762, 0.67116630, 0.73803443, 0.18967432, 0.09824539, 0.13442418, 0.64009982)
(0.78643018, 0.60046864, 0.37789220, 0.37313759, 0.24155228, 0.75402421, 0.34089667, 0.90034586, 0.37599704, 0.34903973)
(0.88363230, 0.29575562, 0.61549652, 0.82582092, 0.68517625, 0.46604574, 0.74887365, 0.09678040, 0.69997722, 0.57820398)
(0.56764990, 0.42018682, 0.89927363, 0.77952296, 0.27779683, 0.02677708, 0.72006857, 0.28215620, 0.34791902, 0.93827873)
(0.71923745, 0.25499514, 0.61536664, 0.66838163, 0.42526400, 0.24875747, 0.91220182, 0.16064189, 0.25440153, 0.91369098)
(0.64418513, 0.87650824, 0.65585512, 0.21691558, 0.55099261, 0.68944025, 0.93189287, 0.68101388, 0.17087288, 0.31311280)
(0.24021116, 0.75140250, 0.60114908, 0.02247542, 0.41673288, 0.42407903, 0.42801982, 0.45476165, 0.05377254, 0.62527078)
(0.60632181, 0.50131357, 0.30379137, 0.15627763, 0.20372668, 0.52758342, 0.76812100, 0.89866430, 0.07818336, 0.25246119)
(0.67306262, 0.25025907, 0.87401199, 0.89327568, 0.95269281, 0.25411385, 0.34721968, 0.21658155, 0.36668199, 0.34364495)
(0.90344006, 0.29189152, 0.88530803, 0.69827187, 0.06003062, 0.43812338, 0.74006492, 0.45512959, 0.12486797, 0.92325640)
(0.65439785, 0.70866865, 0.60761267, 0.87444574, 0.49333331, 0.03726936, 0.39189023, 0.33524278, 0.83199161, 0.23157749)
(0.49294779, 0.08451785, 0.90513116, 0.53812683, 0.49189615, 0.32222989, 0.12084050, 0.27860162, 0.17630385, 0.85091656)
(0.23801953, 0.60399741, 0.31942734, 0.14888474, 0.39742854, 0.93314886, 0.41610163, 0.16517431, 0.03283335, 0.60231638)
(0.10811463, 0.56692660, 0.60330284, 0.08688594, 0.56512970, 0.30297989, 0.30809173, 0.32096863, 0.56843060, 0.09492581)
(0.37602818, 0.86796534, 0.63741386, 0.24254851, 0.22691227, 0.47737885, 0.08867551, 0.64474922, 0.05510360, 0.39967543)
(0.59405798, 0.63715458, 0.44770905, 0.67651618, 0.85563982, 0.05437107, 0.27266127, 0.29456782, 0.90311491, 0.50575399)
(0.31684527, 0.37137327, 0.83680528, 0.75735980, 0.92610079, 0.35495123, 0.17449439, 0.47849715, 0.95384991, 0.26380083)
(0.69618011, 0.18341498, 0.28659725, 0.76466167, 0.31017211, 0.46839651, 0.93484402, 0.32335109, 0.62055385, 0.91667664)
(0.26086262, 0.50810826, 0.65694702, 0.27027044, 0.58714765, 0.60284775, 0.31591907, 0.59111488, 0.13940142, 0.29630560)
(0.53987777, 0.39820030, 0.70371562, 0.50428951, 0.61680806, 0.54668099, 0.86468095, 0.12583151, 0.68494600, 0.83766061)
(0.34572998, 0.56118518, 0.36662045, 0.31064898, 0.53451139, 0.33907884, 0.86184376, 0.44284427, 0.36799654, 0.34548825)
(0.55801660, 0.28366143, 0.53582817, 0.81346411, 0.51417446, 0.23850876, 0.78809768, 0.29032841, 0.32375327, 0.96594673)
(0.82552218, 0.74217147, 0.12993379, 0.54408830, 0.76841307, 0.58595377, 0.25062144, 0.53710783, 0.15946618, 0.65140617)
(0.28117782, 0.35212106, 0.55134028, 0.53507817, 0.45794755, 0.34355029, 0.31074736, 0.15676108, 0.92927486, 0.60038948)
(0.54227948, 0.28136620, 0.58685970, 0.46138445, 0.68290317, 0.23393291, 0.83242595, 0.06632145, 0.15532602, 0.87571573)
(0.11486088, 0.51176471, 0.73068357, 0.41470054, 0.52660823, 0.94387662, 0.48884994, 0.10348345, 0.11407089, 0.39302176)
(0.70567244, 0.68339324, 0.41941220, 0.64254063, 0.94289768, 0.24938583, 0.86424237, 0.41152140, 0.22559072, 0.52250695)
(0.95350128, 0.12596892, 0.23606837, 0.35227028, 0.26542407, 0.42994830, 0.42608404, 0.18413350, 0.10232373, 0.23232476)
(0.43398997, 0.42480311, 0.11212594, 0.44301009, 0.45088571, 0.71438950, 0.27738720, 0.13037191, 0.07945757, 0.58148468)
(0.22955196, 0.51315129, 0.44990885, 0.83305806, 0.95033628, 0.46879011, 0.17482728, 0.17455646, 0.31028748, 0.79260468)
(0.60623175, 0.18943503, 0.74775219, 0.03321684, 0.96020079, 0.28306785, 0.04438316, 0.07984444, 0.16644076, 0.44410977)
(0.28414160, 0.77818614, 0.20504600, 0.83582884, 0.62762690, 0.34488106, 0.34198266, 0.12461566, 0.96332365, 0.90619159)
(0.17937289, 0.74885446, 0.23643790, 0.93241584, 0.94226581, 0.28454998, 0.27734554, 0.26767692, 0.25014648, 0.22643562)
(0.57821864, 0.83033901, 0.88403147, 0.06101632, 0.56348026, 0.72952008, 0.41711569, 0.41618082, 0.73904401, 0.15813322)
(0.24519259, 0.28357548, 0.38600877, 0.48290375, 0.32711729, 0.37459913, 0.87992650, 0.17940933, 0.58955604, 0.78317928)
(0.49770567, 0.54836178, 0.92873257, 0.47954193, 0.75447994, 0.08703907, 0.66542077, 0.47480249, 0.52726722, 0.60803068)
(0.39687926, 0.60181338, 0.25228286, 0.91699910, 0.85712701, 0.59268004, 0.05637636, 0.33292812, 0.11284841, 0.56947470)
(0.13253586, 0.62606370, 0.67862535, 0.20862393, 0.64787221, 0.40469059, 0.37598312, 0.50193429, 0.20523033, 0.26186830)
(0.66132993, 0.75293118, 0.02271864, 0.57843554, 0.46304876, 0.48992795, 0.73476195, 0.67707247, 0.08241648, 0.44005111)
(0.32233542, 0.47247040, 0.09929536, 0.85492909, 0.93418294, 0.87212622, 0.27446482, 0.34477168, 0.09122148, 0.49286062)
(0.57341206, 0.23051575, 0.38475901, 0.75890309, 0.66402268, 0.21278295, 0.84607804, 0.36516932, 0.57306540, 0.95320952)
(0.86492980, 0.74102944, 0.39213601, 0.26717350, 0.55444866, 0.83210981, 0.78492147, 0.28531066, 0.20140019, 0.14251783)
(0.79575455, 0.23624733, 0.08242707, 0.64068127, 0.56688118, 0.65173531, 0.05912968, 0.95488530, 0.70950210, 0.12041264)
(0.06002180, 0.17477518, 0.52668571, 0.66824430, 0.29340529, 0.86185879, 0.25399736, 0.88162702, 0.20878015, 0.46216738)
(0.37408260, 0.02015132, 0.26249129, 0.38058817, 0.24883464, 0.85635424, 0.40125066, 0.42544508, 0.25187051, 0.24082793)
(0.26271352, 0.42544076, 0.03946845, 0.78071457, 0.31759289, 0.91304505, 0.24263269, 0.80794388, 0.36067075, 0.82555360)
(0.58356375, 0.72914839, 0.78751534, 0.78803736, 0.55082649, 0.00909746, 0.55321217, 0.64987439, 0.76341343, 0.86773199)
(0.34227023, 0.41860211, 0.82945812, 0.18644054, 0.64732081, 0.54592228, 0.37646240, 0.78570104, 0.09161846, 0.22078662)
(0.68552637, 0.20959041, 0.57418972, 0.08184934, 0.83589548, 0.12841004, 0.08831332, 0.07566042, 0.55451620, 0.20762129)
(0.54116887, 0.37168115, 0.18912373, 0.38910139, 0.51299167, 0.54553294, 0.93477839, 0.15799727, 0.76354134, 0.78021139)
(0.78211910, 0.43388382, 0.21428311, 0.38815546, 0.71250403, 0.60505128, 0.93436569, 0.49630883, 0.26505771, 0.33916816)
(0.19453701, 0.16385180, 0.75360131, 0.47877046, 0.44302469, 0.06068213, 0.22553028, 0.37943351, 0.13164435, 0.84485281)
(0.32520452, 0.47031921, 0.25364876, 0.62205839, 0.92224473, 0.49869362, 0.28708375, 0.23812295, 0.14847343, 0.42569745)
(0.86623335, 0.61541682, 0.76269448, 0.27919307, 0.60277605, 0.72019905, 0.82843983, 0.13829710, 0.64399356, 0.59863782)
(0.27573609, 0.29577205, 0.18443197, 0.77839708, 0.71012115, 0.77217585, 0.32591471, 0.11724956, 0.20469870, 0.41872400)
(0.25140905, 0.57691365, 0.66248930, 0.78841436, 0.55309987, 0.21888079, 0.49953645, 0.32809788, 0.26517066, 0.03188974)
(0.06422294, 0.87634122, 0.29131073, 0.41576567, 0.77912974, 0.74853784, 0.73277503, 0.67441553, 0.94837391, 0.20407756)
(0.35104606, 0.20402983, 0.93667537, 0.23963864, 0.36174500, 0.82760805, 0.69198608, 0.18078820, 0.11911595, 0.29005975)
(0.06117493, 0.48938334, 0.29980540, 0.68927592, 0.44834080, 0.96243727, 0.57326776, 0.54377550, 0.20800206, 0.62526178)
(0.80943483, 0.67078257, 0.49168429, 0.67287725, 0.66266525, 0.38146865, 0.90526646, 0.46388045, 0.46661109, 0.54350060)
(0.73893929, 0.83956510, 0.27271169, 0.78962815, 0.60243064, 0.34026402, 0.49337125, 0.80559373, 0.10192160, 0.24479410)
(0.71586442, 0.65408587, 0.11670757, 0.72330630, 0.83782661, 0.18206725, 0.76579541, 0.33108386, 0.87156731, 0.84801823)
(0.37633532, 0.47309759, 0.25276944, 0.52770740, 0.34713325, 0.70308119, 0.22518249, 0.80656451, 0.17985292, 0.65026504)
(0.96942824, 0.59794629, 0.43087047, 0.19001147, 0.18338609, 0.55349272, 0.81653750, 0.15630274, 0.22426483, 0.57977581)
(0.22086194, 0.06272282, 0.25115722, 0.81076634, 0.06356220, 0.87474149, 0.16426621, 0.60895520, 0.42303371, 0.78545481)
(0.23875529, 0.70911813, 0.73824805, 0.65639043, 0.76347542, 0.30123568, 0.65501243, 0.15944235, 0.18554121, 0.52614713)
(0.79822159, 0.40394342, 0.60373932, 0.55212581, 0.69744581, 0.42914116, 0.23949490, 0.08392064, 0.08637948, 0.71421474)
(0.29920688, 0.19234735, 0.31776851, 0.88010252, 0.20458050, 0.15766135, 0.90328139, 0.27132335, 0.74580717, 0.87458372)
(0.79012191, 0.82905698, 0.73410225, 0.05466828, 0.55596805, 0.71376228, 0.68953723, 0.81080556, 0.25694907, 0.24600860)
(0.59531027, 0.45760959, 0.10397144, 0.60577869, 0.78872114, 0.64061135, 0.34631729, 0.15957840, 0.12815799, 0.41407806)
(0.61036307, 0.76933420, 0.50302726, 0.87345660, 0.85794002, 0.51361358, 0.16197081, 0.28361002, 0.14448468, 0.54426932)
(0.69146669, 0.36971104, 0.61301142, 0.60428500, 0.85782480, 0.34902537, 0.90355062, 0.09103604, 0.65910876, 0.81038964)
(0.57374287, 0.11271895, 0.22707698, 0.65143245, 0.19128641, 0.60514718, 0.17337669, 0.39366525, 0.32118744, 0.70719349)
(0.43244064, 0.27198714, 0.43531287, 0.40428549, 0.71354985, 0.21835521, 0.81994182, 0.19139059, 0.58946407, 0.88559276)
(0.36409295, 0.17792635, 0.20906483, 0.30078921, 0.18376468, 0.63783050, 0.35619095, 0.66045409, 0.17062461, 0.06170163)
(0.12025581, 0.91585177, 0.87926948, 0.48264530, 0.51033294, 0.54702061, 0.06759958, 0.52608621, 0.25863081, 0.50190920)
(0.39602768, 0.26259473, 0.76050478, 0.39354959, 0.50987238, 0.19859394, 0.03310162, 0.37882772, 0.88630855, 0.07125366)
(0.56165189, 0.82268524, 0.71017349, 0.21821807, 0.62060267, 0.67438501, 0.53697991, 0.65323442, 0.11400414, 0.08261500)
(0.49110427, 0.83594620, 0.71456456, 0.03989278, 0.85598695, 0.51325595, 0.20954819, 0.72379619, 0.09636232, 0.17156816)
(0.26996002, 0.70279264, 0.82548612, 0.83319265, 0.78281921, 0.32509711, 0.22350869, 0.11035369, 0.34287778, 0.72962552)
(0.81359714, 0.57090843, 0.49292144, 0.69945014, 0.58487809, 0.08214886, 0.62976712, 0.11099317, 0.58694005, 0.37558109)
(0.24906358, 0.56084621, 0.16202588, 0.78321570, 0.70386726, 0.16937195, 0.51130438, 0.11439205, 0.19636922, 0.73032486)
(0.38732663, 0.19398144, 0.36253798, 0.18157928, 0.35327941, 0.67298144, 0.25848308, 0.70766062, 0.37552258, 0.18144155)
(0.73862535, 0.12582572, 0.45721343, 0.14706412, 0.22064669, 0.87512016, 0.28193632, 0.84122008, 0.50859404, 0.18413112)
(0.83104187, 0.20002344, 0.83037388, 0.16730145, 0.29834378, 0.37098294, 0.57823396, 0.80677652, 0.26109764, 0.43261433)
(0.48528671, 0.68943298, 0.82319897, 0.14079429, 0.79078329, 0.09416747, 0.80521917, 0.09647405, 0.45126575, 0.93023872)
(0.17952290, 0.08923233, 0.45967796, 0.84908712, 0.29724795, 0.85911459, 0.27657831, 0.25315151, 0.24516051, 0.83173829)
(0.82863665, 0.21129358, 0.41662475, 0.44445613, 0.48448983, 0.84313047, 0.33640113, 0.29069203, 0.12571535, 0.75102288)
(0.10787285, 0.50862861, 0.45366937, 0.43623054, 0.87788087, 0.34808215, 0.93280154, 0.20162746, 0.55920517, 0.32400611)
(0.79377639, 0.53629398, 0.81325430, 0.76688021, 0.88760072, 0.72531903, 0.59710735, 0.37250075, 0.13478380, 0.49912485)
(0.03913055, 0.53402889, 0.81599396, 0.71336579, 0.46093133, 0.49536616, 0.59801656, 0.61340153, 0.18284689, 0.22198690)
(0.22000705, 0.39006403, 0.60793966, 0.08036288, 0.39330098, 0.48113340, 0.40644199, 0.97202218, 0.19306695, 0.34551299)
(0.69114703, 0.73932523, 0.46121535, 0.65879971, 0.71937400, 0.05029178, 0.53138655, 0.59184569, 0.81236666, 0.85801691)
(0.65723646, 0.84944522, 0.43775898, 0.73282915, 0.90204579, 0.04142127, 0.53882778, 0.61533195, 0.70671552, 0.34748900)
(0.88443094, 0.45418283, 0.37651622, 0.84178168, 0.48903003, 0.48200795, 0.27382442, 0.73054028, 0.10495778, 0.31581470)
(0.60566843, 0.41654736, 0.71657360, 0.11937501, 0.63323677, 0.42689386, 0.32005864, 0.97371680, 0.09744618, 0.30720475)
(0.49116504, 0.38954672, 0.58617550, 0.60519671, 0.92175043, 0.15829641, 0.56964052, 0.27289131, 0.40641260, 0.87767261)
(0.55048728, 0.33368194, 0.06338208, 0.22973666, 0.25494698, 0.59960556, 0.57973903, 0.57917547, 0.15035070, 0.31408215)
(0.95087004, 0.41806847, 0.78320414, 0.57301939, 0.40824240, 0.70060629, 0.54809958, 0.48447579, 0.17665845, 0.21703635)
(0.36802709, 0.44106871, 0.82011557, 0.57626975, 0.73614484, 0.08212347, 0.61354488, 0.28647578, 0.93349385, 0.91806179)
(0.48016119, 0.59298384, 0.50326902, 0.02930591, 0.53304517, 0.53043032, 0.11639564, 0.93328840, 0.22178105, 0.35811669)
(0.66407937, 0.41443315, 0.46820676, 0.24764290, 0.66079104, 0.83420253, 0.85737234, 0.24123026, 0.41296473, 0.16520105)
(0.88926762, 0.15428117, 0.90821874, 0.11330812, 0.49369362, 0.83367139, 0.46118626, 0.91483343, 0.26214033, 0.54138571)
(0.76343292, 0.75066483, 0.74490291, 0.51365125, 0.44672704, 0.14081810, 0.27610037, 0.42042425, 0.05641306, 0.48304930)
(0.10935060, 0.63909709, 0.76100177, 0.65991008, 0.13722299, 0.76701283, 0.03610466, 0.72954571, 0.44411418, 0.72469580)
(0.25464004, 0.69872266, 0.38441402, 0.70291954, 0.40977120, 0.61682630, 0.59188569, 0.76493585, 0.13112313, 0.09392858)
(0.49843255, 0.85648888, 0.82900441, 0.25161070, 0.30867791, 0.04492684, 0.19807319, 0.27506688, 0.25733709, 0.36309880)
(0.24219897, 0.50645941, 0.63789040, 0.76132208, 0.48594460, 0.02140410, 0.68944567, 0.43629822, 0.88735098, 0.97487879)
(0.34463963, 0.17041561, 0.54294622, 0.12641537, 0.80164236, 0.29984352, 0.10315473, 0.12531973, 0.47383296, 0.57698226)
(0.71692050, 0.85615408, 0.24176496, 0.51429206, 0.91771573, 0.40808585, 0.76500118, 0.47401524, 0.79263091, 0.15374590)
(0.68281388, 0.45714185, 0.57619882, 0.68129611, 0.43979070, 0.26493838, 0.50433373, 0.03964772, 0.88566846, 0.04083537)
(0.41423818, 0.46933854, 0.23560922, 0.26717854, 0.32002595, 0.73164350, 0.91480291, 0.50276124, 0.29697990, 0.03138993)
(0.20027596, 0.30853459, 0.50676042, 0.02997892, 0.77515018, 0.33556116, 0.27357134, 0.30292872, 0.79327822, 0.10269137)
(0.13126791, 0.16979094, 0.19854188, 0.48035741, 0.18545203, 0.65292013, 0.30930850, 0.72000289, 0.28459200, 0.12729767)
(0.28724363, 0.77548259, 0.43280435, 0.70314926, 0.76649731, 0.12458247, 0.31376350, 0.19349766, 0.24164368, 0.18622553)
(0.45126012, 0.42556465, 0.44246802, 0.08219470, 0.31201836, 0.66422194, 0.39725959, 0.97584915, 0.20092717, 0.28470540)
(0.55063009, 0.03662393, 0.16943750, 0.53432512, 0.03186568, 0.81148565, 0.11181609, 0.74502546, 0.61203039, 0.60365272)
(0.02852233, 0.54731071, 0.65991646, 0.83375919, 0.28779116, 0.56137270, 0.17547536, 0.21912214, 0.20301285, 0.60206270)
(0.92264700, 0.40797502, 0.26570395, 0.83634305, 0.84689891, 0.61150789, 0.88670129, 0.57971102, 0.35383862, 0.92081410)
(0.04614887, 0.57861567, 0.83312303, 0.10547033, 0.64604473, 0.74306512, 0.41807058, 0.97938740, 0.22027615, 0.38516843)
(0.88563371, 0.07941955, 0.66458255, 0.25627410, 0.17965245, 0.79933405, 0.27470654, 0.67798454, 0.26821032, 0.41397807)
(0.62620044, 0.69286102, 0.80702513, 0.91634989, 0.51524025, 0.54369849, 0.59845227, 0.37046239, 0.84008950, 0.48285428)
(0.71039760, 0.53020859, 0.72078955, 0.81015360, 0.91796124, 0.25315973, 0.12419996, 0.55084687, 0.94405907, 0.30014113)
(0.15234506, 0.13392232, 0.30978525, 0.56082380, 0.27313384, 0.69495541, 0.25504294, 0.07255968, 0.12061322, 0.26612347)
(0.65952551, 0.83540416, 0.58060229, 0.62374830, 0.94397706, 0.35947883, 0.15881762, 0.42357659, 0.15991946, 0.77221805)
(0.50648320, 0.37235740, 0.22329530, 0.26650882, 0.21970512, 0.50944364, 0.56063193, 0.69481242, 0.09068837, 0.13744625)
(0.54761904, 0.13456692, 0.52993417, 0.40547854, 0.56975371, 0.50141227, 0.24864981, 0.05275652, 0.13759328, 0.84137523)
(0.82488483, 0.26218599, 0.43109742, 0.07432436, 0.57761931, 0.83874369, 0.50444955, 0.35998303, 0.24088483, 0.54531497)
(0.45200276, 0.91120809, 0.70324814, 0.11776657, 0.28808811, 0.45735806, 0.27177021, 0.11615001, 0.94599628, 0.33195469)
(0.64823818, 0.08944105, 0.71502531, 0.65541333, 0.37322733, 0.50805724, 0.08773608, 0.48543522, 0.52590615, 0.91435409)
(0.74914283, 0.20999318, 0.68752122, 0.04464509, 0.66821080, 0.74512511, 0.22094320, 0.95911908, 0.25207499, 0.09420516)
(0.78904665, 0.56849957, 0.25509089, 0.40769324, 0.62227750, 0.69734704, 0.89855069, 0.30732134, 0.35930547, 0.37282154)
(0.50673091, 0.24246269, 0.41669324, 0.52371782, 0.92492110, 0.35404345, 0.78330034, 0.21145450, 0.31180969, 0.20454778)
(0.62890315, 0.11258492, 0.13901617, 0.58850467, 0.33900172, 0.85927355, 0.30173185, 0.33732948, 0.20699471, 0.67365652)
(0.86184847, 0.55042505, 0.16592106, 0.89405352, 0.62229335, 0.39104354, 0.51094198, 0.44916716, 0.76095301, 0.91901225)
(0.72793424, 0.49090740, 0.56948787, 0.54313701, 0.76045817, 0.15831684, 0.74552524, 0.07888986, 0.71695048, 0.56898642)
(0.64701724, 0.27246091, 0.74346167, 0.74245602, 0.27695858, 0.44500342, 0.79327762, 0.80034018, 0.11111982, 0.49974787)
(0.56470305, 0.78155333, 0.04376586, 0.46541920, 0.74151170, 0.71079135, 0.55192387, 0.77697921, 0.15158428, 0.15851109)
(0.15041138, 0.28216460, 0.93273818, 0.58901095, 0.70026469, 0.56788665, 0.15038374, 0.09319080, 0.18668404, 0.19873045)
(0.45982936, 0.74724287, 0.29256102, 0.15219659, 0.08634680, 0.70629400, 0.89353436, 0.91414934, 0.23295787, 0.19156720)
(0.03749478, 0.63219547, 0.84487700, 0.79827338, 0.46092275, 0.85224771, 0.13685751, 0.40350088, 0.54665530, 0.89999425)
(0.87462765, 0.35636064, 0.39550111, 0.43170515, 0.47021136, 0.44875088, 0.90992820, 0.85481673, 0.31247440, 0.49315232)
(0.24734247, 0.97054839, 0.36569506, 0.51982963, 0.36855993, 0.26737860, 0.82362795, 0.61012107, 0.54340541, 0.24064353)
(0.09398448, 0.23572712, 0.44226232, 0.34303242, 0.47818744, 0.75987512, 0.23340231, 0.81197715, 0.56974351, 0.56390744)
(0.54014242, 0.63488293, 0.25065982, 0.64932114, 0.57959926, 0.56625539, 0.82825214, 0.03564286, 0.79384577, 0.61652040)
(0.06459274, 0.48278251, 0.63790083, 0.05390867, 0.83833408, 0.38397130, 0.33139944, 0.44160810, 0.27463329, 0.18409467)
(0.10707372, 0.54627377, 0.23752657, 0.74717790, 0.76559603, 0.67092419, 0.25783622, 0.30975538, 0.19609977, 0.91995937)
(0.31148794, 0.35420629, 0.75530177, 0.04224740, 0.60504735, 0.67627156, 0.22969887, 0.92842197, 0.38272592, 0.26429811)
(0.71246880, 0.17282309, 0.38855377, 0.79561460, 0.12959464, 0.81637323, 0.95117021, 0.58074164, 0.85986400, 0.83030683)
(0.37668207, 0.93229443, 0.79517889, 0.89680278, 0.88219327, 0.66319525, 0.47841746, 0.58412164, 0.44609055, 0.23747912)
(0.52350789, 0.61447138, 0.54146224, 0.38149768, 0.24915276, 0.59945345, 0.60193396, 0.08996452, 0.88096225, 0.45844430)
(0.77203846, 0.52357239, 0.48972595, 0.52437407, 0.27003995, 0.47193378, 0.58692527, 0.88824320, 0.06047436, 0.43694982)
(0.93213397, 0.26601747, 0.14054376, 0.65701890, 0.30135986, 0.71628886, 0.55528146, 0.91081905, 0.22316699, 0.36423472)
(0.39667353, 0.30635533, 0.62270826, 0.47240084, 0.57666647, 0.75460780, 0.40402922, 0.14534326, 0.08187160, 0.04846795)
(0.08436124, 0.68546307, 0.70025945, 0.51975703, 0.88485914, 0.36816943, 0.85787755, 0.62920606, 0.49803922, 0.18862142)
(0.49559209, 0.35187563, 0.66809517, 0.28762358, 0.73861051, 0.35542265, 0.48535556, 0.14048165, 0.49460980, 0.89402890)
(0.34673178, 0.45999417, 0.48559445, 0.56769222, 0.66107208, 0.53341973, 0.38647383, 0.02201508, 0.10815980, 0.42859560)
(0.71082854, 0.04766998, 0.93271172, 0.47205809, 0.49880162, 0.49514419, 0.51244962, 0.57113916, 0.08840197, 0.91867048)
(0.33373123, 0.61968201, 0.59052616, 0.83987749, 0.18877301, 0.27286759, 0.76842242, 0.45947412, 0.53870004, 0.85167366)
(0.38384098, 0.36754954, 0.13148752, 0.25983649, 0.62183160, 0.60304058, 0.46112800, 0.45903316, 0.14671877, 0.43131876)
(0.19047859, 0.74932271, 0.52835196, 0.39911437, 0.86292583, 0.29621512, 0.66042703, 0.50788873, 0.79945707, 0.03899441)
(0.51466459, 0.68286318, 0.85465044, 0.26292908, 0.67253262, 0.43335885, 0.79467422, 0.49368194, 0.27773631, 0.66905141)
(0.49638143, 0.68798614, 0.63587135, 0.96110886, 0.04967821, 0.55823982, 0.80905753, 0.30919942, 0.68837750, 0.82587945)
(0.30135456, 0.83254051, 0.51129174, 0.43977916, 0.38669962, 0.40774277, 0.78492117, 0.50758791, 0.07707348, 0.38580185)
(0.49620327, 0.48622170, 0.22510222, 0.09689531, 0.33144844, 0.60651445, 0.71666723, 0.98318189, 0.19499938, 0.46281633)
(0.82638943, 0.62042189, 0.70466328, 0.42967841, 0.68223816, 0.63516366, 0.67955375, 0.02457035, 0.19729905, 0.32256925)
(0.30214533, 0.73570520, 0.26465827, 0.47783142, 0.29576078, 0.44159061, 0.76717579, 0.14547516, 0.03251376, 0.37266880)
(0.81673497, 0.59504294, 0.39613965, 0.10580345, 0.29157099, 0.76389033, 0.75799996, 0.94472796, 0.09497219, 0.40227482)
(0.16999921, 0.28163591, 0.69122249, 0.20792167, 0.22395684, 0.75653923, 0.36402032, 0.83312690, 0.09028575, 0.09891118)
(0.43790933, 0.65593404, 0.20975611, 0.36540580, 0.70457691, 0.10594142, 0.33180100, 0.37223002, 0.85723072, 0.82866889)
(0.25255191, 0.96039242, 0.65329832, 0.65387571, 0.32097706, 0.19689530, 0.51697409, 0.08779737, 0.13460238, 0.36376229)
(0.87841207, 0.41396546, 0.73527414, 0.53036684, 0.46133041, 0.47070664, 0.52083802, 0.35591874, 0.25494245, 0.50138509)
(0.45446852, 0.62908685, 0.20309086, 0.75988334, 0.41825759, 0.86650646, 0.13716318, 0.94869524, 0.34147888, 0.71072334)
(0.62273878, 0.34332097, 0.80252749, 0.22573155, 0.39054829, 0.22292241, 0.01073404, 0.10184821, 0.46760139, 0.92603344)
(0.62430131, 0.29555765, 0.62037486, 0.58930343, 0.70675707, 0.43208688, 0.83521366, 0.09607890, 0.77240151, 0.83884841)
(0.06367264, 0.45628044, 0.86904097, 0.68304455, 0.27469984, 0.85635805, 0.43494844, 0.59094179, 0.18385983, 0.35835233)
(0.86802083, 0.11739978, 0.19552580, 0.64136446, 0.48629978, 0.86395985, 0.37319815, 0.83850551, 0.29703289, 0.10746236)
(0.23875485, 0.32958275, 0.41562164, 0.51496774, 0.67072088, 0.76790780, 0.31015798, 0.38493431, 0.13413799, 0.58376098)
(0.88925910, 0.79711336, 0.73917520, 0.91233784, 0.71139538, 0.61553252, 0.53766650, 0.66228908, 0.34578419, 0.61325908)
(0.85920894, 0.33197969, 0.43633971, 0.51834977, 0.61113262, 0.50762022, 0.33660188, 0.06088952, 0.22647224, 0.74566698)
(0.08121818, 0.12045376, 0.04467075, 0.40362787, 0.28156111, 0.90937710, 0.38845852, 0.77928817, 0.39683801, 0.43052047)
(0.81404465, 0.56445712, 0.47367981, 0.58598030, 0.35958034, 0.80474401, 0.61213350, 0.18941547, 0.07304935, 0.24267469)
(0.08483773, 0.87507582, 0.30805972, 0.26437613, 0.14397217, 0.37169719, 0.79602903, 0.47191313, 0.38190606, 0.11759777)
(0.05393903, 0.19616196, 0.69169778, 0.43599236, 0.49646387, 0.89791340, 0.48838568, 0.12841853, 0.24978679, 0.73209357)
(0.29383603, 0.50040329, 0.09248609, 0.74093747, 0.35634148, 0.92756873, 0.34842464, 0.41307643, 0.08218182, 0.24013393)
(0.20402721, 0.91060770, 0.59058881, 0.61823052, 0.65087801, 0.25455996, 0.52472079, 0.56519771, 0.42170814, 0.06631976)
(0.44078383, 0.39062524, 0.58170933, 0.49598792, 0.60010409, 0.58798355, 0.53901422, 0.83179736, 0.05895764, 0.26082543)
(0.24982935, 0.52120250, 0.29416674, 0.59975451, 0.57926893, 0.61770916, 0.14906800, 0.44513148, 0.36776403, 0.92241538)
(0.76626796, 0.95846760, 0.47903335, 0.92209399, 0.73224366, 0.29709482, 0.50178152, 0.68806428, 0.40474907, 0.26670516)
(0.40535295, 0.39453375, 0.68078828, 0.68912154, 0.40786836, 0.00564779, 0.41555864, 0.48607126, 0.86065382, 0.90658396)
(0.39738521, 0.83014750, 0.43471217, 0.73921400, 0.56122541, 0.67370653, 0.15676683, 0.33854783, 0.10721870, 0.69489855)
(0.03438646, 0.73655570, 0.11210468, 0.86361808, 0.81340891, 0.75117373, 0.28914744, 0.30167866, 0.15461929, 0.73724550)
(0.77043074, 0.63693827, 0.26256627, 0.68133688, 0.92162424, 0.47843742, 0.63956410, 0.34857044, 0.11057667, 0.59479654)
(0.32782564, 0.73734248, 0.19410683, 0.27274340, 0.65566635, 0.26897299, 0.82949126, 0.33909038, 0.29833192, 0.21709514)
(0.88570249, 0.52886927, 0.09289683, 0.49940073, 0.62315536, 0.40038452, 0.48585233, 0.08907408, 0.18046042, 0.59708518)
(0.14870499, 0.41257364, 0.16486005, 0.79271811, 0.79597402, 0.51947230, 0.15962702, 0.18585268, 0.27694383, 0.72458452)
(0.49381098, 0.31579968, 0.40172324, 0.35812819, 0.32060978, 0.46424735, 0.28428552, 0.43861121, 0.09332430, 0.11924110)
(0.28845805, 0.51996166, 0.72442812, 0.74723232, 0.94335181, 0.18759048, 0.23966317, 0.44137689, 0.49208406, 0.24061178)
(0.75487453, 0.82752413, 0.13632402, 0.66551590, 0.46750766, 0.59622347, 0.84959990, 0.67435575, 0.82887542, 0.23597680)
(0.35272229, 0.24458914, 0.71772808, 0.21247685, 0.46958777, 0.50160962, 0.12810291, 0.52663052, 0.41666070, 0.20736016)
(0.68583655, 0.37587997, 0.55672580, 0.36684698, 0.79587835, 0.63307005, 0.52912581, 0.08207911, 0.12129625, 0.85138017)
(0.49556234, 0.59429163, 0.55580395, 0.23113252, 0.32223380, 0.27204248, 0.01615174, 0.13320130, 0.70935845, 0.10328143)
(0.36087826, 0.59848416, 0.93451029, 0.43198043, 0.78837538, 0.23704515, 0.28250504, 0.60792774, 0.54663885, 0.05644800)
(0.48224825, 0.08372438, 0.20592289, 0.74874562, 0.12060530, 0.71601969, 0.18055062, 0.57610685, 0.51066196, 0.83445728)
(0.24700540, 0.14143534, 0.20304306, 0.74128932, 0.42059091, 0.69639379, 0.15864123, 0.27845728, 0.24921966, 0.80586320)
(0.48279613, 0.30980805, 0.72345150, 0.11134733, 0.42818165, 0.28940213, 0.72247618, 0.14852589, 0.14951776, 0.81411415)
(0.57661849, 0.31655169, 0.42116112, 0.19458781, 0.63782334, 0.31375876, 0.26153052, 0.72375232, 0.21132544, 0.25355875)
(0.49839222, 0.41360179, 0.45731527, 0.75720000, 0.86369419, 0.60532308, 0.21707392, 0.11273282, 0.08743200, 0.65497613)
(0.39531106, 0.78325522, 0.42188585, 0.56437963, 0.44362983, 0.61178261, 0.87024784, 0.43466237, 0.50897056, 0.02287212)
(0.35395980, 0.51060796, 0.37556514, 0.90488023, 0.91436774, 0.67499745, 0.31278646, 0.11762064, 0.17729689, 0.49976981)
(0.24455138, 0.06031150, 0.22073454, 0.31170890, 0.28615960, 0.87179214, 0.48341557, 0.19079424, 0.10509502, 0.30160436)
(0.25630391, 0.60430676, 0.39098805, 0.41854107, 0.15716298, 0.85905474, 0.28401643, 0.30232140, 0.03733809, 0.69455433)
(0.86406219, 0.65985054, 0.43393287, 0.36891660, 0.34114227, 0.43530455, 0.88357073, 0.45683137, 0.24941082, 0.18880141)
(0.90293419, 0.05076332, 0.53474349, 0.16313855, 0.26941720, 0.64592040, 0.40085348, 0.20903504, 0.09320912, 0.76600134)
(0.43905345, 0.04122829, 0.75863224, 0.60670894, 0.42417479, 0.52035630, 0.19716734, 0.56146210, 0.21586704, 0.93454117)
(0.51361102, 0.02271421, 0.75119454, 0.28085801, 0.25939873, 0.47678021, 0.69439691, 0.48777148, 0.06878318, 0.72484326)
(0.28426099, 0.34065995, 0.60225099, 0.48035559, 0.67391336, 0.57542783, 0.67235160, 0.07432229, 0.95041305, 0.76440012)
(0.62767822, 0.68112606, 0.61820412, 0.58711094, 0.97568727, 0.09124313, 0.48525804, 0.32804173, 0.37401444, 0.67526817)
(0.01174747, 0.71358693, 0.91314226, 0.08245405, 0.88228416, 0.67854553, 0.33510536, 0.30039531, 0.32325739, 0.35110354)
(0.79124343, 0.61343908, 0.11655550, 0.46933681, 0.60790509, 0.89750177, 0.23114872, 0.78135478, 0.46886751, 0.58184838)
(0.68655467, 0.33618554, 0.59412837, 0.49922231, 0.45286134, 0.43047285, 0.37642869, 0.56980914, 0.04414733, 0.68987852)
(0.04043958, 0.23807941, 0.68491673, 0.81856185, 0.65628278, 0.79258394, 0.74620777, 0.37295604, 0.08689189, 0.25686559)
(0.78322166, 0.77915508, 0.36184299, 0.51644540, 0.60033256, 0.62267739, 0.49836871, 0.09987750, 0.33452404, 0.06461911)
(0.77873999, 0.14767283, 0.54427063, 0.10379351, 0.42699486, 0.60246760, 0.93100846, 0.36540946, 0.40525666, 0.77660429)
(0.64045256, 0.83517724, 0.66157562, 0.80478579, 0.65362495, 0.56276780, 0.63854027, 0.46452767, 0.51813293, 0.16766834)
(0.05520596, 0.23021345, 0.12159915, 0.67652977, 0.62864059, 0.85824513, 0.42061931, 0.26072061, 0.22162342, 0.63465869)
(0.60805309, 0.68639183, 0.65670520, 0.17069435, 0.21188515, 0.43421605, 0.40889570, 0.95513219, 0.12149492, 0.46818832)
(0.46401402, 0.34405020, 0.68498778, 0.15027297, 0.38766927, 0.28409457, 0.06275563, 0.04420768, 0.08110815, 0.96725655)
(0.28391445, 0.94019103, 0.86315632, 0.77951485, 0.59751207, 0.18787940, 0.13425760, 0.55779487, 0.97241592, 0.51394516)
(0.45886821, 0.65333849, 0.46457881, 0.37004820, 0.66796708, 0.11754854, 0.73301184, 0.23996694, 0.19242427, 0.37508050)
(0.63374799, 0.79785526, 0.45958573, 0.76643729, 0.54712754, 0.13317670, 0.68557334, 0.59221387, 0.26696905, 0.44601035)
(0.49370378, 0.63783067, 0.82919633, 0.80848396, 0.91612136, 0.14151157, 0.36399442, 0.15035921, 0.59976083, 0.65897459)
(0.63715780, 0.30558032, 0.52201617, 0.13335878, 0.48579389, 0.89443958, 0.31744665, 0.89633095, 0.13504806, 0.11840294)
(0.05784922, 0.33379474, 0.37400082, 0.82651025, 0.34729314, 0.08475520, 0.59146762, 0.27252418, 0.79871058, 0.93750674)
(0.31770554, 0.24672969, 0.84111530, 0.05300629, 0.96552962, 0.21532011, 0.27127564, 0.14345430, 0.37156516, 0.36453068)
(0.16335036, 0.82031137, 0.20650980, 0.68148065, 0.32950985, 0.14032729, 0.19163412, 0.30743030, 0.89429140, 0.87479043)
(0.78027862, 0.09683833, 0.54948634, 0.35332242, 0.57016391, 0.91368502, 0.42547244, 0.12733972, 0.15179236, 0.27413353)
(0.50731730, 0.70238417, 0.33817679, 0.71070021, 0.92374134, 0.48939008, 0.18736981, 0.46900225, 0.08140638, 0.81136894)
(0.90812600, 0.29895544, 0.39911449, 0.41933897, 0.27932748, 0.73179132, 0.55608529, 0.10247019, 0.03549594, 0.56404042)
(0.78174192, 0.59487212, 0.83480346, 0.13117413, 0.53033322, 0.04861871, 0.24846336, 0.28831902, 0.74155354, 0.37928313)
(0.19726245, 0.79367721, 0.70755440, 0.55130833, 0.40649822, 0.38327515, 0.42118302, 0.45912039, 0.43666533, 0.08810804)
(0.06228086, 0.63727719, 0.65703398, 0.39954311, 0.63242328, 0.66673762, 0.71034324, 0.84076262, 0.24853592, 0.34735250)
(0.52630907, 0.84442234, 0.48900181, 0.65980339, 0.33718500, 0.29208881, 0.91328323, 0.65633774, 0.50484926, 0.33731383)
(0.44993839, 0.88714057, 0.63243365, 0.95964950, 0.89358652, 0.08292016, 0.30862349, 0.40647283, 0.56983399, 0.21273269)
(0.58383727, 0.26140746, 0.05773077, 0.26697338, 0.18553348, 0.84654659, 0.35957491, 0.75354964, 0.27557263, 0.48837486)
(0.68037659, 0.50377011, 0.83000249, 0.40334389, 0.54998952, 0.32588089, 0.42164505, 0.16853549, 0.86229587, 0.18774460)
(0.80812067, 0.07980328, 0.21855876, 0.81920886, 0.15392452, 0.66542679, 0.62349993, 0.70179796, 0.51157761, 0.84446996)
(0.91204590, 0.38311508, 0.57557732, 0.23722319, 0.39147961, 0.95088905, 0.24709700, 0.17458174, 0.23108652, 0.80194515)
(0.33609766, 0.20188196, 0.59520328, 0.59854060, 0.77609158, 0.64493698, 0.31048551, 0.18214697, 0.10876045, 0.44014809)
(0.79576647, 0.03832143, 0.82637805, 0.53347403, 0.72540987, 0.78190702, 0.47239378, 0.06291075, 0.10642605, 0.34982163)
(0.67632288, 0.93424851, 0.29289821, 0.89035022, 0.76097512, 0.66811544, 0.79840302, 0.49663839, 0.62778878, 0.53988624)
(0.52492660, 0.75798404, 0.34977582, 0.92336345, 0.44700536, 0.33839104, 0.31396568, 0.23862071, 0.14749323, 0.30842575)
(0.57995367, 0.63424724, 0.61876762, 0.90943611, 0.95867020, 0.29387552, 0.15472895, 0.33774880, 0.29315984, 0.19552416)
(0.60991985, 0.42062089, 0.05611062, 0.66604620, 0.37179065, 0.41598889, 0.95848525, 0.43023974, 0.72086203, 0.79458040)
(0.02789033, 0.78539509, 0.26503778, 0.43167007, 0.56739271, 0.24669904, 0.53597409, 0.45938259, 0.54451197, 0.24799989)
(0.38956812, 0.27470541, 0.23967621, 0.37464526, 0.47907531, 0.50074446, 0.90690172, 0.12928541, 0.88052726, 0.83242399)
(0.71430737, 0.27383584, 0.56725663, 0.53037280, 0.74395621, 0.37151647, 0.93196309, 0.16242827, 0.50813514, 0.74378633)
(0.84063017, 0.52241200, 0.80375516, 0.03561959, 0.75020474, 0.86760867, 0.71209627, 0.59467030, 0.17640398, 0.07404494)
(0.75241047, 0.84428489, 0.14438300, 0.72627175, 0.44980666, 0.22883551, 0.87054634, 0.73514599, 0.12272659, 0.40992439)
(0.40374824, 0.29183251, 0.27852064, 0.35438678, 0.79949981, 0.51549023, 0.85749239, 0.29353380, 0.32497108, 0.11862605)
(0.22457466, 0.66903645, 0.78186423, 0.40103596, 0.57968390, 0.19066375, 0.58990490, 0.11528783, 0.21565703, 0.46054181)
(0.24752022, 0.06903657, 0.17710036, 0.71656424, 0.21868551, 0.58170563, 0.23342824, 0.81085765, 0.73720187, 0.86990446)
(0.26146927, 0.51173866, 0.57959330, 0.18430185, 0.04321626, 0.79837936, 0.46711001, 0.93894535, 0.26540989, 0.14680259)
(0.32598221, 0.16443706, 0.47906443, 0.44236225, 0.31912604, 0.88617259, 0.32096559, 0.18195048, 0.35677269, 0.86633801)
(0.48492697, 0.43310079, 0.07354284, 0.80859625, 0.31121325, 0.90937608, 0.27325428, 0.64128262, 0.15054405, 0.28322110)
(0.62797058, 0.67982191, 0.40896514, 0.02866262, 0.24170400, 0.69236600, 0.75410748, 0.94599032, 0.14119884, 0.31357735)
(0.53038412, 0.41987395, 0.03027065, 0.65448439, 0.65933877, 0.64304209, 0.23760867, 0.28554222, 0.15362971, 0.67865223)
(0.47699761, 0.55056244, 0.75079638, 0.67202991, 0.75618738, 0.85246783, 0.20917565, 0.35514244, 0.21066056, 0.57702631)
(0.76304239, 0.55120385, 0.19567230, 0.48969188, 0.88130611, 0.55984819, 0.27626005, 0.42150250, 0.27854818, 0.56019115)
(0.11356466, 0.68844503, 0.75085300, 0.66723716, 0.62232107, 0.60619324, 0.20450634, 0.65276623, 0.22167230, 0.70682794)
(0.44782421, 0.46562031, 0.78825098, 0.43891838, 0.66765249, 0.31887448, 0.35608312, 0.37804949, 0.36474675, 0.07014110)
(0.38536143, 0.55562222, 0.70539272, 0.80619955, 0.79466313, 0.35941976, 0.39342242, 0.31383750, 0.96831679, 0.42011940)
(0.81762242, 0.60717970, 0.15285335, 0.81207407, 0.70034176, 0.43390629, 0.87801814, 0.36031753, 0.81441283, 0.81600350)
(0.25896323, 0.13411652, 0.92659593, 0.03852345, 0.46743947, 0.06669656, 0.17248589, 0.25256670, 0.40815392, 0.68525094)
(0.35829172, 0.61752731, 0.59016442, 0.57332951, 0.94555974, 0.17268516, 0.20099346, 0.67204714, 0.70931250, 0.17010908)
(0.54845876, 0.82359982, 0.44511655, 0.73648620, 0.84565616, 0.40763310, 0.58667189, 0.15304965, 0.92153788, 0.20853902)
(0.25965157, 0.58504432, 0.09659635, 0.65501559, 0.86588383, 0.59958583, 0.59962291, 0.14255477, 0.12929510, 0.17559147)
(0.27010915, 0.32354775, 0.36591649, 0.74257934, 0.77083141, 0.31585309, 0.29285866, 0.13612939, 0.21592984, 0.82617724)
(0.81884605, 0.01922196, 0.64557141, 0.91122913, 0.64066452, 0.77499014, 0.08540689, 0.52864903, 0.27834436, 0.74947566)
(0.85926646, 0.53237903, 0.75364745, 0.10240880, 0.79263735, 0.78242630, 0.76080877, 0.37877762, 0.17957850, 0.12885682)
(0.84844941, 0.52383941, 0.09173916, 0.61957097, 0.70821583, 0.53282106, 0.73076451, 0.43525118, 0.12354531, 0.29447642)
(0.69491607, 0.18488470, 0.51740134, 0.86450559, 0.86108637, 0.60290784, 0.23839845, 0.37107444, 0.10918130, 0.53184247)
(0.89528239, 0.26971346, 0.37084389, 0.67073154, 0.24377885, 0.42133203, 0.85934114, 0.13741036, 0.72986013, 0.35494012)
(0.49904701, 0.44558480, 0.75655496, 0.27581760, 0.53498882, 0.20075648, 0.09667552, 0.36372888, 0.92485994, 0.07825596)
(0.78054523, 0.36448842, 0.56942302, 0.51773393, 0.19841652, 0.94129485, 0.24230021, 0.85672444, 0.30948922, 0.13917819)
(0.77674317, 0.65173870, 0.78307796, 0.74772596, 0.97416919, 0.33009389, 0.39262354, 0.41533795, 0.40159997, 0.80150288)
(0.73175383, 0.30865103, 0.16262834, 0.47405264, 0.23380442, 0.28958088, 0.82359737, 0.95948541, 0.26951012, 0.45915267)
(0.12832178, 0.85112119, 0.38044187, 0.17283182, 0.43588006, 0.38800162, 0.75476414, 0.76974905, 0.05304217, 0.53858399)
(0.49490371, 0.59875381, 0.43118027, 0.55858046, 0.30609536, 0.52111208, 0.67277896, 0.05248912, 0.09522563, 0.25220475)
(0.05950268, 0.53027767, 0.25873595, 0.92330176, 0.63284546, 0.90463781, 0.20072551, 0.55582446, 0.21706837, 0.68596721)
(0.80054659, 0.25746775, 0.47013429, 0.77986330, 0.67788184, 0.52067411, 0.25521654, 0.07431140, 0.20199507, 0.37375486)
(0.10714068, 0.72798038, 0.19866848, 0.51426280, 0.77971143, 0.63298786, 0.84075344, 0.08555630, 0.29745305, 0.56469977)
(0.23835433, 0.90032333, 0.72625291, 0.35809758, 0.54702711, 0.63631898, 0.69636655, 0.54309666, 0.42854774, 0.08560893)
(0.65721577, 0.59261662, 0.35061458, 0.04804333, 0.38934162, 0.94736218, 0.36091003, 0.88750935, 0.21009138, 0.70945472)
(0.58197910, 0.50243682, 0.90113479, 0.39422899, 0.40528265, 0.34191445, 0.43221307, 0.36398354, 0.77580327, 0.47888142)
(0.56423753, 0.18483500, 0.45376527, 0.48276392, 0.03271396, 0.69281381, 0.49258602, 0.88209373, 0.15517472, 0.13720976)
(0.61697179, 0.49104843, 0.65091014, 0.19693744, 0.62025070, 0.02083328, 0.23209393, 0.45211965, 0.61129892, 0.59857708)
(0.80649990, 0.61351508, 0.28657532, 0.48194548, 0.70410091, 0.58726603, 0.93132180, 0.48231623, 0.32666996, 0.41339931)
(0.34216478, 0.76484662, 0.40551582, 0.69125015, 0.94824612, 0.31716162, 0.68102586, 0.30840510, 0.70443028, 0.06435258)
(0.60656208, 0.45133704, 0.32127389, 0.29894885, 0.78782785, 0.54370081, 0.94300634, 0.36771005, 0.33326617, 0.50163460)
(0.04098835, 0.39238098, 0.13929458, 0.47428492, 0.71944010, 0.78034538, 0.49565846, 0.62500346, 0.10167452, 0.39009190)
(0.30568540, 0.09159397, 0.68171674, 0.48881847, 0.38617742, 0.34563237, 0.13927060, 0.53704375, 0.31347257, 0.89870948)
(0.21255381, 0.62684584, 0.94041681, 0.85363472, 0.61888462, 0.41402313, 0.30705532, 0.36951262, 0.60522044, 0.07025288)
(0.83841896, 0.76442546, 0.94150066, 0.22894718, 0.30617699, 0.73157603, 0.54771572, 0.40318573, 0.39890325, 0.61629188)
(0.46149752, 0.56757188, 0.86020541, 0.68716657, 0.55154312, 0.39567533, 0.86083198, 0.07553585, 0.72883105, 0.91004556)
(0.35579479, 0.40473124, 0.80840886, 0.32716399, 0.68236303, 0.29856908, 0.36783600, 0.44886202, 0.93242365, 0.09989171)
(0.91800576, 0.02858480, 0.33321679, 0.69789690, 0.16509391, 0.28983843, 0.47461343, 0.49913141, 0.05354666, 0.86710662)
(0.94347119, 0.16686973, 0.24187812, 0.21700738, 0.25270933, 0.49155459, 0.48955613, 0.40443394, 0.08882301, 0.21201383)
(0.47135326, 0.20537999, 0.44912848, 0.68565494, 0.08880933, 0.59029990, 0.94616455, 0.35342944, 0.66294515, 0.79596967)
(0.05604323, 0.16841535, 0.34247765, 0.84035766, 0.36108711, 0.86980546, 0.29357255, 0.82868022, 0.47206232, 0.93063873)
(0.26104629, 0.39878294, 0.78458261, 0.11930886, 0.40494743, 0.75825018, 0.22581142, 0.98244035, 0.24498844, 0.21786852)
(0.53336835, 0.86489654, 0.50175619, 0.91136348, 0.94410765, 0.27486977, 0.48716018, 0.56117493, 0.15238290, 0.15757017)
(0.93390536, 0.34120184, 0.51256651, 0.04496482, 0.54320520, 0.85878032, 0.63056982, 0.37090656, 0.08319462, 0.82598799)
(0.12641768, 0.53463370, 0.50467443, 0.29956210, 0.35107270, 0.91528511, 0.25318217, 0.47928637, 0.09096789, 0.38933840)
(0.47989881, 0.27506384, 0.42324907, 0.79273963, 0.52908605, 0.43982106, 0.21162708, 0.55283606, 0.36551332, 0.90803510)
(0.22995314, 0.73835373, 0.06515656, 0.72974795, 0.63264960, 0.20542744, 0.77969694, 0.50909615, 0.14642408, 0.33142340)
(0.03010472, 0.58520031, 0.75139302, 0.25666690, 0.57123142, 0.39836335, 0.46534351, 0.51489490, 0.46344706, 0.26049784)
(0.41668496, 0.47996250, 0.61781228, 0.12663609, 0.22821651, 0.58963251, 0.13305448, 0.87890345, 0.46700692, 0.13312352)
(0.54795265, 0.49977955, 0.78863221, 0.94244272, 0.54816389, 0.25238833, 0.16383509, 0.05980516, 0.14265089, 0.51912844)
(0.90948296, 0.70479947, 0.19903922, 0.84313750, 0.41088837, 0.49965370, 0.59370309, 0.63180411, 0.08365688, 0.19319186)
(0.17125636, 0.37582743, 0.30296126, 0.45342258, 0.50604510, 0.70108849, 0.40487179, 0.79429781, 0.12910934, 0.49259263)
(0.39916313, 0.91048354, 0.66010070, 0.67870510, 0.17862770, 0.08663592, 0.53814673, 0.56588078, 0.10356494, 0.30590984)
(0.18771254, 0.91616726, 0.78017133, 0.31949100, 0.41783899, 0.31441909, 0.38043153, 0.51546031, 0.86996555, 0.21123895)
(0.46535626, 0.31170782, 0.46668786, 0.52142155, 0.96761078, 0.50946784, 0.84253824, 0.37841922, 0.18570110, 0.25657731)
(0.77659369, 0.48901331, 0.22953631, 0.73564672, 0.42665491, 0.83610517, 0.31377909, 0.44456515, 0.11548545, 0.53336215)
(0.18980199, 0.41908130, 0.82694566, 0.21634175, 0.85293663, 0.68982369, 0.63894868, 0.55020964, 0.11230487, 0.25953025)
(0.50916588, 0.28121698, 0.38030234, 0.00813182, 0.55326766, 0.94241369, 0.32684943, 0.46480325, 0.09228134, 0.31684971)
(0.52502984, 0.53375018, 0.44389072, 0.46654987, 0.67046094, 0.61746967, 0.81527257, 0.43186548, 0.19354352, 0.04901271)
(0.36998436, 0.32951203, 0.62874937, 0.15148887, 0.48820639, 0.68292099, 0.07154901, 0.81897813, 0.45189795, 0.37514988)
(0.39164338, 0.23292252, 0.54898959, 0.64531368, 0.12282967, 0.31036592, 0.88548166, 0.12077773, 0.45572484, 0.84200984)
(0.90657175, 0.30588296, 0.24129696, 0.59344208, 0.43429574, 0.12267312, 0.79169542, 0.09496450, 0.21507357, 0.32472944)
(0.91353297, 0.34748158, 0.59093404, 0.81245202, 0.68225348, 0.35759732, 0.65306526, 0.19439460, 0.33394650, 0.67017710)
(0.85434598, 0.19534478, 0.86808813, 0.11707919, 0.25746739, 0.69638705, 0.91585451, 0.26006252, 0.54386806, 0.89722043)
(0.37777817, 0.35602826, 0.57349277, 0.83333927, 0.74606669, 0.16112818, 0.56998187, 0.19517590, 0.92768109, 0.89523423)
(0.55707878, 0.46942878, 0.21417785, 0.58865494, 0.95533073, 0.39221096, 0.57292724, 0.17216332, 0.08866268, 0.85393679)
(0.80499619, 0.65498728, 0.91531396, 0.38418469, 0.48430935, 0.04674325, 0.29358479, 0.37533021, 0.50237274, 0.52977669)
(0.20890048, 0.82106614, 0.67154551, 0.34742779, 0.50023645, 0.01953763, 0.37244138, 0.61966807, 0.41254559, 0.56820095)
(0.71803713, 0.41235268, 0.10929208, 0.79310077, 0.92759019, 0.77852917, 0.12747298, 0.32729003, 0.34551519, 0.73784482)
(0.45050380, 0.11658645, 0.96364671, 0.48611498, 0.04867015, 0.33482343, 0.87866908, 0.41672176, 0.15319920, 0.90262514)
(0.19466743, 0.78761131, 0.38054410, 0.02686747, 0.16852105, 0.50039613, 0.62897855, 0.98557913, 0.08114856, 0.37408492)
(0.24563807, 0.13627106, 0.04400465, 0.64727771, 0.42224497, 0.79782629, 0.12546623, 0.88018680, 0.71866852, 0.31689602)
(0.30608651, 0.32325867, 0.23718478, 0.16250505, 0.44113997, 0.95052701, 0.42601311, 0.16464373, 0.16510659, 0.56407881)
(0.94837326, 0.23318422, 0.48850650, 0.63669848, 0.16151851, 0.44917813, 0.09261496, 0.49844086, 0.15291718, 0.57094342)
(0.75361884, 0.43266779, 0.82164949, 0.88699239, 0.19061226, 0.18341577, 0.78257000, 0.16394760, 0.35817927, 0.92714721)
(0.13844217, 0.32886887, 0.74458015, 0.62723696, 0.97301596, 0.40714535, 0.14299794, 0.30884543, 0.29765418, 0.38835612)
(0.35950303, 0.90439314, 0.25793737, 0.37734446, 0.30401000, 0.81559289, 0.66696227, 0.58133501, 0.83277041, 0.13422039)
(0.70624059, 0.44374666, 0.16711423, 0.44645265, 0.16776454, 0.57478595, 0.18188919, 0.97937542, 0.27850193, 0.62849396)
(0.61980295, 0.47458699, 0.46518755, 0.83586413, 0.96779633, 0.17176294, 0.17700614, 0.20304266, 0.92868733, 0.41043445)
(0.55882537, 0.53593242, 0.72335702, 0.59394795, 0.96509379, 0.23819081, 0.26931491, 0.22266053, 0.37920830, 0.60159385)
(0.39682192, 0.47632331, 0.40508693, 0.38802186, 0.67028588, 0.60636359, 0.89842737, 0.90167618, 0.13604549, 0.11693898)
(0.70070696, 0.71710467, 0.54162198, 0.80516696, 0.67559820, 0.25278026, 0.29664916, 0.75402141, 0.06537423, 0.58558083)
(0.42591959, 0.68423170, 0.70408446, 0.34840375, 0.67459738, 0.45990154, 0.41585639, 0.39685521, 0.14805715, 0.09977657)
(0.53965741, 0.83212715, 0.29937205, 0.44086424, 0.49641857, 0.11994478, 0.04194200, 0.45940423, 0.88402790, 0.55740094)
(0.44947618, 0.71552014, 0.84709096, 0.81453568, 0.72900468, 0.07475822, 0.12154748, 0.46936408, 0.59613961, 0.06217105)
(0.27740377, 0.68806607, 0.67461067, 0.39263627, 0.31588814, 0.65360659, 0.74426800, 0.46775323, 0.30615488, 0.04272485)
(0.27294460, 0.52875763, 0.47306734, 0.66994017, 0.51554990, 0.42201707, 0.13580762, 0.44207579, 0.11881803, 0.75517106)
(0.77807689, 0.44965678, 0.43949309, 0.40933424, 0.09548991, 0.41499051, 0.53227037, 0.93977308, 0.14730595, 0.47493416)
(0.54542959, 0.49874729, 0.11641743, 0.18848050, 0.69645071, 0.60195130, 0.91068387, 0.55825490, 0.25955123, 0.03056284)
(0.94082022, 0.09717169, 0.54384100, 0.02918103, 0.44656366, 0.85640877, 0.49374646, 0.32865122, 0.20733397, 0.68718827)
(0.87761247, 0.22003262, 0.49158269, 0.85921448, 0.36346412, 0.22536454, 0.89350754, 0.25466186, 0.37814993, 0.94903737)
(0.57770395, 0.06515365, 0.24964057, 0.90225047, 0.10591000, 0.70665056, 0.04489310, 0.81705326, 0.82959884, 0.90170050)
(0.53573507, 0.66299003, 0.21919057, 0.65736514, 0.86496449, 0.48520139, 0.65395445, 0.15417673, 0.09229688, 0.19296743)
(0.36041835, 0.08877714, 0.94411129, 0.75824159, 0.74038589, 0.49749982, 0.19283913, 0.16729084, 0.91271794, 0.18611377)
(0.33031395, 0.24931636, 0.61669874, 0.62297291, 0.71743983, 0.04925111, 0.72420478, 0.32647350, 0.15662895, 0.88112187)
(0.13407205, 0.56627971, 0.11153572, 0.70592707, 0.89941990, 0.77399397, 0.66578156, 0.16487455, 0.04357361, 0.46449301)
(0.95860702, 0.21869659, 0.87095970, 0.36863655, 0.41097564, 0.72017026, 0.15267400, 0.28457987, 0.16034657, 0.26058841)
(0.67765576, 0.61279780, 0.06895097, 0.75079036, 0.07761831, 0.40857083, 0.68485165, 0.72516066, 0.84114504, 0.39425200)
(0.84267497, 0.73828411, 0.54925567, 0.71885681, 0.20097160, 0.26723188, 0.87683403, 0.69266587, 0.34944230, 0.50193495)
(0.77999467, 0.19109572, 0.11652374, 0.22497991, 0.54290789, 0.67953748, 0.36309889, 0.90145254, 0.48070765, 0.44412437)
(0.63083470, 0.58821434, 0.78567171, 0.93995374, 0.29875448, 0.65809727, 0.78500593, 0.30370906, 0.74678659, 0.87562764)
(0.46449444, 0.31696686, 0.45561618, 0.71943974, 0.81059998, 0.23352134, 0.35467169, 0.19566873, 0.16308753, 0.83335066)
(0.17348862, 0.68452770, 0.80865204, 0.68494660, 0.47043908, 0.11380919, 0.47544307, 0.40102389, 0.07946564, 0.73013234)
(0.63357443, 0.55225563, 0.62824923, 0.39882797, 0.71109366, 0.13912278, 0.78249919, 0.09556698, 0.12629379, 0.83898926)
(0.54388583, 0.74297261, 0.70773411, 0.63671452, 0.48607633, 0.01836192, 0.23216052, 0.28090954, 0.19215930, 0.32190630)
(0.84158576, 0.51265866, 0.42590255, 0.37742123, 0.64094579, 0.57292497, 0.97098720, 0.40424946, 0.27733508, 0.70863432)
(0.02657316, 0.23633492, 0.34699059, 0.16528447, 0.48748508, 0.36444023, 0.27745003, 0.34551746, 0.42274067, 0.29822209)
(0.67002755, 0.15034977, 0.30407375, 0.53483778, 0.30383548, 0.56018806, 0.90617043, 0.27318662, 0.74521333, 0.68489110)
(0.71274173, 0.24875058, 0.66621029, 0.33765668, 0.56702542, 0.42377469, 0.45880133, 0.12691928, 0.03489742, 0.80983549)
(0.65745610, 0.18512216, 0.59714979, 0.80139309, 0.72921437, 0.23386337, 0.70361525, 0.21506882, 0.70581073, 0.87025762)
(0.08281773, 0.47851843, 0.82523388, 0.18291458, 0.63144225, 0.21792237, 0.27735233, 0.45983440, 0.85739738, 0.05739649)
(0.03770011, 0.81691271, 0.38833657, 0.69843262, 0.85897487, 0.85899937, 0.74405164, 0.63236082, 0.09999000, 0.26190123)
(0.75263757, 0.47054335, 0.57149738, 0.20310161, 0.28542450, 0.86156547, 0.68330550, 0.79467690, 0.14420632, 0.59016019)
(0.79903919, 0.38513711, 0.81594038, 0.22929493, 0.23640028, 0.30559126, 0.68269145, 0.11459957, 0.60333723, 0.81967819)
(0.84456909, 0.41775265, 0.16968431, 0.92224050, 0.36515328, 0.86281675, 0.04390103, 0.79433423, 0.75979173, 0.50764030)
(0.42263201, 0.77157074, 0.62737012, 0.56900364, 0.25057298, 0.45347372, 0.67974764, 0.51893479, 0.75034964, 0.08034836)
(0.90793318, 0.35450858, 0.31306696, 0.72457021, 0.42807207, 0.25789428, 0.94516575, 0.55268013, 0.49553573, 0.63521791)
(0.30538136, 0.47067752, 0.03400711, 0.61568463, 0.11552346, 0.86447716, 0.49918309, 0.72693241, 0.18105207, 0.17459074)
(0.31723985, 0.71168339, 0.68792164, 0.42787939, 0.61250484, 0.43780619, 0.67005068, 0.14203593, 0.92429942, 0.64779544)
(0.26366639, 0.13564481, 0.96222544, 0.52361298, 0.14401084, 0.23489037, 0.81757146, 0.60219181, 0.18178509, 0.86198801)
(0.46788198, 0.08281775, 0.27473816, 0.35220602, 0.04047806, 0.89689702, 0.22452010, 0.64431226, 0.29864693, 0.07504386)
(0.62126613, 0.12581250, 0.47700357, 0.20949489, 0.58554953, 0.84861237, 0.34221533, 0.53332782, 0.18048036, 0.40142968)
(0.21396703, 0.18796806, 0.13663481, 0.80892748, 0.37736487, 0.54925203, 0.31286094, 0.13394311, 0.13320699, 0.40052620)
(0.83348066, 0.61674058, 0.62232828, 0.35539240, 0.18433975, 0.75768560, 0.16130152, 0.90534872, 0.61373121, 0.51541185)
(0.82945216, 0.08654440, 0.30487075, 0.56525439, 0.22043578, 0.43867663, 0.72548991, 0.24596128, 0.38689265, 0.92816496)
(0.65044981, 0.47897997, 0.13250792, 0.87497723, 0.81991512, 0.70936340, 0.10493553, 0.34801957, 0.16134179, 0.74706751)
(0.61207932, 0.27610245, 0.34949833, 0.61758602, 0.65721250, 0.24762571, 0.50842661, 0.11135131, 0.13331373, 0.26220423)
(0.84076917, 0.13943654, 0.31112325, 0.27355537, 0.27210030, 0.70162070, 0.44743395, 0.82109952, 0.23291907, 0.15684217)
(0.58060914, 0.18794493, 0.48846099, 0.43999603, 0.52879876, 0.28317633, 0.95466620, 0.11245865, 0.42874742, 0.86445498)
(0.82706392, 0.44840336, 0.47832701, 0.80974388, 0.41098717, 0.75389344, 0.18799143, 0.88475782, 0.30218992, 0.96295530)
(0.10077960, 0.58732039, 0.90594560, 0.15961453, 0.79793066, 0.68853647, 0.34732166, 0.78964102, 0.10353048, 0.25772163)
(0.52636945, 0.42334703, 0.77996463, 0.49221498, 0.46900761, 0.05626689, 0.67585307, 0.39157078, 0.45081025, 0.62932760)
(0.73629886, 0.59182042, 0.52511370, 0.86906850, 0.36606175, 0.42648518, 0.03558327, 0.32880083, 0.38888583, 0.91923785)
(0.31606048, 0.31040096, 0.58756894, 0.67977321, 0.16050468, 0.12298673, 0.83650768, 0.09523703, 0.78615493, 0.85062969)
(0.88175213, 0.03850717, 0.54939228, 0.73177260, 0.54646081, 0.62857801, 0.46857816, 0.81704682, 0.23391543, 0.89612287)
(0.76228285, 0.29553187, 0.36955538, 0.82422614, 0.17887457, 0.92281491, 0.34405997, 0.52720171, 0.18217303, 0.20777792)
(0.06903589, 0.21794051, 0.07302795, 0.45702288, 0.62671101, 0.78504181, 0.64894164, 0.43479761, 0.16999546, 0.29791871)
(0.67164302, 0.36674979, 0.80731475, 0.18208075, 0.80046856, 0.07284766, 0.29615501, 0.30994359, 0.75572801, 0.09790479)
(0.49656126, 0.26750982, 0.52680862, 0.31824741, 0.79989833, 0.65025425, 0.95181358, 0.52419800, 0.24333729, 0.33857971)
(0.83359307, 0.54303962, 0.71427679, 0.89445782, 0.78557932, 0.09177054, 0.56814998, 0.18329062, 0.63183033, 0.60212290)
(0.87287217, 0.45135248, 0.34015635, 0.91352862, 0.60150796, 0.90732557, 0.13462484, 0.88857687, 0.28257564, 0.31254083)
(0.78093612, 0.13118684, 0.80044192, 0.65379143, 0.57350791, 0.61942887, 0.09209538, 0.55738991, 0.41791111, 0.92704082)
(0.88149077, 0.09073365, 0.26677796, 0.73795903, 0.20849273, 0.50871283, 0.96531761, 0.76036072, 0.61794609, 0.85530436)
(0.09395273, 0.56074858, 0.71149397, 0.55388606, 0.15447839, 0.67764670, 0.05675161, 0.39816859, 0.21804613, 0.78932953)
(0.43686762, 0.77686781, 0.86993849, 0.91550428, 0.65351951, 0.35791191, 0.01268519, 0.47733885, 0.34896907, 0.86596096)
(0.61418056, 0.86476457, 0.35300645, 0.44985706, 0.47614542, 0.50054860, 0.96731412, 0.49913371, 0.52958393, 0.13947758)
(0.30680013, 0.81816125, 0.15117784, 0.15648764, 0.38576257, 0.34047428, 0.83551341, 0.79750627, 0.26310357, 0.20668758)
(0.38659304, 0.54388320, 0.59974748, 0.07275147, 0.34831044, 0.60444993, 0.51171321, 0.97087234, 0.20680149, 0.05984918)
(0.53485882, 0.39860094, 0.40453476, 0.44283494, 0.24549425, 0.65788865, 0.08603832, 0.80528766, 0.42146641, 0.04337008)
(0.26678959, 0.16180408, 0.34254092, 0.58875936, 0.48955053, 0.40217084, 0.89417517, 0.17911173, 0.75794178, 0.82031065)
(0.28670102, 0.52786940, 0.60537535, 0.90655380, 0.28215200, 0.21751466, 0.11944284, 0.43391627, 0.06350374, 0.70352757)
(0.66367590, 0.81656301, 0.29031548, 0.46636826, 0.28586465, 0.34575310, 0.93842530, 0.41723561, 0.79717672, 0.30319715)
(0.95300943, 0.13189949, 0.63801974, 0.68311477, 0.11377955, 0.80699474, 0.08672737, 0.72954327, 0.53684509, 0.75078291)
(0.88034034, 0.05214600, 0.77727878, 0.12086380, 0.33781499, 0.62544924, 0.69537866, 0.77318549, 0.17831223, 0.82564473)
(0.26349366, 0.62839806, 0.19737042, 0.47454929, 0.21407273, 0.75784218, 0.57604033, 0.73706293, 0.06783286, 0.23408988)
(0.43696114, 0.71263587, 0.22839150, 0.64804149, 0.61045647, 0.66951025, 0.72275209, 0.06816069, 0.91244376, 0.68638647)
(0.95371360, 0.49752182, 0.82245326, 0.38855654, 0.31491348, 0.63690829, 0.76447970, 0.19000489, 0.46207961, 0.48884183)
(0.91106570, 0.29176548, 0.47983149, 0.14248270, 0.14868222, 0.92680383, 0.28619462, 0.41767916, 0.18420394, 0.38342774)
(0.23559080, 0.44933698, 0.89063871, 0.59815586, 0.49362987, 0.19472097, 0.40827090, 0.36211997, 0.65318036, 0.01452560)
(0.73910600, 0.87140280, 0.57361507, 0.57121021, 0.60625213, 0.63140720, 0.82627791, 0.54417938, 0.09650620, 0.41697398)
(0.64611411, 0.71824294, 0.80139798, 0.02198448, 0.60416108, 0.09594530, 0.14129567, 0.06891365, 0.84122509, 0.18019071)
(0.86896110, 0.58842695, 0.57497925, 0.41418234, 0.27799940, 0.49184608, 0.62542760, 0.64552277, 0.03492191, 0.50000584)
(0.48642144, 0.75327247, 0.60671121, 0.69356626, 0.89559352, 0.19497848, 0.79439741, 0.46659264, 0.68666661, 0.93803102)
(0.53806788, 0.40773207, 0.53062588, 0.42446643, 0.16601147, 0.42716512, 0.32602838, 0.46921641, 0.04078052, 0.23787881)
(0.44557312, 0.37518600, 0.35775474, 0.32621655, 0.21571109, 0.72410017, 0.15936002, 0.91594481, 0.66549551, 0.57511723)
(0.53772658, 0.09689202, 0.49882540, 0.27008724, 0.30723184, 0.93064749, 0.40394270, 0.64059365, 0.19167566, 0.08535866)
(0.54700828, 0.49454325, 0.18321079, 0.88442338, 0.67868102, 0.07850577, 0.72543305, 0.34370172, 0.87372559, 0.94535613)
(0.70750242, 0.13638920, 0.31072766, 0.60664952, 0.28421637, 0.58879352, 0.98491168, 0.34405759, 0.81825358, 0.87195867)
(0.12206291, 0.14275271, 0.03520410, 0.35474908, 0.31867003, 0.87898147, 0.35987806, 0.80854422, 0.78528082, 0.40611044)
(0.73054868, 0.85755789, 0.59285790, 0.95202547, 0.48851728, 0.41534367, 0.74921501, 0.53651136, 0.54364336, 0.68367279)
(0.57923990, 0.51744074, 0.72845703, 0.24560261, 0.48059353, 0.02556646, 0.58317649, 0.31221011, 0.38058272, 0.48449329)
(0.82182342, 0.48890629, 0.76428401, 0.55641460, 0.68518019, 0.35245901, 0.56971151, 0.41313651, 0.14798011, 0.81270647)
(0.20074716, 0.18867604, 0.43681893, 0.92923236, 0.73119462, 0.48514897, 0.40759072, 0.12242700, 0.18796940, 0.27477178)
(0.31885773, 0.39540398, 0.41146448, 0.30548912, 0.57697272, 0.73802131, 0.81362182, 0.90411359, 0.10335277, 0.03952303)
(0.89036435, 0.08554216, 0.26959395, 0.24855176, 0.43301907, 0.78958863, 0.38806164, 0.58742505, 0.28906992, 0.39809909)
(0.47797379, 0.90388203, 0.04976679, 0.61318916, 0.26233271, 0.45716807, 0.72248906, 0.49068871, 0.91531205, 0.24987352)
(0.37469962, 0.65937954, 0.23485518, 0.90955597, 0.69603252, 0.69652277, 0.44287515, 0.58959097, 0.06469234, 0.07157066)
(0.71130127, 0.59366250, 0.74981838, 0.31443450, 0.80110681, 0.36421844, 0.89048594, 0.07480785, 0.28286895, 0.77103567)
(0.26950017, 0.78947490, 0.77105927, 0.93810028, 0.22773649, 0.14078310, 0.62406069, 0.32111895, 0.79224890, 0.94337070)
(0.68197185, 0.67191708, 0.06580580, 0.64194965, 0.50710088, 0.39892927, 0.62692600, 0.64884806, 0.04442550, 0.44494861)
(0.14415865, 0.84873980, 0.26164377, 0.37371862, 0.09105745, 0.13508138, 0.72667181, 0.33029601, 0.11033873, 0.30814844)
(0.36534041, 0.38444829, 0.64484334, 0.20832609, 0.21611112, 0.77530748, 0.97313946, 0.17429760, 0.75651902, 0.74921942)
(0.41793585, 0.46196368, 0.19478491, 0.77318436, 0.65608770, 0.23631354, 0.71693432, 0.18475871, 0.89874929, 0.91339153)
(0.87606233, 0.26295564, 0.81861091, 0.01666929, 0.61088830, 0.59816420, 0.26591939, 0.94767320, 0.22233264, 0.77967370)
(0.73892009, 0.44891044, 0.82739002, 0.61201215, 0.29842699, 0.26939607, 0.74418479, 0.04356708, 0.73342687, 0.80826181)
(0.30384734, 0.53015864, 0.01972626, 0.72611368, 0.45785636, 0.65826368, 0.62185824, 0.36776540, 0.05445698, 0.17728472)
(0.95405674, 0.32480833, 0.83300304, 0.09404440, 0.65162003, 0.91699779, 0.51534319, 0.43988267, 0.09386770, 0.76545846)
(0.80593926, 0.68657196, 0.35243022, 0.33472013, 0.38421503, 0.72305876, 0.89204574, 0.58460295, 0.08151001, 0.62324589)
(0.67572057, 0.08810396, 0.26181328, 0.87144136, 0.20421818, 0.27747354, 0.93170792, 0.83274347, 0.37112013, 0.96640575)
(0.61001885, 0.02341324, 0.33845729, 0.63486451, 0.49099761, 0.73400009, 0.17731096, 0.61442441, 0.34368208, 0.97520906)
(0.23288226, 0.62295985, 0.17333962, 0.33336774, 0.09184681, 0.50083703, 0.36810538, 0.46373662, 0.04440451, 0.41799030)
(0.51810282, 0.45494178, 0.16552147, 0.70188510, 0.27161348, 0.74298638, 0.26104459, 0.08751709, 0.05264151, 0.43007410)
(0.08918027, 0.26532075, 0.08521045, 0.84123921, 0.21813779, 0.78787905, 0.19082759, 0.78254372, 0.38334897, 0.93830889)
(0.58750212, 0.82496864, 0.80871904, 0.82909721, 0.55573440, 0.09885949, 0.32810703, 0.54843324, 0.93807417, 0.77319676)
(0.33685276, 0.13943468, 0.66370809, 0.11030357, 0.52287441, 0.56963634, 0.07573367, 0.49569529, 0.34165362, 0.18685231)
(0.55921453, 0.33584130, 0.48102614, 0.89975488, 0.71782589, 0.82936049, 0.42129844, 0.20296569, 0.12589340, 0.24071191)
(0.66538715, 0.77236086, 0.51545167, 0.79772466, 0.75239432, 0.03205099, 0.46032816, 0.52996808, 0.89532202, 0.88027942)
(0.03709179, 0.08996630, 0.81220031, 0.68599892, 0.62677372, 0.58851641, 0.21722466, 0.22124018, 0.15289201, 0.50321829)
(0.59889019, 0.40694377, 0.62408972, 0.91262919, 0.68671823, 0.72734463, 0.13682009, 0.60687107, 0.17267750, 0.59066385)
(0.69517815, 0.69370502, 0.09946893, 0.94198233, 0.42336628, 0.58505213, 0.84342736, 0.26758733, 0.90047771, 0.75376749)
(0.62541586, 0.16414274, 0.52880371, 0.21619642, 0.54734433, 0.58038032, 0.79119843, 0.33590046, 0.19028769, 0.03935509)
(0.88415390, 0.45031384, 0.57348049, 0.75351411, 0.90514630, 0.57639456, 0.63920277, 0.49132040, 0.35725069, 0.69925171)
(0.70351762, 0.14278257, 0.12810867, 0.74975151, 0.17417066, 0.70832705, 0.06992549, 0.67722380, 0.81608385, 0.62399912)
(0.02252718, 0.34911984, 0.81164455, 0.21429512, 0.53067708, 0.26362962, 0.10914793, 0.29206020, 0.79206282, 0.04305785)
(0.62691915, 0.43995926, 0.48977715, 0.67250293, 0.08887713, 0.38757518, 0.75790966, 0.27816233, 0.90316564, 0.40268594)
(0.92826426, 0.30466062, 0.91097981, 0.15135269, 0.38660797, 0.51034141, 0.48992205, 0.33571351, 0.44638586, 0.71764636)
(0.65042531, 0.90069234, 0.75954294, 0.34575540, 0.48615903, 0.58498228, 0.57895684, 0.70802826, 0.25722885, 0.44977328)
(0.66827273, 0.35282204, 0.54148579, 0.44568452, 0.84337604, 0.39685521, 0.66195273, 0.06264519, 0.32835448, 0.30875054)
(0.34611952, 0.48509952, 0.24703927, 0.58459395, 0.40796843, 0.76515865, 0.91327149, 0.17183156, 0.70428860, 0.65524453)
(0.74229836, 0.65696931, 0.35526517, 0.22095999, 0.26507041, 0.62106377, 0.84065717, 0.95655841, 0.41166246, 0.38642770)
(0.88577771, 0.11148380, 0.31654459, 0.48295602, 0.35925663, 0.39593941, 0.92922723, 0.53043550, 0.26297143, 0.67581552)
(0.58495092, 0.72743195, 0.18361153, 0.38512465, 0.66597861, 0.19631036, 0.23934528, 0.30851915, 0.90485156, 0.80149448)
(0.50371540, 0.42750779, 0.68366766, 0.34844834, 0.82564908, 0.49175808, 0.87856805, 0.17081656, 0.29129681, 0.73223561)
(0.13979524, 0.76051486, 0.64790124, 0.63573354, 0.55574644, 0.21713728, 0.47015411, 0.57270712, 0.46525025, 0.10192079)
(0.80612606, 0.39136156, 0.47034138, 0.36100903, 0.52606511, 0.30272195, 0.73103666, 0.31323946, 0.05367316, 0.64159524)
(0.79608518, 0.11359115, 0.71664625, 0.15393054, 0.41096416, 0.58939707, 0.85333353, 0.15079366, 0.27659538, 0.86599666)
(0.36435047, 0.35559493, 0.24183029, 0.27300578, 0.57086247, 0.70888478, 0.77111346, 0.32000467, 0.05720749, 0.12738858)
(0.77758557, 0.34705612, 0.72709119, 0.26604587, 0.54487115, 0.36252922, 0.23792639, 0.20049016, 0.08628750, 0.79508740)
(0.26944003, 0.12518267, 0.20309086, 0.89156258, 0.59809482, 0.70100766, 0.42991930, 0.16039196, 0.08154631, 0.24446093)
(0.09118939, 0.60298640, 0.63624108, 0.12584455, 0.69381326, 0.37951863, 0.46405151, 0.53279346, 0.46807083, 0.30461502)
(0.54402292, 0.66234869, 0.36731893, 0.47315386, 0.09887758, 0.89079523, 0.98016250, 0.54471374, 0.76969713, 0.64980316)
(0.31612355, 0.44868863, 0.60360253, 0.77489007, 0.79376590, 0.34887698, 0.10867907, 0.20845103, 0.39707819, 0.58188665)
(0.46059608, 0.75322813, 0.63312870, 0.43009019, 0.33986178, 0.44437957, 0.33542645, 0.04881905, 0.97942072, 0.59125888)
(0.56366986, 0.61601591, 0.73111969, 0.64031607, 0.77809292, 0.25407240, 0.05077847, 0.42042986, 0.28303230, 0.82286149)
(0.66425925, 0.34384361, 0.40469155, 0.70860332, 0.79309684, 0.03700776, 0.41737616, 0.21268648, 0.20663124, 0.82437748)
(0.47879165, 0.78320926, 0.80550760, 0.11162431, 0.29016396, 0.84944177, 0.67578489, 0.46816328, 0.89025974, 0.08788653)
(0.80558234, 0.48880282, 0.65289229, 0.75907952, 0.88166308, 0.21279174, 0.36001572, 0.36649966, 0.24284679, 0.54628611)
(0.48465699, 0.17253801, 0.64168036, 0.38763553, 0.70436835, 0.16475816, 0.17215455, 0.37229699, 0.78464895, 0.43801454)
(0.79929310, 0.40239996, 0.15537243, 0.45559371, 0.71390688, 0.66927165, 0.72552490, 0.87997460, 0.24205422, 0.33378008)
(0.33075482, 0.75319636, 0.50115693, 0.60343444, 0.46361744, 0.40700427, 0.10572074, 0.30766597, 0.94975775, 0.46125796)
(0.85192370, 0.39517370, 0.28661406, 0.19729649, 0.37138447, 0.61411643, 0.31803271, 0.92707318, 0.39605606, 0.10983273)
(0.90449071, 0.57745671, 0.31443191, 0.29743367, 0.36902595, 0.80858946, 0.57462376, 0.67610717, 0.14260003, 0.73041809)
(0.55761796, 0.54922795, 0.57133037, 0.06678519, 0.22049516, 0.50785363, 0.66738737, 0.92980266, 0.30071509, 0.28177673)
(0.62510854, 0.60445559, 0.57130569, 0.37665963, 0.30176896, 0.77338380, 0.90875465, 0.87771857, 0.66435128, 0.14347070)
(0.51974154, 0.39118481, 0.06373394, 0.40445510, 0.38104916, 0.84287035, 0.28257787, 0.84466225, 0.67631990, 0.23590733)
(0.70137614, 0.64574945, 0.22972551, 0.52929705, 0.97406650, 0.41444349, 0.79857492, 0.27264234, 0.32662272, 0.51051003)
(0.47093236, 0.57846498, 0.06846593, 0.29695335, 0.43744025, 0.77459627, 0.78668588, 0.59037900, 0.05729762, 0.59895808)
(0.52581352, 0.62867117, 0.64427888, 0.68107879, 0.88448882, 0.24457653, 0.51088375, 0.18626763, 0.56322855, 0.08713423)
(0.55418926, 0.74964911, 0.59858721, 0.07132859, 0.31267759, 0.48673922, 0.58991861, 0.74035490, 0.28146556, 0.06802547)
(0.60559916, 0.11521336, 0.03739469, 0.51387340, 0.31522998, 0.84392899, 0.24371800, 0.59848851, 0.40972972, 0.12507841)
(0.70398170, 0.31574056, 0.58617711, 0.27768904, 0.46523145, 0.57457870, 0.94369256, 0.18040465, 0.79570001, 0.74399400)
(0.63057345, 0.30948535, 0.38817343, 0.64019096, 0.88421333, 0.35279074, 0.61636972, 0.26753625, 0.12113947, 0.83486980)
(0.42955747, 0.47690520, 0.10803329, 0.34449112, 0.30450448, 0.91713154, 0.29070884, 0.25009325, 0.11770725, 0.69762969)
(0.15441899, 0.33951008, 0.63251001, 0.80820286, 0.72889912, 0.39066082, 0.17899567, 0.25230902, 0.37583417, 0.51872367)
(0.83429158, 0.73566091, 0.24800420, 0.56577331, 0.40289170, 0.22481610, 0.93692374, 0.30201036, 0.43368694, 0.63234091)
(0.79686552, 0.82310259, 0.60125256, 0.25077826, 0.59665817, 0.69879609, 0.91140807, 0.39948702, 0.18498503, 0.47388533)
(0.06107763, 0.49747992, 0.78533328, 0.55894226, 0.74206436, 0.17200732, 0.45777705, 0.63348269, 0.34941363, 0.26537660)
(0.21451111, 0.43742150, 0.04602197, 0.33738825, 0.60929960, 0.83689374, 0.31557608, 0.65249789, 0.30091476, 0.48271057)
(0.69540626, 0.40229550, 0.17263336, 0.50802642, 0.25956285, 0.54174113, 0.49470535, 0.93999559, 0.06323035, 0.62736630)
(0.83632737, 0.55112052, 0.13250360, 0.46012092, 0.53950441, 0.67719805, 0.60116708, 0.43431777, 0.23089872, 0.38585991)
(0.75107783, 0.58668029, 0.27407861, 0.45916951, 0.08710920, 0.57286227, 0.26620522, 0.97543520, 0.20663546, 0.16459402)
(0.14195065, 0.56079656, 0.19460762, 0.70531821, 0.57519025, 0.19155729, 0.52044475, 0.12656879, 0.94443804, 0.90303671)
(0.37117353, 0.20870844, 0.55103379, 0.50427580, 0.44178951, 0.70599681, 0.15873697, 0.53635418, 0.40364188, 0.41819367)
(0.87040073, 0.26155424, 0.02818760, 0.51969701, 0.41875663, 0.68496543, 0.28463027, 0.93495095, 0.34994707, 0.28216535)
(0.88802272, 0.56217819, 0.61331660, 0.64927083, 0.44121653, 0.26620677, 0.68387067, 0.07819217, 0.57256371, 0.74113137)
(0.21167167, 0.58215350, 0.95205629, 0.44624808, 0.67890424, 0.34055439, 0.04493686, 0.16865987, 0.45055282, 0.11204447)
(0.57555783, 0.51452172, 0.61116922, 0.66767842, 0.78433931, 0.01513585, 0.19033986, 0.47389355, 0.49362734, 0.40346456)
(0.30333057, 0.70723265, 0.54345411, 0.10270065, 0.35246181, 0.42354402, 0.46372208, 0.51106077, 0.13811284, 0.23061988)
(0.90091240, 0.34874561, 0.57820565, 0.12027925, 0.70314634, 0.77401632, 0.70244241, 0.51622480, 0.16250885, 0.21556857)
(0.17901370, 0.22376150, 0.52896851, 0.85428536, 0.38847661, 0.06206486, 0.91234040, 0.27338248, 0.71957392, 0.86725980)
(0.74360543, 0.25152430, 0.58732080, 0.84682709, 0.66061324, 0.67196655, 0.87331718, 0.23695101, 0.76260871, 0.10306308)
(0.70607603, 0.77227002, 0.54804701, 0.57754713, 0.69224131, 0.06858963, 0.40809095, 0.36344403, 0.61407572, 0.19549868)
(0.80846643, 0.33048025, 0.51027536, 0.31965572, 0.34575215, 0.86142212, 0.57091212, 0.91118622, 0.13186663, 0.60536629)
(0.86997133, 0.38653105, 0.68386245, 0.22195506, 0.27031818, 0.76482624, 0.35518280, 0.89393049, 0.12700398, 0.52978182)
(0.83878201, 0.40052983, 0.08226594, 0.74126405, 0.64157724, 0.54007477, 0.46740660, 0.40961257, 0.09708402, 0.69321716)
(0.58020294, 0.31230655, 0.43915901, 0.49042243, 0.78451216, 0.41491759, 0.91339922, 0.20929930, 0.62875426, 0.42940232)
(0.54329807, 0.84127545, 0.27694875, 0.17241725, 0.18494287, 0.86685878, 0.78700274, 0.68768775, 0.15185665, 0.21804295)
(0.89728463, 0.37238190, 0.12587263, 0.58358675, 0.55167568, 0.26280129, 0.82177013, 0.38700792, 0.18618676, 0.42299908)
(0.89239645, 0.42164946, 0.19301493, 0.84015411, 0.88767415, 0.54726207, 0.39211014, 0.20269957, 0.15764508, 0.49396864)
(0.19631997, 0.06333087, 0.81594723, 0.75241071, 0.71731699, 0.56870747, 0.22688386, 0.15653281, 0.21085441, 0.63084579)
(0.20306478, 0.12478656, 0.63094020, 0.89467490, 0.93499702, 0.48360062, 0.28159645, 0.23555706, 0.17591639, 0.45607811)
(0.58789420, 0.94444299, 0.84593451, 0.42080453, 0.47480360, 0.78471869, 0.35291308, 0.59889477, 0.15874329, 0.66119373)
(0.62102211, 0.33168250, 0.84107739, 0.81011832, 0.80832851, 0.53280842, 0.05208587, 0.22244270, 0.28902456, 0.61155242)
(0.57414663, 0.66972435, 0.46871725, 0.61067545, 0.93557471, 0.28937185, 0.55157083, 0.19543160, 0.47425374, 0.63775635)
(0.84259689, 0.19787034, 0.06549530, 0.52781641, 0.31255829, 0.61968303, 0.30651769, 0.58228385, 0.48826611, 0.66316849)
(0.80830973, 0.36328009, 0.37300155, 0.66278571, 0.62207454, 0.48145139, 0.75727528, 0.24750081, 0.08221801, 0.74118626)
(0.50371867, 0.40666294, 0.60154563, 0.75369227, 0.05246945, 0.76160246, 0.76079983, 0.23424402, 0.67748898, 0.75738370)
(0.41356918, 0.53065437, 0.95941418, 0.66546500, 0.52344644, 0.44706428, 0.38948616, 0.21997042, 0.74780720, 0.35352755)
(0.20767429, 0.72570878, 0.34440342, 0.39245090, 0.80593961, 0.20107651, 0.13110180, 0.34357563, 0.30396476, 0.47396296)
(0.58307910, 0.64845335, 0.83990204, 0.53195137, 0.31533855, 0.40589595, 0.58906823, 0.14868237, 0.84267998, 0.07156923)
(0.61632192, 0.22569197, 0.53145188, 0.87921149, 0.68743974, 0.03859267, 0.81388986, 0.27930889, 0.36980319, 0.95866114)
(0.81033999, 0.75853676, 0.08086497, 0.27894267, 0.71118027, 0.64866865, 0.84752506, 0.76505667, 0.08735675, 0.41881076)
(0.26402670, 0.54772323, 0.85660136, 0.39625427, 0.61813653, 0.41802356, 0.53451496, 0.47875351, 0.81461382, 0.10215044)
(0.27422100, 0.34810200, 0.20555106, 0.83747178, 0.61194545, 0.54114032, 0.10062902, 0.20033795, 0.26133856, 0.75767618)
(0.73105109, 0.64745528, 0.41291478, 0.66872591, 0.96447343, 0.09993944, 0.61016870, 0.30571726, 0.69173986, 0.51861411)
(0.70751816, 0.51579577, 0.44966778, 0.49828193, 0.71083081, 0.55889654, 0.74283946, 0.14828356, 0.11097534, 0.46734989)
(0.78551722, 0.35596454, 0.10547208, 0.59607774, 0.20043465, 0.43527511, 0.07409392, 0.96468240, 0.45717016, 0.12295323)
(0.78687447, 0.49978212, 0.08680394, 0.37250564, 0.58766818, 0.63704115, 0.75407928, 0.62277710, 0.10205835, 0.50383079)
(0.61739391, 0.64593869, 0.85712528, 0.38526756, 0.04449272, 0.70672029, 0.62963033, 0.40059659, 0.79080796, 0.42335656)
(0.42505801, 0.53582007, 0.78276211, 0.41885072, 0.57779282, 0.03879236, 0.81242079, 0.11751290, 0.62412524, 0.83922321)
(0.23953781, 0.33354199, 0.85366160, 0.28031981, 0.56134439, 0.52760971, 0.20011401, 0.41498512, 0.08223694, 0.14880477)
(0.33437151, 0.48795068, 0.29220918, 0.42779377, 0.70624375, 0.23705462, 0.85202819, 0.43095934, 0.33899400, 0.71919620)
(0.18550263, 0.70552051, 0.73075777, 0.57387733, 0.53431505, 0.24394861, 0.84030998, 0.44896781, 0.67812580, 0.73262626)
(0.24545237, 0.40072072, 0.50150710, 0.38148379, 0.55863327, 0.37593517, 0.14065906, 0.44970223, 0.70970476, 0.32326752)
(0.38704738, 0.31721017, 0.06764337, 0.14999406, 0.55015886, 0.51249659, 0.85445637, 0.69221354, 0.16095756, 0.09420128)
(0.34863746, 0.39500841, 0.88461012, 0.64381886, 0.79313236, 0.02067306, 0.67765212, 0.51656550, 0.69628561, 0.92849016)
(0.34520921, 0.57083303, 0.62761968, 0.19342098, 0.26564544, 0.47946146, 0.39770961, 0.91744131, 0.11749186, 0.11986084)
(0.36086971, 0.36009619, 0.51595330, 0.94711864, 0.80016404, 0.62109816, 0.13516602, 0.26198357, 0.21474025, 0.72385639)
(0.28549141, 0.63692182, 0.18538746, 0.56272924, 0.89330924, 0.51987624, 0.69149345, 0.23071928, 0.14828382, 0.23765334)
(0.02483780, 0.76787007, 0.85691392, 0.37781399, 0.92864048, 0.55430746, 0.50461292, 0.50990522, 0.50978565, 0.40186328)
(0.45244905, 0.00969961, 0.88002390, 0.33287737, 0.05571515, 0.49615091, 0.92235762, 0.72393745, 0.49020165, 0.78187966)
(0.26108301, 0.67975140, 0.74328637, 0.67921060, 0.47522956, 0.31602049, 0.24108893, 0.27449808, 0.21174468, 0.14664292)
(0.26687354, 0.78944427, 0.42059401, 0.11848663, 0.11186285, 0.53582382, 0.77876651, 0.78847831, 0.24650086, 0.39322063)
(0.91818178, 0.24665661, 0.66133654, 0.06645753, 0.50050366, 0.93375194, 0.43460321, 0.33849984, 0.08614083, 0.79688793)
(0.12835087, 0.42666259, 0.70437372, 0.93647462, 0.16993031, 0.34188598, 0.03371777, 0.32821128, 0.27988496, 0.90847439)
(0.38396099, 0.63199949, 0.17742690, 0.65078139, 0.96847379, 0.24781664, 0.54819614, 0.20188507, 0.50022727, 0.33599710)
(0.23720726, 0.38830891, 0.24795675, 0.21751498, 0.37608421, 0.62505734, 0.24262416, 0.87301391, 0.65547961, 0.48127919)
(0.15952583, 0.12041102, 0.16086882, 0.86227131, 0.24969155, 0.74010146, 0.16583671, 0.52240825, 0.34500778, 0.83034509)
(0.45974159, 0.32090503, 0.34859112, 0.33815894, 0.44557440, 0.71527088, 0.76042420, 0.37133652, 0.03833921, 0.50367790)
(0.48097920, 0.58745247, 0.49622411, 0.65282273, 0.28951582, 0.89471871, 0.22976938, 0.82582694, 0.22045887, 0.09453318)
(0.10053843, 0.13240217, 0.50853342, 0.42775974, 0.21158758, 0.82700908, 0.18454699, 0.50182313, 0.20794296, 0.26637062)
(0.55026799, 0.31681332, 0.33310202, 0.87932789, 0.88810724, 0.41334370, 0.23705718, 0.14590037, 0.19880019, 0.55269396)
(0.72829956, 0.63986647, 0.83447480, 0.54551309, 0.40458378, 0.07651906, 0.19070733, 0.32889226, 0.95805895, 0.72416782)
(0.09554502, 0.52573466, 0.65398818, 0.24689586, 0.47566575, 0.66310090, 0.22775212, 0.44472447, 0.20604597, 0.59951711)
(0.70151281, 0.44341967, 0.25813043, 0.48746949, 0.36958167, 0.55406350, 0.47658035, 0.96139324, 0.10017293, 0.63769287)
(0.66417509, 0.47965711, 0.45104936, 0.31016770, 0.30852911, 0.79356372, 0.94782591, 0.36431798, 0.89212245, 0.45475298)
(0.78106850, 0.37520248, 0.34940240, 0.68775070, 0.46132183, 0.20444593, 0.91860944, 0.21934073, 0.33934104, 0.79582381)
(0.45972079, 0.40106577, 0.43397385, 0.90659046, 0.50503540, 0.72018945, 0.03977062, 0.47223774, 0.18968724, 0.91505593)
(0.51310360, 0.42509252, 0.44609123, 0.93538159, 0.59258026, 0.70287675, 0.14174165, 0.23419493, 0.05960764, 0.65840089)
(0.77581650, 0.67836779, 0.51567900, 0.21189864, 0.49303234, 0.78698176, 0.58233374, 0.28333560, 0.06903351, 0.17084172)
(0.60477525, 0.43026948, 0.67678398, 0.16041227, 0.30533767, 0.43193838, 0.95123750, 0.04289219, 0.49520567, 0.94083613)
(0.19007571, 0.73578274, 0.20439656, 0.61612856, 0.68141687, 0.66145790, 0.56547493, 0.37446028, 0.91767836, 0.51394117)
(0.71839768, 0.50637472, 0.86214525, 0.69006318, 0.52928454, 0.41495019, 0.53093684, 0.20988533, 0.79794317, 0.30733368)
(0.61505896, 0.32134429, 0.63093263, 0.27224490, 0.04040886, 0.53710604, 0.94340199, 0.18917167, 0.51678663, 0.83343315)
(0.81081057, 0.22077505, 0.19845633, 0.24730816, 0.57230055, 0.49264330, 0.77085346, 0.09139456, 0.10856795, 0.82905555)
(0.81011993, 0.20897950, 0.27896440, 0.61261106, 0.66981649, 0.39363462, 0.74659282, 0.46939769, 0.11374895, 0.69154561)
(0.22505698, 0.52827263, 0.60651559, 0.65753156, 0.53597158, 0.63807243, 0.62618142, 0.82451379, 0.09786416, 0.08375970)
(0.59992009, 0.48968160, 0.48651960, 0.21807429, 0.60147136, 0.83813483, 0.77963644, 0.10101338, 0.08465597, 0.45859751)
(0.65355366, 0.41197810, 0.94743025, 0.50615907, 0.60954815, 0.43086451, 0.46723759, 0.66511756, 0.04990469, 0.86045063)
(0.91065127, 0.39183143, 0.09547923, 0.43049100, 0.59703761, 0.58860260, 0.82677221, 0.68615139, 0.17498295, 0.26670405)
(0.63796318, 0.42424271, 0.04285915, 0.23342429, 0.13178176, 0.82406878, 0.32835582, 0.74321717, 0.20916602, 0.35868397)
(0.71145254, 0.18845060, 0.35405794, 0.55472249, 0.60654086, 0.50291270, 0.90345699, 0.28593847, 0.46233633, 0.92694342)
(0.23209025, 0.59771872, 0.94292057, 0.12319223, 0.69528133, 0.61751056, 0.69668436, 0.71425062, 0.32169306, 0.16719109)
(0.56818485, 0.35061780, 0.73317385, 0.43742675, 0.44548494, 0.86307752, 0.92074192, 0.16166402, 0.88667625, 0.44359994)
(0.90217197, 0.20479871, 0.67416698, 0.89968270, 0.66003919, 0.83167553, 0.13452780, 0.82486540, 0.44235921, 0.33104771)
(0.27805859, 0.58010584, 0.08998251, 0.75504845, 0.66144145, 0.26331431, 0.93478030, 0.15457734, 0.94429362, 0.87246484)
(0.30012098, 0.81666422, 0.38384590, 0.76633507, 0.84064490, 0.23694164, 0.28489962, 0.64063078, 0.75862885, 0.05627456)
(0.66475880, 0.56065601, 0.55047435, 0.09830493, 0.63442659, 0.37983620, 0.54199976, 0.10242533, 0.10887489, 0.71647400)
(0.58776617, 0.58611304, 0.02461527, 0.39686459, 0.48967621, 0.69885015, 0.37753266, 0.62037063, 0.14571114, 0.32712922)
(0.68016666, 0.17550780, 0.31915280, 0.62295604, 0.67815363, 0.58296782, 0.91813111, 0.34196353, 0.60550392, 0.72095841)
(0.02746649, 0.40595022, 0.68873686, 0.80459011, 0.94596463, 0.44784528, 0.44409043, 0.32347968, 0.49774382, 0.58734506)
(0.91188866, 0.06548572, 0.88952780, 0.04301263, 0.57012987, 0.89278370, 0.33907869, 0.81885940, 0.44706902, 0.68616104)
(0.25940555, 0.26718226, 0.72356862, 0.79150945, 0.80844992, 0.81651419, 0.47260430, 0.29097554, 0.12970674, 0.74249208)
(0.69831342, 0.49744818, 0.69716799, 0.05005777, 0.15217385, 0.65034240, 0.78692341, 0.75126266, 0.83099347, 0.65633559)
(0.71876496, 0.59335446, 0.28015751, 0.70804822, 0.42908120, 0.51758355, 0.38687819, 0.59822065, 0.02167234, 0.54094332)
(0.72770882, 0.62303233, 0.72039706, 0.07404903, 0.75087309, 0.50082421, 0.39499164, 0.55218422, 0.16242319, 0.20264037)
(0.05403621, 0.76163900, 0.88469023, 0.31748831, 0.53062707, 0.36970791, 0.44940561, 0.41400796, 0.74628597, 0.14698444)
(0.89666140, 0.04137545, 0.60502172, 0.77120513, 0.66808808, 0.70228446, 0.13382477, 0.45364666, 0.25715193, 0.48650470)
(0.27061540, 0.12385699, 0.76025659, 0.31215265, 0.94843054, 0.38352868, 0.09479114, 0.30792394, 0.89240175, 0.42269605)
(0.89823091, 0.14523306, 0.05059835, 0.81374747, 0.57925749, 0.73310202, 0.06712894, 0.74262828, 0.70590144, 0.36312282)
(0.77314574, 0.85040408, 0.31993526, 0.41171834, 0.25324979, 0.42448902, 0.88895696, 0.61532867, 0.22013071, 0.45879722)
(0.80431205, 0.21632804, 0.21376804, 0.38265544, 0.53642243, 0.52435291, 0.94238710, 0.32228547, 0.59966934, 0.74720818)
(0.58950967, 0.67479247, 0.94728452, 0.62014359, 0.33348286, 0.34591600, 0.31015664, 0.53945595, 0.45083299, 0.16082372)
(0.64047515, 0.48104554, 0.25701582, 0.67221528, 0.90727210, 0.01161530, 0.63136023, 0.23030417, 0.52374345, 0.55537438)
(0.06081970, 0.60132045, 0.88005215, 0.74667025, 0.34521061, 0.65175891, 0.12326492, 0.57628882, 0.52506179, 0.98949194)
(0.89304703, 0.46968696, 0.62979579, 0.69579607, 0.77595043, 0.40031293, 0.68219519, 0.26665452, 0.35157773, 0.38332936)
(0.48299339, 0.51648170, 0.84676296, 0.61855400, 0.85936123, 0.03549761, 0.38244358, 0.29742035, 0.27531695, 0.90600425)
(0.83802509, 0.24337538, 0.39484268, 0.47429386, 0.44516701, 0.63987368, 0.91499734, 0.53408098, 0.69918621, 0.28550828)
(0.55591041, 0.75730741, 0.28714472, 0.74488318, 0.18823504, 0.67322081, 0.94206107, 0.19148472, 0.74843895, 0.52753007)
(0.54458076, 0.91416913, 0.59618884, 0.39694273, 0.28164256, 0.29814678, 0.62784904, 0.08292927, 0.95755547, 0.50542217)
(0.35651454, 0.92182767, 0.33025786, 0.37434292, 0.49458098, 0.78917623, 0.87909728, 0.69002098, 0.77326971, 0.22134222)
(0.86126119, 0.47570863, 0.27468923, 0.32202047, 0.39472488, 0.77399611, 0.87883931, 0.51135784, 0.05568983, 0.48326197)
(0.29874048, 0.10139349, 0.15194483, 0.70107818, 0.15769857, 0.31920582, 0.91381061, 0.14077926, 0.72758132, 0.70678836)
(0.40341333, 0.90336049, 0.80421954, 0.39855504, 0.44382709, 0.41307357, 0.82934886, 0.45272341, 0.11191326, 0.56880790)
(0.78640342, 0.64538795, 0.93505943, 0.08244610, 0.73469275, 0.52415812, 0.01476109, 0.27006403, 0.21931687, 0.26279974)
(0.76051986, 0.09459271, 0.68109983, 0.92055315, 0.06678263, 0.87995023, 0.04667834, 0.77521491, 0.70003581, 0.46906906)
(0.61187398, 0.50771534, 0.13047710, 0.41108206, 0.27616093, 0.44062471, 0.88831586, 0.20616731, 0.83782887, 0.49588037)
(0.66547251, 0.45938677, 0.86360252, 0.89570892, 0.78838617, 0.12910739, 0.60337949, 0.30127758, 0.80880892, 0.94879544)
(0.53504932, 0.20606504, 0.60338908, 0.47967064, 0.59416181, 0.26966482, 0.21362650, 0.13163073, 0.39108846, 0.57942915)
(0.62903923, 0.23534796, 0.12311464, 0.70919019, 0.91219640, 0.87347466, 0.25018388, 0.46085459, 0.12387251, 0.59022355)
(0.06199015, 0.42601126, 0.71778268, 0.33366990, 0.81464213, 0.95449805, 0.77867323, 0.13097619, 0.18669587, 0.54060322)
(0.15218724, 0.51719570, 0.80191237, 0.74240685, 0.98706412, 0.46997914, 0.47919384, 0.41016382, 0.19789024, 0.43725637)
(0.30590785, 0.23310539, 0.47416517, 0.86984843, 0.23273109, 0.26524451, 0.68398148, 0.58007133, 0.42484170, 0.97785461)
(0.19728450, 0.46375418, 0.40733036, 0.91544843, 0.94634527, 0.10020003, 0.24922137, 0.39324009, 0.27572748, 0.25715646)
(0.49952194, 0.25868684, 0.55131853, 0.75590003, 0.03933187, 0.43561426, 0.94825298, 0.38113663, 0.68361056, 0.75205231)
(0.94777066, 0.28662360, 0.48327097, 0.14492869, 0.24758083, 0.50003874, 0.91508210, 0.12831903, 0.39139998, 0.65200108)
(0.31094712, 0.18173419, 0.21832643, 0.41530731, 0.26504031, 0.78821641, 0.32077447, 0.23817778, 0.20702398, 0.81684119)
(0.32768375, 0.37431395, 0.70736241, 0.76008534, 0.65786546, 0.00788166, 0.72753698, 0.40971231, 0.59960753, 0.88918293)
(0.25443196, 0.59671390, 0.32733268, 0.71130443, 0.97111177, 0.43873978, 0.61822778, 0.15908380, 0.17413220, 0.47199497)
(0.56758356, 0.69346178, 0.82987136, 0.41667435, 0.67120165, 0.20713983, 0.19933391, 0.56639117, 0.19205330, 0.24929221)
(0.51457387, 0.48428184, 0.19339336, 0.51594657, 0.91048223, 0.59938323, 0.68454832, 0.14699234, 0.17205378, 0.28999645)
(0.75524205, 0.75979912, 0.25921571, 0.76085800, 0.94686043, 0.11364826, 0.77886522, 0.35486186, 0.65289336, 0.18298346)
(0.90535527, 0.49543199, 0.78132725, 0.15130994, 0.81386149, 0.70366782, 0.81619608, 0.04853219, 0.43612587, 0.62422532)
(0.52134156, 0.71551549, 0.41663179, 0.95177811, 0.50286102, 0.19469340, 0.16607942, 0.15113430, 0.96610940, 0.66469783)
(0.86995906, 0.63130170, 0.05699134, 0.51515734, 0.52239132, 0.59810668, 0.59842181, 0.70695215, 0.09891362, 0.08039947)
(0.06911569, 0.14974087, 0.91219944, 0.21600674, 0.69462717, 0.15805727, 0.17041488, 0.40540743, 0.82978743, 0.02601721)
(0.04807862, 0.44220823, 0.92776251, 0.58127826, 0.75002551, 0.24134742, 0.56977981, 0.58790678, 0.63592339, 0.12488025)
(0.73924184, 0.48346919, 0.69817877, 0.53912395, 0.13502961, 0.63444054, 0.20136631, 0.85079092, 0.73857296, 0.63919348)
(0.44545263, 0.36151290, 0.74570018, 0.62498730, 0.82481760, 0.11588439, 0.53461480, 0.36691514, 0.72121060, 0.93617183)
(0.45143658, 0.47691366, 0.34660426, 0.36754057, 0.28360829, 0.58907723, 0.48958442, 0.90320939, 0.19150403, 0.02164281)
(0.76894242, 0.03397924, 0.75434095, 0.47847432, 0.19551170, 0.83793348, 0.09898758, 0.48708642, 0.80575997, 0.65463299)
(0.30509660, 0.20210890, 0.83723909, 0.42815605, 0.52325165, 0.08002388, 0.75095701, 0.28457496, 0.35350776, 0.70305097)
(0.69079763, 0.67407382, 0.70205885, 0.85354614, 0.70779556, 0.30106759, 0.80418354, 0.50238025, 0.46277767, 0.95165884)
(0.22833590, 0.54447275, 0.40573451, 0.38504577, 0.41047975, 0.73880827, 0.27735326, 0.98297966, 0.27001160, 0.12242652)
(0.88082081, 0.63327396, 0.74949217, 0.46025240, 0.87188482, 0.68134367, 0.64129686, 0.05372384, 0.21520638, 0.56344748)
(0.30571046, 0.14864047, 0.19947222, 0.42972559, 0.34321833, 0.87243479, 0.26111546, 0.15930864, 0.20741090, 0.57763177)
(0.39188373, 0.86099988, 0.81753653, 0.33085480, 0.30339044, 0.44835365, 0.36884010, 0.21244451, 0.87634581, 0.25869113)
(0.07412921, 0.45665568, 0.74424940, 0.18515132, 0.55085814, 0.51909304, 0.18619613, 0.67857873, 0.48525724, 0.45033327)
(0.68672043, 0.56250322, 0.13763891, 0.38368440, 0.38182971, 0.32271272, 0.90770340, 0.59153056, 0.83643603, 0.19255419)
(0.07621648, 0.66857642, 0.20585075, 0.78848624, 0.39803484, 0.13427337, 0.37589014, 0.18341671, 0.86448020, 0.91140091)
(0.59129477, 0.53282481, 0.37075895, 0.29395777, 0.68599117, 0.56151462, 0.89486849, 0.29803056, 0.23251915, 0.37179905)
(0.78788346, 0.64602035, 0.85666353, 0.20436551, 0.59991705, 0.02922142, 0.11845236, 0.04618553, 0.36228827, 0.59468919)
(0.31554472, 0.32207981, 0.89872801, 0.36372170, 0.33594546, 0.01123140, 0.60780841, 0.27960989, 0.37873912, 0.81761539)
(0.58525985, 0.56752282, 0.16529843, 0.69090909, 0.54233521, 0.88401783, 0.79159886, 0.46420696, 0.03595093, 0.78656626)
(0.33673221, 0.42013085, 0.30026296, 0.44595352, 0.40600941, 0.44733563, 0.93962109, 0.49136519, 0.85698569, 0.51776314)
(0.35799217, 0.64488930, 0.65113050, 0.26904479, 0.52787083, 0.34197503, 0.39711672, 0.45992485, 0.36496773, 0.08991325)
(0.87398624, 0.73312777, 0.21171346, 0.58274227, 0.77121180, 0.52736294, 0.75994349, 0.15693143, 0.27314901, 0.35083956)
(0.40389118, 0.39709082, 0.55149937, 0.48651272, 0.95772785, 0.23966290, 0.32587665, 0.31480581, 0.62928802, 0.56964314)
(0.43650880, 0.63002008, 0.55202758, 0.32979190, 0.73553073, 0.44709599, 0.77700728, 0.23628490, 0.16927342, 0.49590546)
(0.69221675, 0.38967746, 0.40263906, 0.68789113, 0.51786470, 0.26238030, 0.78999132, 0.08907913, 0.79113001, 0.85497677)
(0.30871296, 0.94715852, 0.41188291, 0.78740877, 0.74198246, 0.07675828, 0.44260073, 0.45307150, 0.72002423, 0.18898706)
(0.71808445, 0.67696118, 0.38357714, 0.91027999, 0.56387448, 0.65564746, 0.03618408, 0.64776188, 0.28903049, 0.73782939)
(0.21922116, 0.46365124, 0.21482132, 0.32340485, 0.67569643, 0.43506178, 0.72850120, 0.31431633, 0.25325119, 0.35481182)
(0.93463999, 0.36544859, 0.23740113, 0.65105128, 0.45817354, 0.74956095, 0.61131459, 0.89411294, 0.36062688, 0.14644553)
(0.42919213, 0.61851835, 0.39713982, 0.69203573, 0.40256140, 0.60498548, 0.42176861, 0.32298848, 0.04860310, 0.40116507)
(0.59766525, 0.83158821, 0.86909389, 0.32050934, 0.14871699, 0.04249089, 0.26641849, 0.15485829, 0.85214639, 0.60243338)
(0.06766018, 0.16848297, 0.73034090, 0.89675033, 0.66232783, 0.56943947, 0.28390402, 0.33056754, 0.47833496, 0.94372594)
(0.01134173, 0.28295803, 0.54328352, 0.02044473, 0.61180246, 0.38701689, 0.05157763, 0.14508572, 0.68297458, 0.04390014)
(0.41589025, 0.85124141, 0.28103477, 0.51469088, 0.95211440, 0.11465751, 0.73793083, 0.37716940, 0.51469040, 0.29261830)
(0.83923334, 0.47690260, 0.49562386, 0.81094509, 0.74030662, 0.81092262, 0.50776726, 0.43586096, 0.06870195, 0.52558911)
(0.69070023, 0.81224018, 0.59979236, 0.42355934, 0.49333167, 0.79772043, 0.55505967, 0.55788857, 0.20558165, 0.28762969)
(0.43279314, 0.46551582, 0.32685465, 0.64939821, 0.59352791, 0.32953951, 0.38043898, 0.08841683, 0.05925844, 0.70680803)
(0.43781146, 0.16763388, 0.89442682, 0.51094127, 0.66851246, 0.20290062, 0.07679071, 0.41826427, 0.28579822, 0.75591916)
(0.60326940, 0.70778990, 0.74041730, 0.27217433, 0.63762254, 0.21631591, 0.91782576, 0.09125055, 0.31256959, 0.87847805)
(0.04444711, 0.32202995, 0.37187484, 0.06570145, 0.70460999, 0.32041663, 0.21121521, 0.43200263, 0.66887379, 0.13502832)
(0.43465814, 0.05297707, 0.15548725, 0.73314404, 0.41149080, 0.78285104, 0.19687916, 0.57077843, 0.56323045, 0.78721875)
(0.59148121, 0.43433401, 0.64434808, 0.09405503, 0.48354521, 0.74839598, 0.06815068, 0.92019290, 0.20415828, 0.44512725)
(0.74763209, 0.63810003, 0.36778086, 0.19695212, 0.48298526, 0.60976261, 0.86643088, 0.56352836, 0.18657823, 0.27081102)
(0.51506227, 0.73068774, 0.67837393, 0.41531551, 0.47724685, 0.51218832, 0.78925234, 0.07604599, 0.16686685, 0.81504029)
(0.90312868, 0.53825969, 0.41199267, 0.03958275, 0.29757625, 0.85413498, 0.69910502, 0.58463150, 0.07251274, 0.63329715)
(0.37500793, 0.27928805, 0.48181835, 0.78460020, 0.74539202, 0.54932112, 0.14469101, 0.44942021, 0.29092702, 0.91730368)
(0.90898067, 0.30417842, 0.69161469, 0.28866288, 0.22344919, 0.69607979, 0.61938918, 0.87070400, 0.24866538, 0.22969997)
(0.16600084, 0.28620663, 0.04743830, 0.29835767, 0.28046227, 0.95005000, 0.40192434, 0.96491289, 0.53413868, 0.52563584)
(0.77773738, 0.43111292, 0.53609353, 0.25043869, 0.31340921, 0.79277247, 0.81794417, 0.07471914, 0.91506344, 0.30927363)
(0.51551741, 0.67265803, 0.41399118, 0.06095009, 0.16549374, 0.53064680, 0.74082136, 0.91853487, 0.13969767, 0.21349731)
(0.32158434, 0.66352069, 0.61986101, 0.12444600, 0.23202118, 0.76221681, 0.17331442, 0.88136953, 0.13655679, 0.20863837)
(0.14244561, 0.49318787, 0.70871145, 0.14709188, 0.69692063, 0.32581893, 0.43226567, 0.49159893, 0.35262427, 0.15249205)
(0.42465699, 0.69653952, 0.72904450, 0.51696038, 0.26775506, 0.24611768, 0.13193506, 0.14329836, 0.92834347, 0.18067555)
(0.63614690, 0.68196547, 0.89954180, 0.61275941, 0.24379359, 0.02873255, 0.53769869, 0.07200076, 0.28159645, 0.86414301)
(0.61950803, 0.53920406, 0.43684551, 0.10016514, 0.74094069, 0.68729055, 0.74120981, 0.18376867, 0.12860583, 0.37135226)
(0.41354376, 0.51805890, 0.27594039, 0.19500005, 0.14842597, 0.64722669, 0.44265836, 0.97809178, 0.13705935, 0.59086698)
(0.78699988, 0.22898780, 0.19688696, 0.22693491, 0.43447182, 0.63116205, 0.42016998, 0.72306561, 0.22651701, 0.19635954)
(0.24779430, 0.94263607, 0.35381541, 0.90290296, 0.42463160, 0.18126351, 0.21808475, 0.54565948, 0.06264962, 0.58409029)
(0.41314632, 0.14155430, 0.87739730, 0.55714738, 0.50068325, 0.31675866, 0.81273836, 0.54599816, 0.43247193, 0.76011324)
(0.28685459, 0.74931645, 0.49848470, 0.74765581, 0.76797235, 0.21095686, 0.21159573, 0.47177401, 0.97369337, 0.88439792)
(0.31981727, 0.61761820, 0.70073116, 0.18662946, 0.18675427, 0.50937104, 0.64940542, 0.83375245, 0.38116086, 0.57329500)
(0.67473239, 0.49392483, 0.67250282, 0.43701619, 0.43489346, 0.15818547, 0.23831758, 0.13947900, 0.19065873, 0.64080346)
(0.76573873, 0.24642985, 0.83768684, 0.40189967, 0.40672314, 0.35574162, 0.85037678, 0.07238631, 0.45377678, 0.85730588)
(0.62380546, 0.28169397, 0.69464171, 0.70077580, 0.96796340, 0.66251260, 0.23105189, 0.55888367, 0.09900282, 0.55970156)
(0.92385805, 0.49487931, 0.33141863, 0.52429992, 0.50576389, 0.37629542, 0.87948936, 0.56822449, 0.29011440, 0.33355451)
(0.23893997, 0.10262525, 0.21391630, 0.17770144, 0.13498858, 0.86847645, 0.34033012, 0.84654593, 0.87769639, 0.75835955)
(0.84218311, 0.35928512, 0.10157721, 0.85038495, 0.22029223, 0.44738290, 0.78875488, 0.24730740, 0.65147156, 0.67667633)
(0.32443574, 0.05418586, 0.83954537, 0.51636434, 0.44755241, 0.07474028, 0.88154680, 0.18951792, 0.30751526, 0.71199244)
(0.68666440, 0.56398398, 0.81384856, 0.20917395, 0.66377199, 0.77498835, 0.70780408, 0.69584942, 0.07177081, 0.61620516)
(0.75095397, 0.20780088, 0.46598533, 0.76799953, 0.79067612, 0.40176880, 0.53154957, 0.32218775, 0.07819077, 0.95785439)
(0.79250962, 0.51644999, 0.53010386, 0.07719723, 0.72256321, 0.64855802, 0.53232169, 0.78088021, 0.15227936, 0.16019452)
(0.37460220, 0.22034273, 0.89361101, 0.19737367, 0.60218233, 0.30680409, 0.54338866, 0.35447013, 0.14424446, 0.78266543)
(0.38178617, 0.50502181, 0.77620339, 0.12545092, 0.75122976, 0.28506732, 0.44479436, 0.30563504, 0.87145859, 0.13549916)
(0.27935168, 0.12473276, 0.18307491, 0.58572096, 0.21605183, 0.74810755, 0.25542340, 0.25863791, 0.08804156, 0.72093558)
(0.07470115, 0.58159947, 0.16574430, 0.26228732, 0.52258402, 0.56901300, 0.60847038, 0.90883726, 0.17760004, 0.16507429)
(0.85245305, 0.60841811, 0.76311749, 0.71483386, 0.72679836, 0.30210733, 0.23859188, 0.53889948, 0.08719353, 0.86780894)
(0.21183217, 0.50929713, 0.62208819, 0.42361620, 0.05056414, 0.55623555, 0.77508754, 0.93868011, 0.35746467, 0.05139340)
(0.55718273, 0.63494068, 0.62601751, 0.82457328, 0.65095830, 0.28179309, 0.69161624, 0.54837924, 0.54675001, 0.93511403)
(0.88876432, 0.44405061, 0.21049289, 0.47273549, 0.55581450, 0.36744040, 0.57947654, 0.15969639, 0.04708729, 0.64927626)
(0.65812755, 0.69917947, 0.70585263, 0.65628076, 0.95615989, 0.41302031, 0.51722378, 0.58232880, 0.39927670, 0.32772684)
(0.17388234, 0.42016163, 0.94485426, 0.67109388, 0.67400759, 0.28527409, 0.05556992, 0.40894744, 0.55213791, 0.89122093)
(0.48144835, 0.41595024, 0.11264420, 0.54429388, 0.57759196, 0.82953000, 0.69547987, 0.24339908, 0.04164780, 0.26987693)
(0.53590840, 0.43873563, 0.20490813, 0.38070247, 0.75056559, 0.76629585, 0.74836743, 0.21203448, 0.08741370, 0.57813811)
(0.32139882, 0.57615453, 0.30946484, 0.48975614, 0.70441711, 0.56017774, 0.70111370, 0.20603698, 0.83733231, 0.53907669)
(0.56249976, 0.73811519, 0.50475621, 0.53876239, 0.41204661, 0.11709831, 0.08375288, 0.55067527, 0.94959217, 0.78312176)
(0.41698313, 0.39538229, 0.55334455, 0.86466891, 0.69306630, 0.37891793, 0.06404845, 0.35038847, 0.29320475, 0.93990386)
(0.48744452, 0.40619105, 0.87161666, 0.17833990, 0.31479844, 0.03521273, 0.59937310, 0.28216243, 0.46298426, 0.85492587)
(0.48722056, 0.38854977, 0.77477711, 0.01674799, 0.90139723, 0.39196748, 0.26388276, 0.14164843, 0.94923800, 0.68711013)
(0.60013890, 0.08979995, 0.81537366, 0.34017664, 0.25282311, 0.39405924, 0.88770705, 0.34754720, 0.37791839, 0.85577136)
(0.80890739, 0.59667474, 0.08014925, 0.75288105, 0.83372122, 0.77909786, 0.48548502, 0.51960582, 0.10821904, 0.16326304)
(0.38933915, 0.90550166, 0.65636104, 0.03082135, 0.60969633, 0.38373652, 0.38251922, 0.55920011, 0.23288171, 0.35851747)
(0.80535328, 0.60518724, 0.63500148, 0.83687091, 0.73118967, 0.10213590, 0.20821652, 0.11168238, 0.94573605, 0.45924973)
(0.51019102, 0.62713218, 0.54530567, 0.36128199, 0.53833926, 0.49270141, 0.87819707, 0.32896417, 0.18124563, 0.54460973)
(0.56495529, 0.62991887, 0.30764514, 0.39038226, 0.87022179, 0.08918633, 0.60933751, 0.46012869, 0.51954520, 0.40175894)
(0.58194602, 0.48108667, 0.55164587, 0.64596283, 0.89074814, 0.22355646, 0.19823147, 0.37303248, 0.96614945, 0.89479107)
(0.16572617, 0.33504596, 0.41200790, 0.44439811, 0.10886441, 0.36974767, 0.81553662, 0.07417005, 0.55956805, 0.72801685)
(0.10717481, 0.66186386, 0.05170961, 0.87165922, 0.28254694, 0.24697678, 0.49180514, 0.11976144, 0.87414914, 0.87948346)
(0.10910909, 0.28651750, 0.42319173, 0.32558483, 0.42538261, 0.67970759, 0.45151079, 0.72944713, 0.43876180, 0.57561737)
(0.43598559, 0.53378421, 0.78120649, 0.56443417, 0.18237063, 0.75982720, 0.03333632, 0.60128337, 0.57089317, 0.24999231)
(0.31332284, 0.23942043, 0.19985452, 0.69044089, 0.57482111, 0.48427808, 0.78991133, 0.19162883, 0.81350935, 0.90313423)
(0.05244993, 0.57519990, 0.65610737, 0.11160055, 0.73486453, 0.54836172, 0.08358631, 0.37489244, 0.27081823, 0.34463620)
(0.45521769, 0.10461671, 0.08899646, 0.89404988, 0.53216124, 0.89588296, 0.14837994, 0.78151071, 0.72641081, 0.51597303)
(0.05032307, 0.20606798, 0.64479280, 0.82277989, 0.37018368, 0.52305168, 0.22574069, 0.16807759, 0.40213004, 0.79121089)
(0.33488172, 0.69957215, 0.47314888, 0.74572146, 0.11171805, 0.34281978, 0.93585348, 0.77210748, 0.70095462, 0.61938572)
(0.46877852, 0.66269469, 0.25011900, 0.78368926, 0.71861112, 0.70685458, 0.77433610, 0.24565430, 0.17444777, 0.07842912)
(0.10422494, 0.80617827, 0.17074485, 0.97721338, 0.61522955, 0.58500195, 0.43416843, 0.25613070, 0.14565510, 0.16778938)
(0.45090234, 0.30046687, 0.88327867, 0.92323953, 0.44761059, 0.87235159, 0.05387601, 0.41412267, 0.23574530, 0.81198978)
(0.89579570, 0.43619418, 0.13785613, 0.79826444, 0.53558344, 0.71661764, 0.36753890, 0.50196803, 0.09414423, 0.55651206)
(0.61775506, 0.89625931, 0.56304044, 0.87611908, 0.47601011, 0.84487039, 0.79191691, 0.66002804, 0.32520881, 0.59519941)
(0.36932433, 0.29995915, 0.06651697, 0.30032846, 0.15219040, 0.90760839, 0.31776932, 0.36916822, 0.16231832, 0.31991422)
(0.26505882, 0.16561969, 0.11430535, 0.56302989, 0.15923488, 0.61057234, 0.26168892, 0.20000561, 0.12588941, 0.31377813)
(0.66846520, 0.54330146, 0.12257148, 0.81761390, 0.70740944, 0.81521565, 0.16917604, 0.27131474, 0.14646107, 0.80563122)
(0.42047495, 0.10656799, 0.06800047, 0.45446166, 0.20713726, 0.91538888, 0.24037760, 0.72568274, 0.45253301, 0.26613891)
(0.46738675, 0.32486218, 0.06256519, 0.69070423, 0.42353916, 0.85929000, 0.15089156, 0.85385811, 0.27569565, 0.72886157)
(0.62083721, 0.38290641, 0.52727252, 0.68911153, 0.82383627, 0.35655263, 0.11246905, 0.32531253, 0.17574248, 0.91151762)
(0.43708843, 0.44343159, 0.14036791, 0.71883065, 0.35486731, 0.48321214, 0.58520138, 0.05747296, 0.93852198, 0.67603630)
(0.41907102, 0.20533274, 0.04259916, 0.49419540, 0.54774421, 0.90586430, 0.37244359, 0.33088109, 0.16397503, 0.36485061)
(0.62349808, 0.75187486, 0.60406113, 0.83202201, 0.91723686, 0.19349769, 0.44460991, 0.11490913, 0.94610876, 0.79876703)
(0.36468330, 0.41127771, 0.24814010, 0.59811270, 0.48422033, 0.55138016, 0.42798209, 0.06372406, 0.11950047, 0.50879329)
(0.83691013, 0.60466444, 0.76427650, 0.80056643, 0.59444922, 0.31830326, 0.37358385, 0.46042246, 0.12388858, 0.17472970)
(0.71727210, 0.58352256, 0.75384611, 0.03602442, 0.53283834, 0.19054137, 0.41370407, 0.20765838, 0.76625854, 0.70973843)
(0.26152202, 0.63773024, 0.11467236, 0.27392760, 0.64941001, 0.44534749, 0.78555185, 0.42272034, 0.31993574, 0.26506335)
(0.45552838, 0.23023716, 0.26940379, 0.09434154, 0.36693996, 0.51627791, 0.89887345, 0.90869510, 0.37686786, 0.09166066)
(0.05022756, 0.75802839, 0.08427585, 0.70037568, 0.86210626, 0.58835441, 0.16646785, 0.39258829, 0.20584644, 0.48474929)
(0.29019597, 0.26247472, 0.76674879, 0.67492670, 0.77014226, 0.31021121, 0.37187940, 0.27466390, 0.36682951, 0.10698018)
(0.36383346, 0.12988131, 0.40624258, 0.15148096, 0.25497109, 0.93697834, 0.61042756, 0.51553452, 0.14123338, 0.07900668)
(0.51788455, 0.38635656, 0.59040278, 0.55423689, 0.78942114, 0.25927657, 0.21424015, 0.23932780, 0.25519371, 0.92076296)
(0.55769569, 0.37574616, 0.33086386, 0.74713093, 0.41363320, 0.94085377, 0.50916421, 0.68970001, 0.12205527, 0.14931208)
(0.58857656, 0.21851642, 0.49675086, 0.75686383, 0.73817503, 0.22760969, 0.62805861, 0.44249827, 0.10234404, 0.96795684)
(0.39576390, 0.31334841, 0.02035081, 0.49749327, 0.28206107, 0.70210093, 0.39479303, 0.38339880, 0.22216775, 0.34990597)
(0.54665917, 0.24451844, 0.94298047, 0.62755525, 0.07715072, 0.50183707, 0.86416745, 0.24716423, 0.75090235, 0.85053420)
(0.51141089, 0.59239924, 0.52537090, 0.36032900, 0.14339779, 0.56614870, 0.13348277, 0.70843875, 0.16433908, 0.52365446)
(0.61317837, 0.08623926, 0.47017366, 0.81218851, 0.27908307, 0.27737910, 0.92477590, 0.38433659, 0.25273475, 0.93741941)
(0.33396557, 0.08260985, 0.82291365, 0.80048001, 0.82974744, 0.43827477, 0.14451411, 0.19871090, 0.22270590, 0.76991314)
(0.03167440, 0.36933464, 0.37198493, 0.08449049, 0.57204193, 0.40872094, 0.10108299, 0.37863487, 0.53881812, 0.27812237)
(0.46151441, 0.25774831, 0.39964285, 0.65388149, 0.57107937, 0.73272425, 0.27334797, 0.24182060, 0.22729497, 0.87482816)
(0.45651284, 0.38881838, 0.35663533, 0.63862634, 0.57300454, 0.33311680, 0.84885693, 0.43595240, 0.09169118, 0.52586442)
(0.92173308, 0.26298666, 0.89614850, 0.06632283, 0.42488882, 0.86583531, 0.33813912, 0.81023878, 0.32141358, 0.40717807)
(0.58102155, 0.31597036, 0.80804825, 0.68584317, 0.97731882, 0.15141638, 0.29463175, 0.32390684, 0.56057006, 0.60872138)
(0.51355863, 0.44762114, 0.91770625, 0.78227925, 0.73663551, 0.35528904, 0.02601541, 0.37497541, 0.29103744, 0.86240816)
(0.43897161, 0.27788711, 0.62591326, 0.72172856, 0.59377962, 0.12836511, 0.80320859, 0.25291565, 0.63598782, 0.94321555)
(0.77795792, 0.38581839, 0.40269214, 0.42206800, 0.67201352, 0.51794779, 0.42675701, 0.06456204, 0.17636700, 0.74895209)
(0.60250568, 0.72799617, 0.43297458, 0.23751166, 0.32768714, 0.52829498, 0.85441118, 0.93872970, 0.13741010, 0.58875966)
(0.13290146, 0.93602175, 0.30241150, 0.84669971, 0.67449272, 0.06443179, 0.46361229, 0.49166977, 0.35013187, 0.60987133)
(0.11207328, 0.27852690, 0.66812319, 0.80397147, 0.68511927, 0.34460923, 0.09147680, 0.18627323, 0.29684013, 0.35485375)
(0.43686944, 0.74222767, 0.83241105, 0.18850498, 0.41899794, 0.34081346, 0.37454486, 0.58633131, 0.29335019, 0.07492585)
(0.95295531, 0.21523936, 0.81668091, 0.05721401, 0.63549054, 0.90853953, 0.13326770, 0.10099338, 0.21101017, 0.69708127)
(0.83617085, 0.67018354, 0.74068040, 0.46635163, 0.80081588, 0.21562287, 0.55380434, 0.05706038, 0.41946676, 0.36345193)
(0.78617322, 0.62264311, 0.68742967, 0.35494304, 0.61237198, 0.50956315, 0.72628212, 0.05200550, 0.70305496, 0.67104411)
(0.58470953, 0.69007361, 0.17324430, 0.82239580, 0.61810982, 0.63945317, 0.96077794, 0.22645615, 0.74034190, 0.88819027)
(0.85713893, 0.45635220, 0.95375890, 0.78009361, 0.03514460, 0.56106031, 0.31981272, 0.30211234, 0.13122688, 0.87857455)
(0.53562671, 0.72170997, 0.75182885, 0.70726430, 0.91178620, 0.33242017, 0.60326016, 0.35673574, 0.67459315, 0.11509594)
(0.80115449, 0.63140106, 0.30842745, 0.55078501, 0.85890579, 0.09294315, 0.54794371, 0.12315273, 0.27384591, 0.49559644)
(0.89697808, 0.09644201, 0.42153203, 0.50285631, 0.03934479, 0.36655018, 0.60143495, 0.85730374, 0.07076576, 0.43053856)
(0.23926026, 0.80385023, 0.91897261, 0.07760554, 0.95159298, 0.76729244, 0.60023618, 0.49220797, 0.27659050, 0.14728807)
(0.67247391, 0.82261771, 0.65606987, 0.88405919, 0.42879122, 0.53495508, 0.61269987, 0.62884450, 0.59137750, 0.33894116)
(0.38628206, 0.91692817, 0.19754556, 0.62976402, 0.37781748, 0.57772702, 0.74287301, 0.50073838, 0.10343151, 0.08269689)
(0.50530654, 0.37060034, 0.71575999, 0.26643264, 0.70747650, 0.44902256, 0.63680589, 0.16128331, 0.80114514, 0.08860929)
(0.88353777, 0.28188258, 0.85289937, 0.02760463, 0.22300245, 0.83055645, 0.41852069, 0.75128239, 0.05610187, 0.93018556)
(0.76712233, 0.29523945, 0.80319786, 0.59719318, 0.72968811, 0.36598349, 0.25386816, 0.49115252, 0.15104389, 0.58928531)
(0.28851640, 0.68382537, 0.81033039, 0.51888937, 0.71101820, 0.24968229, 0.67116821, 0.23439011, 0.81244916, 0.85865110)
(0.57868510, 0.14006017, 0.65539616, 0.25960657, 0.22492270, 0.64916968, 0.10143598, 0.85298234, 0.45073164, 0.52614999)
(0.13833641, 0.89808857, 0.46621507, 0.64326322, 0.73856539, 0.02946543, 0.38990656, 0.58726811, 0.24006075, 0.62989342)
(0.24928388, 0.63540083, 0.68166316, 0.71621716, 0.20353611, 0.28259373, 0.17410180, 0.05690978, 0.03563400, 0.38236660)
(0.15287331, 0.94751167, 0.48802590, 0.40377903, 0.49040654, 0.17930081, 0.05627587, 0.54647166, 0.88489068, 0.19952048)
(0.57263321, 0.73399723, 0.79845393, 0.57547343, 0.63524985, 0.32179481, 0.84293538, 0.09825067, 0.44968012, 0.65342045)
(0.55051285, 0.18947320, 0.73859918, 0.27365789, 0.83462542, 0.31692114, 0.04895396, 0.52930045, 0.21009468, 0.29107738)
(0.50449502, 0.36380142, 0.37982556, 0.26438990, 0.09684245, 0.71846122, 0.28324291, 0.93234676, 0.29862446, 0.39560211)
(0.36352918, 0.21198057, 0.76582301, 0.36299866, 0.83272600, 0.29829466, 0.37780342, 0.25717476, 0.13079089, 0.91716588)
(0.53942871, 0.29034778, 0.32935101, 0.06330959, 0.85993099, 0.17387258, 0.23325878, 0.23515685, 0.50309217, 0.24756382)
(0.49589223, 0.37763587, 0.63753319, 0.47761047, 0.88550264, 0.04746702, 0.45157817, 0.51602769, 0.59458899, 0.71939087)
(0.63628989, 0.74129200, 0.52527988, 0.47994706, 0.90428489, 0.30049592, 0.36736083, 0.56644344, 0.12773944, 0.69783109)
(0.55975109, 0.09314104, 0.67801696, 0.31044978, 0.41338852, 0.63269615, 0.12397763, 0.62022007, 0.59883916, 0.37494773)
(0.38712987, 0.22684519, 0.63115257, 0.71665984, 0.59476364, 0.23435648, 0.93655604, 0.43265057, 0.56845874, 0.92297846)
(0.25531065, 0.84146732, 0.65359914, 0.39124262, 0.56743592, 0.65375221, 0.59058613, 0.40845969, 0.73235309, 0.13781324)
(0.80883420, 0.46196923, 0.23320988, 0.27486897, 0.53513610, 0.84757489, 0.38716680, 0.08129863, 0.12002075, 0.63890457)
(0.03686240, 0.24363793, 0.47937575, 0.82875907, 0.72747356, 0.72977412, 0.40068686, 0.25577801, 0.29586223, 0.86452132)
(0.53197843, 0.89558274, 0.28233570, 0.82037896, 0.65239686, 0.08068845, 0.75453079, 0.60218614, 0.86098677, 0.62448472)
(0.40045035, 0.40416566, 0.42866609, 0.62817299, 0.98407817, 0.23296541, 0.52451545, 0.25971782, 0.47263905, 0.30800495)
(0.05829366, 0.27780148, 0.51538408, 0.17628309, 0.38936338, 0.97333390, 0.44687891, 0.53990692, 0.37090835, 0.75643790)
(0.61582571, 0.60885656, 0.40567851, 0.33329183, 0.45152420, 0.31436172, 0.06625336, 0.26516539, 0.85765737, 0.53524125)
(0.86042953, 0.55742836, 0.50282460, 0.23081961, 0.59574097, 0.68061632, 0.87948382, 0.39971456, 0.16058491, 0.34897545)
(0.52136618, 0.23360370, 0.19734204, 0.89418674, 0.47832242, 0.51606327, 0.11434221, 0.15988284, 0.09653267, 0.61609417)
(0.84983170, 0.56616777, 0.89568305, 0.70388103, 0.44299126, 0.06586610, 0.44275641, 0.07420069, 0.14505933, 0.91527313)
(0.77598464, 0.66332674, 0.45008034, 0.85414714, 0.53375739, 0.04557378, 0.55773824, 0.42909250, 0.40243095, 0.33457085)
(0.77487808, 0.10459322, 0.29267097, 0.09248509, 0.45227537, 0.69809139, 0.39594182, 0.55115545, 0.44666681, 0.46418354)
(0.13205102, 0.61189473, 0.76390868, 0.52860600, 0.35278198, 0.45480710, 0.41563046, 0.42376351, 0.68714726, 0.09886984)
(0.19210270, 0.60328698, 0.14784372, 0.82059330, 0.54071957, 0.71243721, 0.29152626, 0.06922150, 0.08218760, 0.31642944)
(0.12382313, 0.43412086, 0.73006666, 0.31005082, 0.66734207, 0.23964433, 0.53614384, 0.35332730, 0.34548700, 0.38320103)
(0.22854702, 0.54612625, 0.46482280, 0.69159406, 0.26456037, 0.48114571, 0.55412871, 0.15350841, 0.81216425, 0.48326018)
(0.80152136, 0.92475611, 0.84618539, 0.08031991, 0.61080313, 0.44421828, 0.55315077, 0.49606910, 0.48907912, 0.42105064)
(0.14015511, 0.55334550, 0.45608395, 0.72304827, 0.43851313, 0.08442798, 0.39234370, 0.28912193, 0.93479186, 0.95436686)
(0.44222161, 0.61037570, 0.46761119, 0.45679843, 0.73829484, 0.53667378, 0.06050339, 0.39044106, 0.85088217, 0.68943161)
(0.42135838, 0.50402647, 0.50875670, 0.87523156, 0.82906097, 0.50156796, 0.29167345, 0.06115445, 0.14536940, 0.30738872)
(0.16887434, 0.37729704, 0.44556212, 0.35260817, 0.27266255, 0.84273994, 0.41725343, 0.73951066, 0.20701955, 0.41373938)
(0.21439129, 0.20221303, 0.70936084, 0.56600189, 0.35909095, 0.37368989, 0.82775831, 0.39054847, 0.59376961, 0.69968939)
(0.87833714, 0.71548170, 0.77808142, 0.02441541, 0.67058241, 0.37156758, 0.39531365, 0.29233569, 0.16853334, 0.68191516)
(0.79032379, 0.41531357, 0.26892585, 0.44452870, 0.70307016, 0.42413706, 0.93064964, 0.15843052, 0.32758847, 0.85288811)
(0.94313240, 0.23036897, 0.50868589, 0.40923324, 0.39472285, 0.60354638, 0.63022375, 0.90118706, 0.14869751, 0.56345415)
(0.25747314, 0.40274528, 0.49060664, 0.59374690, 0.64550823, 0.21318682, 0.45707151, 0.25641704, 0.19910830, 0.45104933)
(0.08116125, 0.50460577, 0.43275180, 0.07658787, 0.82063204, 0.24115817, 0.29298002, 0.65237802, 0.65178353, 0.38172472)
(0.33965722, 0.58774155, 0.28932258, 0.85735524, 0.68833470, 0.29312244, 0.17253377, 0.15884696, 0.95698971, 0.47094426)
(0.33306590, 0.74830115, 0.63793314, 0.45693398, 0.71937674, 0.02520002, 0.47940591, 0.59220427, 0.38579091, 0.49851051)
(0.34126917, 0.16758674, 0.56555378, 0.14467607, 0.63473219, 0.60185903, 0.11052004, 0.49946058, 0.41924837, 0.20665285)
(0.21414207, 0.34599546, 0.63950706, 0.09321589, 0.43143535, 0.27357176, 0.01824919, 0.08644754, 0.73080605, 0.03050373)
(0.63760042, 0.39964163, 0.70818698, 0.02937783, 0.80218083, 0.03027209, 0.07936715, 0.09972724, 0.33067235, 0.05062833)
(0.82424122, 0.27545410, 0.70149517, 0.31193763, 0.70083314, 0.71264488, 0.64907563, 0.36630037, 0.14073944, 0.11372240)
(0.87000364, 0.34598857, 0.85105091, 0.10894153, 0.48993957, 0.43233848, 0.38466153, 0.24421473, 0.20214835, 0.75109881)
(0.03207552, 0.38851848, 0.05041783, 0.72851521, 0.47602189, 0.85578984, 0.66651732, 0.60929120, 0.36538976, 0.21597889)
(0.67597556, 0.47207817, 0.10740581, 0.86553299, 0.44511312, 0.57683825, 0.76288241, 0.10379720, 0.87933087, 0.63631254)
(0.76607162, 0.64897633, 0.82383829, 0.41354352, 0.49504039, 0.01790950, 0.30789432, 0.51119697, 0.65575486, 0.54555780)
(0.38768056, 0.73973745, 0.72083199, 0.56556970, 0.58091122, 0.55634797, 0.48854068, 0.55634528, 0.20044440, 0.09812848)
(0.77213007, 0.52738726, 0.89843535, 0.31429377, 0.70101297, 0.28311989, 0.51884556, 0.05305890, 0.73063302, 0.40334222)
(0.38710311, 0.12531942, 0.62527353, 0.32489675, 0.51048547, 0.25585282, 0.84852827, 0.27018318, 0.20059906, 0.67234057)
(0.01584775, 0.40185326, 0.27206406, 0.51993865, 0.75444996, 0.84082776, 0.51663536, 0.45922029, 0.21049696, 0.66153747)
(0.04496073, 0.33554393, 0.20037510, 0.76840073, 0.31073862, 0.94420296, 0.34336275, 0.79235345, 0.48993075, 0.44633228)
(0.21816471, 0.69246590, 0.06129937, 0.30505514, 0.62249833, 0.84559596, 0.56237775, 0.63046974, 0.12284783, 0.53776485)
(0.69371730, 0.80879122, 0.85135877, 0.54188335, 0.50909609, 0.06279715, 0.19924811, 0.45581868, 0.94716877, 0.71447581)
(0.85202944, 0.31777832, 0.17129660, 0.42747498, 0.85093564, 0.74132824, 0.73865956, 0.30000800, 0.17450030, 0.27678704)
(0.77022851, 0.64343411, 0.90974778, 0.62175387, 0.76138139, 0.06919507, 0.26037857, 0.48437238, 0.55425495, 0.80539590)
(0.51883847, 0.75197369, 0.16664325, 0.83058667, 0.66887176, 0.71992183, 0.59866506, 0.20930797, 0.02893743, 0.78480458)
(0.07483751, 0.08192421, 0.34666902, 0.71359712, 0.34388855, 0.80754781, 0.37922427, 0.14626552, 0.23281163, 0.78818107)
(0.95889968, 0.22270086, 0.45299619, 0.57686025, 0.45009676, 0.37282830, 0.58462697, 0.10953034, 0.07268998, 0.69469070)
(0.77421081, 0.61408997, 0.89819068, 0.33985081, 0.63147855, 0.05976943, 0.18503839, 0.23204225, 0.41621348, 0.20484062)
(0.57044834, 0.59653646, 0.64617032, 0.36462474, 0.78335315, 0.61587328, 0.51276213, 0.01843551, 0.13774490, 0.61480647)
(0.57112098, 0.55490077, 0.19151220, 0.51228541, 0.83652407, 0.48449329, 0.84145039, 0.31141421, 0.18723203, 0.26526600)
(0.35823083, 0.81924170, 0.31263053, 0.29341188, 0.60792589, 0.36762038, 0.81003082, 0.56494403, 0.74436820, 0.25895071)
(0.55731058, 0.57740307, 0.52111745, 0.47051206, 0.44579393, 0.81772506, 0.56478626, 0.57437444, 0.21701857, 0.01702931)
(0.02491557, 0.30057487, 0.82026160, 0.50070179, 0.63036638, 0.30833524, 0.23275909, 0.28589395, 0.42884597, 0.20033199)
(0.25629666, 0.59662664, 0.71633977, 0.11963459, 0.71680200, 0.53491688, 0.51201582, 0.59306461, 0.27157804, 0.27452973)
(0.52918363, 0.78400743, 0.36482802, 0.72302878, 0.64901453, 0.26296169, 0.64296740, 0.36147609, 0.89304280, 0.08782931)
(0.78422391, 0.34911990, 0.17803976, 0.49035460, 0.44581866, 0.85291600, 0.35560027, 0.86653084, 0.18618025, 0.10468335)
(0.36641446, 0.19949497, 0.12147749, 0.64516491, 0.17547946, 0.49386436, 0.89593577, 0.15475832, 0.81505799, 0.69896609)
(0.36891240, 0.06551687, 0.27858165, 0.86949980, 0.40854260, 0.67587894, 0.14850503, 0.49080652, 0.35704494, 0.79180467)
(0.71768749, 0.74379015, 0.34814373, 0.76028329, 0.61649823, 0.28458953, 0.83013988, 0.55043399, 0.75359511, 0.15855703)
(0.66612780, 0.55931759, 0.74182624, 0.35444802, 0.90799910, 0.14350663, 0.42801186, 0.06446947, 0.43438786, 0.74103868)
(0.37704471, 0.90779757, 0.72807360, 0.42072180, 0.39887872, 0.34819788, 0.63151532, 0.43792155, 0.27972138, 0.04248714)
(0.83194673, 0.07054850, 0.94316792, 0.35465640, 0.20314895, 0.82382405, 0.66167456, 0.76286918, 0.29474923, 0.69411874)
(0.10049745, 0.44576865, 0.12734523, 0.50220633, 0.34895879, 0.84080106, 0.55842996, 0.29133803, 0.13512157, 0.17091395)
(0.20625393, 0.73474032, 0.29577848, 0.62020290, 0.82008445, 0.03173622, 0.28814429, 0.49843481, 0.59416014, 0.38539118)
(0.16308215, 0.08121707, 0.14228104, 0.16425584, 0.30262884, 0.94475991, 0.26457351, 0.73233312, 0.50992250, 0.53367633)
(0.63996404, 0.26848233, 0.28454304, 0.58301187, 0.90760988, 0.39005533, 0.78955561, 0.31017172, 0.34562787, 0.38445565)
(0.10482559, 0.35046241, 0.72482860, 0.63984662, 0.95428824, 0.35922933, 0.44014975, 0.70385647, 0.86608732, 0.22037973)
(0.18167642, 0.45548356, 0.76938391, 0.08034526, 0.90489548, 0.18576828, 0.53937972, 0.57998121, 0.58213776, 0.12683535)
(0.10434601, 0.27786833, 0.26815900, 0.71603096, 0.46406099, 0.89191407, 0.43849891, 0.37196532, 0.32683888, 0.91329187)
(0.06548451, 0.24107845, 0.27518868, 0.83806187, 0.14503630, 0.19240279, 0.87894249, 0.11050621, 0.78387928, 0.83270741)
(0.80465305, 0.70244926, 0.36618093, 0.91855562, 0.59806085, 0.48312357, 0.84907919, 0.44478992, 0.85830337, 0.83550799)
(0.13939779, 0.82368004, 0.59837639, 0.30366254, 0.48761526, 0.44637930, 0.91605014, 0.40288681, 0.15702634, 0.62616128)
(0.61384529, 0.83181483, 0.50220644, 0.70831931, 0.92866904, 0.44151181, 0.04894980, 0.48994827, 0.27515528, 0.62425095)
(0.50903600, 0.87427598, 0.59543151, 0.11778659, 0.23990302, 0.51723015, 0.91748422, 0.55179936, 0.73676521, 0.16037194)
(0.24702513, 0.40669894, 0.63082922, 0.71558374, 0.77229369, 0.41256952, 0.47565037, 0.07518945, 0.10989512, 0.78059679)
(0.69561112, 0.10027712, 0.76388657, 0.58939123, 0.34430692, 0.48350033, 0.15717839, 0.48313442, 0.43888867, 0.89414966)
(0.85462880, 0.53483617, 0.74479908, 0.04801635, 0.44410944, 0.56056690, 0.76915419, 0.83830667, 0.19854064, 0.50405830)
(0.17507406, 0.37388936, 0.76673925, 0.48182130, 0.08733784, 0.75387162, 0.96811712, 0.14607276, 0.56941819, 0.86257702)
(0.11138120, 0.82865393, 0.29036880, 0.29896501, 0.75079000, 0.48232657, 0.77897173, 0.55781507, 0.14839558, 0.11249582)
(0.45697829, 0.30689949, 0.49972227, 0.55054522, 0.50432080, 0.10093980, 0.88500988, 0.07718187, 0.62706161, 0.90841073)
(0.85360748, 0.55123001, 0.42560753, 0.17976391, 0.30222538, 0.76256967, 0.39063936, 0.89797598, 0.25607198, 0.53699446)
(0.83857125, 0.41287437, 0.81489176, 0.45545012, 0.71228820, 0.46316728, 0.58933109, 0.13393791, 0.48551896, 0.10429627)
(0.06281761, 0.45258966, 0.19396491, 0.73233724, 0.30244848, 0.80537522, 0.16123743, 0.26285040, 0.34028754, 0.87453866)
(0.68043965, 0.04202422, 0.24017116, 0.22079751, 0.34812856, 0.33981216, 0.89416212, 0.26085091, 0.19160540, 0.67767018)
(0.81896985, 0.63191223, 0.71757030, 0.47740299, 0.74250662, 0.75563854, 0.73854798, 0.42254105, 0.08264180, 0.61908627)
(0.70163548, 0.39137012, 0.52877700, 0.79737037, 0.88819081, 0.26767394, 0.14155386, 0.23852810, 0.12340613, 0.82394129)
(0.44970340, 0.84778070, 0.65907383, 0.62124270, 0.88886857, 0.46859711, 0.54872233, 0.28759497, 0.33714053, 0.10509785)
(0.37994885, 0.53554243, 0.66146260, 0.68600255, 0.98020875, 0.22948529, 0.33125186, 0.23990795, 0.67273229, 0.37534729)
(0.23537160, 0.15728395, 0.17805593, 0.75422341, 0.27716416, 0.82776284, 0.25892553, 0.43439448, 0.31904063, 0.31431022)
(0.50143534, 0.55716509, 0.79358983, 0.04848373, 0.72929209, 0.11903556, 0.33100379, 0.20963579, 0.40142033, 0.06811587)
(0.72169816, 0.82335383, 0.75296593, 0.21733618, 0.55036896, 0.63408983, 0.07233358, 0.65260386, 0.24156360, 0.44693077)
(0.31396094, 0.35964262, 0.12035467, 0.44530630, 0.64659882, 0.57738847, 0.93387032, 0.17853358, 0.80685401, 0.74788558)
(0.78338200, 0.66406876, 0.68821311, 0.03295307, 0.70339155, 0.08280435, 0.41169810, 0.28590444, 0.58405203, 0.61577809)
(0.44923738, 0.29242629, 0.60045129, 0.06635831, 0.81753385, 0.20701331, 0.19678003, 0.24454533, 0.81508100, 0.12926002)
(0.90962410, 0.33969375, 0.50446254, 0.14058603, 0.50514835, 0.65192324, 0.86269218, 0.69813949, 0.16245905, 0.55275398)
(0.84236574, 0.19281608, 0.63380587, 0.07181540, 0.51311016, 0.70313507, 0.30217969, 0.75179958, 0.32029769, 0.55231667)
(0.75049257, 0.92060125, 0.74877977, 0.94383401, 0.32321686, 0.14355321, 0.35226986, 0.41394892, 0.28008327, 0.50811195)
(0.64816749, 0.28432336, 0.62905383, 0.71403140, 0.44263184, 0.13614669, 0.40471923, 0.20181538, 0.14675163, 0.92685461)
(0.38051948, 0.30519867, 0.06649078, 0.19957507, 0.27487502, 0.79809767, 0.44746545, 0.90486687, 0.38479981, 0.45572147)
(0.21122546, 0.36650753, 0.81779003, 0.11328147, 0.80816662, 0.29517362, 0.48682997, 0.44489455, 0.70002371, 0.07007497)
(0.83327734, 0.87641948, 0.24932535, 0.91430771, 0.92304987, 0.13226292, 0.70284754, 0.49940181, 0.81425893, 0.39259022)
(0.84427685, 0.42559722, 0.56387907, 0.75826728, 0.81843513, 0.30860192, 0.66777313, 0.36427850, 0.08145353, 0.63054311)
(0.63899750, 0.05336806, 0.71556777, 0.55505878, 0.50025344, 0.56888485, 0.41616306, 0.21331224, 0.08815328, 0.78885806)
(0.06926890, 0.50200218, 0.19022825, 0.42035756, 0.76859403, 0.77099222, 0.62894744, 0.58798510, 0.13235572, 0.46984264)
(0.22546174, 0.75363737, 0.18669397, 0.65060204, 0.86102700, 0.41018113, 0.18314324, 0.18309815, 0.12224954, 0.75274503)
(0.39292082, 0.49725074, 0.09935451, 0.72427762, 0.76626307, 0.14337490, 0.85507941, 0.17128716, 0.94620991, 0.88178533)
(0.37494591, 0.17708069, 0.57221299, 0.10782106, 0.64051455, 0.60812575, 0.08887809, 0.54689854, 0.42834342, 0.27996621)
(0.58515495, 0.58524036, 0.32226387, 0.22167169, 0.13677627, 0.45588383, 0.86726004, 0.88521791, 0.30009407, 0.08635359)
(0.39463958, 0.22877948, 0.56217152, 0.60987967, 0.75002897, 0.38831919, 0.84169352, 0.22623853, 0.80600965, 0.89372468)
(0.11335661, 0.56568414, 0.69436383, 0.65151769, 0.07261211, 0.11169510, 0.57513481, 0.07313724, 0.71474421, 0.82951039)
(0.10498979, 0.05364285, 0.62248027, 0.84096926, 0.46517250, 0.69930279, 0.25038967, 0.37239048, 0.32675245, 0.76326972)
(0.35713583, 0.58873069, 0.60970950, 0.26808691, 0.14120486, 0.37447008, 0.53723902, 0.58580327, 0.05153866, 0.22713746)
(0.78693020, 0.05967728, 0.42763710, 0.41284299, 0.39974305, 0.41750911, 0.52896512, 0.35223141, 0.10622875, 0.67226374)
(0.54218149, 0.90162724, 0.60606819, 0.39548886, 0.30512413, 0.70842785, 0.79651475, 0.69268548, 0.04292843, 0.62314117)
(0.08151112, 0.92214048, 0.66206461, 0.78865045, 0.71991402, 0.68331003, 0.48716646, 0.19287129, 0.57943177, 0.27994415)
(0.31238315, 0.48089752, 0.63549119, 0.10730536, 0.58451623, 0.73798740, 0.51896572, 0.70762724, 0.09639471, 0.13664679)
(0.91959590, 0.04554502, 0.36983770, 0.55081278, 0.18743280, 0.84652483, 0.15761009, 0.71247196, 0.61925584, 0.04737771)
(0.06875300, 0.55072421, 0.59088838, 0.67765200, 0.95202541, 0.26949161, 0.34168896, 0.54001963, 0.64430618, 0.13565560)
(0.77400422, 0.78707188, 0.58593410, 0.24778029, 0.73619264, 0.03940853, 0.22310728, 0.42841303, 0.84166563, 0.75337029)
(0.27231190, 0.95334584, 0.44342753, 0.81477273, 0.48759750, 0.47417870, 0.78206974, 0.13320455, 0.47689560, 0.39926180)
(0.65075749, 0.46900597, 0.95303136, 0.37842360, 0.62665969, 0.71923107, 0.02207723, 0.22362919, 0.20653452, 0.48703223)
(0.76526773, 0.35527030, 0.31073695, 0.35336012, 0.43749651, 0.87294877, 0.47989205, 0.44881907, 0.08735512, 0.27948612)
(0.43559933, 0.30920884, 0.25489140, 0.64768374, 0.20053245, 0.66998482, 0.95017481, 0.12494736, 0.85533130, 0.61266208)
(0.64188737, 0.61494231, 0.31848639, 0.71019834, 0.91669381, 0.08895576, 0.73437905, 0.39011651, 0.58610100, 0.66870648)
(0.21344872, 0.59245110, 0.54158992, 0.91409153, 0.35926080, 0.78034425, 0.46473891, 0.34953862, 0.08837050, 0.18352658)
(0.09442157, 0.21439940, 0.53190881, 0.02565630, 0.90263027, 0.25908613, 0.38455299, 0.41547313, 0.61818969, 0.18382302)
(0.65613657, 0.36483559, 0.96612442, 0.67136419, 0.74238294, 0.36331019, 0.01487303, 0.19344874, 0.41241863, 0.85658193)
(0.49765393, 0.17864306, 0.38905498, 0.79342747, 0.29321042, 0.43653971, 0.93217641, 0.27546641, 0.52234077, 0.91209650)
(0.07400385, 0.73538607, 0.49672362, 0.64955753, 0.56707364, 0.76752770, 0.29596525, 0.15267819, 0.13714923, 0.82946146)
(0.87510902, 0.61222804, 0.14084871, 0.59491414, 0.58253831, 0.36598974, 0.94072819, 0.56830096, 0.24560203, 0.49315906)
(0.37366843, 0.46943152, 0.80614084, 0.28038108, 0.92486715, 0.74388987, 0.29795435, 0.05944304, 0.34634912, 0.27109194)
(0.60010219, 0.27475858, 0.16030471, 0.33519155, 0.56153798, 0.89134723, 0.47237983, 0.67375934, 0.15181543, 0.14129995)
(0.89809299, 0.32410371, 0.48873931, 0.01325076, 0.38751176, 0.81571567, 0.13360476, 0.76246631, 0.36797732, 0.15379524)
(0.04269278, 0.22246729, 0.09825278, 0.35231012, 0.27228656, 0.98501587, 0.65321225, 0.90477735, 0.33110896, 0.41920021)
(0.75433606, 0.47791800, 0.77572674, 0.30412018, 0.48239917, 0.29070288, 0.43580642, 0.38896564, 0.54340535, 0.31434062)
(0.29442611, 0.71791250, 0.49591357, 0.88632119, 0.87200934, 0.24496342, 0.54825634, 0.10908381, 0.20790200, 0.40370184)
(0.29669869, 0.65849453, 0.43691412, 0.85963368, 0.61897320, 0.69927812, 0.05362207, 0.45681673, 0.43183300, 0.88716704)
(0.80391562, 0.78586692, 0.59655404, 0.77925068, 0.80750108, 0.39219958, 0.51116538, 0.30442742, 0.33155689, 0.27501762)
(0.16468956, 0.84588999, 0.65689027, 0.25413448, 0.39895773, 0.53678006, 0.72775924, 0.62832558, 0.39257807, 0.11909898)
(0.14160049, 0.73334545, 0.16267546, 0.10794146, 0.41132632, 0.42655659, 0.91744560, 0.74379885, 0.39315870, 0.46685529)
(0.44185972, 0.89605719, 0.25224888, 0.65828395, 0.53796571, 0.17907627, 0.04993096, 0.46155688, 0.79965246, 0.45953935)
(0.52853805, 0.16354254, 0.71133524, 0.19190538, 0.33687225, 0.46577284, 0.61393428, 0.62197709, 0.23421106, 0.38868722)
(0.71927673, 0.06414855, 0.62003809, 0.58268958, 0.15970148, 0.24929416, 0.67541426, 0.24264818, 0.02879633, 0.92633623)
(0.51833212, 0.26136944, 0.62295520, 0.16050106, 0.36486238, 0.73778307, 0.91390830, 0.24227984, 0.17160530, 0.94228768)
(0.42628124, 0.79987979, 0.69069576, 0.45517454, 0.51217675, 0.36256528, 0.54133874, 0.35390693, 0.31435841, 0.04444718)
(0.50533837, 0.14859866, 0.43894595, 0.30488491, 0.74768901, 0.34666100, 0.88807535, 0.09954625, 0.23918939, 0.78917140)
(0.29848048, 0.34789601, 0.69685185, 0.56024677, 0.77777940, 0.68545055, 0.35488969, 0.08614568, 0.09017598, 0.53977555)
(0.28234756, 0.83210099, 0.26488835, 0.65260023, 0.26772624, 0.83917332, 0.75002891, 0.56248915, 0.90183794, 0.41901171)
(0.29172924, 0.38340381, 0.74312979, 0.55888271, 0.55454081, 0.27616084, 0.05953013, 0.29475856, 0.26706010, 0.38434333)
(0.19084549, 0.27409127, 0.34046388, 0.77774400, 0.40644333, 0.17671522, 0.86283851, 0.37454590, 0.71610850, 0.94641972)
(0.58119625, 0.23220211, 0.52802926, 0.36070946, 0.20729652, 0.27443334, 0.96994925, 0.13741985, 0.49178034, 0.74589711)
(0.60738206, 0.49715409, 0.11571460, 0.86254632, 0.37179419, 0.34593472, 0.94670308, 0.23658523, 0.63756126, 0.80940247)
(0.10654929, 0.45484006, 0.85945058, 0.36080718, 0.63086003, 0.23893826, 0.34929428, 0.60451657, 0.68172109, 0.05067102)
(0.77161688, 0.05461125, 0.39304128, 0.57564080, 0.35134611, 0.66983718, 0.34998339, 0.51946121, 0.17242245, 0.04232284)
(0.39836249, 0.76879221, 0.59529567, 0.78697735, 0.61438686, 0.11753352, 0.16362549, 0.63558590, 0.73028201, 0.05521748)
(0.96412557, 0.54012573, 0.09185693, 0.74894941, 0.51066530, 0.56363326, 0.90929222, 0.50503242, 0.49876702, 0.58444601)
(0.77054238, 0.54616952, 0.02505425, 0.65646636, 0.37177831, 0.45320466, 0.52330124, 0.79085481, 0.07358328, 0.18516918)
(0.48649603, 0.93171906, 0.23557675, 0.38292205, 0.22173342, 0.66113645, 0.89823502, 0.37376070, 0.34403563, 0.04766266)
(0.63891709, 0.57265359, 0.56458628, 0.51568127, 0.92385030, 0.04882361, 0.31725141, 0.35912377, 0.71234244, 0.75376439)
(0.53963125, 0.92229444, 0.72434038, 0.36373961, 0.45294470, 0.54306585, 0.51376384, 0.29804358, 0.34033272, 0.11284947)
(0.64894086, 0.52628773, 0.30660546, 0.58155149, 0.83429456, 0.62770307, 0.52736759, 0.13133675, 0.08281985, 0.49603525)
(0.60575372, 0.43010294, 0.80372363, 0.16318953, 0.76351708, 0.49356958, 0.49968013, 0.15499419, 0.57641596, 0.87305295)
(0.34965146, 0.12799388, 0.50393784, 0.73711187, 0.38486621, 0.89468169, 0.20436038, 0.47470328, 0.27866185, 0.57228249)
(0.63431102, 0.34597585, 0.58494049, 0.74968445, 0.80235302, 0.14550883, 0.66219097, 0.28250071, 0.79218644, 0.91857821)
(0.29831886, 0.21875553, 0.50758845, 0.06263670, 0.33436120, 0.95617831, 0.39415050, 0.38742575, 0.11759246, 0.51535207)
(0.58589131, 0.67557478, 0.70880610, 0.59845519, 0.86316049, 0.53126079, 0.38850412, 0.00928187, 0.31857711, 0.38682863)
(0.36446291, 0.45891589, 0.42840084, 0.17703333, 0.09417482, 0.75204504, 0.19245626, 0.96603876, 0.37696525, 0.44241291)
(0.19375631, 0.17230123, 0.09716412, 0.68208021, 0.50327557, 0.87023520, 0.27589971, 0.49597561, 0.18776934, 0.23103108)
(0.34640124, 0.24668461, 0.87305224, 0.63451910, 0.65577006, 0.57857722, 0.04546827, 0.54953319, 0.15669554, 0.39730623)
(0.08923360, 0.79748052, 0.19090910, 0.53322756, 0.39693528, 0.22697698, 0.47023168, 0.15790740, 0.86419344, 0.93439150)
(0.89452696, 0.44353005, 0.41779444, 0.19648239, 0.60657287, 0.70241714, 0.63090378, 0.16133350, 0.06803659, 0.79248452)
(0.71966958, 0.35972694, 0.30104282, 0.36439210, 0.13192394, 0.63285184, 0.72921211, 0.90772355, 0.10721223, 0.32594404)
(0.79638672, 0.40520674, 0.06489534, 0.51403940, 0.36258566, 0.45262432, 0.58666235, 0.83162040, 0.12626316, 0.09083249)
(0.78506458, 0.59534442, 0.36677593, 0.89517999, 0.27717179, 0.21416311, 0.73977065, 0.34582773, 0.46324116, 0.72695196)
(0.59255272, 0.42285571, 0.02914955, 0.74658930, 0.68699348, 0.83799094, 0.18096998, 0.52194589, 0.14497481, 0.54702741)
(0.26165596, 0.53204918, 0.41890037, 0.59889978, 0.89962143, 0.35392025, 0.13464306, 0.29079595, 0.26064265, 0.88487136)
(0.17900655, 0.26723927, 0.56137609, 0.68925339, 0.35642198, 0.57342553, 0.08109987, 0.86802047, 0.45472604, 0.28373009)
(0.37322125, 0.49257317, 0.22733478, 0.80268896, 0.75437319, 0.78967881, 0.07152557, 0.56681126, 0.45732659, 0.90345073)
(0.24909657, 0.35685611, 0.66070658, 0.03176126, 0.94711405, 0.18190956, 0.36932787, 0.36515802, 0.48849648, 0.08940522)
(0.14747593, 0.80788714, 0.77853680, 0.32537833, 0.47848076, 0.61153287, 0.61687320, 0.55979747, 0.38210353, 0.05194685)
(0.93160588, 0.11068292, 0.71100491, 0.86873317, 0.23583458, 0.45517394, 0.65105188, 0.79618073, 0.05942028, 0.98304510)
(0.88740015, 0.44562191, 0.80051929, 0.03775457, 0.55150223, 0.92508775, 0.11068767, 0.87307996, 0.59763348, 0.81915283)
(0.20020345, 0.72156930, 0.25416186, 0.71923256, 0.86072487, 0.06000356, 0.50524586, 0.39574498, 0.27353749, 0.42305079)
(0.29337880, 0.54578096, 0.73445261, 0.61017245, 0.57043445, 0.43717051, 0.67980957, 0.48869318, 0.92026246, 0.04763959)
(0.70709467, 0.27929541, 0.71980262, 0.56053048, 0.34036812, 0.38983759, 0.21217430, 0.77746254, 0.09445281, 0.77374774)
(0.55857909, 0.01822445, 0.60420710, 0.52476197, 0.22498707, 0.30447420, 0.74605155, 0.67298543, 0.21401170, 0.74191618)
(0.23950695, 0.28415316, 0.43084964, 0.72810090, 0.70976436, 0.35204202, 0.16921027, 0.33210358, 0.35712805, 0.84639883)
(0.93586987, 0.14526260, 0.82012391, 0.14567342, 0.28690353, 0.85248739, 0.12792437, 0.30521569, 0.75380695, 0.82880378)
(0.13531694, 0.23545656, 0.19432321, 0.67202657, 0.24552931, 0.94281852, 0.58636940, 0.57766032, 0.32711738, 0.42980811)
(0.81411415, 0.74605936, 0.41937983, 0.78379726, 0.90979141, 0.10762739, 0.42538217, 0.55279392, 0.38591713, 0.63819653)
(0.71869802, 0.13143209, 0.44574642, 0.39216337, 0.17966938, 0.29553777, 0.78810197, 0.15852737, 0.06390066, 0.89960927)
(0.21013986, 0.43342796, 0.19455741, 0.62873089, 0.27549425, 0.47687328, 0.37440878, 0.17787290, 0.07622812, 0.48878670)
(0.90332615, 0.26463914, 0.37193006, 0.29773834, 0.13873333, 0.73730916, 0.18521401, 0.13769490, 0.10325039, 0.15302248)
(0.56562012, 0.56043094, 0.17188731, 0.41704854, 0.60147786, 0.75211126, 0.85015190, 0.36766082, 0.06718948, 0.34089723)
(0.45338142, 0.49662781, 0.16370976, 0.60755676, 0.19510779, 0.85743159, 0.07230703, 0.14006609, 0.20852637, 0.79683840)
(0.71996528, 0.65598577, 0.39894053, 0.21380822, 0.16439180, 0.85294402, 0.38895521, 0.80127698, 0.14611670, 0.44040704)
(0.45391494, 0.75100440, 0.17007473, 0.67972577, 0.04032618, 0.60581046, 0.88579077, 0.20055513, 0.60002422, 0.66995192)
(0.42765829, 0.67950910, 0.34514537, 0.15908852, 0.42449453, 0.42578733, 0.90293145, 0.64451444, 0.11970935, 0.34371990)
(0.03017497, 0.49993598, 0.74359721, 0.26750687, 0.64649308, 0.51473147, 0.14193478, 0.43388161, 0.20296606, 0.43143016)
(0.07028202, 0.56839293, 0.35842767, 0.87409794, 0.45423004, 0.57433647, 0.13996257, 0.05254084, 0.22330377, 0.64096385)
(0.49268231, 0.55553085, 0.66136819, 0.16335413, 0.33562782, 0.27899522, 0.65713048, 0.48738572, 0.27993944, 0.49181175)
(0.81435895, 0.61363298, 0.61065197, 0.38183010, 0.17566775, 0.65315008, 0.88295895, 0.28809962, 0.88469797, 0.34409559)
(0.61149776, 0.50357264, 0.18783750, 0.78725618, 0.31485671, 0.46076503, 0.13044207, 0.74723738, 0.06908119, 0.37827402)
(0.64593744, 0.12845823, 0.95289052, 0.73341262, 0.09466266, 0.51840448, 0.92609596, 0.55157310, 0.44749314, 0.91364002)
(0.66630065, 0.27309948, 0.61493623, 0.34970379, 0.39401001, 0.44059420, 0.96046841, 0.13608061, 0.61865252, 0.85054523)
(0.63153064, 0.81580776, 0.80289620, 0.63712704, 0.84569359, 0.40841854, 0.57201475, 0.14771545, 0.56953049, 0.46402702)
(0.20154841, 0.37837648, 0.37616590, 0.63390630, 0.36592951, 0.50572038, 0.97184616, 0.36114675, 0.72863299, 0.81848902)
(0.14013447, 0.10669598, 0.35531753, 0.46483734, 0.17584074, 0.83331287, 0.18552427, 0.63696116, 0.51842248, 0.33927312)
(0.81795180, 0.23576237, 0.47733331, 0.18339209, 0.30560526, 0.73361689, 0.95929021, 0.39451125, 0.43300548, 0.87907809)
(0.75501788, 0.60491508, 0.84449220, 0.68183792, 0.57283938, 0.22141078, 0.52145684, 0.20412281, 0.77456164, 0.39374033)
(0.71662664, 0.37534165, 0.70595860, 0.24122447, 0.80291998, 0.18944994, 0.08862448, 0.29257211, 0.34597772, 0.40511888)
(0.09595720, 0.41260886, 0.36138889, 0.89137554, 0.93440700, 0.71160036, 0.28903276, 0.25566518, 0.16648267, 0.30836725)
(0.56648964, 0.46163520, 0.94982505, 0.45992476, 0.24834320, 0.04124792, 0.61088049, 0.32156485, 0.20615675, 0.92495239)
(0.31349483, 0.58570445, 0.85001868, 0.61886406, 0.42956632, 0.57059199, 0.87580276, 0.35739034, 0.51987898, 0.92808574)
(0.05332899, 0.15440758, 0.93059659, 0.81258106, 0.67943358, 0.31147122, 0.11328902, 0.29088813, 0.56183904, 0.76827097)
(0.34196278, 0.30941206, 0.56031752, 0.07058173, 0.85255522, 0.45153990, 0.15638128, 0.61599112, 0.39034370, 0.31369275)
(0.55695891, 0.57263041, 0.61494964, 0.07693166, 0.63455927, 0.42291129, 0.33739227, 0.59508288, 0.42047116, 0.37568378)
(0.61661744, 0.34074026, 0.50814921, 0.65189630, 0.70006132, 0.58125782, 0.87338704, 0.17279361, 0.66716516, 0.85478413)
(0.45562774, 0.17513527, 0.85999727, 0.36213535, 0.46725759, 0.27768499, 0.70201248, 0.32617629, 0.43068421, 0.46531111)
(0.61955082, 0.60274327, 0.27938613, 0.60965335, 0.88268405, 0.26746526, 0.91396195, 0.38937271, 0.73133677, 0.66779256)
(0.76260763, 0.07159782, 0.33471423, 0.79539031, 0.10055922, 0.44723809, 0.95839310, 0.77538985, 0.66929150, 0.88483906)
(0.89361024, 0.19259766, 0.73957431, 0.50125122, 0.49923584, 0.41253033, 0.67273486, 0.06465231, 0.39396602, 0.57585222)
(0.88239211, 0.70699519, 0.19001669, 0.26968285, 0.34707561, 0.70899719, 0.70212328, 0.67155081, 0.08423320, 0.27843979)
(0.52261209, 0.76657337, 0.37878489, 0.06398124, 0.11619715, 0.31452364, 0.60226262, 0.61140281, 0.13572095, 0.20926657)
(0.08911598, 0.43461454, 0.70191801, 0.18229796, 0.65167648, 0.41165054, 0.54577285, 0.61224055, 0.27531788, 0.33686906)
(0.79562873, 0.69295341, 0.95734519, 0.71843565, 0.04737250, 0.57774311, 0.33129472, 0.29314736, 0.19541615, 0.74438339)
(0.54728043, 0.15603819, 0.46923384, 0.07142347, 0.32941151, 0.79718703, 0.12859328, 0.92218179, 0.43112272, 0.16511713)
(0.04370672, 0.42239937, 0.28847343, 0.86611539, 0.77516490, 0.58384275, 0.23021087, 0.10781284, 0.24371815, 0.71440488)
(0.56243473, 0.40804878, 0.80197155, 0.58048081, 0.56262165, 0.33818889, 0.04829298, 0.57285005, 0.15471773, 0.16944659)
(0.04352405, 0.60979062, 0.86687523, 0.38522279, 0.58470899, 0.63934207, 0.79997712, 0.80414736, 0.39760730, 0.22389936)
(0.42279935, 0.65251112, 0.52645999, 0.59023762, 0.66299111, 0.57802773, 0.74017972, 0.04802601, 0.13404773, 0.67853844)
(0.63951045, 0.34687802, 0.64858502, 0.71619606, 0.69487697, 0.03218409, 0.31269515, 0.07071729, 0.59706479, 0.36587361)
(0.03468074, 0.47287709, 0.53373265, 0.77138990, 0.93633163, 0.50054485, 0.71553272, 0.29724056, 0.22919418, 0.48011217)
(0.82409954, 0.33885330, 0.42287633, 0.20560822, 0.31096992, 0.70136458, 0.36119792, 0.32041475, 0.07387147, 0.03744271)
(0.23294424, 0.46400991, 0.15852368, 0.62074262, 0.22085974, 0.30730429, 0.35310251, 0.81558102, 0.08855212, 0.40448761)
(0.63592541, 0.38839194, 0.55072767, 0.66799712, 0.67401195, 0.81189173, 0.92024231, 0.63736129, 0.45426419, 0.02091626)
(0.04070789, 0.50931078, 0.64867461, 0.13771324, 0.74980885, 0.33379132, 0.38642463, 0.53763890, 0.28674302, 0.35701120)
(0.37498361, 0.42201677, 0.88187730, 0.44739595, 0.77651477, 0.12736277, 0.74333978, 0.43276203, 0.64830804, 0.85299706)
(0.57056892, 0.37098345, 0.90774876, 0.51683336, 0.17645289, 0.51436293, 0.74618942, 0.41069952, 0.59338695, 0.85319525)
(0.80429602, 0.45441899, 0.84774584, 0.70006174, 0.68168062, 0.39644253, 0.03016948, 0.54790223, 0.46650651, 0.79913759)
(0.34959403, 0.10194001, 0.83655339, 0.13541542, 0.73097479, 0.30029514, 0.03926855, 0.13557377, 0.91766703, 0.16325997)
(0.11816436, 0.46605325, 0.51046270, 0.27306932, 0.53158337, 0.48137233, 0.22505663, 0.36128026, 0.86340338, 0.42062396)
(0.68103564, 0.41396645, 0.45497298, 0.55972248, 0.84138983, 0.43930748, 0.93752509, 0.18824837, 0.66332752, 0.81195098)
(0.91393340, 0.65609390, 0.67460674, 0.28251079, 0.40029770, 0.55216867, 0.88811201, 0.05312825, 0.41014990, 0.70807159)
(0.83906436, 0.26893890, 0.60230762, 0.51284695, 0.24156214, 0.85089558, 0.53243220, 0.71730155, 0.06202250, 0.62236112)
(0.09122888, 0.47614017, 0.24488334, 0.44477427, 0.42041239, 0.40159807, 0.50999737, 0.11730707, 0.75197822, 0.93516546)
(0.67190844, 0.47522581, 0.88049078, 0.29921293, 0.69734454, 0.09468021, 0.22888835, 0.41879776, 0.66824675, 0.09081617)
(0.63498533, 0.64016986, 0.63940370, 0.38304985, 0.55300349, 0.65504384, 0.78503644, 0.25998095, 0.60426855, 0.77996451)
(0.58623606, 0.39554447, 0.25917566, 0.73374188, 0.91250330, 0.19569199, 0.28820935, 0.26130036, 0.09191423, 0.90201426)
(0.82204545, 0.44284147, 0.86834693, 0.17195736, 0.82937449, 0.18777087, 0.29396692, 0.11881077, 0.63044828, 0.13117923)
(0.23945449, 0.87394416, 0.78145385, 0.77976775, 0.88223380, 0.49760008, 0.07380731, 0.50059718, 0.97493684, 0.23793225)
(0.22097494, 0.47292358, 0.78363562, 0.34295899, 0.54016560, 0.55808961, 0.48499852, 0.64642388, 0.09393858, 0.12688710)
(0.40713018, 0.41376007, 0.59300226, 0.46546003, 0.87850696, 0.35940740, 0.61199665, 0.14719224, 0.90752691, 0.73512977)
(0.73955572, 0.32292673, 0.06998559, 0.39277905, 0.24073319, 0.78055787, 0.15132672, 0.92795670, 0.50069040, 0.33643606)
(0.46553472, 0.67543757, 0.22441386, 0.49140236, 0.44540900, 0.29915062, 0.95090824, 0.15096715, 0.22237650, 0.55564207)
(0.47281319, 0.23609908, 0.37621537, 0.11136292, 0.24517553, 0.74373275, 0.35510281, 0.78188646, 0.12030398, 0.06373004)
(0.07737538, 0.90352374, 0.84081072, 0.28708041, 0.87489212, 0.70849299, 0.55778950, 0.31949794, 0.35727704, 0.12103166)
(0.52817190, 0.72784472, 0.69712567, 0.13505323, 0.76637465, 0.32515824, 0.52042478, 0.21729411, 0.05078723, 0.92626441)
(0.30952376, 0.85413980, 0.28840283, 0.65638393, 0.72396070, 0.67420936, 0.88157290, 0.20486110, 0.13723214, 0.50293452)
(0.59129131, 0.88557565, 0.35311946, 0.93553174, 0.41469845, 0.74704492, 0.03589084, 0.62838620, 0.19347449, 0.58710855)
(0.46194795, 0.25412920, 0.22206701, 0.47374555, 0.77838874, 0.32266888, 0.96607345, 0.21730883, 0.68664980, 0.72062528)
(0.33845356, 0.28376734, 0.55833375, 0.02181988, 0.86164069, 0.26575661, 0.12726115, 0.11423896, 0.76207006, 0.04611073)
(0.80925047, 0.41057593, 0.13163103, 0.56994295, 0.81958485, 0.63452804, 0.30294463, 0.47995019, 0.19862652, 0.66091216)
(0.70731753, 0.34141675, 0.35533586, 0.19518188, 0.13224037, 0.82930040, 0.13205115, 0.43592238, 0.32555604, 0.74940276)
(0.05223239, 0.48818216, 0.68550861, 0.25097266, 0.62186408, 0.58656710, 0.22923835, 0.58149600, 0.20878477, 0.46595654)
(0.34673557, 0.35722113, 0.30696040, 0.76526916, 0.47019795, 0.82521665, 0.12073641, 0.24039640, 0.44664696, 0.69925636)
(0.62672824, 0.39416608, 0.47947091, 0.30600122, 0.19313170, 0.78070259, 0.48364457, 0.93742263, 0.16877858, 0.04554792)
(0.89940846, 0.62115222, 0.63297254, 0.56484759, 0.43632886, 0.40021464, 0.88022631, 0.21388867, 0.42106438, 0.46092477)
(0.76845765, 0.39319667, 0.72022426, 0.61077791, 0.40761158, 0.81944478, 0.50968039, 0.51557636, 0.03336983, 0.70571822)
(0.84669816, 0.32054973, 0.63342822, 0.63090760, 0.39651412, 0.46750414, 0.04381076, 0.17593178, 0.25321826, 0.44266686)
(0.78216505, 0.40267935, 0.37596408, 0.32093284, 0.22612864, 0.82951021, 0.81049210, 0.69650537, 0.11180276, 0.38531151)
(0.86108673, 0.43195546, 0.78756845, 0.83027881, 0.32382792, 0.87080789, 0.86016601, 0.47026637, 0.63829219, 0.57489783)
(0.55990171, 0.51168883, 0.84418714, 0.32114747, 0.68106574, 0.03348888, 0.49242941, 0.13312653, 0.32059130, 0.64182943)
(0.20513378, 0.21186186, 0.67917502, 0.09616743, 0.84852952, 0.34665945, 0.22571549, 0.16012107, 0.60395718, 0.33092123)
(0.82596719, 0.20251276, 0.33129722, 0.79418880, 0.48117337, 0.85036927, 0.10991970, 0.26314336, 0.27205315, 0.51108509)
(0.46165690, 0.31815135, 0.63093299, 0.76453370, 0.54081738, 0.01229159, 0.61746967, 0.37733886, 0.42955980, 0.94911301)
(0.31804243, 0.18014908, 0.14245656, 0.76732284, 0.25548244, 0.30386528, 0.86804843, 0.65521038, 0.56740779, 0.89840895)
(0.79190421, 0.59117979, 0.18175679, 0.82354289, 0.80674058, 0.72080356, 0.55953896, 0.45484886, 0.04166855, 0.73323697)
(0.09202238, 0.50671130, 0.42046824, 0.73726934, 0.62735349, 0.31825617, 0.44384086, 0.05787586, 0.16647300, 0.32858738)
(0.04143663, 0.43625847, 0.80529737, 0.32897669, 0.55193728, 0.39856410, 0.09067986, 0.44940647, 0.34687233, 0.29585820)
(0.41657990, 0.92069584, 0.82201052, 0.20197523, 0.74085480, 0.68697941, 0.43407342, 0.68725485, 0.25210360, 0.39333799)
(0.79363704, 0.15599404, 0.09987237, 0.45957083, 0.35991260, 0.85775518, 0.37579295, 0.73307395, 0.21363102, 0.06900818)
(0.71729296, 0.13292357, 0.62217796, 0.44161949, 0.04982200, 0.96742970, 0.17673795, 0.25513008, 0.38406792, 0.20109899)
(0.17151488, 0.14346568, 0.10466360, 0.53354555, 0.12799793, 0.74506897, 0.23972958, 0.47539312, 0.28031600, 0.37851694)
(0.58190972, 0.41146356, 0.30063209, 0.52781296, 0.60236460, 0.46748823, 0.90395671, 0.45152518, 0.63860047, 0.82003891)
(0.54968691, 0.41429591, 0.88963795, 0.50035954, 0.51141739, 0.35410580, 0.57853746, 0.22245106, 0.45104146, 0.01681538)
(0.23204832, 0.59720623, 0.89055115, 0.58484030, 0.17252363, 0.07641707, 0.54957807, 0.25357077, 0.83456099, 0.95165277)
(0.15050445, 0.35429701, 0.19384786, 0.86102194, 0.14992146, 0.72097105, 0.05092549, 0.85727811, 0.31784603, 0.54645383)
(0.48594397, 0.75561655, 0.55054754, 0.06112039, 0.29378933, 0.60442179, 0.67391342, 0.79800457, 0.04741439, 0.37150130)
(0.75973296, 0.65746975, 0.50308543, 0.57995832, 0.26648292, 0.41402709, 0.69655681, 0.41859546, 0.06203198, 0.08338986)
(0.84192729, 0.55929565, 0.17390828, 0.20627320, 0.50913286, 0.56578052, 0.92533505, 0.71401757, 0.10682858, 0.20745924)
(0.54355770, 0.64168841, 0.32428059, 0.45554337, 0.64792812, 0.74952024, 0.44294241, 0.02445505, 0.08329212, 0.42780769)
(0.45989832, 0.72498482, 0.51467639, 0.74228787, 0.95686102, 0.50205940, 0.60697299, 0.41599169, 0.92772263, 0.41098005)
(0.70199221, 0.56635720, 0.31539738, 0.35753152, 0.23843050, 0.87121022, 0.49160904, 0.50055766, 0.08929510, 0.33559573)
(0.48453829, 0.35310003, 0.56109864, 0.45050648, 0.44639617, 0.04496912, 0.65593660, 0.15141970, 0.38790461, 0.81426746)
(0.39023897, 0.51949370, 0.40277880, 0.08411459, 0.29099599, 0.34583989, 0.60221523, 0.90700364, 0.25371683, 0.20894557)
(0.80562359, 0.59904677, 0.52231520, 0.52330381, 0.48017988, 0.77527535, 0.26598892, 0.62401342, 0.19951437, 0.75393307)
(0.60835683, 0.57178676, 0.97788745, 0.72615212, 0.51418239, 0.47056606, 0.29292700, 0.38225666, 0.49924055, 0.27614138)
(0.91673005, 0.62400174, 0.49424228, 0.13206945, 0.18939899, 0.89477235, 0.46809700, 0.89699686, 0.13933298, 0.63508916)
(0.91564763, 0.37959045, 0.45068523, 0.26280782, 0.60465592, 0.46669248, 0.77533722, 0.12263351, 0.22747672, 0.14757651)
(0.48870161, 0.11821023, 0.06993811, 0.66833884, 0.22973268, 0.76798671, 0.48314950, 0.34806597, 0.07951870, 0.25592333)
(0.37642330, 0.26261699, 0.18421677, 0.92124152, 0.73697335, 0.85830677, 0.10370383, 0.40506148, 0.33534622, 0.82939190)
(0.14632605, 0.63145339, 0.81498587, 0.72064841, 0.57658094, 0.13364282, 0.25070107, 0.57063842, 0.25059530, 0.11393625)
(0.48549950, 0.28616297, 0.59705913, 0.75402325, 0.29790431, 0.19242325, 0.76598287, 0.32557040, 0.72712862, 0.88709575)
(0.25644717, 0.83898991, 0.52092284, 0.75782859, 0.07899830, 0.30284113, 0.45391592, 0.22203527, 0.56764853, 0.49191120)
(0.46691900, 0.68478107, 0.55311430, 0.80642742, 0.73518914, 0.32052809, 0.08398014, 0.58074683, 0.06100268, 0.62596089)
(0.28980052, 0.78885376, 0.31358582, 0.83893555, 0.34800822, 0.04952143, 0.74624735, 0.19739412, 0.42719963, 0.26303220)
(0.74440098, 0.22018509, 0.86967975, 0.69572395, 0.04339851, 0.80028015, 0.83652520, 0.42816782, 0.66584706, 0.73489970)
(0.14852595, 0.16670083, 0.53059137, 0.91007775, 0.63361377, 0.84382463, 0.25550538, 0.27940029, 0.15061969, 0.86754799)
(0.31763092, 0.49472076, 0.30202991, 0.16731150, 0.69011855, 0.66951221, 0.61450744, 0.10121524, 0.05398747, 0.85043609)
(0.09185928, 0.39942881, 0.44368660, 0.06081652, 0.74827188, 0.28194422, 0.32749596, 0.29305795, 0.81290466, 0.18470246)
(0.67279154, 0.59401101, 0.62891626, 0.75469756, 0.75982279, 0.49657577, 0.45205274, 0.50188106, 0.10707377, 0.31310147)
(0.33234054, 0.90229756, 0.36739570, 0.44109717, 0.28217128, 0.42522898, 0.55824637, 0.43990964, 0.10002107, 0.27035397)
(0.34879774, 0.88199669, 0.79101318, 0.54487705, 0.34834352, 0.59482843, 0.24873967, 0.60959488, 0.08550517, 0.24866852)
(0.13262129, 0.30293220, 0.35646492, 0.55756474, 0.63996047, 0.77088416, 0.39362195, 0.56655645, 0.10931288, 0.44370759)
(0.36668551, 0.23203187, 0.78527844, 0.45485526, 0.60031378, 0.28093275, 0.82215655, 0.36160082, 0.58978343, 0.64316064)
(0.17638664, 0.09198948, 0.10204380, 0.20328823, 0.39863223, 0.81275272, 0.45223537, 0.60057396, 0.33625501, 0.45188594)
(0.44737476, 0.56519568, 0.47146881, 0.21139427, 0.48705831, 0.74201781, 0.93837219, 0.13673973, 0.77472669, 0.85334551)
(0.77741426, 0.50859749, 0.62097359, 0.05260998, 0.70811623, 0.06791500, 0.26901382, 0.28436622, 0.76208800, 0.15201946)
(0.27263710, 0.48691678, 0.50162983, 0.75556165, 0.76576769, 0.52654916, 0.07872538, 0.41287670, 0.44988251, 0.91584110)
(0.25628966, 0.77494270, 0.28940800, 0.35017648, 0.88053250, 0.47375524, 0.65013468, 0.48596877, 0.08666216, 0.23501411)
(0.12721621, 0.96058452, 0.87427014, 0.73419511, 0.53469074, 0.93196636, 0.19548912, 0.10224845, 0.42556459, 0.62924969)
(0.07207958, 0.57388556, 0.42416948, 0.64753610, 0.81524003, 0.67329013, 0.24325497, 0.41055655, 0.29816738, 0.76755875)
(0.66121620, 0.58195579, 0.21437569, 0.51565540, 0.65406662, 0.59650958, 0.92196059, 0.62965429, 0.11425356, 0.47663966)
(0.19169900, 0.31172547, 0.37148485, 0.86424500, 0.65404415, 0.18892062, 0.38643536, 0.09744359, 0.19088750, 0.47499111)
(0.85940224, 0.07373430, 0.46891281, 0.50016284, 0.50460058, 0.68200564, 0.16754384, 0.24209896, 0.36263978, 0.44934762)
(0.13343933, 0.39769554, 0.38684464, 0.12060562, 0.38685554, 0.58446354, 0.51598012, 0.97841430, 0.21537568, 0.42685568)
(0.32475647, 0.77512699, 0.52254337, 0.85575825, 0.30704442, 0.21206269, 0.17989889, 0.68620944, 0.02556912, 0.36500138)
(0.09505756, 0.16413218, 0.72367203, 0.86126363, 0.60584903, 0.89942259, 0.47745639, 0.15603273, 0.23813018, 0.53498793)
(0.25818425, 0.21444494, 0.09412835, 0.84169066, 0.65034652, 0.93606442, 0.12847942, 0.59705395, 0.28726038, 0.62089914)
(0.38273156, 0.19393301, 0.57930553, 0.12415864, 0.55834740, 0.67119002, 0.16862248, 0.45410901, 0.48256001, 0.28538793)
(0.75225121, 0.38253376, 0.76617569, 0.57617968, 0.38362816, 0.45034954, 0.88906384, 0.08397224, 0.52839899, 0.87183481)
(0.55168653, 0.21533436, 0.40484175, 0.64010584, 0.75126737, 0.56075144, 0.91099560, 0.27696744, 0.61930758, 0.82070959)
(0.44880036, 0.67330515, 0.36197302, 0.26213768, 0.70572269, 0.68381304, 0.79380113, 0.05954380, 0.23088348, 0.46434039)
(0.22069997, 0.34781477, 0.70526254, 0.77572960, 0.45012298, 0.34927446, 0.13102743, 0.03843573, 0.23196614, 0.58546060)
(0.29820439, 0.66777718, 0.58791363, 0.02581695, 0.28418314, 0.47980669, 0.46224001, 0.81782293, 0.09531457, 0.58286172)
(0.77742785, 0.38080588, 0.11183714, 0.82257158, 0.79429477, 0.31085280, 0.49154651, 0.27456427, 0.05204073, 0.92915159)
(0.57687855, 0.31687215, 0.50523245, 0.66390467, 0.75561404, 0.89898086, 0.50735378, 0.27205899, 0.15538900, 0.35939947)
(0.08301006, 0.57224452, 0.61315781, 0.84241277, 0.85806900, 0.72446889, 0.47866473, 0.35590699, 0.11745501, 0.23438583)
(0.20795751, 0.28909180, 0.61047482, 0.40593570, 0.54439056, 0.06335036, 0.66596347, 0.29242530, 0.86105454, 0.85617006)
(0.29777598, 0.06086667, 0.51494700, 0.81548291, 0.35417986, 0.86732054, 0.30125275, 0.08822104, 0.24644189, 0.47558242)
(0.20043600, 0.78766835, 0.66503417, 0.19605820, 0.65652263, 0.80512774, 0.92966491, 0.39884797, 0.13945684, 0.68459344)
(0.76964569, 0.70285505, 0.42826065, 0.74181193, 0.75493890, 0.59733415, 0.91254091, 0.56528080, 0.54094189, 0.42636588)
(0.39730272, 0.49314550, 0.46221170, 0.72090393, 0.13251810, 0.67405629, 0.05842318, 0.70501333, 0.17269082, 0.62522864)
(0.14114049, 0.50839794, 0.06842866, 0.32231095, 0.26304963, 0.79196721, 0.61791337, 0.72369140, 0.14866038, 0.18289308)
(0.39762270, 0.11097440, 0.82295245, 0.58241796, 0.69489014, 0.21422213, 0.85405171, 0.26762217, 0.24311069, 0.86226392)
(0.30491388, 0.27271417, 0.79788864, 0.04626549, 0.93698817, 0.28343377, 0.39444157, 0.37925029, 0.70218652, 0.06056629)
(0.94457519, 0.32232168, 0.04833959, 0.57394338, 0.56707913, 0.58242977, 0.49898878, 0.86894792, 0.19614570, 0.22565597)
(0.35813984, 0.83808279, 0.03383466, 0.53857923, 0.27029955, 0.52656835, 0.82374603, 0.26160303, 0.85525143, 0.35500398)
(0.51841044, 0.82258236, 0.36688325, 0.82502139, 0.89950567, 0.55133677, 0.35493857, 0.32917163, 0.11336323, 0.62641829)
(0.14333393, 0.46460351, 0.84769678, 0.69091016, 0.77479786, 0.32136682, 0.47216830, 0.65860355, 0.14939645, 0.10253743)
(0.78172529, 0.67731088, 0.75269735, 0.01648667, 0.38306874, 0.57100141, 0.08683474, 0.91747975, 0.24100916, 0.15913516)
(0.24959107, 0.56279922, 0.67936563, 0.07749528, 0.87306386, 0.30578622, 0.51583618, 0.55359411, 0.73433882, 0.17611659)
(0.47090861, 0.28752655, 0.62594205, 0.48297143, 0.51699495, 0.03393830, 0.71775216, 0.06296238, 0.40070912, 0.83492994)
(0.27028230, 0.35514998, 0.83364189, 0.51669556, 0.48178694, 0.39669761, 0.21668288, 0.23654994, 0.95094401, 0.15568537)
(0.21329866, 0.33761263, 0.09871490, 0.83166802, 0.70620364, 0.86708289, 0.40880036, 0.16537085, 0.13716951, 0.59165990)
(0.81709421, 0.43437472, 0.52643341, 0.64519137, 0.19002958, 0.56812048, 0.12043002, 0.47081029, 0.25764254, 0.94436699)
(0.28623119, 0.84429348, 0.61448956, 0.85332406, 0.26492643, 0.06643292, 0.41904336, 0.27661780, 0.10359839, 0.22965117)
(0.39781851, 0.79703200, 0.32976934, 0.79310918, 0.57875341, 0.09767488, 0.26803446, 0.43791020, 0.74483085, 0.09434091)
(0.44795021, 0.16175960, 0.51905924, 0.05366375, 0.36747515, 0.80601513, 0.96081954, 0.30974230, 0.89455670, 0.87760246)
(0.61253381, 0.35263404, 0.21295722, 0.21110004, 0.19057773, 0.44736388, 0.51174802, 0.93259323, 0.16202746, 0.04227537)
(0.41911671, 0.39410162, 0.46269241, 0.10702055, 0.35134766, 0.67722988, 0.18832646, 0.98205698, 0.33971944, 0.13908443)
(0.05885692, 0.64567375, 0.59453863, 0.91585380, 0.92152947, 0.39481840, 0.22165488, 0.29406723, 0.35355788, 0.33378065)
(0.29716906, 0.85168326, 0.73361850, 0.81611025, 0.49957258, 0.05628093, 0.15177922, 0.34234419, 0.14931925, 0.47188357)
(0.43614075, 0.90131468, 0.16612439, 0.61443502, 0.52640212, 0.60246164, 0.75073743, 0.28350508, 0.04866911, 0.46203563)
(0.36166528, 0.29547188, 0.54669249, 0.60028291, 0.81133652, 0.19537266, 0.26990923, 0.25980410, 0.47815284, 0.51164716)
(0.09495339, 0.10219134, 0.17528959, 0.28188995, 0.22687910, 0.91025215, 0.62814289, 0.50796354, 0.23384069, 0.30009708)
(0.78093249, 0.54941410, 0.51878035, 0.89577371, 0.44859436, 0.60803443, 0.04936287, 0.68915159, 0.23091272, 0.83146948)
(0.52949864, 0.43854934, 0.49908435, 0.79099232, 0.72672468, 0.17393519, 0.17392555, 0.42242819, 0.20182382, 0.70686662)
(0.56693268, 0.39090231, 0.43472993, 0.40381277, 0.70622557, 0.19717607, 0.83157337, 0.20243973, 0.71934366, 0.73235142)
(0.78674060, 0.34350112, 0.52760315, 0.06063944, 0.53377539, 0.64488840, 0.46844020, 0.09149035, 0.02876262, 0.83324111)
(0.19389643, 0.67178959, 0.33094701, 0.76122552, 0.94229531, 0.57541490, 0.89986259, 0.46089008, 0.23012294, 0.34775734)
(0.41500437, 0.09123109, 0.48857465, 0.63561350, 0.57262850, 0.69782352, 0.61130691, 0.06844731, 0.11596437, 0.07110081)
(0.48842582, 0.02818232, 0.95410138, 0.26973501, 0.30959612, 0.24372987, 0.14602709, 0.44361627, 0.06608207, 0.86150956)
(0.06514230, 0.60568190, 0.60247648, 0.49907914, 0.65446430, 0.51208407, 0.45182315, 0.58853292, 0.10183296, 0.55005020)
(0.24082662, 0.59711933, 0.21148190, 0.89022923, 0.45527339, 0.47893748, 0.11576778, 0.06027756, 0.07132530, 0.39869809)
(0.49027446, 0.26339322, 0.59281343, 0.23923850, 0.16411915, 0.79576713, 0.93164790, 0.71946645, 0.73359114, 0.38974836)
(0.12270200, 0.31479326, 0.61601460, 0.51332343, 0.51748431, 0.39656037, 0.15065484, 0.59578240, 0.21690442, 0.35169888)
(0.59895128, 0.52579933, 0.91255212, 0.60654771, 0.52575678, 0.09967893, 0.03596462, 0.67310148, 0.41444743, 0.87220365)
(0.77451974, 0.85680109, 0.60149139, 0.93735540, 0.42490032, 0.15942298, 0.61372197, 0.43837148, 0.85778570, 0.37316495)
(0.64655554, 0.57391053, 0.84522533, 0.34858277, 0.51940525, 0.01028026, 0.36352751, 0.52881318, 0.77113050, 0.66378701)
(0.59715247, 0.41505805, 0.09458880, 0.30516505, 0.26031637, 0.81007636, 0.42398569, 0.17891552, 0.15356612, 0.33457652)
(0.07178126, 0.31013876, 0.08622337, 0.45652696, 0.67931473, 0.75938863, 0.62911141, 0.21648800, 0.09578228, 0.26136443)
(0.91341305, 0.46777067, 0.83713114, 0.36703336, 0.66281384, 0.65971631, 0.74575824, 0.04794918, 0.49532890, 0.21419564)
(0.73037386, 0.82613981, 0.25183171, 0.89544427, 0.44848543, 0.24327426, 0.85347885, 0.28273010, 0.90614486, 0.53621042)
(0.12188858, 0.58358830, 0.56731194, 0.92946106, 0.76191169, 0.76857942, 0.48567703, 0.56808716, 0.09410601, 0.13009863)
(0.76109761, 0.66751820, 0.95586419, 0.07243171, 0.67035669, 0.14694098, 0.02968577, 0.06696489, 0.62112737, 0.45026731)
(0.55635709, 0.53414613, 0.65880030, 0.79435140, 0.98962069, 0.18468291, 0.40189782, 0.57436901, 0.79366565, 0.16185074)
(0.24135062, 0.41774413, 0.86950374, 0.37785038, 0.67288643, 0.62399417, 0.72297442, 0.41687620, 0.32070163, 0.05265573)
(0.67894936, 0.85943246, 0.79223925, 0.01854085, 0.48871788, 0.71342516, 0.95452392, 0.58481121, 0.40049952, 0.33606836)
(0.39167622, 0.90510559, 0.26916516, 0.69560063, 0.20390636, 0.42021954, 0.36924890, 0.09952041, 0.92107028, 0.67122096)
(0.44857261, 0.27791545, 0.81365907, 0.84737754, 0.56796569, 0.04825949, 0.73695707, 0.41873020, 0.29759100, 0.93901336)
(0.15854867, 0.30968735, 0.19551785, 0.76042509, 0.57423639, 0.64223516, 0.47940147, 0.23419620, 0.10202808, 0.18945345)
(0.48297226, 0.86261940, 0.81255358, 0.42359468, 0.62600881, 0.33231744, 0.09335487, 0.50094098, 0.05621133, 0.58404803)
(0.90561253, 0.09527264, 0.21924655, 0.55000353, 0.08510289, 0.48856521, 0.06420825, 0.57928693, 0.43240052, 0.16531436)
(0.56026971, 0.69559532, 0.79299831, 0.44113523, 0.20062749, 0.18159427, 0.44940209, 0.64387143, 0.13457182, 0.43741813)
(0.36023024, 0.39376709, 0.10060539, 0.67658252, 0.68310809, 0.51048875, 0.85801381, 0.22915451, 0.76165920, 0.85864741)
(0.20119888, 0.37790653, 0.48412085, 0.04200122, 0.87899005, 0.31130713, 0.37769565, 0.44077474, 0.88088405, 0.12326330)
(0.37209383, 0.64218765, 0.24526699, 0.81686473, 0.61783105, 0.87502742, 0.13140620, 0.69250226, 0.16266215, 0.28173816)
(0.47372699, 0.03651060, 0.67828417, 0.39809912, 0.25348064, 0.16840774, 0.55853945, 0.39246091, 0.03372069, 0.60343999)
(0.19096825, 0.27629450, 0.79277617, 0.66704220, 0.99162310, 0.23630494, 0.44518569, 0.51362616, 0.59279096, 0.30691212)
(0.72601265, 0.40828979, 0.77078551, 0.54786235, 0.56659931, 0.06652932, 0.35639977, 0.31920043, 0.58746576, 0.09518866)
(0.80045474, 0.52336115, 0.54555851, 0.12961203, 0.45413199, 0.50505018, 0.41728854, 0.03778232, 0.10078345, 0.68385822)
(0.35658574, 0.50248444, 0.41685060, 0.10323379, 0.06748914, 0.68976974, 0.78335601, 0.95699692, 0.23640963, 0.37647155)
(0.11416979, 0.59905207, 0.39621896, 0.49100739, 0.80236214, 0.64534867, 0.36176005, 0.17147519, 0.94890094, 0.27468750)
(0.29222488, 0.44447139, 0.40398726, 0.80688316, 0.88260835, 0.26008499, 0.10088315, 0.28362596, 0.28181860, 0.74118054)
(0.38581389, 0.81646848, 0.14628702, 0.60739785, 0.62659848, 0.31593588, 0.41408309, 0.26950112, 0.94202071, 0.73430592)
(0.80640584, 0.32095566, 0.48142195, 0.56589109, 0.45658922, 0.76381803, 0.36972409, 0.09289750, 0.11119936, 0.43982315)
(0.17801319, 0.35054153, 0.08131550, 0.44397014, 0.61523122, 0.65019917, 0.65533483, 0.53832334, 0.08519387, 0.29455951)
(0.54096067, 0.80472964, 0.72397017, 0.92491549, 0.19405101, 0.08260954, 0.44936633, 0.27212441, 0.90385038, 0.73407847)
(0.88734096, 0.53379267, 0.61972862, 0.57876968, 0.57038361, 0.14146513, 0.66960466, 0.04096501, 0.27167478, 0.19544157)
(0.49824569, 0.33123648, 0.58922243, 0.53646946, 0.89305657, 0.35518518, 0.73927736, 0.20034292, 0.35203746, 0.50580353)
(0.36335063, 0.85427415, 0.75469518, 0.91618299, 0.64141709, 0.09209496, 0.26830757, 0.36140627, 0.11412796, 0.42931977)
(0.86052334, 0.53533912, 0.13068730, 0.47702345, 0.72155488, 0.53827870, 0.94035804, 0.33896944, 0.60139531, 0.66762453)
(0.67468214, 0.46184704, 0.68466252, 0.68486661, 0.55705613, 0.04505553, 0.28321213, 0.13422239, 0.91674006, 0.31638688)
(0.48551592, 0.44167241, 0.66096604, 0.14278543, 0.50350732, 0.08241209, 0.41733330, 0.17352790, 0.10737537, 0.74304593)
(0.30497339, 0.21928282, 0.91111487, 0.49465495, 0.85146660, 0.24804521, 0.10698328, 0.41287050, 0.30367267, 0.53155422)
(0.23805784, 0.45102143, 0.24922119, 0.77629673, 0.37821597, 0.54878485, 0.54645056, 0.04583183, 0.08386467, 0.44840977)
(0.06677648, 0.54305571, 0.59068304, 0.70209897, 0.39409482, 0.71480966, 0.18745729, 0.70427173, 0.18963487, 0.46186376)
(0.86825496, 0.55872589, 0.06196262, 0.54237384, 0.54907328, 0.40347040, 0.70092374, 0.79418761, 0.14145114, 0.24710692)
(0.37437335, 0.41422889, 0.14543912, 0.74851304, 0.79866451, 0.73174340, 0.63719016, 0.24969146, 0.08189970, 0.32354641)
(0.27590051, 0.22696334, 0.11713564, 0.64026392, 0.14891990, 0.67864555, 0.17732006, 0.55375147, 0.17353341, 0.22528529)
(0.14544614, 0.23188150, 0.14451449, 0.28530750, 0.24283223, 0.94025898, 0.44295374, 0.94849795, 0.82536477, 0.21249473)
(0.40030313, 0.42232734, 0.56089121, 0.25238866, 0.28723878, 0.80025965, 0.04769747, 0.71019059, 0.60565907, 0.35423759)
(0.12311844, 0.92400062, 0.40580106, 0.92534524, 0.20900200, 0.83810192, 0.39663020, 0.70096928, 0.12096950, 0.95778787)
(0.77927828, 0.19388984, 0.91949975, 0.94181067, 0.56372219, 0.90319991, 0.05208785, 0.66918230, 0.68439561, 0.60578114)
(0.63338852, 0.50147963, 0.22251238, 0.53551507, 0.63549519, 0.67768145, 0.95331556, 0.15225446, 0.83452976, 0.73671144)
(0.48542106, 0.12693805, 0.47489327, 0.25724554, 0.37560013, 0.32000563, 0.95826787, 0.15203881, 0.24709404, 0.89398986)
(0.68941212, 0.34558472, 0.37007323, 0.60166478, 0.82853991, 0.12875624, 0.71362841, 0.17419016, 0.26666608, 0.71640635)
(0.64356267, 0.74022317, 0.38695264, 0.73074681, 0.63630098, 0.59586132, 0.86322683, 0.08281051, 0.91085267, 0.78723133)
(0.20155679, 0.77421927, 0.16047330, 0.71487850, 0.52919143, 0.73336059, 0.74138409, 0.42521441, 0.04007993, 0.76931596)
(0.27935755, 0.74763018, 0.74704307, 0.34088024, 0.43755764, 0.90572131, 0.16459265, 0.71332115, 0.25020134, 0.24742900)
(0.19468415, 0.41910082, 0.05210927, 0.47125497, 0.66170585, 0.82712805, 0.79279780, 0.13326162, 0.94621599, 0.22965179)
(0.07471306, 0.58833390, 0.82716119, 0.35614982, 0.42711201, 0.15749833, 0.16812776, 0.33720973, 0.86322135, 0.03926486)
(0.57610130, 0.68741649, 0.79171449, 0.90008456, 0.74484909, 0.34415117, 0.02547220, 0.54951257, 0.25452578, 0.66650486)
(0.29946300, 0.70470774, 0.91410750, 0.25857654, 0.85173190, 0.80591702, 0.21103303, 0.10437241, 0.21470182, 0.18302764)
(0.48469615, 0.63795429, 0.13477612, 0.43539712, 0.31407908, 0.60023099, 0.79985476, 0.66549879, 0.03836219, 0.51650965)
(0.71371889, 0.13389476, 0.21926869, 0.38694647, 0.44725862, 0.81224281, 0.43124887, 0.26205003, 0.11061928, 0.14282858)
(0.41167846, 0.20478538, 0.12901232, 0.48947740, 0.13661899, 0.83346182, 0.24180739, 0.58281070, 0.24141660, 0.59452170)
(0.81410664, 0.38844845, 0.37153837, 0.54738307, 0.14439066, 0.60151595, 0.08221222, 0.69682479, 0.48311540, 0.31633648)
(0.38876152, 0.50507975, 0.67626631, 0.13317479, 0.17023084, 0.59378874, 0.67586511, 0.95616615, 0.25660419, 0.48639214)
(0.56317645, 0.52229363, 0.84146553, 0.10391460, 0.20093575, 0.02045176, 0.55374146, 0.20206073, 0.70760220, 0.83052546)
(0.57472736, 0.62489855, 0.27454546, 0.78703946, 0.89067566, 0.63510376, 0.07459046, 0.32476044, 0.15268813, 0.69543767)
(0.69828558, 0.92864889, 0.11423561, 0.69414067, 0.88512653, 0.51001501, 0.66945386, 0.50743330, 0.45223743, 0.13050561)
(0.33436552, 0.41637293, 0.44139668, 0.74454153, 0.86791551, 0.36908323, 0.12612195, 0.06961745, 0.27423638, 0.62995064)
(0.68190706, 0.46538693, 0.81511921, 0.42470929, 0.73860973, 0.42901579, 0.30073258, 0.44114965, 0.13542505, 0.28366199)
(0.08279920, 0.43106368, 0.62685841, 0.53040725, 0.29869553, 0.36403930, 0.11171702, 0.49713427, 0.43577176, 0.61137271)
(0.33285415, 0.78253794, 0.06082590, 0.63671833, 0.54736614, 0.49275652, 0.53334886, 0.56515640, 0.03447868, 0.47321764)
(0.64896637, 0.05910720, 0.12173650, 0.46563634, 0.46168065, 0.60717297, 0.54549456, 0.78544903, 0.32727736, 0.65847552)
(0.08017226, 0.80276895, 0.84620708, 0.02904085, 0.78403378, 0.54478192, 0.26823193, 0.62075162, 0.12677820, 0.18250714)
(0.55735046, 0.73020387, 0.22362296, 0.93540370, 0.13942812, 0.24877888, 0.72787225, 0.30030012, 0.48497227, 0.78424758)
(0.79150862, 0.47750005, 0.70001000, 0.21133541, 0.59320730, 0.72224289, 0.05963231, 0.12242580, 0.21570410, 0.67731780)
(0.35263520, 0.23185375, 0.71584100, 0.71098006, 0.90853822, 0.10880436, 0.73432243, 0.49032617, 0.20346627, 0.94224876)
(0.20359612, 0.41309920, 0.58999592, 0.32213780, 0.84859538, 0.44694954, 0.92878771, 0.59024900, 0.53325069, 0.14950548)
(0.46031332, 0.69211328, 0.79124832, 0.73273212, 0.17235436, 0.77498686, 0.49461564, 0.22450669, 0.82170194, 0.47551438)
(0.66429639, 0.83682597, 0.27010462, 0.69740874, 0.21497926, 0.49575570, 0.88978100, 0.82335103, 0.78441101, 0.37740296)
(0.62411952, 0.40170124, 0.35090613, 0.52754718, 0.57409197, 0.56166798, 0.94338936, 0.13711800, 0.78136760, 0.74470878)
(0.07565133, 0.73859900, 0.73590553, 0.04189254, 0.67186701, 0.54719001, 0.21728918, 0.62893587, 0.69880795, 0.35908595)
(0.25871170, 0.13370207, 0.71644187, 0.27144957, 0.47493610, 0.19090188, 0.87884849, 0.14757599, 0.58611053, 0.60185927)
(0.88359797, 0.53223348, 0.69532740, 0.82221031, 0.91679966, 0.35663363, 0.51381940, 0.53482294, 0.31279507, 0.62733394)
(0.27413204, 0.32676527, 0.96441954, 0.84001440, 0.88619542, 0.41299608, 0.07626224, 0.23189196, 0.37230414, 0.20144694)
(0.80506289, 0.84043813, 0.75757837, 0.70017618, 0.40410489, 0.65825725, 0.52472025, 0.75309324, 0.16752112, 0.45264578)
(0.91692454, 0.59605908, 0.55654019, 0.85149026, 0.20272477, 0.61411965, 0.12890293, 0.76931858, 0.06745641, 0.58574075)
(0.57086974, 0.50556374, 0.83903533, 0.59771210, 0.68474424, 0.31459984, 0.67285013, 0.09265696, 0.83603966, 0.66983187)
(0.90030801, 0.08555058, 0.66838294, 0.07920235, 0.47249201, 0.76089948, 0.28324547, 0.85536993, 0.36705542, 0.42207143)
(0.27317047, 0.30576429, 0.78085196, 0.01999740, 0.98219842, 0.23130523, 0.50380051, 0.26097718, 0.57582754, 0.29510885)
(0.02451004, 0.47401106, 0.42826596, 0.74055874, 0.39713079, 0.71460235, 0.34080228, 0.10033601, 0.23110850, 0.47748640)
(0.74203408, 0.43225715, 0.58806622, 0.53406626, 0.83911783, 0.75314099, 0.23421778, 0.47165179, 0.24615006, 0.59715074)
(0.30986571, 0.51804751, 0.54711068, 0.68328255, 0.94821501, 0.24702409, 0.13004465, 0.24969335, 0.53193361, 0.63537073)
(0.02372558, 0.40100199, 0.16998932, 0.90658939, 0.10192186, 0.67226750, 0.23161311, 0.39788622, 0.34789243, 0.91274810)
(0.50615859, 0.26104680, 0.55690074, 0.12735507, 0.66636235, 0.58790421, 0.64677888, 0.50975651, 0.15295203, 0.52613091)
(0.65932894, 0.24563773, 0.79763043, 0.08839665, 0.89549112, 0.07944102, 0.12329775, 0.12893559, 0.53747946, 0.14813684)
(0.38806519, 0.61676073, 0.76571226, 0.43363753, 0.60309643, 0.06131328, 0.15991658, 0.41471541, 0.58584034, 0.19432950)
(0.28733715, 0.40178093, 0.87189972, 0.57963341, 0.74639684, 0.01516947, 0.67572826, 0.54837453, 0.77806771, 0.92265689)
(0.38094962, 0.58583349, 0.73884749, 0.83982188, 0.78569913, 0.54762244, 0.76081210, 0.62050802, 0.69161522, 0.06402794)
(0.65148365, 0.09859901, 0.37651679, 0.13046156, 0.62165546, 0.59403378, 0.85077780, 0.46690267, 0.20892155, 0.32331631)
(0.79544997, 0.37475953, 0.80848426, 0.62908953, 0.71068567, 0.25400469, 0.43011752, 0.21546349, 0.38642719, 0.64604843)
(0.09079769, 0.86474484, 0.64926219, 0.28139839, 0.42339554, 0.36634767, 0.34729576, 0.07267179, 0.10590254, 0.41979265)
(0.92156518, 0.33622661, 0.53820163, 0.63656986, 0.37904608, 0.85496289, 0.23268266, 0.41873074, 0.20671234, 0.26070002)
(0.58245081, 0.62910616, 0.47638601, 0.64548647, 0.96636224, 0.37600332, 0.61875343, 0.30697122, 0.90846741, 0.60082239)
(0.90433013, 0.42357886, 0.74540478, 0.41283515, 0.39694887, 0.25434116, 0.45566463, 0.26955822, 0.20456432, 0.39001283)
(0.84154534, 0.41595736, 0.12225985, 0.36705869, 0.47406712, 0.50471359, 0.91757035, 0.53372431, 0.11221505, 0.48811299)
(0.65382379, 0.17948201, 0.50332522, 0.28143173, 0.45144683, 0.57011157, 0.19423206, 0.06415728, 0.13827275, 0.90706754)
(0.37734038, 0.85391879, 0.57326591, 0.37775591, 0.58858913, 0.15533933, 0.66511023, 0.46955582, 0.87649202, 0.70258665)
(0.36349982, 0.07058975, 0.82784498, 0.27981088, 0.82050169, 0.22287151, 0.27692029, 0.15411384, 0.54349852, 0.32409081)
(0.70848405, 0.61154234, 0.84350133, 0.46016595, 0.64234108, 0.19674435, 0.07805778, 0.18463890, 0.17816612, 0.16942056)
(0.73730230, 0.60806054, 0.69685328, 0.49936435, 0.62796307, 0.47535619, 0.91822481, 0.07147363, 0.62052423, 0.85205573)
(0.56031454, 0.21540652, 0.66631091, 0.55493778, 0.66460979, 0.16773774, 0.76071721, 0.15493298, 0.15525945, 0.72915429)
(0.72246915, 0.63698649, 0.44014642, 0.80876410, 0.88610858, 0.04547586, 0.76038557, 0.31470913, 0.61923873, 0.72650391)
(0.17655960, 0.58464718, 0.53862524, 0.10207535, 0.68040037, 0.59464252, 0.19607358, 0.12297703, 0.93547696, 0.47152400)
(0.33071807, 0.12171476, 0.13731544, 0.74402541, 0.31636772, 0.58601165, 0.24346612, 0.28764349, 0.36430350, 0.73946053)
(0.24739996, 0.67084235, 0.79462564, 0.75285864, 0.75079614, 0.52190787, 0.02824641, 0.51950973, 0.41199076, 0.92810899)
(0.05414043, 0.52074581, 0.32740542, 0.78542137, 0.87205005, 0.45145339, 0.15573364, 0.28927445, 0.39239231, 0.78582186)
(0.63077408, 0.12715502, 0.83113176, 0.53561580, 0.86017245, 0.38285148, 0.10001669, 0.11134933, 0.15847179, 0.46760035)
(0.40295023, 0.42557240, 0.80646241, 0.29942402, 0.74150252, 0.18281658, 0.15886848, 0.20419133, 0.31808203, 0.04378706)
(0.53906250, 0.42394310, 0.18946436, 0.53446305, 0.88683355, 0.14089210, 0.62219352, 0.30711046, 0.37296480, 0.65049070)
(0.59541309, 0.68826431, 0.64262968, 0.67024416, 0.76039118, 0.76368505, 0.44107121, 0.40327364, 0.16727731, 0.16474697)
(0.58498037, 0.29585049, 0.25778037, 0.72252220, 0.71870542, 0.56201917, 0.62467408, 0.17942221, 0.10636577, 0.61735034)
(0.80325061, 0.21709199, 0.49342078, 0.11656849, 0.72207630, 0.83503568, 0.72873777, 0.39335954, 0.19553009, 0.74469775)
(0.78125918, 0.69587547, 0.39563978, 0.19524945, 0.19577953, 0.74064916, 0.72033572, 0.82571429, 0.07597506, 0.15497655)
(0.47237197, 0.36381862, 0.92035019, 0.69417387, 0.65755475, 0.30839759, 0.16385452, 0.15525925, 0.97093844, 0.17354229)
(0.24744651, 0.86029273, 0.47314140, 0.89003128, 0.19706869, 0.04596012, 0.61104620, 0.68983114, 0.86138439, 0.74794668)
(0.51399565, 0.13672350, 0.66636330, 0.49555415, 0.73485839, 0.43197790, 0.93079877, 0.28418630, 0.54812086, 0.75908101)
(0.40577650, 0.17011447, 0.29710016, 0.90532142, 0.14939220, 0.91378105, 0.14780609, 0.54540288, 0.45312139, 0.88259053)
(0.04407619, 0.39512160, 0.81296092, 0.32368371, 0.52094120, 0.26581457, 0.11215355, 0.44274089, 0.82475340, 0.03756977)
(0.85831624, 0.61629283, 0.44169369, 0.76912677, 0.26509708, 0.49825978, 0.08249607, 0.14834164, 0.09294370, 0.62036371)
(0.10522288, 0.52369630, 0.19596709, 0.67700851, 0.69463748, 0.62571687, 0.78538591, 0.11954819, 0.21040748, 0.08761896)
(0.41958296, 0.92870289, 0.66045678, 0.77287745, 0.93110126, 0.25205135, 0.31101680, 0.66668028, 0.80038768, 0.29901320)
(0.80227703, 0.48838770, 0.29276493, 0.59663498, 0.35308003, 0.48374671, 0.42208862, 0.16784891, 0.02419423, 0.39645639)
(0.30941468, 0.85239983, 0.71343762, 0.26081827, 0.33584833, 0.67823792, 0.56992030, 0.78437907, 0.61045957, 0.55960548)
(0.50640059, 0.49178588, 0.43247136, 0.41505933, 0.46156159, 0.39611048, 0.18671744, 0.76615679, 0.18319120, 0.26944283)
(0.95940429, 0.44283193, 0.46272814, 0.53514177, 0.32272887, 0.53303021, 0.79939848, 0.48189637, 0.15102643, 0.20315586)
(0.38188040, 0.11274395, 0.54152739, 0.02237266, 0.55655587, 0.80668157, 0.19270244, 0.92200977, 0.22595169, 0.25673756)
(0.42962480, 0.30618045, 0.52911627, 0.42862362, 0.71849287, 0.56065071, 0.49650225, 0.24019113, 0.13311158, 0.60352302)
(0.50223184, 0.44283885, 0.87176043, 0.89693385, 0.92461026, 0.21589960, 0.30053467, 0.23708738, 0.73295802, 0.17497507)
(0.22438860, 0.24219774, 0.97534037, 0.04146983, 0.92291522, 0.58284855, 0.07043480, 0.04508141, 0.72296637, 0.54906106)
(0.48885709, 0.51329231, 0.51853573, 0.72303867, 0.79132885, 0.52282739, 0.29471594, 0.67707473, 0.11340334, 0.22395809)
(0.25326028, 0.29726157, 0.12967843, 0.32080632, 0.30320737, 0.68819261, 0.67040807, 0.92072827, 0.16778871, 0.02254804)
(0.50896877, 0.20472163, 0.12426472, 0.54235667, 0.83495665, 0.76790202, 0.29441804, 0.40857553, 0.15871951, 0.49501690)
(0.71469647, 0.43863544, 0.43882415, 0.39954412, 0.43420711, 0.54827696, 0.73356909, 0.33592436, 0.22876067, 0.03773412)
(0.49177873, 0.69318879, 0.59922874, 0.49289566, 0.47476178, 0.26519436, 0.83110350, 0.49569285, 0.22675005, 0.61253995)
(0.57316208, 0.38691834, 0.65025592, 0.93038213, 0.04998516, 0.71275240, 0.78497416, 0.37799209, 0.68383664, 0.85718328)
(0.05133766, 0.37248671, 0.19301127, 0.91038662, 0.67779160, 0.80425769, 0.44249439, 0.34971729, 0.13197711, 0.31353053)
(0.01075635, 0.65923738, 0.72848022, 0.16521938, 0.66733408, 0.25271374, 0.53866577, 0.76733392, 0.70929700, 0.41431853)
(0.70229322, 0.43377328, 0.81003571, 0.73171437, 0.84313369, 0.07242458, 0.16083458, 0.17980269, 0.34574389, 0.42736077)
(0.03905144, 0.68864822, 0.49497521, 0.60412842, 0.71446621, 0.76451391, 0.66949004, 0.70632970, 0.10004601, 0.19841963)
(0.29271698, 0.66070992, 0.13590232, 0.56253499, 0.41815212, 0.85041916, 0.52982545, 0.41917026, 0.15144736, 0.14639066)
(0.36137936, 0.08252896, 0.86700714, 0.01612848, 0.03528145, 0.70717156, 0.89633566, 0.67904806, 0.57932878, 0.92771626)
(0.13136135, 0.43183854, 0.85960865, 0.06818035, 0.89158493, 0.19287243, 0.48499471, 0.50090677, 0.57004553, 0.06920494)
(0.60583651, 0.83038151, 0.35172561, 0.20876740, 0.30422786, 0.63770497, 0.94317585, 0.48332936, 0.42115948, 0.34145826)
(0.73952395, 0.70710611, 0.21586993, 0.91576552, 0.17820413, 0.81499964, 0.92221540, 0.70183039, 0.62891489, 0.82111830)
(0.92505175, 0.39524850, 0.43914336, 0.55649650, 0.50843590, 0.35021010, 0.87087601, 0.28795972, 0.14258175, 0.41131625)
(0.92653048, 0.44159827, 0.50562787, 0.07269956, 0.31124464, 0.85714972, 0.72346747, 0.57689643, 0.07345191, 0.54467177)
(0.72751832, 0.05244575, 0.07784218, 0.60757446, 0.16320214, 0.70568717, 0.04257028, 0.81497359, 0.78369778, 0.20732401)
(0.92092204, 0.06181609, 0.79805803, 0.37801290, 0.36537477, 0.64390182, 0.45447358, 0.40776005, 0.31124765, 0.47664678)
(0.65854305, 0.79795498, 0.11081824, 0.31394139, 0.48281330, 0.48012006, 0.77880889, 0.79246217, 0.04347639, 0.24300586)
(0.10053263, 0.63429022, 0.31510398, 0.79856807, 0.07392328, 0.60351664, 0.76710290, 0.70758504, 0.55075723, 0.93308389)
(0.01324132, 0.36222506, 0.36154705, 0.86518610, 0.86937475, 0.41148880, 0.25997558, 0.17293401, 0.29204866, 0.23078720)
(0.27792495, 0.08125547, 0.66736144, 0.62573546, 0.20511316, 0.45466593, 0.88970900, 0.50243211, 0.49835670, 0.78330469)
(0.62414962, 0.50194150, 0.71314126, 0.27217200, 0.52092570, 0.20061195, 0.42712000, 0.39885187, 0.60852361, 0.22311181)
(0.51752383, 0.43577647, 0.44083199, 0.51834190, 0.94598913, 0.17664118, 0.26058888, 0.27987540, 0.29751933, 0.71002787)
(0.88048172, 0.39985624, 0.73188514, 0.86792123, 0.83071828, 0.52684259, 0.23724738, 0.37291178, 0.08900058, 0.79507655)
(0.34822661, 0.14637955, 0.08528367, 0.30909681, 0.26109976, 0.75054789, 0.36783281, 0.64789003, 0.30778733, 0.15941852)
(0.96608835, 0.04255841, 0.61802226, 0.35817921, 0.11113393, 0.59448165, 0.06144007, 0.42596549, 0.44794887, 0.25187901)
(0.26172030, 0.74255693, 0.79508483, 0.30035910, 0.62850273, 0.26054558, 0.41709980, 0.57601953, 0.69240469, 0.28591013)
(0.85295218, 0.25695834, 0.58959448, 0.23328659, 0.48324549, 0.64116639, 0.94779497, 0.28949383, 0.56869805, 0.53142536)
(0.71187341, 0.14003338, 0.64155936, 0.04323882, 0.64131469, 0.72011775, 0.57355714, 0.60283673, 0.22265452, 0.67968011)
(0.84110391, 0.36957213, 0.58780324, 0.82035941, 0.64907432, 0.37799489, 0.14815477, 0.33095565, 0.04498775, 0.90696722)
(0.59181470, 0.11499649, 0.87850851, 0.19825834, 0.44843683, 0.46824032, 0.25414509, 0.23455657, 0.03667342, 0.93395537)
(0.44811922, 0.76300555, 0.58655185, 0.82202739, 0.32989940, 0.03334216, 0.42851675, 0.24951366, 0.91763026, 0.73113012)
(0.57429016, 0.59270567, 0.86462420, 0.08064916, 0.64346385, 0.50666881, 0.49055728, 0.25200209, 0.78165555, 0.25833622)
(0.87871844, 0.26861370, 0.21080832, 0.45450017, 0.34570897, 0.30024630, 0.89341277, 0.46223706, 0.15494846, 0.52475500)
(0.26567224, 0.44520497, 0.85684651, 0.47933540, 0.66394264, 0.31046134, 0.08363773, 0.46528375, 0.95915514, 0.03895834)
(0.18510196, 0.72198892, 0.16596845, 0.81380451, 0.67768693, 0.08749021, 0.50330979, 0.26766163, 0.57172370, 0.18366294)
(0.55931568, 0.09711362, 0.35295999, 0.57617998, 0.03600655, 0.38292655, 0.94053781, 0.31428862, 0.67864549, 0.71396160)
(0.16544963, 0.42064124, 0.13432084, 0.33286148, 0.49650908, 0.68396008, 0.15367045, 0.94428504, 0.56839567, 0.46874186)
(0.26233211, 0.15072185, 0.79998583, 0.37454829, 0.60330212, 0.13645938, 0.60852945, 0.22385231, 0.05407419, 0.74310040)
(0.68084633, 0.36673075, 0.12567650, 0.37247813, 0.63032186, 0.53240937, 0.72742194, 0.25472227, 0.13980730, 0.36721969)
(0.47177625, 0.70032287, 0.59317315, 0.61195588, 0.62329710, 0.50938290, 0.70938647, 0.51791310, 0.40345636, 0.05277644)
(0.37440395, 0.45259327, 0.55337149, 0.21796636, 0.16415772, 0.92284262, 0.14109652, 0.70608002, 0.76460999, 0.21022934)
(0.40017372, 0.55577123, 0.49775571, 0.40219271, 0.18089342, 0.72089463, 0.21996626, 0.56501925, 0.08466750, 0.25120521)
(0.29052937, 0.33640301, 0.02938594, 0.29836914, 0.24315003, 0.87828970, 0.28118780, 0.49998158, 0.21604188, 0.54391909)
(0.20650341, 0.59578848, 0.57288927, 0.08628237, 0.31851977, 0.49309471, 0.53845894, 0.87043583, 0.06343184, 0.66034663)
(0.65584236, 0.62248147, 0.29565811, 0.61908036, 0.93923992, 0.08259406, 0.61655307, 0.34455618, 0.53635120, 0.63269615)
(0.24414073, 0.68332708, 0.48483437, 0.67002273, 0.78099746, 0.39225644, 0.19493279, 0.48627526, 0.18936692, 0.60792005)
(0.74773079, 0.35720673, 0.44364926, 0.35508695, 0.83591455, 0.39387664, 0.69217682, 0.10469227, 0.37268710, 0.54682183)
(0.05597172, 0.59698004, 0.32824007, 0.51413727, 0.88324612, 0.39639679, 0.40595070, 0.33698425, 0.41148481, 0.38428736)
(0.60780668, 0.91112387, 0.81635219, 0.40261084, 0.56035602, 0.52094173, 0.79110825, 0.51013297, 0.62555557, 0.34225872)
(0.02793472, 0.35763633, 0.45418125, 0.45033509, 0.32610050, 0.95470107, 0.58866495, 0.19012104, 0.13967630, 0.78463548)
(0.79977119, 0.31962824, 0.51942617, 0.59430373, 0.53129041, 0.22512713, 0.65635622, 0.12885034, 0.08375023, 0.71496964)
(0.17029504, 0.79290313, 0.51347959, 0.51968366, 0.15935375, 0.60488296, 0.05199391, 0.07375166, 0.05038960, 0.70557833)
(0.42748097, 0.57125193, 0.35212809, 0.13907596, 0.46154946, 0.26843286, 0.06407331, 0.25816271, 0.62542289, 0.19298935)
(0.19367239, 0.81791085, 0.04800218, 0.62747514, 0.61569673, 0.67767650, 0.71005976, 0.65584970, 0.04053625, 0.58203548)
(0.60975569, 0.46395460, 0.31705293, 0.67322022, 0.09078694, 0.67249656, 0.05792743, 0.91037840, 0.60864371, 0.11379251)
(0.28698415, 0.42282459, 0.12488873, 0.64079285, 0.63919336, 0.45253506, 0.57283884, 0.08313020, 0.93964672, 0.77575946)
(0.53582788, 0.50665128, 0.85595745, 0.43992269, 0.48918757, 0.26923037, 0.36475927, 0.25119656, 0.94989920, 0.44734663)
(0.06714501, 0.56119567, 0.76947898, 0.15593092, 0.43252563, 0.59623283, 0.44265842, 0.97681606, 0.26999846, 0.32317105)
(0.38243333, 0.29585394, 0.91901457, 0.80595744, 0.73939711, 0.36983559, 0.16454506, 0.23135146, 0.25586730, 0.06189611)
(0.33120799, 0.93347639, 0.32773852, 0.64933920, 0.50298405, 0.10648542, 0.64413542, 0.54448652, 0.50661886, 0.26023048)
(0.87191200, 0.35965219, 0.08009337, 0.63321310, 0.67670298, 0.64662880, 0.64218265, 0.43271714, 0.10560390, 0.19091401)
(0.65400344, 0.43666005, 0.25253671, 0.94463754, 0.61004162, 0.86217999, 0.08050500, 0.40502575, 0.34488019, 0.68781602)
(0.24083443, 0.78731018, 0.75033325, 0.20797415, 0.16415443, 0.30879414, 0.31149700, 0.57798702, 0.10662598, 0.11734764)
(0.37314990, 0.32209417, 0.85754770, 0.50041306, 0.59551334, 0.78060806, 0.68893546, 0.68179393, 0.09716179, 0.13623565)
(0.61534244, 0.82293755, 0.68896616, 0.78159809, 0.61287552, 0.30190110, 0.81365418, 0.36385432, 0.20303766, 0.42200270)
(0.54422933, 0.21371202, 0.06372152, 0.42211145, 0.28008837, 0.66263545, 0.36098045, 0.31153432, 0.19684979, 0.06889860)
(0.57768202, 0.58059621, 0.36691707, 0.29425836, 0.75193244, 0.23449069, 0.50765902, 0.41070175, 0.92152411, 0.58801609)
(0.74885833, 0.39962056, 0.89939570, 0.46190527, 0.66718847, 0.31924888, 0.24287266, 0.50990230, 0.29088509, 0.46539360)
(0.86756164, 0.15758434, 0.54564589, 0.75053030, 0.71741414, 0.51792759, 0.15627377, 0.11754838, 0.20633107, 0.77752006)
(0.53063637, 0.90886110, 0.59351760, 0.91899598, 0.90387964, 0.47254217, 0.43143305, 0.32908338, 0.93237430, 0.56151754)
(0.48977640, 0.75531524, 0.93479383, 0.34772697, 0.33805698, 0.01040223, 0.32638976, 0.37519211, 0.75271100, 0.86611384)
(0.63965315, 0.53992224, 0.32738632, 0.34475225, 0.46596813, 0.77548331, 0.59167099, 0.06434346, 0.05022094, 0.51989287)
(0.07666174, 0.44488126, 0.54803455, 0.85442007, 0.83985496, 0.08084051, 0.29522139, 0.47350934, 0.39356312, 0.42096794)
(0.31728271, 0.62302601, 0.13121851, 0.87581950, 0.29267448, 0.36994684, 0.94456404, 0.17038380, 0.58996439, 0.89165896)
(0.42060316, 0.19265802, 0.56694591, 0.12475298, 0.56033486, 0.69455391, 0.08532763, 0.45953897, 0.50048667, 0.51872885)
(0.80661017, 0.03810943, 0.81839341, 0.23394492, 0.38564503, 0.85172474, 0.19970582, 0.22613274, 0.50319237, 0.92923063)
(0.30686691, 0.17313498, 0.75882566, 0.50648117, 0.14548576, 0.31741607, 0.74443907, 0.28943664, 0.48162174, 0.82519537)
(0.29623067, 0.14330961, 0.91319287, 0.46273860, 0.64891094, 0.06758056, 0.39575207, 0.51008528, 0.07374144, 0.91088551)
(0.69409889, 0.42476830, 0.18665808, 0.53601712, 0.83714467, 0.68733168, 0.30577454, 0.09406306, 0.21477376, 0.62899977)
(0.58826452, 0.07676308, 0.18681547, 0.40913835, 0.36532319, 0.87160653, 0.30366543, 0.25747457, 0.26033533, 0.43443504)
(0.25988695, 0.43572134, 0.56839979, 0.63460767, 0.97939348, 0.17479932, 0.75595063, 0.28149089, 0.49848646, 0.38489261)
(0.53335947, 0.65181363, 0.64992201, 0.55908799, 0.04291424, 0.77440012, 0.92621112, 0.35430318, 0.63887417, 0.69378120)
(0.67378569, 0.58208293, 0.29459909, 0.40504289, 0.84727734, 0.40506393, 0.65282768, 0.56649649, 0.23151438, 0.37893087)
(0.94448042, 0.42286396, 0.43036413, 0.34331247, 0.42155206, 0.64039862, 0.75506181, 0.33077672, 0.05542258, 0.54965818)
(0.18631411, 0.37953201, 0.75468016, 0.21113364, 0.54686463, 0.90302217, 0.57696468, 0.60226119, 0.17477381, 0.21510504)
(0.59626764, 0.36188036, 0.14993171, 0.61333722, 0.53042763, 0.89594638, 0.39085287, 0.76759702, 0.25765267, 0.06389444)
(0.67915881, 0.40832952, 0.05527953, 0.19039217, 0.28752631, 0.76268095, 0.35092190, 0.57556432, 0.20613180, 0.60238618)
(0.32834020, 0.55775678, 0.54943120, 0.49526182, 0.36131200, 0.19511744, 0.09683650, 0.37365273, 0.87549090, 0.25488326)
(0.62324983, 0.51373762, 0.51825869, 0.24696556, 0.27481529, 0.23803309, 0.60852009, 0.58298045, 0.18180281, 0.49979582)
(0.92806286, 0.14038976, 0.57423621, 0.14923771, 0.45441085, 0.57262474, 0.66599762, 0.44304374, 0.12520202, 0.36171934)
(0.33995375, 0.70150298, 0.93183231, 0.46154281, 0.75313598, 0.16844508, 0.77806389, 0.47087896, 0.36934835, 0.79028749)
(0.90120274, 0.55423522, 0.30503911, 0.83201665, 0.60824984, 0.38797605, 0.83387774, 0.07458473, 0.86837441, 0.33097437)
(0.26772630, 0.51943803, 0.38476464, 0.67246717, 0.55974936, 0.62992144, 0.17142880, 0.62620139, 0.43328583, 0.85692066)
(0.68903846, 0.80894643, 0.66649747, 0.23691773, 0.79408759, 0.73775578, 0.90920478, 0.55833143, 0.61907488, 0.20949598)
(0.10091310, 0.11536659, 0.51394272, 0.09947170, 0.32715744, 0.97134781, 0.71521735, 0.24435502, 0.21461712, 0.40184999)
(0.43266091, 0.32682845, 0.50915611, 0.47256601, 0.95014781, 0.22017804, 0.26008621, 0.45992577, 0.54688388, 0.52341986)
(0.17785582, 0.65446043, 0.16135955, 0.53219962, 0.73523319, 0.60404176, 0.81624091, 0.50847530, 0.35381746, 0.17917702)
(0.13502137, 0.77101445, 0.51597440, 0.68213081, 0.61715692, 0.73078752, 0.12397795, 0.34265348, 0.08855820, 0.92764241)
(0.68666101, 0.38110897, 0.84590143, 0.52484959, 0.63684541, 0.05963494, 0.24082260, 0.17496008, 0.74755329, 0.83438712)
(0.30123007, 0.84132934, 0.18541181, 0.21667932, 0.54786396, 0.66030556, 0.91738087, 0.24645834, 0.11249927, 0.37356126)
(0.43296185, 0.95557588, 0.24280916, 0.83395612, 0.20563148, 0.84362161, 0.82750595, 0.66799372, 0.27827826, 0.63846290)
(0.37708014, 0.74126953, 0.19644596, 0.52110136, 0.72103125, 0.66613591, 0.82046378, 0.61352473, 0.17522845, 0.07559729)
(0.76807368, 0.47935712, 0.89002579, 0.12416379, 0.80401421, 0.25024274, 0.35792568, 0.13256522, 0.82829142, 0.50244313)
(0.79092026, 0.45120746, 0.30882764, 0.48735660, 0.22509789, 0.55295855, 0.78685921, 0.80322015, 0.06290361, 0.34440565)
(0.21855783, 0.33434913, 0.09945480, 0.67085820, 0.83960748, 0.54256946, 0.63592380, 0.19503950, 0.17620644, 0.26165345)
(0.55367440, 0.04554726, 0.26444671, 0.71219790, 0.36372751, 0.28267917, 0.92266965, 0.63569820, 0.44235131, 0.91236585)
(0.91050863, 0.80704832, 0.40178502, 0.76877671, 0.57230550, 0.57818365, 0.87488234, 0.65402275, 0.29654154, 0.33183083)
(0.47960901, 0.02211446, 0.71378022, 0.08083109, 0.16956389, 0.92177099, 0.23319729, 0.61866766, 0.36767679, 0.20032133)
(0.55950493, 0.17247464, 0.87271327, 0.55550021, 0.20003998, 0.06532727, 0.76901573, 0.26330578, 0.09921857, 0.87667525)
(0.06112853, 0.28272220, 0.36080953, 0.05686460, 0.72123873, 0.29105115, 0.23604147, 0.35211095, 0.60761935, 0.16500667)
(0.04538016, 0.58231276, 0.90323722, 0.94875544, 0.90752476, 0.66015220, 0.06111817, 0.37789354, 0.46838465, 0.66095746)
(0.57367831, 0.51868331, 0.34300613, 0.35905394, 0.51993304, 0.77132982, 0.64721173, 0.12428781, 0.09616636, 0.27715954)
(0.64967000, 0.55086619, 0.76774096, 0.52700996, 0.72100484, 0.70157552, 0.86357850, 0.27002916, 0.07155288, 0.85775006)
(0.49176764, 0.40088287, 0.76136386, 0.19270466, 0.85453093, 0.43516356, 0.45971239, 0.25011480, 0.22125086, 0.83290315)
(0.54055399, 0.66830951, 0.11716922, 0.50027877, 0.40651011, 0.61214566, 0.45837939, 0.25393811, 0.06510830, 0.10399927)
(0.48366731, 0.59388745, 0.07349838, 0.71566921, 0.55787975, 0.84086704, 0.40412506, 0.52749246, 0.08069018, 0.26368424)
(0.66535002, 0.61182874, 0.17849316, 0.68971932, 0.92204577, 0.07006554, 0.60717785, 0.16840076, 0.27644220, 0.84212911)
(0.65808779, 0.28773868, 0.37538996, 0.26845160, 0.40781754, 0.80365229, 0.70868927, 0.19137891, 0.05947869, 0.20090605)
(0.36032823, 0.23657618, 0.78098637, 0.19597989, 0.65218353, 0.34281304, 0.08523521, 0.17523263, 0.94538784, 0.03848651)
(0.26045570, 0.83858180, 0.85173315, 0.36616039, 0.44042891, 0.30480054, 0.31140938, 0.42134652, 0.80451715, 0.05141459)
(0.85888016, 0.56389546, 0.15334049, 0.75355655, 0.88499916, 0.07527798, 0.47837469, 0.23245709, 0.18288672, 0.48647639)
(0.22865422, 0.29811433, 0.11277746, 0.88282883, 0.45485160, 0.93056571, 0.11555524, 0.77445048, 0.50412381, 0.35216609)
(0.64643174, 0.74335194, 0.22760001, 0.83359861, 0.68815768, 0.25259522, 0.40101963, 0.69122678, 0.02953238, 0.82834977)
(0.29431939, 0.54734993, 0.56557810, 0.05420252, 0.37996402, 0.58051085, 0.72636205, 0.95805120, 0.19894043, 0.47485673)
(0.58296067, 0.63843322, 0.56359708, 0.44713345, 0.48096931, 0.88823181, 0.86555511, 0.28202581, 0.16579700, 0.30639100)
(0.56739730, 0.96461171, 0.66319746, 0.44477162, 0.40604860, 0.47357637, 0.76367676, 0.21094692, 0.77529627, 0.18200547)
(0.64497405, 0.49735570, 0.48443174, 0.03926103, 0.80784613, 0.19112137, 0.42212573, 0.30191025, 0.79479706, 0.27992398)
(0.34099677, 0.21704917, 0.22477998, 0.73714429, 0.09882220, 0.26332325, 0.77006245, 0.08181421, 0.77418935, 0.78528184)
(0.34288886, 0.28328890, 0.55526394, 0.76656038, 0.60169590, 0.45331457, 0.09900210, 0.11057480, 0.22658089, 0.86717296)
(0.27502453, 0.96828538, 0.13410208, 0.85594749, 0.72345805, 0.30095044, 0.41526511, 0.52169436, 0.20877983, 0.39903265)
(0.60739625, 0.61225319, 0.78450143, 0.26150510, 0.50803471, 0.61379945, 0.92150414, 0.36929527, 0.12930751, 0.80362636)
(0.25476649, 0.42242888, 0.91220045, 0.63602823, 0.81555009, 0.18999028, 0.10112212, 0.50063300, 0.94882435, 0.08118972)
(0.35705632, 0.36240631, 0.69887292, 0.53531432, 0.55529934, 0.40945095, 0.97205079, 0.33181980, 0.40036964, 0.80509079)
(0.27508271, 0.55034310, 0.22638683, 0.33704156, 0.77492011, 0.34626845, 0.72112900, 0.31728286, 0.23229574, 0.26046842)
(0.77478164, 0.81965524, 0.29559526, 0.54811674, 0.42698145, 0.64329034, 0.89807934, 0.67041874, 0.58723646, 0.43419358)
(0.73376113, 0.09526777, 0.92125714, 0.34582275, 0.65157241, 0.80836076, 0.43201718, 0.12599148, 0.12794079, 0.11640130)
(0.06103400, 0.69999897, 0.40950981, 0.40740335, 0.52186489, 0.04943921, 0.41949031, 0.49663427, 0.77541476, 0.57952988)
(0.49703214, 0.69639653, 0.57667446, 0.53721452, 0.40666306, 0.49103868, 0.57136083, 0.28335270, 0.54931670, 0.03107681)
(0.27882835, 0.47148076, 0.61727154, 0.40131530, 0.60027981, 0.91534251, 0.11645189, 0.26957408, 0.35666370, 0.66479826)
(0.17025217, 0.81531870, 0.47231686, 0.36428854, 0.37354231, 0.19626768, 0.09699000, 0.45346621, 0.83281988, 0.24819891)
(0.64496654, 0.46468413, 0.72269523, 0.39217794, 0.41951323, 0.14642437, 0.48221675, 0.31166431, 0.60326982, 0.54556680)
(0.78931767, 0.65022492, 0.23409173, 0.73100126, 0.43398523, 0.66070884, 0.20459053, 0.76044774, 0.16378917, 0.39748886)
(0.39209363, 0.60636252, 0.42221776, 0.49235085, 0.35805595, 0.69672024, 0.63474458, 0.24622199, 0.97056502, 0.20117572)
(0.52767915, 0.36536121, 0.79497379, 0.52730942, 0.66152352, 0.37586382, 0.65724915, 0.22890784, 0.76537025, 0.08521500)
(0.60934287, 0.26216319, 0.04665136, 0.33102396, 0.42290375, 0.44437668, 0.46371269, 0.68200713, 0.16920350, 0.10634158)
(0.44076565, 0.08026331, 0.28032047, 0.19187976, 0.23853157, 0.70571196, 0.32835776, 0.31795478, 0.34378695, 0.11952748)
(0.47092867, 0.79383588, 0.49152485, 0.75877368, 0.92697024, 0.49048752, 0.30327806, 0.69106585, 0.10507294, 0.15690957)
(0.01846363, 0.71709800, 0.79759771, 0.71770430, 0.78956777, 0.74806982, 0.38835487, 0.59499854, 0.19561730, 0.45354399)
(0.64681977, 0.43535531, 0.75124383, 0.65442961, 0.59960246, 0.65258616, 0.08394925, 0.80416095, 0.58117390, 0.42678440)
(0.86226624, 0.62164092, 0.26853737, 0.71518791, 0.54219043, 0.11459841, 0.80865699, 0.31167877, 0.20876332, 0.68457210)
(0.36098981, 0.65974110, 0.75021595, 0.02458495, 0.45735592, 0.50688374, 0.08836041, 0.91715902, 0.46827585, 0.49536517)
(0.49191633, 0.19759563, 0.87357509, 0.05309901, 0.22960854, 0.15514554, 0.82705820, 0.17270495, 0.05671689, 0.86820728)
(0.72128558, 0.47641313, 0.03400622, 0.32373372, 0.45496815, 0.57514638, 0.16670917, 0.95027333, 0.45727682, 0.28256109)
(0.60350972, 0.28970712, 0.10126062, 0.51787758, 0.42992085, 0.77547228, 0.87737620, 0.65707487, 0.80392051, 0.51975214)
(0.77920789, 0.03256334, 0.18481737, 0.82066828, 0.19691491, 0.67692393, 0.03190975, 0.41472945, 0.63662094, 0.27709433)
(0.69520032, 0.61048210, 0.52391142, 0.90395379, 0.56807530, 0.53452414, 0.58091378, 0.40545788, 0.70515662, 0.45690268)
(0.58484089, 0.12843877, 0.76354820, 0.73075598, 0.34146601, 0.56122029, 0.20176975, 0.72595429, 0.73488563, 0.85414046)
(0.41579559, 0.37197465, 0.38778186, 0.58700573, 0.87476248, 0.13548523, 0.27515841, 0.28271994, 0.38524917, 0.77439332)
(0.30455443, 0.22237709, 0.71974409, 0.39129722, 0.17329690, 0.79551387, 0.12295704, 0.94395477, 0.46433637, 0.11162979)
(0.87164605, 0.04666429, 0.46790352, 0.26529962, 0.12154990, 0.83890259, 0.14376973, 0.65556115, 0.79739386, 0.93037158)
(0.03681884, 0.90403652, 0.70073795, 0.30567834, 0.49391657, 0.54698813, 0.28202403, 0.27573100, 0.82765806, 0.18526383)
(0.34024936, 0.32365385, 0.05934752, 0.19860893, 0.34160650, 0.64427453, 0.30832976, 0.93870777, 0.49473581, 0.19601403)
(0.09864918, 0.22720954, 0.30981505, 0.89794850, 0.41922969, 0.65174979, 0.10719495, 0.23578773, 0.24972145, 0.73405957)
(0.54373091, 0.54378271, 0.24457678, 0.34474131, 0.83830130, 0.16208765, 0.39912811, 0.40385398, 0.88761538, 0.68488920)
(0.88303751, 0.54724878, 0.51853913, 0.33996159, 0.59022349, 0.47863355, 0.93317604, 0.57938570, 0.33030185, 0.44033894)
(0.50872993, 0.70044613, 0.21610034, 0.62626517, 0.88490385, 0.29082283, 0.30655929, 0.16129379, 0.13580079, 0.72745937)
(0.67905807, 0.20305873, 0.51482463, 0.05345619, 0.26358473, 0.92552024, 0.49169618, 0.42954701, 0.11814920, 0.26822662)
(0.61499894, 0.71221483, 0.22886357, 0.54964447, 0.12408067, 0.45656154, 0.25528973, 0.54364073, 0.06207771, 0.33539465)
(0.67957020, 0.35762548, 0.50195807, 0.53818834, 0.39113653, 0.64867991, 0.81173325, 0.29162660, 0.67257541, 0.54438770)
(0.37820512, 0.41254702, 0.06474922, 0.46670079, 0.40163311, 0.80811036, 0.94509727, 0.26147628, 0.91144103, 0.39198309)
(0.90903908, 0.08939126, 0.91556329, 0.34824079, 0.61550671, 0.89461440, 0.22798441, 0.27938232, 0.17636846, 0.37252522)
(0.40682209, 0.46625239, 0.89193684, 0.05193260, 0.73535162, 0.66055804, 0.69244128, 0.88143396, 0.26947561, 0.17443180)
(0.57153267, 0.76775092, 0.85510808, 0.73196173, 0.76619321, 0.01502094, 0.47186640, 0.63339454, 0.37668064, 0.67208177)
(0.53245187, 0.21796462, 0.82313818, 0.38584715, 0.41049483, 0.58148593, 0.40920934, 0.93588859, 0.24262506, 0.22963423)
(0.38897610, 0.84502834, 0.53670961, 0.68546396, 0.34501064, 0.04738294, 0.05645004, 0.52956426, 0.97141224, 0.94730461)
(0.82317019, 0.57694238, 0.75176167, 0.04994394, 0.89987916, 0.22653328, 0.06633875, 0.10809357, 0.31885159, 0.43637130)
(0.31211287, 0.77183354, 0.37040427, 0.50242096, 0.06754354, 0.31036365, 0.76873833, 0.46391979, 0.18751189, 0.11749519)
(0.08901131, 0.47541445, 0.75220543, 0.82380444, 0.86579043, 0.49748558, 0.55083513, 0.38341948, 0.31663710, 0.63161695)
(0.44430858, 0.50062543, 0.85717392, 0.47572672, 0.61056769, 0.04990144, 0.77793568, 0.26899785, 0.36853632, 0.81995982)
(0.44968832, 0.51652437, 0.35037228, 0.60380477, 0.96920490, 0.39737898, 0.52662212, 0.10218316, 0.31238997, 0.33230579)
(0.78566116, 0.11666820, 0.50755924, 0.76865971, 0.10132046, 0.32319847, 0.90977585, 0.26666036, 0.35656962, 0.89914840)
(0.26071876, 0.75650889, 0.24517742, 0.06960936, 0.16756886, 0.64118671, 0.82596809, 0.96486217, 0.18723391, 0.46623582)
(0.45023620, 0.91672617, 0.17967154, 0.75094903, 0.87045246, 0.57872695, 0.40274176, 0.49950436, 0.17433402, 0.30856025)
(0.62995982, 0.69016463, 0.48096034, 0.65106398, 0.16261806, 0.48253530, 0.08848508, 0.43432954, 0.05904955, 0.19556984)
(0.23310168, 0.40017614, 0.82336235, 0.82557660, 0.51151150, 0.04762657, 0.72326761, 0.38358888, 0.80623937, 0.97589672)
(0.76310134, 0.43239972, 0.84086573, 0.84048051, 0.55505711, 0.26999584, 0.54505241, 0.51888806, 0.26734108, 0.98078835)
(0.44157577, 0.33069852, 0.82143366, 0.72800487, 0.43901631, 0.31396043, 0.84894145, 0.21688458, 0.29806519, 0.85937554)
(0.40350246, 0.59645790, 0.60850120, 0.23666660, 0.35365313, 0.27144852, 0.15367109, 0.16856946, 0.87903553, 0.28214505)
(0.61407840, 0.45696506, 0.89361882, 0.39174005, 0.29055309, 0.58837819, 0.47605202, 0.43292552, 0.53720284, 0.26184303)
(0.83334285, 0.72895432, 0.93036366, 0.53211695, 0.84231782, 0.31965995, 0.18402694, 0.42203423, 0.25141186, 0.62316364)
(0.43679875, 0.39456788, 0.84520578, 0.59057301, 0.89582795, 0.06957531, 0.30033216, 0.55856895, 0.11905330, 0.91308624)
(0.52576590, 0.50671667, 0.65700895, 0.60213214, 0.54436195, 0.37467918, 0.09195312, 0.19970238, 0.13963731, 0.21297798)
(0.31339696, 0.90104234, 0.27664182, 0.64397502, 0.38883162, 0.56637233, 0.91749609, 0.57475889, 0.81486696, 0.59438598)
(0.58325112, 0.81063741, 0.16053830, 0.76501763, 0.82959080, 0.46934381, 0.54102701, 0.54041660, 0.94315952, 0.18168320)
(0.34917489, 0.76801002, 0.55681580, 0.81139642, 0.29919294, 0.34888235, 0.29688865, 0.34186766, 0.95094705, 0.42202124)
(0.64441848, 0.25154704, 0.70038527, 0.87654269, 0.47308955, 0.08811536, 0.86784166, 0.34441072, 0.22854492, 0.96503186)
(0.69420457, 0.33422685, 0.68117291, 0.62009019, 0.72504795, 0.72347242, 0.89156532, 0.22743998, 0.76689970, 0.12726024)
(0.80474144, 0.78522140, 0.63509166, 0.12628579, 0.33723691, 0.81076568, 0.89944547, 0.85351938, 0.52162915, 0.21715650)
(0.45604309, 0.80442643, 0.09131468, 0.72820520, 0.61136085, 0.30235690, 0.17465743, 0.27811778, 0.91515601, 0.57980275)
(0.81873316, 0.18848583, 0.32852527, 0.55017751, 0.58056277, 0.67226660, 0.38357812, 0.25232303, 0.25735429, 0.37398288)
(0.37736806, 0.63060802, 0.69834268, 0.66691023, 0.55467391, 0.21486312, 0.05169711, 0.40084016, 0.18654428, 0.33808026)
(0.89260757, 0.32472074, 0.45006883, 0.70561665, 0.10393756, 0.56011826, 0.94062376, 0.42502743, 0.74341094, 0.66133940)
(0.34951311, 0.43695524, 0.58833092, 0.38813770, 0.94991875, 0.11239181, 0.59842783, 0.24465102, 0.41775388, 0.83297634)
(0.85320395, 0.50291246, 0.52226996, 0.63021994, 0.37714893, 0.56583124, 0.54117316, 0.91002464, 0.15003300, 0.41999301)
(0.83314610, 0.61368048, 0.38638532, 0.73720682, 0.63056189, 0.85137284, 0.05398050, 0.43120489, 0.56704831, 0.77019620)
(0.36251742, 0.69083238, 0.27073625, 0.41548380, 0.57114244, 0.26782486, 0.33497867, 0.20356016, 0.92676175, 0.89010978)
(0.40236315, 0.06814251, 0.86306006, 0.15288585, 0.57035643, 0.96742457, 0.33717126, 0.29704681, 0.22546622, 0.75216734)
(0.26596838, 0.86426723, 0.33558601, 0.64211947, 0.86377245, 0.09748308, 0.54971623, 0.36296257, 0.54734510, 0.68787575)
(0.54907084, 0.15156168, 0.47337937, 0.13565540, 0.44220409, 0.53590763, 0.92113996, 0.91002780, 0.33577061, 0.11394109)
(0.36875588, 0.46918964, 0.85906690, 0.60659254, 0.89101124, 0.85155940, 0.49972430, 0.20076273, 0.10387628, 0.19753945)
(0.51500839, 0.87583697, 0.20186719, 0.25503954, 0.57578319, 0.57786900, 0.28888389, 0.38739601, 0.64184386, 0.71938211)
(0.33232674, 0.65453577, 0.52046037, 0.56870192, 0.52682000, 0.46795931, 0.72639781, 0.75933975, 0.30342337, 0.10878435)
(0.39381132, 0.54642016, 0.83935583, 0.72048748, 0.53749788, 0.36363241, 0.35691264, 0.59774786, 0.23229080, 0.04217672)
(0.57384640, 0.12849760, 0.60465240, 0.32096964, 0.57699317, 0.62265700, 0.48931471, 0.91714507, 0.21040516, 0.17251186)
(0.57425624, 0.26248711, 0.74352336, 0.13542336, 0.78572911, 0.33582869, 0.03136905, 0.17587385, 0.26284188, 0.58915472)
(0.57860321, 0.67834067, 0.02621522, 0.34036890, 0.56462902, 0.71765530, 0.47101629, 0.85012382, 0.12931556, 0.11155874)
(0.62467301, 0.21818556, 0.90141147, 0.42264947, 0.88896912, 0.40316445, 0.18929851, 0.37701806, 0.10504232, 0.39229336)
(0.64855450, 0.38770819, 0.10618305, 0.16951618, 0.33707005, 0.58939499, 0.66076016, 0.93941450, 0.16526833, 0.04459726)
(0.76531756, 0.35456160, 0.73290592, 0.18311329, 0.74978817, 0.40039262, 0.03099156, 0.16847168, 0.56851339, 0.60248816)
(0.90278053, 0.17293975, 0.60873574, 0.77435827, 0.09493907, 0.79989016, 0.95085788, 0.63190889, 0.69667733, 0.78540885)
(0.16443151, 0.50385761, 0.42008877, 0.15265140, 0.38894457, 0.73793828, 0.77981073, 0.94974744, 0.39280784, 0.15946059)
(0.39985049, 0.46786657, 0.56891286, 0.67835599, 0.95543712, 0.03102556, 0.50700694, 0.50840259, 0.37722978, 0.89046645)
(0.26400048, 0.34891722, 0.03584848, 0.39783064, 0.62706667, 0.88421667, 0.17303178, 0.93503892, 0.69628191, 0.26646963)
(0.62329268, 0.51317292, 0.42653829, 0.55364758, 0.38575470, 0.66829473, 0.87583649, 0.07139271, 0.75454575, 0.56358874)
(0.43851149, 0.38106549, 0.95534670, 0.41521975, 0.83140838, 0.32344505, 0.21742381, 0.16257976, 0.54569072, 0.02535671)
(0.45439792, 0.66318756, 0.34602386, 0.64985949, 0.94037187, 0.43786573, 0.50956213, 0.26473746, 0.14208210, 0.80177826)
(0.66699046, 0.38125974, 0.10416573, 0.47843152, 0.68666643, 0.68769151, 0.20542727, 0.41833788, 0.37854004, 0.56218797)
(0.82803613, 0.58586425, 0.42462334, 0.29988798, 0.53284311, 0.75309366, 0.27186275, 0.12130848, 0.09782393, 0.92975330)
(0.54060948, 0.55419099, 0.29378694, 0.39644229, 0.88940084, 0.48626116, 0.78731263, 0.17458118, 0.33839455, 0.50588131)
(0.82027864, 0.46940678, 0.80876529, 0.45399535, 0.43356648, 0.16483665, 0.44448075, 0.25338680, 0.52280074, 0.64599919)
(0.01725291, 0.25993371, 0.91274780, 0.47539312, 0.65680146, 0.43846363, 0.12669216, 0.23539390, 0.11824648, 0.27991706)
(0.87941688, 0.42296034, 0.12211376, 0.73728848, 0.71997344, 0.57232410, 0.89759511, 0.32902116, 0.62401605, 0.71344101)
(0.47989979, 0.02595736, 0.77096832, 0.46540290, 0.24915239, 0.20804468, 0.93813717, 0.22476842, 0.28548285, 0.72349972)
(0.15865234, 0.73886085, 0.62529898, 0.26247954, 0.34890857, 0.38112006, 0.49672240, 0.54760510, 0.31823489, 0.16607155)
(0.29151204, 0.14028899, 0.14965068, 0.11297249, 0.30240497, 0.86745256, 0.28672791, 0.72710091, 0.55906802, 0.57965744)
(0.78931451, 0.23755746, 0.03026503, 0.61462522, 0.48609334, 0.78213358, 0.22573884, 0.65356565, 0.31269452, 0.45307195)
(0.70070910, 0.61101645, 0.08291411, 0.54678619, 0.37675089, 0.70443398, 0.57480252, 0.83841503, 0.06671091, 0.39575842)
(0.68560797, 0.16187587, 0.34590665, 0.23722626, 0.67920220, 0.84511763, 0.51976037, 0.10192034, 0.10426725, 0.64655781)
(0.40234530, 0.80692506, 0.46663168, 0.55691284, 0.09084643, 0.65446258, 0.72617775, 0.43816379, 0.59084266, 0.53945011)
(0.71582103, 0.48575500, 0.66914499, 0.86587292, 0.62610030, 0.44383141, 0.16228983, 0.64386410, 0.08450245, 0.18641588)
(0.14767033, 0.68510634, 0.18016422, 0.22844788, 0.47557262, 0.84311348, 0.54803020, 0.58805609, 0.09602126, 0.28174755)
(0.51377100, 0.65551382, 0.71137249, 0.72423738, 0.35476401, 0.18590759, 0.20102106, 0.23699975, 0.94856513, 0.14620851)
(0.38906315, 0.25251520, 0.63934255, 0.56672257, 0.72968680, 0.27763692, 0.77973425, 0.29496455, 0.62652189, 0.12263519)
(0.34889957, 0.55399954, 0.09473829, 0.73919153, 0.64423931, 0.33084071, 0.47022453, 0.12890907, 0.88217413, 0.90830970)
(0.44132850, 0.85150826, 0.78518867, 0.83786505, 0.20117563, 0.27145654, 0.28188816, 0.32169107, 0.86168069, 0.65469640)
(0.34354261, 0.53625536, 0.55312145, 0.45312309, 0.33314881, 0.55530697, 0.13308051, 0.84862757, 0.46790347, 0.42045429)
(0.67653632, 0.61107427, 0.36929557, 0.19839878, 0.33581954, 0.70431566, 0.74610889, 0.72572696, 0.20815764, 0.07595816)
(0.39748907, 0.46935368, 0.65000868, 0.49795088, 0.55097556, 0.42096627, 0.05977171, 0.64821959, 0.22440419, 0.43626153)
(0.82265532, 0.62021720, 0.09114972, 0.37978336, 0.17927675, 0.39718029, 0.21540228, 0.89247680, 0.23441264, 0.54619682)
(0.01781561, 0.84755647, 0.43871748, 0.56915629, 0.88074523, 0.70795012, 0.86188114, 0.64418733, 0.53435731, 0.11627464)
(0.91599882, 0.17588495, 0.40070742, 0.46700925, 0.43233579, 0.46672967, 0.29130557, 0.19732600, 0.12288036, 0.31629241)
(0.41413376, 0.44035265, 0.15515360, 0.48263702, 0.60619712, 0.80325109, 0.54974180, 0.16779418, 0.05775616, 0.27533481)
(0.98259902, 0.47866687, 0.51989990, 0.22162816, 0.09270214, 0.56991917, 0.48162693, 0.11345252, 0.06556194, 0.77477229)
(0.27963495, 0.36767718, 0.97202343, 0.57027996, 0.80972630, 0.37840542, 0.09733626, 0.21150406, 0.38855949, 0.08203794)
(0.61975127, 0.60106480, 0.90491754, 0.10463937, 0.89849377, 0.81751156, 0.64486098, 0.63130867, 0.38095653, 0.14317803)
(0.59982020, 0.42499658, 0.22501954, 0.37206939, 0.33881637, 0.82179928, 0.37226006, 0.06452421, 0.05744921, 0.16370888)
(0.32334438, 0.46085787, 0.51111871, 0.63415056, 0.78310287, 0.33055192, 0.08592779, 0.13234109, 0.31201175, 0.70868427)
(0.19799782, 0.60318148, 0.22549987, 0.38063425, 0.46757007, 0.29409593, 0.20909029, 0.32139441, 0.69245797, 0.93377233)
(0.71342307, 0.53791201, 0.27465522, 0.94404709, 0.92494851, 0.76174957, 0.07197957, 0.40773842, 0.25327498, 0.69235772)
(0.35967702, 0.62299925, 0.28806469, 0.66994160, 0.44286281, 0.82099152, 0.08119881, 0.65508628, 0.18841693, 0.67824316)
(0.55851674, 0.06569044, 0.23150179, 0.43009424, 0.32253256, 0.77088797, 0.35442322, 0.07787591, 0.23051919, 0.26942915)
(0.35572255, 0.31923702, 0.22978655, 0.03014115, 0.36383387, 0.73952186, 0.40293178, 0.93232334, 0.10811629, 0.39981130)
(0.37685931, 0.47985992, 0.33508056, 0.55271125, 0.90565169, 0.37592906, 0.19491154, 0.25132650, 0.17129646, 0.49302092)
(0.75288928, 0.43633878, 0.57552826, 0.24805741, 0.19938867, 0.57992649, 0.95180416, 0.58499378, 0.51039255, 0.72301888)
(0.28562590, 0.28508696, 0.41391686, 0.14654300, 0.61187607, 0.24545658, 0.49100360, 0.77973586, 0.29235572, 0.47800532)
(0.84776777, 0.61643714, 0.51876992, 0.62855047, 0.65496331, 0.56838119, 0.79584521, 0.26767465, 0.07296720, 0.42380315)
(0.86921763, 0.37041789, 0.64992088, 0.01656825, 0.34856504, 0.71552455, 0.64792144, 0.81087053, 0.14783578, 0.34502694)
(0.61781299, 0.68076438, 0.15213969, 0.57761556, 0.66103554, 0.60602492, 0.81832683, 0.21900403, 0.16321103, 0.09941972)
(0.72108597, 0.53144139, 0.60064566, 0.09010062, 0.62924540, 0.88816744, 0.14867526, 0.96972251, 0.51053208, 0.56032783)
(0.63730145, 0.55115068, 0.35672507, 0.71576959, 0.86653435, 0.74537188, 0.69467896, 0.42209762, 0.11169817, 0.06296511)
(0.45887944, 0.21715079, 0.54965889, 0.62351447, 0.40700457, 0.75552118, 0.97149426, 0.38148549, 0.62575960, 0.51993066)
(0.46334648, 0.90029734, 0.09455144, 0.42082956, 0.42990142, 0.65181351, 0.88750601, 0.50746012, 0.68733972, 0.45574433)
(0.88606894, 0.10997292, 0.16244064, 0.20261614, 0.65188301, 0.50665188, 0.89613944, 0.81971723, 0.22505756, 0.40728620)
(0.70554483, 0.51275122, 0.65791196, 0.82489663, 0.64841074, 0.28242084, 0.05097104, 0.17208901, 0.14083615, 0.13894823)
(0.70960742, 0.27370682, 0.56722236, 0.74828774, 0.80293983, 0.71567386, 0.29115102, 0.13851832, 0.09055060, 0.71428931)
(0.31046173, 0.14227648, 0.79325205, 0.54679644, 0.66548544, 0.05159710, 0.72139412, 0.43382397, 0.38247520, 0.62262666)
(0.95234412, 0.46680254, 0.52443457, 0.11505835, 0.31061924, 0.77988470, 0.84704924, 0.57194293, 0.27114114, 0.64293188)
(0.23799430, 0.45194408, 0.79360974, 0.85985309, 0.99111032, 0.30144083, 0.12665524, 0.42720276, 0.61046565, 0.64591449)
(0.14004639, 0.08283171, 0.19549525, 0.48641804, 0.35337001, 0.85727072, 0.54590505, 0.22585151, 0.12344845, 0.35716116)
(0.75141513, 0.06179995, 0.82846129, 0.06602013, 0.04333988, 0.60870212, 0.19231322, 0.65948761, 0.27350783, 0.62511617)
(0.47561228, 0.49496409, 0.75226629, 0.20537320, 0.68865782, 0.01873781, 0.41265339, 0.59624571, 0.59959930, 0.61980170)
(0.17297445, 0.73021948, 0.35944873, 0.85654640, 0.55001843, 0.05546489, 0.54745066, 0.27846029, 0.14649382, 0.34137043)
(0.85802495, 0.49654180, 0.19677852, 0.50277162, 0.53162152, 0.42694896, 0.82012928, 0.54487181, 0.14378601, 0.16221261)
(0.33157432, 0.23265158, 0.05511760, 0.54707623, 0.29724917, 0.87517083, 0.41425186, 0.35236549, 0.12770906, 0.12449343)
(0.76804948, 0.50534290, 0.66959369, 0.84601229, 0.73427409, 0.14577426, 0.54995501, 0.14542800, 0.89721620, 0.83432424)
(0.85123384, 0.01851187, 0.63179332, 0.08529869, 0.32162368, 0.66749227, 0.65016419, 0.66539663, 0.31315050, 0.60144556)
(0.78058004, 0.35368392, 0.73557699, 0.50418884, 0.63094109, 0.63226378, 0.08765427, 0.07088383, 0.14105998, 0.70211911)
(0.70976776, 0.59938818, 0.71016586, 0.10497174, 0.32419974, 0.54573542, 0.15879433, 0.86119515, 0.31019717, 0.47322991)
(0.17949153, 0.49602053, 0.83644432, 0.33156610, 0.72829139, 0.46846667, 0.59614122, 0.54149359, 0.47627777, 0.12453572)
(0.25494042, 0.71002173, 0.41596103, 0.59920686, 0.35560191, 0.32231835, 0.41990638, 0.33220553, 0.14496988, 0.18016668)
(0.28611311, 0.27350685, 0.65844327, 0.45996141, 0.59799427, 0.03791603, 0.43134359, 0.55323201, 0.89063197, 0.91558939)
(0.27247185, 0.97899365, 0.44745934, 0.58341676, 0.29958254, 0.18019430, 0.55932534, 0.49094221, 0.77902406, 0.41785675)
(0.82968974, 0.01725012, 0.26712191, 0.39741361, 0.44025305, 0.66074646, 0.30154353, 0.49161595, 0.15799177, 0.65258354)
(0.58278155, 0.28416812, 0.70085889, 0.49574697, 0.53441489, 0.21216731, 0.67492771, 0.04377564, 0.45157087, 0.91910833)
(0.72249573, 0.31129003, 0.66071528, 0.43165505, 0.29648936, 0.97200072, 0.15458322, 0.13830642, 0.40039662, 0.31613490)
(0.88627875, 0.06198807, 0.67551363, 0.73524702, 0.32203856, 0.70560044, 0.23445934, 0.60218233, 0.10057940, 0.95389557)
(0.44599399, 0.22797911, 0.07301804, 0.13485406, 0.59810406, 0.80731940, 0.62531435, 0.80919051, 0.14367598, 0.11125452)
(0.12346719, 0.59000748, 0.84055626, 0.92836463, 0.70591110, 0.74087524, 0.05678258, 0.51315755, 0.44921157, 0.89898318)
(0.38749260, 0.46585655, 0.63509423, 0.57603198, 0.64275104, 0.25286302, 0.16293027, 0.61777544, 0.38850373, 0.88790429)
(0.14261056, 0.45600185, 0.90441030, 0.10823074, 0.92138231, 0.23374979, 0.44858608, 0.37507614, 0.39257571, 0.20029294)
(0.66569078, 0.29647946, 0.79518390, 0.66870189, 0.79808861, 0.27827582, 0.62545645, 0.07399325, 0.61194760, 0.71539742)
(0.62362361, 0.44035447, 0.17604496, 0.48874933, 0.65634066, 0.86608285, 0.38597259, 0.39597926, 0.19508602, 0.66939855)
(0.29056516, 0.89567894, 0.78290886, 0.31256834, 0.27788478, 0.52454889, 0.55316794, 0.35993907, 0.89920503, 0.17031817)
(0.67879355, 0.40571788, 0.81921250, 0.27369174, 0.63986713, 0.13134609, 0.02691316, 0.20924570, 0.38443050, 0.28485808)
(0.49415541, 0.85515630, 0.69993669, 0.57304192, 0.48960847, 0.15385957, 0.34927362, 0.56380028, 0.17085730, 0.35866386)
(0.77207273, 0.12813690, 0.33100480, 0.16291416, 0.52435338, 0.89467728, 0.31882846, 0.28955227, 0.23184521, 0.41579741)
(0.28849334, 0.62573659, 0.75644320, 0.24217319, 0.59595174, 0.49451789, 0.61853951, 0.34184250, 0.07022143, 0.66432548)
(0.42003238, 0.33810797, 0.83869362, 0.74313009, 0.78533804, 0.37832677, 0.06130783, 0.43281516, 0.33207351, 0.92780030)
(0.45216492, 0.10368202, 0.05923158, 0.48946598, 0.20829275, 0.70559770, 0.13548933, 0.78088194, 0.39505756, 0.06080749)
(0.30320999, 0.14583670, 0.90760684, 0.55545717, 0.58697921, 0.05686301, 0.66771024, 0.43372306, 0.30912173, 0.65907389)
(0.15450607, 0.60378325, 0.93013483, 0.27159646, 0.75009686, 0.38233504, 0.27520368, 0.27593660, 0.88933253, 0.05287111)
(0.66541249, 0.39627469, 0.53157467, 0.29742855, 0.59764701, 0.44984341, 0.96868503, 0.32646027, 0.46588066, 0.74361825)
(0.48499706, 0.12363706, 0.09862190, 0.39157754, 0.70584947, 0.84340549, 0.42246467, 0.52047825, 0.14352378, 0.24521481)
(0.14689150, 0.54821330, 0.85702705, 0.44634321, 0.50901324, 0.14014962, 0.09354210, 0.48595625, 0.79349208, 0.01851454)
(0.59679961, 0.06012241, 0.42954832, 0.23598625, 0.40698931, 0.87714052, 0.26037040, 0.07458159, 0.33209327, 0.95469576)
(0.81109494, 0.41355404, 0.08828975, 0.49815398, 0.41233382, 0.85353440, 0.57954425, 0.44872862, 0.13519059, 0.47571161)
(0.72149575, 0.37100971, 0.69891781, 0.53551453, 0.35735756, 0.66638315, 0.82068789, 0.19718710, 0.79097575, 0.10542721)
(0.13971904, 0.76525927, 0.06658711, 0.62653589, 0.56623644, 0.77362633, 0.41399032, 0.77163023, 0.06214152, 0.69635195)
(0.84394181, 0.52305782, 0.23295829, 0.83718157, 0.92744744, 0.80947268, 0.15690909, 0.62867182, 0.19482259, 0.53690815)
(0.51962739, 0.32804570, 0.92160428, 0.39729273, 0.73270977, 0.96290213, 0.38673791, 0.10427158, 0.16690813, 0.30515894)
(0.72012067, 0.60565299, 0.21242194, 0.77148092, 0.95755512, 0.51512092, 0.53820729, 0.16855539, 0.15733948, 0.38402829)
(0.81351966, 0.23816247, 0.38136551, 0.12215957, 0.53691494, 0.58501071, 0.86259252, 0.29051107, 0.12742095, 0.65976375)
(0.49037626, 0.22670816, 0.44481993, 0.74958205, 0.72835070, 0.12900570, 0.80551136, 0.32292968, 0.18559493, 0.95092386)
(0.78426528, 0.58236027, 0.56156665, 0.30018309, 0.53097492, 0.55116260, 0.92405266, 0.10002231, 0.86675060, 0.63833433)
(0.12751469, 0.65725052, 0.51312548, 0.67012030, 0.91663909, 0.31921393, 0.32098824, 0.47319043, 0.30014589, 0.09661813)
(0.41507256, 0.60102844, 0.67319220, 0.28396204, 0.64594752, 0.41690248, 0.86700338, 0.36788160, 0.24660951, 0.50268602)
(0.16412920, 0.71376908, 0.94965959, 0.15477154, 0.81485343, 0.40235424, 0.12851599, 0.08140000, 0.69245672, 0.04065215)
(0.80411714, 0.24418612, 0.37237045, 0.80396801, 0.52709305, 0.12986387, 0.90887910, 0.21603483, 0.41337395, 0.93458098)
(0.88715410, 0.45864379, 0.45720515, 0.67648745, 0.65904838, 0.15859470, 0.73906475, 0.11182421, 0.32655129, 0.27461600)
(0.81738704, 0.62113059, 0.37683561, 0.77196181, 0.89873344, 0.18459311, 0.79852819, 0.34795073, 0.69931251, 0.66315585)
(0.87724113, 0.70875460, 0.06318597, 0.78308523, 0.49383527, 0.70631093, 0.44261366, 0.61419672, 0.10035609, 0.55550504)
(0.18717429, 0.86095583, 0.52609658, 0.36092159, 0.31696796, 0.51962066, 0.30820021, 0.47491392, 0.70855385, 0.34090853)
(0.76244438, 0.16049971, 0.21750364, 0.84666365, 0.17307997, 0.50324523, 0.61271793, 0.33534130, 0.49912712, 0.90176457)
(0.90538293, 0.28259531, 0.87091500, 0.67058158, 0.61578912, 0.56626427, 0.14785573, 0.57062793, 0.17599243, 0.82203722)
(0.40720925, 0.10757064, 0.51958746, 0.46335870, 0.52678216, 0.18712799, 0.67160243, 0.32751524, 0.19134723, 0.47448048)
(0.34620786, 0.59077001, 0.76229644, 0.36452946, 0.60850257, 0.25344682, 0.06067390, 0.38774723, 0.94640195, 0.04854703)
(0.39499885, 0.58907926, 0.27687591, 0.92992789, 0.86551183, 0.31701973, 0.50203097, 0.32613346, 0.18409768, 0.04749492)
(0.70448130, 0.68905324, 0.47094584, 0.07865023, 0.10911526, 0.52883679, 0.64526713, 0.26637602, 0.04608594, 0.17213888)
(0.26604760, 0.34353220, 0.15770963, 0.16494621, 0.31465679, 0.80790138, 0.61442810, 0.65038872, 0.09577010, 0.41175511)
(0.30145833, 0.09441094, 0.07591140, 0.65026087, 0.17309265, 0.62923163, 0.33631426, 0.20816417, 0.15195288, 0.23683085)
(0.45742685, 0.55693662, 0.17226557, 0.18004061, 0.10379920, 0.71604872, 0.66031694, 0.91226584, 0.07850534, 0.35831469)
(0.27438664, 0.81896526, 0.49835485, 0.15087181, 0.38708606, 0.55106986, 0.36583263, 0.81937009, 0.05115715, 0.56857944)
(0.94151568, 0.28698170, 0.35778207, 0.23002304, 0.24161634, 0.48077846, 0.86793333, 0.30011207, 0.25946856, 0.42128161)
(0.27552196, 0.40846360, 0.52658117, 0.75891531, 0.95678353, 0.23770247, 0.19991712, 0.40410492, 0.60741049, 0.60811442)
(0.33247098, 0.36482850, 0.07891826, 0.43563136, 0.62659347, 0.86352623, 0.36452916, 0.56009579, 0.12600268, 0.68242711)
(0.52466017, 0.44494638, 0.49161553, 0.50350690, 0.29448012, 0.64560962, 0.77634394, 0.68681729, 0.02638109, 0.80291170)
(0.54333037, 0.34722152, 0.56310463, 0.48139864, 0.79426950, 0.32669833, 0.93091148, 0.21113206, 0.61811894, 0.60348153)
(0.24742231, 0.70048100, 0.39621502, 0.49353182, 0.22744174, 0.71725190, 0.82875055, 0.05609223, 0.11661376, 0.17138383)
(0.06399346, 0.25217918, 0.91310370, 0.58926350, 0.71603376, 0.33768672, 0.19643937, 0.33580029, 0.32892913, 0.09196164)
(0.78025222, 0.55969048, 0.63279402, 0.75294495, 0.93525273, 0.24229266, 0.51973993, 0.36158183, 0.52632493, 0.39844760)
(0.72617805, 0.69140726, 0.84740603, 0.05722925, 0.62245852, 0.65064776, 0.66477674, 0.20188765, 0.77217090, 0.82252640)
(0.26918250, 0.58707196, 0.43501037, 0.69985890, 0.97756279, 0.21336234, 0.46848002, 0.19009219, 0.36338192, 0.37564191)
(0.67786884, 0.40487337, 0.91888535, 0.59175712, 0.73156464, 0.32218936, 0.42846236, 0.35827836, 0.61035383, 0.21199054)
(0.45522681, 0.05782221, 0.84793007, 0.54634833, 0.36415169, 0.17818287, 0.55836415, 0.60163647, 0.03972205, 0.91257149)
(0.20870228, 0.86225021, 0.21380067, 0.48171178, 0.34589013, 0.46660221, 0.88651937, 0.33729833, 0.77404833, 0.69742310)
(0.47854158, 0.29697102, 0.39016148, 0.80559224, 0.87259549, 0.84778833, 0.08025926, 0.43005773, 0.30884519, 0.67931068)
(0.75106102, 0.50396568, 0.19270515, 0.88012195, 0.44877344, 0.03226161, 0.69463384, 0.17412554, 0.68741906, 0.86240286)
(0.31273347, 0.61791974, 0.21261010, 0.41263399, 0.74490702, 0.57437295, 0.88508171, 0.10440467, 0.23005748, 0.28637475)
(0.45646134, 0.79888946, 0.35157526, 0.86875260, 0.66064352, 0.57632428, 0.29701266, 0.19029398, 0.17596729, 0.27251905)
(0.67858392, 0.42105848, 0.63121480, 0.18335578, 0.69256330, 0.71384013, 0.37286818, 0.90351456, 0.30285278, 0.28150246)
(0.66608161, 0.42939305, 0.70697790, 0.37007555, 0.62754160, 0.29427907, 0.52030951, 0.17039961, 0.78445113, 0.33838525)
(0.58540797, 0.20842116, 0.86077940, 0.59485245, 0.54164630, 0.40873224, 0.05976574, 0.80564064, 0.39437902, 0.79559112)
(0.60451663, 0.73697531, 0.45506731, 0.73165655, 0.92730451, 0.48406678, 0.86075109, 0.45099354, 0.75941181, 0.08342974)
(0.59736681, 0.26969010, 0.77483630, 0.67440808, 0.74831498, 0.04480797, 0.24802661, 0.15645500, 0.69814903, 0.05651273)
(0.82595080, 0.28333923, 0.16121382, 0.67235547, 0.65355366, 0.55084985, 0.90760869, 0.30430779, 0.79314548, 0.71657890)
(0.68717438, 0.65215671, 0.19121097, 0.53959966, 0.28395942, 0.60580152, 0.12008862, 0.94517112, 0.36616746, 0.25072992)
(0.81889397, 0.63046432, 0.14278774, 0.67842269, 0.72962767, 0.66120613, 0.63047564, 0.20169407, 0.07716163, 0.43716487)
(0.88442862, 0.64642549, 0.30103329, 0.53565639, 0.27354395, 0.76681155, 0.41387320, 0.83385718, 0.23656152, 0.16123010)
(0.01657789, 0.81250602, 0.71962386, 0.29544529, 0.60410070, 0.33056468, 0.31786513, 0.62850744, 0.76421452, 0.10213298)
(0.75233179, 0.70170629, 0.52065033, 0.80295968, 0.94469082, 0.26792344, 0.30074120, 0.36250699, 0.24635921, 0.85185146)
(0.88254613, 0.34441134, 0.34011561, 0.26073068, 0.62417543, 0.44154778, 0.78741193, 0.12915388, 0.17756796, 0.41963997)
(0.92278820, 0.44927871, 0.30175582, 0.94825417, 0.74079418, 0.85354704, 0.08246949, 0.78122211, 0.31700388, 0.59280497)
(0.44429934, 0.72210783, 0.47823167, 0.82504719, 0.64248425, 0.29085112, 0.02341516, 0.41576913, 0.93138051, 0.14442852)
(0.53287584, 0.09042810, 0.26665252, 0.86014670, 0.47812110, 0.89867663, 0.46925360, 0.45967841, 0.20530866, 0.71769583)
(0.23943193, 0.28710639, 0.36605126, 0.69610274, 0.59882283, 0.40670168, 0.13272107, 0.35546041, 0.24387544, 0.86400181)
(0.22102067, 0.67315507, 0.68265790, 0.71482480, 0.95811278, 0.38411176, 0.50880885, 0.55513138, 0.24788567, 0.10117389)
(0.93596679, 0.28572589, 0.57095981, 0.87633473, 0.33742809, 0.54577148, 0.42463431, 0.75688398, 0.64432001, 0.24583440)
(0.24274667, 0.37041867, 0.13796058, 0.17289481, 0.35940996, 0.91216075, 0.58238178, 0.48701826, 0.06442643, 0.37154305)
(0.88877171, 0.42682144, 0.61138135, 0.21018612, 0.59304237, 0.64487606, 0.14924490, 0.02841634, 0.12542267, 0.76585591)
(0.11498230, 0.38274029, 0.29762909, 0.71643120, 0.95914245, 0.21808727, 0.49104184, 0.28903532, 0.56452370, 0.22036956)
(0.08979357, 0.24641091, 0.57344407, 0.31773794, 0.66906071, 0.27787581, 0.07237069, 0.55325168, 0.54121554, 0.10021274)
(0.59755409, 0.52517092, 0.13229072, 0.44687411, 0.25625503, 0.52365398, 0.86336720, 0.85142356, 0.09009039, 0.22065231)
(0.92487758, 0.36533418, 0.93328363, 0.20103237, 0.20285337, 0.73471969, 0.69710100, 0.38486198, 0.65424520, 0.35907191)
(0.46268365, 0.51836568, 0.20948565, 0.83771574, 0.39514235, 0.40049094, 0.07148974, 0.49185750, 0.08899389, 0.63926208)
(0.61985838, 0.49932712, 0.27527255, 0.67572170, 0.96413010, 0.49915904, 0.27469489, 0.32044882, 0.15894432, 0.85010964)
(0.74355865, 0.27843347, 0.73456776, 0.24943492, 0.20592862, 0.89771622, 0.08774392, 0.49790293, 0.56139743, 0.66363281)
(0.12793505, 0.73923016, 0.81424093, 0.11073782, 0.08593366, 0.55598772, 0.53168422, 0.93558222, 0.30671164, 0.71118712)
(0.71965557, 0.33461428, 0.53536177, 0.69226861, 0.62506217, 0.16691697, 0.67925841, 0.42230687, 0.14988840, 0.80215025)
(0.46646136, 0.25412986, 0.88185346, 0.76576823, 0.74087715, 0.69380176, 0.34729427, 0.04094410, 0.16429375, 0.36045691)
(0.88280356, 0.51197201, 0.66627014, 0.07683485, 0.62864190, 0.41981146, 0.65837723, 0.18291020, 0.19020341, 0.39082229)
(0.48100534, 0.01882356, 0.69798064, 0.15249309, 0.11973746, 0.17853607, 0.79362094, 0.42314157, 0.16037655, 0.65653646)
(0.64532399, 0.77278262, 0.83225685, 0.13789274, 0.20246106, 0.14947660, 0.49804384, 0.32606801, 0.50605315, 0.67582417)
(0.71368581, 0.85102326, 0.81754732, 0.44470900, 0.76466268, 0.20279981, 0.40481600, 0.18206328, 0.27263907, 0.80253166)
(0.41188148, 0.09378836, 0.35940072, 0.77630073, 0.08465029, 0.84199202, 0.24092075, 0.57485133, 0.34574538, 0.73895526)
(0.32429671, 0.36244226, 0.40464219, 0.08773264, 0.32957807, 0.65873390, 0.41382807, 0.98547006, 0.20348839, 0.51139170)
(0.59028888, 0.84885395, 0.42466113, 0.90386206, 0.47011584, 0.02576662, 0.39019859, 0.61829388, 0.94302815, 0.49249995)
(0.56341451, 0.44469038, 0.69770092, 0.05470817, 0.61165971, 0.46759096, 0.23836206, 0.97044307, 0.32310334, 0.56072438)
(0.76159430, 0.30273554, 0.52865541, 0.25184959, 0.51405931, 0.55344486, 0.90594119, 0.07360830, 0.78758961, 0.70206010)
(0.63925248, 0.69681847, 0.45023963, 0.03026203, 0.32705677, 0.68650413, 0.85123152, 0.67447716, 0.09719562, 0.57552767)
(0.92191744, 0.05664339, 0.52327943, 0.29604194, 0.04540644, 0.23520680, 0.74031067, 0.40136588, 0.13624771, 0.80916601)
(0.05439645, 0.87954700, 0.77460343, 0.08949058, 0.49820313, 0.51633018, 0.50148785, 0.62988865, 0.45294976, 0.26708269)
(0.72563708, 0.30168369, 0.91628724, 0.62307394, 0.38649821, 0.38078451, 0.47786316, 0.82709992, 0.05163007, 0.87204152)
(0.26567847, 0.95441139, 0.67248833, 0.86337239, 0.37781280, 0.27104497, 0.53640169, 0.63518226, 0.07299309, 0.33561397)
(0.61277455, 0.35251746, 0.89836240, 0.69115967, 0.74360013, 0.14066796, 0.38933125, 0.21616109, 0.83639485, 0.86343896)
(0.27973038, 0.82083189, 0.52498490, 0.60926789, 0.63285828, 0.13687152, 0.65889227, 0.53695202, 0.55195981, 0.09605397)
(0.30853662, 0.66414183, 0.56989366, 0.26631013, 0.33171043, 0.43935943, 0.59568220, 0.92112887, 0.03703208, 0.73675704)
(0.08212356, 0.05119293, 0.40488562, 0.64621562, 0.18896370, 0.73478651, 0.36369771, 0.31483454, 0.23067378, 0.19226056)
(0.10026725, 0.15115114, 0.76299101, 0.02014268, 0.89027458, 0.30360386, 0.23708308, 0.19495882, 0.71046567, 0.03452511)
(0.31702417, 0.64545965, 0.75166589, 0.67230666, 0.33719659, 0.52788711, 0.40539968, 0.23043841, 0.91751564, 0.55709410)
(0.81876999, 0.75818616, 0.45965117, 0.42965907, 0.63071722, 0.35514465, 0.84306526, 0.05870200, 0.25907415, 0.87772012)
(0.03803545, 0.35200596, 0.54769522, 0.89676785, 0.64153105, 0.21675694, 0.36601558, 0.38289997, 0.26489884, 0.32930169)
(0.81914318, 0.41377351, 0.29505610, 0.34543425, 0.28814143, 0.70286876, 0.65802884, 0.78176266, 0.10051519, 0.25728688)
(0.74811924, 0.23223776, 0.75856912, 0.87995237, 0.02904060, 0.36774457, 0.94638032, 0.65345174, 0.38339394, 0.92426676)
(0.59494710, 0.56625414, 0.89697605, 0.88228244, 0.54009902, 0.14363167, 0.65875828, 0.39870754, 0.45974004, 0.97749728)
(0.96530074, 0.43115312, 0.73161918, 0.53790951, 0.26657218, 0.59176219, 0.83813316, 0.22520734, 0.49376053, 0.58245593)
(0.45968038, 0.33098158, 0.11434776, 0.34730071, 0.45952034, 0.62509936, 0.75039482, 0.73256052, 0.14126202, 0.02804752)
(0.59809995, 0.41817725, 0.48370358, 0.72613704, 0.77208424, 0.04262901, 0.26672176, 0.24389938, 0.10541633, 0.66996676)
(0.74255532, 0.61734301, 0.21744479, 0.57705885, 0.18508074, 0.43848169, 0.36463252, 0.81695110, 0.07377541, 0.45899153)
(0.13010022, 0.62253994, 0.36186594, 0.30527353, 0.70667505, 0.77237743, 0.90669209, 0.90320939, 0.13642749, 0.14311166)
(0.83851063, 0.24426520, 0.89273667, 0.24775364, 0.68347865, 0.80066234, 0.45393333, 0.30032626, 0.10237568, 0.09149885)
(0.27733153, 0.27320549, 0.91642249, 0.30962345, 0.34594488, 0.01144991, 0.51421636, 0.34729800, 0.28314933, 0.71803182)
(0.63961089, 0.55556297, 0.73566997, 0.30716085, 0.34027383, 0.62770051, 0.05632628, 0.32674751, 0.10653304, 0.15520346)
(0.81520921, 0.74700385, 0.61198193, 0.15624377, 0.58608484, 0.82321727, 0.88127977, 0.47238100, 0.13986108, 0.49273312)
(0.65551877, 0.70966005, 0.27110428, 0.88448614, 0.87896091, 0.44607186, 0.07242549, 0.33365062, 0.08101002, 0.81955773)
(0.80329353, 0.14569254, 0.65842640, 0.78976840, 0.39282772, 0.41255736, 0.64519447, 0.79008746, 0.10156017, 0.97923756)
(0.38698745, 0.32687855, 0.49993432, 0.37731564, 0.94357318, 0.21093899, 0.31130403, 0.32748145, 0.34741938, 0.56012410)
(0.26032573, 0.47784036, 0.75448054, 0.18751720, 0.51298076, 0.93050760, 0.05721058, 0.41624686, 0.28541249, 0.66870338)
(0.39042857, 0.34805578, 0.46697873, 0.38167381, 0.76524931, 0.07811750, 0.37083840, 0.12587826, 0.30784100, 0.69633925)
(0.59360325, 0.50386655, 0.83660746, 0.29736474, 0.25333205, 0.06747121, 0.55364448, 0.20582594, 0.65598249, 0.84184116)
(0.04713785, 0.36380884, 0.44971016, 0.80067921, 0.61668897, 0.75822276, 0.63860202, 0.15610613, 0.13018985, 0.28690860)
(0.82770777, 0.51207232, 0.72987676, 0.14141627, 0.75344795, 0.84539008, 0.82556880, 0.36885545, 0.04016821, 0.89878994)
(0.36073604, 0.74943185, 0.64278924, 0.40880060, 0.39778832, 0.22083616, 0.25769296, 0.61694252, 0.10969166, 0.30616516)
(0.33557799, 0.34383655, 0.25567117, 0.84297663, 0.36203766, 0.58423215, 0.36278459, 0.08043850, 0.04995334, 0.06171309)
(0.49510363, 0.88023823, 0.39898005, 0.38962358, 0.23788923, 0.36257282, 0.77245015, 0.80194956, 0.24454960, 0.26702294)
(0.43167111, 0.31269267, 0.94722784, 0.84138858, 0.18772660, 0.91599917, 0.12055186, 0.25906789, 0.40718243, 0.66432941)
(0.69752669, 0.06038841, 0.65522230, 0.86457330, 0.39694420, 0.85607815, 0.19133389, 0.52450883, 0.69645721, 0.75644720)
(0.81227297, 0.44756526, 0.38305557, 0.65480977, 0.46684343, 0.74544472, 0.90315163, 0.46581411, 0.85747129, 0.13277085)
(0.36300561, 0.73859090, 0.40009806, 0.80337769, 0.85345876, 0.07193355, 0.38885596, 0.20646791, 0.37684852, 0.18249287)
(0.90876532, 0.58510214, 0.69320244, 0.05028377, 0.68264776, 0.89088994, 0.66622221, 0.60897696, 0.08496358, 0.53103226)
(0.74312872, 0.56393236, 0.57194763, 0.37341353, 0.72440398, 0.51049864, 0.83621538, 0.43076986, 0.09950428, 0.63924843)
(0.81316769, 0.25363398, 0.60707819, 0.52862519, 0.53524756, 0.27151999, 0.32280472, 0.06017479, 0.04875299, 0.83514398)
(0.84933448, 0.77273273, 0.33694330, 0.82572013, 0.48888057, 0.82337159, 0.70090598, 0.81949162, 0.27346429, 0.16875494)
(0.26461586, 0.58912432, 0.66007274, 0.64315295, 0.22961462, 0.29240084, 0.07553924, 0.08890186, 0.96604288, 0.61317754)
(0.33547893, 0.77005839, 0.68772626, 0.49732432, 0.68646717, 0.65632200, 0.27031898, 0.66746396, 0.10949333, 0.27970749)
(0.03350017, 0.48659840, 0.75578386, 0.08549403, 0.81627673, 0.30768025, 0.34231058, 0.60360754, 0.20871747, 0.17809848)
(0.55004913, 0.18694204, 0.42384967, 0.13702725, 0.47081190, 0.92835611, 0.35605863, 0.10941099, 0.11721305, 0.10566659)
(0.11811098, 0.86562067, 0.62844545, 0.80579644, 0.70902658, 0.22005720, 0.12414417, 0.59368938, 0.10976158, 0.42075035)
(0.65793693, 0.20332080, 0.34671652, 0.37566027, 0.40327558, 0.40929487, 0.84262741, 0.10450964, 0.69789040, 0.79677671)
(0.34137255, 0.34958312, 0.57707578, 0.38671681, 0.94770962, 0.21293408, 0.29713586, 0.28227109, 0.44897717, 0.75906253)
(0.41342750, 0.38382706, 0.54721349, 0.39596313, 0.75605702, 0.16652620, 0.68309027, 0.12386900, 0.37045395, 0.85970557)
(0.22885413, 0.15223505, 0.87935758, 0.62523997, 0.97863746, 0.25921747, 0.30004525, 0.45443705, 0.58886820, 0.57479870)
(0.78202891, 0.33351442, 0.68476194, 0.82090014, 0.57424074, 0.42120105, 0.87259930, 0.54799908, 0.14770611, 0.97808230)
(0.68961006, 0.04267467, 0.22985667, 0.66169500, 0.18462405, 0.38408616, 0.83784330, 0.65420270, 0.35686970, 0.85889697)
(0.54425931, 0.45464188, 0.26324272, 0.49886021, 0.67227483, 0.65912545, 0.47313276, 0.06759425, 0.11526214, 0.28374425)
(0.05381122, 0.40582591, 0.64392602, 0.06424084, 0.80583447, 0.25954616, 0.47245735, 0.42398652, 0.78558099, 0.13373494)
(0.46274039, 0.59816641, 0.04965484, 0.88436240, 0.40892622, 0.65003014, 0.84531957, 0.22212261, 0.84429550, 0.80485427)
(0.57119560, 0.81754088, 0.22590131, 0.34519690, 0.71346235, 0.62537748, 0.20287712, 0.38827688, 0.70671016, 0.43782815)
(0.65097374, 0.09616153, 0.80841744, 0.57960957, 0.57853621, 0.66540575, 0.22981285, 0.49357110, 0.11418989, 0.12089965)
(0.82394361, 0.55357146, 0.20087193, 0.45320472, 0.66070396, 0.51682341, 0.70719153, 0.21754222, 0.11623671, 0.54592770)
(0.62698805, 0.76296157, 0.92074710, 0.13049906, 0.57207501, 0.30266052, 0.28226945, 0.17798902, 0.62318313, 0.28387383)
(0.78162533, 0.21365786, 0.31022230, 0.20209025, 0.32947516, 0.80765074, 0.38662344, 0.44783896, 0.18886012, 0.11924107)
(0.40813506, 0.64759803, 0.34281132, 0.04659147, 0.32793939, 0.45877734, 0.43517652, 0.97167939, 0.10618278, 0.32579094)
(0.74243641, 0.48286405, 0.79892021, 0.81296164, 0.94128364, 0.13169670, 0.21304154, 0.27142516, 0.25971809, 0.68896341)
(0.31659859, 0.27106899, 0.04391411, 0.74608248, 0.65629524, 0.87685651, 0.10058747, 0.52878618, 0.35603216, 0.50158983)
(0.78676015, 0.66309124, 0.59931517, 0.70925987, 0.58839089, 0.52816588, 0.47044551, 0.78149444, 0.06473818, 0.37758967)
(0.24101400, 0.11587181, 0.86435711, 0.49776763, 0.67434627, 0.06414788, 0.55421859, 0.31533998, 0.36739314, 0.69377130)
(0.74169368, 0.48070672, 0.69962740, 0.28060907, 0.16794126, 0.68296903, 0.78164983, 0.66057909, 0.67975748, 0.42571637)
(0.12498845, 0.46719399, 0.57697159, 0.74578071, 0.21664524, 0.86663318, 0.67922115, 0.19317357, 0.10986045, 0.08318309)
(0.88884753, 0.23732701, 0.53590178, 0.91246921, 0.64916563, 0.84699434, 0.23292476, 0.71360588, 0.19823295, 0.27151838)
(0.35902771, 0.07956214, 0.44066322, 0.21621211, 0.43921930, 0.85398394, 0.69344223, 0.36522216, 0.10506935, 0.11131323)
(0.78373176, 0.53916359, 0.51599586, 0.12523752, 0.59301931, 0.71993661, 0.77218652, 0.20162290, 0.11078413, 0.44723451)
(0.04964813, 0.34415796, 0.90503448, 0.39641127, 0.69659251, 0.17675808, 0.34580958, 0.56734324, 0.68257397, 0.06833398)
(0.63986993, 0.59071362, 0.46903539, 0.64282185, 0.30670196, 0.42171806, 0.23255721, 0.67041039, 0.05562882, 0.66817719)
(0.25642407, 0.56472456, 0.66711211, 0.03659105, 0.28750196, 0.58380008, 0.53698224, 0.98161423, 0.11669832, 0.65635574)
(0.43281698, 0.42903838, 0.06118607, 0.37023714, 0.65929985, 0.79050660, 0.38394132, 0.32693684, 0.14139827, 0.37346560)
(0.25950357, 0.27365994, 0.54417753, 0.09485343, 0.76195860, 0.59475935, 0.16011044, 0.42514360, 0.51810616, 0.30654022)
(0.09921231, 0.46543893, 0.43158141, 0.04362730, 0.76051104, 0.32783353, 0.28493628, 0.40502512, 0.82873976, 0.22987247)
(0.36842194, 0.78414893, 0.41050255, 0.50289202, 0.30451742, 0.19694707, 0.60461199, 0.29158190, 0.83969688, 0.24320027)
(0.54849404, 0.50063437, 0.79206079, 0.02526200, 0.64846492, 0.64356101, 0.05673619, 0.88194382, 0.46256608, 0.18539084)
(0.72362781, 0.59404474, 0.24967587, 0.71730733, 0.83757824, 0.22686914, 0.73424131, 0.16380361, 0.90048802, 0.89032716)
(0.77621919, 0.61869645, 0.81289941, 0.09557451, 0.49674886, 0.02081300, 0.25442135, 0.12591620, 0.37395251, 0.71152747)
(0.03363486, 0.70898855, 0.54555625, 0.83368289, 0.57162601, 0.59382182, 0.38565701, 0.63564879, 0.10265329, 0.26913175)
(0.43681312, 0.49854347, 0.49033001, 0.01804260, 0.34253159, 0.81422830, 0.72902894, 0.16092896, 0.07747576, 0.34106278)
(0.23031545, 0.36397019, 0.12524515, 0.27928820, 0.36757800, 0.53683555, 0.61548865, 0.91802394, 0.22251070, 0.48579541)
(0.44074389, 0.04016662, 0.24569923, 0.68857729, 0.27755982, 0.92884582, 0.12335207, 0.56152046, 0.55092049, 0.48515660)
(0.43278992, 0.49505803, 0.12586701, 0.31699404, 0.45614526, 0.71433777, 0.87207443, 0.71482533, 0.07958186, 0.06453998)
(0.71471542, 0.18284859, 0.35054871, 0.54844838, 0.64888084, 0.35584280, 0.96033251, 0.24459469, 0.28874379, 0.84409934)
(0.77439004, 0.39467829, 0.48549238, 0.38330632, 0.06964775, 0.80094773, 0.13562430, 0.85095114, 0.44169956, 0.57565647)
(0.77598476, 0.52235079, 0.19329911, 0.82308525, 0.77928269, 0.11954235, 0.84807909, 0.32227460, 0.40124038, 0.88268524)
(0.67648464, 0.57733893, 0.23694438, 0.68149257, 0.12052789, 0.72500432, 0.86320782, 0.64963180, 0.71846402, 0.22693154)
(0.31082571, 0.28330299, 0.52803963, 0.80187100, 0.36084378, 0.59538984, 0.84857023, 0.33747405, 0.66094226, 0.90629178)
(0.73353964, 0.03826312, 0.29912755, 0.32995850, 0.20020518, 0.12606686, 0.95842105, 0.16474488, 0.19891036, 0.78288031)
(0.27205181, 0.05490118, 0.38928917, 0.26782489, 0.31391820, 0.85286343, 0.72138190, 0.67213607, 0.14659686, 0.13088444)
(0.42870229, 0.80993325, 0.51079786, 0.27404842, 0.33198473, 0.76705045, 0.57748389, 0.08929754, 0.98287570, 0.56960076)
(0.78398687, 0.37421358, 0.89344424, 0.48139399, 0.81412137, 0.41076034, 0.05990755, 0.41619241, 0.23012817, 0.71642518)
(0.35573238, 0.30895558, 0.82569957, 0.67409682, 0.83762544, 0.01631137, 0.49472538, 0.43863168, 0.38703942, 0.95018679)
(0.18963578, 0.52531159, 0.19028866, 0.62767226, 0.41252562, 0.59272313, 0.47762957, 0.52858770, 0.03516887, 0.78329271)
(0.34075463, 0.64026183, 0.93972421, 0.77965188, 0.31676677, 0.31251436, 0.02953543, 0.16131765, 0.17093976, 0.63814050)
(0.36912367, 0.19655891, 0.49472135, 0.47064400, 0.59985584, 0.92443562, 0.47940990, 0.04457213, 0.07785539, 0.41213852)
(0.33296674, 0.15805547, 0.92705190, 0.61255687, 0.42384505, 0.03580018, 0.77468020, 0.36329782, 0.13128589, 0.91426247)
(0.53577363, 0.40191534, 0.46619031, 0.89885157, 0.36712581, 0.88939553, 0.15737887, 0.23302785, 0.36360428, 0.75498194)
(0.25263897, 0.46742588, 0.15741448, 0.58444738, 0.97431016, 0.53518236, 0.49286595, 0.25362459, 0.25252002, 0.23999701)
(0.56499219, 0.50672436, 0.85003871, 0.64308590, 0.69805557, 0.11032207, 0.16859987, 0.57871246, 0.47494435, 0.14821762)
(0.64240628, 0.37869492, 0.57072377, 0.63080633, 0.87788928, 0.22619197, 0.39494243, 0.20201819, 0.14868924, 0.67000794)
(0.43860728, 0.88127518, 0.54488194, 0.52876610, 0.80257684, 0.02443416, 0.29516006, 0.70156944, 0.60820282, 0.42874759)
(0.37944779, 0.88030857, 0.47515813, 0.42459291, 0.26402545, 0.67536050, 0.84093422, 0.05772829, 0.76000136, 0.75413460)
(0.31973559, 0.81942159, 0.74590045, 0.89863396, 0.75604308, 0.16810608, 0.03267168, 0.27159145, 0.29847160, 0.66126031)
(0.13045566, 0.51515877, 0.83984172, 0.08475140, 0.81745738, 0.17920250, 0.43313497, 0.38033223, 0.51162410, 0.04570141)
(0.71098650, 0.36900771, 0.72805077, 0.20286727, 0.36042067, 0.35979426, 0.89064336, 0.29822719, 0.24470341, 0.78199971)
(0.11163624, 0.93709379, 0.44023928, 0.76137477, 0.86001986, 0.11352884, 0.37201440, 0.41077787, 0.34638843, 0.39582512)
(0.03366343, 0.86026829, 0.53705716, 0.61812437, 0.56270707, 0.38353589, 0.69334406, 0.81452167, 0.14599428, 0.18285374)
(0.46819621, 0.45173964, 0.38596863, 0.76502842, 0.91020542, 0.39725330, 0.47393143, 0.13186178, 0.16839916, 0.48183885)
(0.27209759, 0.77177227, 0.59008265, 0.82295674, 0.78267157, 0.53944999, 0.76181400, 0.41133952, 0.50976419, 0.02453962)
(0.55260491, 0.41687766, 0.50127721, 0.03076617, 0.34527066, 0.50772905, 0.68688649, 0.88093013, 0.23163114, 0.26855269)
(0.27903327, 0.48479047, 0.87317383, 0.61286873, 0.52041090, 0.00786125, 0.46767095, 0.60244334, 0.91257894, 0.95434654)
(0.38440502, 0.89621949, 0.16157538, 0.62088180, 0.67854303, 0.70532030, 0.53988928, 0.85378861, 0.06545187, 0.11036823)
(0.33570653, 0.87022519, 0.51404905, 0.45199531, 0.11907315, 0.37897134, 0.30700475, 0.24499075, 0.73678124, 0.17844772)
(0.13596335, 0.19766656, 0.14788172, 0.92214924, 0.65435618, 0.83185905, 0.39958087, 0.24733600, 0.24258798, 0.26238149)
(0.69249058, 0.38027945, 0.29987299, 0.39378020, 0.69421560, 0.46184760, 0.90169108, 0.17257597, 0.72801703, 0.71544284)
(0.04549714, 0.27504826, 0.06429572, 0.80627322, 0.18651888, 0.40954968, 0.88383484, 0.36233866, 0.64635354, 0.89715701)
(0.25014150, 0.71163368, 0.64896101, 0.20076744, 0.37943402, 0.22660813, 0.59318149, 0.44599929, 0.13087189, 0.25876808)
(0.61612636, 0.50224781, 0.46490869, 0.55546439, 0.19858967, 0.74947727, 0.28148744, 0.03265177, 0.02807060, 0.73175889)
(0.75963402, 0.68439502, 0.35163528, 0.09813996, 0.35051262, 0.48258618, 0.79914778, 0.08705684, 0.13440874, 0.40536022)
(0.50740230, 0.44220725, 0.78576148, 0.25519696, 0.76128823, 0.10397202, 0.14782202, 0.27141565, 0.51688010, 0.08002803)
(0.72221988, 0.93117994, 0.79199380, 0.94717711, 0.37659475, 0.09074622, 0.37312427, 0.25778857, 0.62755668, 0.55049670)
(0.42711970, 0.54216528, 0.73007345, 0.86292040, 0.79099053, 0.10948233, 0.28867519, 0.16934548, 0.60765737, 0.60357547)
(0.44351232, 0.24121554, 0.70641387, 0.53074133, 0.37023067, 0.35505015, 0.04990776, 0.44851226, 0.39373153, 0.95121682)
(0.09105076, 0.59895861, 0.61213386, 0.34304845, 0.42132685, 0.50643879, 0.17213516, 0.52175152, 0.20739169, 0.37397450)
(0.43325844, 0.29888582, 0.10215423, 0.43106592, 0.54028237, 0.81274164, 0.73234218, 0.23364164, 0.05336387, 0.34083214)
(0.28755242, 0.62130171, 0.31517893, 0.62190640, 0.44802505, 0.59341353, 0.39298251, 0.80292147, 0.04977486, 0.13227822)
(0.02043228, 0.48970720, 0.59931469, 0.10471938, 0.78038657, 0.37783799, 0.48436999, 0.51914519, 0.67572868, 0.22512405)
(0.74152595, 0.36478922, 0.20820406, 0.41541088, 0.54823148, 0.46996710, 0.92654967, 0.13492483, 0.72015125, 0.75694472)
(0.30283234, 0.36515799, 0.06699891, 0.11381270, 0.18369484, 0.66681272, 0.58044785, 0.95772010, 0.11016430, 0.23254323)
(0.49301639, 0.45429155, 0.14052199, 0.67732972, 0.88284260, 0.70155478, 0.16240044, 0.25822106, 0.12791035, 0.61559606)
(0.31427693, 0.09877598, 0.13512051, 0.65992284, 0.24422421, 0.83924651, 0.26406547, 0.85191321, 0.81684446, 0.90478194)
(0.67409581, 0.52829814, 0.20040950, 0.16424333, 0.12095870, 0.48304558, 0.90702575, 0.62973064, 0.18885043, 0.14955509)
(0.56335038, 0.62133205, 0.33720478, 0.20930116, 0.57752615, 0.65846986, 0.96112317, 0.75478899, 0.62478113, 0.06910086)
(0.68120748, 0.07955211, 0.91830140, 0.65184695, 0.87861305, 0.27686170, 0.32379901, 0.21897045, 0.16261007, 0.22520101)
(0.78057736, 0.51227111, 0.76549846, 0.71167058, 0.68015981, 0.34795904, 0.82354856, 0.14475212, 0.40571225, 0.87637860)
(0.51887238, 0.50319695, 0.86435121, 0.64134592, 0.31148359, 0.83005863, 0.07960629, 0.87001330, 0.28263006, 0.44533277)
(0.47749883, 0.67722738, 0.26616088, 0.69060016, 0.61229300, 0.59929264, 0.83564258, 0.26803359, 0.51199704, 0.70045996)
(0.48174420, 0.88604707, 0.65038186, 0.28645498, 0.09307604, 0.77981722, 0.55276978, 0.23935764, 0.88767934, 0.22557104)
(0.69237322, 0.49596515, 0.27781379, 0.76133841, 0.54212153, 0.76693952, 0.06005839, 0.92859811, 0.47884682, 0.37583256)
(0.63676989, 0.79768944, 0.84400320, 0.34215620, 0.33728480, 0.07917242, 0.25201213, 0.43306065, 0.14497599, 0.25968152)
(0.77482116, 0.60988337, 0.35366952, 0.48914602, 0.65898657, 0.42184019, 0.79795325, 0.17377855, 0.31632277, 0.05346905)
(0.56451744, 0.57512689, 0.63451886, 0.90004593, 0.59321010, 0.34411672, 0.04099621, 0.36640593, 0.08590680, 0.85053724)
(0.52463734, 0.82065833, 0.74945879, 0.67412835, 0.31124663, 0.02399021, 0.35218194, 0.64532298, 0.80279905, 0.39089286)
(0.60522240, 0.17768428, 0.38477781, 0.81443310, 0.28038907, 0.49340180, 0.09671048, 0.35939980, 0.40422389, 0.80637926)
(0.31039870, 0.33065012, 0.05053622, 0.08954885, 0.43793330, 0.65051037, 0.34996951, 0.96467006, 0.21458657, 0.09155523)
(0.63410616, 0.39078876, 0.49354503, 0.26694161, 0.32312021, 0.48919767, 0.93650794, 0.05674334, 0.62427258, 0.88682997)
(0.67639047, 0.55206513, 0.54973716, 0.62884182, 0.69985551, 0.28448889, 0.59939563, 0.06980644, 0.82687712, 0.75821197)
(0.14537804, 0.60440201, 0.28666160, 0.93604577, 0.45411012, 0.68301350, 0.47629225, 0.21126126, 0.07993420, 0.36401960)
(0.68070912, 0.58394909, 0.41628912, 0.65950191, 0.89786124, 0.30850461, 0.13297573, 0.52649730, 0.16042468, 0.57972932)
(0.56039906, 0.24753171, 0.08426214, 0.45361894, 0.41151708, 0.64101112, 0.48397550, 0.45253429, 0.18752752, 0.41044036)
(0.74007225, 0.84246141, 0.59918147, 0.51276529, 0.60169441, 0.42534673, 0.78045499, 0.60497767, 0.44264558, 0.13324454)
(0.56614083, 0.65367860, 0.79847419, 0.21401986, 0.34743389, 0.42041066, 0.40722126, 0.20876761, 0.69627690, 0.56871998)
(0.66391808, 0.28587991, 0.50354886, 0.66116816, 0.84940815, 0.43755999, 0.59922928, 0.27666715, 0.16165969, 0.77011764)
(0.22346120, 0.17302169, 0.42395961, 0.47442821, 0.24102885, 0.62166923, 0.92391127, 0.26788473, 0.71810174, 0.84563619)
(0.73609883, 0.24386775, 0.35774609, 0.64766926, 0.82911217, 0.32832417, 0.91366273, 0.22237578, 0.50520480, 0.87453127)
(0.80125272, 0.27980050, 0.13750657, 0.35595065, 0.23268302, 0.89072853, 0.32615688, 0.56579494, 0.40673167, 0.15646042)
(0.06769755, 0.70399863, 0.19734363, 0.59992188, 0.57688814, 0.52048808, 0.76882023, 0.51122272, 0.08998124, 0.21577992)
(0.80550283, 0.56248450, 0.64134723, 0.74164152, 0.53473371, 0.24812867, 0.83333647, 0.11904084, 0.74061757, 0.68918794)
(0.14483048, 0.88514715, 0.51062185, 0.14580728, 0.27460358, 0.53521204, 0.84633464, 0.79873866, 0.18118121, 0.51993871)
(0.48691842, 0.34036016, 0.32296315, 0.04856991, 0.27769396, 0.79865307, 0.15291360, 0.87087578, 0.28288031, 0.29329950)
(0.05349476, 0.40598711, 0.94899166, 0.70551366, 0.79436034, 0.45727932, 0.13227738, 0.14665198, 0.37579590, 0.18079384)
(0.79396409, 0.58523506, 0.34792933, 0.75425482, 0.56342810, 0.29176620, 0.32848728, 0.66131449, 0.08151995, 0.58601373)
(0.07283846, 0.44445086, 0.41177389, 0.72864527, 0.80243999, 0.56349069, 0.22839282, 0.20221773, 0.14265008, 0.84055984)
(0.17894067, 0.22194682, 0.86124164, 0.30797184, 0.68113828, 0.29881242, 0.12209795, 0.27610764, 0.31315082, 0.34897557)
(0.29727304, 0.43971139, 0.34947050, 0.25050673, 0.31759608, 0.62293077, 0.41446292, 0.89345837, 0.14771104, 0.10374514)
(0.31175897, 0.39704028, 0.91191506, 0.57001710, 0.61110753, 0.29566282, 0.02534187, 0.53136027, 0.42617539, 0.32903877)
(0.27505174, 0.54151964, 0.46119341, 0.52381456, 0.48122364, 0.61806244, 0.27218577, 0.39961904, 0.06232785, 0.17958985)
(0.83271760, 0.87964904, 0.63598269, 0.95764554, 0.63180244, 0.76262474, 0.69394684, 0.64401680, 0.58290362, 0.61400610)
(0.36025220, 0.49659517, 0.37057015, 0.61526775, 0.67780858, 0.34500229, 0.65384096, 0.31379572, 0.92369497, 0.67483872)
(0.28872257, 0.89761376, 0.66782153, 0.83189088, 0.57953018, 0.06538634, 0.31184113, 0.34558439, 0.68930721, 0.06661864)
(0.33679599, 0.58238387, 0.61767828, 0.15443440, 0.51825529, 0.82526731, 0.69768840, 0.47150746, 0.13666020, 0.08131356)
(0.40191787, 0.32130420, 0.12222169, 0.25849658, 0.15503088, 0.93965685, 0.50516754, 0.88282746, 0.17163190, 0.16274273)
(0.66745800, 0.70498294, 0.25572515, 0.50757933, 0.83259284, 0.26045907, 0.93607289, 0.14565696, 0.80244279, 0.78427953)
(0.10669979, 0.43760151, 0.27526683, 0.62792498, 0.85313284, 0.38287684, 0.33579531, 0.10044893, 0.31871921, 0.60720611)
(0.80956030, 0.60409051, 0.85122675, 0.50384432, 0.57711071, 0.36342734, 0.53533316, 0.50335550, 0.39935583, 0.22495469)
(0.14566155, 0.55919093, 0.62861705, 0.05067776, 0.88543689, 0.30719388, 0.37611881, 0.58394581, 0.28128842, 0.40532705)
(0.37044379, 0.59522355, 0.25569448, 0.16003861, 0.24879786, 0.81697226, 0.82372224, 0.20652094, 0.89662677, 0.36690086)
(0.18150286, 0.45301586, 0.58186567, 0.08829405, 0.40184629, 0.66825265, 0.66681129, 0.97344470, 0.15213062, 0.15562859)
(0.35455081, 0.16123204, 0.77191073, 0.38196301, 0.52804041, 0.71319294, 0.24312739, 0.31358489, 0.06265846, 0.09831281)
(0.32804450, 0.65941250, 0.07016473, 0.33628026, 0.49718153, 0.57865465, 0.49924150, 0.90778661, 0.07006814, 0.12997134)
(0.78309298, 0.80561036, 0.31534848, 0.65997821, 0.87730575, 0.38333663, 0.73100322, 0.51848900, 0.89151680, 0.61409897)
(0.62943333, 0.03625753, 0.17861331, 0.38695621, 0.36710957, 0.55759531, 0.42661217, 0.10231283, 0.10699834, 0.87963891)
(0.85011959, 0.38158509, 0.26584521, 0.79208577, 0.52073574, 0.40434822, 0.39169246, 0.75679779, 0.14433451, 0.04129723)
(0.15920231, 0.24455437, 0.05453808, 0.37559146, 0.64471632, 0.63596606, 0.77799082, 0.33249962, 0.16382779, 0.19669516)
(0.70558685, 0.83522326, 0.04423692, 0.34977368, 0.65538645, 0.50525624, 0.58979499, 0.72724903, 0.14527133, 0.19211836)
(0.54989725, 0.56465870, 0.32138830, 0.61823654, 0.95333964, 0.06046701, 0.30914494, 0.37723145, 0.42158410, 0.75739169)
(0.35049078, 0.62801278, 0.54188132, 0.31760013, 0.49011001, 0.44231638, 0.94283205, 0.52884501, 0.34014815, 0.53991032)
(0.56755024, 0.53532583, 0.61125666, 0.78727978, 0.65695959, 0.50478798, 0.11548263, 0.44708550, 0.17538419, 0.21678342)
(0.56683129, 0.52998793, 0.57019812, 0.12890066, 0.80703604, 0.33313221, 0.63866854, 0.23487496, 0.30025339, 0.73000109)
(0.37063465, 0.71133316, 0.44182268, 0.89497328, 0.26415101, 0.20616090, 0.09455161, 0.15955220, 0.95096225, 0.37284735)
(0.35673791, 0.54898763, 0.40619817, 0.13564879, 0.37129605, 0.68001223, 0.41213018, 0.28409693, 0.06578252, 0.10937655)
(0.73956883, 0.57786334, 0.73510730, 0.71351618, 0.16274062, 0.09598642, 0.91558439, 0.17316310, 0.44800907, 0.69959682)
(0.71122795, 0.58463275, 0.76427168, 0.16885144, 0.74665916, 0.03155157, 0.23018874, 0.27585670, 0.34795818, 0.09731833)
(0.77932507, 0.33131292, 0.04377129, 0.73916203, 0.33245879, 0.68988454, 0.36314529, 0.96657324, 0.27288201, 0.02993030)
(0.53640699, 0.91904390, 0.62242663, 0.71816552, 0.78773242, 0.03473921, 0.26093301, 0.55979681, 0.90022337, 0.54765791)
(0.37730873, 0.40271676, 0.24497811, 0.64365995, 0.56046891, 0.73745149, 0.13791235, 0.48407927, 0.44343579, 0.86730629)
(0.52236551, 0.19176160, 0.02715872, 0.79742903, 0.42236668, 0.64779329, 0.16028164, 0.32546708, 0.13157175, 0.13653521)
(0.85217208, 0.12710498, 0.34818959, 0.37959450, 0.32679904, 0.88794833, 0.41951776, 0.34556600, 0.16505976, 0.30262712)
(0.78080165, 0.44099733, 0.44180718, 0.17346734, 0.49808902, 0.88081563, 0.86248469, 0.74185950, 0.09973832, 0.33183393)
(0.29088479, 0.46217319, 0.75549412, 0.79219145, 0.83335316, 0.17734933, 0.32221150, 0.54764080, 0.59948999, 0.04720959)
(0.61867929, 0.06855203, 0.36610675, 0.43130368, 0.33133876, 0.55447298, 0.48157451, 0.55200994, 0.17497414, 0.04100526)
(0.50976777, 0.23279692, 0.63167268, 0.31801111, 0.74865460, 0.45426872, 0.51009899, 0.08874001, 0.12544292, 0.71602839)
(0.87781620, 0.24334180, 0.37571573, 0.78133571, 0.33478490, 0.48912343, 0.76071393, 0.25861681, 0.53975976, 0.90260291)
(0.57207572, 0.60687280, 0.23423430, 0.68574244, 0.57045513, 0.76618111, 0.49041051, 0.18709463, 0.13007110, 0.08489814)
(0.18215835, 0.25555947, 0.88233113, 0.38248178, 0.60091609, 0.02831614, 0.63460803, 0.49125493, 0.86333293, 0.70796949)
(0.38979018, 0.89180070, 0.67084694, 0.35095248, 0.14235118, 0.48204187, 0.13128297, 0.48843026, 0.05118134, 0.29885742)
(0.09118226, 0.48855057, 0.47360644, 0.53544837, 0.14747442, 0.62947839, 0.12595876, 0.29109916, 0.24872833, 0.64950854)
(0.10758057, 0.72984982, 0.59459811, 0.27242610, 0.39190459, 0.86789006, 0.33026648, 0.20312607, 0.04230982, 0.20319386)
(0.53764701, 0.64292669, 0.52804291, 0.33735904, 0.65730190, 0.36821672, 0.57898808, 0.06634628, 0.04572529, 0.79423499)
(0.41373342, 0.37484592, 0.74023986, 0.70565432, 0.89902365, 0.09225298, 0.63182801, 0.44951779, 0.17409495, 0.96076560)
(0.59753466, 0.12998353, 0.17417569, 0.60488135, 0.14779899, 0.39051715, 0.84696925, 0.20859262, 0.76795155, 0.71452135)
(0.58054543, 0.04770495, 0.44069532, 0.31445548, 0.16682141, 0.83667368, 0.21360324, 0.27197024, 0.80977052, 0.63810199)
(0.63636595, 0.41878766, 0.72871739, 0.36880776, 0.69405484, 0.69017655, 0.91318303, 0.09510389, 0.87645978, 0.70244384)
(0.55060834, 0.22914968, 0.20314650, 0.65980095, 0.91313082, 0.48889717, 0.76693839, 0.25364277, 0.07583480, 0.40455016)
(0.95556337, 0.36901277, 0.34508279, 0.41827583, 0.14578186, 0.42845535, 0.88969666, 0.36477765, 0.40835536, 0.29191014)
(0.77719200, 0.66683525, 0.25846049, 0.38750666, 0.87594175, 0.53326261, 0.90928435, 0.25809371, 0.72778797, 0.31608555)
(0.91768658, 0.22540817, 0.37998155, 0.80086797, 0.63688779, 0.35660967, 0.80807072, 0.21285370, 0.21132722, 0.88606477)
(0.82069534, 0.32963052, 0.29533193, 0.72323751, 0.75524467, 0.21166015, 0.71822160, 0.20089950, 0.06035757, 0.49311331)
(0.14391568, 0.41868222, 0.71189320, 0.62414491, 0.96503943, 0.37232283, 0.47408950, 0.33355275, 0.20625925, 0.51114231)
(0.52613980, 0.55683774, 0.80257511, 0.53343844, 0.60771275, 0.17906415, 0.22466980, 0.75436473, 0.10480994, 0.76429623)
(0.61955470, 0.21814416, 0.15961018, 0.56282979, 0.60393190, 0.63103223, 0.68599206, 0.44235614, 0.07015550, 0.60964847)
(0.48114002, 0.77160519, 0.72095412, 0.19018967, 0.71860278, 0.48261237, 0.47919855, 0.40481207, 0.31338117, 0.12463557)
(0.22753911, 0.25678289, 0.45512953, 0.33443037, 0.47136417, 0.13504164, 0.76406842, 0.19992928, 0.80276632, 0.80559874)
(0.82706374, 0.32876655, 0.28576306, 0.45311624, 0.58910859, 0.33700460, 0.83136356, 0.28830227, 0.27755460, 0.21851684)
(0.92520356, 0.19932678, 0.43132424, 0.31030479, 0.40639481, 0.80903476, 0.27174091, 0.15742369, 0.13252868, 0.73575127)
(0.65916294, 0.49289811, 0.76333028, 0.16704497, 0.44848111, 0.00759475, 0.23984735, 0.29052702, 0.49505523, 0.61926222)
(0.79031003, 0.85706556, 0.33918747, 0.55392480, 0.84590065, 0.44390014, 0.90040278, 0.54266328, 0.58288813, 0.65500158)
(0.19833203, 0.33769587, 0.63635117, 0.68367046, 0.23179184, 0.06771349, 0.74490541, 0.19168440, 0.76983523, 0.78034925)
(0.12586454, 0.82770139, 0.17058256, 0.39948910, 0.56313741, 0.42816347, 0.72276419, 0.80804479, 0.09079234, 0.64814526)
(0.43207908, 0.77109396, 0.29572421, 0.45823753, 0.89719659, 0.37252265, 0.58557338, 0.45154786, 0.10705546, 0.51551658)
(0.56453818, 0.49800432, 0.75469345, 0.51914603, 0.61014980, 0.02661648, 0.41143408, 0.53995055, 0.55374581, 0.77735293)
(0.93202770, 0.20987046, 0.06632907, 0.62291211, 0.16824889, 0.48728412, 0.24505463, 0.75512743, 0.21015552, 0.16240838)
(0.36659676, 0.34087357, 0.44663736, 0.57120311, 0.64036447, 0.39806274, 0.94030124, 0.24830709, 0.63895524, 0.87522042)
(0.62575346, 0.40931532, 0.42025599, 0.29632720, 0.75531691, 0.73682290, 0.54204899, 0.06143238, 0.14938644, 0.55757105)
(0.14515734, 0.41914868, 0.77598405, 0.69155186, 0.61555499, 0.93174499, 0.40959001, 0.39104271, 0.09662918, 0.37391630)
(0.64873141, 0.65711290, 0.73997378, 0.80606776, 0.71058792, 0.01833133, 0.36185333, 0.37167478, 0.59139043, 0.29071671)
(0.13721953, 0.61240524, 0.56343746, 0.51235461, 0.54794192, 0.12826622, 0.18695417, 0.59902251, 0.70555604, 0.07781751)
(0.02504747, 0.73560691, 0.77479279, 0.87290055, 0.58227122, 0.88341284, 0.11545935, 0.61002648, 0.31973353, 0.87381124)
(0.51932293, 0.02815048, 0.92164165, 0.16220614, 0.10444661, 0.41077444, 0.90683800, 0.50765806, 0.39221185, 0.33454758)
(0.90630805, 0.43974772, 0.80038446, 0.67945212, 0.20647414, 0.30204380, 0.75447923, 0.04234733, 0.68411136, 0.63284010)
(0.84449339, 0.85184819, 0.71168965, 0.74820447, 0.78110778, 0.68326676, 0.21057405, 0.82547492, 0.12132365, 0.71584952)
(0.91030127, 0.54844975, 0.77317041, 0.01899900, 0.15469940, 0.78393042, 0.48830959, 0.89666158, 0.09818083, 0.51094955)
(0.11749180, 0.44429088, 0.44918841, 0.05341285, 0.43460768, 0.32770121, 0.02921607, 0.07470234, 0.60446256, 0.02349751)
(0.64986163, 0.31522885, 0.34691405, 0.46007589, 0.79622269, 0.45628828, 0.33997685, 0.17777275, 0.16270441, 0.72158033)
(0.10125554, 0.14137411, 0.30114862, 0.81634766, 0.18064111, 0.62521863, 0.13558795, 0.36369774, 0.23599525, 0.89559180)
(0.14437121, 0.51327437, 0.92836469, 0.63344336, 0.81709582, 0.68924749, 0.30561000, 0.19550347, 0.15695511, 0.33417907)
(0.21072984, 0.39735991, 0.25637573, 0.58414859, 0.19914274, 0.68517774, 0.45980030, 0.13721901, 0.89271146, 0.80440432)
(0.76338553, 0.08006326, 0.22451453, 0.76436919, 0.40269709, 0.25327080, 0.84941256, 0.53221756, 0.15513510, 0.92153019)
(0.95361948, 0.33670181, 0.78092504, 0.44829854, 0.20178014, 0.45801786, 0.27723986, 0.56713355, 0.09362175, 0.21528223)
(0.35437986, 0.52261388, 0.46082988, 0.52079713, 0.23656142, 0.56064451, 0.09755635, 0.39129931, 0.10721540, 0.44482246)
(0.72579288, 0.19233629, 0.94757462, 0.32709384, 0.52293748, 0.51676375, 0.02012517, 0.11431406, 0.30819526, 0.90044492)
(0.49130934, 0.03431637, 0.85495019, 0.40562186, 0.33942974, 0.28208092, 0.87397820, 0.23804930, 0.07217745, 0.81935877)
(0.88475573, 0.32926977, 0.72218394, 0.07056960, 0.28242818, 0.92574656, 0.25178900, 0.91127610, 0.41069910, 0.81843328)
(0.87862152, 0.36305055, 0.47233254, 0.45139736, 0.39339423, 0.69432300, 0.93770033, 0.48922065, 0.76950824, 0.49102831)
(0.23522745, 0.40191653, 0.38273248, 0.48438996, 0.71887249, 0.23634100, 0.25243723, 0.36428502, 0.41168576, 0.70742774)
(0.08731964, 0.49012220, 0.76965553, 0.65724725, 0.33110237, 0.66392380, 0.24834919, 0.77358085, 0.11465525, 0.31940860)
(0.64522624, 0.41816112, 0.27186742, 0.48685426, 0.24319746, 0.86873591, 0.48078644, 0.30970073, 0.04508694, 0.53951865)
(0.35481587, 0.81689888, 0.67118877, 0.59418261, 0.09926238, 0.68290633, 0.65157074, 0.02857463, 0.88195264, 0.76562923)
(0.61652148, 0.54509187, 0.55989444, 0.62392658, 0.75754637, 0.69310534, 0.60232329, 0.69733346, 0.12720656, 0.04983960)
(0.47108105, 0.88590550, 0.53505135, 0.80687422, 0.37647739, 0.84772068, 0.15237962, 0.65680969, 0.20127745, 0.63981628)
(0.85931242, 0.55513132, 0.14894232, 0.75708461, 0.68501318, 0.36452645, 0.87776577, 0.26528713, 0.73751193, 0.70043796)
(0.47392237, 0.43951836, 0.88751650, 0.12181079, 0.33788395, 0.00553806, 0.44572672, 0.28069186, 0.74289930, 0.81082129)
(0.04470544, 0.65964651, 0.72359848, 0.27182060, 0.76314420, 0.63453341, 0.40257737, 0.86614817, 0.10928605, 0.44674587)
(0.87249488, 0.69424421, 0.36152941, 0.58813471, 0.56549740, 0.27003020, 0.84659564, 0.13002627, 0.60459840, 0.21956401)
(0.25857174, 0.38046131, 0.64774728, 0.84702504, 0.20879279, 0.62481141, 0.05676150, 0.46812364, 0.35300633, 0.56335402)
(0.12157148, 0.58331543, 0.36133310, 0.10063081, 0.17174725, 0.67065054, 0.67972410, 0.98853648, 0.29321760, 0.21669199)
(0.28824297, 0.67711210, 0.29239240, 0.39370021, 0.66889268, 0.14431585, 0.69187468, 0.36586368, 0.66448522, 0.34642935)
(0.52437264, 0.47623706, 0.73976940, 0.61362267, 0.43560040, 0.22968151, 0.47851929, 0.35589224, 0.85332769, 0.61222911)
(0.55086625, 0.52123541, 0.29027551, 0.28317818, 0.26765743, 0.60918224, 0.39687249, 0.94349337, 0.12427651, 0.24231492)
(0.53566760, 0.04430247, 0.45718670, 0.30707762, 0.26887870, 0.68877399, 0.65683663, 0.88699025, 0.49247724, 0.07741744)
(0.76959890, 0.33498350, 0.34110481, 0.76292753, 0.81160885, 0.51910025, 0.55584073, 0.25218713, 0.10466606, 0.38490647)
(0.33840975, 0.51770097, 0.60237533, 0.18905927, 0.21139421, 0.66697687, 0.45402601, 0.76949483, 0.14873396, 0.09245197)
(0.77066296, 0.80370867, 0.09544324, 0.36080283, 0.70947468, 0.51018018, 0.65108478, 0.83136398, 0.15993752, 0.13738118)
(0.09888664, 0.52919120, 0.56283319, 0.50913662, 0.54642677, 0.77934515, 0.66278952, 0.77200556, 0.09026010, 0.16049999)
(0.46491900, 0.45970294, 0.37947509, 0.53595519, 0.87700713, 0.47251123, 0.19572899, 0.31875706, 0.35014695, 0.77038485)
(0.32851198, 0.48347542, 0.14744510, 0.47953174, 0.85138154, 0.48070168, 0.64251578, 0.17315575, 0.14138491, 0.41268709)
(0.35830715, 0.32987714, 0.50488365, 0.42258066, 0.93570036, 0.23145242, 0.43123806, 0.32820758, 0.50703824, 0.59864104)
(0.92647564, 0.32338780, 0.08313470, 0.59317553, 0.49809587, 0.62853569, 0.91341609, 0.61912018, 0.49864784, 0.79869187)
(0.62057823, 0.39919826, 0.50746912, 0.73186070, 0.84284592, 0.06271953, 0.67162007, 0.52919745, 0.23148753, 0.77504498)
(0.89741015, 0.29292932, 0.38770610, 0.29425788, 0.13244887, 0.45958447, 0.82578468, 0.32802033, 0.48768097, 0.32017344)
(0.26484823, 0.26626545, 0.09592938, 0.77823448, 0.27228260, 0.91450429, 0.32310227, 0.13637522, 0.19796766, 0.22764146)
(0.11192944, 0.69555706, 0.77801496, 0.78925061, 0.83471555, 0.49576169, 0.64833295, 0.61108232, 0.29834965, 0.05386316)
(0.12050840, 0.42658371, 0.51328522, 0.67465281, 0.88315195, 0.35772920, 0.84389013, 0.38871530, 0.41010597, 0.34740385)
(0.32441378, 0.60656190, 0.52592063, 0.93709612, 0.84236199, 0.31375962, 0.24246298, 0.06640761, 0.26399675, 0.25235781)
(0.10537917, 0.38569614, 0.07317944, 0.60510343, 0.52839547, 0.77615535, 0.79768366, 0.54880291, 0.08872943, 0.15595105)
(0.52515733, 0.39138851, 0.42355374, 0.28241688, 0.21414177, 0.67733681, 0.28728870, 0.60449499, 0.10258744, 0.35765162)
(0.24427965, 0.63453549, 0.34730276, 0.72886032, 0.88105637, 0.18258965, 0.69186103, 0.35130736, 0.41980404, 0.17468266)
(0.45659411, 0.66957796, 0.02895619, 0.95595455, 0.09665392, 0.53655952, 0.65583915, 0.29729044, 0.84495419, 0.76399416)
(0.34671503, 0.86317843, 0.70164639, 0.92849666, 0.91620439, 0.17455068, 0.21621232, 0.36766252, 0.27217883, 0.34138206)
(0.28605679, 0.39006895, 0.23208420, 0.91569912, 0.88714319, 0.53575945, 0.19736290, 0.08052009, 0.15836541, 0.35842803)
(0.85605210, 0.52688748, 0.20930959, 0.26618373, 0.61840332, 0.63123196, 0.85329711, 0.59931028, 0.19815682, 0.43693498)
(0.72981149, 0.39880645, 0.72814065, 0.46886164, 0.58030427, 0.82062215, 0.35125884, 0.52670497, 0.09576012, 0.13548960)
(0.20249300, 0.78121030, 0.09839214, 0.23029804, 0.30664977, 0.67079622, 0.63735014, 0.93403590, 0.06514730, 0.11028025)
(0.68600380, 0.85963756, 0.80406082, 0.13776247, 0.67847657, 0.48238093, 0.52207774, 0.35867715, 0.75748932, 0.23623605)
(0.25820738, 0.80485564, 0.59872526, 0.15446374, 0.12883171, 0.47757572, 0.32991689, 0.97762841, 0.20727837, 0.30449632)
(0.00738184, 0.84316057, 0.88274610, 0.42704859, 0.79561740, 0.46909615, 0.55568600, 0.76665002, 0.70645547, 0.16841738)
(0.72417289, 0.60837305, 0.31343701, 0.47779393, 0.89462972, 0.65401286, 0.64617634, 0.64203626, 0.05637510, 0.52608204)
(0.23807335, 0.89556777, 0.79676265, 0.20137520, 0.63429201, 0.60925615, 0.59522688, 0.69173545, 0.41201285, 0.24170445)
(0.70273745, 0.86130935, 0.12133449, 0.87790173, 0.60892564, 0.40348992, 0.80704671, 0.40482762, 0.80348343, 0.42220929)
(0.10895069, 0.50732595, 0.07533979, 0.53905779, 0.55444384, 0.83673918, 0.45526421, 0.28537506, 0.19855559, 0.79764169)
(0.80129319, 0.34432274, 0.78881812, 0.04933564, 0.63057047, 0.93410939, 0.24142325, 0.70918685, 0.17077194, 0.11962114)
(0.76253861, 0.57616955, 0.47716182, 0.75049895, 0.95942765, 0.30948949, 0.14843941, 0.44883469, 0.16891952, 0.60831040)
(0.88768256, 0.42227167, 0.03503908, 0.75404018, 0.29933634, 0.53750938, 0.66850764, 0.67745543, 0.10182969, 0.17251702)
(0.20645270, 0.37150434, 0.38785833, 0.65352583, 0.92023182, 0.43013769, 0.15319294, 0.21974833, 0.39362022, 0.64834380)
(0.36370909, 0.34163147, 0.38067177, 0.35909265, 0.39267841, 0.49019215, 0.49217010, 0.62941486, 0.14404982, 0.17609228)
(0.18631122, 0.59607995, 0.13120942, 0.86335462, 0.40121126, 0.37500706, 0.30886808, 0.06645630, 0.04596573, 0.38857606)
(0.06285021, 0.30658153, 0.27628240, 0.92655826, 0.70012665, 0.81393826, 0.34896868, 0.25585470, 0.10261948, 0.39136299)
(0.77814364, 0.11980263, 0.63161111, 0.44440413, 0.28627598, 0.56929016, 0.22761853, 0.42917219, 0.51427758, 0.74442524)
(0.01173026, 0.69442499, 0.82873613, 0.47112983, 0.66157639, 0.88984066, 0.50027269, 0.49155903, 0.21892494, 0.77050275)
(0.26663601, 0.46722269, 0.91298622, 0.61056209, 0.77448928, 0.15669216, 0.38584584, 0.59399629, 0.79478443, 0.07058813)
(0.60217911, 0.38101283, 0.14108695, 0.87376928, 0.68754125, 0.85354823, 0.10032424, 0.44694477, 0.17622027, 0.61347860)
(0.69601119, 0.18859015, 0.21771935, 0.37656429, 0.27642447, 0.74428546, 0.59523749, 0.35425767, 0.09526310, 0.42040291)
(0.46794915, 0.64961094, 0.68835145, 0.36751449, 0.26054168, 0.24150042, 0.25055155, 0.19430342, 0.92571777, 0.41204458)
(0.60918450, 0.31579641, 0.53327829, 0.51266801, 0.39275458, 0.79379296, 0.16151917, 0.67706424, 0.17161183, 0.29740617)
(0.45110098, 0.49342716, 0.37069151, 0.57708704, 0.16641159, 0.82165593, 0.14623357, 0.94797486, 0.54450119, 0.22768724)
(0.83765787, 0.48194885, 0.30647379, 0.25270435, 0.61804479, 0.78690612, 0.72376639, 0.75357789, 0.09106467, 0.09017419)
(0.77498114, 0.81205642, 0.60312241, 0.87366152, 0.79082549, 0.22331600, 0.68022853, 0.49886200, 0.70886284, 0.94468349)
(0.84048909, 0.57131302, 0.20514274, 0.21706679, 0.37080240, 0.56496859, 0.65882707, 0.92649686, 0.15842070, 0.35091412)
(0.02999373, 0.23454498, 0.55626225, 0.79908717, 0.94320589, 0.46311897, 0.78848070, 0.27623343, 0.26705152, 0.32840779)
(0.70292628, 0.10436858, 0.78027087, 0.89089996, 0.40995941, 0.83375466, 0.07741627, 0.33045971, 0.38200286, 0.33301920)
(0.76138520, 0.75139248, 0.83709377, 0.71611029, 0.46519032, 0.01616055, 0.32089919, 0.40538573, 0.83602220, 0.49290210)
(0.08346068, 0.77025461, 0.19448331, 0.41435599, 0.36525929, 0.12896737, 0.14797264, 0.38980144, 0.73386127, 0.93425238)
(0.08344239, 0.46591222, 0.57781285, 0.94516170, 0.55812967, 0.42216358, 0.43854490, 0.42544240, 0.13616101, 0.06864340)
(0.93507683, 0.48808503, 0.67922711, 0.26822415, 0.57963955, 0.62161118, 0.70697677, 0.16889688, 0.19979928, 0.16998747)
(0.89170533, 0.69734448, 0.11088076, 0.56936711, 0.83654284, 0.48646319, 0.87817574, 0.51705331, 0.31094378, 0.14329575)
(0.90764248, 0.30577907, 0.29020280, 0.84147358, 0.58301753, 0.68522978, 0.09770996, 0.67707676, 0.23565172, 0.86120200)
(0.76898962, 0.88374180, 0.34338474, 0.34728307, 0.12535465, 0.77323484, 0.83683121, 0.29694793, 0.12671235, 0.21652903)
(0.29318845, 0.18036860, 0.44622967, 0.93755120, 0.84906828, 0.68257219, 0.36984885, 0.05371189, 0.13281423, 0.39845115)
(0.52586651, 0.91594046, 0.47512814, 0.51295120, 0.44245234, 0.54923356, 0.85224599, 0.34276414, 0.55632502, 0.20926265)
(0.24994941, 0.59525865, 0.27353743, 0.06550965, 0.43272009, 0.82256317, 0.59368789, 0.91889942, 0.11234682, 0.44376886)
(0.92347616, 0.28791887, 0.05361203, 0.75240159, 0.18618827, 0.40915996, 0.52077860, 0.84371340, 0.09676406, 0.05962917)
(0.58052289, 0.28198579, 0.62687534, 0.34887311, 0.36554798, 0.85035729, 0.75474417, 0.88750446, 0.17835444, 0.02180056)
(0.48319003, 0.06789237, 0.92288697, 0.35942459, 0.43647394, 0.21876942, 0.53301239, 0.43547338, 0.07663203, 0.64589006)
(0.58440441, 0.30674160, 0.46465757, 0.13390183, 0.09506136, 0.76382589, 0.89639080, 0.42494807, 0.63273329, 0.63440210)
(0.63896877, 0.60099065, 0.70966899, 0.06341279, 0.33489266, 0.04203362, 0.51226830, 0.27980390, 0.74678946, 0.73977989)
(0.44919986, 0.28491807, 0.69150192, 0.28857821, 0.39569384, 0.25946996, 0.97592646, 0.07698949, 0.51843959, 0.87264079)
(0.59435427, 0.57741916, 0.22301406, 0.83721018, 0.94224477, 0.68080038, 0.13393603, 0.35601664, 0.14385720, 0.76376885)
(0.36835968, 0.91424853, 0.83675402, 0.41528240, 0.36319038, 0.18236829, 0.43406692, 0.26399073, 0.28283608, 0.16502744)
(0.79439449, 0.52979934, 0.87438214, 0.54698002, 0.54300278, 0.15925255, 0.38002884, 0.02337983, 0.33211228, 0.79861301)
(0.52741480, 0.33261237, 0.76349479, 0.41130546, 0.67408305, 0.26726872, 0.23652206, 0.20410675, 0.15726601, 0.23924011)
(0.75834996, 0.29192528, 0.42888087, 0.55000335, 0.82644594, 0.46885169, 0.86996484, 0.21121258, 0.22978841, 0.63646621)
(0.47709355, 0.41214806, 0.49122471, 0.77618182, 0.26055932, 0.37697223, 0.90123498, 0.10844318, 0.55357611, 0.69650990)
(0.26516113, 0.29019842, 0.03761028, 0.43531135, 0.34463817, 0.67667472, 0.97957957, 0.33904952, 0.87606370, 0.70844638)
(0.68063343, 0.78338522, 0.48378849, 0.32216141, 0.51362473, 0.54268068, 0.82464498, 0.52332681, 0.04090611, 0.44519249)
(0.64949059, 0.49674332, 0.10766412, 0.91785300, 0.23958509, 0.60270548, 0.04302727, 0.24799196, 0.30724236, 0.84574127)
(0.19658622, 0.45593166, 0.43288589, 0.84909821, 0.98075348, 0.22710544, 0.45381349, 0.30183816, 0.38707626, 0.29829389)
(0.53555989, 0.15622127, 0.19484589, 0.74429929, 0.45940074, 0.53183860, 0.30678526, 0.24167837, 0.23552158, 0.86664718)
(0.08103727, 0.24278033, 0.37259743, 0.77018595, 0.88015789, 0.43182516, 0.60774606, 0.27345821, 0.41857857, 0.31457710)
(0.72068846, 0.25598538, 0.09899713, 0.62331104, 0.81350094, 0.30058330, 0.90978748, 0.48584217, 0.11954029, 0.94532424)
(0.95176011, 0.26661387, 0.49217534, 0.80568641, 0.27371082, 0.47807783, 0.14198419, 0.70360368, 0.81397408, 0.54436636)
(0.64282435, 0.34025484, 0.54921526, 0.36264604, 0.75865030, 0.77271026, 0.59348315, 0.04255090, 0.10955427, 0.48798242)
(0.49011979, 0.74395299, 0.32272822, 0.60863507, 0.67590261, 0.25013545, 0.88824302, 0.12739143, 0.57158798, 0.32701367)
(0.23514326, 0.65392339, 0.51684880, 0.83129227, 0.09322995, 0.27940050, 0.84032589, 0.37367216, 0.80628389, 0.82852477)
(0.59435278, 0.42337215, 0.77583075, 0.34111121, 0.88771158, 0.10128063, 0.09325767, 0.55758309, 0.69881123, 0.16914159)
(0.77567315, 0.53699791, 0.95013982, 0.33273309, 0.86402792, 0.30100906, 0.02947091, 0.08147671, 0.75017667, 0.24157654)
(0.78247494, 0.11108828, 0.34872437, 0.73783356, 0.76131952, 0.39696759, 0.54608577, 0.45183697, 0.04847224, 0.91668755)
(0.53306931, 0.59303492, 0.51788038, 0.02918366, 0.67595506, 0.64833677, 0.03916176, 0.96224630, 0.40550575, 0.40361950)
(0.28752595, 0.53605616, 0.09326146, 0.48923379, 0.45264241, 0.85172862, 0.84341353, 0.17170402, 0.93297172, 0.16231422)
(0.56023252, 0.36257482, 0.62111557, 0.04361532, 0.75571710, 0.87680870, 0.58672172, 0.42770743, 0.24639073, 0.19080094)
(0.46316442, 0.18829723, 0.22389424, 0.68612766, 0.67149335, 0.80863124, 0.70087612, 0.42750350, 0.08966991, 0.08305105)
(0.14532401, 0.86544323, 0.58098835, 0.76780057, 0.52344072, 0.17648557, 0.54357171, 0.17781977, 0.18380745, 0.15018642)
(0.27960211, 0.64982945, 0.32372689, 0.47968563, 0.95612776, 0.35417530, 0.57889056, 0.23696381, 0.16350889, 0.35962814)
(0.86092412, 0.45788291, 0.54311067, 0.13250399, 0.46760732, 0.56726605, 0.94278723, 0.32664049, 0.59286994, 0.68032700)
(0.25977534, 0.21744049, 0.82345784, 0.85803986, 0.70251966, 0.55651754, 0.27078721, 0.62236792, 0.07440546, 0.19159748)
(0.08072200, 0.67279506, 0.46175522, 0.67691302, 0.67266357, 0.15375721, 0.45714137, 0.25205812, 0.30180070, 0.52699935)
(0.42802864, 0.54917657, 0.25777486, 0.40673691, 0.16678317, 0.52796531, 0.81284755, 0.29058161, 0.05237580, 0.03356403)
(0.41141734, 0.10797562, 0.50934058, 0.74753058, 0.47662118, 0.18450171, 0.92313796, 0.40067530, 0.35981545, 0.92566496)
(0.51866043, 0.25398719, 0.81317914, 0.15429445, 0.96366793, 0.55384469, 0.35465351, 0.02363329, 0.42550623, 0.32666424)
(0.87068850, 0.61135948, 0.55282396, 0.22162944, 0.33720043, 0.64737678, 0.95212370, 0.12380783, 0.61770892, 0.70160699)
(0.29047167, 0.36937636, 0.04101237, 0.36439571, 0.21889651, 0.64926571, 0.27767709, 0.95793992, 0.57289827, 0.48335785)
(0.47454152, 0.69054919, 0.17189656, 0.62538379, 0.29430875, 0.12632126, 0.47034159, 0.14644210, 0.69972157, 0.60957676)
(0.71025985, 0.67578918, 0.60465544, 0.76948279, 0.32238445, 0.65472084, 0.19085491, 0.12575358, 0.03290910, 0.61218411)
(0.23950891, 0.66156715, 0.26890269, 0.44710827, 0.08203427, 0.72872174, 0.19818082, 0.82413906, 0.13707986, 0.37774992)
(0.69402319, 0.51304674, 0.18861644, 0.70769197, 0.70002866, 0.51345700, 0.89420742, 0.15576485, 0.73613501, 0.88425714)
(0.66149229, 0.32732698, 0.44750580, 0.01990039, 0.42532256, 0.70506948, 0.19638708, 0.94290161, 0.23450422, 0.40858135)
(0.38929906, 0.62386972, 0.23386218, 0.46190628, 0.91445225, 0.52694470, 0.79819524, 0.56167674, 0.27375364, 0.08115074)
(0.03358963, 0.31872404, 0.27813765, 0.12770939, 0.58664310, 0.42031235, 0.14192078, 0.35170200, 0.55439460, 0.23973331)
(0.70356554, 0.51457602, 0.60697168, 0.03575142, 0.32905120, 0.49234524, 0.31951681, 0.96353632, 0.22255668, 0.39710546)
(0.60280281, 0.75226271, 0.20857197, 0.75379413, 0.25586253, 0.56653076, 0.27763224, 0.20193078, 0.05246020, 0.26810399)
(0.19901232, 0.71021873, 0.75396645, 0.32915908, 0.64482278, 0.23464186, 0.42172417, 0.59722668, 0.58874661, 0.11127640)
(0.84718269, 0.24518605, 0.61311084, 0.56146884, 0.18861523, 0.48565641, 0.44448406, 0.92965323, 0.25342357, 0.25960469)
(0.71518368, 0.92688936, 0.64665693, 0.90568078, 0.79393291, 0.11658118, 0.58767933, 0.47854453, 0.57240605, 0.49887031)
(0.88699311, 0.38895431, 0.06416742, 0.62401938, 0.34256917, 0.28806013, 0.56347984, 0.84238720, 0.13978527, 0.43368879)
(0.86735129, 0.21354237, 0.89037210, 0.20636420, 0.75643212, 0.74658626, 0.15352319, 0.01786772, 0.12742239, 0.61153030)
(0.71424061, 0.70788449, 0.87421709, 0.04034341, 0.34757131, 0.05832716, 0.49897465, 0.27440277, 0.66107559, 0.82737517)
(0.62820935, 0.43143332, 0.92585313, 0.57290107, 0.53528070, 0.46088579, 0.47612628, 0.20287512, 0.69145310, 0.06259280)
(0.87829596, 0.17385815, 0.45694932, 0.40886533, 0.70303184, 0.68231297, 0.91374874, 0.37104023, 0.13474923, 0.46448776)
(0.30929884, 0.92523938, 0.11889952, 0.52000982, 0.32148433, 0.77522933, 0.74880236, 0.18887801, 0.86458540, 0.43330491)
(0.09377021, 0.17695713, 0.82437748, 0.66599172, 0.80075967, 0.40027499, 0.22895493, 0.19491407, 0.17077935, 0.25378817)
(0.28213498, 0.76371795, 0.73021424, 0.36893079, 0.62258965, 0.45793554, 0.27640554, 0.35072029, 0.12471909, 0.75009137)
(0.75087065, 0.59784228, 0.32124460, 0.39141294, 0.38857657, 0.60351455, 0.93513823, 0.52855998, 0.79218853, 0.19334449)
(0.64090586, 0.48316136, 0.07100936, 0.60949087, 0.65733004, 0.64592987, 0.64537883, 0.36046180, 0.12344879, 0.70425588)
(0.26521623, 0.44737786, 0.92658240, 0.65508580, 0.84910429, 0.23967254, 0.03593644, 0.47451645, 0.53411388, 0.25651002)
(0.74297166, 0.39689875, 0.75890696, 0.46250960, 0.77237743, 0.11348608, 0.08745588, 0.32443464, 0.19533034, 0.51215953)
(0.16764559, 0.36619431, 0.55604810, 0.58593363, 0.59870023, 0.05151420, 0.63996285, 0.41569105, 0.86300659, 0.89422202)
(0.15727745, 0.31364256, 0.45024601, 0.09722243, 0.70581645, 0.35163492, 0.24352211, 0.23965320, 0.81791210, 0.26373425)
(0.28168640, 0.53063035, 0.78996867, 0.82040274, 0.68747443, 0.49730685, 0.05843347, 0.23407421, 0.27508423, 0.64486539)
(0.68498343, 0.34556094, 0.30417156, 0.43896505, 0.29072648, 0.86805218, 0.12983999, 0.94482160, 0.43586993, 0.21900879)
(0.38809955, 0.17627260, 0.49449050, 0.69349718, 0.27179939, 0.20734164, 0.88385576, 0.22342825, 0.31440371, 0.73793954)
(0.54985696, 0.92629284, 0.73820770, 0.82158643, 0.61709172, 0.01276787, 0.24675001, 0.55886436, 0.64715749, 0.47059542)
(0.39818040, 0.34023896, 0.64229828, 0.89656144, 0.60343069, 0.53818810, 0.34501040, 0.06281723, 0.12242537, 0.46341220)
(0.56910133, 0.60162961, 0.21608669, 0.38883325, 0.85917240, 0.04195571, 0.46134630, 0.38802183, 0.86856359, 0.79123974)
(0.81850553, 0.19133562, 0.44580466, 0.13648216, 0.43557951, 0.69194382, 0.76263177, 0.78542811, 0.12005418, 0.30003452)
(0.15930797, 0.37314796, 0.10330972, 0.57297593, 0.51906198, 0.84283477, 0.69846582, 0.64567459, 0.13933569, 0.35283133)
(0.36769834, 0.10472646, 0.88551885, 0.46918881, 0.60309315, 0.42941117, 0.07777901, 0.15920006, 0.31042951, 0.95454299)
(0.27618876, 0.81136715, 0.28122610, 0.65542871, 0.60011888, 0.30847874, 0.20155171, 0.21500064, 0.96767288, 0.86884230)
(0.04613973, 0.11381350, 0.25113845, 0.79926670, 0.13840926, 0.56761414, 0.20012225, 0.37756485, 0.30079684, 0.81110406)
(0.81084865, 0.53346789, 0.67294401, 0.12370179, 0.36955619, 0.78653663, 0.04456093, 0.58138895, 0.37776300, 0.33203414)
(0.22784761, 0.47800559, 0.41906187, 0.51938802, 0.60043669, 0.32600161, 0.38731420, 0.03945092, 0.12365314, 0.55265170)
(0.68519467, 0.82547456, 0.14766577, 0.41025352, 0.44587862, 0.34371153, 0.91375208, 0.65435261, 0.53835040, 0.09629329)
(0.36789477, 0.55654377, 0.44362706, 0.73021251, 0.98186296, 0.30502573, 0.65609151, 0.26343384, 0.59636563, 0.09555280)
(0.55268198, 0.74137580, 0.72733968, 0.74846935, 0.43175361, 0.23545133, 0.03661756, 0.46121737, 0.11679913, 0.23231740)
(0.82252401, 0.38081196, 0.12204128, 0.80364251, 0.53767610, 0.49425510, 0.51106638, 0.16627160, 0.03584474, 0.82109809)
(0.02975876, 0.63524014, 0.85428524, 0.59998566, 0.54936486, 0.27173492, 0.50959647, 0.63095611, 0.36598533, 0.23250231)
(0.15377165, 0.67362750, 0.93100351, 0.47644907, 0.85712266, 0.36353141, 0.07759670, 0.27063146, 0.88843250, 0.14023449)
(0.78672898, 0.63609767, 0.89931083, 0.70060903, 0.57583833, 0.22450770, 0.54381341, 0.48106095, 0.29530334, 0.91260463)
(0.19729614, 0.24215437, 0.87936342, 0.80470949, 0.75671989, 0.38599229, 0.51275110, 0.10688850, 0.72969145, 0.03909614)
(0.19809881, 0.90639025, 0.08591322, 0.32132509, 0.70558119, 0.65497804, 0.84952128, 0.76672906, 0.09490629, 0.14977524)
(0.15287812, 0.34586823, 0.69495934, 0.54448962, 0.55094230, 0.70187229, 0.64517027, 0.49452966, 0.05195589, 0.33514616)
(0.05182922, 0.83713949, 0.46214142, 0.17241314, 0.30833021, 0.58590424, 0.60411358, 0.80371916, 0.43815485, 0.15151739)
(0.52996302, 0.34682330, 0.36541346, 0.67284840, 0.60570538, 0.79863042, 0.18228382, 0.27626666, 0.11836599, 0.82338375)
(0.63804418, 0.66946703, 0.73461527, 0.42770621, 0.65661705, 0.74297386, 0.87767041, 0.31211066, 0.41806141, 0.05563916)
(0.11073631, 0.47083187, 0.72500151, 0.12944666, 0.78009611, 0.20099422, 0.58340394, 0.69370961, 0.80000114, 0.28924465)
(0.20183669, 0.79434717, 0.65358734, 0.57802671, 0.72717369, 0.35124952, 0.07117698, 0.08964422, 0.33027849, 0.63346612)
(0.44823632, 0.57662368, 0.36130428, 0.03015606, 0.33809224, 0.83512950, 0.56963652, 0.95074117, 0.06518818, 0.51436573)
(0.52688199, 0.32926977, 0.53342283, 0.83387774, 0.45801887, 0.06276690, 0.76077044, 0.21207839, 0.77348650, 0.93269432)
(0.87555283, 0.74546432, 0.41527534, 0.60735691, 0.46328250, 0.75646973, 0.44712886, 0.65492141, 0.10931344, 0.47577372)
(0.45101070, 0.29438812, 0.78537899, 0.28928220, 0.83903372, 0.79493839, 0.13154005, 0.08168808, 0.25152120, 0.76412451)
(0.73511696, 0.52663815, 0.61338115, 0.64399868, 0.57301128, 0.47824681, 0.26020622, 0.29588455, 0.10439172, 0.11194786)
(0.85339046, 0.07880265, 0.37132567, 0.83104175, 0.40880936, 0.90959096, 0.16589183, 0.41735104, 0.26851705, 0.65515578)
(0.29806504, 0.80892265, 0.80873150, 0.14906487, 0.46190414, 0.69641894, 0.28518397, 0.17026010, 0.86751968, 0.25823247)
(0.07198061, 0.46281919, 0.21682712, 0.53749228, 0.13302051, 0.89764476, 0.68361658, 0.62078023, 0.10438920, 0.21285649)
(0.65818197, 0.72035629, 0.66439903, 0.04340720, 0.34010667, 0.68017662, 0.70643580, 0.92870575, 0.48075515, 0.43931308)
(0.72055513, 0.35235414, 0.59383565, 0.09879305, 0.30735615, 0.81046450, 0.22994439, 0.86792177, 0.49963191, 0.32838634)
(0.52209312, 0.40309319, 0.80367810, 0.77931720, 0.69124740, 0.01148569, 0.62682813, 0.27820924, 0.65811175, 0.87607962)
(0.08610798, 0.33286709, 0.59120721, 0.19664750, 0.54021007, 0.29197201, 0.05300761, 0.34995490, 0.79135507, 0.13246877)
(0.74638945, 0.73979872, 0.58737200, 0.09443986, 0.47620857, 0.66435611, 0.26294219, 0.92910802, 0.10881694, 0.20392519)
(0.61700702, 0.84583282, 0.43114895, 0.67191780, 0.68232799, 0.49208999, 0.53105021, 0.03630498, 0.28416213, 0.44588542)
(0.38286868, 0.39839646, 0.04677728, 0.25332016, 0.30992642, 0.63518029, 0.52909011, 0.73514569, 0.07686099, 0.23804463)
(0.43157679, 0.51528352, 0.26280066, 0.66366273, 0.64483774, 0.43898821, 0.92250204, 0.27811825, 0.39796284, 0.06413490)
(0.29083124, 0.25897872, 0.73274940, 0.46062222, 0.74156314, 0.04315126, 0.65302604, 0.29995447, 0.71263337, 0.84393871)
(0.73118049, 0.18516009, 0.43448240, 0.76084733, 0.45575395, 0.14374097, 0.88008255, 0.15831606, 0.30373931, 0.88764894)
(0.32614705, 0.83610374, 0.59835029, 0.49954194, 0.71192491, 0.21539721, 0.67252022, 0.07519390, 0.44901443, 0.53361994)
(0.37603381, 0.44040561, 0.39221427, 0.72443748, 0.73187578, 0.78349787, 0.51167536, 0.03149985, 0.18179657, 0.38548350)
(0.70278335, 0.18321113, 0.17629537, 0.51732683, 0.79270560, 0.84733117, 0.63766366, 0.67826927, 0.08712616, 0.16841362)
(0.26381305, 0.38748166, 0.41100350, 0.48959357, 0.83382457, 0.20171708, 0.19372235, 0.37106732, 0.29208183, 0.94528770)
(0.84387910, 0.78061301, 0.26682505, 0.51040947, 0.46892768, 0.83013129, 0.27138069, 0.20940633, 0.05796103, 0.76734227)
(0.70391625, 0.43971875, 0.64642608, 0.85074252, 0.71538728, 0.45552328, 0.08001890, 0.59765404, 0.31424445, 0.95150208)
(0.53484052, 0.43503088, 0.16949864, 0.65726328, 0.68870813, 0.74177313, 0.46386757, 0.22346145, 0.09315873, 0.46341938)
(0.65419739, 0.66296291, 0.71913207, 0.68303055, 0.40304035, 0.04592665, 0.36600688, 0.39021343, 0.91234666, 0.43171334)
(0.35722655, 0.80713248, 0.38750374, 0.80417049, 0.54706806, 0.22025128, 0.21361835, 0.30110833, 0.96594197, 0.87286401)
(0.62420291, 0.77040774, 0.64368403, 0.18601681, 0.46974161, 0.83034694, 0.63426286, 0.04872561, 0.03172792, 0.86749071)
(0.39968005, 0.47183940, 0.40871304, 0.35852385, 0.45031556, 0.66827506, 0.95445937, 0.60726541, 0.58427483, 0.62374789)
(0.85337961, 0.87174863, 0.49246144, 0.85633272, 0.69483876, 0.45513773, 0.67046505, 0.67573744, 0.46610412, 0.47705817)
(0.56837863, 0.45875859, 0.60756302, 0.06906110, 0.13136867, 0.39981899, 0.56064576, 0.93297470, 0.21529217, 0.13361961)
(0.26567107, 0.13652065, 0.19448048, 0.09905954, 0.26871151, 0.89696205, 0.25829434, 0.72051865, 0.32809824, 0.06324919)
(0.78348935, 0.91618556, 0.39184168, 0.87132651, 0.56336904, 0.23781836, 0.60304111, 0.73537606, 0.31546268, 0.62736678)
(0.31347162, 0.93659890, 0.48516658, 0.59093046, 0.58357269, 0.63631779, 0.69504458, 0.81738257, 0.23544669, 0.05233440)
(0.87840950, 0.17187375, 0.20073999, 0.32151353, 0.43113977, 0.40510345, 0.81504309, 0.89878744, 0.25654849, 0.44465816)
(0.27877706, 0.33860919, 0.45361394, 0.51378953, 0.11406833, 0.68920231, 0.48069629, 0.89949524, 0.08377927, 0.07025945)
(0.07812057, 0.28993198, 0.43045974, 0.05765098, 0.59250581, 0.35340863, 0.03765347, 0.20411006, 0.59033000, 0.04587961)
(0.07061610, 0.15216251, 0.54586631, 0.57358623, 0.13041852, 0.86253321, 0.22839539, 0.93898052, 0.52135003, 0.33693856)
(0.78788269, 0.62565094, 0.64661294, 0.36775467, 0.27491367, 0.58289140, 0.85818803, 0.04548250, 0.92737484, 0.39439136)
(0.78379554, 0.15555835, 0.66454303, 0.21781351, 0.43398243, 0.77592635, 0.64631861, 0.89923066, 0.18140040, 0.53342903)
(0.34456238, 0.53136957, 0.60019881, 0.67540365, 0.73517227, 0.41392928, 0.37130275, 0.23360203, 0.13936736, 0.15580846)
(0.09954475, 0.52570075, 0.31394765, 0.86485094, 0.71387196, 0.86984104, 0.14283159, 0.48669258, 0.51177275, 0.91111374)
(0.22468089, 0.35525224, 0.58948088, 0.56162137, 0.97549635, 0.16873679, 0.48859766, 0.40912330, 0.68976861, 0.34068397)
(0.52787185, 0.41607356, 0.96627367, 0.86594409, 0.91121185, 0.24369705, 0.05685927, 0.38783255, 0.83187008, 0.71922922)
(0.92489713, 0.27834979, 0.61302119, 0.34428847, 0.12821956, 0.42358667, 0.84687483, 0.50001466, 0.24094477, 0.53659415)
(0.65896028, 0.51482695, 0.53150702, 0.56780684, 0.33239701, 0.78884804, 0.51240295, 0.44499254, 0.05412178, 0.03241798)
(0.30580702, 0.41452175, 0.86598825, 0.49268857, 0.20006879, 0.03366679, 0.62458956, 0.20303725, 0.83223522, 0.84936100)
(0.88561743, 0.33279723, 0.73241347, 0.02062812, 0.63736463, 0.93205541, 0.14041816, 0.91925299, 0.27020770, 0.56240988)
(0.78586709, 0.59923291, 0.88232249, 0.57955688, 0.28217250, 0.24998865, 0.49657655, 0.07883525, 0.73498392, 0.58803660)
(0.40284362, 0.05108823, 0.26188198, 0.83359927, 0.22584291, 0.32168201, 0.86681598, 0.53514093, 0.41437134, 0.86667681)
(0.46592548, 0.47557229, 0.82165539, 0.69056880, 0.76905656, 0.02240947, 0.64353764, 0.15777661, 0.52947634, 0.96377248)
(0.19413731, 0.71627957, 0.09885634, 0.53432107, 0.53431827, 0.31849498, 0.71066171, 0.18616199, 0.82243252, 0.85736215)
(0.17114142, 0.79871905, 0.79365951, 0.08275072, 0.82771468, 0.31936452, 0.36031157, 0.42352226, 0.65478975, 0.09177195)
(0.07582616, 0.44561937, 0.73859948, 0.68285757, 0.75017899, 0.35088733, 0.45855665, 0.59640932, 0.12666476, 0.26439625)
(0.80521482, 0.14525560, 0.55753821, 0.64252710, 0.58989990, 0.56273741, 0.22739048, 0.32771757, 0.17726478, 0.80118531)
(0.36667910, 0.46883586, 0.73060793, 0.47977188, 0.52195168, 0.03579069, 0.22695659, 0.26465005, 0.60371840, 0.08713012)
(0.34005085, 0.35925195, 0.51178211, 0.84517419, 0.72714311, 0.75532711, 0.72216195, 0.13739958, 0.91419834, 0.66609168)
(0.72024781, 0.31661001, 0.06887066, 0.37129280, 0.77394408, 0.84770370, 0.35190549, 0.77276540, 0.23735717, 0.66732568)
(0.26953232, 0.41868648, 0.25345543, 0.43883365, 0.20790184, 0.70882201, 0.47961777, 0.18833755, 0.06487332, 0.45996660)
(0.52197945, 0.94434518, 0.51066113, 0.78696179, 0.85990590, 0.27504474, 0.33196351, 0.34553659, 0.91526371, 0.27785352)
(0.35521764, 0.32079726, 0.76120079, 0.72560513, 0.79209715, 0.02351549, 0.63585681, 0.41858223, 0.36053145, 0.96879834)
(0.67879277, 0.51975769, 0.09477535, 0.27142087, 0.60282296, 0.68157744, 0.88621020, 0.37566632, 0.12068173, 0.22995642)
(0.57521015, 0.41252226, 0.76256216, 0.39322746, 0.22267315, 0.93760139, 0.91407448, 0.32242474, 0.90067708, 0.37874678)
(0.71458250, 0.45041761, 0.07718174, 0.23878805, 0.14028120, 0.88651925, 0.24053770, 0.70305377, 0.26222980, 0.36860287)
(0.85829586, 0.50749683, 0.67651868, 0.64476055, 0.17781171, 0.34490684, 0.84818000, 0.04446023, 0.42524540, 0.81148314)
(0.64740938, 0.40250415, 0.77856743, 0.02963730, 0.80415517, 0.67094898, 0.80969703, 0.47228569, 0.13492252, 0.83412707)
(0.72186011, 0.59677643, 0.14019297, 0.46290106, 0.34644881, 0.59284073, 0.88711393, 0.41871047, 0.17405510, 0.28325129)
(0.91586268, 0.29183483, 0.66967100, 0.09297945, 0.26982176, 0.60413253, 0.54883593, 0.23906590, 0.04340580, 0.72187787)
(0.13977884, 0.67875463, 0.54571033, 0.04800262, 0.31001422, 0.38221908, 0.16877094, 0.79250449, 0.26165158, 0.38144290)
(0.06035741, 0.23803873, 0.07137534, 0.77617174, 0.33526912, 0.89742523, 0.20403197, 0.29792678, 0.25091529, 0.31151238)
(0.42433444, 0.44973451, 0.26752213, 0.35512778, 0.51629239, 0.70115411, 0.91998166, 0.62271476, 0.29426238, 0.02457876)
(0.17089693, 0.40682644, 0.71445322, 0.84187049, 0.39108860, 0.73244971, 0.15437336, 0.72311532, 0.13055393, 0.15074714)
(0.77383858, 0.26806054, 0.32466295, 0.38558021, 0.71971291, 0.64026088, 0.67620212, 0.11610612, 0.08639772, 0.77140075)
(0.31008759, 0.70982933, 0.63907719, 0.79657447, 0.69429344, 0.49247393, 0.03473357, 0.43787619, 0.96947002, 0.34774724)
(0.05657312, 0.46752769, 0.86828947, 0.17219485, 0.72844607, 0.19003485, 0.20715514, 0.37791324, 0.88055712, 0.02776552)
(0.76818109, 0.32495248, 0.32662255, 0.12110486, 0.36393234, 0.71608353, 0.27626771, 0.92767000, 0.23181704, 0.25719431)
(0.41863298, 0.49599138, 0.42022091, 0.29175630, 0.05330675, 0.80015969, 0.04505672, 0.31176889, 0.13647951, 0.36123526)
(0.53835368, 0.34136149, 0.93415821, 0.33506611, 0.41868582, 0.21243675, 0.79780906, 0.11567505, 0.49503326, 0.90330392)
(0.06036941, 0.22335267, 0.60427272, 0.71335906, 0.81476390, 0.70873427, 0.77953374, 0.43703258, 0.12070586, 0.20475681)
(0.57658345, 0.80462742, 0.51401365, 0.62036109, 0.69755250, 0.29988134, 0.51033479, 0.27600294, 0.34764066, 0.60840660)
(0.50410080, 0.16061328, 0.39068165, 0.67536288, 0.77882093, 0.25463152, 0.77658188, 0.35120705, 0.13859795, 0.94736296)
(0.61972195, 0.65958309, 0.74843621, 0.80303174, 0.35765386, 0.20717196, 0.41751817, 0.22770464, 0.79563981, 0.05245752)
(0.53823715, 0.44183835, 0.52498239, 0.54064709, 0.34235644, 0.79177767, 0.20040406, 0.93002355, 0.26835868, 0.15413661)
(0.40825546, 0.65763760, 0.74531657, 0.38319394, 0.87346792, 0.25662249, 0.46022713, 0.04626411, 0.45747432, 0.82322741)
(0.04683397, 0.47828496, 0.62905830, 0.83087951, 0.20923319, 0.59723234, 0.13071263, 0.52126807, 0.41238797, 0.96180749)
(0.21314707, 0.35766393, 0.66764170, 0.02611004, 0.28235388, 0.73652828, 0.46899492, 0.92132533, 0.30805317, 0.20923643)
(0.46580699, 0.11483975, 0.30981308, 0.69319946, 0.58106101, 0.78767973, 0.37657520, 0.25315604, 0.07357485, 0.13266867)
(0.54140973, 0.19591247, 0.26882866, 0.37384275, 0.46836436, 0.62017685, 0.94005460, 0.17840284, 0.74926049, 0.86093140)
(0.69938630, 0.55860275, 0.84961092, 0.13613278, 0.67457509, 0.23630676, 0.39058325, 0.15557370, 0.61741704, 0.70913172)
(0.73624581, 0.60883307, 0.18834534, 0.71086752, 0.86492753, 0.13807958, 0.58369595, 0.43226704, 0.09318735, 0.63786173)
(0.35027322, 0.19591880, 0.57986951, 0.38937804, 0.81066459, 0.23820902, 0.78752619, 0.10684478, 0.16604273, 0.81471628)
(0.68759388, 0.22896382, 0.43398550, 0.05290390, 0.37173924, 0.93677968, 0.35685411, 0.39146420, 0.14230494, 0.16173212)
(0.26517403, 0.21553153, 0.39417979, 0.80326736, 0.49478334, 0.73705703, 0.32378313, 0.05315907, 0.11886445, 0.23431264)
(0.54680991, 0.57995886, 0.65982103, 0.02698254, 0.07897245, 0.63376617, 0.38080937, 0.83819693, 0.11323532, 0.04942602)
(0.53756475, 0.46728474, 0.80799258, 0.70974821, 0.80166221, 0.21076526, 0.40670303, 0.21772626, 0.05917771, 0.95793271)
(0.78492773, 0.60709155, 0.08079741, 0.60503864, 0.27771637, 0.83702779, 0.26858938, 0.74817443, 0.25909591, 0.21970427)
(0.62421566, 0.31576064, 0.52891272, 0.73704112, 0.41563436, 0.62551469, 0.87606484, 0.87324697, 0.11647224, 0.67413169)
(0.43292230, 0.73371553, 0.80045617, 0.81418830, 0.98260152, 0.29976448, 0.23654312, 0.58790183, 0.83816129, 0.34692377)
(0.16949658, 0.30147091, 0.36314616, 0.83161610, 0.77227229, 0.29931122, 0.25855979, 0.07662454, 0.25966838, 0.65013313)
(0.20179309, 0.10552302, 0.12776634, 0.75490880, 0.08547301, 0.65553886, 0.13937394, 0.33423775, 0.25454774, 0.72961718)
(0.58343327, 0.73206282, 0.41549417, 0.68324184, 0.94851941, 0.67310750, 0.19556104, 0.48619747, 0.08320358, 0.58091885)
(0.06982353, 0.65012807, 0.81136590, 0.14186576, 0.66135591, 0.44578514, 0.62664521, 0.71551460, 0.20976391, 0.46791574)
(0.31865391, 0.25557482, 0.79794240, 0.31184795, 0.55309910, 0.13521616, 0.42605937, 0.26953840, 0.25336343, 0.51483798)
(0.84653294, 0.22972983, 0.37926248, 0.88977695, 0.93977463, 0.64335579, 0.24696693, 0.35424259, 0.10531599, 0.70504093)
(0.43460372, 0.31267437, 0.65085191, 0.42233139, 0.63760895, 0.36474398, 0.85741556, 0.16534227, 0.75422275, 0.92623866)
(0.06991957, 0.39369044, 0.75242734, 0.10314731, 0.61508977, 0.23023322, 0.57715607, 0.52574360, 0.72912925, 0.21137168)
(0.55840552, 0.36535558, 0.40563330, 0.13724774, 0.47440845, 0.81184316, 0.42760858, 0.66651982, 0.09846266, 0.12047142)
(0.64135772, 0.18036936, 0.21882392, 0.82666951, 0.33096737, 0.70979446, 0.10618242, 0.18992054, 0.09659339, 0.81219661)
(0.27235556, 0.31289062, 0.50241303, 0.48889664, 0.93906587, 0.29927817, 0.18964382, 0.29073778, 0.65429664, 0.57682586)
(0.46504122, 0.56520438, 0.65595019, 0.06567711, 0.44942892, 0.77576160, 0.93515140, 0.82693130, 0.24474861, 0.62308359)
(0.46191946, 0.61089164, 0.39189851, 0.93459302, 0.79488778, 0.22843373, 0.17563711, 0.26732191, 0.08742139, 0.46798763)
(0.54835135, 0.43183386, 0.30841944, 0.46828875, 0.48163402, 0.52466851, 0.98554403, 0.40977508, 0.76806730, 0.44439012)
(0.17913385, 0.82075036, 0.58716828, 0.75609964, 0.74050957, 0.17583281, 0.26666898, 0.27252385, 0.74168938, 0.07980502)
(0.62438339, 0.19927593, 0.55935597, 0.26498741, 0.81419313, 0.84402913, 0.53394181, 0.03716256, 0.10088693, 0.50263649)
(0.68952048, 0.66189539, 0.83861232, 0.71415472, 0.05431147, 0.91615283, 0.82514262, 0.60931408, 0.75092959, 0.68330938)
(0.16180368, 0.24455927, 0.51308185, 0.03326113, 0.31289986, 0.76250076, 0.31774870, 0.95624375, 0.24331608, 0.22480029)
(0.45012814, 0.30695826, 0.68360215, 0.04408028, 0.83486217, 0.25980553, 0.26194671, 0.19137862, 0.94058013, 0.05604934)
(0.53978419, 0.79822475, 0.73380452, 0.92059571, 0.74568921, 0.38857651, 0.07048794, 0.32400104, 0.98177677, 0.50992221)
(0.88234496, 0.57962829, 0.32299286, 0.80893278, 0.61303341, 0.84202707, 0.30761191, 0.35922253, 0.16697021, 0.48086450)
(0.40349051, 0.64710218, 0.06873871, 0.64467102, 0.63686872, 0.58384657, 0.40508574, 0.34804803, 0.05011686, 0.60101056)
(0.92368937, 0.21205716, 0.74680132, 0.02609576, 0.49466920, 0.86890423, 0.21084857, 0.65741616, 0.85172075, 0.69922489)
(0.22721355, 0.78209138, 0.87594241, 0.03318089, 0.72230750, 0.67279947, 0.56187969, 0.60517168, 0.70446962, 0.20568585)
(0.95296729, 0.27164128, 0.37524405, 0.42863017, 0.35221434, 0.47440547, 0.69267374, 0.07719734, 0.05127366, 0.78232819)
(0.09877314, 0.22976311, 0.03567201, 0.34190440, 0.16124356, 0.86566222, 0.43826616, 0.64353216, 0.37440899, 0.30681178)
(0.73578233, 0.65989822, 0.94400293, 0.20443793, 0.65325660, 0.74901420, 0.65203673, 0.30637586, 0.55003434, 0.06238865)
(0.81311971, 0.20506579, 0.55775452, 0.20980321, 0.52174580, 0.94346035, 0.35122949, 0.36118084, 0.19400853, 0.22165449)
(0.84092706, 0.64924198, 0.75438112, 0.27245513, 0.62369704, 0.70045334, 0.69617790, 0.39681545, 0.37253675, 0.38666084)
(0.87967193, 0.13417037, 0.51322138, 0.82138568, 0.81302571, 0.75959980, 0.11538590, 0.40815598, 0.36687246, 0.80705780)
(0.39839453, 0.38247469, 0.49862939, 0.75438780, 0.76458359, 0.31896463, 0.08260632, 0.42499864, 0.29475871, 0.86874890)
(0.74400729, 0.36641812, 0.55677980, 0.01407516, 0.54450250, 0.82133722, 0.35436064, 0.94087815, 0.16673324, 0.66941220)
(0.45121443, 0.83628798, 0.52161366, 0.82586116, 0.39379838, 0.42050579, 0.55588466, 0.20168430, 0.93939644, 0.54971093)
(0.88088870, 0.33752072, 0.46959549, 0.33806711, 0.43347481, 0.30817673, 0.80454171, 0.11804121, 0.07303734, 0.44912729)
(0.29669297, 0.11794799, 0.93359524, 0.41464826, 0.38161135, 0.18965580, 0.88354623, 0.17012180, 0.28045151, 0.75016475)
(0.94305265, 0.22023709, 0.47807020, 0.62583190, 0.38539505, 0.42708996, 0.68569797, 0.12173646, 0.09828449, 0.74547315)
(0.20452876, 0.52597374, 0.05754365, 0.50415748, 0.75452745, 0.68357563, 0.66306525, 0.13808785, 0.09792781, 0.47195441)
(0.03911787, 0.23343369, 0.22757141, 0.43087000, 0.20496465, 0.85951161, 0.36399814, 0.53481525, 0.28266090, 0.24024919)
(0.33425835, 0.14352570, 0.04548782, 0.32839525, 0.26477042, 0.91490418, 0.37676892, 0.78928381, 0.42143670, 0.58868718)
(0.10789435, 0.56999367, 0.82961738, 0.44693866, 0.40305552, 0.67004913, 0.50144577, 0.41623893, 0.11640717, 0.05808943)
(0.39347133, 0.34374952, 0.23915769, 0.63276321, 0.49049613, 0.63240230, 0.19229889, 0.74917173, 0.15461530, 0.14457195)
(0.19522543, 0.29680163, 0.45262063, 0.84343231, 0.64343250, 0.28995708, 0.96667081, 0.37328970, 0.69143772, 0.92577863)
(0.64776599, 0.62835264, 0.88421345, 0.76658875, 0.61076987, 0.22569016, 0.79674894, 0.11732789, 0.59511089, 0.70411247)
(0.45904255, 0.61224043, 0.36232024, 0.37389040, 0.38808736, 0.60345489, 0.57056808, 0.74465716, 0.09309389, 0.04252967)
(0.66823095, 0.76572168, 0.50777596, 0.79866999, 0.79062426, 0.03073535, 0.35272649, 0.25626540, 0.66213727, 0.49632844)
(0.63077629, 0.35964158, 0.73447138, 0.59637439, 0.76527745, 0.22336990, 0.27114388, 0.37681079, 0.22825295, 0.29194120)
(0.91833264, 0.13872153, 0.51311058, 0.01482761, 0.65387094, 0.85460299, 0.22180398, 0.61696917, 0.33533132, 0.54822624)
(0.77541661, 0.41034368, 0.57557750, 0.43635029, 0.53749841, 0.29192346, 0.87050050, 0.07766201, 0.64957088, 0.52918941)
(0.82089061, 0.40920553, 0.76978368, 0.75768435, 0.72464591, 0.25875014, 0.03204145, 0.43088603, 0.33600467, 0.61481506)
(0.21797441, 0.20613743, 0.42424950, 0.73253870, 0.53501207, 0.41924199, 0.37752321, 0.17112786, 0.11690697, 0.20126241)
(0.87080824, 0.33706442, 0.38904628, 0.78024387, 0.15437944, 0.25518936, 0.92518753, 0.14731319, 0.49844974, 0.68590915)
(0.55104023, 0.02138020, 0.86984748, 0.24289927, 0.23628104, 0.31279227, 0.87209767, 0.23481545, 0.06858153, 0.62236106)
(0.67548347, 0.52789754, 0.89731514, 0.56916696, 0.63276827, 0.15864140, 0.35589170, 0.16581453, 0.60357243, 0.09775714)
(0.01849884, 0.53140700, 0.43007064, 0.56239039, 0.74565190, 0.73946369, 0.54340881, 0.23019746, 0.19169778, 0.73673570)
(0.39666501, 0.32347813, 0.52372992, 0.44602528, 0.32036874, 0.14909101, 0.86818355, 0.15834460, 0.65000099, 0.86815423)
(0.31092158, 0.18908624, 0.61458296, 0.54197603, 0.71460962, 0.09954038, 0.83870363, 0.30038273, 0.52915072, 0.78178692)
(0.64103919, 0.67927039, 0.34758359, 0.28010267, 0.33264205, 0.52802217, 0.40346643, 0.52093631, 0.06423334, 0.33281475)
(0.45725200, 0.03905039, 0.74906999, 0.48323268, 0.38775837, 0.25043538, 0.80875224, 0.38893765, 0.19604538, 0.54665422)
(0.73662519, 0.19396187, 0.33956438, 0.27752197, 0.23659128, 0.75522089, 0.29092908, 0.86470366, 0.40067321, 0.43734005)
(0.51811504, 0.39105850, 0.50554353, 0.29531950, 0.92390913, 0.10976601, 0.37298444, 0.49431485, 0.68366247, 0.55024648)
(0.26691014, 0.77008349, 0.77325088, 0.57762522, 0.53393006, 0.08197408, 0.25749087, 0.12130807, 0.24272849, 0.29767561)
(0.25096452, 0.57678276, 0.29728797, 0.74567819, 0.82924747, 0.29976445, 0.18588647, 0.09678905, 0.21701106, 0.35370269)
(0.19953254, 0.80656391, 0.41470411, 0.54318684, 0.87247515, 0.07419330, 0.31776196, 0.45777965, 0.31491080, 0.27467683)
(0.71196204, 0.44593537, 0.61732525, 0.48433831, 0.71347731, 0.33977795, 0.46964797, 0.08339565, 0.03659103, 0.87681550)
(0.90201640, 0.47345203, 0.57583517, 0.35535967, 0.64269662, 0.63114560, 0.44467118, 0.05694361, 0.13243023, 0.68703800)
(0.74407691, 0.04847931, 0.51014894, 0.47978219, 0.48516560, 0.70737636, 0.49227273, 0.21348704, 0.08249118, 0.79346055)
(0.72611159, 0.70134372, 0.20409848, 0.38664836, 0.94848233, 0.35483298, 0.80809921, 0.47581214, 0.25243977, 0.34058812)
(0.05557256, 0.43370458, 0.40189272, 0.84362936, 0.80776691, 0.92264694, 0.63006097, 0.32881543, 0.09337077, 0.34405610)
(0.53981888, 0.56839806, 0.48378766, 0.59444869, 0.66854346, 0.76920652, 0.76128244, 0.04872132, 0.87448668, 0.18700950)
(0.79935628, 0.34441656, 0.07277859, 0.75827909, 0.39869407, 0.57018161, 0.09770439, 0.74262130, 0.73951727, 0.19241145)
(0.37450719, 0.59474909, 0.15210401, 0.75386846, 0.89927757, 0.26440960, 0.58598065, 0.25199151, 0.42998454, 0.16914935)
(0.10319047, 0.43482721, 0.62620515, 0.80998099, 0.88323462, 0.49976099, 0.44217837, 0.11378420, 0.27336499, 0.66532791)
(0.82857656, 0.60506225, 0.85952395, 0.10501701, 0.86035454, 0.61233252, 0.65849084, 0.02163092, 0.39928439, 0.78392529)
(0.52407926, 0.43568221, 0.24172269, 0.13290580, 0.40828079, 0.78158361, 0.78637975, 0.89928627, 0.21059449, 0.33352149)
(0.45345753, 0.38305938, 0.82670707, 0.62950957, 0.78016192, 0.11408212, 0.72938532, 0.40279821, 0.55154747, 0.93932909)
(0.36523479, 0.42519072, 0.61441219, 0.73060328, 0.69360560, 0.31906882, 0.04588148, 0.39434552, 0.27481228, 0.88888484)
(0.44377464, 0.72048336, 0.43159530, 0.53041750, 0.32074460, 0.62910897, 0.70084679, 0.17615846, 0.88897961, 0.38815266)
(0.76143157, 0.43013915, 0.22545546, 0.37711406, 0.37975195, 0.69382960, 0.88144165, 0.84953314, 0.45934963, 0.07317124)
(0.81689382, 0.05156745, 0.68713325, 0.38866776, 0.42847946, 0.54450089, 0.04666791, 0.12381360, 0.14901540, 0.66430211)
(0.89207929, 0.34748974, 0.30069670, 0.47491974, 0.56225443, 0.47079858, 0.90661484, 0.17495438, 0.21805291, 0.72786236)
(0.07826987, 0.31906849, 0.69001627, 0.92393988, 0.53973305, 0.89963287, 0.16679920, 0.42334020, 0.23123956, 0.74375892)
(0.13204090, 0.57055479, 0.29281378, 0.74858528, 0.62752700, 0.43022332, 0.70121330, 0.31621748, 0.08748297, 0.43599567)
(0.86687070, 0.68913966, 0.76738846, 0.82304627, 0.69755918, 0.04565920, 0.52864999, 0.29026949, 0.26316273, 0.60199666)
(0.51634735, 0.24120466, 0.20124376, 0.87525731, 0.79092789, 0.82505590, 0.11226898, 0.39063346, 0.29032987, 0.67153949)
(0.22719714, 0.55350912, 0.83042830, 0.14325733, 0.89284420, 0.79298216, 0.52604908, 0.57268459, 0.19497474, 0.12397683)
(0.23900808, 0.46469900, 0.05428268, 0.52943218, 0.47614205, 0.75434273, 0.76780474, 0.35891122, 0.05994377, 0.19022140)
(0.31447950, 0.40299305, 0.07308725, 0.83007348, 0.33553123, 0.83593214, 0.15556198, 0.16449368, 0.33177072, 0.68797439)
(0.72097486, 0.65333021, 0.35620660, 0.86016500, 0.62874228, 0.39431775, 0.53803617, 0.08757571, 0.92854345, 0.63039100)
(0.43402484, 0.89498287, 0.15872155, 0.87171739, 0.76893097, 0.23249733, 0.51580042, 0.38963196, 0.16924970, 0.68468761)
(0.78458720, 0.76254004, 0.53668946, 0.48513258, 0.08052453, 0.42385459, 0.73812300, 0.60326868, 0.03842626, 0.39998624)
(0.31525630, 0.14196403, 0.65091294, 0.44710818, 0.22796023, 0.85136038, 0.33376560, 0.33267692, 0.06893495, 0.04581277)
(0.05331581, 0.42772821, 0.82951480, 0.37013033, 0.15709467, 0.83794242, 0.35496762, 0.87695968, 0.20334181, 0.30966988)
(0.67509931, 0.48343775, 0.66975123, 0.65359741, 0.22940454, 0.27959558, 0.76098371, 0.89272565, 0.34240827, 0.47842193)
(0.71565604, 0.40089175, 0.50927538, 0.58890790, 0.20705529, 0.77289170, 0.41292775, 0.87069499, 0.08078228, 0.75282848)
(0.59154677, 0.82002437, 0.88838226, 0.73940271, 0.64086181, 0.01940204, 0.37244451, 0.48771390, 0.61968207, 0.68426102)
(0.74690342, 0.68024093, 0.05996504, 0.30001351, 0.41081172, 0.37086225, 0.75172478, 0.87795591, 0.10194553, 0.09292357)
(0.95344615, 0.71052349, 0.10486399, 0.77892125, 0.48217252, 0.60543334, 0.81074542, 0.75560725, 0.08521653, 0.58837754)
(0.28668261, 0.74564064, 0.15817830, 0.67284077, 0.64049101, 0.64921254, 0.28264341, 0.59231532, 0.10368212, 0.86980546)
(0.58691233, 0.46816242, 0.89889520, 0.29035997, 0.27370298, 0.04006765, 0.58238888, 0.10843894, 0.71009064, 0.85403877)
(0.17522779, 0.52407116, 0.61529052, 0.08874382, 0.75831914, 0.23048387, 0.33323207, 0.39578995, 0.63519847, 0.12426312)
(0.19787708, 0.20329124, 0.31905285, 0.83058125, 0.27395430, 0.06688071, 0.60857630, 0.16877690, 0.84320331, 0.89006346)
(0.84554672, 0.37316346, 0.31480494, 0.06188689, 0.28137082, 0.72676134, 0.25011262, 0.63776845, 0.33282143, 0.39521578)
(0.93546861, 0.66717219, 0.80698854, 0.29355064, 0.24691926, 0.44453827, 0.48050648, 0.08743944, 0.03238384, 0.89012164)
(0.39433825, 0.83969933, 0.64999288, 0.60755301, 0.91392314, 0.34281608, 0.58348423, 0.21493965, 0.50021452, 0.10160787)
(0.69926065, 0.05314701, 0.26800743, 0.15101641, 0.47973594, 0.78967005, 0.33335304, 0.76252103, 0.32163700, 0.13299695)
(0.71710521, 0.75636131, 0.95266092, 0.29079476, 0.18649065, 0.02542722, 0.42387339, 0.11759986, 0.34192666, 0.85055947)
(0.55092508, 0.78939700, 0.49361676, 0.35521793, 0.41666719, 0.37100926, 0.88228345, 0.60313088, 0.66394883, 0.38260683)
(0.35563388, 0.65335667, 0.71305531, 0.91129172, 0.91176724, 0.68904722, 0.05271211, 0.41909128, 0.21576555, 0.76719153)
(0.58912289, 0.42886177, 0.86167157, 0.48377967, 0.69525653, 0.03616542, 0.17362276, 0.61304814, 0.73979795, 0.09712917)
(0.37210637, 0.15442115, 0.84681314, 0.43892723, 0.91177577, 0.38019893, 0.05477107, 0.17985091, 0.96037352, 0.43763456)
(0.86324477, 0.39843288, 0.56114876, 0.52767903, 0.78972387, 0.50210065, 0.72660828, 0.08900777, 0.18072474, 0.19803253)
(0.78918922, 0.29078543, 0.16157991, 0.36371288, 0.50156432, 0.67143685, 0.58897400, 0.18144290, 0.05459532, 0.84937572)
(0.01889308, 0.66179204, 0.80400121, 0.06556915, 0.70583552, 0.30921599, 0.62968820, 0.61455154, 0.49991098, 0.34888056)
(0.64863831, 0.50673223, 0.90781164, 0.19013754, 0.47031036, 0.13383891, 0.31639972, 0.26452905, 0.03336120, 0.78819871)
(0.75665289, 0.27200437, 0.41268104, 0.75103545, 0.13005151, 0.41541171, 0.08696894, 0.91411686, 0.71722865, 0.79364568)
(0.49644053, 0.52062368, 0.45740229, 0.40414721, 0.87891120, 0.27554780, 0.67020828, 0.49687174, 0.56952816, 0.48196170)
(0.55323446, 0.60983163, 0.78361630, 0.30912122, 0.23190300, 0.08867537, 0.29134193, 0.20776680, 0.93712699, 0.43319026)
(0.41034046, 0.12514578, 0.16902316, 0.59922194, 0.43325368, 0.79715341, 0.39765051, 0.55266041, 0.31367862, 0.03270975)
(0.47842601, 0.17199585, 0.67495751, 0.92295134, 0.61753726, 0.88619888, 0.10088989, 0.58045954, 0.41212758, 0.33682683)
(0.71558255, 0.59228247, 0.48653033, 0.61720300, 0.34614831, 0.50231832, 0.29254445, 0.92309231, 0.13211215, 0.45606968)
(0.03823693, 0.41044393, 0.81719047, 0.74548995, 0.50034112, 0.34360659, 0.38811848, 0.55168694, 0.17083311, 0.21174520)
(0.41353020, 0.33749056, 0.81756991, 0.83587956, 0.77494252, 0.32801941, 0.26812026, 0.09968415, 0.33221069, 0.17801359)
(0.79463005, 0.51205242, 0.36704889, 0.71415955, 0.79493660, 0.54037750, 0.65913260, 0.65848595, 0.10455756, 0.45885804)
(0.89195716, 0.45889530, 0.73611790, 0.05669118, 0.62358612, 0.73123550, 0.87138492, 0.80929351, 0.18209885, 0.64537334)
(0.84605443, 0.53072065, 0.37426963, 0.62285370, 0.24844299, 0.60060614, 0.86092395, 0.75059050, 0.27952719, 0.04196630)
(0.42482060, 0.62614542, 0.85021096, 0.08197355, 0.91392928, 0.34614858, 0.27539432, 0.48255286, 0.15770988, 0.18418005)
(0.43038425, 0.64643097, 0.29635513, 0.45231700, 0.71943408, 0.50010115, 0.87412727, 0.45666543, 0.17884447, 0.44078758)
(0.48319104, 0.28470671, 0.65547919, 0.02751711, 0.82360607, 0.76099980, 0.02348802, 0.54911262, 0.46830663, 0.55531877)
(0.73588723, 0.48243940, 0.79400814, 0.63460964, 0.35614175, 0.23125057, 0.62650573, 0.29651538, 0.50097132, 0.74918157)
(0.23457530, 0.70335203, 0.23866688, 0.16395350, 0.26521361, 0.64095104, 0.87486315, 0.39459416, 0.07510579, 0.36940458)
(0.48125529, 0.20408736, 0.72995734, 0.33711678, 0.70689440, 0.79708284, 0.70515043, 0.34283787, 0.14570898, 0.07073645)
(0.33340126, 0.43947107, 0.06078073, 0.33715799, 0.54556108, 0.52587384, 0.72452229, 0.11572436, 0.89428246, 0.81889802)
(0.46837911, 0.31151605, 0.22383212, 0.23238048, 0.06563932, 0.74130875, 0.23459081, 0.86539286, 0.31884509, 0.62659127)
(0.84583950, 0.39059204, 0.40905935, 0.22490150, 0.21261941, 0.78279376, 0.56776309, 0.38748276, 0.04963286, 0.34715652)
(0.11843181, 0.67227000, 0.11455318, 0.67596394, 0.57026446, 0.46710834, 0.80924261, 0.30655208, 0.20704678, 0.38375080)
(0.43708578, 0.58685315, 0.80572063, 0.84081274, 0.51919132, 0.19669254, 0.05939737, 0.21276441, 0.96782959, 0.37177438)
(0.64255744, 0.60565889, 0.73213488, 0.11370713, 0.72262686, 0.65472561, 0.68453795, 0.37039304, 0.07096837, 0.79624116)
(0.40352920, 0.17425120, 0.95699036, 0.40456241, 0.42391002, 0.24870183, 0.15668195, 0.45168066, 0.33690742, 0.93035352)
(0.69694114, 0.45002818, 0.65552896, 0.56623870, 0.08484066, 0.93869716, 0.91028070, 0.42595565, 0.81493843, 0.43610758)
(0.72739130, 0.22182283, 0.22718441, 0.06511103, 0.25692251, 0.84410208, 0.25874856, 0.30087581, 0.38690412, 0.45696610)
(0.64718068, 0.21266711, 0.15609580, 0.72547299, 0.10786526, 0.37040868, 0.36810717, 0.89500290, 0.08668240, 0.03705034)
(0.89412761, 0.80185401, 0.76197660, 0.15422826, 0.56040019, 0.66311961, 0.39081296, 0.54445010, 0.11235381, 0.27186978)
(0.47801855, 0.74038547, 0.25808138, 0.58591539, 0.73661119, 0.68873197, 0.08118535, 0.48594946, 0.16756135, 0.69923007)
(0.60671914, 0.61018032, 0.29287142, 0.52670467, 0.89742839, 0.25584158, 0.72224146, 0.23283465, 0.35251802, 0.67586750)
(0.46527559, 0.26423609, 0.08834990, 0.71960366, 0.28278103, 0.89508635, 0.22779304, 0.53286129, 0.35217160, 0.56250834)
(0.72573483, 0.78954935, 0.17987265, 0.81416732, 0.75191355, 0.43817249, 0.82361740, 0.52800173, 0.05772465, 0.61163402)
(0.25569686, 0.38112301, 0.04803074, 0.69057775, 0.16904567, 0.86244029, 0.16567507, 0.97175062, 0.65623271, 0.37107363)
(0.93835872, 0.64330316, 0.24552566, 0.90728533, 0.43240890, 0.77704018, 0.32416371, 0.86352986, 0.09824105, 0.41362861)
(0.57817221, 0.12353113, 0.46007076, 0.47675699, 0.43880954, 0.25075784, 0.40572217, 0.18889593, 0.05842187, 0.90052122)
(0.33301499, 0.41977957, 0.15793516, 0.78132600, 0.26685393, 0.49635911, 0.53174531, 0.06140957, 0.79711545, 0.43083259)
(0.64053452, 0.41399539, 0.69804138, 0.36118263, 0.80548257, 0.47588849, 0.73974222, 0.36880511, 0.31112629, 0.61721545)
(0.71173048, 0.15888813, 0.67884964, 0.67297453, 0.54243344, 0.81778514, 0.16615300, 0.71796447, 0.44380629, 0.55348527)
(0.81026459, 0.65024573, 0.71002764, 0.04197145, 0.64559615, 0.53213465, 0.95066017, 0.21214403, 0.29197717, 0.64810365)
(0.57333487, 0.45407388, 0.66760218, 0.50719070, 0.85063148, 0.32154423, 0.70540971, 0.09707871, 0.29514506, 0.66212261)
(0.26187178, 0.45879832, 0.44673106, 0.01473732, 0.80530208, 0.32379806, 0.16011302, 0.14988405, 0.91631150, 0.04853434)
(0.78191519, 0.52991796, 0.89969611, 0.61361545, 0.15790236, 0.43433791, 0.57327467, 0.10276663, 0.67851353, 0.69097286)
(0.52650470, 0.44049913, 0.48242408, 0.20396547, 0.90549970, 0.53887284, 0.84354860, 0.13384274, 0.36549452, 0.21867864)
(0.77024746, 0.74030721, 0.87180418, 0.28231102, 0.56647098, 0.55000824, 0.62195927, 0.41150478, 0.37203825, 0.16385004)
(0.66755700, 0.37990934, 0.96524084, 0.60448062, 0.91968733, 0.53918070, 0.10787721, 0.33233139, 0.33312553, 0.26390323)
(0.32229152, 0.83808166, 0.74855191, 0.11776016, 0.38519078, 0.60127938, 0.57487088, 0.73321307, 0.69493502, 0.41054896)
(0.44951269, 0.45845711, 0.77078688, 0.94241285, 0.46676350, 0.45920670, 0.34908184, 0.69515723, 0.06259514, 0.04714297)
(0.71285206, 0.30135834, 0.09496699, 0.18858285, 0.28814909, 0.93587416, 0.25434530, 0.48352370, 0.38507226, 0.63857311)
(0.33922619, 0.68032128, 0.27589938, 0.52007574, 0.92917597, 0.64245760, 0.70834559, 0.45599303, 0.10910313, 0.08472024)
(0.74371946, 0.53421527, 0.70600802, 0.92554951, 0.81576067, 0.31771314, 0.06386792, 0.35299778, 0.13221362, 0.74331486)
(0.74206626, 0.12915555, 0.28700930, 0.93216181, 0.72776097, 0.86909395, 0.10779916, 0.74034005, 0.41696012, 0.29690501)
(0.64501023, 0.13838182, 0.24508029, 0.09813835, 0.31712961, 0.67594808, 0.43924519, 0.50730479, 0.18419811, 0.23026121)
(0.82334787, 0.10831876, 0.19326885, 0.39191201, 0.45357198, 0.51115465, 0.47063059, 0.67807347, 0.37243116, 0.35362890)
(0.86969578, 0.63316715, 0.09544460, 0.46318141, 0.81611663, 0.59557372, 0.66955447, 0.65256214, 0.15683937, 0.41080689)
(0.61395270, 0.57552695, 0.17483866, 0.84299916, 0.94887024, 0.61072063, 0.11418717, 0.23519279, 0.19850415, 0.57549220)
(0.71692109, 0.21973692, 0.81370115, 0.03596029, 0.71759450, 0.94930977, 0.80155742, 0.86402845, 0.18861255, 0.09541972)
(0.23786640, 0.11886698, 0.86458254, 0.04444633, 0.88296074, 0.21869756, 0.11893354, 0.13259676, 0.83997375, 0.02221543)
(0.51007921, 0.65876174, 0.68354177, 0.55041999, 0.72665179, 0.40641826, 0.61306477, 0.64300650, 0.07234374, 0.71939737)
(0.77310187, 0.40644825, 0.71135318, 0.35825768, 0.71935028, 0.65570694, 0.89708626, 0.22603254, 0.59391373, 0.19447707)
(0.83725500, 0.48601708, 0.75017679, 0.39240566, 0.20742966, 0.47601065, 0.04609159, 0.79417872, 0.27703762, 0.39324474)
(0.76207113, 0.29164430, 0.15946186, 0.52731138, 0.26343024, 0.93895698, 0.21125063, 0.58140302, 0.45603698, 0.39508459)
(0.44837239, 0.25243765, 0.30295417, 0.13377991, 0.35640731, 0.80221987, 0.59489787, 0.65672332, 0.08009379, 0.21950540)
(0.44896352, 0.46597466, 0.95303065, 0.60846812, 0.38467869, 0.24623235, 0.77497721, 0.55570048, 0.41744587, 0.73686624)
(0.72347444, 0.29026121, 0.07533319, 0.63177395, 0.33366394, 0.75407368, 0.24152526, 0.83179522, 0.89857244, 0.79357439)
(0.33497846, 0.55500281, 0.48372120, 0.18290582, 0.35929811, 0.19678707, 0.10467985, 0.23330596, 0.85902125, 0.07721403)
(0.78456748, 0.29960307, 0.40937629, 0.27035969, 0.11381765, 0.80024910, 0.10180573, 0.78695947, 0.72655088, 0.42604932)
(0.79747921, 0.50221968, 0.69921464, 0.35913366, 0.66412568, 0.83278954, 0.30503324, 0.06255796, 0.11237319, 0.20074050)
(0.70701492, 0.41666144, 0.70630771, 0.53647834, 0.21310255, 0.96723080, 0.42925796, 0.43462312, 0.16495275, 0.20131613)
(0.24631934, 0.45602325, 0.53059357, 0.77362275, 0.21321586, 0.29210898, 0.74149930, 0.07899422, 0.59228021, 0.83263153)
(0.22742319, 0.31485751, 0.75409812, 0.89068031, 0.96328342, 0.35405642, 0.26613906, 0.20626691, 0.39065310, 0.41833961)
(0.35010844, 0.61211675, 0.36373851, 0.50446814, 0.20874651, 0.92807120, 0.21355326, 0.96010178, 0.63209152, 0.17913531)
(0.64702410, 0.25106883, 0.34426597, 0.54254973, 0.32385865, 0.74568719, 0.34912491, 0.03215112, 0.06584999, 0.10231441)
(0.62297398, 0.32632425, 0.47522113, 0.68637091, 0.84594852, 0.24095297, 0.19680692, 0.14626710, 0.16028672, 0.79945922)
(0.86224645, 0.54031706, 0.28447035, 0.81419253, 0.40898636, 0.10236835, 0.82993734, 0.41171768, 0.74847221, 0.20304853)
(0.40421140, 0.48976609, 0.17073400, 0.32732648, 0.56221586, 0.68284261, 0.17718503, 0.72272688, 0.38400412, 0.34218019)
(0.26014861, 0.86066109, 0.47719854, 0.02357564, 0.48137525, 0.33240649, 0.02520254, 0.09140295, 0.88309455, 0.08923139)
(0.73939568, 0.50288403, 0.68779713, 0.69950336, 0.53208530, 0.06343131, 0.60409123, 0.10363334, 0.80889779, 0.47806248)
(0.26772219, 0.77848697, 0.57907832, 0.59819269, 0.24480464, 0.35660565, 0.10667890, 0.30772856, 0.87606543, 0.48749119)
(0.50851154, 0.35936439, 0.55677003, 0.12554035, 0.26737699, 0.65298617, 0.30221826, 0.93285787, 0.17329662, 0.29657921)
(0.30975556, 0.31478405, 0.05701630, 0.34214148, 0.37405813, 0.79890722, 0.53363174, 0.64592487, 0.07787773, 0.11664490)
(0.11621311, 0.09848700, 0.04636538, 0.54590732, 0.40490901, 0.94659001, 0.41060019, 0.85676146, 0.48554212, 0.34570670)
(0.00883164, 0.47785529, 0.69988805, 0.08690854, 0.72289336, 0.20932186, 0.48738855, 0.63002634, 0.74190819, 0.29487845)
(0.40227935, 0.09172114, 0.79598302, 0.39100426, 0.49222440, 0.29952401, 0.27056348, 0.38799673, 0.04900482, 0.69836521)
(0.11150184, 0.74811172, 0.16122557, 0.65964979, 0.75358069, 0.47559875, 0.52329719, 0.54165953, 0.11903126, 0.61321759)
(0.12902902, 0.14680947, 0.08585518, 0.70279223, 0.69403696, 0.89541292, 0.40492392, 0.26752898, 0.17320532, 0.40312761)
(0.34356630, 0.71197373, 0.04736947, 0.62303567, 0.24811290, 0.59736848, 0.66998023, 0.13238627, 0.85504580, 0.92497832)
(0.51301634, 0.50305110, 0.03292941, 0.56312197, 0.25066847, 0.83644432, 0.57893276, 0.74426830, 0.04195946, 0.41554406)
(0.00887728, 0.71440065, 0.70309329, 0.60098386, 0.88198268, 0.50719804, 0.70562285, 0.66333014, 0.25733009, 0.30592749)
(0.72382480, 0.32056335, 0.35053840, 0.33284187, 0.36808634, 0.83304662, 0.65233439, 0.22764616, 0.05553613, 0.13351735)
(0.18079725, 0.29774454, 0.94279581, 0.47495151, 0.32132530, 0.06353226, 0.86106515, 0.24397548, 0.37365061, 0.74732143)
(0.58492362, 0.07772125, 0.18476002, 0.30401295, 0.06210723, 0.85022920, 0.19977389, 0.59264612, 0.48676848, 0.06129658)
(0.58858615, 0.04594600, 0.85388589, 0.56995958, 0.51142466, 0.48623952, 0.12553902, 0.44448802, 0.08521846, 0.97224265)
(0.47149643, 0.74363309, 0.04974301, 0.40678823, 0.51702267, 0.83311731, 0.16858202, 0.58295143, 0.22446564, 0.78646344)
(0.39306486, 0.70610344, 0.42654309, 0.80969620, 0.24810101, 0.71114826, 0.66739404, 0.40193120, 0.76562262, 0.08574019)
(0.31325710, 0.11454788, 0.81858271, 0.52462721, 0.97777724, 0.15395018, 0.37957233, 0.33725640, 0.52766448, 0.40828454)
(0.71084124, 0.72793496, 0.54526937, 0.83044696, 0.91243440, 0.64314193, 0.56442904, 0.43639237, 0.05380133, 0.85296828)
(0.43087500, 0.27870095, 0.88554919, 0.51401687, 0.48840171, 0.04788163, 0.49234688, 0.34573981, 0.25555277, 0.86722738)
(0.59051991, 0.36650372, 0.83345300, 0.80293280, 0.84286976, 0.46795326, 0.04318236, 0.51876903, 0.28012493, 0.91322100)
(0.30434361, 0.16643788, 0.62496448, 0.54653376, 0.65418708, 0.16402707, 0.53655815, 0.42838094, 0.18995099, 0.83733791)
(0.79652530, 0.64541966, 0.91327149, 0.37419876, 0.43295938, 0.07798500, 0.22136958, 0.38923565, 0.26980099, 0.72244650)
(0.35514313, 0.81226295, 0.55377305, 0.06329262, 0.19163565, 0.73434204, 0.21876973, 0.84429109, 0.10440712, 0.69685280)
(0.56702268, 0.81651729, 0.40276918, 0.71150130, 0.66157371, 0.16091873, 0.79688960, 0.62737721, 0.62968004, 0.65650070)
(0.83066362, 0.78506738, 0.48423263, 0.48265463, 0.20589636, 0.52359378, 0.67288905, 0.61009336, 0.21572082, 0.06109988)
(0.49009609, 0.65019619, 0.20079120, 0.67466176, 0.96764696, 0.42636979, 0.38639405, 0.28962758, 0.24334550, 0.33142170)
(0.20896143, 0.59280878, 0.28878534, 0.52331632, 0.51686078, 0.16034000, 0.31540415, 0.22075535, 0.93046373, 0.94746792)
(0.88021183, 0.29770350, 0.30115536, 0.44352493, 0.27749470, 0.52556813, 0.75020802, 0.69972014, 0.10138594, 0.30365506)
(0.73225212, 0.03853230, 0.30221957, 0.56079996, 0.39489746, 0.41171622, 0.70919245, 0.80672008, 0.20339179, 0.62956446)
(0.73208201, 0.57002914, 0.89617747, 0.68692327, 0.63710839, 0.06477618, 0.27270627, 0.42266387, 0.28268960, 0.94258237)
(0.71591437, 0.73429626, 0.19587959, 0.59720355, 0.67101252, 0.48103082, 0.97097212, 0.60801440, 0.73633045, 0.50891936)
(0.81933928, 0.29488602, 0.61131078, 0.18298277, 0.57875109, 0.81742322, 0.28395584, 0.28888959, 0.08027526, 0.80005968)
(0.53050905, 0.24831650, 0.02959405, 0.45109913, 0.42161986, 0.90975922, 0.22680219, 0.75470859, 0.63926381, 0.76818961)
(0.65889114, 0.38962749, 0.73234612, 0.03000161, 0.93872899, 0.48425868, 0.10110050, 0.35661450, 0.07588404, 0.34447488)
(0.61642426, 0.44068593, 0.74516296, 0.13212857, 0.66856563, 0.36807537, 0.47518361, 0.13019426, 0.37200192, 0.93656200)
(0.21100475, 0.66913855, 0.04241484, 0.27291337, 0.40539840, 0.72215635, 0.53089654, 0.61867386, 0.09675212, 0.35496879)
(0.75754845, 0.59559369, 0.34615207, 0.76172435, 0.89067107, 0.21214865, 0.81685019, 0.13124254, 0.77762204, 0.83607835)
(0.73027873, 0.17577654, 0.56872457, 0.06158332, 0.41083789, 0.60130125, 0.55804473, 0.94066143, 0.26113120, 0.33256426)
(0.59607977, 0.44938293, 0.69300085, 0.29246438, 0.44424409, 0.51252449, 0.75036800, 0.60604256, 0.13979180, 0.54903328)
(0.93546963, 0.27338213, 0.23651659, 0.54811394, 0.51980168, 0.70335472, 0.39360365, 0.78870553, 0.20736220, 0.35613564)
(0.37300989, 0.12579049, 0.64759552, 0.11351523, 0.38166344, 0.72691751, 0.19234234, 0.49496797, 0.60968947, 0.55769277)
(0.85322571, 0.22399138, 0.67364216, 0.64089274, 0.57453597, 0.67231148, 0.90434343, 0.33707231, 0.11112044, 0.89844513)
(0.50933313, 0.50484610, 0.51885062, 0.07491550, 0.27806938, 0.88081264, 0.79352599, 0.64361435, 0.11156162, 0.03497391)
(0.56797445, 0.14506069, 0.65806288, 0.46644166, 0.40336394, 0.44303566, 0.04391238, 0.32183611, 0.44731694, 0.92039376)
(0.40520567, 0.24023293, 0.79864728, 0.33277825, 0.76424706, 0.12220063, 0.28213269, 0.42393455, 0.76409376, 0.12140568)
(0.35357976, 0.67873800, 0.50865740, 0.55918348, 0.32523862, 0.18256107, 0.10056957, 0.36688313, 0.96775103, 0.94261056)
(0.77262950, 0.33162224, 0.68295276, 0.05346807, 0.74810117, 0.78948712, 0.79957336, 0.37802973, 0.16129175, 0.05612475)
(0.33283460, 0.80452573, 0.27225140, 0.87971789, 0.46291414, 0.14249803, 0.67031282, 0.16021483, 0.93167984, 0.90716410)
(0.87992460, 0.15697339, 0.83331543, 0.37896225, 0.23317631, 0.38571167, 0.41710022, 0.08342435, 0.07730896, 0.86928302)
(0.85580724, 0.25971994, 0.79938555, 0.28493050, 0.71896058, 0.53695446, 0.65965486, 0.04057056, 0.41962087, 0.33187297)
(0.29863730, 0.42785102, 0.48977515, 0.35598835, 0.18100819, 0.76385784, 0.07914585, 0.30611810, 0.05028295, 0.28835714)
(0.36673018, 0.26344407, 0.76424718, 0.53050429, 0.56611180, 0.17059663, 0.55982792, 0.45096251, 0.12376229, 0.96794701)
(0.63858414, 0.66166180, 0.19671553, 0.61578608, 0.17123669, 0.78874606, 0.68813574, 0.85958040, 0.18259457, 0.56759495)
(0.61515021, 0.27696097, 0.63708901, 0.15046859, 0.92631501, 0.62033379, 0.71320724, 0.23207249, 0.13652672, 0.67435122)
(0.34020805, 0.50466132, 0.66836637, 0.10717235, 0.76731032, 0.12635109, 0.21522875, 0.26574394, 0.56379312, 0.05247316)
(0.25427571, 0.51378560, 0.76974040, 0.55956322, 0.61736488, 0.08360141, 0.22045919, 0.38395411, 0.11906795, 0.54345322)
(0.09480155, 0.61145264, 0.52798140, 0.42339951, 0.64784569, 0.53377593, 0.82225329, 0.74601346, 0.12816279, 0.37932792)
(0.25337765, 0.48235661, 0.67762619, 0.04474140, 0.62250227, 0.40256271, 0.34024519, 0.90479249, 0.20908386, 0.18204798)
(0.20789154, 0.41005754, 0.69767976, 0.17171924, 0.53280622, 0.19608408, 0.09560831, 0.24371032, 0.89597166, 0.02952584)
(0.30289584, 0.10680331, 0.50385731, 0.50953203, 0.34803560, 0.38961938, 0.85642630, 0.35672909, 0.63052315, 0.67709690)
(0.42484143, 0.74125570, 0.17580064, 0.91591769, 0.24499674, 0.29696327, 0.57564968, 0.06159613, 0.88081712, 0.67764676)
(0.40022218, 0.42042041, 0.51369226, 0.91307956, 0.05515002, 0.29528245, 0.84249634, 0.10240826, 0.49539202, 0.84121865)
(0.18185256, 0.55269164, 0.89874065, 0.06542266, 0.76646763, 0.73027533, 0.30434895, 0.97317863, 0.11457305, 0.25113690)
(0.57039601, 0.22542614, 0.48630413, 0.02401005, 0.53078824, 0.81404561, 0.18228318, 0.85301954, 0.20028582, 0.19755849)
(0.60777354, 0.62836123, 0.30796844, 0.50888395, 0.73399723, 0.27867383, 0.85356385, 0.11589731, 0.46763110, 0.43387383)
(0.35844725, 0.28466052, 0.40844437, 0.71948910, 0.50866520, 0.10800161, 0.59404254, 0.31387803, 0.83648700, 0.91900021)
(0.42103174, 0.33620718, 0.42122799, 0.75442117, 0.77128100, 0.54086715, 0.62669569, 0.51486582, 0.13598783, 0.05419734)
(0.52955061, 0.39655617, 0.95653486, 0.56742096, 0.45632094, 0.46422130, 0.10011228, 0.05246013, 0.20217270, 0.79458970)
(0.20520227, 0.66329676, 0.54081684, 0.05052374, 0.74256927, 0.43502495, 0.11592697, 0.58209980, 0.17085953, 0.26315886)
(0.05879001, 0.11316963, 0.44759208, 0.35435572, 0.08722768, 0.96146673, 0.39178362, 0.87064201, 0.51649886, 0.21952905)
(0.43320081, 0.38251299, 0.06256656, 0.39907378, 0.38857412, 0.77662838, 0.20085230, 0.94812876, 0.39534569, 0.60474730)
(0.89872438, 0.52614284, 0.56935173, 0.85119182, 0.44508600, 0.24080399, 0.26720664, 0.53122801, 0.02925063, 0.79010302)
(0.13723171, 0.33409601, 0.02293658, 0.87125981, 0.22179317, 0.83346927, 0.13509065, 0.89448428, 0.52896941, 0.40644324)
(0.04422453, 0.25533265, 0.72047853, 0.31243220, 0.71595907, 0.90482068, 0.40990406, 0.23840527, 0.30122411, 0.81256068)
(0.93306822, 0.24045622, 0.45467961, 0.83694309, 0.66062629, 0.49943760, 0.09524269, 0.20802891, 0.13501760, 0.77054024)
(0.59820586, 0.40222046, 0.89509761, 0.86507589, 0.52493322, 0.24874911, 0.54752886, 0.16655773, 0.88226014, 0.90716195)
(0.66824275, 0.16147146, 0.28380215, 0.80081201, 0.52945274, 0.65727162, 0.21184468, 0.27588013, 0.28625050, 0.74382919)
(0.40916848, 0.52457470, 0.90510100, 0.40481597, 0.71180004, 0.28495848, 0.45504662, 0.26447135, 0.56826705, 0.03447638)
(0.19211444, 0.40456796, 0.48051110, 0.44447684, 0.94199258, 0.31340694, 0.89375579, 0.17951921, 0.52269220, 0.37572286)
(0.75710124, 0.35313898, 0.31451595, 0.40300453, 0.38031012, 0.56103444, 0.91679555, 0.09683508, 0.68289256, 0.66765743)
(0.95255554, 0.45314291, 0.76761234, 0.27276078, 0.24946162, 0.36993638, 0.61051178, 0.21724759, 0.26227030, 0.58312720)
(0.42864096, 0.60694671, 0.51774377, 0.38420919, 0.81463051, 0.17414142, 0.32893658, 0.60734791, 0.67322958, 0.26046628)
(0.54596245, 0.62149829, 0.97039121, 0.41730848, 0.68657076, 0.36431947, 0.08490919, 0.15494895, 0.55973458, 0.11085927)
(0.49904755, 0.42928287, 0.34690958, 0.14817990, 0.14888264, 0.36342275, 0.45846552, 0.94430238, 0.23656300, 0.13236262)
(0.75352198, 0.68630683, 0.53542852, 0.79901505, 0.90790784, 0.71194118, 0.50698882, 0.65006429, 0.05005945, 0.78858268)
(0.28113115, 0.64583361, 0.71807915, 0.29098010, 0.54154730, 0.57196116, 0.35578319, 0.67557049, 0.10349557, 0.16682766)
(0.44916579, 0.24928038, 0.86233902, 0.04796070, 0.94696701, 0.25646675, 0.20515433, 0.16390938, 0.85093057, 0.05875592)
(0.08569398, 0.48063841, 0.76052183, 0.42976719, 0.54765469, 0.24898383, 0.16839814, 0.42235529, 0.93034613, 0.09853870)
(0.34291035, 0.72230339, 0.45460719, 0.72152936, 0.95077521, 0.69204926, 0.67612451, 0.62317532, 0.13238846, 0.08049416)
(0.60270661, 0.61911476, 0.75283301, 0.56949306, 0.53642267, 0.13322462, 0.28654885, 0.58845443, 0.59733677, 0.09471537)
(0.22763875, 0.16074516, 0.95499629, 0.27382150, 0.61789292, 0.04488106, 0.50868613, 0.30148479, 0.22516936, 0.65993303)
(0.67947328, 0.63793266, 0.85746074, 0.45626649, 0.87092167, 0.14441207, 0.38837251, 0.39624229, 0.56044441, 0.89444226)
(0.13495776, 0.60533124, 0.91226095, 0.24570671, 0.49516627, 0.90763128, 0.59569931, 0.20582511, 0.87013775, 0.11739096)
(0.34793171, 0.71978837, 0.65392679, 0.61102682, 0.35641235, 0.65957719, 0.66290730, 0.44214371, 0.86139816, 0.10817837)
(0.59954566, 0.87007385, 0.54147768, 0.81903875, 0.16594605, 0.31156743, 0.80357361, 0.63076907, 0.07521414, 0.67599863)
(0.45694703, 0.81913179, 0.30695865, 0.34142175, 0.55383641, 0.44919765, 0.13316922, 0.19570696, 0.93714941, 0.67050302)
(0.49085352, 0.75976479, 0.32694179, 0.88279366, 0.82260269, 0.83672416, 0.65515357, 0.42367402, 0.15965520, 0.11220758)
(0.73925585, 0.43344140, 0.46379405, 0.38037643, 0.79550678, 0.33860871, 0.65789193, 0.10650931, 0.38761955, 0.61352021)
(0.84500974, 0.58896655, 0.50293708, 0.41812676, 0.33938122, 0.68332237, 0.96322644, 0.65127516, 0.44657862, 0.63310361)
(0.61225539, 0.27723515, 0.36775184, 0.71439588, 0.95467216, 0.51834792, 0.33059514, 0.16120833, 0.16726226, 0.70687020)
(0.18584333, 0.90353513, 0.31242487, 0.82541001, 0.45906144, 0.39418343, 0.69149905, 0.17381394, 0.10929565, 0.23606884)
(0.72068864, 0.59026641, 0.16601226, 0.34807506, 0.55585879, 0.89659327, 0.55427307, 0.58890980, 0.12501612, 0.42849612)
(0.27803031, 0.11140967, 0.53495806, 0.86954576, 0.81670427, 0.62709278, 0.18652973, 0.26978803, 0.13239399, 0.46592501)
(0.27849972, 0.61110663, 0.07145260, 0.70621449, 0.26522505, 0.58668602, 0.57351255, 0.08774053, 0.17092828, 0.56647110)
(0.62941551, 0.92866606, 0.58391881, 0.69107544, 0.30330700, 0.25431305, 0.78189331, 0.53017002, 0.22647823, 0.20413588)
(0.85186380, 0.54268652, 0.49776793, 0.78981555, 0.39249867, 0.84651184, 0.46071982, 0.81346983, 0.08446360, 0.89197099)
(0.45554292, 0.53147519, 0.46276480, 0.09625817, 0.37899312, 0.89590466, 0.29042122, 0.96147400, 0.35649166, 0.31654319)
(0.58589637, 0.42705736, 0.47896597, 0.74345118, 0.76154661, 0.54256475, 0.50833488, 0.52756685, 0.07701688, 0.85044080)
(0.66737664, 0.40268135, 0.91119826, 0.38348371, 0.52801144, 0.24667297, 0.72163481, 0.08390287, 0.37440190, 0.88792026)
(0.88147539, 0.39211702, 0.64302003, 0.91167372, 0.61289465, 0.76910406, 0.78871524, 0.46156648, 0.52297068, 0.86086273)
(0.25043136, 0.30297470, 0.87047976, 0.90223217, 0.74877495, 0.63389575, 0.12073252, 0.34398112, 0.39174089, 0.88761538)
(0.70607227, 0.42462751, 0.21205013, 0.82507008, 0.31288311, 0.28715318, 0.92850846, 0.46292570, 0.60289669, 0.67532092)
(0.50801510, 0.52079177, 0.52012724, 0.85120428, 0.59462065, 0.63010204, 0.69947165, 0.47787890, 0.72130966, 0.36564222)
(0.46588117, 0.69580519, 0.68179923, 0.44478106, 0.05243061, 0.58827090, 0.90661210, 0.89588618, 0.61100566, 0.70322669)
(0.13619083, 0.70597005, 0.06317681, 0.48386472, 0.38602901, 0.64626551, 0.86969543, 0.73904741, 0.11976321, 0.07410818)
(0.82298291, 0.09393716, 0.57551551, 0.22932491, 0.31141314, 0.63634676, 0.17744106, 0.13428906, 0.07483132, 0.89327812)
(0.51835614, 0.24658851, 0.80798858, 0.49490944, 0.81284368, 0.29584572, 0.06551049, 0.15619406, 0.32741070, 0.75162244)
(0.23490474, 0.63990605, 0.48983109, 0.62631398, 0.55988669, 0.26659882, 0.76303023, 0.34250137, 0.23945665, 0.39203247)
(0.37236205, 0.67837554, 0.21387376, 0.83996248, 0.60680014, 0.35326493, 0.45425785, 0.16723709, 0.94991797, 0.86591387)
(0.41759807, 0.93542230, 0.69545573, 0.57644463, 0.53768951, 0.59069663, 0.84605414, 0.52742088, 0.60376412, 0.50740248)
(0.61288583, 0.29806522, 0.67887014, 0.28086185, 0.39723626, 0.84746623, 0.06014529, 0.53844011, 0.33279383, 0.12166823)
(0.11053848, 0.16078398, 0.42371705, 0.03955658, 0.59983498, 0.29284763, 0.11923809, 0.10906127, 0.84914505, 0.03085519)
(0.27980071, 0.45753732, 0.73764563, 0.63521862, 0.70675361, 0.05798522, 0.46696979, 0.52264911, 0.48645166, 0.48178178)
(0.76028270, 0.63576698, 0.83638501, 0.56007528, 0.73972631, 0.58006769, 0.76955152, 0.21912655, 0.37485161, 0.05043453)
(0.93287969, 0.64736235, 0.89031446, 0.34152517, 0.26795641, 0.57197106, 0.38479197, 0.14871323, 0.19470523, 0.27527815)
(0.54440504, 0.72938883, 0.38488814, 0.06001748, 0.09790201, 0.89552218, 0.52163398, 0.81030703, 0.18637671, 0.21778382)
(0.92375052, 0.40001947, 0.27437136, 0.13637921, 0.26905081, 0.80618548, 0.54378122, 0.93298149, 0.28158930, 0.50282651)
(0.48185170, 0.58288509, 0.27236232, 0.81371957, 0.32317123, 0.71293515, 0.29913273, 0.56315899, 0.05704647, 0.03964693)
(0.43181673, 0.86474574, 0.58925456, 0.88004756, 0.48359996, 0.36025462, 0.30427727, 0.23802526, 0.98312795, 0.54992676)
(0.47651315, 0.27979895, 0.01509055, 0.39441034, 0.17640802, 0.55342132, 0.54851359, 0.78163254, 0.09649794, 0.22750323)
(0.82132274, 0.70074576, 0.35142952, 0.64972734, 0.76940811, 0.08962639, 0.66489279, 0.09907135, 0.76978523, 0.45858955)
(0.57250923, 0.27979043, 0.80305552, 0.62189174, 0.84621739, 0.27916428, 0.09372695, 0.19633916, 0.24107939, 0.89714807)
(0.46458778, 0.09185164, 0.77406490, 0.29903686, 0.52383518, 0.28099328, 0.76440179, 0.15443721, 0.12261493, 0.49657595)
(0.39302465, 0.89224803, 0.13491954, 0.33120480, 0.43515292, 0.49368683, 0.78443587, 0.59852600, 0.73710793, 0.12391571)
(0.73428154, 0.28408921, 0.38825995, 0.27290729, 0.25866219, 0.88927364, 0.26981398, 0.08835454, 0.08315655, 0.36508870)
(0.36380026, 0.40882444, 0.42228782, 0.05604602, 0.62474638, 0.26969999, 0.16562015, 0.17866710, 0.89492959, 0.04564409)
(0.48584098, 0.28703210, 0.80605870, 0.28070137, 0.26704076, 0.57418388, 0.35895750, 0.79695058, 0.15469229, 0.03981645)
(0.61542314, 0.25723606, 0.56828505, 0.42586008, 0.40585974, 0.45729408, 0.78263497, 0.70808989, 0.27577433, 0.61425155)
(0.88466871, 0.63812983, 0.79661381, 0.02537714, 0.21109641, 0.69624054, 0.06199672, 0.85628867, 0.15574744, 0.43955970)
(0.62101531, 0.10355516, 0.31687775, 0.03324208, 0.43121114, 0.73341089, 0.43109864, 0.86485559, 0.16012610, 0.26060826)
(0.56705332, 0.41317168, 0.78813726, 0.44905612, 0.17089190, 0.44444844, 0.94166112, 0.15082379, 0.63344496, 0.65498728)
(0.41246000, 0.49555534, 0.55335820, 0.32832542, 0.16169280, 0.53710639, 0.42893541, 0.57710081, 0.04328180, 0.40660846)
(0.56502575, 0.39133117, 0.72043312, 0.82537800, 0.47113112, 0.62261957, 0.10837869, 0.11588509, 0.09099468, 0.34413421)
(0.11292063, 0.63486850, 0.09709000, 0.52106404, 0.69069099, 0.77360433, 0.37485376, 0.30740136, 0.12723331, 0.58785003)
(0.90809882, 0.10337629, 0.26650935, 0.64676815, 0.20991202, 0.57912207, 0.89914429, 0.66361213, 0.56949538, 0.82373071)
(0.43621650, 0.12377571, 0.19853963, 0.20794711, 0.18757521, 0.92065954, 0.28681403, 0.44280291, 0.40031168, 0.78634256)
(0.17054164, 0.37924156, 0.46866983, 0.51756614, 0.87333190, 0.47170684, 0.27542824, 0.34618303, 0.11694444, 0.37945306)
(0.77140242, 0.41094282, 0.38373259, 0.86040533, 0.42479748, 0.65679550, 0.05658186, 0.35239217, 0.16145533, 0.40094683)
(0.37141642, 0.93687183, 0.06985283, 0.83774030, 0.43551600, 0.45561597, 0.47689599, 0.10475416, 0.95214611, 0.86731112)
(0.34076869, 0.78216279, 0.92539328, 0.37197652, 0.55480796, 0.18828438, 0.52972674, 0.02714964, 0.36736453, 0.74730635)
(0.24641655, 0.18758398, 0.11670554, 0.73353082, 0.40679720, 0.68847859, 0.28216651, 0.48749295, 0.09888562, 0.24400833)
(0.59308296, 0.30057007, 0.70223612, 0.64501184, 0.71128476, 0.23800316, 0.06733209, 0.41356856, 0.31454247, 0.91222644)
(0.75483048, 0.00735975, 0.59524709, 0.49450552, 0.20306163, 0.62574285, 0.10147931, 0.68881643, 0.73381734, 0.68584138)
(0.48222628, 0.54135913, 0.74356055, 0.28514367, 0.54272324, 0.09460752, 0.77442980, 0.05132172, 0.72387147, 0.91216511)
(0.78234535, 0.40153939, 0.38231882, 0.40753034, 0.12566496, 0.46271145, 0.23449798, 0.84457392, 0.24904859, 0.06938624)
(0.45732468, 0.14254846, 0.41608971, 0.72411257, 0.55875671, 0.07613464, 0.84494770, 0.36527115, 0.24466647, 0.93849182)
(0.89512581, 0.22478487, 0.25959936, 0.61039221, 0.41425675, 0.41765916, 0.96171021, 0.35816294, 0.51406509, 0.83258992)
(0.61601615, 0.32386026, 0.37408274, 0.26702309, 0.61891544, 0.84203637, 0.51466006, 0.17218743, 0.12598269, 0.68606776)
(0.76907754, 0.63560319, 0.44658756, 0.58414185, 0.37923685, 0.19401664, 0.66973329, 0.22631499, 0.08606877, 0.06967163)
(0.38368246, 0.49572459, 0.81880033, 0.10227720, 0.84501112, 0.25398892, 0.37806270, 0.29044321, 0.74625450, 0.06548946)
(0.29217634, 0.20246603, 0.03497395, 0.19164494, 0.34579965, 0.73234808, 0.58681017, 0.85372859, 0.15274811, 0.34390026)
(0.22402665, 0.56153071, 0.59976649, 0.58527470, 0.50330377, 0.89617890, 0.59600860, 0.82213986, 0.06522080, 0.45310861)
(0.69563007, 0.70985430, 0.87329412, 0.97224957, 0.69887346, 0.59772450, 0.51230878, 0.26053131, 0.75064743, 0.42508096)
(0.91776681, 0.45136210, 0.63249624, 0.87095290, 0.83854795, 0.38723063, 0.41373241, 0.34189352, 0.16485317, 0.64712924)
(0.34875041, 0.80093408, 0.84767741, 0.52718794, 0.73989606, 0.08576645, 0.78877914, 0.49771589, 0.54381001, 0.81610566)
(0.12368061, 0.68395483, 0.35907596, 0.84807009, 0.59251630, 0.03561154, 0.26125449, 0.24350402, 0.31512371, 0.60568535)
(0.58889383, 0.14478551, 0.13503262, 0.42873996, 0.31437090, 0.68206179, 0.23746502, 0.83123654, 0.80847001, 0.52919024)
(0.45725629, 0.79985613, 0.02817873, 0.23618568, 0.32787412, 0.62196326, 0.40547639, 0.94993454, 0.18092114, 0.12228797)
(0.87659627, 0.51785177, 0.18670852, 0.64905924, 0.70720237, 0.34505072, 0.91745031, 0.57458472, 0.15127663, 0.71968377)
(0.67317867, 0.19812916, 0.89075345, 0.16253650, 0.33879447, 0.42086193, 0.85744566, 0.10881384, 0.52240753, 0.85985202)
(0.54988229, 0.43469840, 0.36383742, 0.60368913, 0.19187531, 0.50940990, 0.91743910, 0.65314358, 0.62832332, 0.48459652)
(0.35087976, 0.63168383, 0.66981602, 0.59875917, 0.68690163, 0.14545983, 0.50729173, 0.01407218, 0.39144257, 0.64618689)
(0.74548203, 0.04996443, 0.81232774, 0.22082978, 0.19519399, 0.54706514, 0.91275138, 0.43312719, 0.55942172, 0.86471838)
(0.22712673, 0.85418206, 0.34593415, 0.84457189, 0.74477118, 0.32748336, 0.71577901, 0.54083031, 0.43392110, 0.04088943)
(0.83234257, 0.12488686, 0.48386362, 0.68344289, 0.50175476, 0.53878421, 0.16099775, 0.22302692, 0.34246889, 0.75522560)
(0.35719424, 0.24501263, 0.14468277, 0.71511394, 0.87812531, 0.81966579, 0.28833976, 0.45147094, 0.09473459, 0.41148156)
(0.31716117, 0.05501871, 0.07664738, 0.83701503, 0.08499897, 0.61489278, 0.15195784, 0.81514567, 0.80886811, 0.81626844)
(0.32099956, 0.83864266, 0.89644521, 0.90983427, 0.85272449, 0.35849854, 0.10599473, 0.39255676, 0.93672872, 0.38352376)
(0.07683484, 0.05731289, 0.08393095, 0.17509526, 0.30601755, 0.81554377, 0.74442714, 0.60009319, 0.18271667, 0.31099492)
(0.58858413, 0.58330780, 0.90836096, 0.87717664, 0.24130191, 0.14764364, 0.72465557, 0.25246632, 0.25937486, 0.94073611)
(0.45590454, 0.62279290, 0.70117205, 0.41439235, 0.42063677, 0.54647094, 0.88037711, 0.04636182, 0.88954324, 0.86365753)
(0.28157979, 0.30098742, 0.72589505, 0.74115902, 0.92747420, 0.38007668, 0.12724520, 0.34313029, 0.29217204, 0.86144835)
(0.34922859, 0.43694362, 0.04780808, 0.15960851, 0.43759570, 0.69752091, 0.41830832, 0.93967640, 0.34501508, 0.38351524)
(0.47917697, 0.52906328, 0.82432789, 0.44868949, 0.85438347, 0.14006674, 0.41419980, 0.07289927, 0.52325290, 0.77095503)
(0.29484451, 0.35641083, 0.20574011, 0.18716069, 0.11225960, 0.95688009, 0.24748880, 0.95440865, 0.51872975, 0.54683274)
(0.45964009, 0.40158278, 0.34013042, 0.54820418, 0.90013701, 0.54480535, 0.18275377, 0.29871008, 0.29350537, 0.72644025)
(0.35482708, 0.65367711, 0.76592129, 0.39186579, 0.49310029, 0.27139869, 0.67383415, 0.28265363, 0.48678872, 0.04617459)
(0.68010789, 0.28911394, 0.36077294, 0.56956840, 0.69255006, 0.66226077, 0.46801338, 0.20264527, 0.18542209, 0.69986403)
(0.88969004, 0.04516174, 0.38520855, 0.65916121, 0.51907700, 0.63260466, 0.59080929, 0.72676641, 0.08381954, 0.97406876)
(0.03963233, 0.28373492, 0.52394480, 0.78328776, 0.48049432, 0.54556870, 0.35665438, 0.30658081, 0.08660591, 0.28138274)
(0.93179268, 0.23860711, 0.82426471, 0.23741072, 0.40663505, 0.56479681, 0.49747050, 0.07732048, 0.12459369, 0.75595701)
(0.45487273, 0.65895498, 0.05791752, 0.75785697, 0.33139783, 0.59320694, 0.30198020, 0.37294289, 0.07734787, 0.64745986)
(0.51910943, 0.31258410, 0.52938372, 0.74035287, 0.88670850, 0.45788276, 0.31213167, 0.04428601, 0.23592447, 0.33017954)
(0.88691407, 0.52224213, 0.28804940, 0.01978412, 0.23970602, 0.78645736, 0.66926682, 0.71619654, 0.11385629, 0.30255082)
(0.81717557, 0.41311845, 0.52460730, 0.22984569, 0.75643086, 0.78098255, 0.86345446, 0.45413738, 0.08957360, 0.74017972)
(0.78750765, 0.28669342, 0.31122279, 0.87366784, 0.40761262, 0.42284691, 0.17224383, 0.52053666, 0.11477682, 0.15504244)
(0.25387961, 0.82462871, 0.40006581, 0.25231907, 0.29680794, 0.69128424, 0.62352967, 0.46009392, 0.38715416, 0.06243328)
(0.03615521, 0.84865463, 0.46854624, 0.31863850, 0.27631417, 0.56036562, 0.54035234, 0.86909729, 0.15399857, 0.40228745)
(0.71514332, 0.38848257, 0.39324966, 0.08364679, 0.25499657, 0.63119477, 0.63094282, 0.94989431, 0.12025727, 0.18024136)
(0.33034500, 0.17361359, 0.73690784, 0.37887087, 0.59628487, 0.11546607, 0.39209741, 0.27174503, 0.20687842, 0.47714734)
(0.74511701, 0.91684157, 0.19293185, 0.88984424, 0.83578616, 0.25219804, 0.52832115, 0.56668538, 0.73331612, 0.60377783)
(0.12340930, 0.24291098, 0.87827986, 0.62503284, 0.72313267, 0.25313243, 0.40922886, 0.30349743, 0.58708924, 0.42357957)
(0.87081230, 0.26151589, 0.60763115, 0.37692040, 0.16739182, 0.53793108, 0.07722059, 0.63815570, 0.15739606, 0.61772698)
(0.12551406, 0.27465606, 0.90728652, 0.66276276, 0.97433925, 0.24135844, 0.22628511, 0.46904671, 0.77712911, 0.39098689)
(0.62722206, 0.14881910, 0.64172429, 0.28374103, 0.09198287, 0.81609017, 0.95251679, 0.42565286, 0.71996999, 0.71221334)
(0.56419718, 0.34137124, 0.51453680, 0.26279300, 0.44057918, 0.56565058, 0.92410773, 0.64795572, 0.31579006, 0.61094886)
(0.57839048, 0.38818651, 0.40318421, 0.09265530, 0.40913245, 0.59526020, 0.66199356, 0.96102595, 0.11758614, 0.18972182)
(0.38608465, 0.26116106, 0.72737765, 0.08519092, 0.80614948, 0.32253605, 0.10250501, 0.15942633, 0.76099825, 0.01490498)
(0.29240090, 0.51821959, 0.94367570, 0.93919837, 0.96806639, 0.48363039, 0.37455383, 0.39260384, 0.61270344, 0.21333982)
(0.43793097, 0.04654517, 0.24258745, 0.83237618, 0.15496404, 0.30634323, 0.87510741, 0.75178927, 0.28098619, 0.86203700)
(0.55917692, 0.44252750, 0.77426326, 0.40468943, 0.36467826, 0.64546394, 0.52873552, 0.81423676, 0.08483220, 0.56939995)
(0.14779894, 0.37463069, 0.01942751, 0.36483458, 0.22516093, 0.56026089, 0.78762776, 0.41608474, 0.85357505, 0.75878638)
(0.24733894, 0.43417445, 0.84500140, 0.72191435, 0.61030746, 0.28322658, 0.04040606, 0.48699558, 0.45490548, 0.96365732)
(0.31614697, 0.11011975, 0.10508036, 0.46233556, 0.16153248, 0.86017966, 0.15689014, 0.49424368, 0.58705187, 0.49464679)
(0.47333732, 0.19874422, 0.57729256, 0.05194931, 0.83160776, 0.20512375, 0.16980293, 0.20265381, 0.82696980, 0.04170191)
(0.08338806, 0.46282247, 0.61134571, 0.42264068, 0.70700401, 0.63728499, 0.50881326, 0.83959544, 0.17704040, 0.55226600)
(0.77416766, 0.77277905, 0.14138263, 0.87445772, 0.85875720, 0.72692263, 0.24263977, 0.26843888, 0.18463527, 0.47842434)
(0.47011873, 0.38344395, 0.20095628, 0.61114866, 0.82740372, 0.60775632, 0.50222695, 0.12546310, 0.12948611, 0.52796680)
(0.74767035, 0.44942155, 0.74610311, 0.86447728, 0.38907608, 0.52335888, 0.82469743, 0.24214925, 0.49375802, 0.91798729)
(0.21971081, 0.65330327, 0.16454910, 0.60526800, 0.84803474, 0.30349618, 0.45796824, 0.25633952, 0.21946461, 0.69893968)
(0.49989346, 0.39383760, 0.57142484, 0.71543360, 0.94139755, 0.25605121, 0.05898436, 0.42990178, 0.46547675, 0.71790344)
(0.93188959, 0.46613881, 0.70634735, 0.69448531, 0.20550075, 0.60432976, 0.85770297, 0.16330251, 0.23183587, 0.75520098)
(0.25530320, 0.48757336, 0.57375592, 0.59909970, 0.75730211, 0.76462168, 0.78248888, 0.78938055, 0.07208857, 0.08011981)
(0.54249710, 0.61499113, 0.65895742, 0.44835034, 0.89771104, 0.55797994, 0.73205221, 0.12314203, 0.11752512, 0.70973015)
(0.79592615, 0.50691599, 0.80917335, 0.58239084, 0.36837298, 0.30860710, 0.52864426, 0.14010225, 0.47532597, 0.56805611)
(0.74999845, 0.50920635, 0.71996421, 0.04389298, 0.79041970, 0.12538712, 0.38060030, 0.25744361, 0.85193467, 0.12903324)
(0.71602911, 0.79346633, 0.52390599, 0.72448832, 0.33920595, 0.47669077, 0.21918422, 0.88148600, 0.09846964, 0.42981115)
(0.54808760, 0.36220858, 0.63365149, 0.35915154, 0.13345766, 0.73962945, 0.10144103, 0.91695821, 0.56443644, 0.09630624)
(0.39090824, 0.64449811, 0.47285077, 0.44522491, 0.68466944, 0.48847303, 0.75276881, 0.11603425, 0.06405204, 0.75980598)
(0.35718942, 0.03921698, 0.37425709, 0.72928321, 0.26921135, 0.84686607, 0.29109257, 0.40707400, 0.56016088, 0.61052585)
(0.62674963, 0.64464706, 0.61037874, 0.05951051, 0.33989182, 0.49594641, 0.73955119, 0.91802293, 0.45141378, 0.20897052)
(0.56803924, 0.64478803, 0.94162506, 0.06233516, 0.89918584, 0.35671258, 0.28808555, 0.05661255, 0.77912033, 0.13009030)
(0.54547030, 0.21287927, 0.74660301, 0.73806900, 0.68661869, 0.60046494, 0.15053058, 0.15335315, 0.10524246, 0.12544073)
(0.83274263, 0.23153010, 0.58207780, 0.57334703, 0.86446381, 0.51782233, 0.59815735, 0.03586273, 0.15105283, 0.24762127)
(0.56531793, 0.63160276, 0.16140336, 0.56689882, 0.31952986, 0.46711126, 0.74330264, 0.14969358, 0.09131300, 0.03392967)
(0.61579645, 0.30347854, 0.76057428, 0.68260533, 0.68436921, 0.13915171, 0.36387229, 0.12193985, 0.17757751, 0.89534879)
(0.44839406, 0.49031007, 0.12321168, 0.79468179, 0.80873847, 0.38233942, 0.27789864, 0.17732717, 0.16221483, 0.79924703)
(0.47821182, 0.46529469, 0.43741718, 0.85029900, 0.88519138, 0.73769444, 0.72195339, 0.48451546, 0.22119673, 0.03093447)
(0.17341857, 0.84833604, 0.25184864, 0.63963836, 0.57041913, 0.55325270, 0.62322599, 0.00817877, 0.27822033, 0.39525375)
(0.69587225, 0.73449922, 0.81657147, 0.60149354, 0.64609808, 0.21348391, 0.12677476, 0.69326329, 0.05349275, 0.80478454)
(0.59241492, 0.89416891, 0.35026106, 0.60448968, 0.69898111, 0.34199435, 0.51103556, 0.42741105, 0.94699287, 0.40128514)
(0.52230608, 0.14118755, 0.88090748, 0.51239508, 0.82655895, 0.18405744, 0.16508576, 0.12028179, 0.22360641, 0.38986111)
(0.89853346, 0.39287436, 0.10433126, 0.71572477, 0.78134751, 0.42736417, 0.72399461, 0.56766731, 0.23426700, 0.12494084)
(0.03944810, 0.71798909, 0.56556267, 0.85825086, 0.71738219, 0.76365423, 0.16785233, 0.76730978, 0.32843354, 0.77105033)
(0.40767246, 0.18568420, 0.29958236, 0.66144174, 0.18423061, 0.64225185, 0.94466317, 0.54763442, 0.35448730, 0.86573350)
(0.64617151, 0.73913723, 0.93122053, 0.73534596, 0.19746618, 0.03399665, 0.53049308, 0.21273196, 0.52858269, 0.90868872)
(0.76977324, 0.10975553, 0.53261638, 0.74317926, 0.51605898, 0.75148654, 0.45162833, 0.50490570, 0.07764087, 0.08773068)
(0.50790399, 0.35246828, 0.71897483, 0.94161785, 0.82042396, 0.43261975, 0.20434935, 0.16791700, 0.16712713, 0.36456302)
(0.03827596, 0.17856106, 0.48372069, 0.89035749, 0.18672359, 0.94126093, 0.25437942, 0.56502473, 0.35368663, 0.73508304)
(0.60708070, 0.45124182, 0.74789852, 0.79331267, 0.61606675, 0.34876981, 0.81676728, 0.21510063, 0.48292476, 0.95148861)
(0.80505615, 0.08614112, 0.55957961, 0.22778220, 0.10622048, 0.64076698, 0.08191878, 0.12978382, 0.09687139, 0.89281511)
(0.85349447, 0.71149075, 0.31204078, 0.87462097, 0.51362127, 0.28268713, 0.41840059, 0.25272092, 0.02308926, 0.83186924)
(0.83372229, 0.57081217, 0.14575295, 0.73404545, 0.90523398, 0.18111791, 0.31324580, 0.07638703, 0.24703725, 0.51836669)
(0.21054475, 0.09960373, 0.69353133, 0.81977314, 0.92243922, 0.35605797, 0.41853380, 0.19896309, 0.28403553, 0.32734472)
(0.41048941, 0.78835464, 0.19346783, 0.55765671, 0.90046388, 0.35003781, 0.48931769, 0.26814854, 0.41984075, 0.35856918)
(0.58606881, 0.38322142, 0.43316141, 0.65650809, 0.16080225, 0.65692210, 0.22271177, 0.01482892, 0.05816349, 0.25497529)
(0.43642646, 0.38443667, 0.15215798, 0.54016101, 0.53908330, 0.90353364, 0.47059277, 0.48366314, 0.12062504, 0.06027534)
(0.04520701, 0.53355986, 0.36042380, 0.87767106, 0.38975635, 0.81551421, 0.32281953, 0.28432328, 0.23263614, 0.68146425)
(0.65097076, 0.73689449, 0.05219951, 0.39719042, 0.75105351, 0.67165571, 0.43118724, 0.74782717, 0.09505451, 0.17135984)
(0.82770371, 0.27532414, 0.16918011, 0.69744706, 0.13435446, 0.83341593, 0.38259995, 0.60961509, 0.06223883, 0.24410722)
(0.31931883, 0.32459795, 0.58814305, 0.07702094, 0.85607630, 0.41415808, 0.18225981, 0.68587488, 0.56064111, 0.26710665)
(0.69270140, 0.13797694, 0.40415338, 0.38721398, 0.55254006, 0.52249479, 0.43714160, 0.13842264, 0.16502340, 0.70404500)
(0.32562140, 0.63661820, 0.29648080, 0.33146051, 0.80489612, 0.33172590, 0.64351994, 0.32546496, 0.22006291, 0.27838710)
(0.47451451, 0.04792073, 0.34161955, 0.62233436, 0.45592347, 0.90177649, 0.41999802, 0.42224559, 0.17642488, 0.44376430)
(0.22779700, 0.39190012, 0.90959108, 0.86932307, 0.17525391, 0.94715631, 0.12294601, 0.88900506, 0.63489670, 0.32165581)
(0.13680123, 0.55385286, 0.45928425, 0.77736628, 0.76607871, 0.60953248, 0.32082096, 0.05456084, 0.16337918, 0.49791956)
(0.15123029, 0.42304328, 0.50696677, 0.42311937, 0.92433888, 0.14992207, 0.69189978, 0.23623328, 0.78513181, 0.29015592)
(0.29794234, 0.66048032, 0.89942437, 0.32772297, 0.06114989, 0.10929428, 0.73741961, 0.11309133, 0.65804452, 0.88075811)
(0.48583862, 0.24790098, 0.04233113, 0.76629525, 0.43395057, 0.90082318, 0.11304785, 0.67585117, 0.64084095, 0.87940472)
(0.10607694, 0.12952624, 0.57620883, 0.65410942, 0.39753851, 0.31966859, 0.77665567, 0.33368772, 0.78361601, 0.68691874)
(0.72432125, 0.39759821, 0.52144688, 0.22352974, 0.27254632, 0.57043576, 0.27011320, 0.96237767, 0.41484669, 0.26875913)
(0.58896041, 0.07624675, 0.85845369, 0.87999040, 0.95962524, 0.29764044, 0.43271065, 0.17840990, 0.37667364, 0.12194292)
(0.49340272, 0.48159492, 0.48446536, 0.78953677, 0.54018003, 0.37333575, 0.38124976, 0.19519344, 0.94402832, 0.51452428)
(0.05071712, 0.38597322, 0.18669392, 0.32294101, 0.74537039, 0.78177392, 0.77325934, 0.65816194, 0.08492403, 0.34845904)
(0.17683418, 0.50743359, 0.18086186, 0.47575092, 0.43541247, 0.94357723, 0.79704040, 0.28627667, 0.14638036, 0.42780843)
(0.58375967, 0.59435880, 0.60317677, 0.42732629, 0.70446050, 0.07454201, 0.65220010, 0.37791246, 0.58830518, 0.60843801)
(0.83497876, 0.81463599, 0.29501694, 0.67217416, 0.91405499, 0.40333775, 0.86632556, 0.46480498, 0.59320182, 0.60597116)
(0.52243531, 0.75493592, 0.35072404, 0.11845192, 0.24049114, 0.82358348, 0.79270345, 0.46858245, 0.07256570, 0.11467372)
(0.72264397, 0.45179147, 0.19805543, 0.48988175, 0.82425028, 0.42756778, 0.55158603, 0.19443181, 0.16739583, 0.29770157)
(0.13652408, 0.41745105, 0.61818802, 0.08363343, 0.42916885, 0.51525033, 0.49558648, 0.97487986, 0.21895792, 0.22117078)
(0.44158015, 0.01648630, 0.51622945, 0.81737214, 0.14160551, 0.89003682, 0.14661427, 0.41250235, 0.47994736, 0.60119390)
(0.86199558, 0.37511840, 0.78093690, 0.63380927, 0.65764695, 0.45424530, 0.72382325, 0.04280464, 0.68969643, 0.68274081)
(0.61920166, 0.75695091, 0.09264909, 0.77778226, 0.81424814, 0.30476019, 0.70165199, 0.41191909, 0.28503698, 0.53708202)
(0.51188701, 0.56232792, 0.01601439, 0.67963707, 0.26074347, 0.68557197, 0.26928896, 0.73049843, 0.09677528, 0.60084009)
(0.79812461, 0.22405370, 0.62507629, 0.08172314, 0.71150160, 0.59449160, 0.86478657, 0.60080141, 0.29237005, 0.10515507)
(0.87465966, 0.58679134, 0.48846802, 0.52540112, 0.23998795, 0.36492017, 0.87321746, 0.59912491, 0.10546918, 0.43710971)
(0.42609054, 0.32077402, 0.88457894, 0.81142503, 0.89684063, 0.36081240, 0.67007613, 0.60652667, 0.33322579, 0.16647510)
(0.57533652, 0.20520134, 0.22132230, 0.23008566, 0.29651493, 0.85318840, 0.73540527, 0.67993057, 0.07331977, 0.27863523)
(0.46555778, 0.41809866, 0.87907439, 0.39817876, 0.59604406, 0.16908279, 0.16971414, 0.40611476, 0.20897259, 0.07219309)
(0.45529997, 0.58321226, 0.53378510, 0.42130783, 0.87193918, 0.25134438, 0.23314890, 0.48031604, 0.17612018, 0.63134623)
(0.86907768, 0.27664790, 0.67799670, 0.84699696, 0.52499330, 0.63553965, 0.09308617, 0.35034767, 0.37750497, 0.93729204)
(0.32950684, 0.38498235, 0.07184915, 0.92401570, 0.47880477, 0.49752313, 0.10222334, 0.07453834, 0.14039753, 0.56372797)
(0.45691165, 0.57343423, 0.47640884, 0.19517553, 0.63609815, 0.47336590, 0.86147362, 0.45197743, 0.21890521, 0.39609408)
(0.48398808, 0.29051390, 0.15934695, 0.59070849, 0.43111891, 0.91093367, 0.18582366, 0.07494064, 0.24399090, 0.38412902)
(0.70476043, 0.66191751, 0.62843233, 0.83390862, 0.39844176, 0.36943030, 0.14027643, 0.14818320, 0.12637244, 0.34146732)
(0.74234003, 0.81760091, 0.29632142, 0.62251365, 0.60526049, 0.20956974, 0.69858813, 0.16981694, 0.14177804, 0.65946281)
(0.44076836, 0.29356080, 0.05905706, 0.79215556, 0.37691492, 0.88671774, 0.15246233, 0.64302707, 0.24840479, 0.45978433)
(0.57698804, 0.53958803, 0.72088289, 0.24113189, 0.36120817, 0.47131100, 0.95401931, 0.20242606, 0.44749275, 0.82209259)
(0.51956606, 0.04772089, 0.34557953, 0.73092252, 0.39080706, 0.92299217, 0.14742930, 0.38570860, 0.33065605, 0.69429713)
(0.22633226, 0.20401222, 0.85923737, 0.18287480, 0.69824588, 0.11127586, 0.34006688, 0.35187066, 0.67099816, 0.10258909)
(0.50468957, 0.17564416, 0.26407561, 0.59847444, 0.33275449, 0.80047697, 0.20334002, 0.22766042, 0.07823522, 0.67778063)
(0.55759704, 0.25498414, 0.83863586, 0.31797528, 0.73118216, 0.11076280, 0.15454312, 0.07193480, 0.37604886, 0.28275853)
(0.84425408, 0.48146349, 0.57940680, 0.18349443, 0.50969625, 0.51860154, 0.92771316, 0.84837282, 0.37049183, 0.52527273)
(0.48778713, 0.50306064, 0.72350329, 0.08431475, 0.69582957, 0.56812125, 0.20930380, 0.77841824, 0.14857236, 0.20383827)
(0.41719383, 0.47942227, 0.65485728, 0.03603969, 0.82509786, 0.24248776, 0.29261988, 0.22237054, 0.93066311, 0.06018559)
(0.64208215, 0.87814182, 0.14847602, 0.62716669, 0.31141967, 0.55856097, 0.95633137, 0.62693179, 0.87052405, 0.54311025)
(0.67451185, 0.66904896, 0.13967106, 0.71621549, 0.05443336, 0.39235604, 0.91920620, 0.31415743, 0.44358954, 0.62834698)
(0.68668491, 0.69593346, 0.58210737, 0.60587668, 0.33120438, 0.03236325, 0.63257658, 0.16783106, 0.23069283, 0.25336811)
(0.53038931, 0.35554737, 0.62018597, 0.83259463, 0.88027936, 0.58876359, 0.14390896, 0.57435828, 0.17453124, 0.33669585)
(0.87570459, 0.05898197, 0.38460210, 0.56310648, 0.49121004, 0.58393073, 0.83786172, 0.42728344, 0.13663563, 0.83059752)
(0.67547703, 0.56028676, 0.76670969, 0.40614817, 0.95579821, 0.21237382, 0.11649914, 0.42624682, 0.88658381, 0.49487913)
(0.79077184, 0.45306158, 0.29100451, 0.88197434, 0.18695304, 0.47311035, 0.61230063, 0.81827611, 0.05679574, 0.08513363)
(0.37219802, 0.49565440, 0.09851220, 0.65994751, 0.65286285, 0.80108207, 0.22759542, 0.19997461, 0.20589815, 0.53855526)
(0.24290797, 0.97059309, 0.33356813, 0.28149083, 0.67565095, 0.48395589, 0.14008194, 0.25871608, 0.85490924, 0.45032698)
(0.43128389, 0.84746426, 0.92496008, 0.04638064, 0.32173565, 0.76599926, 0.53500551, 0.82642519, 0.60961986, 0.15656750)
(0.21303757, 0.61207342, 0.35667878, 0.38175640, 0.81006843, 0.41297886, 0.71251571, 0.48760158, 0.28439647, 0.12260038)
(0.37519795, 0.13906077, 0.31345335, 0.50742459, 0.27325353, 0.67345220, 0.10365128, 0.93888962, 0.56389475, 0.24826065)
(0.39788380, 0.18527967, 0.77161855, 0.76587111, 0.42405355, 0.02804672, 0.82989842, 0.27715850, 0.28414756, 0.91503662)
(0.23396471, 0.91473943, 0.74039990, 0.61994064, 0.41928810, 0.10388716, 0.14412679, 0.59090507, 0.03932651, 0.72701418)
(0.09931154, 0.68382508, 0.29624653, 0.58740067, 0.83177531, 0.59859270, 0.33457845, 0.41700950, 0.12116223, 0.36142531)
(0.29082239, 0.14657131, 0.68897790, 0.86735678, 0.27552795, 0.85514462, 0.33822146, 0.69310516, 0.11388084, 0.15061052)
(0.11948247, 0.49396196, 0.22927216, 0.82659823, 0.51918650, 0.85129911, 0.15200625, 0.61709648, 0.41731751, 0.84962696)
(0.24231018, 0.14545983, 0.11971139, 0.33136645, 0.42976817, 0.86735183, 0.50744039, 0.83155400, 0.15591836, 0.07622363)
(0.28256062, 0.42508626, 0.33074167, 0.35795072, 0.14110364, 0.81273913, 0.63433880, 0.83495688, 0.12156428, 0.04447844)
(0.16099907, 0.77933794, 0.39252377, 0.84485531, 0.57018340, 0.23708607, 0.48859212, 0.10578085, 0.09338817, 0.19509193)
(0.47738671, 0.27446231, 0.78847545, 0.37145236, 0.50553697, 0.78641427, 0.33990285, 0.85399985, 0.08802123, 0.24674545)
(0.39230070, 0.78717917, 0.50720423, 0.77412492, 0.46219954, 0.49283704, 0.14019485, 0.62428308, 0.10063896, 0.29456073)
(0.02417607, 0.66986591, 0.94275326, 0.62313855, 0.59061331, 0.43429282, 0.47346154, 0.66205031, 0.38129905, 0.12516624)
(0.84320229, 0.60430020, 0.56641030, 0.90557879, 0.88666445, 0.19812275, 0.62924260, 0.37920204, 0.30773759, 0.28492311)
(0.27837285, 0.43712389, 0.72352475, 0.86365604, 0.63068664, 0.29943734, 0.07599508, 0.54954600, 0.08762228, 0.24670286)
(0.46356985, 0.62345135, 0.60657001, 0.11187606, 0.25026518, 0.68373698, 0.60886848, 0.94859987, 0.39092690, 0.41641438)
(0.86818129, 0.75451690, 0.82688206, 0.19502389, 0.49630231, 0.22978151, 0.73985612, 0.19800068, 0.56032938, 0.77037591)
(0.78925806, 0.36151442, 0.52218282, 0.53470129, 0.36932510, 0.39657319, 0.11146490, 0.22098725, 0.20727485, 0.59622180)
(0.07216518, 0.18067735, 0.53559035, 0.80412740, 0.37343350, 0.61636221, 0.46831205, 0.22275841, 0.28465208, 0.85394078)
(0.85492867, 0.61636347, 0.66646749, 0.24847092, 0.51770067, 0.70355171, 0.90511280, 0.67971271, 0.66704166, 0.26581466)
(0.59014332, 0.40904850, 0.69794947, 0.93143725, 0.56960481, 0.96229970, 0.16960274, 0.82124233, 0.20710737, 0.68877202)
(0.79354173, 0.60983139, 0.82765615, 0.66181654, 0.21074477, 0.37890723, 0.59202242, 0.40834010, 0.60198659, 0.09667910)
(0.50459236, 0.90019786, 0.88773936, 0.71529448, 0.15593453, 0.37023184, 0.32697138, 0.24880368, 0.70500255, 0.44453150)
(0.81699461, 0.69437212, 0.43570438, 0.83794451, 0.86087543, 0.26784220, 0.80154401, 0.31003001, 0.41097102, 0.86053324)
(0.29315248, 0.67067486, 0.83236825, 0.49429989, 0.83779329, 0.09989979, 0.14002627, 0.62287754, 0.54044491, 0.11185803)
(0.46499458, 0.28272650, 0.04630211, 0.34311777, 0.22952028, 0.74025583, 0.66061616, 0.87991500, 0.10615557, 0.21680181)
(0.85456538, 0.62744570, 0.75662845, 0.22329877, 0.37591577, 0.56249475, 0.06015921, 0.43374082, 0.22205600, 0.67332280)
(0.42204365, 0.82004678, 0.49531704, 0.88929129, 0.82670689, 0.31738836, 0.32275671, 0.10051237, 0.24668111, 0.35490793)
(0.34240311, 0.82724065, 0.23342870, 0.72408170, 0.60176992, 0.35015416, 0.22203796, 0.70930636, 0.09764895, 0.56831825)
(0.31983140, 0.75718290, 0.22110741, 0.73700911, 0.79361522, 0.08712746, 0.82890040, 0.31575233, 0.50550264, 0.34973359)
(0.62889123, 0.63913786, 0.51230252, 0.89935887, 0.89431608, 0.75235569, 0.06350594, 0.36070812, 0.24718705, 0.81619561)
(0.79297245, 0.85219330, 0.25987899, 0.70587647, 0.61248922, 0.37078983, 0.93101883, 0.45590079, 0.66103512, 0.49545500)
(0.42843682, 0.28658164, 0.49350303, 0.27381951, 0.41503716, 0.21098624, 0.91296798, 0.05529863, 0.69465101, 0.90143424)
(0.69171685, 0.32436603, 0.33703589, 0.22399731, 0.54395562, 0.72783345, 0.64707392, 0.32445192, 0.11095617, 0.29505101)
(0.39003098, 0.44937986, 0.69163084, 0.75763410, 0.30983078, 0.52722287, 0.60575670, 0.20733567, 0.85509443, 0.91321385)
(0.65494496, 0.72749764, 0.85146356, 0.21500987, 0.29756701, 0.15413918, 0.43944511, 0.12086958, 0.87407154, 0.59832036)
(0.09570265, 0.69176674, 0.19691195, 0.89341944, 0.83394182, 0.39272073, 0.16291849, 0.13386306, 0.20090726, 0.47594216)
(0.22591899, 0.43671787, 0.54695356, 0.22968444, 0.44813082, 0.23054469, 0.13487232, 0.23032056, 0.80324185, 0.08074468)
(0.51310277, 0.04677804, 0.39268434, 0.78862202, 0.37302536, 0.82164389, 0.23599982, 0.20048900, 0.39426610, 0.47143719)
(0.46852654, 0.89997727, 0.65813476, 0.95083630, 0.48970988, 0.14179038, 0.48378259, 0.61876231, 0.22305410, 0.13469699)
(0.28729653, 0.35567275, 0.16636567, 0.65263903, 0.80206043, 0.73205799, 0.72747517, 0.58236814, 0.06121713, 0.17577104)
(0.78671366, 0.67086029, 0.38793024, 0.28141624, 0.43603224, 0.76747715, 0.81496978, 0.79211140, 0.06277208, 0.55565226)
(0.28257906, 0.86879647, 0.60465401, 0.04355247, 0.44389036, 0.52103680, 0.70483297, 0.92867386, 0.51430833, 0.24609792)
(0.08990581, 0.66959101, 0.67939341, 0.38561612, 0.52974248, 0.21948376, 0.28775015, 0.54715985, 0.27430546, 0.23718585)
(0.43250445, 0.63739228, 0.77187437, 0.73554951, 0.62943918, 0.33593220, 0.45599625, 0.47724500, 0.88602769, 0.18550484)
(0.31055304, 0.82778138, 0.59117460, 0.57679147, 0.40222892, 0.52191931, 0.49660653, 0.54754782, 0.16929320, 0.08402225)
(0.01811336, 0.44649523, 0.20879771, 0.66619790, 0.75789875, 0.86016530, 0.32017377, 0.35293049, 0.10142475, 0.76129049)
(0.12075483, 0.60881257, 0.59664345, 0.44789001, 0.74868423, 0.36601985, 0.02452627, 0.52036595, 0.88888943, 0.16486153)
(0.75921214, 0.63689601, 0.21947688, 0.82707936, 0.65725607, 0.53922367, 0.09679476, 0.34775233, 0.19133282, 0.57266659)
(0.57040310, 0.71826547, 0.41707963, 0.76184946, 0.76017326, 0.29562411, 0.80415601, 0.27896211, 0.80936152, 0.92219108)
(0.04129761, 0.20884290, 0.53823465, 0.37803647, 0.51383221, 0.90611714, 0.43156940, 0.14550543, 0.12954718, 0.62262362)
(0.49581274, 0.49933794, 0.33637428, 0.03617552, 0.56289083, 0.92758334, 0.47079211, 0.37684262, 0.09164406, 0.26514593)
(0.91769212, 0.18771999, 0.64574379, 0.81717181, 0.47955564, 0.78286564, 0.38374165, 0.69057298, 0.07594611, 0.90578353)
(0.74737066, 0.07195240, 0.41962451, 0.07130764, 0.41141528, 0.88898122, 0.58274037, 0.69808900, 0.17464559, 0.37673035)
(0.08545760, 0.36653712, 0.78257746, 0.70280004, 0.34737870, 0.62375188, 0.06683332, 0.44859397, 0.38707560, 0.50184417)
(0.67317730, 0.08091540, 0.89801377, 0.30378753, 0.15789101, 0.21105458, 0.68231881, 0.20395575, 0.03618843, 0.93229121)
(0.66237706, 0.61865312, 0.79124218, 0.87308395, 0.65140134, 0.26559824, 0.77769089, 0.41782671, 0.07595245, 0.80719286)
(0.26547512, 0.58431560, 0.43722597, 0.63772446, 0.96469158, 0.22419564, 0.54999095, 0.40276808, 0.71618134, 0.13115467)
(0.32992876, 0.21042256, 0.75663882, 0.62803364, 0.83419549, 0.12258679, 0.84149343, 0.40120238, 0.54781479, 0.86731076)
(0.21111791, 0.48293021, 0.16364759, 0.58386773, 0.56199932, 0.63716537, 0.77574080, 0.08048315, 0.09099492, 0.12328655)
(0.79088533, 0.58481771, 0.76929808, 0.07863759, 0.47896203, 0.62058061, 0.38934901, 0.89783019, 0.15955497, 0.12131730)
(0.08755068, 0.93343824, 0.72063720, 0.66024268, 0.32123163, 0.08684815, 0.10480719, 0.51387614, 0.78415823, 0.11320297)
(0.59021956, 0.35862049, 0.28522623, 0.01678650, 0.19533236, 0.86987793, 0.33898440, 0.96809882, 0.26532304, 0.56681114)
(0.82455820, 0.49056244, 0.59894258, 0.09751119, 0.72472686, 0.79042071, 0.69728947, 0.66766655, 0.61808443, 0.38538623)
(0.27841339, 0.98076916, 0.46826491, 0.76078278, 0.29167241, 0.60955942, 0.55939943, 0.21467511, 0.90426832, 0.60081297)
(0.25986353, 0.09445545, 0.73862016, 0.32143110, 0.11118885, 0.07028676, 0.84604532, 0.22170177, 0.52252620, 0.70600331)
(0.23646651, 0.49185324, 0.42851308, 0.38211501, 0.03500469, 0.82954109, 0.32540801, 0.71457565, 0.12899511, 0.10914926)
(0.73657918, 0.75016785, 0.14054811, 0.78811228, 0.75558603, 0.22661173, 0.56350827, 0.45661601, 0.09587550, 0.43928483)
(0.08589594, 0.54318237, 0.23118763, 0.92829084, 0.67643446, 0.67778277, 0.23813872, 0.13580012, 0.14731175, 0.34106660)
(0.42899054, 0.83415675, 0.39301941, 0.59571683, 0.12215988, 0.58415788, 0.31847987, 0.47337189, 0.01490595, 0.68215460)
(0.61194754, 0.25343761, 0.54144043, 0.27115324, 0.57142526, 0.43905061, 0.89281744, 0.07531281, 0.72714567, 0.88598877)
(0.05126987, 0.40109545, 0.20780212, 0.79738271, 0.47485948, 0.93229401, 0.50055885, 0.38314146, 0.12132423, 0.41854757)
(0.37009916, 0.41971999, 0.17514805, 0.86030114, 0.32914397, 0.28077623, 0.80535251, 0.08673794, 0.84455472, 0.73059064)
(0.16461283, 0.24488002, 0.64403886, 0.30599204, 0.63944751, 0.22011296, 0.11669458, 0.41923907, 0.85797352, 0.03967208)
(0.36850256, 0.42967504, 0.79202920, 0.94096076, 0.57743549, 0.45458359, 0.15874180, 0.07787826, 0.23931417, 0.39832455)
(0.73856264, 0.34384793, 0.75544173, 0.72629040, 0.63468045, 0.39032257, 0.61198699, 0.18342127, 0.72577113, 0.40908346)
(0.42202806, 0.26844722, 0.43361786, 0.35094514, 0.58611000, 0.93207234, 0.59856784, 0.57196307, 0.07903267, 0.05535529)
(0.29363632, 0.45287904, 0.07860074, 0.87357616, 0.65147913, 0.65762603, 0.31897193, 0.16838551, 0.09765244, 0.09102251)
(0.84631115, 0.13702409, 0.35883322, 0.34394515, 0.39316377, 0.47053534, 0.53591931, 0.11872935, 0.08337986, 0.84489208)
(0.74900025, 0.14382006, 0.49208727, 0.59185147, 0.55619943, 0.37788576, 0.96696913, 0.25410557, 0.38728547, 0.78903419)
(0.32384515, 0.64924878, 0.94001263, 0.59001571, 0.48377934, 0.16095787, 0.25506204, 0.19678329, 0.25865686, 0.01463070)
(0.33872655, 0.45488209, 0.45841944, 0.77357018, 0.23531882, 0.80824614, 0.15172456, 0.04645361, 0.05052398, 0.33586416)
(0.08389290, 0.69525480, 0.33622122, 0.82003158, 0.56597501, 0.49339470, 0.22908507, 0.56045884, 0.23064156, 0.73310590)
(0.69484812, 0.40888923, 0.52329916, 0.27934754, 0.61484987, 0.16749246, 0.15972412, 0.39537454, 0.88574433, 0.26822934)
(0.46687487, 0.59105790, 0.67700952, 0.04950137, 0.55322707, 0.42511401, 0.60736459, 0.90630937, 0.32824048, 0.16093883)
(0.61895132, 0.83811790, 0.63009572, 0.30050558, 0.46885288, 0.63211501, 0.86069995, 0.34185252, 0.07551016, 0.43777838)
(0.58254474, 0.71369135, 0.56945622, 0.88970834, 0.41656983, 0.28829515, 0.55105710, 0.42733151, 0.77799815, 0.49803838)
(0.29845735, 0.29646829, 0.46889392, 0.12887408, 0.57107848, 0.21959111, 0.46523038, 0.80384928, 0.25465578, 0.40248892)
(0.44184601, 0.44036964, 0.79583418, 0.65395534, 0.03436468, 0.78716558, 0.89690894, 0.55728936, 0.33842608, 0.85308802)
(0.84881604, 0.62772256, 0.12145915, 0.67222244, 0.81549191, 0.15451643, 0.91683006, 0.19083621, 0.58262122, 0.69232196)
(0.63985491, 0.17880888, 0.04659671, 0.33201641, 0.27717248, 0.80909705, 0.17328995, 0.91914582, 0.68829876, 0.55674833)
(0.34153548, 0.28095210, 0.46137592, 0.74617279, 0.70284474, 0.39825079, 0.15894020, 0.47795781, 0.33796740, 0.89831460)
(0.80992782, 0.40773669, 0.08169920, 0.57512391, 0.81407189, 0.33394039, 0.89533019, 0.25369388, 0.22211288, 0.87746209)
(0.52477932, 0.60185194, 0.26596683, 0.55287778, 0.27983427, 0.25974420, 0.90900457, 0.54754466, 0.78711671, 0.42037103)
(0.92056721, 0.07735392, 0.68414050, 0.20809931, 0.07901866, 0.48927248, 0.78770787, 0.32261327, 0.16598743, 0.86806035)
(0.84978324, 0.13537405, 0.65094244, 0.13685977, 0.26904976, 0.56524640, 0.46400174, 0.22498430, 0.03505099, 0.91835427)
(0.69870073, 0.52591163, 0.77652353, 0.57573730, 0.89661604, 0.21267979, 0.22848631, 0.54777789, 0.94612819, 0.70468318)
(0.70738614, 0.66398454, 0.79853123, 0.03719219, 0.63598782, 0.66213983, 0.96198422, 0.46219417, 0.35777643, 0.83618653)
(0.62831533, 0.58293176, 0.77468854, 0.04824641, 0.83535480, 0.51708144, 0.26960364, 0.78281814, 0.64934057, 0.17233442)
(0.03882471, 0.77713299, 0.78600556, 0.11902973, 0.64926136, 0.40464476, 0.22526920, 0.38162905, 0.85092574, 0.11817399)
(0.63881594, 0.50366962, 0.78032446, 0.79196912, 0.68153358, 0.01389826, 0.57727450, 0.54215497, 0.61154878, 0.69522417)
(0.81898063, 0.43124229, 0.47866139, 0.14297897, 0.39492753, 0.96152848, 0.13994467, 0.54196167, 0.50297821, 0.59931165)
(0.37784052, 0.41877154, 0.30377087, 0.38420025, 0.74667221, 0.06233901, 0.63738555, 0.32371065, 0.85190344, 0.81529021)
(0.16674869, 0.10548218, 0.25795805, 0.81715328, 0.46781203, 0.74935216, 0.30612856, 0.41611594, 0.31828257, 0.75362313)
(0.16245890, 0.80903864, 0.71313977, 0.08938068, 0.49809441, 0.60233617, 0.23813796, 0.97126836, 0.18797180, 0.28471297)
(0.10509905, 0.68030721, 0.86020398, 0.83187634, 0.94568062, 0.40648711, 0.31971562, 0.29034016, 0.33670756, 0.56991595)
(0.29574385, 0.51258117, 0.58832425, 0.63756323, 0.94342250, 0.70929164, 0.50913292, 0.01969625, 0.34819898, 0.28304115)
(0.86706197, 0.76601166, 0.29614428, 0.30402702, 0.32282475, 0.60109371, 0.86396486, 0.48130140, 0.14364457, 0.14032982)
(0.16325353, 0.31162211, 0.12996642, 0.80556756, 0.65196061, 0.71711248, 0.23349376, 0.45618564, 0.38203132, 0.71692729)
(0.33719701, 0.52373660, 0.16229133, 0.09961583, 0.19915593, 0.65600300, 0.77144486, 0.63722640, 0.08264568, 0.29557502)
(0.33403975, 0.08337714, 0.42669719, 0.70309311, 0.33891469, 0.94597721, 0.22464505, 0.20705128, 0.26867756, 0.53803587)
(0.40423462, 0.77887541, 0.28468663, 0.78360802, 0.70954734, 0.04514069, 0.83999234, 0.33086857, 0.61801517, 0.59235358)
(0.43450886, 0.78910017, 0.34780416, 0.49052101, 0.88155782, 0.04901545, 0.64203459, 0.50801837, 0.31602812, 0.57273185)
(0.36341277, 0.34458745, 0.02057412, 0.65046650, 0.34724376, 0.68139535, 0.38103405, 0.38485610, 0.05964265, 0.34138742)
(0.43585461, 0.68001103, 0.01999537, 0.28141147, 0.42144731, 0.60281599, 0.39877853, 0.86227733, 0.07681157, 0.52867836)
(0.35991520, 0.17320724, 0.70722640, 0.56535792, 0.52554834, 0.16369672, 0.92072988, 0.13649464, 0.22947991, 0.82043439)
(0.11308174, 0.70373416, 0.81202894, 0.65833825, 0.75999820, 0.12280513, 0.31547177, 0.68904638, 0.68738067, 0.09805883)
(0.75049686, 0.06637876, 0.54793847, 0.17113011, 0.24600814, 0.57366389, 0.94817889, 0.42393753, 0.42566684, 0.72814596)
(0.80538327, 0.30339852, 0.70332348, 0.71179283, 0.58066249, 0.56845307, 0.52658039, 0.65356916, 0.13423865, 0.06279656)
(0.42408141, 0.34621918, 0.73563594, 0.38485238, 0.88086152, 0.17374007, 0.16114441, 0.49083847, 0.46886653, 0.85571629)
(0.44794497, 0.49684736, 0.85687655, 0.94653237, 0.96688175, 0.31660625, 0.21336262, 0.50988436, 0.36966121, 0.14303830)
(0.34239793, 0.86715764, 0.76020211, 0.37849274, 0.40888485, 0.40440655, 0.55911982, 0.35488439, 0.04491817, 0.55387622)
(0.44410124, 0.31526211, 0.03915091, 0.52601880, 0.41637373, 0.84435695, 0.31532726, 0.31501427, 0.21332894, 0.39838329)
(0.33286998, 0.08547223, 0.33110273, 0.90905356, 0.65512764, 0.78749204, 0.12186002, 0.28770199, 0.24192795, 0.59931970)
(0.55239069, 0.22842927, 0.86256397, 0.22199965, 0.77674180, 0.11610343, 0.18999408, 0.20512991, 0.70261699, 0.18032326)
(0.44878551, 0.39366311, 0.61938649, 0.24912965, 0.90915984, 0.32110506, 0.44625279, 0.10549841, 0.23699713, 0.66261250)
(0.77146786, 0.22957842, 0.80814928, 0.17671569, 0.27102995, 0.94187933, 0.24169064, 0.84322459, 0.33236867, 0.68439448)
(0.59422249, 0.34359488, 0.69291854, 0.05989527, 0.57388157, 0.82053995, 0.10079481, 0.76592946, 0.18861660, 0.39681116)
(0.28877532, 0.22860309, 0.23971336, 0.24896696, 0.33638948, 0.87624896, 0.27851188, 0.36654270, 0.20500059, 0.14476019)
(0.71819711, 0.12503576, 0.15202294, 0.21490093, 0.71258593, 0.75343615, 0.49606940, 0.38732874, 0.17713360, 0.25091273)
(0.21523115, 0.28297865, 0.22025622, 0.10687491, 0.18818921, 0.85688448, 0.61893803, 0.88822007, 0.16124229, 0.08760478)
(0.09974391, 0.38646075, 0.13906215, 0.51406300, 0.67497587, 0.80817974, 0.88577735, 0.30459529, 0.11034323, 0.13810048)
(0.88134444, 0.81666547, 0.11645353, 0.78239685, 0.36795679, 0.42033559, 0.76644200, 0.70959085, 0.19411309, 0.14648417)
(0.64774925, 0.58876508, 0.77931845, 0.73077500, 0.72106510, 0.40796795, 0.64140475, 0.46506256, 0.74461198, 0.90924394)
(0.60026699, 0.48251864, 0.76291955, 0.22355548, 0.91319239, 0.67605704, 0.40676296, 0.03101378, 0.12163140, 0.69870061)
(0.19187060, 0.15241839, 0.43437731, 0.25590876, 0.24093296, 0.96920156, 0.26286623, 0.35887000, 0.34794006, 0.79107392)
(0.22865811, 0.44626808, 0.71151537, 0.16827427, 0.06093090, 0.92450958, 0.21844728, 0.59016275, 0.13983461, 0.40222675)
(0.88927662, 0.24938275, 0.53091425, 0.02611398, 0.40582654, 0.61935151, 0.49294189, 0.85752577, 0.13845722, 0.43082529)
(0.03823453, 0.37961391, 0.72176963, 0.31253216, 0.41469073, 0.58749133, 0.10009451, 0.48666474, 0.28644484, 0.42675290)
(0.26318648, 0.24642411, 0.30344102, 0.69862062, 0.33722746, 0.54771674, 0.23435442, 0.74642742, 0.59042543, 0.94370764)
(0.44049275, 0.46835166, 0.60273582, 0.59851623, 0.59295392, 0.38230875, 0.39731970, 0.10506590, 0.20650302, 0.14510706)
(0.64368445, 0.39391506, 0.46464428, 0.45785537, 0.70697242, 0.10580254, 0.41995382, 0.19640940, 0.75179690, 0.60199881)
(0.84006327, 0.07107880, 0.69618458, 0.86214232, 0.63230336, 0.66338968, 0.05922290, 0.53868181, 0.50104564, 0.94641435)
(0.74340349, 0.49586818, 0.56558812, 0.68138915, 0.69736308, 0.12373139, 0.89925647, 0.34964114, 0.27131075, 0.64292520)
(0.02764007, 0.44583300, 0.87574571, 0.25831515, 0.58942944, 0.46818173, 0.24082635, 0.28261441, 0.66583914, 0.06526675)
(0.35090721, 0.06835407, 0.64626026, 0.39764577, 0.24906504, 0.64143795, 0.21339364, 0.53391653, 0.62542510, 0.51729041)
(0.66491568, 0.66994941, 0.42862129, 0.71062732, 0.77662647, 0.32332581, 0.62145740, 0.07319093, 0.94208694, 0.58624429)
(0.19487424, 0.24341351, 0.82800400, 0.48295987, 0.77884609, 0.85244328, 0.52071124, 0.02539215, 0.24987918, 0.68034410)
(0.35971209, 0.50394094, 0.86875039, 0.79599708, 0.93641818, 0.43784264, 0.25532931, 0.04908067, 0.39487687, 0.42246535)
(0.68715882, 0.27216458, 0.33658600, 0.72117263, 0.82978147, 0.18220893, 0.41636685, 0.11700990, 0.17501260, 0.34038416)
(0.75423837, 0.76306617, 0.83983743, 0.03986574, 0.51937944, 0.23951618, 0.37327603, 0.14965264, 0.82739282, 0.45132869)
(0.71271867, 0.69896513, 0.52886486, 0.45279881, 0.77911931, 0.64141047, 0.71765167, 0.28762299, 0.13063180, 0.75318557)
(0.50973183, 0.47644678, 0.69901526, 0.37196523, 0.93279159, 0.38727078, 0.53718895, 0.02361683, 0.39024332, 0.53684014)
(0.08767585, 0.45241877, 0.40279272, 0.52830362, 0.01324837, 0.63855463, 0.82554674, 0.42886665, 0.62763095, 0.74473375)
(0.09446151, 0.45935339, 0.56303245, 0.18512532, 0.52241892, 0.32944286, 0.50200605, 0.66970694, 0.55928433, 0.34289402)
(0.60169965, 0.66524363, 0.56761152, 0.02955132, 0.45276132, 0.83236694, 0.87663686, 0.38795581, 0.05095755, 0.47415134)
(0.49266413, 0.68015271, 0.39634204, 0.71444738, 0.27552399, 0.48750019, 0.60040945, 0.22139643, 0.76395494, 0.28463787)
(0.30615973, 0.36700371, 0.81867963, 0.08346815, 0.80104244, 0.51587707, 0.38438198, 0.80769509, 0.19655225, 0.28042492)
(0.46363616, 0.83929598, 0.56584388, 0.56907833, 0.40985063, 0.07219560, 0.41876614, 0.34030324, 0.38095805, 0.08741699)
(0.52835065, 0.34572387, 0.24608351, 0.75646579, 0.27017057, 0.60505015, 0.97301382, 0.24601342, 0.55866367, 0.82149410)
(0.02998525, 0.88832098, 0.59225523, 0.23498301, 0.40027362, 0.25536352, 0.19804908, 0.33589849, 0.72600770, 0.12659693)
(0.44035357, 0.66466701, 0.64785171, 0.27193514, 0.65512449, 0.44468051, 0.48450971, 0.51688606, 0.53718477, 0.22027361)
(0.29873222, 0.50112158, 0.58940512, 0.04455173, 0.85045713, 0.75282246, 0.19507949, 0.29534861, 0.04965432, 0.40202767)
(0.17763083, 0.87429345, 0.71030307, 0.61396110, 0.90102649, 0.81000531, 0.78959405, 0.32190278, 0.67708451, 0.17325437)
(0.82412666, 0.28454545, 0.41125336, 0.76529413, 0.88021350, 0.68297869, 0.75312966, 0.67518520, 0.08217734, 0.12927528)
(0.75148678, 0.53888357, 0.49882129, 0.26259691, 0.42097116, 0.42760631, 0.82137501, 0.55197954, 0.36066985, 0.22206330)
(0.72790474, 0.84590364, 0.81182021, 0.10772128, 0.16546333, 0.46124640, 0.65110958, 0.79744583, 0.41433328, 0.44814798)
(0.52255124, 0.57507837, 0.75911736, 0.75534475, 0.46710983, 0.25088391, 0.30530068, 0.18781616, 0.96201241, 0.83775949)
(0.43842521, 0.16150981, 0.64507997, 0.48647344, 0.31513679, 0.90123701, 0.21027997, 0.22629820, 0.75680250, 0.39535144)
(0.80525291, 0.89510697, 0.39751095, 0.46738994, 0.24415620, 0.78209835, 0.76094431, 0.69724989, 0.20627710, 0.26500586)
(0.11466432, 0.32869965, 0.02850034, 0.39767620, 0.43677109, 0.85948920, 0.47525465, 0.78063053, 0.25749695, 0.15489672)
(0.84520268, 0.49889398, 0.77415061, 0.48999080, 0.30483222, 0.35049522, 0.18101965, 0.16482061, 0.02206126, 0.59580439)
(0.03853787, 0.35526305, 0.79084790, 0.83193558, 0.61897838, 0.68663484, 0.38522971, 0.08184958, 0.29343167, 0.61288655)
(0.67171758, 0.83645672, 0.67859662, 0.49896425, 0.94116664, 0.10168320, 0.25550780, 0.48326969, 0.47749695, 0.64870137)
(0.50141108, 0.16520672, 0.47593784, 0.62957460, 0.27245530, 0.67895186, 0.26235124, 0.41246793, 0.44491550, 0.75126779)
(0.43899646, 0.71815562, 0.81551534, 0.92812139, 0.95242751, 0.30812201, 0.29066113, 0.20460191, 0.57247603, 0.47212869)
(0.22301517, 0.81058013, 0.69814038, 0.07287750, 0.30999330, 0.68115735, 0.04352366, 0.26729155, 0.10320812, 0.23220438)
(0.66327864, 0.37764475, 0.22103016, 0.61140501, 0.18032609, 0.85262704, 0.07192846, 0.27314726, 0.15428512, 0.53303987)
(0.85587353, 0.46790799, 0.10391544, 0.35809374, 0.29610565, 0.47311163, 0.66102082, 0.78717697, 0.11437128, 0.10504428)
(0.40337223, 0.74531221, 0.33804172, 0.86007112, 0.79839790, 0.06625518, 0.40608981, 0.14820774, 0.29197994, 0.68149102)
(0.18704900, 0.66404647, 0.71428430, 0.60310829, 0.74614990, 0.34539330, 0.49817404, 0.54579407, 0.57337219, 0.15709141)
(0.36786106, 0.30846882, 0.75614083, 0.86706066, 0.48609197, 0.60153329, 0.44550246, 0.62300819, 0.05810503, 0.06041146)
(0.59918165, 0.29435983, 0.53511482, 0.39195502, 0.59528810, 0.47188461, 0.24878290, 0.07145534, 0.10778569, 0.84268159)
(0.68889952, 0.45995381, 0.12960473, 0.54366833, 0.80659258, 0.43637684, 0.95138609, 0.24732129, 0.62851369, 0.92319787)
(0.71972060, 0.59128243, 0.18568537, 0.34900457, 0.66244107, 0.47968024, 0.54570568, 0.05157463, 0.10137583, 0.12500064)
(0.78477955, 0.54059952, 0.51558745, 0.37503496, 0.66257608, 0.50830156, 0.80962741, 0.04251948, 0.61408156, 0.73042953)
(0.30148616, 0.27193618, 0.15882830, 0.27942222, 0.22989476, 0.81757063, 0.71346432, 0.59534591, 0.10191186, 0.15490367)
(0.73753333, 0.42764708, 0.75282776, 0.82139128, 0.33634385, 0.26543406, 0.75598449, 0.26812774, 0.54478377, 0.94697344)
(0.21998040, 0.61315018, 0.26648742, 0.24725708, 0.40154886, 0.85208517, 0.68825877, 0.71364909, 0.11005526, 0.15620324)
(0.21337892, 0.66765994, 0.58784443, 0.63233036, 0.68538719, 0.02963342, 0.67459923, 0.48735899, 0.49494225, 0.45756966)
(0.75082326, 0.25646600, 0.48594466, 0.57485992, 0.68926662, 0.59873486, 0.41532364, 0.19980556, 0.14851032, 0.72816908)
(0.01880441, 0.42078418, 0.93467396, 0.19059633, 0.71267217, 0.20113765, 0.29252020, 0.38176817, 0.42682931, 0.05869529)
(0.44380376, 0.37084976, 0.90316534, 0.32856303, 0.38562548, 0.04612501, 0.45519161, 0.26637533, 0.13025862, 0.88044918)
(0.57313585, 0.29790908, 0.90068477, 0.13876113, 0.60875624, 0.87920076, 0.61677086, 0.65992475, 0.10659607, 0.08736097)
(0.56389546, 0.31996700, 0.81785631, 0.33739600, 0.57360834, 0.11111584, 0.12376075, 0.18563721, 0.84499222, 0.09584875)
(0.81069499, 0.66742551, 0.55461055, 0.71257216, 0.73017502, 0.49945879, 0.07527449, 0.10012289, 0.14587893, 0.39415142)
(0.43129045, 0.85614580, 0.56549168, 0.45323846, 0.35759667, 0.20793717, 0.16674374, 0.10514511, 0.97208458, 0.54395062)
(0.13416237, 0.71859336, 0.41343102, 0.30266330, 0.38021022, 0.17165458, 0.45172319, 0.29128882, 0.81524509, 0.89235926)
(0.08278588, 0.79181600, 0.80856210, 0.25164130, 0.25502497, 0.64205778, 0.49947745, 0.73998737, 0.16131774, 0.22575437)
(0.86165696, 0.86859679, 0.26442859, 0.52850169, 0.44070140, 0.78563076, 0.85253996, 0.66626787, 0.39203331, 0.25860694)
(0.24670424, 0.70079201, 0.87925398, 0.78360039, 0.65688485, 0.29492450, 0.21787451, 0.45362163, 0.25611961, 0.04162754)
(0.14151987, 0.94973761, 0.42305410, 0.33073467, 0.50992686, 0.49724898, 0.92836618, 0.57138026, 0.37948892, 0.39519632)
(0.70307755, 0.71873039, 0.67453820, 0.06745651, 0.26985967, 0.59885544, 0.96760792, 0.53991830, 0.56367326, 0.56217003)
(0.19911666, 0.66458559, 0.09687128, 0.47341526, 0.68376267, 0.81384903, 0.37927026, 0.57551932, 0.09994432, 0.47633207)
(0.70101446, 0.24246991, 0.06355594, 0.49879497, 0.19077979, 0.71967435, 0.34267676, 0.49740052, 0.13234682, 0.61136776)
(0.02254678, 0.88098860, 0.61759287, 0.32837129, 0.74727386, 0.53768271, 0.85807514, 0.81968158, 0.27267405, 0.31627828)
(0.61798805, 0.17842047, 0.36976460, 0.86653966, 0.17397849, 0.61518705, 0.90909392, 0.55994064, 0.67099440, 0.92184472)
(0.70617497, 0.24006091, 0.06408396, 0.27966493, 0.52400136, 0.86061853, 0.43398595, 0.75832230, 0.30152673, 0.26731965)
(0.78473222, 0.35266680, 0.46724388, 0.48724988, 0.65784854, 0.77543032, 0.45345956, 0.15113217, 0.09112307, 0.41694948)
(0.90601796, 0.30772874, 0.56303471, 0.47386262, 0.48036158, 0.39843759, 0.55374295, 0.34498566, 0.10756276, 0.39255616)
(0.05909812, 0.29570696, 0.34304047, 0.93014729, 0.39606372, 0.88394922, 0.13560496, 0.55842179, 0.51785189, 0.90272033)
(0.12715767, 0.49060893, 0.59858596, 0.53853589, 0.16376278, 0.05939512, 0.76287067, 0.06366179, 0.84416050, 0.84398109)
(0.27295002, 0.60737658, 0.93282425, 0.81985009, 0.51459861, 0.33738178, 0.02064183, 0.34326386, 0.36583811, 0.59678847)
(0.18367212, 0.47168398, 0.49088931, 0.16607231, 0.43877742, 0.47026005, 0.24762699, 0.96413279, 0.26091930, 0.18569969)
(0.56499517, 0.27131182, 0.40066853, 0.11581125, 0.30046028, 0.71737033, 0.89194071, 0.82549787, 0.31402701, 0.42901024)
(0.07975268, 0.78507644, 0.39236274, 0.22393182, 0.51522493, 0.59842551, 0.76592344, 0.80125940, 0.27276054, 0.08682977)
(0.38800627, 0.43790451, 0.48624188, 0.40376186, 0.64899027, 0.74312556, 0.63205069, 0.78083873, 0.08193570, 0.10976084)
(0.75561064, 0.41354725, 0.63394850, 0.44160208, 0.43800569, 0.51417047, 0.27734172, 0.23162937, 0.04226059, 0.64469147)
(0.75550205, 0.30304810, 0.87380987, 0.02013788, 0.59202790, 0.63941044, 0.90012205, 0.93698817, 0.26964262, 0.65761209)
(0.36558896, 0.48686081, 0.09773386, 0.44631034, 0.76843506, 0.84886396, 0.67953193, 0.78593141, 0.05420128, 0.08095267)
(0.05515649, 0.17732534, 0.28169799, 0.89796227, 0.20713426, 0.88214946, 0.12142038, 0.72957265, 0.35689965, 0.48938838)
(0.90307659, 0.05617841, 0.24084903, 0.22735400, 0.16785574, 0.54413360, 0.25645843, 0.42320162, 0.67638677, 0.63265222)
(0.23901092, 0.49190319, 0.72478598, 0.61066693, 0.72985554, 0.24966559, 0.48050582, 0.60494578, 0.30513859, 0.08673775)
(0.27457124, 0.76460302, 0.09139212, 0.39811108, 0.48934811, 0.43349725, 0.61244047, 0.52366078, 0.07343033, 0.45807597)
(0.06010500, 0.45074931, 0.81047088, 0.40505266, 0.31310040, 0.58593041, 0.36714378, 0.34033296, 0.12668486, 0.14792241)
(0.19377339, 0.32128274, 0.50717443, 0.09252346, 0.75880218, 0.52090657, 0.16367993, 0.65203482, 0.37494197, 0.35850075)
(0.49555886, 0.33494732, 0.53721446, 0.29089698, 0.44430584, 0.54579699, 0.94614035, 0.68846959, 0.21088578, 0.71951765)
(0.34751260, 0.53578240, 0.65036511, 0.50573820, 0.23158181, 0.73495221, 0.33696982, 0.01025121, 0.15262055, 0.29993317)
(0.12239535, 0.79967475, 0.08332305, 0.91252929, 0.81853360, 0.88769990, 0.33845761, 0.37296334, 0.09237419, 0.51440656)
(0.64771408, 0.67357981, 0.70874172, 0.75861442, 0.92766351, 0.16958681, 0.44008514, 0.19435987, 0.64150178, 0.27852422)
(0.75042915, 0.34103531, 0.47246295, 0.36992550, 0.77554560, 0.61802530, 0.89289165, 0.10403118, 0.77705473, 0.58640814)
(0.71292162, 0.54243875, 0.68165994, 0.40989241, 0.53078055, 0.50340134, 0.95070261, 0.53632921, 0.45166349, 0.56224722)
(0.30890670, 0.52771676, 0.59571570, 0.58456546, 0.35949075, 0.27241629, 0.30573556, 0.26657754, 0.89393210, 0.15079123)
(0.06004111, 0.38636476, 0.31514448, 0.50529057, 0.89233702, 0.54513597, 0.88308769, 0.19452995, 0.19961372, 0.33719146)
(0.43420833, 0.70192015, 0.73702592, 0.85686755, 0.64060915, 0.35252485, 0.29300871, 0.54915899, 0.96597111, 0.32597327)
(0.55151749, 0.80866671, 0.82857472, 0.45193011, 0.73570162, 0.05436498, 0.32268173, 0.18921351, 0.18665585, 0.76486772)
(0.56178248, 0.74953675, 0.86606622, 0.09182969, 0.39126015, 0.42566624, 0.40388075, 0.14555588, 0.82512170, 0.41987258)
(0.74439907, 0.33888140, 0.47551847, 0.80687988, 0.81694824, 0.56954169, 0.40199232, 0.08907074, 0.08480542, 0.45514351)
(0.38172126, 0.63967055, 0.40082368, 0.81428266, 0.73822647, 0.69865930, 0.07195204, 0.43166801, 0.44089183, 0.94823509)
(0.54093248, 0.78590298, 0.06932779, 0.61240834, 0.81289953, 0.68861550, 0.71740097, 0.71248132, 0.09506477, 0.07467370)
(0.49666658, 0.24677068, 0.96009672, 0.25012851, 0.18207680, 0.34705400, 0.87967730, 0.47204149, 0.33704165, 0.93883008)
(0.59516275, 0.52973658, 0.76419848, 0.38482693, 0.77278548, 0.18046539, 0.29042649, 0.07072672, 0.10891815, 0.81946033)
(0.39061439, 0.16392539, 0.36470228, 0.86621517, 0.71978575, 0.71728641, 0.55894065, 0.25738356, 0.32058144, 0.88924402)
(0.34862587, 0.77456272, 0.54133111, 0.84330314, 0.42003560, 0.84717256, 0.54320306, 0.66971272, 0.13271709, 0.10539660)
(0.37885851, 0.51786458, 0.65287936, 0.24163648, 0.22279340, 0.67168510, 0.48021626, 0.59872442, 0.04985741, 0.07497350)
(0.36929291, 0.18728839, 0.80544329, 0.15433566, 0.22145627, 0.09033503, 0.85360980, 0.26316366, 0.27027214, 0.70098269)
(0.85476679, 0.06443188, 0.79131079, 0.09064897, 0.39644217, 0.84840751, 0.14425260, 0.41920161, 0.74075609, 0.71189928)
(0.44374701, 0.75269753, 0.16714010, 0.19757709, 0.08575422, 0.81202102, 0.56284720, 0.47235665, 0.02735753, 0.43009120)
(0.00653300, 0.77155411, 0.91520947, 0.46784800, 0.80044872, 0.46180463, 0.58970624, 0.70871341, 0.70377147, 0.21861254)
(0.25495183, 0.21987601, 0.86814249, 0.47710961, 0.30148941, 0.03311627, 0.79443240, 0.32025477, 0.63239193, 0.83684474)
(0.40097496, 0.20451699, 0.59068739, 0.95793730, 0.26185939, 0.86162102, 0.06085400, 0.34839219, 0.22422498, 0.53820407)
(0.84965128, 0.43229991, 0.12868850, 0.70353711, 0.44238544, 0.28014991, 0.39482164, 0.09175140, 0.04705329, 0.86578953)
(0.56962389, 0.07451538, 0.40136230, 0.56383759, 0.58849984, 0.26055986, 0.86712605, 0.15573342, 0.17793296, 0.85574061)
(0.46334520, 0.90869176, 0.72067213, 0.88415861, 0.23806676, 0.17499785, 0.22952768, 0.22301164, 0.82724291, 0.34158745)
(0.55028975, 0.25344533, 0.42222324, 0.54600400, 0.50157672, 0.41298327, 0.85775203, 0.14824289, 0.86124313, 0.84391397)
(0.05082033, 0.78705519, 0.29412094, 0.04110208, 0.13285685, 0.41057661, 0.79561365, 0.92871970, 0.34062690, 0.45958215)
(0.49293011, 0.60921836, 0.31315523, 0.57179296, 0.87789547, 0.47336558, 0.79652983, 0.40734181, 0.86919761, 0.03800232)
(0.39151978, 0.54575747, 0.22049837, 0.90878648, 0.86184394, 0.60864782, 0.39610308, 0.06853025, 0.16768485, 0.30843964)
(0.02407983, 0.86914307, 0.41749507, 0.16119668, 0.33418146, 0.41784555, 0.57218349, 0.65888464, 0.09377205, 0.31881613)
(0.22035058, 0.31021342, 0.91958278, 0.56215084, 0.91719908, 0.39224559, 0.08744381, 0.37882420, 0.55725068, 0.77816880)
(0.24501978, 0.35985768, 0.75010306, 0.69841927, 0.56150126, 0.70702153, 0.07094547, 0.35706908, 0.38516822, 0.67770767)
(0.66174096, 0.29029167, 0.65186834, 0.86683381, 0.12278951, 0.18444717, 0.89984357, 0.26253331, 0.38003388, 0.90683496)
(0.68336862, 0.33234844, 0.20760934, 0.63203090, 0.84987181, 0.56274152, 0.91233975, 0.53766650, 0.34303883, 0.91133487)
(0.10676674, 0.29166520, 0.05653523, 0.79709905, 0.59003776, 0.77881944, 0.33555737, 0.39573476, 0.26454261, 0.49882889)
(0.59361017, 0.27479839, 0.59098953, 0.66347200, 0.76834428, 0.36658287, 0.82979101, 0.22561026, 0.60604751, 0.88199502)
(0.93801606, 0.56584734, 0.27978987, 0.55405790, 0.46799958, 0.72508776, 0.81221890, 0.57910806, 0.16124347, 0.51980227)
(0.33607537, 0.66394806, 0.39971980, 0.81353402, 0.30301568, 0.89209527, 0.09725811, 0.54295927, 0.18247202, 0.90184271)
(0.31560314, 0.18473145, 0.82035017, 0.61808050, 0.49964389, 0.07831238, 0.73732406, 0.64770561, 0.18597984, 0.84299499)
(0.45178458, 0.46534997, 0.25864419, 0.21790960, 0.32761079, 0.80479556, 0.48524204, 0.29433298, 0.05803889, 0.07455158)
(0.51876199, 0.64506459, 0.16599473, 0.20858978, 0.13193022, 0.52358317, 0.91226482, 0.84452087, 0.26363689, 0.05171522)
(0.71451128, 0.45910466, 0.03239382, 0.50855398, 0.70552480, 0.64232534, 0.76754892, 0.47083429, 0.07452884, 0.59405684)
(0.69640690, 0.73815179, 0.42413002, 0.63042414, 0.68379498, 0.74901992, 0.87008429, 0.24636205, 0.09733288, 0.73472577)
(0.73981106, 0.50620109, 0.52606225, 0.80584323, 0.40137964, 0.80272496, 0.12489144, 0.87510109, 0.63867992, 0.09566060)
(0.87593126, 0.09916133, 0.33225811, 0.02456622, 0.32936999, 0.76063806, 0.20400661, 0.54557502, 0.48087746, 0.28985158)
(0.61763048, 0.35655838, 0.53265578, 0.51718736, 0.55796278, 0.27825412, 0.70724928, 0.06552459, 0.75236678, 0.88473231)
(0.49884158, 0.55283517, 0.74825978, 0.50590456, 0.21819834, 0.47221157, 0.34189442, 0.06277595, 0.79527009, 0.47234216)
(0.29549989, 0.32945758, 0.42270082, 0.76465958, 0.54689157, 0.86744612, 0.24024792, 0.78442705, 0.12264448, 0.40982822)
(0.71281886, 0.39486280, 0.46873966, 0.11174279, 0.33012801, 0.67396152, 0.23330152, 0.08980712, 0.04357817, 0.61303073)
(0.22414024, 0.69550800, 0.26359105, 0.23790500, 0.53249472, 0.17922658, 0.52830243, 0.42218447, 0.77854002, 0.38128018)
(0.38092369, 0.95957625, 0.85507071, 0.11721098, 0.51894110, 0.34087101, 0.39160278, 0.52611375, 0.46971703, 0.41056249)
(0.06529617, 0.49539942, 0.72323990, 0.11993115, 0.47410971, 0.46149766, 0.43373242, 0.72172213, 0.29451811, 0.37778091)
(0.56087780, 0.35279515, 0.76532823, 0.43472603, 0.15064660, 0.73910964, 0.11669361, 0.83584464, 0.20639980, 0.16699976)
(0.28570771, 0.69149166, 0.84225559, 0.29689041, 0.75369710, 0.95842522, 0.22468983, 0.56098318, 0.15349399, 0.36694971)
(0.75006449, 0.08960872, 0.30201486, 0.59433877, 0.48195699, 0.43022889, 0.16994354, 0.09102604, 0.04014630, 0.95287299)
(0.45059606, 0.45060888, 0.72268468, 0.44383323, 0.52740777, 0.71903789, 0.76963562, 0.25295451, 0.88676906, 0.10924451)
(0.05276438, 0.67915374, 0.46050355, 0.86698884, 0.65772784, 0.84550905, 0.55626631, 0.73798764, 0.11603880, 0.31675288)
(0.82619435, 0.74607980, 0.28312260, 0.72675425, 0.83913159, 0.34992373, 0.78326410, 0.48247615, 0.77170968, 0.30196005)
(0.87094301, 0.06477417, 0.52654946, 0.26142746, 0.17480175, 0.40626454, 0.52856654, 0.23272774, 0.10353259, 0.85152382)
(0.31208682, 0.66052425, 0.69037294, 0.21438542, 0.50829965, 0.17752101, 0.33709359, 0.31809357, 0.34860224, 0.09138125)
(0.33940426, 0.04425465, 0.45876843, 0.54283655, 0.06486247, 0.95658559, 0.21369514, 0.56856507, 0.65867317, 0.29804924)
(0.49742436, 0.80938798, 0.92736375, 0.07068779, 0.75287497, 0.70424396, 0.60940212, 0.54318237, 0.49376771, 0.09970241)
(0.44188729, 0.30490366, 0.84276772, 0.36679730, 0.74977118, 0.09041055, 0.28947556, 0.27335027, 0.59731406, 0.11909945)
(0.07215096, 0.30422759, 0.11800399, 0.48869261, 0.43396521, 0.88022977, 0.33795637, 0.54492891, 0.37098160, 0.66786468)
(0.74623787, 0.62637240, 0.41030911, 0.40677616, 0.85469782, 0.19910575, 0.62419695, 0.07850816, 0.21935484, 0.68933702)
(0.37622994, 0.36130989, 0.21067679, 0.83685160, 0.25030705, 0.74796379, 0.06447960, 0.96261108, 0.66122788, 0.18474464)
(0.95606959, 0.39498848, 0.05328198, 0.73478806, 0.82219112, 0.71044546, 0.40836403, 0.71731001, 0.17043938, 0.34700063)
(0.75324118, 0.31022298, 0.19641496, 0.62966061, 0.09465471, 0.91443020, 0.09866000, 0.90584278, 0.62917942, 0.53499061)
(0.43199694, 0.49563977, 0.44049656, 0.25951269, 0.59862804, 0.65998065, 0.61491698, 0.18822774, 0.06015075, 0.57044524)
(0.24371265, 0.31995758, 0.04219621, 0.52166867, 0.30053988, 0.80792737, 0.40753961, 0.61829770, 0.11597006, 0.14115559)
(0.55231452, 0.67173308, 0.15843466, 0.40832630, 0.69521731, 0.46042368, 0.82782656, 0.07870185, 0.09222163, 0.48721287)
(0.04209052, 0.24039234, 0.63764447, 0.87717015, 0.84665906, 0.41973302, 0.38237476, 0.29167369, 0.47197941, 0.59306401)
(0.44555014, 0.72849065, 0.09652477, 0.53482991, 0.68845385, 0.59320349, 0.74742544, 0.63276899, 0.07381124, 0.71755189)
(0.60983497, 0.67567372, 0.35159630, 0.47300637, 0.25555971, 0.36309525, 0.47717246, 0.66532481, 0.07997007, 0.13177283)
(0.74442977, 0.22883928, 0.47877920, 0.60482883, 0.26038900, 0.46852577, 0.97376800, 0.57837027, 0.60622138, 0.60205644)
(0.23676178, 0.65182579, 0.85974717, 0.74719870, 0.73162544, 0.35539070, 0.59147865, 0.50197536, 0.53233600, 0.02155850)
(0.45268041, 0.15271603, 0.54661095, 0.48651707, 0.52961820, 0.12747994, 0.73525655, 0.07974955, 0.17355485, 0.91387463)
(0.04914989, 0.87361324, 0.48387244, 0.64255965, 0.91716176, 0.70760053, 0.21161446, 0.11895268, 0.38195944, 0.64639109)
(0.07793538, 0.26623496, 0.45286798, 0.85512060, 0.41947919, 0.88735127, 0.29187655, 0.29586828, 0.27956882, 0.79885423)
(0.91333109, 0.50530714, 0.21988212, 0.14538977, 0.18722175, 0.58389831, 0.47066772, 0.77224129, 0.26323840, 0.11167971)
(0.65943420, 0.29499069, 0.39040875, 0.84649169, 0.38087881, 0.56081849, 0.78384072, 0.16116898, 0.47278899, 0.93793243)
(0.35966292, 0.28240862, 0.54805267, 0.78529340, 0.59950215, 0.14977181, 0.87797105, 0.33907738, 0.43230963, 0.87230355)
(0.78710157, 0.59326857, 0.42488593, 0.86588722, 0.98618722, 0.61766970, 0.60863113, 0.28456521, 0.88248265, 0.51687115)
(0.73189700, 0.18737355, 0.58488184, 0.79928106, 0.34822777, 0.42585728, 0.91934061, 0.24740894, 0.66745710, 0.89976299)
(0.81066006, 0.59846890, 0.44301248, 0.35138741, 0.80221301, 0.40384606, 0.41863206, 0.02520741, 0.28324834, 0.40195149)
(0.68319070, 0.36512807, 0.08561723, 0.37233004, 0.68146181, 0.65563023, 0.93435764, 0.59680170, 0.15039057, 0.40592149)
(0.05563992, 0.28900942, 0.30323553, 0.24974884, 0.43812174, 0.60471797, 0.63619626, 0.91346705, 0.20322356, 0.26468548)
(0.05362807, 0.42177817, 0.59758610, 0.33377594, 0.51315862, 0.79539359, 0.63198960, 0.82753360, 0.13536406, 0.47288147)
(0.75683391, 0.59901631, 0.82377338, 0.86651951, 0.78560662, 0.04529500, 0.64136636, 0.22372575, 0.53901339, 0.84738344)
(0.83700752, 0.13914613, 0.14833930, 0.46760502, 0.51659423, 0.62390560, 0.86093330, 0.68555844, 0.25671116, 0.57760859)
(0.16713840, 0.38812673, 0.82139796, 0.81906068, 0.95827633, 0.33501661, 0.49503958, 0.58317333, 0.29330206, 0.11758482)
(0.45572487, 0.60076338, 0.49136442, 0.38070798, 0.56794083, 0.28249374, 0.56984526, 0.08138669, 0.95804256, 0.84523386)
(0.10206078, 0.31133026, 0.36337078, 0.71100444, 0.18992732, 0.83085442, 0.15789708, 0.90614563, 0.66897649, 0.64196956)
(0.39882210, 0.18766764, 0.84220856, 0.51717061, 0.64768165, 0.16604912, 0.70300883, 0.55100101, 0.36716157, 0.68666303)
(0.15760602, 0.89287841, 0.07801498, 0.84456855, 0.48269933, 0.22205843, 0.35244191, 0.23578800, 0.86212879, 0.87355071)
(0.41261187, 0.29261521, 0.90304130, 0.26834476, 0.88001746, 0.30967751, 0.54041117, 0.22702736, 0.58396381, 0.08086728)
(0.74162292, 0.13269962, 0.68200749, 0.76321262, 0.19391519, 0.63607317, 0.79692501, 0.43610948, 0.70598185, 0.74398643)
(0.77704459, 0.04054845, 0.34869400, 0.80802441, 0.27407834, 0.32589561, 0.89068836, 0.59587586, 0.24384212, 0.87357992)
(0.48779333, 0.51603240, 0.63024789, 0.65113020, 0.30524361, 0.01454031, 0.38253373, 0.35395709, 0.92293513, 0.89002609)
(0.76011872, 0.18865719, 0.60721046, 0.08880432, 0.93154359, 0.76420230, 0.66389668, 0.36797878, 0.08107943, 0.45138979)
(0.67703527, 0.54872411, 0.09952496, 0.34788433, 0.53298378, 0.53741586, 0.67705041, 0.88742167, 0.17022713, 0.04004029)
(0.67156202, 0.35628194, 0.35479528, 0.71978271, 0.44129580, 0.92277187, 0.23850419, 0.94670582, 0.33641478, 0.33274192)
(0.47938749, 0.17552677, 0.68389720, 0.19858064, 0.66886640, 0.79119384, 0.24806343, 0.04469922, 0.24635296, 0.89619929)
(0.11327651, 0.50027448, 0.88607663, 0.65941745, 0.75442135, 0.36121118, 0.17211883, 0.48626250, 0.96101284, 0.09213621)
(0.25419006, 0.10478678, 0.22900368, 0.34287834, 0.10884753, 0.92293888, 0.28699192, 0.77141011, 0.79386711, 0.91979623)
(0.24315877, 0.69248939, 0.49127862, 0.71945447, 0.32278615, 0.24294104, 0.37223488, 0.05766765, 0.05593843, 0.30207455)
(0.66833419, 0.54792517, 0.61660433, 0.33090252, 0.39337221, 0.67233700, 0.31890652, 0.64064729, 0.08144922, 0.07296285)
(0.47875640, 0.53024942, 0.43986222, 0.56901097, 0.94350898, 0.30250409, 0.30827728, 0.35106719, 0.17136233, 0.87013125)
(0.57866538, 0.45444709, 0.87970006, 0.40308723, 0.49616501, 0.11918490, 0.34596249, 0.42611131, 0.25045285, 0.90957880)
(0.87195915, 0.06250000, 0.53280461, 0.04114548, 0.36040586, 0.90906519, 0.21252349, 0.68120831, 0.35749686, 0.16941114)
(0.16234288, 0.46133056, 0.75744003, 0.10843804, 0.83455884, 0.33366385, 0.09544277, 0.57420868, 0.11887598, 0.29696783)
(0.57820547, 0.79235369, 0.47931835, 0.89250654, 0.91581988, 0.34489575, 0.25113815, 0.45209387, 0.07480220, 0.45909110)
(0.04669038, 0.53270042, 0.33631703, 0.42889613, 0.49201339, 0.95356137, 0.62931132, 0.34443024, 0.15417926, 0.23796158)
(0.44918975, 0.64168662, 0.39641520, 0.44139650, 0.86861604, 0.26288131, 0.80221188, 0.16318503, 0.95447743, 0.81926304)
(0.51266986, 0.97348183, 0.58689851, 0.30366698, 0.36246535, 0.77540982, 0.79135972, 0.75767869, 0.25123560, 0.20702387)
(0.86286694, 0.14108412, 0.54325533, 0.27981830, 0.33519387, 0.59248745, 0.58207393, 0.86393094, 0.27303836, 0.45702890)
(0.67632216, 0.23280907, 0.39225566, 0.29205436, 0.51996601, 0.83572549, 0.38760981, 0.43053317, 0.37422359, 0.65875494)
(0.70764619, 0.81704712, 0.45411882, 0.43890992, 0.72129458, 0.54875034, 0.93441337, 0.22266360, 0.52264649, 0.81482780)
(0.56539494, 0.65401357, 0.52607924, 0.48030746, 0.53775126, 0.74438536, 0.13456959, 0.22926670, 0.31229764, 0.81180537)
(0.42321709, 0.64364040, 0.39020455, 0.88143927, 0.44628179, 0.57208806, 0.07723180, 0.43836743, 0.13653332, 0.94604707)
(0.50395072, 0.57449532, 0.51079512, 0.07998256, 0.18106598, 0.59441608, 0.72555995, 0.95183492, 0.14203678, 0.34033760)
(0.69165933, 0.67351663, 0.79364127, 0.18068013, 0.52020729, 0.05709207, 0.34022465, 0.07614098, 0.29606161, 0.71625525)
(0.25587842, 0.87096339, 0.44354787, 0.80640686, 0.16498235, 0.63463032, 0.29305643, 0.24764273, 0.90387726, 0.38133091)
(0.84269381, 0.43990064, 0.08639701, 0.58971697, 0.15230145, 0.73868400, 0.23375139, 0.95009369, 0.33794308, 0.38518217)
(0.65710491, 0.56402022, 0.49861613, 0.35078335, 0.32189712, 0.56120533, 0.39232662, 0.49139437, 0.06784672, 0.13502228)
(0.51431680, 0.59733695, 0.57092756, 0.88307494, 0.31064031, 0.10186741, 0.63492578, 0.20932047, 0.82986647, 0.91638786)
(0.62948769, 0.23497535, 0.40975469, 0.34852853, 0.52860594, 0.34203160, 0.89965641, 0.09895434, 0.65992212, 0.82736206)
(0.92650014, 0.48560849, 0.90807247, 0.25379619, 0.45059028, 0.76974070, 0.02330361, 0.30853823, 0.27665263, 0.45355925)
(0.52714604, 0.77678800, 0.52636188, 0.53203654, 0.94535673, 0.37294367, 0.27774084, 0.51356924, 0.19598857, 0.56909835)
(0.40493572, 0.61687344, 0.70607018, 0.85418642, 0.92191291, 0.66175359, 0.74053794, 0.23262784, 0.39795822, 0.04459467)
(0.74516112, 0.40349007, 0.34346744, 0.22288483, 0.43857655, 0.85259306, 0.39950487, 0.09309532, 0.13021407, 0.83009213)
(0.21283077, 0.64396375, 0.38400656, 0.12309654, 0.11242762, 0.67094302, 0.48812649, 0.98525673, 0.21494225, 0.21553120)
(0.76682866, 0.70243239, 0.84671783, 0.80022734, 0.85231423, 0.13797957, 0.41842267, 0.52003026, 0.84623241, 0.83708227)
(0.40457076, 0.56051725, 0.26488534, 0.83472687, 0.78706056, 0.72878695, 0.83459586, 0.12911282, 0.87461782, 0.55870193)
(0.06854273, 0.87235838, 0.76314074, 0.20416716, 0.64220589, 0.91321939, 0.09585730, 0.58211064, 0.45284051, 0.71647155)
(0.64691228, 0.82014114, 0.49547383, 0.42704022, 0.26997954, 0.53983492, 0.86854005, 0.04288404, 0.47709712, 0.87310809)
