(0.44924489, 0.14565742, 0.24376027, 0.26547605, 0.70240033, 0.57968467, 0.69320977, 0.09198500, 0.39653325, 0.35654271)
(0.06297674, 0.67499375, 0.59077024, 0.51448041, 0.61661559, 0.20164292, 0.30234265, 0.10956400, 0.64576334, 0.22817223)
(0.46854779, 0.57627279, 0.27163693, 0.38379335, 0.58962059, 0.98261017, 0.20980696, 0.51021254, 0.17573287, 0.84246492)
(0.38501990, 0.66757643, 0.37436473, 0.37107733, 0.35927603, 0.50736666, 0.70488667, 0.64652604, 0.84430009, 0.45358154)
(0.12177984, 0.24001193, 0.32396647, 0.92095935, 0.46640399, 0.77857965, 0.83356822, 0.45783561, 0.50410616, 0.30976799)
(0.43880752, 0.84194195, 0.59004611, 0.12233138, 0.49919277, 0.66662437, 0.90086848, 0.47064728, 0.69655597, 0.78318948)
(0.08898208, 0.89015323, 0.22074947, 0.55010945, 0.42990258, 0.03522362, 0.26215717, 0.78914541, 0.76612252, 0.55179983)
(0.67285538, 0.82632530, 0.29744604, 0.50277567, 0.51003218, 0.86548412, 0.60055178, 0.21490547, 0.08549588, 0.15655963)
(0.42787755, 0.47664908, 0.53287435, 0.66793448, 0.84760797, 0.69755030, 0.09858318, 0.44407383, 0.84737533, 0.67581421)
(0.56499785, 0.21190533, 0.69865566, 0.35933930, 0.82415688, 0.50694633, 0.55170149, 0.10183854, 0.69500941, 0.09685303)
(0.36948347, 0.93180543, 0.21480431, 0.35634464, 0.83700740, 0.58169007, 0.77200532, 0.23852073, 0.86008590, 0.06102496)
(0.66252530, 0.33664528, 0.67138714, 0.34462884, 0.37297302, 0.78020549, 0.12169735, 0.50144941, 0.05854692, 0.34421533)
(0.71832561, 0.63701379, 0.16036224, 0.84651643, 0.41385037, 0.79997116, 0.94298154, 0.09405218, 0.44528991, 0.20640813)
(0.63402581, 0.63027734, 0.84166878, 0.29700461, 0.60674423, 0.09003990, 0.30077773, 0.66414571, 0.50913733, 0.27786291)
(0.55154049, 0.54259872, 0.29800797, 0.31115857, 0.31853202, 0.51483822, 0.81934810, 0.40194207, 0.05750950, 0.19389774)
(0.46775830, 0.34575781, 0.88743061, 0.53268147, 0.09694077, 0.04791378, 0.79917628, 0.28051344, 0.43347776, 0.59341580)
(0.68945962, 0.82160330, 0.45622513, 0.57365799, 0.28695631, 0.26977354, 0.95903081, 0.50228906, 0.49592805, 0.14424673)
(0.48409069, 0.70614469, 0.70127392, 0.51076257, 0.05988248, 0.50619262, 0.91430366, 0.46174955, 0.74814999, 0.57739425)
(0.68780291, 0.39899498, 0.44868839, 0.57790989, 0.31229085, 0.75155085, 0.21228416, 0.25158972, 0.66711974, 0.37113446)
(0.77850342, 0.70617491, 0.92970979, 0.46857271, 0.88387913, 0.20538853, 0.16212052, 0.72425026, 0.70169431, 0.14088638)
(0.87884897, 0.48206148, 0.03951270, 0.79093653, 0.39242283, 0.68362427, 0.57218385, 0.90100473, 0.12368445, 0.18660544)
(0.44433677, 0.39252344, 0.97217667, 0.56196100, 0.41431478, 0.80165589, 0.29037032, 0.18207340, 0.79180872, 0.40984467)
(0.19829653, 0.29336360, 0.62553924, 0.28849056, 0.86866045, 0.44632998, 0.64702505, 0.08725905, 0.77886176, 0.10227233)
(0.73778307, 0.50749803, 0.68770027, 0.24607243, 0.59209377, 0.48549530, 0.62499249, 0.36059394, 0.22940804, 0.73496240)
(0.65996337, 0.15724903, 0.56772679, 0.50021785, 0.89113837, 0.45715761, 0.40446013, 0.28749755, 0.55545461, 0.81480038)
(0.61587602, 0.50918251, 0.16582556, 0.60884768, 0.67267346, 0.88184243, 0.74436545, 0.49580747, 0.06445936, 0.83919472)
(0.43458784, 0.63355768, 0.26696998, 0.39303657, 0.91125143, 0.74763829, 0.46973330, 0.12163223, 0.77064687, 0.72523075)
(0.11912588, 0.32064214, 0.08452107, 0.58389604, 0.22792132, 0.84486204, 0.45245948, 0.85270792, 0.26326436, 0.23972112)
(0.01271419, 0.28485379, 0.24011490, 0.65790188, 0.27831873, 0.73703539, 0.27212188, 0.63703305, 0.87754786, 0.75311720)
(0.36262029, 0.65825111, 0.51790971, 0.29672062, 0.83627605, 0.66085529, 0.31205347, 0.20313092, 0.90570742, 0.34408036)
(0.64918250, 0.53993356, 0.59606904, 0.72073853, 0.04556157, 0.30448267, 0.86658466, 0.53895777, 0.33525744, 0.66201431)
(0.42809057, 0.55331188, 0.03023784, 0.92870831, 0.46864969, 0.54408681, 0.69851607, 0.49120376, 0.90637738, 0.63170862)
(0.09075627, 0.72889996, 0.87468046, 0.19301571, 0.16745125, 0.57683241, 0.47410268, 0.38254279, 0.76677436, 0.41221768)
(0.38306162, 0.68257999, 0.60171986, 0.28563273, 0.30583754, 0.83212954, 0.33560565, 0.16773187, 0.29493076, 0.37594047)
(0.16129199, 0.38305956, 0.45173040, 0.32287970, 0.40518546, 0.97054929, 0.31780222, 0.14210746, 0.36354640, 0.39167359)
(0.33077556, 0.07955575, 0.53557944, 0.42339200, 0.57344991, 0.67841691, 0.50832158, 0.70330274, 0.75106758, 0.87442601)
(0.55998069, 0.62497509, 0.50219131, 0.77349663, 0.80197728, 0.30980501, 0.08954044, 0.44393951, 0.68839419, 0.39059111)
(0.57364863, 0.80889934, 0.84529495, 0.21187790, 0.66916347, 0.39812392, 0.61068022, 0.41657159, 0.68752325, 0.53224057)
(0.68572223, 0.21531659, 0.40345457, 0.05065214, 0.74187708, 0.21793012, 0.24237600, 0.10954020, 0.47421429, 0.06135736)
(0.09173572, 0.38219053, 0.69102967, 0.42286396, 0.66845894, 0.49238133, 0.30236313, 0.11797709, 0.81549770, 0.65099353)
(0.23475517, 0.35089657, 0.55126792, 0.43235272, 0.79474586, 0.29984698, 0.39326641, 0.79324383, 0.08969218, 0.37041289)
(0.65424490, 0.38252050, 0.80321145, 0.79656112, 0.51530719, 0.61194497, 0.39352274, 0.37561309, 0.23890349, 0.90074611)
(0.35593998, 0.08766523, 0.39141035, 0.93825680, 0.73870176, 0.28766114, 0.82789075, 0.52184433, 0.53607756, 0.49157101)
(0.86070770, 0.65998548, 0.69007248, 0.36441994, 0.59778190, 0.50029743, 0.14217199, 0.21123046, 0.71939152, 0.51512700)
(0.54139847, 0.53668827, 0.34821010, 0.11471979, 0.26195741, 0.57559747, 0.89948899, 0.34161255, 0.66019440, 0.48829487)
(0.51046038, 0.18025424, 0.14585395, 0.76522505, 0.34397665, 0.60455585, 0.62545013, 0.87394625, 0.28895131, 0.19518571)
(0.54303211, 0.32786876, 0.18397492, 0.24161768, 0.67885524, 0.49618882, 0.80691922, 0.03388077, 0.35528618, 0.46337560)
(0.44342250, 0.45314494, 0.52505064, 0.51734531, 0.44289058, 0.56691223, 0.21554430, 0.69579226, 0.06111804, 0.45502502)
(0.88142943, 0.80007660, 0.48619241, 0.37308896, 0.82343698, 0.50724524, 0.88622844, 0.21015179, 0.42895183, 0.77114528)
(0.11518846, 0.59653306, 0.46481586, 0.34275383, 0.75880140, 0.38378978, 0.35005274, 0.20786914, 0.91217566, 0.34743020)
(0.09405927, 0.29417747, 0.57789695, 0.33582088, 0.61471558, 0.52425557, 0.55743194, 0.08368313, 0.56052077, 0.59132254)
(0.42057446, 0.44132310, 0.63122308, 0.25500581, 0.28273124, 0.69315320, 0.46950778, 0.36048830, 0.06579946, 0.60929227)
(0.48693475, 0.57008815, 0.33685774, 0.23896153, 0.67108011, 0.79932171, 0.80480409, 0.07959428, 0.71789646, 0.26954195)
(0.62614226, 0.47378013, 0.19837388, 0.91334003, 0.41801575, 0.72818488, 0.68209004, 0.43701857, 0.29080424, 0.20456970)
(0.13506764, 0.63011932, 0.38927564, 0.36826608, 0.37631646, 0.50747341, 0.61733115, 0.25410321, 0.69722289, 0.48122519)
(0.05364378, 0.32191944, 0.43316752, 0.32586953, 0.76198554, 0.33998728, 0.82577091, 0.15476893, 0.61102206, 0.12155502)
(0.60056001, 0.37030742, 0.08083084, 0.64856309, 0.78007889, 0.31811604, 0.37062022, 0.88179553, 0.13440774, 0.54861766)
(0.63949925, 0.55012602, 0.32273021, 0.40072548, 0.55136740, 0.95028740, 0.25407797, 0.63418448, 0.34322467, 0.94254911)
(0.64987725, 0.41067725, 0.89070219, 0.36517844, 0.13382208, 0.78982967, 0.46394929, 0.43007454, 0.03302458, 0.67033625)
(0.36302316, 0.77459264, 0.40518433, 0.42394742, 0.67372608, 0.31062746, 0.06094225, 0.09773373, 0.86876798, 0.26399386)
(0.21236694, 0.15822497, 0.18938804, 0.71681100, 0.12761305, 0.75674474, 0.64115691, 0.59195709, 0.83275628, 0.71882677)
(0.62209088, 0.88482004, 0.31413007, 0.85994565, 0.51400357, 0.56408960, 0.95073688, 0.17408599, 0.60770643, 0.10358084)
(0.61342520, 0.88163871, 0.58610612, 0.35689896, 0.64811087, 0.72964936, 0.66711056, 0.36674005, 0.64924270, 0.77586961)
(0.37099975, 0.51624966, 0.46336061, 0.27377439, 0.12119260, 0.61381996, 0.50897950, 0.07992624, 0.23381746, 0.63545698)
(0.04937737, 0.55292165, 0.73866165, 0.49492422, 0.24787536, 0.37138531, 0.75667351, 0.25114146, 0.78304458, 0.35821167)
(0.23260172, 0.07704064, 0.68318230, 0.32592613, 0.21090361, 0.35362664, 0.96275812, 0.24191666, 0.46599764, 0.53088820)
(0.40836647, 0.31575125, 0.37616697, 0.32422316, 0.46705756, 0.84781802, 0.38869512, 0.19218776, 0.29002261, 0.47340521)
(0.13010639, 0.56793940, 0.50444007, 0.38931680, 0.56193054, 0.50709516, 0.86628342, 0.44069546, 0.74566072, 0.67715937)
(0.36638290, 0.05838351, 0.24052283, 0.08922544, 0.34777054, 0.36339012, 0.79103768, 0.03145243, 0.63004971, 0.25448713)
(0.47569093, 0.48002973, 0.23978128, 0.44017738, 0.38214540, 0.96831357, 0.50671923, 0.48333624, 0.24865285, 0.88954031)
(0.65655881, 0.79730856, 0.53084779, 0.59773123, 0.31098074, 0.65943664, 0.76999605, 0.66989321, 0.28860116, 0.38497618)
(0.51652253, 0.06641822, 0.25438657, 0.31597748, 0.85480881, 0.08400969, 0.28524318, 0.87617326, 0.04589694, 0.75782907)
(0.93483967, 0.10274498, 0.02509830, 0.40374523, 0.48548555, 0.25439307, 0.36206004, 0.70074528, 0.23549578, 0.74517608)
(0.27609053, 0.83575606, 0.42201209, 0.41267598, 0.75858980, 0.87203467, 0.14243115, 0.20893694, 0.57995176, 0.44729766)
(0.84043503, 0.95224357, 0.61690766, 0.55251497, 0.02883359, 0.13404632, 0.80161679, 0.44283494, 0.75181025, 0.93907022)
(0.05813390, 0.84247983, 0.90482235, 0.53166699, 0.61463690, 0.39612150, 0.27521312, 0.38828656, 0.86203533, 0.43568042)
(0.78614593, 0.74535841, 0.80407768, 0.30412391, 0.55555701, 0.33620182, 0.40803838, 0.49611622, 0.28769606, 0.42875886)
(0.11856952, 0.72825646, 0.88595545, 0.53639388, 0.54690832, 0.12928717, 0.45501858, 0.35352546, 0.96471512, 0.40492061)
(0.35926920, 0.55227202, 0.40032268, 0.24375148, 0.85959107, 0.32243776, 0.42609322, 0.08425616, 0.84172833, 0.16158827)
(0.79906231, 0.96586758, 0.15911983, 0.87851906, 0.56984371, 0.86387527, 0.74707955, 0.51441634, 0.92825502, 0.09264650)
(0.63393927, 0.36440670, 0.22464673, 0.38555241, 0.28901964, 0.78908253, 0.17037585, 0.26567218, 0.20717455, 0.76650214)
(0.32300004, 0.31628317, 0.26710150, 0.60003191, 0.90409464, 0.79828149, 0.35496294, 0.19268630, 0.62128925, 0.37436932)
(0.27224302, 0.14541069, 0.57460791, 0.39213264, 0.61922538, 0.89810735, 0.47608727, 0.14499082, 0.47208267, 0.23153844)
(0.42533287, 0.66962796, 0.43443087, 0.06438491, 0.39601454, 0.72136384, 0.76227486, 0.25228035, 0.49735329, 0.69951946)
(0.49537933, 0.41934058, 0.80412734, 0.24476153, 0.55694157, 0.15376225, 0.46150735, 0.69033670, 0.42448810, 0.20975694)
(0.61862093, 0.18779430, 0.94664985, 0.29250413, 0.28381470, 0.89531744, 0.59995377, 0.30378342, 0.12468783, 0.20134160)
(0.07235432, 0.18450360, 0.11243246, 0.69559377, 0.44662818, 0.83848339, 0.68821168, 0.49869758, 0.61063737, 0.60064197)
(0.74245632, 0.92120409, 0.57190448, 0.08895317, 0.28875464, 0.74397254, 0.55929065, 0.41918629, 0.37951574, 0.65812844)
(0.37293184, 0.23609611, 0.10399315, 0.41161078, 0.08871074, 0.63740420, 0.66907060, 0.83361942, 0.31714129, 0.55861205)
(0.69707829, 0.69493073, 0.33451530, 0.68602121, 0.56003267, 0.62332678, 0.91528636, 0.08565327, 0.10581634, 0.20248678)
(0.90820616, 0.46783385, 0.71039498, 0.22084309, 0.53267008, 0.80779415, 0.86113644, 0.88249499, 0.01261590, 0.72188759)
(0.18369552, 0.64908648, 0.67432654, 0.26439649, 0.88135701, 0.08667868, 0.38669628, 0.23128121, 0.90126365, 0.32531971)
(0.24829274, 0.75781971, 0.61242032, 0.26056007, 0.26533154, 0.13902999, 0.74901307, 0.60237008, 0.96318084, 0.80652761)
(0.56084752, 0.44938231, 0.63747036, 0.41532689, 0.63065034, 0.66690975, 0.17207205, 0.84583879, 0.14482944, 0.42800558)
(0.90297109, 0.17021278, 0.15393767, 0.37042671, 0.30802163, 0.38756481, 0.30351049, 0.34716707, 0.38862038, 0.94165093)
(0.62496674, 0.26920804, 0.56710535, 0.28001472, 0.31726015, 0.77023917, 0.47598147, 0.09212429, 0.30505955, 0.20198047)
(0.57774037, 0.63678110, 0.48764876, 0.17208718, 0.68494099, 0.60682654, 0.80201286, 0.17038314, 0.93180859, 0.14551891)
(0.55485618, 0.72294068, 0.86778891, 0.58375621, 0.79730648, 0.57486343, 0.48489332, 0.58047795, 0.89834797, 0.17839299)
(0.36230841, 0.19784616, 0.64252996, 0.50393140, 0.66974056, 0.19797245, 0.70266706, 0.90198231, 0.18106325, 0.39692149)
(0.64201802, 0.09608610, 0.28678277, 0.71234447, 0.17689075, 0.78390980, 0.29076314, 0.50024074, 0.43395433, 0.30591482)
(0.34955689, 0.49403760, 0.23168184, 0.26977906, 0.36803213, 0.18955874, 0.93261737, 0.21641149, 0.34492114, 0.35601753)
(0.38436249, 0.35834864, 0.22430708, 0.44825029, 0.57424319, 0.95298344, 0.44037250, 0.44480431, 0.12392683, 0.35270640)
(0.48181382, 0.74552864, 0.62914246, 0.65055567, 0.72076070, 0.52339870, 0.03653555, 0.32230824, 0.88264549, 0.05987540)
(0.13861945, 0.23943108, 0.51818979, 0.43156266, 0.50451040, 0.86665797, 0.47300801, 0.44517964, 0.17831738, 0.35490426)
(0.35838050, 0.82614934, 0.92463052, 0.52131438, 0.50636512, 0.82007271, 0.34965742, 0.10885095, 0.41281617, 0.88314819)
(0.44806039, 0.57034600, 0.83431596, 0.56491363, 0.37081173, 0.16565111, 0.03977276, 0.14441964, 0.63332397, 0.29518113)
(0.67566007, 0.49391150, 0.80803150, 0.34742069, 0.81893927, 0.49024180, 0.59456742, 0.25684905, 0.23533367, 0.53741354)
(0.65532398, 0.73503208, 0.46845904, 0.38142213, 0.27328700, 0.22892483, 0.97830814, 0.20344281, 0.18863015, 0.15729305)
(0.22287402, 0.45147404, 0.81438726, 0.22482200, 0.15018022, 0.18526328, 0.55402255, 0.45905998, 0.76636082, 0.25078535)
(0.59074801, 0.18822224, 0.15797174, 0.55012655, 0.38490957, 0.32467806, 0.62726867, 0.65157467, 0.40242124, 0.94785547)
(0.45602414, 0.76558709, 0.65473604, 0.07820611, 0.25167599, 0.58877397, 0.36815476, 0.30419803, 0.26448628, 0.40438408)
(0.11233816, 0.62174177, 0.04921336, 0.87010300, 0.67742091, 0.84749651, 0.73197705, 0.26062852, 0.64842278, 0.53946859)
(0.23296626, 0.50016695, 0.74758846, 0.69313812, 0.22405721, 0.57435882, 0.18353254, 0.08347891, 0.34378988, 0.60098124)
(0.64124697, 0.25530276, 0.17215894, 0.57783186, 0.80104280, 0.69530648, 0.53035539, 0.37355533, 0.24936557, 0.83256751)
(0.27770254, 0.29359874, 0.56335884, 0.13198540, 0.65992439, 0.72650898, 0.39440495, 0.21986303, 0.47238490, 0.90628141)
(0.06792510, 0.36809212, 0.54988474, 0.32955581, 0.63631451, 0.79162186, 0.28797594, 0.15392183, 0.75631326, 0.34915283)
(0.80982280, 0.06984174, 0.88547045, 0.71438289, 0.38043630, 0.21323147, 0.28439292, 0.82779515, 0.29107007, 0.54237193)
(0.75674498, 0.50184131, 0.96266299, 0.49103108, 0.36504647, 0.66771990, 0.67682850, 0.25803870, 0.27160919, 0.82042944)
(0.60136688, 0.16210744, 0.36685377, 0.38527578, 0.76809937, 0.54006815, 0.54308271, 0.80559784, 0.30234382, 0.90182942)
(0.12713917, 0.23127064, 0.85737616, 0.52596051, 0.66903120, 0.88209122, 0.61152112, 0.24841447, 0.33972111, 0.25402012)
(0.58817607, 0.31226888, 0.13511668, 0.22038499, 0.96452653, 0.18562211, 0.10998736, 0.08266230, 0.92008406, 0.19436362)
(0.08749742, 0.18112566, 0.36188221, 0.51803023, 0.76362699, 0.71090221, 0.70934528, 0.41691703, 0.68172616, 0.81370866)
(0.46545640, 0.30113614, 0.15138830, 0.52364272, 0.29310766, 0.94669026, 0.18625735, 0.69465619, 0.34795272, 0.27497908)
(0.89955127, 0.61115575, 0.02625276, 0.28548956, 0.12357810, 0.60982335, 0.22066471, 0.97535717, 0.07874969, 0.42216867)
(0.50771093, 0.37773663, 0.31094429, 0.95047694, 0.38758281, 0.58590788, 0.83739334, 0.53042442, 0.83123183, 0.37816769)
(0.40753138, 0.90177602, 0.65711367, 0.21311195, 0.62760109, 0.46772158, 0.10873459, 0.42922246, 0.86284262, 0.23587582)
(0.43388152, 0.30025616, 0.17498241, 0.48765913, 0.64751792, 0.82415199, 0.81815815, 0.09769472, 0.40601996, 0.74108732)
(0.40619829, 0.19615099, 0.76878160, 0.36288497, 0.07523528, 0.37430438, 0.85211718, 0.31985825, 0.34202880, 0.40877211)
(0.88301873, 0.39552999, 0.09039702, 0.79858023, 0.42612767, 0.66772687, 0.16147459, 0.31366566, 0.87902927, 0.65861839)
(0.51926547, 0.46762109, 0.87618989, 0.65590972, 0.48074755, 0.71172750, 0.03778301, 0.17081760, 0.62622279, 0.86402410)
(0.59846759, 0.26838079, 0.84629875, 0.40362054, 0.72058785, 0.49530661, 0.32153511, 0.25734040, 0.32856590, 0.58380407)
(0.62137198, 0.94752014, 0.62676632, 0.44461882, 0.54906070, 0.69063991, 0.06039957, 0.22653228, 0.93006927, 0.50729281)
(0.61233503, 0.39154291, 0.31237835, 0.13881241, 0.17944632, 0.49641281, 0.20592131, 0.89950943, 0.23812889, 0.81701136)
(0.62123436, 0.33316433, 0.08828499, 0.54997742, 0.12891220, 0.37637979, 0.39489266, 0.65328169, 0.35256490, 0.63787365)
(0.76402134, 0.40065408, 0.01079504, 0.88010740, 0.69297773, 0.40598074, 0.85317540, 0.19976206, 0.87289023, 0.80100960)
(0.78863031, 0.42928648, 0.12598330, 0.49940062, 0.50139523, 0.92100549, 0.30863553, 0.56495410, 0.37346667, 0.93093479)
(0.61240220, 0.06926823, 0.79891688, 0.78975093, 0.21769114, 0.19451906, 0.09708600, 0.54875499, 0.40000615, 0.15361476)
(0.62354147, 0.25115147, 0.82967162, 0.68992776, 0.74725252, 0.62415045, 0.69610357, 0.60425079, 0.20243807, 0.79189247)
(0.59461892, 0.42706114, 0.52993977, 0.38026166, 0.66210854, 0.13077152, 0.88233566, 0.51367342, 0.08375658, 0.50999248)
(0.28465071, 0.75705010, 0.17567624, 0.67556792, 0.39148125, 0.59035915, 0.92345166, 0.08965322, 0.43595207, 0.14873916)
(0.77812910, 0.08231682, 0.29143679, 0.16037478, 0.19209141, 0.52135342, 0.22587799, 0.05002528, 0.21851932, 0.65883636)
(0.49368989, 0.59584445, 0.63066059, 0.27616847, 0.40683186, 0.78405154, 0.27693477, 0.15847418, 0.54672045, 0.30482402)
(0.73339617, 0.32299012, 0.86841512, 0.73221844, 0.78796107, 0.30035809, 0.29576287, 0.30952492, 0.67732275, 0.63138014)
(0.04403028, 0.57076913, 0.78908187, 0.36366123, 0.28733286, 0.63951445, 0.52416193, 0.29193300, 0.51942146, 0.24947491)
(0.22605914, 0.36640871, 0.81119728, 0.65946591, 0.74256891, 0.75093365, 0.41349486, 0.24932709, 0.64378458, 0.71454149)
(0.74365801, 0.28793925, 0.58875930, 0.50798571, 0.71429247, 0.70901120, 0.29908392, 0.84410304, 0.32491302, 0.70986712)
(0.51892853, 0.29768795, 0.57119417, 0.50907469, 0.43792933, 0.71622169, 0.13104656, 0.56929070, 0.28606457, 0.82597804)
(0.68359768, 0.82650596, 0.57796448, 0.25628582, 0.58920765, 0.77522922, 0.91810834, 0.18667610, 0.16191931, 0.58043414)
(0.64191049, 0.40422678, 0.76687831, 0.20734262, 0.65916204, 0.60184664, 0.49910182, 0.11245967, 0.45773974, 0.94123328)
(0.09107091, 0.75437534, 0.33091074, 0.60719150, 0.77873385, 0.78457510, 0.57793242, 0.32001403, 0.79223043, 0.23632653)
(0.20689446, 0.16039622, 0.59455281, 0.26671818, 0.76847214, 0.63985497, 0.79641038, 0.10901802, 0.50571918, 0.57987237)
(0.34619191, 0.10215038, 0.84333980, 0.74190187, 0.26473451, 0.20144314, 0.13631460, 0.79298115, 0.28783843, 0.29305771)
(0.65645194, 0.11357006, 0.76127368, 0.47928822, 0.36289561, 0.54059255, 0.32656425, 0.79848766, 0.49358201, 0.51929265)
(0.32350111, 0.09959637, 0.72262359, 0.53809941, 0.30186918, 0.75353783, 0.77292639, 0.27990350, 0.44268149, 0.33979827)
(0.47628415, 0.16840003, 0.80044472, 0.88485241, 0.33301875, 0.13859300, 0.19585516, 0.52181602, 0.24037933, 0.62000263)
(0.36080045, 0.45200631, 0.49059474, 0.10589839, 0.11591241, 0.86706710, 0.61939079, 0.04363405, 0.44185084, 0.33475381)
(0.62621027, 0.42822748, 0.42448878, 0.13117802, 0.57381839, 0.15421309, 0.29790527, 0.86065066, 0.17005995, 0.84953988)
(0.77139437, 0.57427245, 0.22840591, 0.62813997, 0.68971312, 0.87510377, 0.39351749, 0.39514285, 0.22884859, 0.71597862)
(0.72418344, 0.74521023, 0.73652905, 0.20442405, 0.57922119, 0.23510092, 0.19725724, 0.69684333, 0.92430037, 0.61992759)
(0.78924030, 0.29175466, 0.60721302, 0.43113622, 0.68987662, 0.61289841, 0.89774340, 0.67186403, 0.05494213, 0.95570934)
(0.70321697, 0.25283986, 0.58384299, 0.66570419, 0.69925410, 0.48823580, 0.38820699, 0.61413974, 0.41498682, 0.81099099)
(0.02178502, 0.89682591, 0.82514220, 0.16998738, 0.38350812, 0.52241164, 0.35844269, 0.40035349, 0.81246382, 0.37130827)
(0.46639621, 0.37158155, 0.05377956, 0.42235300, 0.08025166, 0.83776385, 0.47256792, 0.53720534, 0.43148613, 0.88471031)
(0.62494260, 0.71073616, 0.06993055, 0.89014548, 0.21058424, 0.57430935, 0.74378198, 0.33662534, 0.87044066, 0.94721669)
(0.67125428, 0.69521958, 0.43962258, 0.29873449, 0.63854426, 0.83379382, 0.91541582, 0.12168235, 0.31925252, 0.80561501)
(0.72944129, 0.89390951, 0.89603394, 0.52911997, 0.33148974, 0.51707143, 0.55877286, 0.18780467, 0.45501474, 0.77138025)
(0.65764195, 0.40078422, 0.35760584, 0.38452041, 0.62214267, 0.70319527, 0.91641527, 0.84131974, 0.01146570, 0.76619989)
(0.57111084, 0.13779990, 0.52473062, 0.34338564, 0.63898396, 0.44268906, 0.14940517, 0.17267528, 0.44146088, 0.89655739)
(0.63332546, 0.14040233, 0.93925977, 0.65684998, 0.34330589, 0.23373829, 0.20270737, 0.59336185, 0.33512437, 0.15153275)
(0.44663331, 0.73098278, 0.58254802, 0.17098306, 0.78586209, 0.27795836, 0.21418691, 0.49577287, 0.83613598, 0.17838897)
(0.21105689, 0.68280441, 0.79614961, 0.41489375, 0.44182622, 0.59242612, 0.87741339, 0.48036504, 0.89464897, 0.43685383)
(0.30576348, 0.34592745, 0.70701128, 0.63857603, 0.23056166, 0.15395892, 0.30296293, 0.71231073, 0.30865091, 0.25576851)
(0.80510563, 0.59002495, 0.44542325, 0.54036433, 0.07813048, 0.21082439, 0.63914233, 0.68539363, 0.14993277, 0.33427417)
(0.51968831, 0.47615904, 0.48898175, 0.60921919, 0.27378038, 0.69136089, 0.71794188, 0.36753723, 0.17764685, 0.58772272)
(0.82954055, 0.76605940, 0.55133283, 0.18038137, 0.26435065, 0.60992110, 0.58394110, 0.29916769, 0.17034954, 0.54030991)
(0.69083565, 0.60094708, 0.85451204, 0.49758834, 0.36401096, 0.30495071, 0.44752294, 0.49454233, 0.31200147, 0.37163296)
(0.53868598, 0.34193340, 0.14210501, 0.94455338, 0.59292513, 0.55374771, 0.93214184, 0.20341828, 0.50661010, 0.38868371)
(0.43894243, 0.49361131, 0.42054978, 0.22060886, 0.43951911, 0.96214342, 0.39795214, 0.07349326, 0.47616914, 0.28803521)
(0.63149118, 0.45298469, 0.15192215, 0.24556844, 0.61292940, 0.83218163, 0.67747265, 0.90520167, 0.05676500, 0.90660292)
(0.29939106, 0.23251761, 0.10330838, 0.47660443, 0.03371004, 0.82229793, 0.25563920, 0.29530060, 0.75704437, 0.83603090)
(0.10852667, 0.24638636, 0.42212525, 0.88552737, 0.51124334, 0.78646523, 0.75598598, 0.41881013, 0.89830345, 0.65165269)
(0.24647613, 0.53730410, 0.70112866, 0.22601080, 0.18261559, 0.87664098, 0.40122521, 0.04985346, 0.32480833, 0.49141526)
(0.04307808, 0.04823060, 0.10747494, 0.60268575, 0.33331338, 0.51889831, 0.52511472, 0.37984625, 0.71155548, 0.48595467)
(0.36230281, 0.17431529, 0.47695759, 0.68143326, 0.22523168, 0.61424738, 0.07622572, 0.18256825, 0.72123629, 0.39119023)
(0.77850962, 0.78989327, 0.11680319, 0.14507286, 0.30914631, 0.40929690, 0.79832864, 0.33831221, 0.59870458, 0.46335885)
(0.08621992, 0.40723228, 0.54704988, 0.34533724, 0.56192333, 0.97459179, 0.57426459, 0.69165945, 0.13628557, 0.90543920)
(0.29894042, 0.18047307, 0.39373523, 0.59079200, 0.81026417, 0.31033894, 0.24647491, 0.85208154, 0.15195996, 0.45948470)
(0.35115802, 0.25881544, 0.21842764, 0.93264091, 0.30888683, 0.86168081, 0.80529249, 0.54901564, 0.49730402, 0.20098180)
(0.26744929, 0.39650467, 0.43584493, 0.29225114, 0.24527282, 0.58017975, 0.67797548, 0.18816887, 0.41313130, 0.46288085)
(0.41418725, 0.95919693, 0.81308424, 0.66407895, 0.45852131, 0.02613730, 0.38454169, 0.44933584, 0.74379605, 0.67468566)
(0.73078704, 0.38197771, 0.85046351, 0.50830889, 0.62956733, 0.25168887, 0.34331840, 0.36895341, 0.46657345, 0.64253187)
(0.83250374, 0.98880857, 0.67271394, 0.09910002, 0.59756440, 0.57272041, 0.89940864, 0.72773117, 0.82954729, 0.73693430)
(0.30668983, 0.90947914, 0.59763569, 0.10780948, 0.88015884, 0.48772633, 0.67912054, 0.75253713, 0.95386410, 0.83727801)
(0.24008884, 0.93496752, 0.70544380, 0.09253167, 0.58494490, 0.57442468, 0.05253741, 0.58749372, 0.76722890, 0.43791580)
(0.67780989, 0.18291633, 0.07180655, 0.26516789, 0.35329774, 0.92683578, 0.42352024, 0.71168023, 0.54599953, 0.89536476)
(0.47465199, 0.78129542, 0.56643993, 0.70700634, 0.03846449, 0.55658692, 0.82647693, 0.56732416, 0.80989039, 0.69557840)
(0.79299051, 0.46512264, 0.22458117, 0.56390494, 0.43239659, 0.48874512, 0.62742078, 0.66530609, 0.06854033, 0.11115125)
(0.80141699, 0.78101385, 0.94099826, 0.65000153, 0.34523451, 0.15645386, 0.37780660, 0.19567659, 0.48497730, 0.61100549)
(0.41341946, 0.11437768, 0.42755082, 0.72802919, 0.49005577, 0.71149379, 0.30485803, 0.24036716, 0.69490212, 0.19785130)
(0.72507620, 0.88501936, 0.44799122, 0.42120945, 0.32852992, 0.69173604, 0.87211770, 0.73645169, 0.40600514, 0.57725722)
(0.64527953, 0.16770995, 0.75905728, 0.50092453, 0.17238972, 0.63106662, 0.48811376, 0.92039794, 0.24895847, 0.23935066)
(0.66503447, 0.15089610, 0.93987602, 0.89768261, 0.26201504, 0.37470835, 0.21785319, 0.37235349, 0.70836592, 0.48021939)
(0.29759738, 0.63132960, 0.35653424, 0.86686504, 0.41532460, 0.78542393, 0.87021464, 0.20577945, 0.22360849, 0.16296299)
(0.56022114, 0.16354971, 0.03788087, 0.73374373, 0.49999082, 0.55896848, 0.86396307, 0.41147980, 0.34813499, 0.84046829)
(0.84197086, 0.44209394, 0.57777381, 0.52513450, 0.74162745, 0.64177185, 0.29949912, 0.73489851, 0.30100161, 0.78416485)
(0.79827023, 0.32546833, 0.47116721, 0.14168428, 0.66658807, 0.79775912, 0.49663451, 0.58512604, 0.01899877, 0.07447792)
(0.21385945, 0.04715623, 0.19202541, 0.43263629, 0.71733302, 0.69592226, 0.80138451, 0.12724955, 0.25921920, 0.28660229)
(0.47683319, 0.91468477, 0.28711513, 0.33628777, 0.55628043, 0.11815756, 0.93404651, 0.88074887, 0.82988232, 0.31953934)
(0.55829573, 0.26639012, 0.57173157, 0.30552143, 0.45638222, 0.27957663, 0.28316629, 0.90796423, 0.27605516, 0.63592058)
(0.38679540, 0.10014343, 0.06317984, 0.70421398, 0.85070527, 0.13640034, 0.38348138, 0.73015463, 0.07018077, 0.53186619)
(0.20189089, 0.78923982, 0.40035069, 0.25714508, 0.79168147, 0.64919871, 0.56707644, 0.58341980, 0.75660676, 0.24914226)
(0.48714179, 0.75077063, 0.89934134, 0.22989222, 0.86219859, 0.41289392, 0.11147396, 0.51850420, 0.86781222, 0.28425100)
(0.69559807, 0.42964116, 0.32922438, 0.49731082, 0.13300943, 0.79330301, 0.07400172, 0.20813361, 0.02724422, 0.48411950)
(0.69278646, 0.52711678, 0.90716445, 0.13963209, 0.90837896, 0.11236061, 0.58007401, 0.74146825, 0.79881948, 0.11588562)
(0.56914473, 0.33332518, 0.32282645, 0.95070279, 0.61414027, 0.40457317, 0.95850134, 0.11922833, 0.55212235, 0.21112224)
(0.49143040, 0.26475313, 0.27025273, 0.63794810, 0.12028676, 0.52872038, 0.42693532, 0.64111912, 0.46512473, 0.87068647)
(0.49999380, 0.51042658, 0.45575622, 0.51550490, 0.30258289, 0.56779522, 0.47722220, 0.58336252, 0.12002925, 0.27767664)
(0.44580987, 0.61784273, 0.94995487, 0.19906811, 0.75434041, 0.35819080, 0.30739492, 0.47319004, 0.95427275, 0.50085139)
(0.35446572, 0.91422921, 0.39515114, 0.13752669, 0.78747380, 0.84507984, 0.41701999, 0.42413756, 0.94458890, 0.33944115)
(0.42977223, 0.54184222, 0.33556601, 0.63335323, 0.77593940, 0.37330791, 0.02449577, 0.09349158, 0.94051886, 0.52088213)
(0.30797410, 0.49413037, 0.79306930, 0.34631115, 0.36079735, 0.77359641, 0.54110724, 0.36150298, 0.21093090, 0.40265596)
(0.87638551, 0.18241780, 0.19958797, 0.85616213, 0.54289281, 0.28813571, 0.65794206, 0.53197491, 0.12703437, 0.12469466)
(0.77490562, 0.32129708, 0.03265779, 0.84790599, 0.18245640, 0.84546155, 0.65623903, 0.76164359, 0.40256572, 0.29553619)
(0.39940381, 0.79541457, 0.87555277, 0.70382184, 0.87560338, 0.02221807, 0.11881938, 0.43317372, 0.64594823, 0.25261724)
(0.40515953, 0.90569913, 0.47429392, 0.42833427, 0.07925022, 0.25476941, 0.76458877, 0.51948404, 0.93261427, 0.64437151)
(0.50760615, 0.82607311, 0.72875184, 0.89118022, 0.63553107, 0.11965519, 0.01316763, 0.34961170, 0.87524712, 0.39362064)
(0.10762072, 0.38714471, 0.12584381, 0.50909722, 0.38642949, 0.90698969, 0.57728094, 0.73693359, 0.32594535, 0.78250271)
(0.26453790, 0.58836424, 0.34633097, 0.31470335, 0.85277712, 0.43592426, 0.36150292, 0.22264613, 0.71785158, 0.43807989)
(0.40696856, 0.49249291, 0.86166131, 0.72350824, 0.43592611, 0.47541335, 0.08705822, 0.23513968, 0.49291328, 0.85902786)
(0.23274182, 0.06314146, 0.25764886, 0.35395142, 0.60915154, 0.51234591, 0.84481704, 0.56310207, 0.06768197, 0.63644004)
(0.37683901, 0.48234037, 0.08517025, 0.92585200, 0.47121099, 0.80175340, 0.88647419, 0.40967530, 0.62737632, 0.73418093)
(0.82488102, 0.62939608, 0.96645474, 0.53608727, 0.39735475, 0.64035732, 0.71016264, 0.32064670, 0.49841183, 0.44672671)
(0.17198966, 0.26251584, 0.59340733, 0.57763600, 0.47760254, 0.80786121, 0.30564794, 0.14255318, 0.46245539, 0.25317955)
(0.54492110, 0.15896539, 0.74541605, 0.10504387, 0.59084475, 0.85449255, 0.53558761, 0.63136500, 0.08065659, 0.79572845)
(0.22750260, 0.21165541, 0.64166713, 0.27752203, 0.63578093, 0.94250941, 0.21302488, 0.58450425, 0.27718228, 0.66265881)
(0.10299414, 0.31726947, 0.26291537, 0.71922618, 0.68270361, 0.77805156, 0.83767760, 0.32984143, 0.52130884, 0.74451149)
(0.55510491, 0.67728972, 0.91695833, 0.23541003, 0.97186828, 0.22290872, 0.26868874, 0.63292694, 0.80683601, 0.15807603)
(0.74700284, 0.88234031, 0.26712951, 0.03330556, 0.71416527, 0.34441927, 0.72583771, 0.63405287, 0.95367032, 0.59714937)
(0.60905302, 0.32799938, 0.55645359, 0.41380641, 0.67111546, 0.35770386, 0.11811300, 0.11065257, 0.82464343, 0.18496102)
(0.61111283, 0.76516426, 0.70745164, 0.45552966, 0.87103653, 0.15342106, 0.19314013, 0.38567525, 0.74646676, 0.20227695)
(0.16377321, 0.75806993, 0.52818167, 0.19820966, 0.28974521, 0.09902205, 0.09337463, 0.58609968, 0.90346056, 0.67641723)
(0.14643408, 0.72336930, 0.89709580, 0.43269813, 0.10353383, 0.71331257, 0.73939258, 0.31034452, 0.61463010, 0.72119254)
(0.63267064, 0.86019248, 0.31392872, 0.15534724, 0.11835750, 0.72933263, 0.70235306, 0.41130382, 0.56330264, 0.67340863)
(0.67863017, 0.82764018, 0.69352102, 0.09767851, 0.23608215, 0.35552892, 0.29499507, 0.11620899, 0.40539846, 0.79769087)
(0.13030727, 0.10927515, 0.33411804, 0.31108180, 0.87549877, 0.55460244, 0.54116446, 0.11598137, 0.63438410, 0.39225450)
(0.14595711, 0.28499678, 0.27147001, 0.80390698, 0.48577535, 0.82818788, 0.81211579, 0.46566001, 0.45419818, 0.65510386)
(0.60229820, 0.88704914, 0.38458213, 0.10495207, 0.68534571, 0.39319560, 0.41390479, 0.59350735, 0.71409577, 0.67036897)
(0.20862077, 0.50391287, 0.73953485, 0.23808147, 0.51688033, 0.89395761, 0.37382901, 0.33865198, 0.09626456, 0.47443807)
(0.79300243, 0.44661212, 0.63791174, 0.07171845, 0.73039675, 0.27158996, 0.23826694, 0.33400398, 0.42716646, 0.42868516)
(0.71921957, 0.41739190, 0.95470041, 0.19209272, 0.88693553, 0.20195714, 0.46479151, 0.43291882, 0.78783506, 0.26026794)
(0.65617907, 0.10925882, 0.09729297, 0.40786856, 0.69007182, 0.30259895, 0.73356974, 0.15008411, 0.81974149, 0.65169543)
(0.87884563, 0.51358736, 0.74619281, 0.49718317, 0.25288299, 0.21416508, 0.60184115, 0.14896303, 0.24350815, 0.69803059)
(0.32594085, 0.52318561, 0.55404788, 0.26009479, 0.25741482, 0.51912081, 0.69544148, 0.25977966, 0.49342349, 0.52220029)
(0.33343378, 0.25324515, 0.74815547, 0.33329913, 0.51314831, 0.06177493, 0.22315745, 0.90814263, 0.15388361, 0.74217093)
(0.84934032, 0.72220010, 0.17842360, 0.12710196, 0.31751576, 0.47994503, 0.90640861, 0.13047729, 0.27446175, 0.33499792)
(0.46473345, 0.88314265, 0.42066538, 0.11173299, 0.26649809, 0.54830956, 0.91938466, 0.22105028, 0.56954092, 0.50788701)
(0.61954772, 0.04100334, 0.27222487, 0.20850502, 0.60144258, 0.66870224, 0.17195225, 0.30241233, 0.46647486, 0.75633168)
(0.50048274, 0.19783153, 0.13780575, 0.78890103, 0.64914918, 0.34896106, 0.31412050, 0.74559170, 0.27298510, 0.50424027)
(0.55169690, 0.84056413, 0.20453997, 0.90927160, 0.42377669, 0.85287088, 0.78965026, 0.50493449, 0.91583681, 0.18994902)
(0.56351811, 0.32682708, 0.21553911, 0.64323598, 0.95798212, 0.55857581, 0.11483335, 0.18937054, 0.89852136, 0.20696945)
(0.77911001, 0.20624770, 0.46075279, 0.18508218, 0.22975120, 0.65193933, 0.43802267, 0.45512179, 0.05770716, 0.37848902)
(0.20581751, 0.05606664, 0.17195533, 0.73632032, 0.42305321, 0.20655186, 0.66334146, 0.59330654, 0.39733067, 0.62558025)
(0.32429561, 0.56453055, 0.41097456, 0.21119592, 0.85062867, 0.68858546, 0.17714664, 0.09842516, 0.80522239, 0.43454579)
(0.10174141, 0.56059772, 0.23361033, 0.18894419, 0.46296617, 0.59169751, 0.83295143, 0.07355988, 0.54721057, 0.17751946)
(0.62891847, 0.49458799, 0.37713644, 0.75854915, 0.42922303, 0.83148521, 0.84945256, 0.24549524, 0.03105214, 0.06919372)
(0.94171375, 0.66348004, 0.48224565, 0.18995732, 0.55633318, 0.61269635, 0.50446153, 0.18383954, 0.12020209, 0.19316716)
(0.62041956, 0.46390533, 0.08666205, 0.93964726, 0.37065822, 0.72149253, 0.70480996, 0.60388428, 0.42485735, 0.65875024)
(0.92449939, 0.17435771, 0.49698067, 0.13488509, 0.28902936, 0.28594100, 0.52114469, 0.48430830, 0.09905405, 0.93754900)
(0.69924051, 0.53666574, 0.41829515, 0.08191342, 0.41524786, 0.37885818, 0.50999063, 0.97378165, 0.21460605, 0.90611959)
(0.04863333, 0.63902766, 0.50606149, 0.38159522, 0.07235032, 0.39363658, 0.44521517, 0.15615599, 0.37645721, 0.49590793)
(0.21168996, 0.72925442, 0.88688922, 0.36677903, 0.86238217, 0.21179642, 0.66333276, 0.35892123, 0.92400426, 0.55553299)
(0.21176876, 0.82253623, 0.71166760, 0.16312021, 0.19192666, 0.44460416, 0.79928178, 0.72458792, 0.93594718, 0.50319833)
(0.25179783, 0.35088745, 0.65953237, 0.64113343, 0.76626390, 0.35290608, 0.59217399, 0.25195864, 0.50693274, 0.17306040)
(0.14238667, 0.29675052, 0.27186444, 0.59477377, 0.77271658, 0.78992069, 0.21471979, 0.55493027, 0.85405445, 0.75382638)
(0.25432134, 0.39121971, 0.27152109, 0.18258250, 0.70186359, 0.50361693, 0.85482341, 0.10524924, 0.35682246, 0.59184676)
(0.21024102, 0.34480494, 0.13500142, 0.09077770, 0.22265112, 0.40586281, 0.15435986, 0.85573035, 0.15593646, 0.64222175)
(0.13844749, 0.23605043, 0.36173636, 0.30848953, 0.40424651, 0.12525049, 0.94170076, 0.28134000, 0.37325922, 0.35819894)
(0.47465637, 0.37227035, 0.18332568, 0.15792817, 0.49010959, 0.44112763, 0.80624783, 0.17956762, 0.38250837, 0.26586667)
(0.27418077, 0.72119957, 0.69820625, 0.17322797, 0.28347728, 0.79363483, 0.63513452, 0.35585311, 0.31566831, 0.43644911)
(0.64567387, 0.59108216, 0.55887586, 0.82396531, 0.44351763, 0.31021115, 0.90041149, 0.31025890, 0.22682640, 0.15680349)
(0.68649387, 0.61729670, 0.80526787, 0.10508725, 0.72523630, 0.12922509, 0.05474178, 0.66086155, 0.51195860, 0.09839334)
(0.05215045, 0.80168164, 0.86999118, 0.14335835, 0.44128764, 0.59231615, 0.22125787, 0.47706798, 0.67127705, 0.27191970)
(0.29817444, 0.39511257, 0.45332977, 0.10570643, 0.57794803, 0.35019854, 0.83167297, 0.22182541, 0.78641897, 0.57896453)
(0.30144861, 0.78432560, 0.80701393, 0.48711011, 0.91388398, 0.16228403, 0.31212878, 0.35097381, 0.79244524, 0.52832729)
(0.18503964, 0.29835838, 0.42731479, 0.44037184, 0.39447090, 0.13179336, 0.88759583, 0.22583742, 0.32397947, 0.13014856)
(0.60136181, 0.32650658, 0.45422071, 0.71317583, 0.44482285, 0.18667439, 0.06219526, 0.33553627, 0.64689249, 0.63177550)
(0.90641159, 0.27945250, 0.06134087, 0.92399937, 0.59495050, 0.21714121, 0.75849766, 0.37106586, 0.60086256, 0.27561009)
(0.59668255, 0.29481366, 0.48792174, 0.55681598, 0.72177666, 0.61358732, 0.54725820, 0.25807163, 0.73641598, 0.17464910)
(0.12995940, 0.15669036, 0.28905866, 0.54927415, 0.53744739, 0.92590445, 0.34436029, 0.40307793, 0.26527923, 0.75933301)
(0.47093305, 0.62806863, 0.43451557, 0.52686471, 0.69956440, 0.86591893, 0.75899333, 0.08541048, 0.19147907, 0.44064766)
(0.42621577, 0.33014989, 0.58645880, 0.40755573, 0.31603220, 0.51141685, 0.35777998, 0.81642956, 0.04956191, 0.42278317)
(0.12610763, 0.34103981, 0.22003895, 0.12291783, 0.86680341, 0.26115605, 0.81538182, 0.07923643, 0.64736664, 0.10189109)
(0.88530570, 0.37196544, 0.10958533, 0.87933779, 0.32914540, 0.87665170, 0.74975979, 0.70415151, 0.10358210, 0.13547938)
(0.37605438, 0.70927709, 0.44920322, 0.46897036, 0.30268013, 0.63487470, 0.85008258, 0.26373237, 0.05782524, 0.18567902)
(0.58276254, 0.46064362, 0.06832419, 0.35158992, 0.03180287, 0.41931844, 0.14715491, 0.76006377, 0.12852496, 0.17044950)
(0.12341944, 0.56120670, 0.56265569, 0.57743293, 0.93062043, 0.35777882, 0.62229973, 0.21347974, 0.48315585, 0.11371444)
(0.61353207, 0.30735433, 0.54198104, 0.26538387, 0.45135885, 0.86704373, 0.34231961, 0.42992312, 0.08921690, 0.60891193)
(0.73044908, 0.37641624, 0.40552342, 0.17414667, 0.40955135, 0.73265702, 0.48259750, 0.98329782, 0.12148493, 0.82754016)
(0.46502200, 0.37698326, 0.11727341, 0.64113021, 0.36272174, 0.66632378, 0.64730108, 0.56254727, 0.30321348, 0.91007322)
(0.14876273, 0.54185557, 0.79759514, 0.46560988, 0.70238709, 0.68019533, 0.56912988, 0.14829175, 0.54332346, 0.87285846)
(0.52723944, 0.70141059, 0.40595260, 0.59122711, 0.08045263, 0.52197766, 0.75962496, 0.34762958, 0.40448454, 0.60628688)
(0.49058983, 0.43096358, 0.57037723, 0.40030181, 0.50051409, 0.71763337, 0.63567376, 0.64840984, 0.06599160, 0.19924082)
(0.53732514, 0.78742588, 0.46683595, 0.26915339, 0.64867514, 0.90240061, 0.36285418, 0.11371171, 0.69761437, 0.75864351)
(0.32491684, 0.72656572, 0.75423568, 0.47049764, 0.22668831, 0.12126839, 0.32014006, 0.57177693, 0.59708411, 0.22453225)
(0.07087050, 0.03448541, 0.20100555, 0.43396738, 0.80133039, 0.22267935, 0.81899124, 0.11537654, 0.11959803, 0.60479838)
(0.64815968, 0.65390807, 0.12455595, 0.68404025, 0.54679936, 0.62177306, 0.92770374, 0.10063960, 0.70512807, 0.67512643)
(0.17247085, 0.83841419, 0.49163184, 0.19469196, 0.68547654, 0.21011060, 0.40850565, 0.55888164, 0.92862874, 0.73565298)
(0.89830691, 0.45831007, 0.13510782, 0.80712467, 0.43882048, 0.90167516, 0.61485445, 0.47411254, 0.11527556, 0.41471189)
(0.78371507, 0.62237877, 0.52835560, 0.33611661, 0.81904280, 0.50019109, 0.56225616, 0.37899539, 0.03355173, 0.54512644)
(0.82952827, 0.23531598, 0.96297210, 0.53840989, 0.39172634, 0.29316312, 0.59069502, 0.52844280, 0.12998411, 0.46297133)
(0.06377677, 0.67340529, 0.63697213, 0.52954876, 0.67287564, 0.33496609, 0.31545377, 0.12646884, 0.82043755, 0.50291437)
(0.34410313, 0.52495962, 0.22005266, 0.91868818, 0.55792713, 0.77640694, 0.86356169, 0.65173095, 0.16532345, 0.72175735)
(0.56941706, 0.16764349, 0.72896820, 0.38811862, 0.74617237, 0.35255155, 0.28543934, 0.84078193, 0.18394077, 0.48014596)
(0.64498037, 0.71393770, 0.62656146, 0.21429937, 0.93083781, 0.14494631, 0.87721503, 0.24801320, 0.47297126, 0.86773610)
(0.89038581, 0.71398354, 0.91277879, 0.31476167, 0.30385706, 0.27390477, 0.27336270, 0.32972974, 0.69308442, 0.76133305)
(0.24642490, 0.36710328, 0.65559411, 0.43880096, 0.84440500, 0.36550832, 0.23064494, 0.22743897, 0.73552984, 0.11961792)
(0.53816515, 0.80433619, 0.30952406, 0.31399724, 0.49537507, 0.47418737, 0.92731160, 0.47802410, 0.41593134, 0.64398193)
(0.92385489, 0.59208053, 0.09908456, 0.56751472, 0.58898807, 0.63885808, 0.85401434, 0.07654458, 0.44930398, 0.64815354)
(0.29558036, 0.61866909, 0.87200063, 0.39036506, 0.45993352, 0.05889323, 0.41100797, 0.09139065, 0.48461330, 0.60950720)
(0.30577263, 0.63263470, 0.88505036, 0.39948046, 0.23662993, 0.41616777, 0.52130347, 0.23189959, 0.48508108, 0.26728693)
(0.08337585, 0.43274844, 0.26240021, 0.33648810, 0.68083900, 0.89403236, 0.56029910, 0.13940905, 0.15515323, 0.40684623)
(0.43816337, 0.59773612, 0.56087428, 0.26667956, 0.59471482, 0.69037962, 0.89679360, 0.34845406, 0.35336542, 0.82181722)
(0.45967564, 0.09588503, 0.71878082, 0.23950653, 0.57333785, 0.83657581, 0.25653899, 0.43548441, 0.23631628, 0.76785481)
(0.60342491, 0.04880017, 0.92787409, 0.06040464, 0.19885798, 0.15043493, 0.80208260, 0.16631275, 0.47662720, 0.52566385)
(0.76006538, 0.26059937, 0.47562405, 0.61048836, 0.74689227, 0.25848931, 0.53673279, 0.50751454, 0.70283943, 0.84280807)
(0.27556738, 0.35709459, 0.87983084, 0.50645065, 0.59578633, 0.47172126, 0.65393275, 0.21983463, 0.70961505, 0.21342678)
(0.58831400, 0.72946078, 0.51932102, 0.63825625, 0.23730655, 0.59375823, 0.71589857, 0.64133537, 0.17418846, 0.44466406)
(0.61193848, 0.31960574, 0.64183539, 0.01781807, 0.05065730, 0.36335945, 0.54773104, 0.97874421, 0.22415291, 0.61134011)
(0.09388943, 0.78654540, 0.09348921, 0.57601124, 0.72422010, 0.93537349, 0.40966022, 0.20796347, 0.61949837, 0.74123067)
(0.23215336, 0.19777836, 0.76108271, 0.28965363, 0.27760938, 0.90937549, 0.54023939, 0.22262545, 0.15003464, 0.30499801)
(0.18821590, 0.50845486, 0.56282711, 0.18057261, 0.15881281, 0.85767817, 0.63646543, 0.05562377, 0.80158377, 0.19304895)
(0.26323131, 0.75177145, 0.60642552, 0.22396581, 0.71904945, 0.87704504, 0.18178560, 0.27300447, 0.76885861, 0.58335805)
(0.27428490, 0.86942095, 0.74211478, 0.92451990, 0.70397937, 0.26698259, 0.02277285, 0.48329669, 0.88813835, 0.51440567)
(0.28201616, 0.72998565, 0.87157691, 0.81107748, 0.34933460, 0.42116898, 0.04920977, 0.35303771, 0.63282090, 0.46203348)
(0.71820730, 0.26197654, 0.69941318, 0.32738945, 0.82258296, 0.41397393, 0.40608758, 0.81060481, 0.09308164, 0.60166806)
(0.14961557, 0.52258986, 0.34934896, 0.75158799, 0.51041687, 0.86993074, 0.63708133, 0.41264033, 0.39329538, 0.44734323)
(0.56014544, 0.58648431, 0.30949882, 0.61603916, 0.72409672, 0.65031147, 0.73671371, 0.10256592, 0.13376504, 0.38748258)
(0.07549082, 0.23289685, 0.26305869, 0.44719222, 0.18937039, 0.77352095, 0.22810274, 0.37564290, 0.38292792, 0.77037203)
(0.43164492, 0.36988169, 0.12560040, 0.23744826, 0.83252299, 0.27117237, 0.85917294, 0.07957489, 0.63385415, 0.19736099)
(0.33356470, 0.59497935, 0.17278613, 0.93709069, 0.40954456, 0.86546469, 0.77929002, 0.45256889, 0.27377170, 0.43513358)
(0.44003296, 0.81432575, 0.59296054, 0.46777233, 0.64442343, 0.06997426, 0.22422032, 0.09825344, 0.76793087, 0.86151856)
(0.62706405, 0.15326363, 0.44550765, 0.61142075, 0.48559511, 0.21357062, 0.05840124, 0.45426640, 0.67053789, 0.57985806)
(0.05065447, 0.19272968, 0.59154725, 0.44173208, 0.13448986, 0.58802158, 0.49891767, 0.13321641, 0.41083685, 0.32713556)
(0.70493376, 0.85378200, 0.54750365, 0.44897521, 0.07729024, 0.64496154, 0.79973251, 0.76569951, 0.55609846, 0.46652144)
(0.16807474, 0.73708564, 0.82503211, 0.33813965, 0.31601039, 0.75683379, 0.49238017, 0.19670387, 0.42121398, 0.83195913)
(0.67812258, 0.12333460, 0.96495628, 0.84983736, 0.15273893, 0.24631847, 0.05827716, 0.56668222, 0.34103903, 0.65512598)
(0.74814492, 0.10872261, 0.29194751, 0.36922076, 0.28690520, 0.66106719, 0.27595791, 0.68244284, 0.38594255, 0.19405329)
(0.50846899, 0.53282559, 0.37497050, 0.32147738, 0.50554484, 0.87243062, 0.51113689, 0.58315802, 0.03468628, 0.23101354)
(0.44576845, 0.50736594, 0.79074669, 0.30398390, 0.04118319, 0.50928611, 0.44416496, 0.38578060, 0.23730280, 0.31345636)
(0.82828575, 0.43730697, 0.11568121, 0.96203452, 0.59636003, 0.50251770, 0.92525703, 0.26432958, 0.89710432, 0.63021177)
(0.65865904, 0.47159335, 0.30026999, 0.42814592, 0.30099702, 0.18161826, 0.92752856, 0.39480829, 0.20286250, 0.15163994)
(0.26507884, 0.23439012, 0.37444469, 0.44615069, 0.38434941, 0.86934316, 0.64674604, 0.56277990, 0.75803077, 0.97018009)
(0.17112599, 0.09858170, 0.68442953, 0.43853417, 0.23831254, 0.68757641, 0.45133737, 0.62025970, 0.07196437, 0.42193323)
(0.41025120, 0.66670531, 0.11084690, 0.72526032, 0.74624294, 0.28067815, 0.89779955, 0.19071880, 0.71881473, 0.15510520)
(0.40615931, 0.29096591, 0.48500839, 0.52613825, 0.26464963, 0.56770474, 0.59115505, 0.39740610, 0.18420191, 0.58033377)
(0.62563485, 0.84214306, 0.74088615, 0.43202567, 0.76304162, 0.78850770, 0.86739552, 0.27665260, 0.13870943, 0.57693189)
(0.39913833, 0.41372007, 0.39490202, 0.37354934, 0.80333054, 0.86037391, 0.66203314, 0.25803438, 0.28379676, 0.68880117)
(0.73054975, 0.10425124, 0.43379077, 0.19873786, 0.40373445, 0.84994435, 0.52884281, 0.28114864, 0.24114375, 0.32455948)
(0.92262977, 0.60731190, 0.84298146, 0.34858060, 0.50905406, 0.28468922, 0.59598362, 0.73236489, 0.13535619, 0.59524035)
(0.07161696, 0.32328877, 0.08169355, 0.71669805, 0.38477868, 0.94779956, 0.45280161, 0.49434218, 0.33521163, 0.66611421)
(0.37044224, 0.51841307, 0.15128651, 0.82506496, 0.41479474, 0.93333346, 0.70736969, 0.56000847, 0.13267921, 0.30284375)
(0.74154818, 0.30867648, 0.18476720, 0.21417466, 0.70629495, 0.47543642, 0.39237952, 0.75211763, 0.09274609, 0.10945384)
(0.39570928, 0.53230357, 0.51319170, 0.27186713, 0.13585256, 0.67649543, 0.39169040, 0.20704944, 0.04675867, 0.37026772)
(0.68057865, 0.51878613, 0.64536744, 0.08758167, 0.64730299, 0.20553720, 0.63235611, 0.75395399, 0.24514315, 0.30304575)
(0.46033508, 0.20089689, 0.37336954, 0.42205033, 0.58569443, 0.72194844, 0.41455781, 0.24858519, 0.30275333, 0.29030454)
(0.40490350, 0.49266282, 0.67466193, 0.52947968, 0.41756579, 0.89495313, 0.50053608, 0.66937602, 0.06705225, 0.55774981)
(0.69490069, 0.25409454, 0.79221129, 0.26409793, 0.42517400, 0.43549106, 0.35232401, 0.96786839, 0.41502008, 0.42975149)
(0.38638818, 0.64434445, 0.25135052, 0.94046962, 0.48115563, 0.78769219, 0.87755448, 0.25980157, 0.53355837, 0.17895506)
(0.84381771, 0.12358224, 0.47392169, 0.31400096, 0.49488345, 0.42965981, 0.17375746, 0.21029857, 0.23802958, 0.71905130)
(0.26565045, 0.59507465, 0.56014037, 0.16786914, 0.17859472, 0.74170363, 0.35920155, 0.12841563, 0.38221529, 0.34510303)
(0.56658423, 0.03855802, 0.78283656, 0.44016063, 0.45594963, 0.20543142, 0.08587338, 0.58498472, 0.65777415, 0.47466472)
(0.11019909, 0.66839188, 0.82903498, 0.71907181, 0.69952607, 0.31452364, 0.61854076, 0.33751765, 0.93755829, 0.32723823)
(0.40040222, 0.67722279, 0.72456837, 0.15890586, 0.60036170, 0.84549165, 0.79771101, 0.10897317, 0.48100358, 0.61080331)
(0.96299511, 0.81444526, 0.57012200, 0.15686484, 0.16647798, 0.62041497, 0.70234627, 0.50324571, 0.06079860, 0.64415735)
(0.40080908, 0.25841212, 0.78212136, 0.30871305, 0.47612929, 0.23007762, 0.43387291, 0.69349957, 0.44362590, 0.25657350)
(0.84939027, 0.31343058, 0.45550287, 0.45161328, 0.21438178, 0.67485708, 0.74666792, 0.48032790, 0.04947044, 0.70284706)
(0.52500772, 0.35082451, 0.50758004, 0.42478800, 0.29501143, 0.82573265, 0.18542908, 0.32782122, 0.04777208, 0.29296026)
(0.41220716, 0.40461025, 0.70313215, 0.87205452, 0.34803611, 0.16011897, 0.02857165, 0.33894938, 0.66219258, 0.76269490)
(0.72625184, 0.08891282, 0.41859272, 0.50908583, 0.58865136, 0.17291538, 0.03672195, 0.26943135, 0.25823644, 0.61679262)
(0.56881255, 0.57089204, 0.68513530, 0.49973312, 0.14650229, 0.63992608, 0.84729511, 0.53626543, 0.13955374, 0.27375928)
(0.14855754, 0.19155072, 0.18026917, 0.75392592, 0.67264009, 0.17520258, 0.81955045, 0.24283782, 0.38715273, 0.22853960)
(0.37743041, 0.41207206, 0.91317219, 0.58982515, 0.78427547, 0.80656689, 0.37000981, 0.21823892, 0.62822723, 0.82403421)
(0.60199034, 0.90966749, 0.26792768, 0.54530203, 0.68347579, 0.91579342, 0.62527865, 0.08311170, 0.36742505, 0.61748695)
(0.28386959, 0.73198211, 0.32091603, 0.90879315, 0.36075810, 0.82522774, 0.86281592, 0.19474688, 0.26662862, 0.09492035)
(0.16539437, 0.45180556, 0.08707211, 0.76148814, 0.39947340, 0.92655283, 0.35006601, 0.45351124, 0.70622629, 0.53564841)
(0.24784924, 0.93449277, 0.64140391, 0.69564283, 0.09842861, 0.04469757, 0.71933568, 0.36642420, 0.87498516, 0.87754005)
(0.53948128, 0.45510677, 0.39731506, 0.72261637, 0.33883741, 0.34761211, 0.82301843, 0.38111538, 0.21360518, 0.20387989)
(0.67592740, 0.17763139, 0.20532639, 0.50898397, 0.61986166, 0.45646700, 0.50071365, 0.92812979, 0.23478997, 0.82799876)
(0.38089505, 0.27407002, 0.71390074, 0.56185675, 0.40592396, 0.26808226, 0.10412418, 0.78514642, 0.23497380, 0.15936413)
(0.32092205, 0.28740725, 0.50103468, 0.39292553, 0.56901956, 0.15909484, 0.71478558, 0.74479395, 0.06217294, 0.24312846)
(0.79083192, 0.88754982, 0.33046451, 0.78266090, 0.33871633, 0.90758348, 0.73774952, 0.30757329, 0.69820690, 0.16331322)
(0.54652381, 0.42467216, 0.57929170, 0.42881650, 0.27623969, 0.52684128, 0.58504450, 0.85905892, 0.07109051, 0.37777123)
(0.38339990, 0.68661100, 0.60590935, 0.26227596, 0.30620989, 0.64837134, 0.93843484, 0.60878569, 0.81840229, 0.64138621)
(0.01800407, 0.20130000, 0.14710130, 0.65574825, 0.42078695, 0.78898823, 0.38907450, 0.63416797, 0.70768279, 0.66947007)
(0.57232642, 0.50906581, 0.07158232, 0.83230829, 0.52971536, 0.39178929, 0.92877042, 0.09586679, 0.53202134, 0.14482969)
(0.43155840, 0.93421394, 0.75914425, 0.10738917, 0.71418828, 0.42351192, 0.19643170, 0.60242313, 0.88492179, 0.50394440)
(0.38809478, 0.18372677, 0.05674195, 0.25094840, 0.49332705, 0.91067004, 0.41670606, 0.69310367, 0.29995331, 0.46477845)
(0.73403043, 0.63481015, 0.60892326, 0.69240642, 0.77485466, 0.06686565, 0.05998598, 0.22960541, 0.68889487, 0.02860957)
(0.31320393, 0.35867503, 0.10517118, 0.37540978, 0.41505644, 0.81212199, 0.59240371, 0.79560715, 0.21561685, 0.89373678)
(0.09323879, 0.41398573, 0.09203342, 0.72124839, 0.84969717, 0.79905665, 0.75603366, 0.26555404, 0.82432443, 0.64316726)
(0.54735392, 0.18336962, 0.10039405, 0.80877084, 0.77144897, 0.16896899, 0.50459874, 0.44362167, 0.30245256, 0.65276670)
(0.71200019, 0.37651327, 0.47877690, 0.56089008, 0.85788238, 0.46513370, 0.42627069, 0.49450678, 0.12050418, 0.80006826)
(0.24076724, 0.43902114, 0.23892285, 0.82504809, 0.24514380, 0.70413411, 0.58960998, 0.70087469, 0.73432022, 0.34477842)
(0.05891491, 0.66425747, 0.76959097, 0.41529414, 0.25291774, 0.58777523, 0.32302496, 0.12333536, 0.72565275, 0.29305357)
(0.43969294, 0.28339848, 0.17283344, 0.22445498, 0.48074478, 0.87269855, 0.46936595, 0.09346464, 0.28700957, 0.40009731)
(0.35428759, 0.54717690, 0.11678612, 0.10118789, 0.64329952, 0.02743342, 0.89446944, 0.65106028, 0.59137607, 0.52546102)
(0.21623148, 0.48660609, 0.54424065, 0.52636421, 0.43009955, 0.56565499, 0.20793161, 0.05375831, 0.42235532, 0.83057672)
(0.21240816, 0.51698023, 0.05858994, 0.93867058, 0.59802043, 0.57964778, 0.88426459, 0.15586214, 0.59186214, 0.29820794)
(0.72378629, 0.85081828, 0.21625055, 0.27373052, 0.83167106, 0.58727354, 0.27377161, 0.30029464, 0.90118003, 0.18037519)
(0.10839354, 0.10932824, 0.53420955, 0.25169966, 0.63863182, 0.53438175, 0.74422413, 0.08727564, 0.70259351, 0.36112022)
(0.25862250, 0.63195640, 0.56440067, 0.54330492, 0.95343792, 0.49960020, 0.45938647, 0.20010865, 0.86061317, 0.17422017)
(0.54039687, 0.30035999, 0.43086514, 0.22335514, 0.27116743, 0.49183992, 0.28562802, 0.80252153, 0.39120016, 0.87328207)
(0.80114239, 0.35605410, 0.61215967, 0.47058696, 0.56851929, 0.58017933, 0.35932583, 0.94274253, 0.40523857, 0.72779852)
(0.10443638, 0.69522470, 0.60361165, 0.48158246, 0.82335287, 0.42256427, 0.44336390, 0.11824475, 0.87200934, 0.32501617)
(0.52388388, 0.87289327, 0.23210150, 0.68317485, 0.79409856, 0.83893746, 0.15052885, 0.40871385, 0.89436406, 0.13946870)
(0.64564359, 0.02628289, 0.93712604, 0.21017878, 0.20050666, 0.08651669, 0.23316050, 0.22938207, 0.17066984, 0.17163889)
(0.60032284, 0.21337073, 0.06707423, 0.53278875, 0.05496785, 0.44721296, 0.49801284, 0.14575966, 0.55055517, 0.70728242)
(0.44833788, 0.43046397, 0.34381935, 0.03850239, 0.02850306, 0.40991554, 0.07264381, 0.87787038, 0.09787849, 0.84689999)
(0.35238329, 0.81253958, 0.72080880, 0.14004965, 0.35790613, 0.89535332, 0.64899218, 0.41304600, 0.21098873, 0.64813542)
(0.19692978, 0.18560965, 0.17653188, 0.75129199, 0.53357881, 0.76996720, 0.86908805, 0.56547749, 0.33201262, 0.67456734)
(0.28037897, 0.27943930, 0.53567010, 0.44949111, 0.38075587, 0.69537228, 0.25346777, 0.50806552, 0.07391886, 0.43659535)
(0.50316346, 0.51573360, 0.37025857, 0.17278764, 0.51000607, 0.71785706, 0.65267789, 0.11920974, 0.58918399, 0.49966538)
(0.26461443, 0.26956046, 0.66580439, 0.23368798, 0.49338961, 0.40820199, 0.97561139, 0.19454445, 0.57931101, 0.37306181)
(0.43316561, 0.51896238, 0.03202620, 0.64967424, 0.27548778, 0.75805420, 0.33228511, 0.17004560, 0.81083339, 0.65649980)
(0.32073665, 0.17819600, 0.24425922, 0.20753907, 0.40139484, 0.49759886, 0.72976094, 0.04663928, 0.16793063, 0.19297090)
(0.70631367, 0.78585881, 0.04823930, 0.74453092, 0.31700382, 0.84901005, 0.57649511, 0.49357161, 0.26051354, 0.63974863)
(0.36267519, 0.56744456, 0.29656181, 0.56070691, 0.55961496, 0.78087652, 0.70117909, 0.16539714, 0.17138891, 0.17415027)
(0.84959817, 0.34119678, 0.23096576, 0.73019022, 0.36469889, 0.79458636, 0.37922731, 0.42818445, 0.55589515, 0.33533308)
(0.64636505, 0.65460825, 0.89181119, 0.86815834, 0.56754571, 0.26414821, 0.38027138, 0.16801570, 0.66088825, 0.40514538)
(0.08468869, 0.39870113, 0.87135541, 0.35069460, 0.37755665, 0.85809535, 0.35583007, 0.41371101, 0.17949103, 0.42290238)
(0.74286270, 0.65646410, 0.35881898, 0.32932353, 0.91802114, 0.45716402, 0.37623826, 0.37328973, 0.86754280, 0.14340469)
(0.36092049, 0.27407721, 0.37186015, 0.07748251, 0.59446031, 0.12600489, 0.94712806, 0.40825817, 0.67826372, 0.46695805)
(0.19251557, 0.97037369, 0.69445658, 0.31635574, 0.43626300, 0.38550723, 0.17519163, 0.35364816, 0.70887631, 0.62347847)
(0.41688427, 0.12438238, 0.52677512, 0.59391093, 0.88576227, 0.38376531, 0.29758006, 0.85912061, 0.15989643, 0.52546829)
(0.70406830, 0.26845184, 0.91610104, 0.54608029, 0.65407741, 0.34169349, 0.36007968, 0.60207653, 0.60545820, 0.11662434)
(0.25802854, 0.15042230, 0.18533933, 0.64849305, 0.74369854, 0.72806817, 0.63979101, 0.11868493, 0.35166466, 0.25110152)
(0.15099119, 0.65079188, 0.33385274, 0.56275558, 0.59183216, 0.60203683, 0.19210990, 0.13076323, 0.70722550, 0.14936598)
(0.40289780, 0.86959833, 0.82270467, 0.14702314, 0.68728560, 0.53294694, 0.26838255, 0.68867564, 0.90652746, 0.44946894)
(0.06373610, 0.38070038, 0.27070254, 0.66556311, 0.09579062, 0.77308494, 0.38377810, 0.67197275, 0.65124679, 0.49611786)
(0.47826764, 0.93441749, 0.72093636, 0.32008922, 0.78235406, 0.57264769, 0.86922175, 0.35760206, 0.43399325, 0.72161734)
(0.32628205, 0.12043320, 0.67143416, 0.42742527, 0.45089838, 0.39803845, 0.11982787, 0.45466650, 0.45160899, 0.88922894)
(0.37806344, 0.70915103, 0.70365322, 0.70536095, 0.74047077, 0.36279711, 0.37818304, 0.27640837, 0.51699662, 0.57043546)
(0.22493422, 0.43835205, 0.19691423, 0.70380998, 0.63356495, 0.81298214, 0.86143982, 0.41472566, 0.28538433, 0.93136626)
(0.46255118, 0.48745358, 0.50662351, 0.44766352, 0.64244121, 0.39256477, 0.62057400, 0.92961293, 0.11075623, 0.48884514)
(0.63105220, 0.53217226, 0.44940943, 0.48330840, 0.57186651, 0.83423913, 0.29787883, 0.23478770, 0.39713275, 0.59707671)
(0.29010916, 0.11358874, 0.71586126, 0.04121023, 0.39066961, 0.59976882, 0.66991824, 0.08263382, 0.72251892, 0.67581016)
(0.73500526, 0.37547234, 0.28550002, 0.11837768, 0.94665980, 0.22197071, 0.30677673, 0.19885099, 0.95240998, 0.12283330)
(0.57442892, 0.72553992, 0.52870762, 0.80378312, 0.60537410, 0.84328479, 0.56238848, 0.13908282, 0.85844529, 0.20202380)
(0.72018039, 0.12419131, 0.74221665, 0.41844019, 0.74623841, 0.24299559, 0.34266093, 0.46422455, 0.57835007, 0.59019893)
(0.53560191, 0.07913841, 0.22942340, 0.48621523, 0.79314834, 0.65958494, 0.52317494, 0.45071027, 0.59101099, 0.90196943)
(0.21277823, 0.33964443, 0.20589514, 0.24777710, 0.07504940, 0.65117872, 0.12180629, 0.42131990, 0.46088836, 0.97500944)
(0.68601269, 0.36278412, 0.07209590, 0.58938342, 0.79772598, 0.34130147, 0.44907722, 0.89377499, 0.10615123, 0.68486387)
(0.40967834, 0.29594648, 0.72642946, 0.70557880, 0.65212458, 0.85637957, 0.71046376, 0.60597551, 0.09556165, 0.25232247)
(0.67761046, 0.73299533, 0.55417657, 0.25398347, 0.73016214, 0.58568692, 0.29054645, 0.55926353, 0.90113616, 0.53123510)
(0.85724378, 0.67774451, 0.56358039, 0.43728715, 0.63201779, 0.70192134, 0.56628728, 0.28693539, 0.51944637, 0.15642811)
(0.19709094, 0.90847445, 0.80659461, 0.12374055, 0.84161758, 0.76110935, 0.57441491, 0.56473571, 0.92049259, 0.53827977)
(0.09082369, 0.03407657, 0.14113195, 0.69125438, 0.75054133, 0.33008337, 0.83254373, 0.12963519, 0.24899660, 0.26223627)
(0.31878293, 0.78755397, 0.77730709, 0.56467062, 0.49986067, 0.09536956, 0.36119780, 0.17499056, 0.56722879, 0.44224194)
(0.67395711, 0.24202450, 0.85475224, 0.44163883, 0.77938747, 0.73855829, 0.89961493, 0.65936488, 0.10706184, 0.86389536)
(0.72344244, 0.67840564, 0.29494995, 0.03805721, 0.43632963, 0.36199453, 0.42725027, 0.54528189, 0.94848651, 0.18638684)
(0.54007679, 0.25558656, 0.88370746, 0.41950047, 0.83944589, 0.31884032, 0.94213998, 0.25184229, 0.59755152, 0.77409065)
(0.12029436, 0.38499409, 0.70150083, 0.32609776, 0.56950653, 0.06372691, 0.65817744, 0.17053442, 0.79656047, 0.28574666)
(0.11631562, 0.23089415, 0.51970786, 0.28695819, 0.61815941, 0.49293992, 0.79045904, 0.19755922, 0.42349330, 0.46796241)
(0.11798137, 0.03019607, 0.27248654, 0.42245638, 0.54421455, 0.42157635, 0.80214334, 0.17595211, 0.08733102, 0.06235134)
(0.03098879, 0.37128374, 0.89541733, 0.51537877, 0.22465801, 0.19335714, 0.40624461, 0.05488514, 0.55383790, 0.72780842)
(0.53660977, 0.45570076, 0.40811017, 0.94627738, 0.65995443, 0.51754469, 0.88611144, 0.35649657, 0.56246096, 0.30366975)
(0.65504295, 0.25662643, 0.29314867, 0.58855593, 0.70745295, 0.44635707, 0.42637849, 0.42269948, 0.56174076, 0.28586480)
(0.01787778, 0.63436806, 0.76254380, 0.59191376, 0.33783114, 0.42364430, 0.42609820, 0.20822002, 0.53417087, 0.48042023)
(0.57932466, 0.70068806, 0.27833185, 0.40415621, 0.65960997, 0.92969424, 0.64375919, 0.52761739, 0.00811690, 0.70023948)
(0.60447854, 0.57512695, 0.50242245, 0.47426018, 0.74598730, 0.94595671, 0.56715447, 0.29508245, 0.19845609, 0.80352336)
(0.12872365, 0.53909367, 0.61231339, 0.36185208, 0.49704495, 0.53595585, 0.37356406, 0.29558101, 0.46333244, 0.23536949)
(0.49447685, 0.58332705, 0.59519356, 0.24092205, 0.53225458, 0.36867428, 0.42708996, 0.25802973, 0.78867692, 0.29110426)
(0.01324196, 0.42668942, 0.34968227, 0.21460854, 0.56968576, 0.36860994, 0.80001909, 0.18766893, 0.44394332, 0.31543139)
(0.63607955, 0.31381038, 0.11237005, 0.94034940, 0.34318289, 0.52314109, 0.77523029, 0.60845101, 0.70789319, 0.31088209)
(0.04150513, 0.85582429, 0.33964828, 0.44012028, 0.56385261, 0.82003343, 0.67782277, 0.17668504, 0.25243789, 0.19052812)
(0.56196761, 0.56765699, 0.51870066, 0.44634020, 0.46766436, 0.74300444, 0.77969199, 0.56563735, 0.07111467, 0.34945336)
(0.41401815, 0.71537089, 0.10063200, 0.71014583, 0.72230273, 0.26461223, 0.92472076, 0.13799810, 0.55475992, 0.40548286)
(0.05773340, 0.22129905, 0.28440863, 0.63621742, 0.14519662, 0.69967115, 0.50089425, 0.38664243, 0.78050035, 0.68294793)
(0.31305641, 0.47648382, 0.34270129, 0.23706453, 0.46438414, 0.27756038, 0.86053246, 0.89466071, 0.91638517, 0.57382905)
(0.47589442, 0.52136344, 0.24703474, 0.06126361, 0.38493335, 0.23856886, 0.68873763, 0.45960408, 0.82283729, 0.25820339)
(0.26183993, 0.30296218, 0.40237564, 0.19124059, 0.55742782, 0.40070239, 0.67855978, 0.11758766, 0.88704365, 0.26607099)
(0.29239720, 0.24796863, 0.24949682, 0.35156518, 0.40489125, 0.71630394, 0.39730021, 0.53346050, 0.59166253, 0.89928579)
(0.21529236, 0.41630709, 0.72016740, 0.55922371, 0.31181353, 0.10422446, 0.22957301, 0.79070014, 0.20590998, 0.44508472)
(0.73862368, 0.87584841, 0.46624941, 0.42121950, 0.32513860, 0.19190927, 0.98154080, 0.26048306, 0.30485338, 0.12628536)
(0.67144448, 0.75584799, 0.34344459, 0.20585909, 0.09823041, 0.15125486, 0.79920244, 0.31926152, 0.72742969, 0.82156265)
(0.21401292, 0.30677959, 0.08994420, 0.88002217, 0.26440543, 0.87940562, 0.84480822, 0.51764292, 0.71985137, 0.38116452)
(0.48462495, 0.21283254, 0.83014500, 0.71448767, 0.42577806, 0.17715445, 0.21861698, 0.48042205, 0.26210502, 0.26158258)
(0.68484581, 0.47692829, 0.86159289, 0.55688739, 0.82416064, 0.51527792, 0.90327245, 0.29220286, 0.08140098, 0.58255297)
(0.11811091, 0.78590214, 0.76229107, 0.25114799, 0.16941066, 0.78523099, 0.62204784, 0.46712592, 0.28554523, 0.63792884)
(0.41073361, 0.27022460, 0.14568333, 0.22064061, 0.36180386, 0.94094294, 0.67119062, 0.80180460, 0.05292761, 0.76732934)
(0.93647158, 0.32910526, 0.42488995, 0.21207431, 0.27197516, 0.64477313, 0.34707642, 0.23662823, 0.09391791, 0.45446348)
(0.60485590, 0.64270091, 0.45227340, 0.60233104, 0.91078019, 0.61119515, 0.08067905, 0.32846692, 0.82882941, 0.14873345)
(0.86069196, 0.12137283, 0.84567267, 0.12424172, 0.22350420, 0.63610953, 0.31059918, 0.95926607, 0.41110536, 0.62866169)
(0.29727018, 0.27466828, 0.45034352, 0.16049628, 0.22890680, 0.77090871, 0.20297031, 0.02323541, 0.45537892, 0.48051533)
(0.40064985, 0.49505991, 0.15302178, 0.84845567, 0.52311832, 0.84471184, 0.76388192, 0.72724909, 0.07682408, 0.61827475)
(0.06675266, 0.37536436, 0.51215947, 0.28183028, 0.37410209, 0.78760928, 0.48950672, 0.09472402, 0.66781294, 0.25992566)
(0.72665149, 0.04926800, 0.88924825, 0.45825279, 0.62864357, 0.37767556, 0.43104044, 0.59835970, 0.21317761, 0.16998273)
(0.30574775, 0.16968878, 0.34537712, 0.15753630, 0.40183735, 0.77296734, 0.53814048, 0.14881068, 0.22711876, 0.75527549)
(0.11497439, 0.14448225, 0.11480661, 0.76774269, 0.57997400, 0.63295591, 0.83558023, 0.41261551, 0.39721665, 0.36945686)
(0.14149019, 0.43307588, 0.36049330, 0.26995650, 0.78361619, 0.76355672, 0.51673913, 0.05368893, 0.85036117, 0.26384303)
(0.13770196, 0.58044350, 0.49998790, 0.36178845, 0.47334644, 0.79481608, 0.74607062, 0.20255801, 0.64794648, 0.14729612)
(0.52452451, 0.96384531, 0.42030361, 0.10804635, 0.41684070, 0.70039129, 0.80423826, 0.38509944, 0.50379127, 0.42240703)
(0.77137578, 0.31180137, 0.17391407, 0.29437241, 0.61935228, 0.67217457, 0.66623282, 0.90236139, 0.22942556, 0.76393718)
(0.42863521, 0.54798728, 0.07235710, 0.67532587, 0.57647783, 0.64190578, 0.93003649, 0.06246317, 0.42741519, 0.53418165)
(0.87794179, 0.61330503, 0.04656060, 0.74456716, 0.62232959, 0.50097144, 0.92295116, 0.09517863, 0.80837786, 0.58966321)
(0.30182567, 0.37329823, 0.40993613, 0.51582348, 0.48731685, 0.86300588, 0.45509127, 0.32077566, 0.22649676, 0.17735723)
(0.83692592, 0.19946986, 0.79865330, 0.04763811, 0.18946010, 0.82836097, 0.55416507, 0.97240555, 0.29725033, 0.64392793)
(0.63107896, 0.37614900, 0.87940860, 0.62981427, 0.45960039, 0.73082143, 0.16702726, 0.89218062, 0.26984611, 0.50547463)
(0.76800483, 0.86352915, 0.42358518, 0.44698778, 0.89021319, 0.62169611, 0.41186723, 0.44615045, 0.91171724, 0.36768582)
(0.45320153, 0.37592012, 0.77491534, 0.29754746, 0.56454569, 0.20104468, 0.50166965, 0.71535736, 0.47208214, 0.27396351)
(0.86914277, 0.35036850, 0.17479603, 0.64874494, 0.82876962, 0.37163934, 0.43564904, 0.47358334, 0.03565695, 0.70027387)
(0.50790918, 0.50044060, 0.31848752, 0.66330040, 0.72454494, 0.53438962, 0.77380329, 0.33459988, 0.04948850, 0.70913059)
(0.09065461, 0.31894594, 0.62137747, 0.38066769, 0.36272112, 0.71360505, 0.45521203, 0.17679301, 0.26729897, 0.30537575)
(0.84696865, 0.50865668, 0.11555962, 0.40815261, 0.47027341, 0.39715493, 0.84751672, 0.26726165, 0.02106096, 0.28218114)
(0.53358996, 0.47014230, 0.85998195, 0.36171594, 0.73365009, 0.96209520, 0.40637806, 0.88858277, 0.04196796, 0.67514950)
(0.19185458, 0.21092740, 0.11644676, 0.55533248, 0.84697157, 0.55218798, 0.46191728, 0.27273569, 0.87056953, 0.67477214)
(0.44500625, 0.32814828, 0.83502525, 0.49603111, 0.76910484, 0.89002866, 0.84161711, 0.42676511, 0.14091539, 0.65483284)
(0.05781751, 0.56362706, 0.66130596, 0.71257675, 0.73603547, 0.62134147, 0.14706911, 0.26815167, 0.71005380, 0.30028823)
(0.42421722, 0.88608682, 0.07000607, 0.80086291, 0.71917415, 0.79380244, 0.84016585, 0.08670531, 0.60437274, 0.39299998)
(0.45409885, 0.82772166, 0.38599011, 0.80940539, 0.41241133, 0.68567544, 0.91404390, 0.16813156, 0.45814642, 0.07376780)
(0.04870652, 0.22375409, 0.13909265, 0.66694587, 0.56181151, 0.79147911, 0.62665886, 0.53938013, 0.41033757, 0.46848646)
(0.57280332, 0.47288823, 0.35591114, 0.17610066, 0.81368870, 0.18108250, 0.56116021, 0.34760115, 0.56138831, 0.25955775)
(0.22948639, 0.59892142, 0.27610078, 0.23302090, 0.76791662, 0.85617512, 0.50605828, 0.11151505, 0.80092025, 0.47283408)
(0.48685896, 0.61727971, 0.06015487, 0.83289808, 0.28362817, 0.95029169, 0.53606379, 0.71347308, 0.23933449, 0.58654761)
(0.58027804, 0.14562435, 0.51007539, 0.45550454, 0.65721387, 0.18597817, 0.06454532, 0.22740494, 0.40852383, 0.37449223)
(0.85428250, 0.75496137, 0.14550865, 0.93294889, 0.21343681, 0.68116999, 0.82807559, 0.50799441, 0.49891469, 0.31104988)
(0.17003515, 0.50553256, 0.66349959, 0.20490649, 0.36158311, 0.74395126, 0.61423182, 0.19474477, 0.51258785, 0.47215581)
(0.54849964, 0.63226581, 0.13841446, 0.87092090, 0.45584980, 0.86400676, 0.84113085, 0.36947846, 0.60794520, 0.63546747)
(0.11515575, 0.34835204, 0.32279184, 0.54511833, 0.76093471, 0.83336818, 0.37987727, 0.60183960, 0.85779965, 0.92793995)
(0.09049453, 0.86578357, 0.42981529, 0.19383346, 0.30714691, 0.16568588, 0.15913156, 0.66794229, 0.91580671, 0.71128017)
(0.51170599, 0.35409763, 0.47652972, 0.82056677, 0.48641235, 0.74804741, 0.74643153, 0.76601362, 0.04019721, 0.10668331)
(0.36464092, 0.40328112, 0.61479568, 0.63276935, 0.91739613, 0.65309411, 0.38244632, 0.33483264, 0.86996412, 0.45877585)
(0.71686405, 0.27339596, 0.92518997, 0.40807608, 0.29830056, 0.44605151, 0.78031021, 0.43492517, 0.20670991, 0.35611835)
(0.77038407, 0.37579745, 0.51632553, 0.52960926, 0.79857647, 0.32928044, 0.31495327, 0.49175334, 0.52123159, 0.57271999)
(0.48011926, 0.74465609, 0.52814430, 0.30790257, 0.64497447, 0.83175445, 0.05523898, 0.31028360, 0.87977952, 0.18729353)
(0.04923461, 0.35499901, 0.17091081, 0.73199558, 0.91481817, 0.63800186, 0.54647696, 0.48331186, 0.81934506, 0.78048491)
(0.14512023, 0.07710333, 0.33471206, 0.11733419, 0.09543631, 0.54004270, 0.47973719, 0.08539568, 0.23489116, 0.75625682)
(0.36520806, 0.24841969, 0.65893853, 0.43529403, 0.59832299, 0.90794784, 0.22382514, 0.77874827, 0.39045149, 0.72109020)
(0.91316992, 0.18539204, 0.09597918, 0.91489780, 0.48052436, 0.31189930, 0.93725413, 0.17620219, 0.86309284, 0.23057947)
(0.68693089, 0.38691038, 0.73527646, 0.48362672, 0.59322625, 0.71533275, 0.19502242, 0.90157598, 0.14669980, 0.52319115)
(0.58601451, 0.26192027, 0.11591537, 0.56534940, 0.55456841, 0.37786144, 0.90831482, 0.23931617, 0.04159392, 0.80527347)
(0.13011412, 0.50651252, 0.70483887, 0.55266124, 0.57956558, 0.89731896, 0.75799543, 0.19286150, 0.39456102, 0.31585410)
(0.07562890, 0.34802574, 0.61915374, 0.34517741, 0.56449771, 0.77010661, 0.41170606, 0.06921672, 0.66668469, 0.32613817)
(0.85578978, 0.13956520, 0.91267288, 0.60382015, 0.32178059, 0.44238183, 0.32139796, 0.91812181, 0.31748596, 0.33153200)
(0.58973521, 0.92605960, 0.76284832, 0.07930218, 0.09205494, 0.59192890, 0.13627943, 0.41630769, 0.78445965, 0.22216704)
(0.40783620, 0.50753206, 0.20048667, 0.92371625, 0.56327420, 0.85296440, 0.76703346, 0.47514474, 0.79176503, 0.30946028)
(0.77952182, 0.37503207, 0.04961668, 0.85716426, 0.18999656, 0.85394907, 0.58246297, 0.84340042, 0.22751692, 0.24301091)
(0.51599181, 0.06073975, 0.89397174, 0.31295055, 0.60921788, 0.17346628, 0.48861894, 0.96145958, 0.33117178, 0.25022069)
(0.70946407, 0.39287034, 0.90787852, 0.86056650, 0.28397989, 0.36148080, 0.37289441, 0.11377207, 0.33622849, 0.61217546)
(0.85613120, 0.40597740, 0.79236609, 0.35529014, 0.55317301, 0.43372315, 0.80982214, 0.63628775, 0.09484570, 0.20498174)
(0.38223457, 0.49419707, 0.07120869, 0.53927654, 0.01747511, 0.75730097, 0.31610775, 0.64463300, 0.40305772, 0.67096275)
(0.33308187, 0.08134865, 0.68664497, 0.48655301, 0.82791835, 0.74620080, 0.42919588, 0.28943694, 0.72794729, 0.83829957)
(0.07972305, 0.03979575, 0.16549835, 0.87619740, 0.57448894, 0.62974423, 0.79767627, 0.53418291, 0.58654070, 0.29496196)
(0.76874137, 0.45246458, 0.04971787, 0.90778017, 0.12872477, 0.79896367, 0.75727487, 0.44946885, 0.86632675, 0.65581697)
(0.33820784, 0.33822703, 0.80293113, 0.62436414, 0.30900583, 0.26933607, 0.34388173, 0.79397619, 0.34407380, 0.17511113)
(0.63373601, 0.68540126, 0.67571867, 0.32220951, 0.57379997, 0.18063524, 0.04788457, 0.26130390, 0.63255012, 0.17537071)
(0.49302363, 0.91478026, 0.66191703, 0.59815013, 0.23539051, 0.64102310, 0.85664964, 0.71634907, 0.71148485, 0.58373511)
(0.86586040, 0.52903551, 0.34078726, 0.25412437, 0.75839657, 0.43728268, 0.41439590, 0.73498797, 0.05815958, 0.43721664)
(0.79278195, 0.47416893, 0.28691974, 0.79948366, 0.46317804, 0.75167543, 0.82196361, 0.57127804, 0.01739671, 0.07384464)
(0.22129560, 0.29242089, 0.33727184, 0.05579644, 0.80529028, 0.22965288, 0.91400480, 0.12978560, 0.78008533, 0.09255484)
(0.07085951, 0.34799919, 0.72265750, 0.22774470, 0.84569871, 0.06451652, 0.45703292, 0.20436014, 0.71715420, 0.29503527)
(0.60039568, 0.09166404, 0.53816873, 0.28125766, 0.28164181, 0.74287456, 0.54825938, 0.17319718, 0.21657005, 0.31198120)
(0.34029579, 0.05530905, 0.40026087, 0.26136258, 0.62737203, 0.87870222, 0.25185758, 0.42764291, 0.42319635, 0.58437216)
(0.16411245, 0.32963493, 0.16946045, 0.84671158, 0.53108478, 0.78035682, 0.84151942, 0.25755221, 0.68105263, 0.42640311)
(0.06057237, 0.73987687, 0.61188608, 0.45129830, 0.27214900, 0.73217821, 0.26405865, 0.09242897, 0.55374140, 0.67993599)
(0.26461405, 0.60322458, 0.55254650, 0.82354313, 0.88192427, 0.53531021, 0.12106593, 0.45790523, 0.90921336, 0.30649722)
(0.39725739, 0.54236269, 0.59259266, 0.42144990, 0.50713962, 0.72443259, 0.91805565, 0.20743115, 0.03586740, 0.31849533)
(0.85198504, 0.07344344, 0.91707742, 0.42581117, 0.49801609, 0.20765348, 0.53002679, 0.88383883, 0.16643219, 0.44721460)
(0.57345402, 0.07638002, 0.31580102, 0.42192024, 0.63835233, 0.60001296, 0.08282947, 0.42995608, 0.88985556, 0.58223474)
(0.17007431, 0.68415600, 0.64212823, 0.26199982, 0.88810134, 0.36622655, 0.55745727, 0.38270018, 0.80713779, 0.62609541)
(0.71265513, 0.32561541, 0.05960835, 0.57059699, 0.63965964, 0.70812327, 0.50346965, 0.43268272, 0.11187169, 0.52944016)
(0.85800594, 0.18768568, 0.44300061, 0.22537148, 0.40038955, 0.55528015, 0.42502183, 0.34019554, 0.09615614, 0.55847478)
(0.02438592, 0.35794848, 0.84611207, 0.69796145, 0.33979940, 0.64365995, 0.41065133, 0.08628238, 0.61537135, 0.54726648)
(0.43349215, 0.59863913, 0.54574740, 0.41404018, 0.05059388, 0.37260887, 0.71313703, 0.20503531, 0.15074354, 0.85543311)
(0.10485473, 0.21640261, 0.09168782, 0.55585486, 0.58517843, 0.71033442, 0.72889590, 0.44138479, 0.69204694, 0.61915636)
(0.56372774, 0.43774578, 0.29919851, 0.23535369, 0.55707020, 0.84635556, 0.40455478, 0.90706617, 0.06069439, 0.56391269)
(0.67235076, 0.81524146, 0.60939658, 0.18007439, 0.31124863, 0.75608444, 0.34054318, 0.31942299, 0.74616849, 0.35073042)
(0.75302577, 0.29758963, 0.96924341, 0.54002649, 0.44314402, 0.85625529, 0.53204441, 0.49846181, 0.27928695, 0.38751554)
(0.05487255, 0.56981277, 0.78014600, 0.38895330, 0.15802591, 0.62667286, 0.44847336, 0.17321533, 0.31261078, 0.62008274)
(0.15398216, 0.42393830, 0.31745532, 0.11372191, 0.68930072, 0.23397917, 0.56308055, 0.48718792, 0.79488516, 0.37155119)
(0.36926916, 0.29734525, 0.09854467, 0.78654575, 0.79760915, 0.60532087, 0.42563471, 0.31564704, 0.89864302, 0.39934701)
(0.80839312, 0.62073714, 0.74475479, 0.44358623, 0.82752413, 0.22693449, 0.14868015, 0.64968115, 0.61730963, 0.04003982)
(0.85463393, 0.23490137, 0.56461698, 0.46554366, 0.73698020, 0.62616158, 0.41723740, 0.36256367, 0.40544134, 0.81883359)
(0.66979206, 0.86836380, 0.53180838, 0.28196362, 0.72307801, 0.07796730, 0.56855923, 0.66007227, 0.64669609, 0.18712832)
(0.32165763, 0.93656451, 0.26603934, 0.23675716, 0.33351594, 0.17892775, 0.62328249, 0.67009741, 0.94080406, 0.53852677)
(0.11423128, 0.71165156, 0.77597827, 0.62689233, 0.91683543, 0.74766201, 0.36541358, 0.36190349, 0.83799922, 0.23082571)
(0.50524646, 0.14715421, 0.44533169, 0.27290505, 0.43538767, 0.49347904, 0.46625516, 0.79931450, 0.49434084, 0.94692129)
(0.17884998, 0.91961139, 0.71597648, 0.40807465, 0.80693543, 0.36459896, 0.44837728, 0.52720982, 0.94260633, 0.35891655)
(0.36350650, 0.60060877, 0.25949395, 0.72795802, 0.51741087, 0.71352953, 0.93237692, 0.18814257, 0.19321896, 0.33999583)
(0.73086667, 0.31309253, 0.83051550, 0.18659689, 0.23903510, 0.33717403, 0.22470480, 0.96672589, 0.33031085, 0.43970388)
(0.13411814, 0.23817562, 0.64730871, 0.42204133, 0.09447026, 0.60499591, 0.67100263, 0.21635278, 0.29632667, 0.37122473)
(0.90826434, 0.58801740, 0.42351276, 0.58211344, 0.30814508, 0.22593291, 0.86732763, 0.29032713, 0.13400124, 0.05390149)
(0.50459826, 0.12701705, 0.62853616, 0.50705135, 0.70800036, 0.74301773, 0.61379027, 0.72989112, 0.41639772, 0.84450966)
(0.19161530, 0.20791818, 0.28330827, 0.49804479, 0.64136618, 0.44917956, 0.19568065, 0.13666405, 0.36852863, 0.88153791)
(0.91229987, 0.29023603, 0.07681255, 0.83508927, 0.43629259, 0.55546141, 0.41144958, 0.65217710, 0.24977145, 0.37474975)
(0.90264511, 0.71918744, 0.49869990, 0.14690590, 0.42698032, 0.55637473, 0.90089226, 0.43225747, 0.19613661, 0.59774756)
(0.74909407, 0.28007233, 0.06784169, 0.68107259, 0.52530181, 0.87832630, 0.52045029, 0.33367479, 0.58264947, 0.36210474)
(0.23303273, 0.18867299, 0.40037030, 0.16931817, 0.38172075, 0.88395971, 0.65820372, 0.04539790, 0.57355791, 0.33069137)
(0.08627328, 0.67273009, 0.86577648, 0.77936929, 0.63126045, 0.49315459, 0.11280965, 0.13481641, 0.30447170, 0.47323287)
(0.38845786, 0.09584003, 0.25158256, 0.45299849, 0.13107197, 0.63059372, 0.06679981, 0.55642831, 0.60616487, 0.68913168)
(0.51587021, 0.20140909, 0.35463917, 0.29255605, 0.59675479, 0.69040209, 0.61838448, 0.72056866, 0.41982588, 0.97098160)
(0.15618610, 0.81657183, 0.49026829, 0.05766015, 0.70726919, 0.63025451, 0.31514320, 0.42059031, 0.86693251, 0.64982212)
(0.22926582, 0.60875356, 0.69865048, 0.52491617, 0.34114051, 0.27320665, 0.81959653, 0.25181565, 0.49895322, 0.75432211)
(0.44420683, 0.06814860, 0.46072802, 0.31715345, 0.62735361, 0.24227551, 0.12333893, 0.60421127, 0.88204956, 0.90798330)
(0.70157754, 0.50745070, 0.46517342, 0.31092250, 0.51046699, 0.60215044, 0.73299533, 0.78745008, 0.05891009, 0.12029524)
(0.10034552, 0.43480206, 0.57267928, 0.74680483, 0.88849127, 0.53832668, 0.63434446, 0.32516879, 0.72893453, 0.26214492)
(0.63068807, 0.70467067, 0.50442135, 0.34288222, 0.64293814, 0.85556895, 0.41335148, 0.24899291, 0.17977789, 0.51789147)
(0.26335493, 0.39745665, 0.19667965, 0.27648258, 0.53817803, 0.77900982, 0.28975350, 0.88371986, 0.12809555, 0.24368091)
(0.22487073, 0.12972838, 0.82500565, 0.71897006, 0.17531525, 0.67637056, 0.24421144, 0.38349733, 0.15747637, 0.26999116)
(0.38254398, 0.46464172, 0.49228737, 0.28912443, 0.79986209, 0.69909382, 0.25290796, 0.05704497, 0.83767819, 0.14287876)
(0.48703042, 0.36192220, 0.67440003, 0.40285397, 0.11583726, 0.68879527, 0.50773793, 0.29484347, 0.01614091, 0.53241992)
(0.03156032, 0.56163782, 0.84421682, 0.71349674, 0.37386316, 0.56663060, 0.42091635, 0.16439159, 0.43538025, 0.57606256)
(0.24517794, 0.39987165, 0.71365690, 0.28369337, 0.12968048, 0.67286080, 0.73095787, 0.31753266, 0.30959511, 0.37090304)
(0.44293749, 0.66728175, 0.23026644, 0.67611158, 0.40859765, 0.38612071, 0.89308625, 0.16096447, 0.30455670, 0.20561555)
(0.12924558, 0.16644804, 0.40869737, 0.38233915, 0.61444795, 0.72815263, 0.82430160, 0.26900578, 0.31205285, 0.36348855)
(0.09539229, 0.76421034, 0.73987365, 0.37543175, 0.17917429, 0.23675093, 0.79749382, 0.29104245, 0.81588072, 0.79050779)
(0.46942985, 0.21622065, 0.93589818, 0.44147483, 0.06429178, 0.62262815, 0.61370486, 0.17534177, 0.17778224, 0.84461457)
(0.36274806, 0.03965271, 0.64118469, 0.26084185, 0.70474613, 0.21354805, 0.18280017, 0.94755661, 0.22224608, 0.58038354)
(0.10361756, 0.67741972, 0.71568382, 0.43926820, 0.46850875, 0.38124517, 0.79833502, 0.49107763, 0.93077296, 0.34267241)
(0.73135412, 0.30065942, 0.50456530, 0.25895891, 0.69975591, 0.36048788, 0.33633646, 0.96875036, 0.28563341, 0.75829244)
(0.29988009, 0.33674145, 0.61805111, 0.51944119, 0.20448157, 0.67908126, 0.43040863, 0.09336653, 0.26170781, 0.39486229)
(0.49702460, 0.42533353, 0.85002816, 0.43068790, 0.20046744, 0.67320800, 0.90400445, 0.28112480, 0.51512778, 0.32687584)
(0.05350402, 0.18682769, 0.37838995, 0.29129127, 0.26389244, 0.29417518, 0.70864040, 0.05612344, 0.31570730, 0.11384812)
(0.45967263, 0.35642290, 0.22096334, 0.84641457, 0.37216592, 0.93367171, 0.38149688, 0.49285379, 0.08619849, 0.46690211)
(0.19544969, 0.12335602, 0.17818774, 0.76067781, 0.69075423, 0.49121350, 0.91015553, 0.15245594, 0.38763720, 0.51041400)
(0.63523787, 0.52886462, 0.19914068, 0.59366751, 0.55855423, 0.24684957, 0.62748915, 0.21292850, 0.08213777, 0.65077859)
(0.46969047, 0.27316958, 0.10430542, 0.34157601, 0.29272273, 0.92553157, 0.17010811, 0.47297072, 0.70848918, 0.52744365)
(0.50459450, 0.67159599, 0.32282543, 0.69190669, 0.78313369, 0.17286909, 0.04491862, 0.14747226, 0.93358684, 0.19782460)
(0.34233975, 0.64468235, 0.97671741, 0.53034747, 0.22884390, 0.71736771, 0.48322204, 0.10287648, 0.39057255, 0.72402251)
(0.62773478, 0.13830252, 0.05324782, 0.34696370, 0.80849326, 0.03781920, 0.81700778, 0.11359620, 0.30948794, 0.13461269)
(0.16086957, 0.45235246, 0.07679611, 0.89002723, 0.60823506, 0.62400454, 0.76032197, 0.44446719, 0.76773465, 0.44080815)
(0.71542501, 0.85544181, 0.81659144, 0.11321590, 0.55812049, 0.63727629, 0.26564264, 0.74343902, 0.86774313, 0.87133294)
(0.12898998, 0.57627881, 0.38479042, 0.06507889, 0.96102285, 0.08488245, 0.61967504, 0.44478455, 0.55200040, 0.15603106)
(0.10033701, 0.45518598, 0.44943795, 0.13888396, 0.39060876, 0.55647147, 0.47348335, 0.22665116, 0.77892303, 0.43182889)
(0.50459629, 0.08580057, 0.92621058, 0.38580701, 0.90480322, 0.48991209, 0.38249055, 0.34507769, 0.60376740, 0.48989028)
(0.38281816, 0.31551379, 0.96245968, 0.63250113, 0.11285958, 0.46348688, 0.77296454, 0.10515805, 0.40713939, 0.74438840)
(0.92785251, 0.09746683, 0.02757262, 0.62063873, 0.62806505, 0.18481562, 0.68508697, 0.23223254, 0.16766629, 0.56286287)
(0.14043801, 0.24774459, 0.39602897, 0.53869438, 0.42377442, 0.34250101, 0.19204688, 0.03710327, 0.64615285, 0.38196325)
(0.41646942, 0.87364298, 0.55569988, 0.09890641, 0.42789614, 0.76033163, 0.94804257, 0.50544643, 0.87713945, 0.59877217)
(0.08069989, 0.34597173, 0.49538127, 0.62703592, 0.43710801, 0.52496868, 0.12229698, 0.24815378, 0.33570245, 0.48572570)
(0.79691291, 0.33223113, 0.89719778, 0.64190835, 0.66862321, 0.88492543, 0.70410335, 0.49334759, 0.38955188, 0.48432696)
(0.73676312, 0.58358610, 0.47368726, 0.76565444, 0.96108288, 0.41025919, 0.22730763, 0.53322703, 0.82919306, 0.10825996)
(0.26077214, 0.66652620, 0.44909963, 0.15992318, 0.86488485, 0.52527261, 0.49154022, 0.15225145, 0.88922638, 0.07499366)
(0.65172237, 0.93777567, 0.39984897, 0.13604942, 0.47363305, 0.57148546, 0.10423053, 0.49957669, 0.87147689, 0.07179905)
(0.91645253, 0.36715621, 0.56914884, 0.42623577, 0.20746125, 0.36492473, 0.05343418, 0.76658052, 0.14322664, 0.88144046)
(0.65052909, 0.44208366, 0.41077718, 0.52876276, 0.42377478, 0.62725639, 0.05378249, 0.20566429, 0.75713080, 0.44580770)
(0.39761591, 0.52888674, 0.81930703, 0.38039529, 0.64234334, 0.83714616, 0.20351858, 0.27585724, 0.39800763, 0.57609701)
(0.90483004, 0.38813549, 0.10687764, 0.48487449, 0.77126694, 0.57647723, 0.36192426, 0.69003081, 0.07468220, 0.46448311)
(0.39869532, 0.48229256, 0.13542594, 0.56665665, 0.92671722, 0.66514164, 0.12494644, 0.22169305, 0.76829338, 0.40855813)
(0.04706115, 0.90820950, 0.64526731, 0.38234472, 0.50952536, 0.07250493, 0.05499056, 0.62839776, 0.80751354, 0.60430968)
(0.42424861, 0.55839294, 0.48004788, 0.26352915, 0.20827439, 0.60656428, 0.86998981, 0.44168389, 0.54879493, 0.32834956)
(0.25799966, 0.12695509, 0.30715385, 0.43823022, 0.60343534, 0.68564183, 0.12958540, 0.15239355, 0.82470524, 0.44637465)
(0.11483807, 0.06407305, 0.19229798, 0.50518471, 0.77771986, 0.66060418, 0.61088306, 0.15049362, 0.56747973, 0.17464954)
(0.19321389, 0.29241183, 0.31261560, 0.33265448, 0.50916684, 0.89220655, 0.49530441, 0.27929562, 0.14266239, 0.25849938)
(0.18464908, 0.64722914, 0.49517488, 0.28945151, 0.88246369, 0.18597135, 0.31671956, 0.42012772, 0.70061070, 0.10087626)
(0.12847905, 0.27431381, 0.73945081, 0.69161946, 0.44350922, 0.74208111, 0.04140368, 0.16548184, 0.57858390, 0.74842072)
(0.57396275, 0.33037850, 0.55311710, 0.49268833, 0.61228967, 0.39756280, 0.11697219, 0.11359030, 0.69315630, 0.73417920)
(0.54424316, 0.65031803, 0.91783512, 0.80817914, 0.39983571, 0.25844431, 0.29493254, 0.22392671, 0.35658565, 0.24803168)
(0.29518920, 0.45829222, 0.67351133, 0.41496426, 0.15133996, 0.78745306, 0.32132638, 0.06406192, 0.22845551, 0.73602021)
(0.59165561, 0.17367409, 0.88829082, 0.82260334, 0.28763860, 0.29851031, 0.35293692, 0.25116068, 0.44335386, 0.69587964)
(0.32262856, 0.83539844, 0.37025008, 0.40501162, 0.60350698, 0.70005107, 0.81326926, 0.17407124, 0.46450627, 0.11092503)
(0.14042634, 0.46966243, 0.44198132, 0.12897731, 0.11927246, 0.48318470, 0.29181889, 0.70349479, 0.18681434, 0.66583610)
(0.05411069, 0.64837217, 0.88801867, 0.35274366, 0.12580225, 0.61424184, 0.68505144, 0.36534253, 0.64187217, 0.42407963)
(0.39375684, 0.03000851, 0.70302159, 0.31792802, 0.86545581, 0.33903629, 0.35407469, 0.75305623, 0.22106755, 0.67226356)
(0.22300658, 0.75832158, 0.06566547, 0.75487465, 0.43978328, 0.82387453, 0.58164829, 0.39580697, 0.64043778, 0.86494994)
(0.91309416, 0.09954469, 0.95189446, 0.32399070, 0.20964830, 0.63737923, 0.47487348, 0.60931093, 0.47566634, 0.56567729)
(0.19744550, 0.29692021, 0.14613119, 0.45582461, 0.75799906, 0.40721792, 0.81688434, 0.06045579, 0.11916378, 0.68960428)
(0.70798188, 0.24516417, 0.65914339, 0.51155263, 0.80458379, 0.68766433, 0.65629423, 0.61571306, 0.24639554, 0.82057166)
(0.17098294, 0.59809470, 0.82069570, 0.31092957, 0.82970917, 0.55913770, 0.51814586, 0.26041871, 0.89644116, 0.48853123)
(0.05394003, 0.10759778, 0.64141142, 0.22846988, 0.73278427, 0.34985346, 0.29911882, 0.14078283, 0.79142827, 0.55824769)
(0.77850884, 0.33494246, 0.72724593, 0.41850731, 0.41462734, 0.46176577, 0.35730201, 0.26242599, 0.13277739, 0.79816687)
(0.18412580, 0.74909133, 0.78770697, 0.68411088, 0.35031015, 0.20245379, 0.80864656, 0.33248031, 0.65858954, 0.75223774)
(0.23923269, 0.12950352, 0.31109133, 0.63170683, 0.74416029, 0.24265476, 0.74596435, 0.39675972, 0.22712415, 0.46292734)
(0.13365790, 0.19464317, 0.36935890, 0.21543467, 0.39824051, 0.80993551, 0.49562940, 0.10663625, 0.42748776, 0.32697389)
(0.92180908, 0.43467763, 0.09105414, 0.65051389, 0.10348080, 0.88653445, 0.11667978, 0.70671785, 0.54810083, 0.50734496)
(0.61557871, 0.22901152, 0.37635267, 0.56960273, 0.66624761, 0.66244036, 0.62290972, 0.64672041, 0.30777222, 0.95396996)
(0.25182176, 0.62849611, 0.72000998, 0.28452662, 0.90139991, 0.68408340, 0.34871793, 0.50685507, 0.81803006, 0.49545324)
(0.27767491, 0.11934354, 0.86068243, 0.44661751, 0.07421549, 0.14807123, 0.81393462, 0.34352577, 0.60453975, 0.17921329)
(0.47092500, 0.27866980, 0.04470852, 0.48450786, 0.13645621, 0.91434592, 0.59191418, 0.75224733, 0.29098111, 0.45707133)
(0.66077954, 0.86651540, 0.51096582, 0.31659594, 0.84377688, 0.02500387, 0.06153518, 0.37027428, 0.68346852, 0.21615711)
(0.04697511, 0.65755212, 0.59538668, 0.08626702, 0.22247125, 0.59783393, 0.47898149, 0.30154219, 0.70906740, 0.36477968)
(0.52034259, 0.69122076, 0.76328027, 0.75353736, 0.89215481, 0.11202881, 0.22486363, 0.20695859, 0.67810547, 0.75609022)
(0.52143437, 0.80087858, 0.93453544, 0.18814109, 0.21188469, 0.54526991, 0.48083147, 0.29032049, 0.65944648, 0.32190210)
(0.78943151, 0.56782138, 0.14582819, 0.31654450, 0.79236203, 0.04467689, 0.77762628, 0.56995600, 0.85152876, 0.18902045)
(0.73204923, 0.07566779, 0.95091426, 0.57192773, 0.56728196, 0.18849674, 0.04216137, 0.31516278, 0.66737360, 0.44569689)
(0.74580562, 0.81636626, 0.65211195, 0.84507841, 0.17553349, 0.42719215, 0.79484230, 0.70833838, 0.43420583, 0.49350357)
(0.41663486, 0.59943753, 0.48197162, 0.20546125, 0.38964248, 0.38845277, 0.63077784, 0.11361111, 0.72849131, 0.46386153)
(0.85700774, 0.65241098, 0.64594519, 0.17246731, 0.36364204, 0.13489428, 0.38111711, 0.63971806, 0.71017921, 0.87390661)
(0.14768332, 0.54736179, 0.63424891, 0.29317230, 0.22942266, 0.37257183, 0.77640635, 0.36100015, 0.71387237, 0.41512531)
(0.31813931, 0.56919760, 0.48630464, 0.25681779, 0.15662114, 0.70922685, 0.31220573, 0.08862880, 0.16811991, 0.48252791)
(0.55175066, 0.35544446, 0.31687397, 0.73384321, 0.70098448, 0.51994807, 0.08593567, 0.10783893, 0.84746563, 0.32161427)
(0.13944325, 0.87933326, 0.69742900, 0.44374251, 0.30999506, 0.35495093, 0.68166727, 0.36370102, 0.66978902, 0.77707076)
(0.08128955, 0.28122219, 0.11747514, 0.52478880, 0.20852876, 0.80227894, 0.54014367, 0.41932574, 0.56548697, 0.78282666)
(0.21782884, 0.57335752, 0.28133166, 0.47033125, 0.83401030, 0.82396209, 0.78113240, 0.20647478, 0.48441148, 0.92774439)
(0.48113775, 0.18346751, 0.64799833, 0.37403864, 0.17679007, 0.90200680, 0.88397592, 0.61935699, 0.71330410, 0.86390406)
(0.13857868, 0.20964551, 0.59083003, 0.33188727, 0.61837906, 0.52118289, 0.87813377, 0.16682129, 0.47871462, 0.55413049)
(0.55953050, 0.19168025, 0.27191868, 0.95657307, 0.48410431, 0.54843354, 0.92248476, 0.37568122, 0.37099767, 0.23937687)
(0.42057347, 0.18887912, 0.08170535, 0.74762487, 0.51242441, 0.67997354, 0.89425260, 0.24255103, 0.49287719, 0.70534009)
(0.72877091, 0.56407458, 0.22197746, 0.61208385, 0.37735352, 0.94566184, 0.39208943, 0.28335133, 0.43893144, 0.86692840)
(0.10883456, 0.46760994, 0.51733333, 0.18629801, 0.41216457, 0.85027653, 0.57769263, 0.15548174, 0.35001442, 0.51576561)
(0.32247370, 0.58883935, 0.35215673, 0.49373686, 0.62568289, 0.83403343, 0.72473776, 0.07838604, 0.24855103, 0.43923163)
(0.69621789, 0.50298095, 0.39318123, 0.43480945, 0.51089329, 0.52083230, 0.94371277, 0.07756007, 0.18910852, 0.23363183)
(0.81423587, 0.89386058, 0.04342189, 0.95904398, 0.39524034, 0.81195801, 0.77059984, 0.36709952, 0.92273420, 0.63946110)
(0.44306508, 0.15670356, 0.09884284, 0.67900819, 0.48330539, 0.51762873, 0.83043337, 0.68217134, 0.12798508, 0.20802005)
(0.29980665, 0.23493679, 0.46046987, 0.66109741, 0.47394669, 0.64141572, 0.29219222, 0.33613595, 0.52770627, 0.32739452)
(0.37790993, 0.78856671, 0.59789664, 0.48643711, 0.16396423, 0.53494132, 0.80384868, 0.50560343, 0.56489158, 0.52461672)
(0.55672234, 0.85363984, 0.34615973, 0.38246831, 0.93767089, 0.64842743, 0.50273311, 0.27763638, 0.85804635, 0.13863651)
(0.17836857, 0.92079085, 0.59971845, 0.41123390, 0.85810184, 0.07212350, 0.19871430, 0.33404437, 0.76377386, 0.46105236)
(0.34114134, 0.30233753, 0.82197398, 0.55324882, 0.70739162, 0.89343673, 0.79419363, 0.61472839, 0.03703455, 0.50199687)
(0.73255980, 0.17597316, 0.06428707, 0.58250540, 0.80886501, 0.14188880, 0.47691321, 0.40626907, 0.01451655, 0.36104739)
(0.48639527, 0.47453868, 0.31661913, 0.75158185, 0.61818349, 0.18359062, 0.04069123, 0.10681773, 0.74751925, 0.47843602)
(0.57048261, 0.14282480, 0.07940384, 0.54354513, 0.54103041, 0.84451634, 0.83929759, 0.23062074, 0.47868931, 0.54981327)
(0.25653687, 0.79473257, 0.63673162, 0.05808758, 0.41346803, 0.59682411, 0.06768991, 0.22217321, 0.69152671, 0.46707702)
(0.90640342, 0.66547090, 0.81062198, 0.25964031, 0.42026436, 0.57279480, 0.68381149, 0.75647050, 0.05066356, 0.60804474)
(0.70582330, 0.70053631, 0.85546958, 0.77233386, 0.58757293, 0.18928848, 0.09829030, 0.54589844, 0.78875780, 0.27321354)
(0.74701130, 0.14022855, 0.89736283, 0.35273173, 0.13028483, 0.30605441, 0.91339052, 0.30493915, 0.38397738, 0.55656731)
(0.35840115, 0.55108607, 0.40248501, 0.34921429, 0.86362207, 0.53786248, 0.39966854, 0.19468598, 0.89346814, 0.15807277)
(0.53088617, 0.97308546, 0.63770962, 0.35124242, 0.16022959, 0.25298765, 0.33811659, 0.39869651, 0.68133718, 0.71163446)
(0.42514434, 0.51852989, 0.74466324, 0.18470632, 0.73063684, 0.31518167, 0.70819801, 0.15381257, 0.90972757, 0.86965328)
(0.58890134, 0.84281522, 0.58902234, 0.23297171, 0.01986573, 0.44066322, 0.55285043, 0.08781345, 0.59014034, 0.55872995)
(0.44531485, 0.04911620, 0.11107833, 0.76134020, 0.09607179, 0.45655340, 0.83229655, 0.30336308, 0.93154794, 0.47754005)
(0.42439902, 0.15001379, 0.25465146, 0.67661303, 0.82528090, 0.83300066, 0.51582474, 0.28956318, 0.69264489, 0.31552503)
(0.39023566, 0.81196445, 0.40181082, 0.17047405, 0.60797888, 0.36946967, 0.16966178, 0.16015293, 0.96165788, 0.23670453)
(0.42770255, 0.22908045, 0.36603120, 0.38283736, 0.33430356, 0.92632043, 0.23909602, 0.33779976, 0.26805550, 0.38780445)
(0.21555054, 0.13573246, 0.59942961, 0.24031565, 0.61540091, 0.91399854, 0.52148706, 0.50598973, 0.23762038, 0.77129924)
(0.65539402, 0.65638429, 0.94209456, 0.34793314, 0.91774303, 0.24387366, 0.55901480, 0.40819353, 0.88804436, 0.46901155)
(0.72155052, 0.42568395, 0.79749948, 0.53284192, 0.26701373, 0.49846169, 0.95857358, 0.53755087, 0.37739202, 0.44975525)
(0.48070776, 0.50386763, 0.10001066, 0.91848981, 0.42168444, 0.85446149, 0.77949798, 0.59378272, 0.10106321, 0.56408441)
(0.61051160, 0.54237860, 0.34908414, 0.94839662, 0.57299405, 0.47989061, 0.86348331, 0.21411535, 0.37469250, 0.19011222)
(0.54394341, 0.11025786, 0.94183987, 0.10799696, 0.47297564, 0.69918513, 0.78299648, 0.17126192, 0.52763039, 0.47446769)
(0.47254962, 0.79724795, 0.38809428, 0.37827533, 0.44198540, 0.66460162, 0.18120354, 0.09688462, 0.88909596, 0.48158872)
(0.84408253, 0.28392342, 0.91405129, 0.50886559, 0.34865567, 0.70322967, 0.40069702, 0.89665949, 0.31794137, 0.31875587)
(0.12974180, 0.20517574, 0.18566102, 0.80531269, 0.64456868, 0.81741452, 0.84027058, 0.31688327, 0.34434110, 0.38577068)
(0.05020680, 0.28792128, 0.15579653, 0.74168861, 0.84048253, 0.69261932, 0.54305613, 0.59237796, 0.84214556, 0.69789249)
(0.15325214, 0.69032806, 0.10486162, 0.78707004, 0.63057512, 0.95305413, 0.40535459, 0.37265632, 0.19648145, 0.81952518)
(0.82180339, 0.31155890, 0.94454223, 0.75399184, 0.39717424, 0.32916224, 0.36469418, 0.28664023, 0.51818568, 0.62276477)
(0.13190545, 0.90460885, 0.44490260, 0.28846323, 0.62022877, 0.40599278, 0.92774683, 0.35002640, 0.69097632, 0.14767832)
(0.07766873, 0.57688630, 0.47162384, 0.07752120, 0.49361774, 0.78429812, 0.55148715, 0.19471389, 0.85535949, 0.29262254)
(0.95456171, 0.14412691, 0.04148749, 0.49085650, 0.54985416, 0.41965106, 0.49047938, 0.74912614, 0.09892893, 0.29764208)
(0.80432957, 0.50678211, 0.04136875, 0.76646018, 0.12593605, 0.76702464, 0.63033587, 0.30489919, 0.79104543, 0.93872017)
(0.08890484, 0.95567530, 0.44395274, 0.33402482, 0.21509264, 0.48895639, 0.23331475, 0.28428051, 0.54499131, 0.48297438)
(0.52112955, 0.19983242, 0.93310952, 0.58429831, 0.21896583, 0.68933761, 0.08688802, 0.15670146, 0.41469359, 0.19757430)
(0.24822326, 0.26822641, 0.74376202, 0.37450889, 0.62702155, 0.91508430, 0.56668836, 0.60166311, 0.07129063, 0.41746166)
(0.07032403, 0.47571337, 0.43731177, 0.68817008, 0.84570861, 0.75188190, 0.66507095, 0.10924836, 0.42823592, 0.20322946)
(0.21529995, 0.19069505, 0.48721972, 0.43660977, 0.43181592, 0.72314501, 0.85528028, 0.24675936, 0.31931549, 0.30422181)
(0.73227161, 0.57371056, 0.84634411, 0.30032787, 0.62223262, 0.51023751, 0.35700890, 0.41361988, 0.41418225, 0.24863109)
(0.05212402, 0.56130368, 0.58087409, 0.33832404, 0.30136865, 0.18591148, 0.68806249, 0.39265612, 0.83188331, 0.35235730)
(0.26022658, 0.37230638, 0.74827611, 0.58808678, 0.91622931, 0.22918311, 0.20654358, 0.09916811, 0.90318394, 0.71213639)
(0.53279054, 0.90969568, 0.43503898, 0.67080653, 0.74239385, 0.77096993, 0.91015667, 0.24200398, 0.56527144, 0.29325205)
(0.44516352, 0.21454780, 0.74127847, 0.32930741, 0.08059943, 0.71678597, 0.76679707, 0.29333174, 0.18341559, 0.32825986)
(0.50848353, 0.22096008, 0.55884832, 0.45908627, 0.90535039, 0.26220807, 0.32839271, 0.23199685, 0.20248616, 0.58568537)
(0.63723409, 0.81519806, 0.61155051, 0.47493309, 0.31402132, 0.78417248, 0.64726812, 0.15054716, 0.55851841, 0.33185735)
(0.41685110, 0.48029929, 0.55534136, 0.26558459, 0.35997501, 0.25004828, 0.09562393, 0.07741079, 0.59703612, 0.19665456)
(0.87046117, 0.43509135, 0.43506503, 0.06242249, 0.89458930, 0.08768190, 0.32069951, 0.37819812, 0.76859015, 0.22716989)
(0.80651551, 0.12170554, 0.34171736, 0.57752246, 0.73798615, 0.78261459, 0.61680323, 0.52680308, 0.17333978, 0.17616194)
(0.14114049, 0.43920076, 0.34022135, 0.24633750, 0.60856944, 0.78626561, 0.52605367, 0.10513232, 0.41321489, 0.40081295)
(0.25894552, 0.24682766, 0.83384520, 0.40427220, 0.47404996, 0.69085163, 0.11981328, 0.12824342, 0.28171849, 0.28101262)
(0.31450790, 0.38458329, 0.10166855, 0.38719767, 0.51360297, 0.82283306, 0.28059825, 0.82731193, 0.05302668, 0.18503159)
(0.04004366, 0.42199379, 0.11865114, 0.50841326, 0.12263978, 0.71487516, 0.34239540, 0.61007774, 0.53261256, 0.38760853)
(0.63404536, 0.06111794, 0.85075730, 0.19548780, 0.70522422, 0.19265592, 0.58311838, 0.97703576, 0.25889510, 0.43113264)
(0.52361554, 0.09161982, 0.82347566, 0.55498934, 0.81330448, 0.48367229, 0.70183575, 0.71191376, 0.24766399, 0.65620118)
(0.46184129, 0.40094239, 0.59222984, 0.45268032, 0.57629895, 0.09180871, 0.63769430, 0.75686139, 0.73294646, 0.33879218)
(0.70632190, 0.48247269, 0.26178789, 0.69449246, 0.47481242, 0.88101387, 0.90530813, 0.60002077, 0.03019338, 0.65708834)
(0.62865037, 0.81839234, 0.82845783, 0.15626547, 0.70398396, 0.74396044, 0.38994813, 0.27701023, 0.38674366, 0.51306254)
(0.24325117, 0.71664429, 0.79508424, 0.33315563, 0.23014261, 0.31418851, 0.91664803, 0.38075393, 0.80045342, 0.76264894)
(0.52758753, 0.40756062, 0.48417586, 0.48521563, 0.77243280, 0.73569709, 0.80712569, 0.56808871, 0.02348082, 0.85490203)
(0.03851077, 0.69362903, 0.51652396, 0.39485618, 0.40842673, 0.26380417, 0.47628731, 0.15411139, 0.72699416, 0.36545745)
(0.67197466, 0.14953612, 0.75193608, 0.64720494, 0.50355542, 0.37003335, 0.13161129, 0.79366392, 0.43955103, 0.16382025)
(0.22828962, 0.12630661, 0.65974599, 0.65142739, 0.58972126, 0.84444493, 0.52662098, 0.71950239, 0.08736744, 0.20696849)
(0.79490060, 0.28299159, 0.47325748, 0.63662118, 0.58534306, 0.60737652, 0.32397228, 0.72278166, 0.34552342, 0.82104284)
(0.38461384, 0.33170241, 0.13784055, 0.41002998, 0.60121310, 0.65210670, 0.62015206, 0.74916071, 0.10529691, 0.40459269)
(0.07557134, 0.38256267, 0.43995011, 0.57655489, 0.21727449, 0.59469086, 0.29170486, 0.08639086, 0.21249884, 0.59751129)
(0.63734186, 0.38641679, 0.12444194, 0.50276130, 0.45070046, 0.15561301, 0.95477629, 0.05471225, 0.25876713, 0.33256951)
(0.21244164, 0.90571088, 0.22354409, 0.24460417, 0.58066887, 0.67420471, 0.87283856, 0.09008174, 0.53801179, 0.36810207)
(0.47816810, 0.86265880, 0.69484323, 0.68152976, 0.11424793, 0.42433649, 0.82147783, 0.44267723, 0.34794116, 0.80043739)
(0.58127940, 0.28435594, 0.48850700, 0.27986670, 0.71762645, 0.90478617, 0.58101344, 0.63674730, 0.08150697, 0.80332822)
(0.25663653, 0.79346746, 0.67469275, 0.57973015, 0.81615454, 0.07474222, 0.08573245, 0.08365129, 0.46357161, 0.30772993)
(0.19176187, 0.55735779, 0.07023984, 0.79658335, 0.18417524, 0.93055099, 0.62960017, 0.68202329, 0.46905351, 0.59714049)
(0.95043290, 0.41973454, 0.44626513, 0.24805538, 0.15950659, 0.49105015, 0.25007385, 0.12535633, 0.16267647, 0.25567141)
(0.18929352, 0.45595753, 0.62594181, 0.55429024, 0.59513855, 0.38301530, 0.47705176, 0.07021758, 0.65047967, 0.81766129)
(0.67269462, 0.41346997, 0.27041879, 0.16506037, 0.50752527, 0.52730566, 0.84237969, 0.98102677, 0.02306916, 0.60405242)
(0.72855848, 0.34294003, 0.11709802, 0.71635216, 0.21341673, 0.37786174, 0.64480209, 0.13758260, 0.95526803, 0.58118153)
(0.04036596, 0.71081626, 0.76187646, 0.51986444, 0.39362597, 0.06046921, 0.61772722, 0.32597899, 0.75634086, 0.35146123)
(0.70943028, 0.03651822, 0.88675040, 0.33715469, 0.42699978, 0.41854241, 0.25008872, 0.87332433, 0.49126849, 0.28540638)
(0.10465427, 0.74907500, 0.84509736, 0.07852394, 0.17663573, 0.68550164, 0.08008926, 0.62655854, 0.86976784, 0.23082264)
(0.39479125, 0.38318214, 0.30828041, 0.95268470, 0.65515870, 0.58868641, 0.87805223, 0.52441967, 0.78097606, 0.38739604)
(0.85909808, 0.58111858, 0.45702440, 0.47666466, 0.35336176, 0.67318338, 0.88940495, 0.29338378, 0.16517071, 0.91202974)
(0.39212170, 0.44342884, 0.40047565, 0.12968065, 0.31272385, 0.81920338, 0.53912741, 0.24639580, 0.11861285, 0.26299468)
(0.04137694, 0.11844165, 0.23031332, 0.58816773, 0.70473444, 0.73081183, 0.73182803, 0.55843800, 0.49061444, 0.66063172)
(0.40651411, 0.86361790, 0.28568774, 0.90095061, 0.53726166, 0.88735241, 0.88818604, 0.35669497, 0.50278926, 0.55958486)
(0.46317998, 0.35195392, 0.25718716, 0.87917960, 0.14717951, 0.79231042, 0.68247515, 0.78545642, 0.33770546, 0.43110001)
(0.65699625, 0.05102021, 0.70059788, 0.13658388, 0.35000655, 0.37008256, 0.35182747, 0.93872428, 0.48531109, 0.45642790)
(0.58588552, 0.66199219, 0.49789774, 0.16047980, 0.45907578, 0.77576703, 0.48354530, 0.10687516, 0.59703499, 0.28892893)
(0.96976703, 0.67345029, 0.27652788, 0.25426289, 0.53299278, 0.43322411, 0.72061211, 0.66530538, 0.12367684, 0.22127639)
(0.47545147, 0.14454789, 0.94767362, 0.60764182, 0.61296004, 0.32954872, 0.43316466, 0.17882381, 0.41110379, 0.22778863)
(0.19320199, 0.85249603, 0.46909225, 0.26027846, 0.49408588, 0.36204347, 0.15626140, 0.70054579, 0.58066052, 0.17455836)
(0.73825437, 0.36517188, 0.89232308, 0.70312274, 0.50470138, 0.67078149, 0.40004140, 0.55870408, 0.39682937, 0.59464061)
(0.82291305, 0.67031068, 0.79401952, 0.32096618, 0.76894957, 0.59883976, 0.78096235, 0.66692269, 0.02946546, 0.75123560)
(0.34237024, 0.45107114, 0.54794127, 0.17172548, 0.30750066, 0.78037322, 0.73546553, 0.23741399, 0.36484474, 0.63238943)
(0.12983553, 0.34750095, 0.88344288, 0.58535397, 0.58241439, 0.85988349, 0.16212586, 0.34675577, 0.39635074, 0.49533468)
(0.74426639, 0.32155481, 0.82075334, 0.36620623, 0.83596486, 0.34219304, 0.63661110, 0.29538170, 0.29438385, 0.40243745)
(0.32924250, 0.14042279, 0.69593245, 0.26074052, 0.13428788, 0.46944603, 0.17420056, 0.14251244, 0.09450441, 0.94379258)
(0.92045611, 0.80235195, 0.56810611, 0.27255666, 0.47887629, 0.33045861, 0.79486430, 0.70900160, 0.45960945, 0.13127807)
(0.48686731, 0.62522674, 0.52196562, 0.03195684, 0.94272292, 0.11785372, 0.59918600, 0.70949763, 0.92717314, 0.59663248)
(0.07529562, 0.33734053, 0.66064763, 0.51507866, 0.86272001, 0.70402658, 0.42833605, 0.30992478, 0.57891697, 0.39143118)
(0.19468196, 0.68070638, 0.82289779, 0.47540072, 0.15393490, 0.02992010, 0.67279190, 0.34034401, 0.80276901, 0.62988806)
(0.23068705, 0.43745476, 0.20481336, 0.79743409, 0.75304377, 0.43435392, 0.90929025, 0.21694462, 0.26255849, 0.86097443)
(0.73753357, 0.40296066, 0.81012166, 0.78869438, 0.57804310, 0.08468492, 0.13606423, 0.11043621, 0.51585406, 0.74936181)
(0.84888160, 0.33729735, 0.35450685, 0.83395249, 0.53760582, 0.40484971, 0.93322921, 0.12172723, 0.21831429, 0.09329084)
(0.68266881, 0.89300549, 0.94600290, 0.13156623, 0.13610396, 0.89865476, 0.82522464, 0.52391839, 0.65413707, 0.43225649)
(0.35360298, 0.07353186, 0.48065084, 0.56289947, 0.15255035, 0.63136423, 0.03408518, 0.10091793, 0.57446343, 0.37983832)
(0.32403520, 0.19103202, 0.27792785, 0.25338310, 0.20497732, 0.50813633, 0.63311785, 0.04127356, 0.47390381, 0.37891087)
(0.66752207, 0.85775822, 0.39719039, 0.11502241, 0.43083251, 0.75480080, 0.73304474, 0.12528671, 0.74610275, 0.22398143)
(0.53034025, 0.12360910, 0.29770118, 0.84924424, 0.14023490, 0.49886990, 0.75203609, 0.69463885, 0.60889006, 0.39990589)
(0.17712706, 0.70781285, 0.62040043, 0.39475283, 0.17929047, 0.67724520, 0.09685863, 0.03492156, 0.39472184, 0.42095387)
(0.46203253, 0.78994948, 0.82312292, 0.57540005, 0.64024693, 0.42343530, 0.02802843, 0.72773099, 0.92281103, 0.24057741)
(0.82523459, 0.72464865, 0.82868981, 0.15442280, 0.29080072, 0.83159995, 0.79270709, 0.47879747, 0.61777157, 0.46257362)
(0.64351094, 0.84105164, 0.50875187, 0.41186753, 0.27588111, 0.61416912, 0.56053340, 0.46915942, 0.48041824, 0.22964896)
(0.72752643, 0.47999865, 0.72238475, 0.20222916, 0.78175819, 0.25325757, 0.12321997, 0.60060346, 0.51721525, 0.15421267)
(0.49850732, 0.76005363, 0.32033080, 0.79573077, 0.41830382, 0.78934491, 0.89222693, 0.17884712, 0.20203936, 0.15879920)
(0.63883227, 0.10681109, 0.84350199, 0.53307682, 0.62220722, 0.51749665, 0.29671869, 0.83790016, 0.45965213, 0.12466370)
(0.29402596, 0.75775975, 0.41168788, 0.30538476, 0.84031415, 0.74186587, 0.16765408, 0.24298815, 0.82053399, 0.43384275)
(0.82921201, 0.49951267, 0.20193839, 0.88277513, 0.43891984, 0.84487098, 0.86719525, 0.34665674, 0.24420080, 0.22215211)
(0.66794193, 0.69282961, 0.58410192, 0.32160878, 0.15057440, 0.91146600, 0.35064968, 0.09706785, 0.12655416, 0.90680009)
(0.26912844, 0.07785226, 0.91251868, 0.63668245, 0.30009463, 0.89298326, 0.42189640, 0.60052991, 0.39753029, 0.59190524)
(0.12613170, 0.48460358, 0.47735679, 0.36953744, 0.62283051, 0.09528621, 0.57644224, 0.27652952, 0.82769746, 0.10327569)
(0.78377521, 0.14771809, 0.75393128, 0.29333025, 0.28444943, 0.47168875, 0.19535333, 0.82001638, 0.44649488, 0.90597957)
(0.63054872, 0.47093600, 0.78451294, 0.69347548, 0.10331123, 0.27496469, 0.05085996, 0.20978279, 0.67676663, 0.42609933)
(0.65968764, 0.88577628, 0.33966589, 0.29797849, 0.02430077, 0.34106588, 0.32249150, 0.02321926, 0.38151225, 0.75554574)
(0.60152167, 0.26593864, 0.61298311, 0.40852180, 0.19080302, 0.54404444, 0.26522338, 0.08329498, 0.11551471, 0.71150386)
(0.38673532, 0.57084787, 0.20698033, 0.84814221, 0.38186017, 0.82490230, 0.86391336, 0.18585953, 0.17816453, 0.14561118)
(0.32549265, 0.15206267, 0.96301568, 0.09289707, 0.40882707, 0.13509998, 0.43268564, 0.24580681, 0.27067366, 0.20585674)
(0.77343953, 0.11064965, 0.02911080, 0.83507472, 0.60294908, 0.26383042, 0.73511851, 0.62643433, 0.15619868, 0.60444593)
(0.66555572, 0.65868276, 0.83798862, 0.51503980, 0.83945465, 0.77116144, 0.64624393, 0.34519252, 0.72119379, 0.77513695)
(0.14372939, 0.66361886, 0.66188294, 0.21933384, 0.80577970, 0.48744020, 0.61348677, 0.14992450, 0.71921760, 0.58486390)
(0.35582468, 0.34563065, 0.09703299, 0.65045244, 0.57035530, 0.68453598, 0.83022290, 0.10299332, 0.33500358, 0.43861800)
(0.04128884, 0.49955136, 0.92361909, 0.61014384, 0.46400976, 0.72519213, 0.51221234, 0.19768398, 0.78361166, 0.40222660)
(0.94941795, 0.83670342, 0.48963210, 0.58645737, 0.05510598, 0.42892289, 0.80108368, 0.49558413, 0.36415982, 0.79724836)
(0.47412616, 0.67734987, 0.26458257, 0.79141110, 0.61876619, 0.74567205, 0.72371453, 0.13986559, 0.18857658, 0.33213976)
(0.52665788, 0.07332888, 0.20237027, 0.48095354, 0.29163644, 0.42964530, 0.01824577, 0.19717799, 0.84740096, 0.79967755)
(0.63561243, 0.17419802, 0.76712686, 0.81814742, 0.14091212, 0.21759462, 0.05649846, 0.73867279, 0.37337053, 0.16644187)
(0.06236499, 0.39057031, 0.72446442, 0.30580902, 0.84257078, 0.15480457, 0.41059396, 0.10801920, 0.59094924, 0.45665708)
(0.47876751, 0.53642452, 0.67244220, 0.23956166, 0.64569986, 0.92944032, 0.19170277, 0.22236077, 0.18496963, 0.86696136)
(0.86595964, 0.38212943, 0.82343864, 0.62272042, 0.81374788, 0.34457013, 0.52562720, 0.54243332, 0.20078117, 0.69054794)
(0.54290557, 0.02347337, 0.95831549, 0.25292099, 0.64809579, 0.37135145, 0.21219267, 0.21905890, 0.45472294, 0.34409213)
(0.53836077, 0.53839219, 0.32433096, 0.38819236, 0.61681211, 0.66977710, 0.70843375, 0.19511898, 0.09312362, 0.22679818)
(0.13758267, 0.92419749, 0.73236078, 0.13167776, 0.27793229, 0.82520586, 0.47352538, 0.32805675, 0.56160170, 0.51163757)
(0.72355002, 0.36884516, 0.28709951, 0.51515013, 0.54685491, 0.77293724, 0.24092585, 0.35108832, 0.59912610, 0.50957322)
(0.27298123, 0.18210654, 0.70225126, 0.48866796, 0.43305966, 0.10706346, 0.09832834, 0.92110246, 0.21877009, 0.56672931)
(0.07373194, 0.68163180, 0.79043692, 0.47711429, 0.06193005, 0.49372622, 0.68529516, 0.32945383, 0.51360017, 0.45507497)
(0.67294770, 0.49959299, 0.46727568, 0.40902257, 0.58445406, 0.64407462, 0.39321354, 0.32224464, 0.22197412, 0.48517579)
(0.64820355, 0.33432892, 0.45668280, 0.95535856, 0.61105382, 0.58216423, 0.82960916, 0.50963891, 0.51816761, 0.31253609)
(0.47933769, 0.35337138, 0.25270626, 0.18436760, 0.42711261, 0.51116127, 0.60794950, 0.12911882, 0.06560504, 0.27293888)
(0.10526417, 0.81567526, 0.44003195, 0.15200710, 0.84114838, 0.40172797, 0.71213472, 0.44230574, 0.77484202, 0.28041685)
(0.90347916, 0.53671265, 0.43465790, 0.73599184, 0.44174469, 0.12816772, 0.90587187, 0.58556098, 0.19103153, 0.22372280)
(0.12470544, 0.73312020, 0.59083581, 0.12814723, 0.37921911, 0.69941068, 0.12382870, 0.24437003, 0.58710319, 0.32610282)
(0.83490509, 0.13840590, 0.50605363, 0.84705830, 0.62691849, 0.33719018, 0.82764000, 0.54047406, 0.11062822, 0.09484752)
(0.56041950, 0.49744594, 0.67282480, 0.48218670, 0.71485293, 0.81272537, 0.84878540, 0.75352126, 0.00760095, 0.47429398)
(0.35753959, 0.93799001, 0.52200902, 0.04829935, 0.68481946, 0.65411055, 0.60740411, 0.43235269, 0.78748977, 0.59268409)
(0.22751553, 0.03680082, 0.07285336, 0.07181819, 0.22604582, 0.50271803, 0.37997407, 0.83742243, 0.73980075, 0.76802272)
(0.55139792, 0.57838702, 0.33283511, 0.57458019, 0.79416180, 0.52511996, 0.72387308, 0.18549627, 0.39255631, 0.75316155)
(0.13620967, 0.53198028, 0.23155631, 0.46006897, 0.39925429, 0.80932778, 0.29654342, 0.03587256, 0.66860139, 0.63269156)
(0.27642319, 0.44415209, 0.28524020, 0.25821844, 0.51284945, 0.55562544, 0.83873248, 0.19659142, 0.31315026, 0.48637438)
(0.16374189, 0.85469055, 0.47463086, 0.05103714, 0.43276095, 0.58212376, 0.47455478, 0.51519263, 0.90514618, 0.37073785)
(0.09969848, 0.24787742, 0.15214232, 0.83414811, 0.88292140, 0.42091590, 0.77910817, 0.26476824, 0.74947685, 0.25956061)
(0.54702926, 0.39195859, 0.29184306, 0.83214974, 0.42400301, 0.72910178, 0.80779046, 0.24095502, 0.11371899, 0.07258996)
(0.53556085, 0.23468088, 0.42235053, 0.27182809, 0.37601537, 0.84566808, 0.53931761, 0.93093628, 0.25921118, 0.81793952)
(0.08706163, 0.33395013, 0.80210370, 0.25367454, 0.76300597, 0.26673725, 0.79252785, 0.28280404, 0.76496673, 0.67283845)
(0.13736661, 0.73686439, 0.81728655, 0.18480183, 0.21372490, 0.57661724, 0.42894834, 0.11070148, 0.74328190, 0.74890214)
(0.44953659, 0.35085163, 0.34379303, 0.20608394, 0.61917478, 0.91652632, 0.69376731, 0.54613286, 0.01701499, 0.53025442)
(0.50153375, 0.05235632, 0.43040314, 0.49511227, 0.79548025, 0.25355884, 0.40590194, 0.65334421, 0.41237178, 0.77592415)
(0.61715084, 0.50355726, 0.48901349, 0.24713674, 0.26819462, 0.61944604, 0.71953571, 0.54484391, 0.10684159, 0.39837152)
(0.69601291, 0.17821816, 0.73717231, 0.71509480, 0.79415900, 0.45134792, 0.61043072, 0.56153631, 0.47196639, 0.94066912)
(0.31367666, 0.16270202, 0.45952839, 0.18424930, 0.45750618, 0.90202707, 0.27494681, 0.66309673, 0.28001681, 0.90962803)
(0.32969105, 0.25482082, 0.15151389, 0.36657658, 0.57053733, 0.95546860, 0.23195121, 0.31316632, 0.51511121, 0.61580592)
(0.65821379, 0.58664304, 0.23876581, 0.83034158, 0.42279845, 0.90298033, 0.55066001, 0.49357703, 0.22338995, 0.54968268)
(0.05453573, 0.53503156, 0.42668727, 0.03371735, 0.37765691, 0.41745546, 0.50249356, 0.47006553, 0.90318656, 0.18612401)
(0.69527984, 0.17663062, 0.41110703, 0.17360967, 0.23273130, 0.76837927, 0.63157821, 0.08968044, 0.42851028, 0.49433717)
(0.36376587, 0.29205400, 0.28385949, 0.57659906, 0.62769908, 0.82399178, 0.74349099, 0.24047521, 0.18348701, 0.19456586)
(0.21859765, 0.78587556, 0.44845715, 0.09051236, 0.87820125, 0.31678382, 0.33618066, 0.53689015, 0.89978141, 0.35696578)
(0.56002599, 0.90799451, 0.37453330, 0.23042573, 0.54925245, 0.64731681, 0.92720711, 0.30127025, 0.30348247, 0.73099858)
(0.79892743, 0.13738310, 0.34111321, 0.23291342, 0.61529624, 0.78374207, 0.50177336, 0.22641985, 0.09895422, 0.06638364)
(0.62852436, 0.49131823, 0.42625785, 0.11462906, 0.51958495, 0.44340599, 0.93445146, 0.31688944, 0.35558155, 0.61959422)
(0.33670753, 0.15981752, 0.25975299, 0.83472574, 0.15244871, 0.87862712, 0.61470997, 0.52924144, 0.83881557, 0.34059894)
(0.21203032, 0.82818550, 0.51574928, 0.23956160, 0.33656526, 0.57390630, 0.05087073, 0.16700213, 0.52766722, 0.18977036)
(0.33714190, 0.52634037, 0.59098887, 0.13304737, 0.41002771, 0.07371588, 0.15920211, 0.59180862, 0.85894597, 0.77141762)
(0.29405168, 0.79957533, 0.79541010, 0.60418957, 0.82524121, 0.55396169, 0.28064591, 0.29392311, 0.87712395, 0.84388369)
(0.45458540, 0.44522992, 0.23037361, 0.73962677, 0.07735147, 0.77561712, 0.38587219, 0.52556825, 0.39311707, 0.32374653)
(0.77314574, 0.26436120, 0.79636449, 0.39858973, 0.46781439, 0.21406220, 0.67032653, 0.62889457, 0.16975923, 0.24718784)
(0.68525648, 0.17231649, 0.18561718, 0.64685816, 0.45541471, 0.75681108, 0.39888889, 0.77453339, 0.28482616, 0.16543001)
(0.18737055, 0.10217079, 0.47750255, 0.34935242, 0.62624538, 0.63346499, 0.56971371, 0.34460020, 0.30219391, 0.36945781)
(0.54013979, 0.61559278, 0.34154111, 0.45686111, 0.62911505, 0.93177682, 0.24039014, 0.28083074, 0.38640472, 0.57877564)
(0.29038328, 0.81285787, 0.68813562, 0.62788731, 0.87638938, 0.37991995, 0.46041852, 0.64584607, 0.94527888, 0.37576753)
(0.55562532, 0.35427150, 0.77131534, 0.68768704, 0.62392777, 0.44681183, 0.27700502, 0.43328279, 0.33963251, 0.53856027)
(0.40043202, 0.75849330, 0.55871934, 0.16154169, 0.96922517, 0.17324233, 0.62519318, 0.56758535, 0.80148643, 0.10696656)
(0.20367078, 0.86539626, 0.80843425, 0.15268217, 0.79514635, 0.66502458, 0.31516132, 0.40070176, 0.88789082, 0.51842022)
(0.27431846, 0.39118326, 0.42096871, 0.46823689, 0.59154469, 0.89764112, 0.22423442, 0.33144909, 0.66573644, 0.30806622)
(0.20560735, 0.16139856, 0.59630316, 0.56592089, 0.69790655, 0.54252547, 0.52912426, 0.21538933, 0.45929712, 0.17977643)
(0.04378959, 0.48112795, 0.70255989, 0.31325641, 0.42621419, 0.29502633, 0.36946544, 0.08623730, 0.75734997, 0.26403290)
(0.74458092, 0.17288688, 0.19473973, 0.18377428, 0.57782191, 0.67610109, 0.57213402, 0.18066840, 0.06067699, 0.38452870)
(0.56816244, 0.47716704, 0.87374783, 0.82080007, 0.43180028, 0.53734392, 0.38067648, 0.38659877, 0.37893271, 0.81985605)
(0.18636708, 0.66326308, 0.48486581, 0.44395998, 0.37796509, 0.77615178, 0.20590852, 0.05754633, 0.37527722, 0.19513570)
(0.62548906, 0.77700698, 0.71447408, 0.68016130, 0.49914721, 0.16661008, 0.01714191, 0.36325833, 0.91810381, 0.35353911)
(0.79792643, 0.40583748, 0.26569349, 0.89512068, 0.51090938, 0.36105213, 0.79276949, 0.33427519, 0.07146350, 0.23259465)
(0.14635226, 0.55169207, 0.44420278, 0.27320817, 0.57451093, 0.60173512, 0.70290321, 0.24788076, 0.85896027, 0.29488257)
(0.88417542, 0.56330210, 0.14843668, 0.58115047, 0.46984899, 0.84451354, 0.58357728, 0.34860623, 0.20570870, 0.90919799)
(0.77044535, 0.67063624, 0.34708706, 0.06577298, 0.69122571, 0.33506361, 0.20561977, 0.56985086, 0.86424810, 0.38003412)
(0.27092853, 0.49506971, 0.10561818, 0.91418695, 0.64643884, 0.57720625, 0.85546082, 0.46249992, 0.93224269, 0.59273696)
(0.41391775, 0.26040745, 0.76558143, 0.06295993, 0.11614171, 0.27773005, 0.68485397, 0.38050339, 0.63122499, 0.32115620)
(0.17707376, 0.34865770, 0.15303747, 0.76401770, 0.45032281, 0.87006867, 0.55168194, 0.48215890, 0.53792554, 0.30531651)
(0.91444868, 0.56761903, 0.59441334, 0.54872656, 0.39094973, 0.88654250, 0.23627651, 0.28925687, 0.35899317, 0.85947901)
(0.34117857, 0.11042547, 0.67902321, 0.31984925, 0.37995312, 0.25578696, 0.15068014, 0.91385734, 0.34809259, 0.21759892)
(0.74935901, 0.36056003, 0.81854516, 0.06387614, 0.17424700, 0.45386475, 0.15653035, 0.95097959, 0.26237035, 0.49066639)
(0.74825263, 0.09918159, 0.25174558, 0.52840906, 0.43895817, 0.85927993, 0.41387105, 0.41496512, 0.25260985, 0.13187677)
(0.72099513, 0.90599209, 0.14202464, 0.19228959, 0.50334287, 0.38900629, 0.94299519, 0.20274886, 0.55646354, 0.29723346)
(0.51892865, 0.13573097, 0.07774738, 0.87589359, 0.71151686, 0.05619381, 0.65744728, 0.52700841, 0.97027314, 0.13501164)
(0.64688951, 0.26037449, 0.73236996, 0.23155089, 0.27992707, 0.91086733, 0.56177235, 0.58989584, 0.12794402, 0.93372804)
(0.87786227, 0.27218845, 0.15672171, 0.88274568, 0.50713289, 0.36000594, 0.93543875, 0.18827680, 0.72286236, 0.46241269)
(0.76348829, 0.38798755, 0.11255878, 0.46194214, 0.57483876, 0.91658670, 0.80240464, 0.39059976, 0.06258164, 0.52897024)
(0.65301031, 0.09326839, 0.09842114, 0.40295106, 0.56274933, 0.84626859, 0.36874565, 0.36534333, 0.44980252, 0.57159913)
(0.66453159, 0.71946436, 0.91772431, 0.20547530, 0.54673666, 0.76971728, 0.68409145, 0.44055340, 0.31354740, 0.54332662)
(0.15867279, 0.44934866, 0.41285369, 0.11202282, 0.44385344, 0.45459086, 0.10601312, 0.52301604, 0.18516664, 0.67916191)
(0.61500239, 0.71896356, 0.68276912, 0.47682530, 0.02636498, 0.08029225, 0.77952296, 0.32899287, 0.19253975, 0.88919801)
(0.04353148, 0.33671084, 0.57613206, 0.22242227, 0.16692334, 0.47602376, 0.65465575, 0.13119026, 0.54269069, 0.21950996)
(0.62208736, 0.57933664, 0.49561653, 0.63643795, 0.82832116, 0.29428750, 0.07136098, 0.19744141, 0.91045350, 0.17470817)
(0.38415626, 0.47674605, 0.33473080, 0.04322588, 0.81432539, 0.30550563, 0.72349918, 0.28068948, 0.93410599, 0.46084380)
(0.88909882, 0.60409397, 0.92100728, 0.68274134, 0.57084250, 0.59556895, 0.44576001, 0.29878911, 0.30293047, 0.66839844)
(0.81231308, 0.26178825, 0.88087499, 0.60629427, 0.27827072, 0.53573096, 0.24729890, 0.50059468, 0.22475486, 0.17213829)
(0.35711789, 0.14232482, 0.69710487, 0.39035642, 0.60266125, 0.17431912, 0.61053056, 0.80573255, 0.11804606, 0.27381197)
(0.71596402, 0.24845929, 0.34128910, 0.25878891, 0.75127715, 0.83244336, 0.61362731, 0.07671968, 0.71509469, 0.48459345)
(0.56422830, 0.18853618, 0.32795262, 0.91537011, 0.48659569, 0.43388978, 0.76335955, 0.39818409, 0.21571141, 0.18336956)
(0.24021389, 0.53604650, 0.78477120, 0.23588116, 0.76160705, 0.36417657, 0.76983291, 0.47460225, 0.78018874, 0.19573671)
(0.08281085, 0.64086640, 0.46045208, 0.28103581, 0.68391776, 0.81983042, 0.34530848, 0.13141441, 0.64736462, 0.20774359)
(0.07276370, 0.22736189, 0.16715571, 0.78935808, 0.31049359, 0.70310175, 0.65128624, 0.72197092, 0.65207601, 0.46807307)
(0.65328181, 0.44149610, 0.04680840, 0.33038983, 0.03720360, 0.59945697, 0.15747251, 0.79969913, 0.16032410, 0.44098291)
(0.58680737, 0.76730680, 0.31760818, 0.93118668, 0.69595110, 0.53975159, 0.88224262, 0.45742983, 0.79869819, 0.20213622)
(0.35603687, 0.48218417, 0.91125220, 0.33707330, 0.74287313, 0.59370947, 0.26188648, 0.24389495, 0.80304861, 0.85745889)
(0.48341832, 0.61472547, 0.07670707, 0.91380745, 0.41578677, 0.83992803, 0.81048149, 0.40144384, 0.48092106, 0.52264816)
(0.66105062, 0.51577449, 0.25653011, 0.63496786, 0.73436880, 0.47362697, 0.35763103, 0.28580615, 0.53454411, 0.32066149)
(0.31519622, 0.76391208, 0.14134911, 0.58990699, 0.72460908, 0.56965846, 0.88873869, 0.05598562, 0.33996236, 0.65143353)
(0.87059891, 0.54377341, 0.48176646, 0.38119030, 0.44464818, 0.27683347, 0.87958938, 0.60523397, 0.08874551, 0.18108007)
(0.08962732, 0.94508535, 0.36137569, 0.06236647, 0.52309227, 0.37079653, 0.22753027, 0.70468032, 0.82051247, 0.16504294)
(0.08838080, 0.87024444, 0.74078512, 0.24988906, 0.81927490, 0.76096302, 0.51215613, 0.57710797, 0.86592138, 0.23720445)
(0.03390009, 0.61906981, 0.94933558, 0.61608911, 0.36515194, 0.51202154, 0.28498060, 0.07771048, 0.67818624, 0.72530437)
(0.86491996, 0.44232497, 0.58416289, 0.16134390, 0.81916595, 0.57841539, 0.65230274, 0.23628865, 0.04789979, 0.55972719)
(0.88474005, 0.74418831, 0.47196990, 0.06900372, 0.68245006, 0.31137130, 0.47158581, 0.68518150, 0.77269822, 0.72842664)
(0.10657222, 0.12186293, 0.15757121, 0.83886415, 0.73854375, 0.78631926, 0.65493315, 0.26515460, 0.56696892, 0.24664453)
(0.53550255, 0.07748061, 0.43249288, 0.19650385, 0.21745454, 0.18069868, 0.24070783, 0.06458797, 0.09264045, 0.45548078)
(0.77075517, 0.18684907, 0.40320864, 0.55286264, 0.84509259, 0.39259687, 0.62749255, 0.63620913, 0.05812764, 0.82714432)
(0.71954077, 0.32084787, 0.04900532, 0.31008917, 0.03153480, 0.57649308, 0.23018755, 0.57328570, 0.30315050, 0.92557973)
(0.89231461, 0.33511424, 0.40613297, 0.36902791, 0.52952534, 0.81969702, 0.44393253, 0.54260838, 0.12748215, 0.12312328)
(0.29593527, 0.10344502, 0.30195177, 0.73458326, 0.91380805, 0.51636195, 0.70177734, 0.12910928, 0.57900137, 0.16434786)
(0.46774849, 0.56481045, 0.09936167, 0.77784139, 0.54352599, 0.50176233, 0.90864658, 0.09321528, 0.59694976, 0.35191333)
(0.73138618, 0.75066972, 0.50346011, 0.11420432, 0.50280321, 0.44419178, 0.85886693, 0.32450685, 0.22546722, 0.89157099)
(0.78858089, 0.44246891, 0.62700665, 0.18976465, 0.59891188, 0.30617815, 0.42819762, 0.97429526, 0.26105738, 0.69151717)
(0.22323436, 0.85394591, 0.48304135, 0.15798850, 0.66164106, 0.85726535, 0.22400722, 0.31987503, 0.75620741, 0.14371809)
(0.84079260, 0.74169362, 0.65850759, 0.68706626, 0.60377908, 0.10406563, 0.01924510, 0.34413844, 0.72528958, 0.37834460)
(0.09477162, 0.51138127, 0.77537572, 0.35733902, 0.34231985, 0.80690509, 0.58726442, 0.16063823, 0.50992763, 0.52645159)
(0.28969520, 0.45659658, 0.36315048, 0.52788740, 0.68015587, 0.93685174, 0.21797942, 0.49047703, 0.30803791, 0.82753420)
(0.37626964, 0.69079930, 0.66832876, 0.54717052, 0.95903748, 0.45701724, 0.35812664, 0.43010005, 0.78988391, 0.35442612)
(0.57869726, 0.18297139, 0.11352991, 0.71109360, 0.39477611, 0.75785446, 0.71318531, 0.90711308, 0.09830029, 0.35305452)
(0.35077789, 0.35721621, 0.71523148, 0.29157931, 0.52186453, 0.73028320, 0.87249911, 0.38787526, 0.20406632, 0.74558085)
(0.55274493, 0.45361334, 0.50088131, 0.14135826, 0.94057906, 0.15395492, 0.29669195, 0.44495469, 0.92908561, 0.21944089)
(0.95586097, 0.30010223, 0.10557029, 0.50568420, 0.57142454, 0.51237321, 0.44782338, 0.64596641, 0.11827148, 0.82511944)
(0.78140968, 0.43397075, 0.50434953, 0.41638809, 0.36063048, 0.84670007, 0.35839790, 0.36684570, 0.04690019, 0.23896568)
(0.22763155, 0.18091047, 0.17691395, 0.51167285, 0.37626180, 0.85180682, 0.44228145, 0.11151365, 0.53790456, 0.33835948)
(0.56374520, 0.88871741, 0.69344896, 0.70712453, 0.82834035, 0.09720095, 0.06486277, 0.38069555, 0.65686631, 0.06923281)
(0.84465122, 0.24606587, 0.06522771, 0.37008500, 0.73228657, 0.34611762, 0.51778889, 0.68537408, 0.07361301, 0.14088057)
(0.06134979, 0.41414770, 0.52730614, 0.33493170, 0.25575003, 0.55986834, 0.58912295, 0.20089141, 0.51753676, 0.23897673)
(0.26559609, 0.39297310, 0.58536077, 0.73002160, 0.62401694, 0.23243426, 0.07759117, 0.18847392, 0.50747883, 0.91344208)
(0.79613054, 0.51163745, 0.91823697, 0.66288698, 0.57299596, 0.20221905, 0.50541705, 0.34114435, 0.28139430, 0.62665820)
(0.05629406, 0.27905965, 0.60250920, 0.29956743, 0.45953321, 0.73089898, 0.65152687, 0.12299839, 0.56013030, 0.22733697)
(0.31295216, 0.76827055, 0.88574696, 0.62546057, 0.53227055, 0.13680841, 0.64736122, 0.24431995, 0.56288117, 0.71397543)
(0.23367696, 0.05035171, 0.12739426, 0.63663274, 0.79864573, 0.20816270, 0.52175111, 0.41456261, 0.39604601, 0.76098400)
(0.62796885, 0.46806154, 0.89734048, 0.27912059, 0.01483058, 0.18832444, 0.51431149, 0.42825896, 0.05536537, 0.52593762)
(0.43588787, 0.27291891, 0.41704494, 0.93926400, 0.49741367, 0.62775493, 0.92334348, 0.26147524, 0.23246020, 0.18433747)
(0.36185917, 0.86505145, 0.50043571, 0.17283447, 0.61689031, 0.62279421, 0.59668148, 0.15760127, 0.90337187, 0.64675713)
(0.16679883, 0.56378073, 0.69430667, 0.34250242, 0.14725897, 0.60827363, 0.50421876, 0.09751112, 0.21290307, 0.24063626)
(0.58544165, 0.32858649, 0.27090549, 0.87472844, 0.49090257, 0.78841454, 0.78813887, 0.50721848, 0.07273707, 0.24068862)
(0.08519930, 0.30099377, 0.81244135, 0.48815599, 0.68778861, 0.93224543, 0.35797584, 0.39836130, 0.57186037, 0.60913801)
(0.92286950, 0.35160968, 0.03070612, 0.49073717, 0.23115812, 0.82248390, 0.51300406, 0.71471447, 0.36430266, 0.87096077)
(0.52487725, 0.17700703, 0.72247636, 0.49752042, 0.19296178, 0.56342012, 0.85190821, 0.35830590, 0.23435441, 0.32863122)
(0.64260107, 0.08209968, 0.29773802, 0.34293196, 0.88155168, 0.35437441, 0.13934177, 0.28087103, 0.43507698, 0.60895658)
(0.73780471, 0.47566310, 0.34537044, 0.42963889, 0.55877042, 0.62115014, 0.57226288, 0.86834216, 0.03761470, 0.19028538)
(0.25321868, 0.32677263, 0.50811160, 0.26275760, 0.38419673, 0.37576634, 0.26842067, 0.05094022, 0.26900983, 0.84999400)
(0.53926861, 0.50869006, 0.10022236, 0.79262537, 0.27386171, 0.85727465, 0.78433084, 0.51458132, 0.57864761, 0.94715583)
(0.42033598, 0.04583069, 0.12025771, 0.29275647, 0.42332673, 0.16288623, 0.77463353, 0.13116723, 0.06555028, 0.07232236)
(0.93274617, 0.82485604, 0.65620691, 0.22802159, 0.42202908, 0.71509099, 0.65779662, 0.48485780, 0.08925424, 0.65635490)
(0.72777486, 0.39002335, 0.87593293, 0.47274262, 0.52710968, 0.79222405, 0.88255626, 0.90169388, 0.05333374, 0.16041607)
(0.81698847, 0.71313369, 0.34048504, 0.36352876, 0.43773833, 0.90150738, 0.57279271, 0.09482255, 0.08332969, 0.21088862)
(0.61368722, 0.35041475, 0.56000781, 0.18109301, 0.32240683, 0.85738724, 0.49770850, 0.25209001, 0.07430715, 0.75981426)
(0.77444285, 0.93850237, 0.29977709, 0.80179715, 0.53306353, 0.78194505, 0.91380548, 0.23878460, 0.58893877, 0.14763439)
(0.23327583, 0.33781275, 0.87368304, 0.61482221, 0.80112135, 0.86928457, 0.39413401, 0.38255012, 0.90236259, 0.80405796)
(0.74782342, 0.53396219, 0.70760518, 0.04057458, 0.12843409, 0.36324334, 0.16971898, 0.94206816, 0.13299516, 0.72277302)
(0.80213374, 0.66523331, 0.80893004, 0.32836410, 0.62268853, 0.21936530, 0.05635903, 0.47175723, 0.59464413, 0.06292846)
(0.51067996, 0.29772666, 0.10471915, 0.75606143, 0.54212528, 0.48350987, 0.48433077, 0.61246240, 0.35760969, 0.63780731)
(0.43716395, 0.93897748, 0.30275327, 0.15706438, 0.77414715, 0.39381120, 0.59090757, 0.58828455, 0.80757821, 0.71776450)
(0.87131673, 0.23068745, 0.38269731, 0.47924060, 0.20146148, 0.53584653, 0.50254828, 0.10243719, 0.16813193, 0.20079723)
(0.15433386, 0.93012935, 0.20484333, 0.23551619, 0.31659487, 0.59934658, 0.27113888, 0.88036561, 0.78116024, 0.54390049)
(0.60980839, 0.31918237, 0.44246167, 0.92067975, 0.56752306, 0.61165231, 0.76733601, 0.52265167, 0.20040709, 0.16686958)
(0.71379447, 0.11567167, 0.94238943, 0.29116321, 0.25830340, 0.45005924, 0.74378341, 0.20557067, 0.26591370, 0.55693454)
(0.21607384, 0.07310888, 0.22564267, 0.50871271, 0.86892527, 0.50685471, 0.59339678, 0.09808245, 0.45886582, 0.26443881)
(0.45017898, 0.14221668, 0.76499015, 0.63428140, 0.37912482, 0.24351124, 0.14089839, 0.54479527, 0.34701720, 0.34823459)
(0.49338925, 0.61461139, 0.54109263, 0.06225288, 0.47653919, 0.71802789, 0.82777840, 0.59558308, 0.09511659, 0.53847337)
(0.91807610, 0.14930032, 0.92100650, 0.23156478, 0.60182530, 0.39461184, 0.73036361, 0.58778906, 0.18056294, 0.70462078)
(0.22968590, 0.12895776, 0.52885634, 0.21586449, 0.57579297, 0.21915041, 0.67950857, 0.09095567, 0.29138848, 0.32790866)
(0.11387952, 0.92448175, 0.47204778, 0.16807474, 0.74185514, 0.53987348, 0.10435720, 0.33448151, 0.70675761, 0.37407225)
(0.86268497, 0.45918527, 0.55613434, 0.26529136, 0.44101527, 0.51689798, 0.59408385, 0.75658607, 0.04058213, 0.84530991)
(0.54659671, 0.69165957, 0.50576323, 0.51666677, 0.17132792, 0.09515113, 0.52504009, 0.28214565, 0.38915053, 0.78962338)
(0.31617680, 0.56810325, 0.49046499, 0.55685884, 0.53299779, 0.74779612, 0.86793423, 0.18787706, 0.22512087, 0.30902469)
(0.71327811, 0.27989876, 0.28362370, 0.31754225, 0.72883695, 0.77766472, 0.71836811, 0.31403992, 0.20823184, 0.90230221)
(0.05469556, 0.25564587, 0.15476081, 0.81140244, 0.86912388, 0.56536281, 0.67712718, 0.27155221, 0.68453586, 0.63007289)
(0.06927656, 0.53539336, 0.18023372, 0.79518026, 0.48526049, 0.93007070, 0.52627534, 0.32178807, 0.25385556, 0.42308888)
(0.48654127, 0.21433428, 0.68876517, 0.85452449, 0.54079020, 0.30743462, 0.08660732, 0.29348871, 0.59573281, 0.80473536)
(0.40263328, 0.17050985, 0.29928273, 0.40840521, 0.86282474, 0.40822303, 0.29193431, 0.89430195, 0.16075303, 0.62774724)
(0.65372771, 0.11603621, 0.85001403, 0.57202750, 0.47821066, 0.18656306, 0.51308107, 0.95971030, 0.44666731, 0.27395833)
(0.84314609, 0.56946951, 0.90002012, 0.62364578, 0.62298518, 0.09403412, 0.03123266, 0.39491636, 0.62909144, 0.29372001)
(0.74354869, 0.30340731, 0.32933146, 0.95118231, 0.51290208, 0.51166803, 0.83561301, 0.44835955, 0.31340182, 0.18590267)
(0.34705499, 0.26822919, 0.45865428, 0.89669013, 0.68040371, 0.38026950, 0.87062705, 0.19350262, 0.33184978, 0.30806208)
(0.53213918, 0.27620801, 0.84810996, 0.38315496, 0.57861924, 0.18511048, 0.16310260, 0.48845506, 0.33094662, 0.25101256)
(0.78103375, 0.29753390, 0.69619542, 0.49333712, 0.53416616, 0.62302655, 0.30958733, 0.93609411, 0.38920027, 0.73131990)
(0.21851279, 0.39071903, 0.14373307, 0.58831829, 0.64393377, 0.44075009, 0.49537343, 0.41007504, 0.89991558, 0.97882503)
(0.80270100, 0.02154954, 0.02893618, 0.75261515, 0.30734152, 0.28844026, 0.85495245, 0.43467957, 0.42640436, 0.38114995)
(0.11912990, 0.35776404, 0.32614017, 0.43387455, 0.13234916, 0.53044647, 0.08551830, 0.47911710, 0.76025784, 0.90958565)
(0.75672168, 0.77435660, 0.77138603, 0.14325008, 0.44447327, 0.55008727, 0.95511097, 0.58740091, 0.74317390, 0.84130430)
(0.16923983, 0.34465778, 0.58224851, 0.11310482, 0.34502804, 0.24178542, 0.67121702, 0.24236760, 0.82436389, 0.21944864)
(0.25420886, 0.10991977, 0.83815104, 0.84450650, 0.52883440, 0.79128993, 0.30426699, 0.54769701, 0.62687856, 0.37662250)
(0.49949953, 0.61905164, 0.51647347, 0.42420647, 0.19863982, 0.78563643, 0.02460743, 0.10722408, 0.04270438, 0.71739900)
(0.84205109, 0.36162624, 0.09950586, 0.55968767, 0.59825581, 0.62614423, 0.32722244, 0.83604628, 0.16180536, 0.80414861)
(0.59232914, 0.70173979, 0.88150889, 0.89866650, 0.85207063, 0.17366667, 0.04816145, 0.29231426, 0.75026125, 0.29975295)
(0.13933998, 0.28764188, 0.40508902, 0.80638832, 0.34832895, 0.43053493, 0.04768691, 0.24695061, 0.66534823, 0.23897618)
(0.41303754, 0.40741563, 0.32366642, 0.80574656, 0.55428386, 0.34760511, 0.07144560, 0.43983707, 0.69645399, 0.16786397)
(0.55647624, 0.72221464, 0.88441628, 0.08371487, 0.32633460, 0.80744499, 0.81742930, 0.34781736, 0.60095596, 0.58489746)
(0.65447158, 0.10992262, 0.69646424, 0.66945177, 0.42470235, 0.26120529, 0.25634387, 0.85087341, 0.42617488, 0.21319984)
(0.71019137, 0.49483481, 0.02609761, 0.38804904, 0.28061423, 0.55236703, 0.22518176, 0.92303878, 0.15575275, 0.18657680)
(0.09317821, 0.17490768, 0.11284366, 0.79506510, 0.51143026, 0.72301161, 0.77009600, 0.29242173, 0.27125537, 0.45372611)
(0.40549389, 0.23536320, 0.38389727, 0.42384559, 0.95893258, 0.51155925, 0.43863314, 0.14497790, 0.84474105, 0.06062559)
(0.52889663, 0.53847820, 0.84514129, 0.78519523, 0.11090007, 0.61565328, 0.82438272, 0.57989287, 0.09342442, 0.48622051)
(0.32925132, 0.44074655, 0.04390833, 0.39807492, 0.29174832, 0.90233213, 0.66390771, 0.82484990, 0.25145665, 0.77265292)
(0.31394395, 0.39478129, 0.29058236, 0.36388123, 0.69536430, 0.66815025, 0.64896095, 0.13208781, 0.15029518, 0.65031236)
(0.14596784, 0.23739347, 0.14000513, 0.85200018, 0.14795856, 0.49698266, 0.70722866, 0.41881013, 0.94531721, 0.52722526)
(0.37058762, 0.08595213, 0.08710723, 0.61819118, 0.57950401, 0.85659647, 0.57556224, 0.47649091, 0.51620567, 0.32897368)
(0.92837220, 0.45217872, 0.95022851, 0.24146308, 0.37724689, 0.56120092, 0.51124150, 0.58119875, 0.14583889, 0.59315234)
(0.30338764, 0.32706910, 0.28146401, 0.25918949, 0.70727617, 0.76413339, 0.37828195, 0.04855159, 0.80587876, 0.22003266)
(0.67985624, 0.20156403, 0.01957785, 0.66140985, 0.37330008, 0.58940274, 0.86470795, 0.53356475, 0.34012535, 0.80784357)
(0.04977127, 0.88087296, 0.22807546, 0.40627545, 0.16667236, 0.16577317, 0.30846822, 0.75340033, 0.82530338, 0.38511771)
(0.49659690, 0.38196117, 0.39009655, 0.87058109, 0.27530256, 0.13572349, 0.01464570, 0.27613127, 0.79416311, 0.26924419)
(0.15244029, 0.31090170, 0.59457016, 0.27258363, 0.79727614, 0.42719635, 0.25128064, 0.04471109, 0.77353066, 0.38690805)
(0.43887916, 0.56569272, 0.70439911, 0.45813522, 0.63140178, 0.73614460, 0.59376514, 0.85041291, 0.03596394, 0.28798801)
(0.73453325, 0.27431425, 0.43220794, 0.94017458, 0.56215650, 0.51920044, 0.78224254, 0.44751832, 0.17376658, 0.16157869)
(0.27572232, 0.14211763, 0.27607051, 0.48763895, 0.70811999, 0.75748193, 0.62828571, 0.41915578, 0.13978857, 0.63395464)
(0.25549281, 0.78731853, 0.51919645, 0.24285764, 0.07303174, 0.60179293, 0.63990080, 0.34905365, 0.56276608, 0.73094040)
(0.65721071, 0.62260485, 0.82431728, 0.42418620, 0.87680525, 0.41629189, 0.39574420, 0.25033063, 0.67030674, 0.71149242)
(0.84175164, 0.89541531, 0.62907887, 0.23654181, 0.49021110, 0.27030027, 0.29110599, 0.40423498, 0.94439071, 0.79985797)
(0.19320124, 0.11962830, 0.21923243, 0.45509413, 0.59470904, 0.67405027, 0.26796150, 0.77945119, 0.78409314, 0.68363059)
(0.72320449, 0.36538851, 0.12803282, 0.80802131, 0.37693441, 0.72035778, 0.88736498, 0.77141142, 0.18791027, 0.88443118)
(0.50585866, 0.66470718, 0.63550341, 0.36742353, 0.66309583, 0.91879112, 0.54899478, 0.27557865, 0.59338331, 0.36101291)
(0.55051851, 0.39522856, 0.08123843, 0.49353811, 0.66212159, 0.70172930, 0.86611170, 0.08348808, 0.73150414, 0.79953974)
(0.31156942, 0.37442401, 0.11245007, 0.39629951, 0.37513310, 0.90599799, 0.60329860, 0.67750770, 0.27309814, 0.93227112)
(0.66440159, 0.26261914, 0.88931745, 0.69402528, 0.33474731, 0.15647571, 0.55252284, 0.57859194, 0.04486227, 0.51774096)
(0.14369407, 0.15587662, 0.43928674, 0.60604250, 0.85105360, 0.39271769, 0.84541839, 0.24781871, 0.26601246, 0.82172441)
(0.10787962, 0.30185655, 0.52544260, 0.24235247, 0.63193941, 0.50243479, 0.90036887, 0.26923856, 0.60742921, 0.28914136)
(0.61302179, 0.44277552, 0.41007981, 0.37488392, 0.32670653, 0.47734994, 0.24250486, 0.73370147, 0.31517139, 0.50269455)
(0.20002370, 0.20937730, 0.14027603, 0.90188277, 0.55026811, 0.58526337, 0.88553375, 0.20993017, 0.59420270, 0.19043271)
(0.66781265, 0.41948035, 0.91422939, 0.43116871, 0.80470908, 0.23730539, 0.29680520, 0.48745647, 0.54928124, 0.25149745)
(0.58713698, 0.51599997, 0.50822109, 0.87116426, 0.45027539, 0.85716057, 0.85817242, 0.36324066, 0.07520577, 0.08820506)
(0.79678172, 0.78325260, 0.26775971, 0.07900392, 0.66971910, 0.27579531, 0.78161317, 0.45810840, 0.71051806, 0.25409830)
(0.92495281, 0.55898756, 0.09625820, 0.66150641, 0.45665619, 0.77761793, 0.82542086, 0.34023255, 0.02918365, 0.14403810)
(0.43503538, 0.29086307, 0.53102136, 0.57721162, 0.37668681, 0.60272616, 0.06139123, 0.17953281, 0.33038142, 0.40772930)
(0.35683721, 0.44920370, 0.50094998, 0.40076244, 0.15079664, 0.77183908, 0.31559464, 0.32674655, 0.15564238, 0.28491196)
(0.27087015, 0.41691929, 0.59084523, 0.17330408, 0.48005694, 0.81174099, 0.68828201, 0.19082169, 0.39137208, 0.46243027)
(0.43159482, 0.26279080, 0.58061594, 0.80441225, 0.30957818, 0.18699978, 0.19486196, 0.15417577, 0.58577073, 0.12033148)
(0.83913165, 0.56963730, 0.32960397, 0.18820710, 0.12673147, 0.70645976, 0.34285438, 0.33487147, 0.01614476, 0.24820054)
(0.48388070, 0.47842258, 0.07698353, 0.78953403, 0.21065763, 0.34726214, 0.68456012, 0.31785738, 0.85883516, 0.92291480)
(0.23282638, 0.71444213, 0.40879020, 0.20335731, 0.65800631, 0.82750398, 0.56148994, 0.18576576, 0.79806691, 0.18417896)
(0.18678959, 0.43634850, 0.63627011, 0.33878687, 0.75332522, 0.53905118, 0.66206259, 0.13757968, 0.81552851, 0.66104847)
(0.52284646, 0.69757009, 0.47600880, 0.85450709, 0.59590036, 0.37502524, 0.93463820, 0.22083597, 0.51589686, 0.14330581)
(0.82324427, 0.86234325, 0.32918575, 0.13792768, 0.30827102, 0.73778170, 0.86968207, 0.53807694, 0.28529984, 0.27745572)
(0.05581315, 0.44065535, 0.16133323, 0.51572073, 0.58262604, 0.54377604, 0.82659388, 0.09670684, 0.41273066, 0.24462974)
(0.46341291, 0.14839165, 0.63549781, 0.41902888, 0.73459435, 0.71390319, 0.79745436, 0.88509804, 0.11363450, 0.64748824)
(0.43489948, 0.19383857, 0.10655546, 0.74841392, 0.78267467, 0.56018239, 0.77385211, 0.18213218, 0.57488245, 0.24692383)
(0.55375969, 0.57633001, 0.87700516, 0.87688446, 0.36086211, 0.31434137, 0.22309710, 0.15523461, 0.15281491, 0.55063045)
(0.36324194, 0.67469698, 0.59874952, 0.41106266, 0.47295052, 0.72654635, 0.83704364, 0.49383149, 0.29818928, 0.60962403)
(0.14158823, 0.13300896, 0.11591368, 0.37435186, 0.51145816, 0.88601029, 0.55393124, 0.33602315, 0.28709158, 0.62897336)
(0.89550287, 0.17723812, 0.86702204, 0.41124660, 0.34099200, 0.60159898, 0.47640869, 0.56053042, 0.28915921, 0.91810793)
(0.43754283, 0.61897343, 0.91574001, 0.28108671, 0.64703935, 0.14021035, 0.19456775, 0.65250319, 0.72441202, 0.17416982)
(0.43864286, 0.62303489, 0.21471292, 0.44917196, 0.81117183, 0.73671663, 0.44640732, 0.22192457, 0.67200351, 0.36852837)
(0.19789463, 0.24279851, 0.77205080, 0.37637633, 0.61082369, 0.75353867, 0.71669853, 0.12458733, 0.87395591, 0.68467957)
(0.13562368, 0.63841313, 0.47922909, 0.29232219, 0.65102142, 0.89098567, 0.40633512, 0.16849172, 0.52614063, 0.52423829)
(0.11486164, 0.63372970, 0.77352571, 0.27919933, 0.08070674, 0.73603129, 0.71679425, 0.26197910, 0.55081373, 0.54680002)
(0.35417113, 0.67215097, 0.55912083, 0.49495101, 0.68352216, 0.48111948, 0.27345660, 0.25775281, 0.78245807, 0.45222962)
(0.06429317, 0.34883133, 0.24260063, 0.42731440, 0.38006887, 0.90809798, 0.55171812, 0.61981219, 0.16357031, 0.66915590)
(0.60348225, 0.16299966, 0.07300897, 0.42127687, 0.87622678, 0.15226567, 0.34100822, 0.87298161, 0.08699790, 0.71496886)
(0.59172356, 0.39321980, 0.26934797, 0.38764474, 0.68472803, 0.80096346, 0.60667777, 0.79133183, 0.16584677, 0.72254473)
(0.23743701, 0.13289218, 0.06168040, 0.24959517, 0.45721784, 0.75907820, 0.66832870, 0.07562342, 0.25898725, 0.42611629)
(0.78635353, 0.08501015, 0.01836900, 0.84112495, 0.65784419, 0.16501187, 0.45816174, 0.67963588, 0.15884858, 0.38725322)
(0.67043239, 0.74572361, 0.53448528, 0.20033592, 0.91904014, 0.31824154, 0.45144960, 0.23404577, 0.83632171, 0.15728393)
(0.79475284, 0.56062847, 0.68546575, 0.60556442, 0.31439278, 0.61028498, 0.87757546, 0.39329815, 0.18009159, 0.93736273)
(0.38131136, 0.35320744, 0.47367901, 0.46606934, 0.31506506, 0.64818835, 0.23885977, 0.37399915, 0.71843153, 0.97101903)
(0.59865779, 0.45955086, 0.52786785, 0.14754607, 0.58236039, 0.78350359, 0.32815132, 0.23032700, 0.09445608, 0.13557144)
(0.86178583, 0.37281296, 0.91603762, 0.42992303, 0.68666214, 0.08135588, 0.13017192, 0.53531897, 0.78195363, 0.36731333)
(0.89551580, 0.45516124, 0.10265825, 0.44398728, 0.10344048, 0.61354274, 0.12299378, 0.67937517, 0.24843869, 0.39061373)
(0.29265979, 0.43396813, 0.72869509, 0.49482992, 0.04255794, 0.26680759, 0.69249392, 0.16144422, 0.28843567, 0.76745474)
(0.17071040, 0.18753542, 0.84071380, 0.52407229, 0.45203072, 0.75575793, 0.79792851, 0.23414552, 0.45456874, 0.38308632)
(0.32714006, 0.45783946, 0.25801691, 0.16283455, 0.62098533, 0.63612497, 0.88448620, 0.08568797, 0.73944241, 0.47111332)
(0.06098353, 0.10293380, 0.37911326, 0.33289638, 0.77163744, 0.57969272, 0.69935399, 0.15648554, 0.48147589, 0.30565518)
(0.33327919, 0.69388211, 0.91190326, 0.31027010, 0.88601536, 0.07099823, 0.31765673, 0.55153471, 0.70797908, 0.07745019)
(0.13240236, 0.68124890, 0.78426349, 0.75675654, 0.78518051, 0.20259875, 0.13103944, 0.07529267, 0.54890579, 0.73474985)
(0.19467536, 0.78322387, 0.38635331, 0.17167048, 0.46552011, 0.85664320, 0.67639959, 0.16469359, 0.47355703, 0.31836435)
(0.13913740, 0.18955448, 0.62841147, 0.61609811, 0.58563256, 0.64243555, 0.29925579, 0.12303264, 0.81138426, 0.50872618)
(0.34842139, 0.83566427, 0.59001446, 0.20157996, 0.20757233, 0.82273674, 0.66772753, 0.45897284, 0.31185099, 0.51652926)
(0.61567354, 0.42869440, 0.34407794, 0.67482728, 0.50412327, 0.27318826, 0.94695556, 0.19514555, 0.12559108, 0.64155865)
(0.58289748, 0.28458539, 0.71185577, 0.62544852, 0.64758533, 0.41210726, 0.24505855, 0.54007477, 0.39999649, 0.67873579)
(0.60980403, 0.47332364, 0.04230537, 0.93049079, 0.35053524, 0.62298661, 0.67295581, 0.43882078, 0.90376651, 0.74355531)
(0.52740157, 0.26969683, 0.10636507, 0.81068748, 0.04162286, 0.76508963, 0.78730029, 0.65493780, 0.75861228, 0.42650244)
(0.17076118, 0.49186066, 0.54624420, 0.28812468, 0.65889364, 0.76867563, 0.51436013, 0.24084987, 0.32215866, 0.49976003)
(0.46249589, 0.74793667, 0.78970617, 0.56601113, 0.25719056, 0.45265785, 0.52434856, 0.56951284, 0.83660847, 0.52954233)
(0.50763142, 0.29780066, 0.09456151, 0.81253678, 0.47555426, 0.51921540, 0.69912547, 0.39441830, 0.16516484, 0.33373877)
(0.78498876, 0.28413406, 0.55105066, 0.46857747, 0.81552911, 0.35970461, 0.04656269, 0.41346946, 0.74874192, 0.20212957)
(0.39895162, 0.76586437, 0.57328266, 0.12868208, 0.65591478, 0.33310235, 0.57689840, 0.50890446, 0.90021551, 0.67701286)
(0.57354796, 0.88826013, 0.30272976, 0.87827665, 0.47374776, 0.80506676, 0.73980713, 0.65271997, 0.92455953, 0.13342302)
(0.81144172, 0.62558657, 0.58051711, 0.64183855, 0.34887716, 0.34412837, 0.14044987, 0.18875907, 0.06683908, 0.65102279)
(0.09724302, 0.86910081, 0.47496313, 0.33728868, 0.31624660, 0.20606193, 0.52215683, 0.65018773, 0.77693504, 0.68747038)
(0.41192460, 0.57368910, 0.62186849, 0.31024566, 0.55724192, 0.80516016, 0.87613732, 0.21750394, 0.34020171, 0.71542352)
(0.75301200, 0.47190022, 0.07944319, 0.28983918, 0.47625631, 0.74185413, 0.21950214, 0.93373770, 0.18150461, 0.19416775)
(0.75244761, 0.52421612, 0.78441715, 0.23523857, 0.11101267, 0.37568769, 0.76295489, 0.55546337, 0.44122937, 0.47354707)
(0.61755693, 0.58717054, 0.84813732, 0.24479489, 0.54806656, 0.15203840, 0.05221409, 0.59984064, 0.52666110, 0.25375596)
(0.81602228, 0.59801471, 0.45040637, 0.12656105, 0.31721264, 0.83775574, 0.82797009, 0.08442193, 0.57327515, 0.35361812)
(0.34511846, 0.23257931, 0.32857186, 0.26115593, 0.70250875, 0.71175253, 0.86504430, 0.82266396, 0.18938504, 0.91145223)
(0.31804875, 0.26616365, 0.30469680, 0.55952460, 0.74524933, 0.86129248, 0.49942315, 0.20686358, 0.56892657, 0.21051711)
(0.47301340, 0.59874713, 0.57233840, 0.05851141, 0.91183299, 0.24010989, 0.42706487, 0.69530344, 0.76708728, 0.22516093)
(0.80759132, 0.72414613, 0.48234019, 0.37959427, 0.27915519, 0.57178038, 0.73366958, 0.56437910, 0.14152503, 0.41666690)
(0.31471914, 0.71795213, 0.85559434, 0.81858289, 0.42133915, 0.25844967, 0.11015057, 0.29387873, 0.66971588, 0.14049853)
(0.62175113, 0.80280381, 0.25014108, 0.51747143, 0.22810641, 0.90326649, 0.12506534, 0.06050312, 0.60590154, 0.18439367)
(0.93291736, 0.26259750, 0.68525332, 0.45379418, 0.63932115, 0.47695005, 0.69124877, 0.42640302, 0.36030620, 0.92935508)
(0.40914926, 0.09548374, 0.70307118, 0.31342661, 0.56487268, 0.40845957, 0.27474299, 0.94575268, 0.51850355, 0.15992738)
(0.29381177, 0.33419374, 0.19729671, 0.33696643, 0.50622511, 0.70081055, 0.54308379, 0.81702799, 0.13170373, 0.38903618)
(0.66159481, 0.58948606, 0.77095920, 0.68748283, 0.96188295, 0.30632398, 0.28922766, 0.45012081, 0.87006623, 0.57061851)
(0.16754773, 0.44874364, 0.61236399, 0.66219205, 0.73456699, 0.64379090, 0.29039958, 0.21720503, 0.84333122, 0.61206841)
(0.48059914, 0.80992049, 0.09870484, 0.90958405, 0.53782362, 0.88715476, 0.83316141, 0.36206090, 0.78504020, 0.67638355)
(0.57548398, 0.28128949, 0.50241733, 0.30564913, 0.28818002, 0.96997625, 0.44309625, 0.46839878, 0.19722128, 0.77343637)
(0.07006146, 0.57724887, 0.60987520, 0.25622895, 0.24616390, 0.44797152, 0.07183729, 0.11204728, 0.54492217, 0.35867348)
(0.28609821, 0.59195393, 0.05529198, 0.55960619, 0.87025023, 0.67332196, 0.46878561, 0.21338364, 0.76830053, 0.75550735)
(0.19074436, 0.39325970, 0.21392442, 0.39348400, 0.81920975, 0.60390913, 0.71838564, 0.12013913, 0.54537380, 0.57826442)
(0.28772971, 0.75830066, 0.48349974, 0.58007318, 0.75220138, 0.88369089, 0.74345118, 0.25010899, 0.18367659, 0.59122229)
(0.22766086, 0.43470642, 0.41203439, 0.07077110, 0.87402821, 0.04855759, 0.93164706, 0.17999884, 0.40926117, 0.60552585)
(0.20346974, 0.04548646, 0.59799355, 0.18314341, 0.88822758, 0.11998927, 0.27987677, 0.94576120, 0.03649219, 0.58744007)
(0.17862089, 0.37241119, 0.43389359, 0.49292096, 0.92303872, 0.36871853, 0.29207465, 0.47349575, 0.65352696, 0.56102276)
(0.10587177, 0.25561816, 0.65606916, 0.62035191, 0.63757437, 0.79254383, 0.64684123, 0.28367472, 0.42687863, 0.32126150)
(0.36279309, 0.29493201, 0.14446698, 0.78549385, 0.40126199, 0.52969927, 0.91324568, 0.20668833, 0.20495303, 0.20958275)
(0.76375192, 0.46116334, 0.42306691, 0.53136635, 0.83319783, 0.37704802, 0.74066454, 0.27635166, 0.24441488, 0.60431021)
(0.63414037, 0.61820084, 0.49526557, 0.36558661, 0.74267364, 0.80306512, 0.67729592, 0.31566033, 0.05699900, 0.53162801)
(0.20461756, 0.78473598, 0.68154770, 0.03269726, 0.38219041, 0.73008913, 0.23130523, 0.52174062, 0.70768559, 0.36155349)
(0.10900173, 0.62037468, 0.50776482, 0.17868401, 0.80810744, 0.63063240, 0.52909875, 0.38765609, 0.68002266, 0.40611172)
(0.29456162, 0.87852156, 0.73417753, 0.53589725, 0.18663116, 0.73735487, 0.75210696, 0.34654886, 0.58148515, 0.69629925)
(0.14490519, 0.89554238, 0.83670127, 0.79729199, 0.85279286, 0.36395186, 0.06766769, 0.29199034, 0.74852830, 0.64638978)
(0.86724162, 0.51625836, 0.15695073, 0.73124021, 0.70951641, 0.88465625, 0.60441589, 0.70598638, 0.10207053, 0.34391114)
(0.33872488, 0.71241689, 0.85738742, 0.46936482, 0.44124803, 0.58216745, 0.47396895, 0.20980625, 0.45270777, 0.63310868)
(0.13234675, 0.40438661, 0.60476524, 0.37325776, 0.53393477, 0.83783543, 0.34519005, 0.15766397, 0.58509982, 0.71391004)
(0.90760773, 0.59157383, 0.87738073, 0.39620876, 0.20031938, 0.12629129, 0.11225817, 0.23460071, 0.44735202, 0.66898608)
(0.49079326, 0.23468269, 0.52957779, 0.27363750, 0.12452158, 0.72821504, 0.23415707, 0.05364264, 0.32066885, 0.73303735)
(0.87367201, 0.23764199, 0.06308385, 0.82581973, 0.17365195, 0.55458540, 0.56777459, 0.68801332, 0.22543162, 0.82117134)
(0.07836606, 0.11486217, 0.12184121, 0.41041312, 0.72622716, 0.46485162, 0.59001184, 0.64454204, 0.80790645, 0.91883171)
(0.54758084, 0.33752435, 0.47926015, 0.22423337, 0.29056734, 0.72680891, 0.43603951, 0.28827536, 0.08212151, 0.37915331)
(0.47979328, 0.10638271, 0.51439059, 0.39287135, 0.43027496, 0.37594897, 0.50998735, 0.07907999, 0.34384406, 0.12040570)
(0.78168112, 0.61521125, 0.89086455, 0.71487820, 0.85473615, 0.25955215, 0.46839395, 0.49543849, 0.84743977, 0.65825540)
(0.93536907, 0.43069279, 0.11036694, 0.36637515, 0.41881788, 0.87977922, 0.43968487, 0.38432366, 0.15903157, 0.93599623)
(0.34568906, 0.41919565, 0.66378576, 0.05476563, 0.53441852, 0.18486589, 0.87003613, 0.36332896, 0.84859866, 0.83642030)
(0.54878414, 0.80907339, 0.53186285, 0.26564655, 0.55086184, 0.87664217, 0.80731308, 0.34532514, 0.06473907, 0.74580812)
(0.55138993, 0.77379584, 0.34213695, 0.27589834, 0.13673483, 0.44311509, 0.56025910, 0.22442234, 0.72050238, 0.66004872)
(0.51507109, 0.57883728, 0.30735907, 0.73903430, 0.39341873, 0.60406351, 0.12869906, 0.31536478, 0.30305305, 0.44468918)
(0.08860706, 0.58149904, 0.64311844, 0.67297614, 0.70055765, 0.38100997, 0.07900853, 0.05352474, 0.75382698, 0.67826378)
(0.68234611, 0.85181946, 0.56285000, 0.63877279, 0.66164833, 0.06931846, 0.06701278, 0.32581103, 0.83706278, 0.61352980)
(0.16393997, 0.61063439, 0.70967740, 0.47685435, 0.78062093, 0.30084157, 0.38458908, 0.20484869, 0.82371110, 0.29152444)
(0.30162504, 0.41480389, 0.21446238, 0.86346906, 0.50983000, 0.68425941, 0.88748157, 0.31636497, 0.69880515, 0.37597993)
(0.53948367, 0.37959626, 0.27785626, 0.42273608, 0.25229612, 0.89438397, 0.28075692, 0.57284862, 0.49230364, 0.95581871)
(0.66995656, 0.18040793, 0.64679754, 0.56954348, 0.50022864, 0.40955970, 0.14695372, 0.66088384, 0.32398361, 0.50637233)
(0.40741104, 0.35549709, 0.43147790, 0.20441154, 0.43435889, 0.76531845, 0.25246486, 0.03028725, 0.71520209, 0.75484145)
(0.53850681, 0.32113579, 0.82929480, 0.10386587, 0.34599200, 0.93639189, 0.26231453, 0.82526678, 0.05709620, 0.86394298)
(0.33383492, 0.35114866, 0.25827321, 0.12459345, 0.91580319, 0.44053668, 0.52956766, 0.08930078, 0.89490110, 0.19010729)
(0.78559142, 0.85903251, 0.35679290, 0.30819985, 0.38258049, 0.37336448, 0.91710418, 0.71624404, 0.59294266, 0.69511646)
(0.29099041, 0.65294063, 0.49338123, 0.84524024, 0.78962499, 0.22692658, 0.01679549, 0.13717148, 0.86309105, 0.56631351)
(0.28364551, 0.72609907, 0.55129105, 0.53915435, 0.22428574, 0.57090312, 0.73395121, 0.31173533, 0.52603048, 0.65427232)
(0.86107391, 0.37342569, 0.92699659, 0.48101917, 0.64456189, 0.55161363, 0.77901328, 0.47256878, 0.19144906, 0.87176025)
(0.81795120, 0.38444376, 0.21411753, 0.38482341, 0.48989671, 0.45436758, 0.23939671, 0.86302286, 0.26384598, 0.26172087)
(0.21061097, 0.40930420, 0.84556049, 0.61056316, 0.58037895, 0.65546608, 0.87988842, 0.24460657, 0.61186564, 0.76893294)
(0.73118812, 0.13467897, 0.62744057, 0.42988035, 0.71702307, 0.57533932, 0.68146443, 0.67522222, 0.47421098, 0.94013286)
(0.83221388, 0.45312500, 0.92172658, 0.54235435, 0.72581714, 0.64499027, 0.78826523, 0.34037244, 0.32007262, 0.68215716)
(0.66088396, 0.48004177, 0.52096689, 0.51557863, 0.54555738, 0.14624526, 0.03256574, 0.21287088, 0.73852664, 0.09497776)
(0.58121979, 0.42687863, 0.37894937, 0.45703113, 0.76785201, 0.68664289, 0.79045850, 0.34111112, 0.03162124, 0.91430825)
(0.87268502, 0.61588722, 0.59111631, 0.22864933, 0.50240421, 0.59729558, 0.84742427, 0.18428525, 0.65034562, 0.57203740)
(0.15042935, 0.71970975, 0.90996957, 0.70469743, 0.36105320, 0.35219342, 0.18574370, 0.16711777, 0.33547679, 0.19457962)
(0.81750274, 0.59988230, 0.27047029, 0.95868570, 0.55708051, 0.54393208, 0.89076722, 0.45222485, 0.83296698, 0.22837934)
(0.41875452, 0.34365401, 0.16089368, 0.02789944, 0.36176637, 0.42346859, 0.87173748, 0.14628622, 0.50993317, 0.18473235)
(0.72170252, 0.41098961, 0.11230076, 0.47937071, 0.61270261, 0.51002294, 0.84712827, 0.82749677, 0.03595246, 0.51153600)
(0.32644972, 0.89787251, 0.88980997, 0.36611205, 0.04365711, 0.49399412, 0.60083896, 0.23714946, 0.39396927, 0.76354057)
(0.27882046, 0.79593796, 0.52276790, 0.69125700, 0.49571937, 0.42216581, 0.10464577, 0.28235880, 0.64486283, 0.10157400)
(0.40826279, 0.57035834, 0.39983726, 0.41669661, 0.69842279, 0.95590115, 0.34172732, 0.33374980, 0.24865857, 0.76784760)
(0.17120117, 0.63014638, 0.20738576, 0.43923464, 0.71624267, 0.84674960, 0.48647222, 0.15009412, 0.45435330, 0.43614832)
(0.65457398, 0.17545424, 0.71138388, 0.64321780, 0.89809406, 0.14657903, 0.35226524, 0.68258661, 0.08222748, 0.63634837)
(0.13324672, 0.80589789, 0.86975437, 0.35524863, 0.08111361, 0.75556684, 0.34265918, 0.07716221, 0.24297962, 0.81698436)
(0.14878088, 0.34867191, 0.60404456, 0.80577642, 0.66516972, 0.49626610, 0.04932374, 0.27497253, 0.72831273, 0.83624393)
(0.64306074, 0.46147147, 0.48218659, 0.36533266, 0.66933656, 0.75426745, 0.45312700, 0.14386106, 0.72214615, 0.70408744)
(0.48720071, 0.82248729, 0.66161692, 0.07189459, 0.45879290, 0.68121570, 0.48506683, 0.60875386, 0.29670516, 0.59454596)
(0.41101494, 0.94147360, 0.42065325, 0.06460618, 0.61304879, 0.66834152, 0.15098380, 0.46764493, 0.92056137, 0.32388899)
(0.28532851, 0.55785066, 0.57785666, 0.40979853, 0.28034598, 0.41599676, 0.13079169, 0.01603008, 0.72340059, 0.53250790)
(0.46759221, 0.18999220, 0.55056226, 0.19278587, 0.60917646, 0.57106119, 0.60154212, 0.06815021, 0.58905423, 0.80675220)
(0.78097433, 0.34848505, 0.81675404, 0.58049464, 0.72388661, 0.60040325, 0.67238897, 0.88693994, 0.07592588, 0.49378604)
(0.28608680, 0.42254907, 0.21321300, 0.85703230, 0.22675627, 0.83007777, 0.70297140, 0.76201528, 0.46194327, 0.52487797)
(0.58823407, 0.36028731, 0.53209060, 0.78383005, 0.56639940, 0.35035390, 0.68199486, 0.44918740, 0.08576707, 0.23558252)
(0.76319712, 0.54128140, 0.04506703, 0.40816885, 0.10372417, 0.48650110, 0.31743121, 0.97127253, 0.15956996, 0.58468044)
(0.46815273, 0.40719217, 0.22850424, 0.37747842, 0.72783548, 0.72071850, 0.72660887, 0.11997617, 0.48334605, 0.17246178)
(0.45940956, 0.29559672, 0.06613788, 0.32501698, 0.34650427, 0.95953357, 0.33626315, 0.46390527, 0.53090131, 0.80366695)
(0.55863100, 0.08295317, 0.08475646, 0.88324660, 0.53473061, 0.35366094, 0.87623167, 0.33197096, 0.27817196, 0.41510171)
(0.77748257, 0.73560572, 0.30851233, 0.36780041, 0.73433065, 0.65228885, 0.21853159, 0.34639680, 0.93221217, 0.14402203)
(0.42584023, 0.44561690, 0.35381314, 0.01901293, 0.32246041, 0.73263299, 0.66794181, 0.09393018, 0.60860974, 0.36645034)
(0.56607288, 0.03349385, 0.77579677, 0.13129786, 0.57015359, 0.03888115, 0.90373915, 0.84835637, 0.08796157, 0.35599694)
(0.63722271, 0.18762161, 0.39287826, 0.64075148, 0.87452263, 0.31973422, 0.35071725, 0.72435659, 0.13747305, 0.70544946)
(0.19782847, 0.06871905, 0.42020047, 0.53818351, 0.62425959, 0.71129572, 0.80445659, 0.22649001, 0.39263293, 0.19328631)
(0.33911824, 0.80085635, 0.64440638, 0.38973197, 0.45113188, 0.14617693, 0.05936428, 0.25935423, 0.64141411, 0.11814468)
(0.07072597, 0.06888937, 0.45582870, 0.25017801, 0.43461004, 0.59482700, 0.47979921, 0.13259901, 0.45147201, 0.37522283)
(0.06950280, 0.90809238, 0.35115340, 0.36475113, 0.59663516, 0.47456595, 0.13646026, 0.16541199, 0.65951538, 0.38511404)
(0.82996637, 0.38898882, 0.79156494, 0.10255104, 0.72238690, 0.12464450, 0.86264032, 0.38455746, 0.29321030, 0.68032682)
(0.05383252, 0.51209778, 0.73385596, 0.46951002, 0.37908122, 0.32621673, 0.77608514, 0.30144402, 0.86059409, 0.36940759)
(0.86993378, 0.36328682, 0.04731146, 0.44164199, 0.62185687, 0.52762121, 0.47729176, 0.93773943, 0.11208399, 0.78333187)
(0.08997094, 0.70046151, 0.49922273, 0.15213369, 0.76638913, 0.49277341, 0.85781366, 0.37792957, 0.62775749, 0.60169816)
(0.25578561, 0.14331257, 0.80276197, 0.31568226, 0.49328104, 0.91473418, 0.18852927, 0.58199191, 0.28214157, 0.75252014)
(0.14943250, 0.36218217, 0.49828246, 0.24584548, 0.64210409, 0.67370701, 0.50082737, 0.16903834, 0.38977385, 0.67895019)
(0.47463951, 0.54977226, 0.89777255, 0.71089810, 0.20711192, 0.34240955, 0.68653476, 0.20222358, 0.25990817, 0.60964155)
(0.20358464, 0.81767017, 0.73554009, 0.89880866, 0.80165613, 0.56400281, 0.07344293, 0.45189485, 0.81372309, 0.64613885)
(0.32182261, 0.71461391, 0.68650180, 0.43434152, 0.42463911, 0.38789758, 0.14598148, 0.07083078, 0.72081107, 0.60296267)
(0.35137519, 0.36826915, 0.32848841, 0.91699380, 0.39938852, 0.59184450, 0.76901358, 0.60047978, 0.66913670, 0.44752696)
(0.63011408, 0.46198642, 0.91362524, 0.41319287, 0.76279044, 0.06991138, 0.16753939, 0.65202725, 0.60549951, 0.17237507)
(0.76590770, 0.72874928, 0.09864076, 0.85988361, 0.37704003, 0.87427396, 0.83008391, 0.27228746, 0.45022440, 0.27537653)
(0.21371248, 0.13144027, 0.09757763, 0.87316549, 0.54517221, 0.63823605, 0.90083551, 0.41575229, 0.57400215, 0.38822439)
(0.59203225, 0.12247027, 0.15583001, 0.88860822, 0.74833071, 0.25626582, 0.90865153, 0.19789360, 0.90900034, 0.48556820)
(0.53356045, 0.43451929, 0.26407906, 0.24847578, 0.44239789, 0.59200668, 0.44943595, 0.87425184, 0.27014214, 0.90547681)
(0.28974873, 0.54673731, 0.48369431, 0.06340951, 0.29872474, 0.74500501, 0.79698604, 0.33788896, 0.46503344, 0.24070553)
(0.38212150, 0.16223319, 0.82661909, 0.25658646, 0.53456312, 0.14024825, 0.94633377, 0.46863061, 0.87306702, 0.23961988)
(0.71380550, 0.14466055, 0.49322286, 0.17978297, 0.34566709, 0.39668956, 0.40524763, 0.89446676, 0.37682444, 0.73562509)
(0.85074824, 0.42909324, 0.79338074, 0.32634628, 0.43397433, 0.32633236, 0.20784229, 0.09404335, 0.50770503, 0.78513366)
(0.79445958, 0.69138712, 0.46578768, 0.30771282, 0.23769057, 0.71436572, 0.46405485, 0.23113218, 0.61834347, 0.62217492)
(0.69852090, 0.88396168, 0.50313884, 0.23208329, 0.70818901, 0.53155643, 0.05682140, 0.39875799, 0.91769904, 0.45796335)
(0.16754252, 0.52282292, 0.47061184, 0.36421534, 0.11223907, 0.62238675, 0.37185213, 0.01983694, 0.36794832, 0.44044906)
(0.18746996, 0.23095274, 0.24667238, 0.60969794, 0.54980630, 0.95916414, 0.36500654, 0.49736124, 0.31352118, 0.38473821)
(0.48753470, 0.47902733, 0.72379971, 0.27609888, 0.97574461, 0.27244881, 0.23478615, 0.40460834, 0.77801907, 0.27459666)
(0.64484847, 0.57960433, 0.43309355, 0.49372041, 0.39834374, 0.64436883, 0.03845924, 0.10623413, 0.81643558, 0.57985288)
(0.19924271, 0.63117743, 0.64529479, 0.33673352, 0.20376390, 0.65585423, 0.69816947, 0.32999161, 0.43340373, 0.64968652)
(0.88500869, 0.20232220, 0.80403143, 0.18722837, 0.51593328, 0.65631002, 0.45149970, 0.98305041, 0.22119066, 0.68266386)
(0.47521934, 0.22691539, 0.64114910, 0.54782271, 0.65810907, 0.45411360, 0.22273891, 0.54256833, 0.42420241, 0.57277232)
(0.14281683, 0.36182773, 0.15178025, 0.34781495, 0.92670357, 0.48888481, 0.61956000, 0.12859011, 0.71100301, 0.50651747)
(0.20226337, 0.26113337, 0.07623778, 0.83889419, 0.71995836, 0.36450636, 0.71388835, 0.42595571, 0.96596920, 0.66303957)
(0.46633741, 0.41025075, 0.19498295, 0.37308270, 0.29210097, 0.94314396, 0.07924300, 0.58130419, 0.70204377, 0.45945367)
(0.39276272, 0.66690153, 0.56880033, 0.05360524, 0.36480960, 0.76686478, 0.65312529, 0.23702450, 0.75744003, 0.45554239)
(0.49755859, 0.54551381, 0.32599583, 0.55498433, 0.31099036, 0.65796900, 0.84746587, 0.41101617, 0.05524229, 0.13055256)
(0.25781032, 0.92937237, 0.79330301, 0.15588257, 0.15367930, 0.32826379, 0.33006659, 0.43547314, 0.30734903, 0.63279659)
(0.69535941, 0.62513345, 0.19333670, 0.15880592, 0.35838699, 0.88473958, 0.73714328, 0.05069044, 0.31295747, 0.39223561)
(0.95555389, 0.59936959, 0.65249699, 0.31722015, 0.26838768, 0.32134065, 0.72872722, 0.53102171, 0.06723184, 0.80071247)
(0.23250249, 0.27830073, 0.27190441, 0.07262447, 0.43632272, 0.42885846, 0.87672055, 0.21358156, 0.69108260, 0.24340504)
(0.08183931, 0.89141166, 0.82187492, 0.29595223, 0.06804890, 0.18657921, 0.38851318, 0.30030540, 0.70228207, 0.63785034)
(0.53073514, 0.58534813, 0.09685297, 0.45337406, 0.70205861, 0.87892169, 0.45148820, 0.20120078, 0.14333077, 0.77469748)
(0.29364946, 0.34587193, 0.69663858, 0.51902580, 0.33411556, 0.15673824, 0.25744408, 0.81190991, 0.25306335, 0.28134286)
(0.14915255, 0.71908182, 0.78207743, 0.23081639, 0.40892902, 0.77465063, 0.66459888, 0.48291987, 0.53516120, 0.28579548)
(0.67706662, 0.32301503, 0.14549981, 0.71190274, 0.77277792, 0.51275605, 0.50399649, 0.39437267, 0.19959699, 0.71363062)
(0.16875824, 0.23289050, 0.33416075, 0.19002958, 0.69102561, 0.59201735, 0.64407229, 0.25684288, 0.16260824, 0.69805211)
(0.92267179, 0.52969736, 0.06273612, 0.91131657, 0.72156733, 0.12062880, 0.91369706, 0.22287148, 0.95322168, 0.40279076)
(0.44443837, 0.34930587, 0.76556921, 0.33265838, 0.03425183, 0.39758825, 0.84334552, 0.13828008, 0.59764463, 0.67255211)
(0.72571552, 0.88313866, 0.23258749, 0.17058592, 0.31984007, 0.69816726, 0.90623444, 0.44236568, 0.68283373, 0.52439255)
(0.71672481, 0.11607330, 0.41377306, 0.37959418, 0.48408857, 0.54841143, 0.22373430, 0.76562381, 0.56848615, 0.86148751)
(0.07039136, 0.51003593, 0.72938555, 0.58867723, 0.31988904, 0.76622456, 0.48046151, 0.28026116, 0.33431363, 0.52159262)
(0.66670936, 0.08988457, 0.82447481, 0.30599210, 0.17989503, 0.22647376, 0.17774993, 0.83511496, 0.32330868, 0.26872936)
(0.31772980, 0.51538604, 0.36795852, 0.06455000, 0.81800431, 0.30251184, 0.40121290, 0.48969761, 0.83418262, 0.24795242)
(0.14802198, 0.81319582, 0.49556118, 0.38826361, 0.26165754, 0.26047492, 0.54045767, 0.35223812, 0.75000298, 0.56362683)
(0.42923656, 0.50308138, 0.50645089, 0.59519088, 0.19924560, 0.65122724, 0.75927842, 0.44573435, 0.10894949, 0.59466934)
(0.65588135, 0.97631204, 0.74330676, 0.14107542, 0.53672343, 0.77362907, 0.85540301, 0.82886738, 0.92134202, 0.39339033)
(0.14102329, 0.40008932, 0.42153126, 0.21962559, 0.84317780, 0.27366349, 0.64474005, 0.27817461, 0.61848366, 0.30279198)
(0.60680336, 0.37892967, 0.10108097, 0.22394553, 0.67769033, 0.64946783, 0.72427720, 0.03102572, 0.65455800, 0.49967876)
(0.76053059, 0.41784826, 0.21881032, 0.65596175, 0.82541990, 0.48428553, 0.40451622, 0.45655733, 0.07845230, 0.57565475)
(0.19757447, 0.31772271, 0.52543426, 0.10879289, 0.88620538, 0.30220219, 0.80827868, 0.26411369, 0.74799925, 0.16524225)
(0.65969878, 0.90203208, 0.11029788, 0.50873077, 0.85651809, 0.56483400, 0.62188268, 0.20555952, 0.94120592, 0.17086791)
(0.50180668, 0.58645993, 0.87631869, 0.63126349, 0.92862332, 0.52757573, 0.11570553, 0.38932583, 0.86944526, 0.32172003)
(0.63522273, 0.19397660, 0.62338173, 0.35259756, 0.67101651, 0.40428025, 0.89068067, 0.82453144, 0.29786000, 0.25516322)
(0.42272618, 0.32181516, 0.82892245, 0.80520356, 0.41064730, 0.48407838, 0.16483137, 0.10353316, 0.46143353, 0.25879592)
(0.14423916, 0.31193390, 0.40047419, 0.44924802, 0.76059675, 0.90925419, 0.39545465, 0.21381065, 0.65094501, 0.39767027)
(0.62775815, 0.16193928, 0.63196552, 0.52073783, 0.63466364, 0.31477585, 0.06588673, 0.26618797, 0.70837730, 0.21537887)
(0.41192156, 0.44345564, 0.42926529, 0.54524612, 0.55699050, 0.60847420, 0.40349448, 0.18335634, 0.83790994, 0.23346189)
(0.25946492, 0.73941994, 0.95365274, 0.18977851, 0.31854725, 0.90985376, 0.76664793, 0.30540884, 0.81185150, 0.43621308)
(0.60462290, 0.43591094, 0.19254641, 0.34877020, 0.59120959, 0.73350513, 0.60216552, 0.07861387, 0.49013749, 0.18408410)
(0.19024302, 0.98806506, 0.57386953, 0.32184640, 0.24488056, 0.22288911, 0.06216695, 0.53162032, 0.78424203, 0.73054737)
(0.17250963, 0.46300250, 0.44156039, 0.11539586, 0.14935441, 0.48917466, 0.45504871, 0.25710362, 0.62968463, 0.35670716)
(0.73577398, 0.06289490, 0.89241505, 0.48752484, 0.64206308, 0.38610178, 0.31911069, 0.84924990, 0.41088432, 0.18656245)
(0.45511901, 0.13176359, 0.18332116, 0.27806333, 0.81226015, 0.42289799, 0.83975214, 0.13479580, 0.19340871, 0.89488548)
(0.15648839, 0.80505139, 0.55569655, 0.17572512, 0.34138584, 0.46934459, 0.04401023, 0.47915900, 0.54071754, 0.30446461)
(0.21685475, 0.58534682, 0.58860296, 0.30226821, 0.52786827, 0.59157473, 0.35048130, 0.08394809, 0.49117559, 0.76218188)
(0.63203859, 0.29204401, 0.38122189, 0.45060050, 0.94658905, 0.45684749, 0.30615136, 0.25434893, 0.85282373, 0.13513117)
(0.90948063, 0.33666638, 0.14485131, 0.44267482, 0.66626722, 0.54418999, 0.54391092, 0.89860320, 0.10730816, 0.86845416)
(0.78566062, 0.52549225, 0.61462981, 0.57868630, 0.40660957, 0.44553140, 0.16766343, 0.14439791, 0.73344314, 0.04105946)
(0.88309920, 0.63178134, 0.94387120, 0.35906276, 0.03741634, 0.60035080, 0.76610988, 0.55573916, 0.06772888, 0.73174769)
(0.45561516, 0.31572688, 0.28463978, 0.25767225, 0.54051107, 0.75756973, 0.39539295, 0.22002435, 0.10064035, 0.50366080)
(0.85364377, 0.48419076, 0.34449142, 0.89554965, 0.43525118, 0.87065744, 0.82059604, 0.44750476, 0.05868033, 0.08632000)
(0.15536770, 0.89359939, 0.41054678, 0.55588478, 0.63357443, 0.58248043, 0.65673494, 0.56150889, 0.76461864, 0.14887223)
(0.69777197, 0.42341712, 0.03297644, 0.83684319, 0.13441813, 0.68261147, 0.77800119, 0.26969123, 0.69951993, 0.79745519)
(0.43690249, 0.90445697, 0.26519075, 0.69250154, 0.64379156, 0.81029552, 0.86218596, 0.15103105, 0.40786600, 0.29168767)
(0.50736803, 0.15110764, 0.39938650, 0.37203157, 0.46168274, 0.13600653, 0.23533794, 0.13650687, 0.48012519, 0.14199212)
(0.60673475, 0.32224542, 0.59730291, 0.76600546, 0.59881115, 0.16578232, 0.02445813, 0.34494644, 0.68111515, 0.54703867)
(0.56440371, 0.01577525, 0.77950573, 0.11209341, 0.64913201, 0.05634460, 0.46141496, 0.83457619, 0.08473530, 0.54629278)
(0.53674203, 0.14234786, 0.84696275, 0.69239843, 0.34487981, 0.10094622, 0.19092098, 0.93938011, 0.34767443, 0.51950103)
(0.55936837, 0.57365721, 0.32757747, 0.41236916, 0.47517586, 0.93659681, 0.14004228, 0.11179309, 0.63303947, 0.33105049)
(0.19786139, 0.24571791, 0.46911755, 0.59684569, 0.17869583, 0.84536684, 0.79025543, 0.76795292, 0.62342578, 0.87825793)
(0.75821275, 0.79223627, 0.75613815, 0.35857609, 0.51194906, 0.49206528, 0.26201546, 0.18306428, 0.33353812, 0.76436442)
(0.68846822, 0.23258382, 0.82583159, 0.75208020, 0.34167734, 0.52737671, 0.50330365, 0.17952149, 0.73506463, 0.49342987)
(0.64003479, 0.91259032, 0.35290861, 0.36744142, 0.82497776, 0.77732599, 0.58749187, 0.63766527, 0.82161510, 0.86848205)
(0.16429552, 0.18900287, 0.17514119, 0.31536174, 0.39540181, 0.86704999, 0.63150346, 0.66175461, 0.58417261, 0.89059263)
(0.11593171, 0.10320702, 0.55745959, 0.31143829, 0.80308068, 0.51298797, 0.71856683, 0.11327474, 0.59282964, 0.54806721)
(0.33465254, 0.43090281, 0.43287316, 0.09714253, 0.59724611, 0.58194703, 0.76898217, 0.30001816, 0.85900313, 0.34601730)
(0.64227074, 0.21407890, 0.59408307, 0.61006343, 0.53083408, 0.32524532, 0.04348792, 0.20315792, 0.74069154, 0.39515385)
(0.71052802, 0.51188147, 0.27494100, 0.34845033, 0.39517003, 0.62012780, 0.83159375, 0.48333597, 0.12475972, 0.32905027)
(0.47889537, 0.80473614, 0.78677815, 0.21439163, 0.59122282, 0.75575829, 0.86406773, 0.39073408, 0.37836835, 0.57034981)
(0.41711229, 0.28258485, 0.26760393, 0.34335309, 0.47858396, 0.53755552, 0.75821370, 0.50511891, 0.05550129, 0.14276202)
(0.09363297, 0.56289357, 0.75082409, 0.64176351, 0.73347902, 0.67275405, 0.15418021, 0.10440522, 0.82034415, 0.51795214)
(0.69570678, 0.69155371, 0.77772480, 0.65740007, 0.85812771, 0.22039652, 0.10005709, 0.33517241, 0.78258878, 0.20376177)
(0.84941703, 0.36518413, 0.13156916, 0.55654120, 0.18616657, 0.69507098, 0.83347696, 0.25266615, 0.41653600, 0.95339882)
(0.07370596, 0.80618632, 0.09067382, 0.64143962, 0.69868523, 0.91129053, 0.48541117, 0.33468473, 0.72022086, 0.44164547)
(0.23694684, 0.18646550, 0.34252101, 0.30400595, 0.62645489, 0.85947019, 0.69406396, 0.24866228, 0.13278511, 0.26718301)
(0.63263947, 0.52044320, 0.09184383, 0.60598248, 0.55505401, 0.87946022, 0.29196084, 0.73755288, 0.07656080, 0.41215459)
(0.52614838, 0.93657017, 0.11941132, 0.10754054, 0.71119398, 0.44994152, 0.91774672, 0.41897255, 0.85126519, 0.51938516)
(0.68259281, 0.57237178, 0.80757010, 0.77740002, 0.21101807, 0.55126333, 0.56524175, 0.38230771, 0.07025187, 0.57831699)
(0.59976131, 0.66045243, 0.68793088, 0.28031409, 0.54055375, 0.27990726, 0.37333503, 0.15042554, 0.64310211, 0.58049238)
(0.72091544, 0.12161869, 0.65523940, 0.11655201, 0.33145437, 0.77702445, 0.18224345, 0.80321157, 0.38508940, 0.87655467)
(0.61287272, 0.36089590, 0.33469182, 0.67893475, 0.83286709, 0.35298267, 0.38246933, 0.50881040, 0.29109657, 0.78035861)
(0.27222431, 0.46565685, 0.11404996, 0.86685598, 0.23418051, 0.73448527, 0.77893502, 0.62530529, 0.82207847, 0.51895344)
(0.72878623, 0.52925861, 0.06339505, 0.57246643, 0.46650836, 0.92937446, 0.35636130, 0.82677144, 0.04313720, 0.47672448)
(0.36708665, 0.24610922, 0.04756030, 0.53476846, 0.42311275, 0.84586197, 0.67173159, 0.57922679, 0.48017019, 0.84145516)
(0.29446444, 0.36853868, 0.39343256, 0.33995646, 0.58835334, 0.92068815, 0.47576928, 0.41590974, 0.02005409, 0.22294757)
(0.86148566, 0.60664755, 0.43942046, 0.54671162, 0.43945938, 0.25649688, 0.95836025, 0.48347548, 0.28581813, 0.34927258)
(0.20745347, 0.20981336, 0.77673686, 0.54474503, 0.12666248, 0.74354470, 0.46680328, 0.43440971, 0.06431352, 0.47726509)
(0.66055644, 0.33515516, 0.41046056, 0.48291972, 0.22993441, 0.72927827, 0.28691149, 0.16137402, 0.11782690, 0.49239704)
(0.56823623, 0.16960545, 0.79756111, 0.04755419, 0.29770604, 0.43487152, 0.44571668, 0.16598314, 0.48561069, 0.20655639)
(0.41562289, 0.16045716, 0.53652823, 0.17238790, 0.41297665, 0.31421471, 0.38296816, 0.89591032, 0.36481485, 0.25699994)
(0.66963238, 0.62823910, 0.89227366, 0.75425804, 0.85835278, 0.28560224, 0.07109942, 0.55219185, 0.90581524, 0.42185020)
(0.40055850, 0.36982003, 0.45504233, 0.32423460, 0.67327654, 0.72969776, 0.45993322, 0.84877455, 0.06171655, 0.17579478)
(0.08249898, 0.87476593, 0.71221888, 0.53860039, 0.15349081, 0.56528431, 0.55327612, 0.32995492, 0.43598709, 0.64157224)
(0.12682453, 0.08810973, 0.15865517, 0.40630391, 0.50963342, 0.89277047, 0.44302559, 0.18649431, 0.42696279, 0.45488906)
(0.27346626, 0.36962268, 0.04957787, 0.58517402, 0.09537181, 0.71492493, 0.10795151, 0.39388150, 0.82086617, 0.85458666)
(0.49763739, 0.31884408, 0.17374834, 0.77476174, 0.07727485, 0.63232940, 0.53905094, 0.72545195, 0.43458423, 0.38831171)
(0.22369193, 0.25131723, 0.73233724, 0.60094714, 0.92759430, 0.24064435, 0.25313818, 0.27838811, 0.87421477, 0.74139559)
(0.96777266, 0.39180231, 0.07004457, 0.86278790, 0.60424292, 0.13144441, 0.92581308, 0.23043750, 0.71366692, 0.60479367)
(0.26963037, 0.14922491, 0.33429524, 0.19776610, 0.26229104, 0.66512531, 0.29610047, 0.83697307, 0.79537582, 0.82925987)
(0.69266164, 0.44717100, 0.63198864, 0.39182994, 0.39674005, 0.27221787, 0.10296912, 0.16097265, 0.57961732, 0.19933367)
(0.32332951, 0.26517114, 0.09569526, 0.33838364, 0.65444815, 0.88822329, 0.46597320, 0.50019509, 0.12488599, 0.71486175)
(0.82198954, 0.45652756, 0.23516478, 0.68328297, 0.63062322, 0.54711384, 0.74051028, 0.33290192, 0.35045475, 0.94640422)
(0.85609335, 0.35571548, 0.89974606, 0.15212275, 0.80711108, 0.54544497, 0.85877979, 0.46455845, 0.14382088, 0.66893148)
(0.45147634, 0.15064897, 0.40782079, 0.38942310, 0.53580129, 0.43815869, 0.30441451, 0.67712373, 0.59326971, 0.80423135)
(0.39285752, 0.59730297, 0.92427570, 0.36833739, 0.85229415, 0.29703709, 0.57441932, 0.30759096, 0.95298994, 0.70350873)
(0.65100586, 0.67007941, 0.56129891, 0.59493595, 0.91517246, 0.59713334, 0.15379490, 0.44626665, 0.92699444, 0.27477887)
(0.36734530, 0.53578085, 0.03307328, 0.89632201, 0.22346300, 0.27280417, 0.65034300, 0.37232715, 0.95463556, 0.53672564)
(0.58081377, 0.23435009, 0.82432127, 0.46172845, 0.61749947, 0.72306836, 0.91293311, 0.64443541, 0.12242257, 0.77034444)
(0.79298389, 0.52308989, 0.88098758, 0.44769412, 0.64459926, 0.35409859, 0.12479628, 0.63375360, 0.69290435, 0.15129863)
(0.39405498, 0.89002484, 0.44595253, 0.43067119, 0.54322600, 0.37162870, 0.92684788, 0.25743368, 0.30880630, 0.52083331)
(0.47289923, 0.90942067, 0.27706602, 0.21534991, 0.74374068, 0.90769070, 0.21293940, 0.26653677, 0.76490742, 0.29496467)
(0.87452477, 0.89323992, 0.61948603, 0.14589556, 0.37177831, 0.70180118, 0.84777141, 0.39444646, 0.14306241, 0.89221829)
(0.58106220, 0.80468041, 0.91563016, 0.20617749, 0.51011676, 0.43040133, 0.26857281, 0.31279603, 0.86361456, 0.80833811)
(0.05874323, 0.46468857, 0.11760753, 0.73158854, 0.28243640, 0.95736134, 0.47408485, 0.51166177, 0.32240999, 0.85548073)
(0.05605697, 0.92487967, 0.47291672, 0.14319776, 0.24116583, 0.50472748, 0.34121212, 0.68681449, 0.76607257, 0.35503480)
(0.84606564, 0.33592132, 0.07401622, 0.63665825, 0.82370925, 0.34572074, 0.35247746, 0.87733042, 0.08502342, 0.73374856)
(0.22433725, 0.93134606, 0.75210202, 0.17936358, 0.23771730, 0.65746266, 0.50373399, 0.44156206, 0.80873066, 0.61475319)
(0.74307120, 0.07551715, 0.74061316, 0.07309012, 0.22642399, 0.42190546, 0.33232069, 0.89938962, 0.45374393, 0.86589009)
(0.90318149, 0.36175880, 0.13242848, 0.93725348, 0.45590410, 0.51816273, 0.91864717, 0.18402085, 0.84657067, 0.39406589)
(0.83286774, 0.25717789, 0.46147290, 0.39682710, 0.23339409, 0.65438479, 0.37725061, 0.77591258, 0.43341702, 0.97052491)
(0.10642017, 0.26900816, 0.23855232, 0.51822174, 0.68283093, 0.61634940, 0.65506226, 0.29352653, 0.12499508, 0.49667123)
(0.12248037, 0.89848500, 0.66598314, 0.29009280, 0.43642908, 0.73002613, 0.56471473, 0.36554557, 0.63945419, 0.69264144)
(0.56099856, 0.55869520, 0.24817632, 0.86777741, 0.44343036, 0.91731852, 0.87697631, 0.27727541, 0.20170474, 0.34512138)
(0.50055283, 0.65351886, 0.39437619, 0.41371834, 0.77130717, 0.77704364, 0.35975009, 0.12332895, 0.89752722, 0.27967286)
(0.39483562, 0.37371624, 0.88283980, 0.39210281, 0.03945877, 0.63700479, 0.65455145, 0.22377999, 0.17097960, 0.28864306)
(0.43658504, 0.35405704, 0.04937230, 0.65350980, 0.64363241, 0.70406669, 0.73335057, 0.30603871, 0.25538000, 0.86452311)
(0.14501593, 0.41289201, 0.58642733, 0.68750769, 0.81853998, 0.19737889, 0.35643452, 0.23335893, 0.86058277, 0.43414050)
(0.03972600, 0.84604442, 0.58330500, 0.41271588, 0.51727456, 0.37527496, 0.14915310, 0.27171630, 0.73649693, 0.11176680)
(0.53738183, 0.08799522, 0.22794913, 0.20703791, 0.10210724, 0.58450210, 0.14514627, 0.33045915, 0.43166038, 0.96021342)
(0.62734270, 0.20281903, 0.93320709, 0.36163402, 0.88805640, 0.36422294, 0.59358287, 0.28808275, 0.88793457, 0.39526665)
(0.56202567, 0.87236810, 0.38475865, 0.44572341, 0.70540071, 0.27909520, 0.35270268, 0.25227156, 0.95485789, 0.55875140)
(0.16890876, 0.80198443, 0.59869885, 0.09732394, 0.11633598, 0.57574677, 0.59237200, 0.45815840, 0.85417235, 0.43125373)
(0.01303467, 0.88667876, 0.84357977, 0.60179514, 0.21953408, 0.07261068, 0.14990792, 0.22571214, 0.87579143, 0.43765569)
(0.80204630, 0.62008673, 0.06934137, 0.35837162, 0.38973978, 0.50953233, 0.23380794, 0.94847149, 0.10334349, 0.58517498)
(0.35767031, 0.51360720, 0.69376725, 0.48422498, 0.46023831, 0.65578830, 0.64346337, 0.91199464, 0.03605163, 0.39503041)
(0.76372361, 0.36940858, 0.37533680, 0.59452510, 0.47444475, 0.71793652, 0.92755687, 0.11943781, 0.22594808, 0.15654245)
(0.21982387, 0.33917195, 0.85890681, 0.76136512, 0.24782053, 0.70923984, 0.61898041, 0.51570761, 0.22970468, 0.48854619)
(0.52690244, 0.29573733, 0.45303911, 0.75307488, 0.39525449, 0.25351292, 0.04957689, 0.08408538, 0.68278736, 0.42992851)
(0.09452942, 0.23840749, 0.12162285, 0.17016552, 0.10967034, 0.77945662, 0.07967940, 0.43266422, 0.69151908, 0.57271242)
(0.86973768, 0.42888963, 0.72168529, 0.41617790, 0.76449615, 0.51397949, 0.33552796, 0.36496836, 0.17588712, 0.54583371)
(0.27656597, 0.54961222, 0.71964538, 0.54605693, 0.93179131, 0.74045140, 0.58072537, 0.22309814, 0.86211801, 0.71172190)
(0.25382763, 0.75750887, 0.64788955, 0.26407614, 0.41197166, 0.86732715, 0.66680133, 0.42480016, 0.22311288, 0.50095326)
(0.79633659, 0.27100295, 0.19479273, 0.41970614, 0.65112960, 0.74208909, 0.51888192, 0.27419925, 0.33851790, 0.57808656)
(0.49509487, 0.31404614, 0.13536525, 0.53209430, 0.49250066, 0.87688142, 0.29599041, 0.60333413, 0.79607624, 0.41598561)
(0.14319189, 0.76061523, 0.62564313, 0.27739388, 0.69350457, 0.21436411, 0.15597630, 0.17329197, 0.81236976, 0.16136725)
(0.50968713, 0.59152913, 0.30259934, 0.60413718, 0.55196971, 0.48766559, 0.90982890, 0.08322081, 0.09580425, 0.46343073)
(0.57151389, 0.44288656, 0.50156617, 0.57970780, 0.73210990, 0.59230697, 0.09573418, 0.29297546, 0.74554437, 0.70943260)
(0.28660995, 0.64110386, 0.58008415, 0.40133196, 0.45214829, 0.85311782, 0.82997161, 0.23993331, 0.37644571, 0.67475426)
(0.57499540, 0.22584778, 0.62406814, 0.62892842, 0.86632967, 0.67377001, 0.34720102, 0.46640503, 0.55604327, 0.73185498)
(0.48724121, 0.20072727, 0.23624542, 0.77903020, 0.46381488, 0.66964388, 0.75167328, 0.79581642, 0.09603447, 0.14268811)
(0.80251288, 0.68970847, 0.40537187, 0.90787244, 0.53690755, 0.38329098, 0.92352068, 0.19900039, 0.42811221, 0.09591842)
(0.31977683, 0.51577902, 0.48533073, 0.23037153, 0.83103830, 0.71413273, 0.30051103, 0.13126713, 0.69254935, 0.22983807)
(0.67381251, 0.54991722, 0.57834131, 0.20890066, 0.04053888, 0.49801320, 0.43417302, 0.09856128, 0.18470766, 0.45840850)
(0.24591142, 0.87185520, 0.78992599, 0.39330739, 0.40308946, 0.15497980, 0.63245380, 0.52894628, 0.78204727, 0.79268467)
(0.16876224, 0.60011572, 0.74834234, 0.40481743, 0.95137799, 0.17041972, 0.56554860, 0.30551854, 0.49558425, 0.06968546)
(0.11530588, 0.07184917, 0.07695509, 0.55017912, 0.72263795, 0.72369003, 0.60473174, 0.53117806, 0.55848247, 0.75811905)
(0.66046029, 0.75284839, 0.28122470, 0.05988156, 0.68869179, 0.54416251, 0.80846930, 0.21535589, 0.81365412, 0.72483122)
(0.84515500, 0.79901689, 0.88308990, 0.33814251, 0.16147633, 0.62871438, 0.22481552, 0.33972159, 0.06394298, 0.75871813)
(0.86333036, 0.33288491, 0.60226274, 0.48227763, 0.33732757, 0.40642944, 0.73362970, 0.39424983, 0.06504243, 0.87804955)
(0.74174422, 0.45046115, 0.57670337, 0.03526483, 0.14942300, 0.61199480, 0.25457281, 0.96371907, 0.24352530, 0.82850021)
(0.74179721, 0.74463564, 0.92079377, 0.22113393, 0.55389750, 0.34040701, 0.48417044, 0.40652552, 0.81696182, 0.73324788)
(0.67603320, 0.47077835, 0.16899945, 0.70181698, 0.35654619, 0.58382106, 0.51604438, 0.94842666, 0.30075306, 0.09754816)
(0.22458692, 0.86134624, 0.91358203, 0.94508260, 0.26515511, 0.63042516, 0.17076224, 0.08342464, 0.25212109, 0.83880377)
(0.31294754, 0.88671136, 0.62332731, 0.16893478, 0.49453899, 0.31172380, 0.14518751, 0.37448716, 0.85027254, 0.12010649)
(0.04922925, 0.90749067, 0.51492530, 0.13908727, 0.18064840, 0.37839392, 0.17430219, 0.76273793, 0.84137523, 0.43317804)
(0.26990595, 0.39168260, 0.41347638, 0.68975878, 0.47153810, 0.89729565, 0.65974003, 0.41787058, 0.31204945, 0.48003656)
(0.63271892, 0.55103731, 0.08761172, 0.38408315, 0.08807321, 0.77857280, 0.27316263, 0.94270378, 0.08837721, 0.68602592)
(0.67435759, 0.58833110, 0.49401569, 0.41503203, 0.30857992, 0.79175645, 0.44088918, 0.16502811, 0.29057977, 0.83014870)
(0.76569825, 0.07019506, 0.83987063, 0.52989078, 0.56858027, 0.44617692, 0.45872331, 0.61618590, 0.39656383, 0.22646505)
(0.65319997, 0.13265967, 0.41084740, 0.22626773, 0.34440908, 0.37558994, 0.19665106, 0.80748856, 0.30100822, 0.93141425)
(0.57902056, 0.47189578, 0.39157513, 0.55003339, 0.82095271, 0.77078366, 0.50111854, 0.27364659, 0.20081243, 0.78543913)
(0.57975698, 0.68245107, 0.40389359, 0.11226711, 0.84033906, 0.33852279, 0.84292036, 0.48901728, 0.93618971, 0.19871703)
(0.33767387, 0.76234311, 0.77336925, 0.65753430, 0.70768201, 0.27806315, 0.16747488, 0.14443126, 0.87243813, 0.78237867)
(0.37143305, 0.17212568, 0.10910415, 0.71099454, 0.31648123, 0.56824070, 0.67654055, 0.76213223, 0.38335788, 0.17775063)
(0.20279835, 0.94134575, 0.43526968, 0.15709661, 0.87091827, 0.85674179, 0.23367007, 0.36308593, 0.71260899, 0.47847944)
(0.41476032, 0.10003296, 0.33296648, 0.62421924, 0.42441100, 0.71766549, 0.07254087, 0.21469536, 0.40111858, 0.73951674)
(0.91068035, 0.61777890, 0.70693201, 0.11738420, 0.30108771, 0.46084648, 0.84375608, 0.64175814, 0.35249195, 0.65407133)
(0.06817757, 0.61704880, 0.45167455, 0.21863298, 0.41845566, 0.90488958, 0.42247799, 0.16567498, 0.62897092, 0.14629725)
(0.68864512, 0.50072080, 0.71323729, 0.40447611, 0.67025250, 0.55785465, 0.28279081, 0.88757461, 0.12884480, 0.60391873)
(0.25581104, 0.54297370, 0.09817240, 0.74805200, 0.66114950, 0.86954421, 0.33655280, 0.40628850, 0.70503783, 0.67255116)
(0.67507422, 0.55903941, 0.56987679, 0.05737063, 0.82265759, 0.13437840, 0.45733288, 0.51513106, 0.64578092, 0.59352010)
(0.34815907, 0.81166625, 0.77201730, 0.36176467, 0.02554355, 0.43462625, 0.47889650, 0.48583111, 0.53476858, 0.39111981)
(0.74334937, 0.62598234, 0.05072339, 0.18175946, 0.06366836, 0.39921278, 0.24386415, 0.85589612, 0.16771068, 0.74623752)
(0.53993315, 0.77364731, 0.53500569, 0.40445271, 0.91864645, 0.07397651, 0.12481006, 0.32240611, 0.70260167, 0.05966652)
(0.28565285, 0.71875364, 0.81420434, 0.14852308, 0.93657613, 0.49388820, 0.51646346, 0.44564801, 0.86249286, 0.30479097)
(0.54422128, 0.25134039, 0.60689819, 0.25678617, 0.82987189, 0.39016846, 0.60979640, 0.76287371, 0.03285130, 0.37658837)
(0.73612887, 0.42005023, 0.08667184, 0.53744143, 0.30185869, 0.61738151, 0.68479478, 0.92155570, 0.17980857, 0.85698658)
(0.19230911, 0.08820559, 0.25832319, 0.48426479, 0.27108771, 0.59311789, 0.83103561, 0.87192899, 0.53955442, 0.62489277)
(0.43264088, 0.21123339, 0.87719822, 0.39189821, 0.04290800, 0.07337114, 0.50664258, 0.06074864, 0.29648897, 0.24423669)
(0.90808523, 0.34623677, 0.13938059, 0.21259005, 0.66800064, 0.06859118, 0.83663404, 0.11527603, 0.18237878, 0.09323402)
(0.34891275, 0.40729362, 0.80503964, 0.58503449, 0.31852815, 0.36162245, 0.63328391, 0.05439445, 0.68113792, 0.91040200)
(0.22515193, 0.72018892, 0.80590212, 0.55868208, 0.28080982, 0.72618467, 0.82531977, 0.28709757, 0.61318505, 0.69840038)
(0.40988624, 0.57035857, 0.82324946, 0.34110826, 0.88828987, 0.28458166, 0.32348406, 0.37516266, 0.71022367, 0.48746529)
(0.29466808, 0.88087088, 0.35249180, 0.29137644, 0.92536288, 0.03071422, 0.09247382, 0.25114128, 0.74896145, 0.11089955)
(0.55605799, 0.28023216, 0.66216874, 0.26119629, 0.54629165, 0.06714182, 0.38476920, 0.93272036, 0.15210851, 0.77808040)
(0.81327271, 0.43779552, 0.06157205, 0.91265148, 0.19970079, 0.77234232, 0.72070539, 0.47347054, 0.51034611, 0.75157523)
(0.24237560, 0.44327486, 0.74288946, 0.55008483, 0.81377411, 0.42230201, 0.53767920, 0.19970444, 0.56014878, 0.71424985)
(0.43135649, 0.79485518, 0.58499688, 0.26626864, 0.11370563, 0.57342541, 0.53670758, 0.60790759, 0.47879079, 0.39223868)
(0.05088175, 0.91149861, 0.81075031, 0.15768264, 0.26592824, 0.43457779, 0.03852646, 0.74188280, 0.68621159, 0.36950350)
(0.04970730, 0.61289406, 0.25077838, 0.62719446, 0.45721403, 0.77958012, 0.31351626, 0.65256679, 0.90844476, 0.55008036)
(0.34150741, 0.34243807, 0.42337096, 0.30877140, 0.68382865, 0.96823007, 0.26237041, 0.49306729, 0.20488930, 0.69762874)
(0.29759407, 0.31460240, 0.04854123, 0.66252983, 0.66624647, 0.26140389, 0.50320780, 0.39379129, 0.95081830, 0.74793428)
(0.63609272, 0.53709835, 0.12402885, 0.77022356, 0.41152784, 0.91248262, 0.80014729, 0.67347854, 0.21645933, 0.92471045)
(0.18856868, 0.52675903, 0.15364392, 0.69566262, 0.53364480, 0.93180418, 0.61798924, 0.28004396, 0.51508552, 0.27923387)
(0.63991225, 0.34653559, 0.31672859, 0.37154594, 0.26588267, 0.82494992, 0.73335916, 0.71202564, 0.28194883, 0.95708883)
(0.39068341, 0.43453434, 0.51553738, 0.38245502, 0.26283601, 0.86802649, 0.24370340, 0.11340120, 0.10541642, 0.54238385)
(0.24283126, 0.53427494, 0.33994159, 0.84009933, 0.47925910, 0.80046970, 0.78353524, 0.45584226, 0.07047369, 0.39723504)
(0.49718413, 0.08522473, 0.43019459, 0.47018066, 0.60263455, 0.21508995, 0.07034115, 0.32129917, 0.61678582, 0.75014323)
(0.27429783, 0.56464624, 0.62764716, 0.12522849, 0.32617804, 0.75982648, 0.71905583, 0.36897764, 0.32150090, 0.59113497)
(0.02486552, 0.32590967, 0.66013879, 0.41036361, 0.18551870, 0.44456947, 0.48268911, 0.06929653, 0.74068928, 0.58300048)
(0.55329108, 0.88519156, 0.80057240, 0.73817354, 0.77202064, 0.24352889, 0.24446152, 0.17017159, 0.81748784, 0.74073660)
(0.49415109, 0.06040458, 0.12663947, 0.52833158, 0.84990650, 0.11459659, 0.24777980, 0.65273374, 0.11624662, 0.79661834)
(0.51837170, 0.33582807, 0.68615061, 0.74331993, 0.28010920, 0.37580231, 0.16139895, 0.72828585, 0.56228578, 0.23605266)
(0.23073487, 0.49319518, 0.70111066, 0.45559761, 0.21378611, 0.80877751, 0.50319511, 0.28434220, 0.08988003, 0.63441622)
(0.27803341, 0.45932341, 0.37126401, 0.47461170, 0.78365415, 0.81643212, 0.59469426, 0.31789359, 0.56216145, 0.52152610)
(0.63100916, 0.25827554, 0.46509367, 0.85295808, 0.50018948, 0.49736726, 0.86156458, 0.59244543, 0.09363738, 0.13390113)
(0.52516729, 0.33375564, 0.05840188, 0.83900702, 0.22406478, 0.81705260, 0.71687847, 0.84564942, 0.25338912, 0.40702438)
(0.35579902, 0.34088588, 0.11765139, 0.03866584, 0.87718409, 0.09103809, 0.64797950, 0.83938104, 0.77638072, 0.23683964)
(0.46264419, 0.32158750, 0.63478827, 0.78065604, 0.25096700, 0.16497023, 0.05520903, 0.11291263, 0.45609006, 0.50848728)
(0.38580737, 0.33573568, 0.06516228, 0.80676091, 0.42079502, 0.71290731, 0.83655435, 0.43790907, 0.19175881, 0.34683147)
(0.40637991, 0.21513720, 0.32581624, 0.15622683, 0.34946886, 0.63574398, 0.05872485, 0.83811277, 0.39958623, 0.65386075)
(0.75366414, 0.74657571, 0.55066252, 0.82865167, 0.71343011, 0.24855582, 0.97376436, 0.18649496, 0.50386697, 0.18437873)
(0.07541530, 0.25027812, 0.51619339, 0.30515406, 0.59180462, 0.93962443, 0.37267861, 0.23825733, 0.14508964, 0.33749589)
(0.49121141, 0.32032546, 0.96177632, 0.31670624, 0.17055418, 0.39539310, 0.72047538, 0.12525341, 0.64755267, 0.56878728)
(0.25173983, 0.30799958, 0.46846631, 0.46033353, 0.36359930, 0.65645379, 0.02507477, 0.41815019, 0.61823374, 0.65836483)
(0.75606686, 0.15400763, 0.09704367, 0.67316830, 0.83571231, 0.19553353, 0.47861290, 0.84100294, 0.09698880, 0.80546731)
(0.39868635, 0.72298837, 0.52390999, 0.62789059, 0.43862334, 0.35323077, 0.14340799, 0.21723922, 0.58317780, 0.18988971)
(0.46767950, 0.52298844, 0.83904624, 0.46695483, 0.56792569, 0.65851223, 0.17530568, 0.31127432, 0.82701701, 0.53996885)
(0.60840482, 0.82205546, 0.71389031, 0.13875735, 0.32851556, 0.38219735, 0.09076826, 0.60305542, 0.91873318, 0.55218339)
(0.06804476, 0.30234939, 0.14709769, 0.68136656, 0.57582974, 0.83283722, 0.69489008, 0.15281443, 0.36523581, 0.38639629)
(0.48053637, 0.29902166, 0.69620413, 0.55525088, 0.73466355, 0.85716319, 0.48485690, 0.86659032, 0.06535683, 0.46500477)
(0.19260103, 0.14708696, 0.08789932, 0.75757021, 0.44291046, 0.65398264, 0.83630174, 0.63296682, 0.31303969, 0.45432827)
(0.47568488, 0.33744991, 0.69822162, 0.37996474, 0.52703339, 0.11710861, 0.60495925, 0.70714360, 0.63075519, 0.41510534)
(0.48092753, 0.34284788, 0.19884922, 0.97280407, 0.58242315, 0.55434930, 0.93617183, 0.30914322, 0.64346635, 0.33081791)
(0.88921613, 0.38988307, 0.25493529, 0.37291262, 0.25614917, 0.64570218, 0.16903819, 0.73919177, 0.21990009, 0.93558669)
(0.65480721, 0.12075515, 0.18466175, 0.37357968, 0.63059640, 0.56857961, 0.70918554, 0.39812744, 0.04929178, 0.18319264)
(0.55962896, 0.37364724, 0.89378268, 0.41646412, 0.46508780, 0.29845029, 0.32426888, 0.33532822, 0.48608482, 0.32319716)
(0.58682334, 0.43620729, 0.42583045, 0.42795449, 0.69102007, 0.72814947, 0.46105683, 0.14777842, 0.48407972, 0.74079561)
(0.88904500, 0.35463557, 0.04627638, 0.91364515, 0.41399035, 0.63975245, 0.84183878, 0.24992320, 0.26244387, 0.45973617)
(0.78888738, 0.25916436, 0.61151689, 0.48495388, 0.88162583, 0.45650649, 0.39914361, 0.84232289, 0.14771517, 0.72774273)
(0.40272307, 0.20736125, 0.55158359, 0.17365837, 0.78631860, 0.77215111, 0.69756311, 0.07171343, 0.55981243, 0.25923792)
(0.37432167, 0.87678683, 0.71445823, 0.21939266, 0.52826601, 0.73299241, 0.63620782, 0.43558565, 0.56763893, 0.59573334)
(0.88351899, 0.38362372, 0.06569927, 0.79856807, 0.19879504, 0.88309634, 0.78365636, 0.56482071, 0.26426968, 0.51463205)
(0.27069813, 0.74199545, 0.67296416, 0.07561498, 0.36827382, 0.91057438, 0.51333708, 0.21578453, 0.32552510, 0.78717625)
(0.40808001, 0.66223669, 0.56924391, 0.15857238, 0.24444950, 0.57732898, 0.83907300, 0.27798450, 0.45871913, 0.38970479)
(0.88097245, 0.88358355, 0.37357312, 0.08763885, 0.59697175, 0.71299034, 0.60817528, 0.18742475, 0.72069287, 0.58006012)
(0.51493192, 0.30781934, 0.82732081, 0.45300025, 0.66868216, 0.73886353, 0.85635328, 0.81389308, 0.02712431, 0.20222372)
(0.12270844, 0.35177511, 0.77430326, 0.87885964, 0.24471252, 0.74387151, 0.11691468, 0.35483581, 0.44557267, 0.73323321)
(0.43337548, 0.31525874, 0.19456136, 0.84397638, 0.85007465, 0.11917567, 0.85569286, 0.55222034, 0.96683425, 0.20629154)
(0.21539919, 0.96785051, 0.35647506, 0.51101404, 0.19596119, 0.29853019, 0.46821314, 0.73208392, 0.62687922, 0.40116060)
(0.80946445, 0.58307815, 0.48767874, 0.30884543, 0.50254077, 0.59071320, 0.68250072, 0.21274236, 0.28038606, 0.89337867)
(0.95232880, 0.37006834, 0.07016740, 0.72215569, 0.39487559, 0.61151499, 0.79826516, 0.16653416, 0.54049975, 0.73163199)
(0.22846058, 0.07458863, 0.50537300, 0.14410017, 0.61154956, 0.42521834, 0.88786942, 0.16942634, 0.24750075, 0.32485485)
(0.17733335, 0.68016231, 0.35069621, 0.38759476, 0.81602466, 0.19016092, 0.14785902, 0.08047711, 0.68653423, 0.57789648)
(0.46109083, 0.22537582, 0.44784069, 0.17088507, 0.91026610, 0.15410787, 0.53980941, 0.42796907, 0.01722640, 0.46798500)
(0.78594428, 0.68557471, 0.35244745, 0.82266313, 0.31410000, 0.31696451, 0.93426931, 0.14445350, 0.24734271, 0.07250429)
(0.79785681, 0.56083453, 0.12576333, 0.87969077, 0.40707833, 0.90458125, 0.59704274, 0.38312396, 0.08063270, 0.45935878)
(0.26746288, 0.53435248, 0.17240210, 0.88530499, 0.06255780, 0.83888799, 0.55591714, 0.67581040, 0.82386756, 0.41506675)
(0.39900774, 0.59167808, 0.56018054, 0.67215019, 0.23680313, 0.53602111, 0.06085327, 0.09439853, 0.41611165, 0.32104602)
(0.12557410, 0.13423222, 0.54453158, 0.33689255, 0.75544149, 0.51640350, 0.50944775, 0.13115159, 0.53502065, 0.32227218)
(0.59037286, 0.38257140, 0.11314470, 0.59590673, 0.47151932, 0.30242053, 0.41479251, 0.23818135, 0.95539534, 0.94451606)
(0.19089583, 0.28080666, 0.54861647, 0.09603368, 0.39275697, 0.75887465, 0.46244428, 0.80809242, 0.30038202, 0.55769414)
(0.68788189, 0.58056164, 0.62076855, 0.44715217, 0.33034700, 0.68300653, 0.69782925, 0.61312938, 0.11025617, 0.61390442)
(0.20666805, 0.08444940, 0.08222010, 0.85479653, 0.42090866, 0.24043649, 0.67270041, 0.44273153, 0.93686515, 0.34629792)
(0.50244814, 0.19725038, 0.04064774, 0.13330063, 0.06008114, 0.64965498, 0.23788065, 0.57559770, 0.46126482, 0.81130773)
(0.21134394, 0.75736946, 0.90920699, 0.47460419, 0.66130322, 0.65062869, 0.77643418, 0.40290287, 0.89709222, 0.43173590)
(0.54333043, 0.08006418, 0.03999849, 0.44534111, 0.82386988, 0.54308856, 0.51595557, 0.29448467, 0.33586729, 0.53703099)
(0.38177130, 0.20798410, 0.05846132, 0.59564745, 0.67660671, 0.77563250, 0.66700506, 0.29101217, 0.38901514, 0.73784399)
(0.87318808, 0.47964954, 0.66408557, 0.24642147, 0.16540076, 0.23265359, 0.94245273, 0.39261451, 0.79787415, 0.88005888)
(0.67480034, 0.75738692, 0.65483713, 0.43974140, 0.75808305, 0.47833058, 0.78837591, 0.23498112, 0.15451501, 0.46226680)
(0.83053601, 0.36538583, 0.63494390, 0.62860584, 0.56772155, 0.17917301, 0.18262802, 0.26010904, 0.54289788, 0.71569949)
(0.66531253, 0.72357553, 0.56980896, 0.28297171, 0.07959099, 0.62674743, 0.62673807, 0.61163509, 0.19841935, 0.35070521)
(0.76320869, 0.60132658, 0.61154073, 0.05624501, 0.31374583, 0.68479657, 0.21340810, 0.94683439, 0.19486599, 0.89150679)
(0.48566911, 0.65317261, 0.25120780, 0.35285610, 0.25097886, 0.34260231, 0.94923276, 0.23415054, 0.34829774, 0.20716341)
(0.13422352, 0.30726835, 0.36792448, 0.08235182, 0.56237996, 0.52228177, 0.76239395, 0.19357714, 0.64633542, 0.40737480)
(0.19874671, 0.90574950, 0.75400424, 0.14982533, 0.31764004, 0.63047165, 0.43711212, 0.20035876, 0.80152440, 0.73390353)
(0.18448678, 0.54887336, 0.35478941, 0.26493648, 0.87664241, 0.37776616, 0.72051859, 0.25639009, 0.82231605, 0.05581436)
(0.86519980, 0.61940926, 0.75884902, 0.63090503, 0.05596834, 0.35871270, 0.89382708, 0.52283758, 0.19170354, 0.70955020)
(0.07307914, 0.29001558, 0.21766175, 0.53338176, 0.82372630, 0.50283545, 0.74134481, 0.11026443, 0.58757502, 0.13892259)
(0.94872814, 0.51005930, 0.10407172, 0.42309105, 0.48782027, 0.23782708, 0.93888891, 0.12516133, 0.78146225, 0.82744706)
(0.60529953, 0.19809204, 0.82059020, 0.80910212, 0.45487183, 0.15761088, 0.17089780, 0.20385417, 0.36581457, 0.20920831)
(0.23155610, 0.55202824, 0.50483447, 0.16817978, 0.39526325, 0.51202935, 0.71226388, 0.06788479, 0.76778018, 0.43110216)
(0.11365137, 0.30591935, 0.61850816, 0.42689940, 0.57694525, 0.86898798, 0.41703752, 0.18915302, 0.41519591, 0.41805083)
(0.17549713, 0.65500766, 0.65946370, 0.17677975, 0.21173160, 0.63555849, 0.55513996, 0.30321234, 0.44720343, 0.61051118)
(0.33780679, 0.53080845, 0.50722140, 0.40914398, 0.41910911, 0.83438069, 0.80690348, 0.28390303, 0.51925433, 0.44979489)
(0.29079214, 0.13251401, 0.47635755, 0.29671961, 0.81920767, 0.59658808, 0.46239614, 0.12951462, 0.61755228, 0.13549544)
(0.67591316, 0.54073811, 0.81405163, 0.59114945, 0.75815040, 0.81808358, 0.91559458, 0.50133646, 0.03642718, 0.82807171)
(0.01514005, 0.95115364, 0.82911229, 0.39245060, 0.25344816, 0.24041745, 0.32771385, 0.51410282, 0.79330182, 0.43395802)
(0.71787190, 0.58518565, 0.95826888, 0.80592895, 0.40853375, 0.16464132, 0.14869477, 0.19671749, 0.56540185, 0.28217560)
(0.40200132, 0.56764352, 0.21256047, 0.62162018, 0.68108040, 0.93653119, 0.35809234, 0.47900546, 0.16784556, 0.84246850)
(0.53983885, 0.63379842, 0.65743542, 0.29507631, 0.36124018, 0.53148985, 0.13711303, 0.11714373, 0.34001842, 0.66304833)
(0.66366225, 0.57915676, 0.65442705, 0.31976447, 0.68105185, 0.22494423, 0.74081308, 0.80909812, 0.69411182, 0.36793855)
(0.78610933, 0.92818826, 0.18077886, 0.06425534, 0.57761192, 0.38016716, 0.86939925, 0.68787855, 0.89726573, 0.58868748)
(0.41284719, 0.13361338, 0.76455784, 0.73502409, 0.58123767, 0.35690019, 0.07903630, 0.24237651, 0.47070152, 0.90417314)
(0.73207521, 0.22051455, 0.80402017, 0.62924510, 0.68674171, 0.46755317, 0.53173018, 0.63084108, 0.45727539, 0.51895207)
(0.73184651, 0.78755033, 0.40764490, 0.26486412, 0.52995354, 0.45283386, 0.47075382, 0.12517156, 0.44110274, 0.31815553)
(0.46195975, 0.95666915, 0.46830249, 0.15745476, 0.15157531, 0.85540414, 0.49926129, 0.86634129, 0.90243953, 0.35839656)
(0.35855886, 0.40160963, 0.91424376, 0.60453433, 0.18338758, 0.84691340, 0.46526599, 0.11673690, 0.49861974, 0.74579179)
(0.53525621, 0.36105904, 0.06881150, 0.91303444, 0.29385847, 0.56666851, 0.84710354, 0.32397208, 0.63600498, 0.62224644)
(0.27100784, 0.19538058, 0.36433896, 0.16267933, 0.56148797, 0.77007604, 0.59787291, 0.10452157, 0.40558812, 0.20775455)
(0.76904887, 0.52161944, 0.69202662, 0.80931443, 0.41822857, 0.76071817, 0.93423933, 0.36150587, 0.57547158, 0.22435254)
(0.56962699, 0.33432645, 0.86173892, 0.53899199, 0.43028697, 0.77611858, 0.90619117, 0.51175755, 0.29167420, 0.36609265)
(0.83885932, 0.51307774, 0.16418403, 0.48744616, 0.66231668, 0.59526867, 0.64136159, 0.23385839, 0.03189351, 0.28719163)
(0.36311236, 0.81386977, 0.65854424, 0.27957332, 0.80019689, 0.88726258, 0.15357265, 0.34986117, 0.82550210, 0.22960828)
(0.67437118, 0.21923803, 0.42083585, 0.23860307, 0.36514056, 0.60623014, 0.17593127, 0.02986339, 0.80993104, 0.23382115)
(0.11921150, 0.70378107, 0.78304279, 0.28179780, 0.26479346, 0.47449192, 0.18669200, 0.12911454, 0.34410337, 0.47500142)
(0.56909567, 0.97719175, 0.74778825, 0.05911308, 0.52258730, 0.90052044, 0.69532412, 0.44012278, 0.58071685, 0.72551870)
(0.28634861, 0.93272769, 0.85104346, 0.05829229, 0.38136825, 0.93339247, 0.72446275, 0.48873430, 0.45893779, 0.59049761)
(0.57624823, 0.68354100, 0.42321888, 0.35809684, 0.96316934, 0.48715338, 0.39437297, 0.30017689, 0.92849308, 0.43746370)
(0.63248086, 0.47527304, 0.56855631, 0.18649092, 0.55619442, 0.67930067, 0.47622931, 0.41672170, 0.09683084, 0.16208969)
(0.42004830, 0.42854378, 0.30763322, 0.39407703, 0.55000210, 0.36024946, 0.92446882, 0.07867648, 0.28878513, 0.17138034)
(0.63809544, 0.66507751, 0.33663881, 0.15607446, 0.50120848, 0.19287522, 0.93109995, 0.89396763, 0.89073366, 0.62871283)
(0.48330468, 0.41133162, 0.45433298, 0.31723097, 0.35099894, 0.90604532, 0.16686186, 0.10627660, 0.26737580, 0.16061440)
(0.51421404, 0.14674234, 0.84257597, 0.20809807, 0.74626255, 0.26183474, 0.44418025, 0.95774215, 0.27435163, 0.68334323)
(0.05310192, 0.67132127, 0.84164995, 0.28150526, 0.53194594, 0.69687080, 0.58098757, 0.45884159, 0.77259433, 0.28761962)
(0.44364479, 0.22090283, 0.29119602, 0.34698039, 0.59085870, 0.77261382, 0.64433104, 0.13262445, 0.18121661, 0.14454420)
(0.26935059, 0.40790385, 0.46506715, 0.33304197, 0.66036642, 0.70213497, 0.28818658, 0.24862292, 0.39613152, 0.16507879)
(0.29475352, 0.98116380, 0.75725204, 0.31071883, 0.75641191, 0.82361400, 0.09773327, 0.51150209, 0.91397738, 0.75084227)
(0.36153388, 0.63867873, 0.33456999, 0.80344987, 0.76869524, 0.31133211, 0.03946650, 0.24341618, 0.75472718, 0.67980427)
(0.42027628, 0.59296763, 0.82400751, 0.77182972, 0.51820767, 0.40425995, 0.16451584, 0.12926686, 0.31643793, 0.85368896)
(0.78210884, 0.15524819, 0.92597944, 0.27878317, 0.30717391, 0.29935777, 0.83458251, 0.32527563, 0.24848786, 0.60609502)
(0.65762717, 0.19488306, 0.80391318, 0.73217106, 0.49958882, 0.43654534, 0.12380271, 0.73029798, 0.32702020, 0.65586060)
(0.46179751, 0.79530084, 0.70850891, 0.27144855, 0.08655447, 0.74224848, 0.68726623, 0.31754708, 0.28509781, 0.71049976)
(0.15744728, 0.73379123, 0.50266874, 0.70599473, 0.92615199, 0.30318588, 0.08340914, 0.14183761, 0.71181273, 0.34091529)
(0.26752397, 0.77534348, 0.16587479, 0.83331376, 0.62670118, 0.83686596, 0.88090998, 0.09550625, 0.31023943, 0.62606961)
(0.10002899, 0.93113291, 0.53415108, 0.48613086, 0.62097210, 0.20204093, 0.03657641, 0.39496100, 0.47055313, 0.34934267)
(0.14576147, 0.47832957, 0.25810248, 0.29508528, 0.10703114, 0.55371946, 0.47585845, 0.08895366, 0.48006842, 0.63192499)
(0.48845932, 0.78430706, 0.42036083, 0.47095823, 0.93012059, 0.47977880, 0.52997702, 0.40552902, 0.85658896, 0.16443154)
(0.29115149, 0.16188379, 0.83885533, 0.33740839, 0.28651479, 0.89326352, 0.10961375, 0.72109079, 0.40804809, 0.77055484)
(0.32294807, 0.25024906, 0.54132497, 0.29799590, 0.36090764, 0.54983240, 0.78725702, 0.21649353, 0.32428548, 0.63156879)
(0.79346716, 0.14062640, 0.11436736, 0.91620928, 0.13050646, 0.61366934, 0.77355707, 0.54662561, 0.85905522, 0.39484838)
(0.42619401, 0.86755884, 0.14642440, 0.92457420, 0.63319790, 0.83477700, 0.89084119, 0.31103471, 0.79229599, 0.36831841)
(0.35757780, 0.65662134, 0.58151937, 0.15149051, 0.09541898, 0.50761455, 0.71743429, 0.49169189, 0.53251386, 0.61072040)
(0.76851308, 0.67076820, 0.66905355, 0.31159446, 0.71110094, 0.81070501, 0.39626262, 0.16985260, 0.58446568, 0.49105924)
(0.54620659, 0.55558264, 0.76641887, 0.31574717, 0.35161495, 0.06247701, 0.43496943, 0.50542468, 0.35758916, 0.66246700)
(0.11041392, 0.07756501, 0.65917695, 0.47664028, 0.78238410, 0.70369917, 0.57609934, 0.34580517, 0.43088841, 0.43631917)
(0.08182460, 0.15240881, 0.16045587, 0.66914362, 0.68430805, 0.62453985, 0.36419934, 0.56898499, 0.89271736, 0.81841117)
(0.11326088, 0.78550410, 0.40310878, 0.15774161, 0.54059595, 0.37420824, 0.33889821, 0.31167188, 0.80424553, 0.20322645)
(0.29390988, 0.07716970, 0.68185329, 0.48226699, 0.72985709, 0.45761737, 0.28673992, 0.76921022, 0.25297430, 0.30457175)
(0.35634452, 0.58141232, 0.94033796, 0.65341830, 0.77391011, 0.56197244, 0.31769702, 0.18458048, 0.65940058, 0.46595481)
(0.47778371, 0.10773382, 0.32758784, 0.64557821, 0.84285772, 0.26693112, 0.48121184, 0.71198535, 0.17070837, 0.70326650)
(0.51554877, 0.81584561, 0.45173496, 0.24690843, 0.35873392, 0.18075700, 0.14435667, 0.66315454, 0.75686723, 0.25145635)
(0.54885918, 0.69198012, 0.04144367, 0.93305266, 0.51507866, 0.69271725, 0.90405881, 0.23416105, 0.74568361, 0.63405228)
(0.08850089, 0.17723872, 0.66841936, 0.64565241, 0.39178562, 0.21724680, 0.76235074, 0.16749883, 0.79192412, 0.37188965)
(0.66720462, 0.47862858, 0.83125061, 0.67263991, 0.10837918, 0.62239403, 0.09526175, 0.18611300, 0.05621025, 0.86962020)
(0.60615051, 0.48579168, 0.89787871, 0.58596492, 0.41399711, 0.83747083, 0.87905580, 0.62047511, 0.04408232, 0.64853489)
(0.57289207, 0.85546327, 0.56158113, 0.48456103, 0.35610554, 0.59307522, 0.12538977, 0.16995896, 0.19643635, 0.56375045)
(0.33518577, 0.59927827, 0.95426297, 0.40434471, 0.13996913, 0.79204971, 0.63457835, 0.31497934, 0.21986662, 0.65379572)
(0.18587515, 0.90930885, 0.88449341, 0.18206076, 0.08378382, 0.67440468, 0.65406609, 0.49468488, 0.70853496, 0.45340234)
(0.38991195, 0.68931997, 0.67219192, 0.22119579, 0.76057214, 0.37836948, 0.45416537, 0.17647655, 0.79409242, 0.69818950)
(0.70053589, 0.90774661, 0.36159202, 0.34736434, 0.49350518, 0.55188370, 0.84967333, 0.77720636, 0.56780368, 0.68021375)
(0.47871396, 0.55074012, 0.94379157, 0.32046700, 0.36206552, 0.69380134, 0.91418809, 0.16646658, 0.74533319, 0.72485065)
(0.37745839, 0.26896921, 0.50162476, 0.59733063, 0.58984381, 0.62969708, 0.15414804, 0.15405276, 0.75277996, 0.16011600)
(0.05712510, 0.13422683, 0.56007910, 0.46648580, 0.38630506, 0.72549874, 0.36832210, 0.14899091, 0.44483736, 0.49002874)
(0.50447202, 0.28746769, 0.03816341, 0.55623537, 0.59687144, 0.81341380, 0.49691141, 0.24311739, 0.07246768, 0.60970455)
(0.69226617, 0.44598582, 0.03633581, 0.89187038, 0.37869874, 0.52694607, 0.84940934, 0.34259757, 0.67687970, 0.89028519)
(0.14336935, 0.28749871, 0.13600519, 0.79962498, 0.67440808, 0.72262001, 0.82682192, 0.25056487, 0.65098315, 0.74986905)
(0.36889392, 0.24667183, 0.57789993, 0.34421909, 0.78186524, 0.73205531, 0.80362630, 0.58302993, 0.03858516, 0.64905757)
(0.24629556, 0.60474008, 0.31714174, 0.28264320, 0.39215353, 0.49719167, 0.87548989, 0.38158879, 0.58191943, 0.23025353)
(0.76499379, 0.40624049, 0.47378078, 0.55584449, 0.80834997, 0.62562466, 0.52480245, 0.70749998, 0.19631134, 0.83038628)
(0.12418593, 0.15733343, 0.60499179, 0.41032708, 0.65323085, 0.58247209, 0.53816140, 0.05895388, 0.79698664, 0.68159378)
(0.70079368, 0.48534226, 0.15182297, 0.86618674, 0.47472382, 0.87024504, 0.86880505, 0.32981971, 0.18568668, 0.21542655)
(0.42055568, 0.17885442, 0.78823102, 0.32544437, 0.21337123, 0.35283849, 0.05629365, 0.75978535, 0.23597497, 0.67458928)
(0.18623294, 0.05557949, 0.06106790, 0.39523283, 0.12679376, 0.46468309, 0.32119942, 0.18864907, 0.53656399, 0.80226171)
(0.42016694, 0.16709249, 0.08287811, 0.53991067, 0.79729307, 0.75617367, 0.69061023, 0.10173135, 0.59831625, 0.41654325)
(0.60523838, 0.33682677, 0.33432016, 0.31096584, 0.84674281, 0.72895503, 0.56886345, 0.09864346, 0.74721181, 0.34412876)
(0.14195666, 0.86970001, 0.75009674, 0.34583825, 0.07998601, 0.64876217, 0.71874899, 0.49234745, 0.64764887, 0.50729758)
(0.28416193, 0.94619799, 0.81402010, 0.24009684, 0.62045991, 0.52866429, 0.04803071, 0.37287906, 0.88311881, 0.54893959)
(0.25741872, 0.78844345, 0.54173642, 0.11493767, 0.49465403, 0.80956906, 0.58293909, 0.39140409, 0.40444338, 0.32439598)
(0.43040982, 0.25821701, 0.80257595, 0.29387352, 0.42146298, 0.10336757, 0.51680863, 0.72704864, 0.47884217, 0.36562005)
(0.68776989, 0.25350621, 0.86963934, 0.31291485, 0.19924134, 0.12263887, 0.32474294, 0.37132680, 0.19637176, 0.19488648)
(0.49774465, 0.11036547, 0.13962546, 0.14917204, 0.05548847, 0.63772112, 0.06432296, 0.31332058, 0.44374079, 0.92239612)
(0.43442446, 0.45577300, 0.89145780, 0.74552125, 0.57048690, 0.85928047, 0.16990373, 0.31206179, 0.89305115, 0.27213386)
(0.86967009, 0.25872353, 0.83913648, 0.50669485, 0.45489404, 0.30615756, 0.20170166, 0.94101006, 0.22353061, 0.82648224)
(0.37997013, 0.77635044, 0.30516741, 0.17309780, 0.69503796, 0.88147813, 0.42212906, 0.09028875, 0.69263875, 0.57940882)
(0.24839620, 0.32823616, 0.49041033, 0.39716238, 0.85698503, 0.23505686, 0.72914255, 0.35832137, 0.68976194, 0.06489140)
(0.57710320, 0.76314729, 0.78561401, 0.73134995, 0.11054870, 0.41703525, 0.90952939, 0.59383464, 0.58295029, 0.58286405)
(0.62391412, 0.28395125, 0.58147866, 0.77975881, 0.68499625, 0.24451530, 0.02104182, 0.40819150, 0.74797463, 0.46127385)
(0.76001179, 0.07983190, 0.39883223, 0.52577037, 0.10174638, 0.18770368, 0.07181071, 0.10466707, 0.29192194, 0.34178796)
(0.93669641, 0.25475436, 0.28954715, 0.29763386, 0.27508205, 0.78461605, 0.14086770, 0.67561418, 0.30211192, 0.53438753)
(0.12673624, 0.20188016, 0.73948109, 0.55207038, 0.95446223, 0.50098401, 0.50189471, 0.22545628, 0.62307686, 0.68905699)
(0.28187874, 0.16489336, 0.13363880, 0.67401546, 0.37940782, 0.71636575, 0.37840635, 0.80513746, 0.25914946, 0.23671189)
(0.71327239, 0.80695355, 0.21283792, 0.47900775, 0.37793046, 0.20665860, 0.92557466, 0.56333780, 0.43239567, 0.36595762)
(0.16781867, 0.48935801, 0.04731946, 0.66063362, 0.95120084, 0.40388635, 0.56870192, 0.14426689, 0.74895746, 0.28983706)
(0.16524349, 0.71439362, 0.60725772, 0.33290750, 0.83081496, 0.59723240, 0.14702466, 0.12319940, 0.80037087, 0.75212133)
(0.90407860, 0.36654872, 0.56970900, 0.30641660, 0.19285560, 0.75723112, 0.13238460, 0.07419895, 0.41941640, 0.64245349)
(0.42728418, 0.79924434, 0.08997893, 0.79790586, 0.47949940, 0.80508161, 0.90353340, 0.04871079, 0.39587530, 0.40004563)
(0.23224062, 0.49379575, 0.23328592, 0.63209975, 0.54376310, 0.88822770, 0.54457700, 0.50084871, 0.44750580, 0.86409640)
(0.32795444, 0.75664568, 0.80358309, 0.24560376, 0.74993509, 0.41631711, 0.55888665, 0.26691705, 0.83018833, 0.67590141)
(0.41553307, 0.37070340, 0.79983068, 0.21697524, 0.61213440, 0.28061011, 0.37172848, 0.76431537, 0.36857525, 0.23657249)
(0.53996968, 0.68161583, 0.48795226, 0.60897082, 0.75714487, 0.09403873, 0.00993249, 0.21017051, 0.87656265, 0.31541333)
(0.19065411, 0.23284753, 0.42693883, 0.17724727, 0.47076830, 0.55678129, 0.70811176, 0.07588404, 0.60208642, 0.41795784)
(0.22528559, 0.39182165, 0.22949180, 0.04620171, 0.58416557, 0.19271895, 0.90218800, 0.10553277, 0.19504616, 0.48731369)
(0.30128562, 0.78684324, 0.55415338, 0.21163678, 0.90198833, 0.55495006, 0.42684543, 0.47070453, 0.90978402, 0.34408811)
(0.67662966, 0.76430511, 0.91420442, 0.40289646, 0.33701202, 0.67365247, 0.31601530, 0.45338821, 0.10883425, 0.60717297)
(0.33171576, 0.16009726, 0.42532238, 0.28296918, 0.13689432, 0.49736148, 0.52661526, 0.21523789, 0.14682397, 0.44014969)
(0.58650589, 0.04623386, 0.96085930, 0.14122154, 0.37011847, 0.24971148, 0.52605742, 0.20926012, 0.35555226, 0.30402020)
(0.84166801, 0.17194360, 0.91366470, 0.46844482, 0.42663538, 0.13656057, 0.38240418, 0.93666166, 0.21437196, 0.62205380)
(0.53179079, 0.87578171, 0.49574265, 0.28044823, 0.77415293, 0.85038745, 0.57845330, 0.45555985, 0.92235059, 0.46994478)
(0.41254169, 0.03096055, 0.93721372, 0.36727512, 0.31143987, 0.34804264, 0.11662048, 0.16216986, 0.33824575, 0.69694519)
(0.64401567, 0.26111627, 0.41110456, 0.29041025, 0.22405030, 0.51529795, 0.47040975, 0.09508678, 0.21188608, 0.61013252)
(0.13480209, 0.85043591, 0.58756232, 0.64422506, 0.67636627, 0.26012036, 0.16709118, 0.27809688, 0.42946985, 0.32537693)
(0.81564480, 0.20621997, 0.04198742, 0.67923617, 0.03953095, 0.47817212, 0.51538789, 0.43645144, 0.45311967, 0.85890031)
(0.77228183, 0.24729988, 0.78962862, 0.80271947, 0.53112167, 0.53242141, 0.31163609, 0.64664692, 0.35357410, 0.90196127)
(0.25347152, 0.50586760, 0.41204387, 0.47693244, 0.81571543, 0.26343653, 0.06970069, 0.04143432, 0.83229786, 0.74134696)
(0.16964671, 0.08259077, 0.51600939, 0.19172513, 0.72969359, 0.85964012, 0.61373067, 0.43905708, 0.34162775, 0.76674634)
(0.32109132, 0.62670940, 0.10437603, 0.80533111, 0.45961088, 0.94667453, 0.53989941, 0.20256025, 0.15657893, 0.51379168)
(0.39467871, 0.91316193, 0.14379294, 0.38499847, 0.31363392, 0.32993937, 0.92749071, 0.84051210, 0.87459958, 0.35310918)
(0.59276319, 0.63287199, 0.10444226, 0.91989845, 0.43586490, 0.89451629, 0.87434715, 0.31090191, 0.13883603, 0.34222522)
(0.32042325, 0.50752783, 0.32981873, 0.22173813, 0.41244182, 0.30021486, 0.21396720, 0.02357473, 0.79651785, 0.39640340)
(0.75023896, 0.80154884, 0.33135012, 0.08697607, 0.71036500, 0.07248060, 0.89121735, 0.74812931, 0.70252419, 0.69604695)
(0.12053820, 0.44441757, 0.21078125, 0.73921651, 0.24306954, 0.71191859, 0.66397488, 0.58406854, 0.79108161, 0.33782154)
(0.83509982, 0.71237636, 0.21537744, 0.36801249, 0.41353679, 0.40669334, 0.86696124, 0.46109787, 0.19960020, 0.53859496)
(0.43939975, 0.78808475, 0.63403505, 0.46745300, 0.82839435, 0.52531499, 0.07863201, 0.45208228, 0.86658341, 0.44390625)
(0.16580704, 0.77557218, 0.95966870, 0.52729630, 0.42589021, 0.46673170, 0.15871614, 0.12016524, 0.61525732, 0.54851747)
(0.14319792, 0.37582260, 0.39200085, 0.44845212, 0.89943236, 0.61634409, 0.56346601, 0.15166345, 0.43348584, 0.73313409)
(0.22193250, 0.15003793, 0.74898481, 0.41866341, 0.76145113, 0.10748904, 0.36220425, 0.94046336, 0.11522361, 0.62187940)
(0.07123512, 0.57937104, 0.61937374, 0.08426562, 0.34526461, 0.73964459, 0.18009640, 0.16714412, 0.49998635, 0.38338995)
(0.19163153, 0.62334919, 0.68984938, 0.30163798, 0.94606745, 0.06173111, 0.13723648, 0.16934605, 0.59952176, 0.34212753)
(0.07697909, 0.16533113, 0.12702246, 0.38981876, 0.26207373, 0.81696963, 0.57830852, 0.38935167, 0.42675123, 0.78729516)
(0.27376908, 0.46667197, 0.13570639, 0.36279473, 0.15980142, 0.77220458, 0.56409097, 0.88241857, 0.24261086, 0.89147276)
(0.21762708, 0.83683074, 0.75999194, 0.39932260, 0.31864125, 0.53483021, 0.56693059, 0.29880679, 0.64183068, 0.55123240)
(0.29882726, 0.21772526, 0.70024580, 0.37108973, 0.47046837, 0.77383786, 0.53871667, 0.85183305, 0.06159537, 0.30095360)
(0.48512676, 0.59588981, 0.46277389, 0.54069722, 0.79936427, 0.54694313, 0.12824540, 0.17407067, 0.90745378, 0.20678614)
(0.68419296, 0.21006937, 0.79929215, 0.61377949, 0.66299510, 0.53616959, 0.12521441, 0.80428159, 0.53146780, 0.13754068)
(0.93700022, 0.13791908, 0.96568733, 0.45034376, 0.15360861, 0.13842019, 0.34694573, 0.21033081, 0.26434350, 0.39819393)
(0.42629534, 0.22036004, 0.39091498, 0.36673549, 0.64431959, 0.60141009, 0.89598924, 0.39579120, 0.02551529, 0.63595986)
(0.30351487, 0.57304895, 0.39880151, 0.41912803, 0.66961682, 0.52897108, 0.77222544, 0.20110546, 0.13232291, 0.72189921)
(0.69184649, 0.34299630, 0.50790840, 0.45792669, 0.43105894, 0.26660177, 0.10062072, 0.12878042, 0.64925438, 0.37757698)
(0.63715810, 0.95639378, 0.73535258, 0.26796579, 0.42564163, 0.62674630, 0.98355430, 0.57589197, 0.62637258, 0.53832549)
(0.15597390, 0.45021734, 0.66395700, 0.22229265, 0.56146699, 0.92507422, 0.04658839, 0.26572004, 0.29562047, 0.80965084)
(0.36626747, 0.56167078, 0.78989637, 0.32449371, 0.78999025, 0.07823297, 0.78542328, 0.62815136, 0.96016091, 0.39791140)
(0.82005137, 0.48709309, 0.04530120, 0.88237756, 0.41184750, 0.73164243, 0.89946014, 0.17655973, 0.41786885, 0.80577278)
(0.83211648, 0.22801557, 0.44537020, 0.95032305, 0.55262387, 0.33898279, 0.90371269, 0.44284636, 0.37478557, 0.16522992)
(0.02779282, 0.19652273, 0.10531489, 0.22146998, 0.78352410, 0.47575748, 0.71943951, 0.03036153, 0.53167349, 0.18079485)
(0.73817635, 0.14089705, 0.26376101, 0.41010401, 0.85340375, 0.19597517, 0.56433529, 0.17347413, 0.64843553, 0.79920870)
(0.63588393, 0.62674254, 0.23389028, 0.23827779, 0.55454957, 0.36337575, 0.88335544, 0.66833299, 0.65966952, 0.42123765)
(0.20603050, 0.44565552, 0.61569583, 0.57322723, 0.45990503, 0.86428058, 0.28339094, 0.39754647, 0.13176024, 0.73031408)
(0.09367296, 0.41433826, 0.35137814, 0.14409682, 0.17055432, 0.52042598, 0.23145574, 0.79162943, 0.28756362, 0.64296311)
(0.31370184, 0.68671918, 0.48826456, 0.44460991, 0.16758190, 0.47806612, 0.83376217, 0.47796571, 0.64847934, 0.66434240)
(0.63371801, 0.60709268, 0.46555075, 0.06356548, 0.50745732, 0.61120272, 0.60350972, 0.25112799, 0.60501432, 0.26775083)
(0.57370722, 0.07754992, 0.80172163, 0.40553498, 0.89214945, 0.26826116, 0.17708062, 0.26159507, 0.38733214, 0.82687908)
(0.56336331, 0.65624040, 0.09423448, 0.49762458, 0.45485830, 0.94697940, 0.35153455, 0.83314186, 0.05992278, 0.80405486)
(0.03775112, 0.10322306, 0.47774309, 0.41601732, 0.11878360, 0.63378477, 0.33694744, 0.09619615, 0.23340622, 0.43921244)
(0.55717576, 0.09172486, 0.48374686, 0.12003975, 0.88842225, 0.42232245, 0.50394541, 0.22025312, 0.11811148, 0.78067678)
(0.05097817, 0.47119865, 0.13205083, 0.80524749, 0.71292007, 0.77932614, 0.65393341, 0.41990724, 0.63341761, 0.46934444)
(0.72234708, 0.81625438, 0.52658528, 0.72480726, 0.16426866, 0.61401057, 0.69411343, 0.67058957, 0.41865447, 0.43030146)
(0.85382146, 0.20114660, 0.90451932, 0.24503656, 0.71026105, 0.55707306, 0.83655834, 0.69472641, 0.15396450, 0.46817479)
(0.46579441, 0.52498788, 0.74196976, 0.62958837, 0.65292114, 0.55810958, 0.86404932, 0.52087903, 0.02401846, 0.59255207)
(0.14502551, 0.26601991, 0.50949782, 0.21212602, 0.56938994, 0.49592903, 0.83535618, 0.24426292, 0.64583009, 0.22416614)
(0.80453587, 0.07173207, 0.38559824, 0.56419235, 0.56651759, 0.76519972, 0.58168161, 0.31961808, 0.26512226, 0.11200191)
(0.87067860, 0.11149214, 0.03398300, 0.65019178, 0.05735076, 0.36362740, 0.66480535, 0.56002045, 0.49384877, 0.59711772)
(0.68574494, 0.62733048, 0.81302190, 0.57898259, 0.39216340, 0.88429552, 0.46325830, 0.51893598, 0.03500601, 0.58813310)
(0.10077865, 0.65276718, 0.41751754, 0.34768021, 0.59421402, 0.52017772, 0.27449092, 0.25943673, 0.76622421, 0.26850870)
(0.40024894, 0.30374068, 0.09826995, 0.47135571, 0.04780751, 0.82457048, 0.42849958, 0.86525744, 0.31124866, 0.44271940)
(0.37496206, 0.65745330, 0.13470240, 0.68878531, 0.76031333, 0.74790919, 0.75921929, 0.10071238, 0.25753796, 0.80875403)
(0.07394468, 0.29422706, 0.54762620, 0.25878736, 0.51708782, 0.37982678, 0.83490044, 0.38517714, 0.75147420, 0.37319189)
(0.04521195, 0.81453598, 0.82112706, 0.51475775, 0.88663650, 0.45905998, 0.17406663, 0.28280124, 0.65132600, 0.33178672)
(0.37008008, 0.95488971, 0.41367927, 0.39213166, 0.22627869, 0.41390491, 0.96047664, 0.60320157, 0.64048105, 0.12039948)
(0.76257634, 0.57977033, 0.37080663, 0.11989623, 0.19446251, 0.71615237, 0.09782083, 0.83248961, 0.18265188, 0.58439773)
(0.64600414, 0.51425248, 0.78177452, 0.13377048, 0.79029185, 0.14185679, 0.72637528, 0.34052444, 0.87029266, 0.07915469)
(0.21361703, 0.71540016, 0.11241451, 0.84818012, 0.81172240, 0.75411230, 0.74969125, 0.20524448, 0.73250318, 0.36998421)
(0.40134627, 0.16109100, 0.37177476, 0.94508815, 0.66744357, 0.51998478, 0.84948963, 0.33792159, 0.69902456, 0.35117596)
(0.66691917, 0.18051605, 0.94227535, 0.56255335, 0.19254102, 0.79944521, 0.76783234, 0.79235727, 0.23564583, 0.26366332)
(0.39597917, 0.48512113, 0.48359838, 0.17513445, 0.73558867, 0.14307314, 0.06720051, 0.12601195, 0.91478044, 0.42377630)
(0.28067052, 0.45897433, 0.82435292, 0.51199132, 0.53468645, 0.74808300, 0.82293051, 0.37272963, 0.47349924, 0.64637607)
(0.64563465, 0.44750690, 0.09178421, 0.77360672, 0.75620425, 0.41934323, 0.61988944, 0.46257639, 0.09602065, 0.74926746)
(0.66994876, 0.91254151, 0.52382410, 0.80000931, 0.46040204, 0.77792996, 0.96224618, 0.21137674, 0.53138852, 0.07351740)
(0.84045792, 0.26036116, 0.25801432, 0.51418805, 0.78057927, 0.27296665, 0.10291860, 0.30904520, 0.83056748, 0.48201627)
(0.62696832, 0.34650579, 0.71901882, 0.33784696, 0.61181951, 0.22287515, 0.44566056, 0.71373159, 0.49391076, 0.21273282)
(0.87230879, 0.58250564, 0.21582095, 0.65065247, 0.74302185, 0.65140802, 0.58830529, 0.55250913, 0.00989741, 0.60980392)
(0.45319751, 0.69372290, 0.81866586, 0.34444183, 0.58846045, 0.95343345, 0.51780707, 0.42605880, 0.08564363, 0.81893545)
(0.77349091, 0.57868004, 0.24744166, 0.47290486, 0.60469770, 0.96492976, 0.23296237, 0.68001091, 0.07876957, 0.69525892)
(0.44278467, 0.55782861, 0.90437198, 0.46095529, 0.72613287, 0.22818989, 0.11397503, 0.11566596, 0.77016687, 0.73050278)
(0.43430194, 0.50028914, 0.10270579, 0.84023696, 0.54686260, 0.82503116, 0.91386765, 0.20738415, 0.33291528, 0.73952675)
(0.48087463, 0.09721617, 0.12813561, 0.30074015, 0.42490643, 0.20570989, 0.10874385, 0.46809596, 0.73517406, 0.95399505)
(0.79508412, 0.64628029, 0.05685513, 0.70755464, 0.49121118, 0.71129048, 0.84569180, 0.15327898, 0.70832229, 0.35878751)
(0.36828995, 0.42926377, 0.07584333, 0.39996281, 0.03863809, 0.84954321, 0.35356250, 0.85869318, 0.14643106, 0.77515966)
(0.85683697, 0.17875224, 0.24091870, 0.15237451, 0.51289272, 0.67666501, 0.60986823, 0.25274456, 0.06235855, 0.23246218)
(0.93950152, 0.33218849, 0.14950781, 0.35916832, 0.46631336, 0.20176023, 0.79640144, 0.11006142, 0.71088123, 0.85356110)
(0.40475973, 0.06421662, 0.03696975, 0.64129502, 0.46245366, 0.50975668, 0.77878004, 0.52955407, 0.17778870, 0.39398932)
(0.68286031, 0.47134426, 0.93061185, 0.30932152, 0.50291681, 0.48016641, 0.24046452, 0.20396030, 0.38800725, 0.50586927)
(0.65178144, 0.26062441, 0.40174988, 0.34425399, 0.37128919, 0.53217417, 0.30498457, 0.85822326, 0.37275618, 0.82277822)
(0.06840856, 0.89384049, 0.68646252, 0.18612611, 0.42828956, 0.38292301, 0.42132026, 0.56953824, 0.90531784, 0.50703645)
(0.19875522, 0.85518825, 0.65397918, 0.09450202, 0.17630787, 0.55968058, 0.13712856, 0.23972750, 0.38438776, 0.49315518)
(0.69309860, 0.66704559, 0.65860939, 0.51640749, 0.43515739, 0.46683091, 0.74236959, 0.70339870, 0.23875214, 0.48133907)
(0.58260143, 0.72563940, 0.62550110, 0.15766509, 0.11606361, 0.69908661, 0.85978168, 0.45063475, 0.70385909, 0.78868699)
(0.06254809, 0.13056377, 0.20896497, 0.39582178, 0.77235186, 0.40073889, 0.65933675, 0.04537611, 0.22174174, 0.57233191)
(0.71291727, 0.79154992, 0.70791829, 0.34168124, 0.08091896, 0.68249440, 0.94150794, 0.58843076, 0.51559621, 0.65117961)
(0.32134932, 0.76826972, 0.33406413, 0.64704823, 0.65560311, 0.45476842, 0.89426720, 0.20961703, 0.53012693, 0.27837119)
(0.84623891, 0.34099504, 0.69228786, 0.83953518, 0.54518360, 0.39984742, 0.25209260, 0.62732708, 0.17402871, 0.78465360)
(0.58657688, 0.13429143, 0.63413781, 0.58852798, 0.88616621, 0.23640801, 0.36310366, 0.68966317, 0.13552159, 0.64144397)
(0.76328826, 0.84058636, 0.55871838, 0.72860754, 0.66309905, 0.14658721, 0.06711566, 0.34723631, 0.64723516, 0.05638972)
(0.95533800, 0.19777478, 0.04277632, 0.48670468, 0.76333290, 0.50896990, 0.44225711, 0.77372307, 0.16792244, 0.42435488)
(0.28487816, 0.51983196, 0.68206418, 0.38782436, 0.49450564, 0.37485275, 0.13071468, 0.02753093, 0.60490471, 0.90416813)
(0.73360491, 0.11408465, 0.51209247, 0.43555129, 0.26187965, 0.32241204, 0.04773706, 0.67495406, 0.39319199, 0.76698405)
(0.67910719, 0.35388604, 0.86835867, 0.26835063, 0.30715007, 0.39506164, 0.32124519, 0.88643545, 0.39143151, 0.27572304)
(0.14770848, 0.28604543, 0.49669576, 0.33478510, 0.80723304, 0.27535927, 0.47145075, 0.16367438, 0.71751434, 0.31505835)
(0.47877932, 0.43283200, 0.70003480, 0.76602197, 0.38917688, 0.66010386, 0.11506113, 0.31321308, 0.66523141, 0.82348984)
(0.22544216, 0.85194361, 0.33684915, 0.43070951, 0.21938846, 0.27136424, 0.39113623, 0.81526864, 0.85021085, 0.42844018)
(0.15241243, 0.88499022, 0.86244273, 0.63704658, 0.08775049, 0.34562552, 0.51640785, 0.36773351, 0.29478616, 0.42652097)
(0.47011054, 0.53664392, 0.43727329, 0.17768700, 0.57855469, 0.90405405, 0.58519453, 0.30037478, 0.10684787, 0.56779778)
(0.53360683, 0.06592512, 0.72268087, 0.49679694, 0.75888675, 0.28201646, 0.17475899, 0.31952330, 0.56456894, 0.70582354)
(0.53209609, 0.18800059, 0.41660985, 0.57644516, 0.87118399, 0.57574469, 0.24787590, 0.24043140, 0.90875429, 0.12740648)
(0.59079367, 0.23847784, 0.61309582, 0.43428746, 0.91768074, 0.40896574, 0.11830793, 0.21115553, 0.79231805, 0.40456176)
(0.56305254, 0.26532409, 0.46682152, 0.81690478, 0.42078042, 0.38175350, 0.86369121, 0.17896563, 0.16980916, 0.08510138)
(0.78225309, 0.25172919, 0.93326211, 0.61588758, 0.48494008, 0.31423870, 0.12340713, 0.28550610, 0.55777502, 0.15777802)
(0.42791215, 0.60826194, 0.02723732, 0.25227210, 0.81406993, 0.19839130, 0.76901275, 0.03426169, 0.60624003, 0.71463829)
(0.52234936, 0.77245653, 0.24739143, 0.42243651, 0.62973398, 0.13909955, 0.93509912, 0.26816332, 0.64717716, 0.15428583)
(0.55975026, 0.20963793, 0.84344399, 0.74917471, 0.36328539, 0.30238268, 0.29444084, 0.48640892, 0.49059436, 0.22954464)
(0.35155863, 0.41009107, 0.87036657, 0.87671864, 0.42274281, 0.40882516, 0.04740008, 0.31450859, 0.72159636, 0.67115253)
(0.69479281, 0.93903780, 0.40553135, 0.15569286, 0.32024336, 0.56385106, 0.97602707, 0.67647541, 0.48363587, 0.49406242)
(0.25622854, 0.45646268, 0.23241015, 0.40692586, 0.92269099, 0.60717601, 0.53626722, 0.20297174, 0.77680939, 0.69716597)
(0.35966188, 0.53222698, 0.51366776, 0.14629820, 0.22170451, 0.62810344, 0.66255027, 0.14093967, 0.63517553, 0.61964148)
(0.49100131, 0.90376651, 0.40284735, 0.70265007, 0.01528791, 0.22860855, 0.61235762, 0.28205296, 0.48429739, 0.80093992)
(0.93104297, 0.38899505, 0.52222770, 0.24745585, 0.31104612, 0.81157178, 0.41300073, 0.20075873, 0.11664545, 0.56617320)
(0.27838960, 0.18472411, 0.55698436, 0.22268613, 0.41137955, 0.95113623, 0.32666093, 0.77645618, 0.29902709, 0.73153687)
(0.35866052, 0.59405094, 0.76451647, 0.50806493, 0.21639907, 0.47876236, 0.95117748, 0.42190030, 0.72100222, 0.83274329)
(0.55450875, 0.37743559, 0.43190143, 0.47662568, 0.79864919, 0.24291931, 0.41086429, 0.47198838, 0.88675272, 0.80420381)
(0.11819459, 0.92857218, 0.78536940, 0.63656771, 0.09163082, 0.24326776, 0.56024712, 0.21777411, 0.19110967, 0.64842248)
(0.25562692, 0.92358452, 0.27907366, 0.15255463, 0.70956272, 0.61166543, 0.77934653, 0.37230775, 0.89924181, 0.31687221)
(0.01764518, 0.23322695, 0.08705077, 0.32632688, 0.10237689, 0.68179131, 0.20660810, 0.45404562, 0.75885576, 0.71528661)
(0.58153760, 0.66207719, 0.40847510, 0.42325640, 0.32223865, 0.45629844, 0.81181186, 0.63619673, 0.75946736, 0.53370291)
(0.49890780, 0.79061776, 0.49398702, 0.35906270, 0.29793167, 0.71138334, 0.84188890, 0.35296348, 0.48568976, 0.66126001)
(0.71077621, 0.29062536, 0.08800213, 0.65748078, 0.50484836, 0.34334895, 0.59510970, 0.95398307, 0.26012152, 0.81476480)
(0.74108946, 0.21110290, 0.06464230, 0.94597411, 0.42786688, 0.32152098, 0.86600113, 0.44604358, 0.79470235, 0.87896645)
(0.09903160, 0.35834286, 0.06834461, 0.46841556, 0.52750748, 0.95187867, 0.44451749, 0.25609428, 0.19062169, 0.51962715)
(0.89337128, 0.36111403, 0.20380288, 0.90467930, 0.45152172, 0.80990541, 0.68164527, 0.64552242, 0.08927680, 0.16496912)
(0.44905818, 0.73275816, 0.19391431, 0.85342282, 0.68406630, 0.64600998, 0.76968956, 0.54157031, 0.93022621, 0.20616589)
(0.58671939, 0.06408998, 0.55591846, 0.38327944, 0.76490533, 0.17067027, 0.16565244, 0.51635855, 0.60209250, 0.88629001)
(0.40918258, 0.77372366, 0.50939924, 0.16156146, 0.09189805, 0.58718216, 0.31543431, 0.15971299, 0.29397967, 0.23565081)
(0.48887444, 0.38756925, 0.24504112, 0.92888939, 0.64959115, 0.36713845, 0.79814506, 0.52035266, 0.68963224, 0.27848020)
(0.05750093, 0.87925678, 0.71763206, 0.41151237, 0.46423316, 0.41931763, 0.26429692, 0.19173221, 0.64286733, 0.66825974)
(0.83059150, 0.53544837, 0.04422576, 0.68862826, 0.44719350, 0.62377131, 0.56678659, 0.94743925, 0.05319921, 0.55493462)
(0.12291118, 0.09671462, 0.27009597, 0.51213950, 0.95954990, 0.34743494, 0.45752144, 0.49339029, 0.84391856, 0.90416598)
(0.52093977, 0.49220484, 0.45593858, 0.81132698, 0.45077825, 0.52452850, 0.81822079, 0.35092959, 0.17089935, 0.12664470)
(0.75268459, 0.02839878, 0.85996765, 0.10701702, 0.49133077, 0.18901335, 0.35620549, 0.78552634, 0.15119696, 0.73527724)
(0.85729647, 0.84007001, 0.48374954, 0.27153030, 0.83741099, 0.21656902, 0.40954158, 0.56518084, 0.64321411, 0.60611987)
(0.31454685, 0.83000064, 0.24426126, 0.60980958, 0.92942202, 0.77318323, 0.28227341, 0.37013027, 0.78132963, 0.12811947)
(0.84467727, 0.59800899, 0.94626129, 0.89199394, 0.43832198, 0.11761486, 0.06230125, 0.56498688, 0.75603092, 0.23092657)
(0.64579952, 0.42139554, 0.56027180, 0.14466780, 0.97370070, 0.15817820, 0.66792649, 0.42114910, 0.88759416, 0.26144728)
(0.55844164, 0.65388179, 0.69428867, 0.64187658, 0.43689278, 0.83843094, 0.64224833, 0.87652552, 0.02982669, 0.54331231)
(0.57487327, 0.04005657, 0.29115173, 0.13363197, 0.52068216, 0.39994630, 0.04417552, 0.49929231, 0.54834229, 0.77773458)
(0.09133759, 0.43188271, 0.18473087, 0.81775087, 0.54830092, 0.88586265, 0.82719970, 0.34303370, 0.23357391, 0.34764400)
(0.69096041, 0.28454515, 0.14250287, 0.91636282, 0.20314094, 0.89080650, 0.81321025, 0.68145084, 0.57035053, 0.31761706)
(0.58119404, 0.49931869, 0.68892515, 0.08683457, 0.52138960, 0.40041035, 0.93351972, 0.56925708, 0.87169528, 0.51582944)
(0.32121906, 0.86899090, 0.61773562, 0.75421584, 0.65373045, 0.23781402, 0.03192464, 0.32871875, 0.66310948, 0.36818421)
(0.26223961, 0.27895442, 0.44656271, 0.25860107, 0.79281223, 0.56753904, 0.80970401, 0.07558013, 0.37358245, 0.70984638)
(0.74351323, 0.68464535, 0.35411870, 0.72880840, 0.52826029, 0.92640054, 0.38566390, 0.32191843, 0.61970508, 0.14904104)
(0.37366793, 0.38973022, 0.22716768, 0.27456415, 0.07744060, 0.86652309, 0.11520428, 0.73824859, 0.16390181, 0.88071716)
(0.20401649, 0.12339353, 0.36207792, 0.11638954, 0.73637491, 0.49689233, 0.78512597, 0.07264255, 0.81792748, 0.20185943)
(0.52961975, 0.62999654, 0.28760010, 0.75384557, 0.44830203, 0.91477007, 0.72110826, 0.28309345, 0.13121250, 0.41659194)
(0.97294927, 0.70396882, 0.40476760, 0.11752976, 0.09669184, 0.45790005, 0.80785966, 0.37981907, 0.28989056, 0.33438915)
(0.76817769, 0.47888979, 0.26836693, 0.36943310, 0.48052877, 0.86419314, 0.30897105, 0.77011317, 0.35199204, 0.88331103)
(0.63669574, 0.18710050, 0.25015250, 0.30201679, 0.34469488, 0.72107506, 0.20607772, 0.65384245, 0.55184317, 0.59192741)
(0.47366741, 0.58370119, 0.09330570, 0.86643088, 0.30640313, 0.96218169, 0.63145775, 0.40937316, 0.23753886, 0.46718907)
(0.20732126, 0.91089648, 0.40550357, 0.35351485, 0.82223552, 0.74300152, 0.20594640, 0.36683294, 0.56362969, 0.38969871)
(0.84337604, 0.29515722, 0.10970056, 0.77972782, 0.73118579, 0.33990577, 0.59349501, 0.70395714, 0.02479991, 0.43431130)
(0.70620692, 0.56770903, 0.54092699, 0.23110801, 0.72839564, 0.61268651, 0.61944151, 0.13887314, 0.36679778, 0.82988632)
(0.84507191, 0.28815883, 0.10170662, 0.35304400, 0.70473307, 0.39121738, 0.43888324, 0.79362476, 0.07225583, 0.08420669)
(0.08465195, 0.69442499, 0.20116389, 0.48277137, 0.56300515, 0.86826998, 0.16167791, 0.42907217, 0.79351062, 0.85759568)
(0.20445304, 0.85450196, 0.84182739, 0.37978858, 0.93074888, 0.06873182, 0.24071603, 0.42645514, 0.68722785, 0.36955601)
(0.60780782, 0.30756131, 0.54340482, 0.28156337, 0.71084958, 0.59854478, 0.35150442, 0.39786467, 0.21303754, 0.65299475)
(0.26767159, 0.53133661, 0.51923746, 0.25079268, 0.41094822, 0.87343019, 0.81472278, 0.25162351, 0.02685938, 0.12114353)
(0.50896198, 0.46051142, 0.33274966, 0.35424650, 0.74381727, 0.40319175, 0.31762704, 0.92726773, 0.18161805, 0.65459210)
(0.24610706, 0.65419018, 0.57459736, 0.61287379, 0.22996847, 0.56966841, 0.20313191, 0.10581282, 0.13249320, 0.52138680)
(0.33925924, 0.18516418, 0.54898906, 0.31497303, 0.49285164, 0.92893684, 0.11553457, 0.43193963, 0.14552094, 0.37791798)
(0.18648134, 0.25165516, 0.23710617, 0.41866487, 0.45274794, 0.64997613, 0.35843974, 0.08179941, 0.92707372, 0.76199651)
(0.21739370, 0.52743244, 0.35758328, 0.42435938, 0.89341676, 0.64043790, 0.63438022, 0.11953025, 0.55618197, 0.69964069)
(0.77095950, 0.11236720, 0.67473322, 0.42531145, 0.44290036, 0.40059039, 0.12267212, 0.72523665, 0.40263188, 0.88228625)
(0.65283394, 0.55801684, 0.52447492, 0.17397077, 0.37125376, 0.66579276, 0.78024614, 0.58589679, 0.07113907, 0.22317593)
(0.75909799, 0.82319385, 0.47186467, 0.41463137, 0.12006262, 0.58214289, 0.61200756, 0.54311597, 0.51160103, 0.50009388)
(0.81282884, 0.19435218, 0.91343647, 0.31158066, 0.43333393, 0.33779445, 0.27628511, 0.54201841, 0.21063830, 0.47820243)
(0.72003454, 0.68246406, 0.83063179, 0.24710192, 0.53600788, 0.24980070, 0.20556720, 0.75647068, 0.77078277, 0.43883452)
(0.39504319, 0.45424983, 0.96125203, 0.48866493, 0.73152906, 0.25584325, 0.34544390, 0.11695451, 0.56954366, 0.61655921)
(0.43263468, 0.14462653, 0.14804238, 0.56756943, 0.33198971, 0.36502102, 0.50154424, 0.38563102, 0.72925031, 0.95778626)
(0.70062226, 0.78436631, 0.64326501, 0.41259640, 0.46161342, 0.20730840, 0.17511711, 0.52457982, 0.50274014, 0.52755940)
(0.32387665, 0.06285312, 0.14763105, 0.76729435, 0.15487288, 0.77041835, 0.41915551, 0.66846925, 0.55726779, 0.28543520)
(0.78275084, 0.29978615, 0.58328503, 0.16351990, 0.47873810, 0.27582875, 0.20899986, 0.04526279, 0.49505576, 0.60561353)
(0.66477710, 0.16145501, 0.33358911, 0.37089980, 0.53067559, 0.83900774, 0.25140148, 0.26340619, 0.72368014, 0.54953438)
(0.59895223, 0.54253000, 0.45728779, 0.86816126, 0.74601007, 0.33923760, 0.93516523, 0.29693386, 0.79487115, 0.16512503)
(0.42566910, 0.84707093, 0.70261914, 0.46613559, 0.48271763, 0.30936801, 0.13536029, 0.65957528, 0.58531874, 0.58754170)
(0.06698616, 0.16427436, 0.71943229, 0.25044513, 0.39424896, 0.77584016, 0.32109472, 0.76935565, 0.65078551, 0.61714661)
(0.22569723, 0.94303548, 0.32596427, 0.45258155, 0.10613883, 0.28856045, 0.49622476, 0.82949376, 0.85119307, 0.44462377)
(0.75919521, 0.37267208, 0.09798148, 0.74536246, 0.47718877, 0.83989465, 0.77373630, 0.47469336, 0.18621454, 0.20042129)
(0.79782736, 0.26249039, 0.06194434, 0.56705576, 0.52447498, 0.84871882, 0.84268779, 0.64935064, 0.11276776, 0.17177629)
(0.31688341, 0.50557268, 0.26827884, 0.80169487, 0.15061270, 0.73943245, 0.63683480, 0.73297429, 0.54953605, 0.58526242)
(0.56276333, 0.01790231, 0.07180925, 0.09746575, 0.32495102, 0.54552865, 0.19319484, 0.51249790, 0.64219344, 0.70010132)
(0.07308269, 0.51690143, 0.73793519, 0.48761520, 0.35218298, 0.17977443, 0.67718279, 0.32870650, 0.77163285, 0.63666910)
(0.17257406, 0.68666166, 0.25311500, 0.45151263, 0.91910088, 0.71978921, 0.39663163, 0.18593426, 0.77948177, 0.19466329)
(0.28884602, 0.88780046, 0.60475564, 0.63595098, 0.16686518, 0.33261973, 0.79523295, 0.42367333, 0.55765009, 0.76077431)
(0.23495317, 0.58049572, 0.05985743, 0.82099885, 0.38438615, 0.64511955, 0.71809810, 0.62527609, 0.78274417, 0.61191249)
(0.59252197, 0.78471178, 0.53337163, 0.35714173, 0.51780641, 0.16245939, 0.52276629, 0.19811806, 0.30958363, 0.67810816)
(0.57838035, 0.39382699, 0.31065622, 0.49917868, 0.64903599, 0.78815168, 0.60366321, 0.73180592, 0.04354626, 0.09186363)
(0.46576631, 0.52455902, 0.42554617, 0.64588428, 0.45250455, 0.31465873, 0.01540346, 0.13629910, 0.91495556, 0.13441585)
(0.71266496, 0.42838931, 0.39726862, 0.15181915, 0.67068666, 0.84129864, 0.33281994, 0.52187479, 0.01370227, 0.29761195)
(0.25410542, 0.22686534, 0.09206020, 0.55118883, 0.22807640, 0.80842483, 0.32221946, 0.25672680, 0.78486097, 0.86632591)
(0.69875312, 0.22620115, 0.90901315, 0.75860310, 0.31690279, 0.24782468, 0.23662831, 0.33857280, 0.40497544, 0.69573992)
(0.48132017, 0.36708018, 0.85888869, 0.56647998, 0.26414987, 0.29487899, 0.55226624, 0.08219394, 0.38443547, 0.30522174)
(0.77189690, 0.61101526, 0.37649870, 0.21308194, 0.54680479, 0.03772847, 0.97232741, 0.45942998, 0.12193989, 0.54881769)
(0.26259953, 0.22584575, 0.21087959, 0.25425902, 0.57560033, 0.76491928, 0.58648962, 0.15379977, 0.08612203, 0.31151682)
(0.68945253, 0.57696289, 0.13928030, 0.37267932, 0.17037678, 0.83674437, 0.52113855, 0.88925004, 0.12066584, 0.95006013)
(0.68993771, 0.79051751, 0.72025532, 0.17744963, 0.56464583, 0.56644517, 0.84638584, 0.69357407, 0.76643115, 0.37063280)
(0.35936847, 0.71021694, 0.05737046, 0.68628353, 0.53112108, 0.66335380, 0.91379827, 0.35563937, 0.69861931, 0.44459888)
(0.39090008, 0.31509125, 0.21768373, 0.54321098, 0.70447385, 0.93105829, 0.41060278, 0.26794764, 0.42350042, 0.55715245)
(0.86489481, 0.37582234, 0.33160093, 0.37262452, 0.67925060, 0.83293396, 0.49129030, 0.61606622, 0.08569063, 0.67385155)
(0.54902697, 0.97317052, 0.75222874, 0.24379060, 0.29964003, 0.47124195, 0.10685755, 0.73726922, 0.83706957, 0.80684930)
(0.70830357, 0.56028479, 0.35403571, 0.33593324, 0.54199463, 0.51380759, 0.72214133, 0.70164007, 0.02783394, 0.07881986)
(0.13062996, 0.76540589, 0.55687219, 0.33529669, 0.38141331, 0.62971950, 0.65500003, 0.24459219, 0.87529457, 0.49675304)
(0.03252080, 0.45971560, 0.81581444, 0.54804981, 0.23316814, 0.50809246, 0.46701446, 0.15643857, 0.49295595, 0.44956088)
(0.81751859, 0.11508659, 0.42560107, 0.41395056, 0.36536688, 0.49413431, 0.09876094, 0.26999569, 0.44905895, 0.54703307)
(0.35639048, 0.56618172, 0.72438669, 0.48756367, 0.03775926, 0.59764522, 0.72029334, 0.33312818, 0.15849899, 0.64066678)
(0.38771954, 0.78654826, 0.54741961, 0.33652222, 0.61155260, 0.57696038, 0.26574868, 0.27943361, 0.89597654, 0.27338913)
(0.79925334, 0.84135044, 0.87913311, 0.49849012, 0.46033514, 0.73242259, 0.44347554, 0.19140013, 0.40410480, 0.76834333)
(0.61099976, 0.23780307, 0.03048445, 0.37639964, 0.19074886, 0.30689758, 0.50707847, 0.85910952, 0.24088970, 0.82884848)
(0.39210689, 0.71230578, 0.71361095, 0.62006181, 0.07506038, 0.56787270, 0.56031197, 0.58662868, 0.03213796, 0.60304064)
(0.80327982, 0.52382070, 0.34992525, 0.05837094, 0.67261803, 0.16861957, 0.62839800, 0.30673811, 0.38831812, 0.39575660)
(0.90758848, 0.16239683, 0.02996684, 0.83979583, 0.12731557, 0.41910124, 0.61886120, 0.70974326, 0.31084418, 0.59435117)
(0.19190501, 0.97145712, 0.45251992, 0.09530693, 0.75409126, 0.38803911, 0.14766835, 0.52119190, 0.70854521, 0.46775126)
(0.64587975, 0.59232575, 0.86077034, 0.56536418, 0.33886319, 0.02744807, 0.45540217, 0.42592764, 0.20932923, 0.45883256)
(0.48679516, 0.90913820, 0.61939329, 0.16079462, 0.22917117, 0.69641232, 0.49943125, 0.48111942, 0.50829101, 0.54930961)
(0.64422351, 0.85881293, 0.79788309, 0.10073063, 0.75536436, 0.53060681, 0.88022631, 0.51207989, 0.90227467, 0.66378987)
(0.48087430, 0.04278109, 0.41728139, 0.18192697, 0.38910085, 0.13420343, 0.17178017, 0.57348281, 0.37350366, 0.87641847)
(0.19184791, 0.14458102, 0.77255660, 0.24307281, 0.07632618, 0.66080910, 0.02427107, 0.69759017, 0.65803933, 0.57208484)
(0.30959561, 0.68592638, 0.77099723, 0.36106828, 0.27916923, 0.42452073, 0.86691439, 0.57648730, 0.90681803, 0.52318162)
(0.06916425, 0.71903974, 0.56413954, 0.27153593, 0.62699407, 0.51914954, 0.44416526, 0.37768331, 0.73113710, 0.65917116)
(0.70142066, 0.13011432, 0.81993151, 0.39268202, 0.81221157, 0.29760325, 0.35703772, 0.83846807, 0.32297421, 0.71004611)
(0.24876785, 0.30075401, 0.18593021, 0.76154619, 0.14029601, 0.87848926, 0.69676477, 0.74808317, 0.60873258, 0.68417770)
(0.19045049, 0.89727849, 0.56885749, 0.49452588, 0.70089364, 0.21170813, 0.03481848, 0.19406673, 0.77638108, 0.19252312)
(0.30506566, 0.45759967, 0.61638892, 0.16731192, 0.56919241, 0.93329650, 0.76601851, 0.23227388, 0.40870059, 0.55582243)
(0.70977902, 0.25976110, 0.70026273, 0.59292889, 0.80748367, 0.43215504, 0.58247042, 0.86506552, 0.06405753, 0.64461190)
(0.59936190, 0.20399089, 0.58866853, 0.37053257, 0.80974793, 0.31675100, 0.61205339, 0.89654821, 0.04820878, 0.54170555)
(0.05967341, 0.80461800, 0.58905870, 0.65472811, 0.52357852, 0.21667340, 0.09080590, 0.10031918, 0.55406857, 0.70279497)
(0.28805795, 0.63221508, 0.09254240, 0.91382694, 0.42764485, 0.85007155, 0.81836486, 0.41476050, 0.73423129, 0.61726594)
(0.67044926, 0.83696932, 0.93421531, 0.20148374, 0.24800681, 0.66808248, 0.86054879, 0.64186126, 0.72710264, 0.72408277)
(0.03436894, 0.60136652, 0.20626004, 0.70740795, 0.12377667, 0.70532370, 0.27342105, 0.35382000, 0.61635464, 0.47889715)
(0.35320330, 0.22302382, 0.79582083, 0.32411513, 0.20980510, 0.08956785, 0.13538371, 0.89283597, 0.28863734, 0.33365309)
(0.48588780, 0.24483141, 0.48466820, 0.32937038, 0.20227365, 0.71348983, 0.88553637, 0.22763069, 0.25126725, 0.24287014)
(0.23768689, 0.50834149, 0.48287052, 0.36773944, 0.71727085, 0.95203996, 0.15841898, 0.15378226, 0.45930055, 0.39881915)
(0.75339359, 0.19502138, 0.07359450, 0.83169329, 0.19875458, 0.62230462, 0.69678426, 0.69677234, 0.45027843, 0.46440795)
(0.42970175, 0.71674871, 0.49648896, 0.46075436, 0.58118159, 0.91337132, 0.07554254, 0.27104607, 0.74378198, 0.64453739)
(0.68504506, 0.45439166, 0.93073744, 0.70123816, 0.13169463, 0.66124260, 0.52825654, 0.36819530, 0.01385390, 0.63619137)
(0.62732232, 0.55374163, 0.62401772, 0.21627617, 0.67260844, 0.80378383, 0.66981393, 0.68246281, 0.00355203, 0.39712182)
(0.25143102, 0.78122187, 0.82624513, 0.51068902, 0.35866138, 0.75675619, 0.34601796, 0.34062645, 0.26367590, 0.50644547)
(0.80333275, 0.65707290, 0.27832267, 0.06134006, 0.64919466, 0.47012359, 0.55794197, 0.73414075, 0.70190448, 0.60472345)
(0.65048409, 0.06074376, 0.78422147, 0.36112398, 0.86111766, 0.48125556, 0.51766139, 0.57416046, 0.36698872, 0.63448495)
(0.75450027, 0.92170268, 0.72888577, 0.24547218, 0.77641612, 0.56953943, 0.50207454, 0.33385226, 0.64772642, 0.74473137)
(0.42128286, 0.74356413, 0.61320722, 0.52953362, 0.46560976, 0.83188331, 0.84254634, 0.41592145, 0.20555280, 0.70062494)
(0.69946396, 0.21298902, 0.34967008, 0.54569846, 0.39274693, 0.81743556, 0.28648427, 0.46075186, 0.17431222, 0.20673895)
(0.82879621, 0.63553923, 0.77060139, 0.10685101, 0.77288389, 0.26431766, 0.16374272, 0.63416779, 0.67839104, 0.08466594)
(0.68165982, 0.79014033, 0.50116676, 0.18131813, 0.17147702, 0.59879261, 0.60326302, 0.14755785, 0.79147601, 0.69639760)
(0.94166416, 0.57595283, 0.20524004, 0.43698397, 0.48457462, 0.84270996, 0.39609054, 0.21807307, 0.20698966, 0.88652670)
(0.39989033, 0.52154130, 0.44327328, 0.12302615, 0.56039762, 0.74540442, 0.48546746, 0.09973074, 0.70015866, 0.57357460)
(0.23420295, 0.76745474, 0.44836357, 0.15139067, 0.19435693, 0.35856155, 0.55042350, 0.39040366, 0.87184095, 0.21345142)
(0.01414212, 0.89783740, 0.52214515, 0.44853461, 0.29653433, 0.13322721, 0.12870778, 0.70714438, 0.64239174, 0.54901516)
(0.40158686, 0.56668144, 0.40419301, 0.06817161, 0.08432961, 0.42698318, 0.66479462, 0.24022900, 0.70627993, 0.53124529)
(0.19163536, 0.50781322, 0.77516794, 0.22786407, 0.50351119, 0.73985881, 0.46120209, 0.14831336, 0.56350827, 0.86152238)
(0.73199314, 0.49388972, 0.54770672, 0.15001832, 0.23154591, 0.84861141, 0.77630246, 0.31320605, 0.06990112, 0.40972203)
(0.58086503, 0.19734131, 0.14949791, 0.32900780, 0.68086356, 0.81794232, 0.49649918, 0.61280191, 0.24122591, 0.21409295)
(0.74931651, 0.55375922, 0.58079445, 0.68937552, 0.53591472, 0.18944696, 0.01025689, 0.22955100, 0.84976405, 0.12700352)
(0.39777425, 0.31901693, 0.19378258, 0.23002206, 0.40890497, 0.83102816, 0.19787122, 0.78570092, 0.31403109, 0.17179464)
(0.02381545, 0.88834715, 0.67397624, 0.41398987, 0.52819884, 0.03965022, 0.44957808, 0.55200458, 0.68804687, 0.35882744)
(0.33911949, 0.26593417, 0.39541957, 0.43637285, 0.80334198, 0.72586632, 0.55261254, 0.08443193, 0.42105597, 0.20740783)
(0.12874448, 0.80174887, 0.85183507, 0.20270412, 0.48219055, 0.71846020, 0.62493080, 0.46802047, 0.85618186, 0.56445742)
(0.18864198, 0.76063770, 0.57794255, 0.15907712, 0.53925073, 0.69987136, 0.45367393, 0.32213399, 0.18789835, 0.44967404)
(0.12034129, 0.09352278, 0.04298452, 0.61430234, 0.78872472, 0.60110909, 0.59103751, 0.24631546, 0.67003417, 0.72636974)
(0.56882781, 0.46848452, 0.96130657, 0.60160321, 0.17699066, 0.20657504, 0.32585749, 0.08147033, 0.15818602, 0.63578469)
(0.78250092, 0.55724972, 0.57656646, 0.05111523, 0.87987798, 0.09209888, 0.83615500, 0.36547032, 0.45646417, 0.78604269)
(0.67415017, 0.13567570, 0.79785633, 0.65487111, 0.78073001, 0.52809465, 0.55935258, 0.71472716, 0.33859938, 0.89452583)
(0.50847924, 0.67177397, 0.11378903, 0.92544454, 0.45059234, 0.84429824, 0.92192179, 0.25449175, 0.69432312, 0.33208305)
(0.20169130, 0.76403296, 0.34331876, 0.14514658, 0.37020648, 0.62195534, 0.56661934, 0.28943059, 0.85160887, 0.25624317)
(0.69689691, 0.45863366, 0.11710406, 0.84798527, 0.55195719, 0.89166945, 0.72841388, 0.36238062, 0.42794558, 0.58403599)
(0.03741242, 0.76703066, 0.66741234, 0.53747463, 0.46353266, 0.19946976, 0.47598886, 0.49718273, 0.70922047, 0.24001163)
(0.50103498, 0.53299314, 0.80559945, 0.83259058, 0.59037250, 0.65919828, 0.19530004, 0.36383373, 0.61868721, 0.74437344)
(0.75133324, 0.59804779, 0.84127241, 0.48798138, 0.57535636, 0.79519737, 0.40190592, 0.90980935, 0.04641112, 0.57010800)
(0.75802267, 0.16344678, 0.48319459, 0.37250203, 0.37687394, 0.45963308, 0.56689745, 0.08457547, 0.53520644, 0.14104600)
(0.59597218, 0.32588422, 0.33405805, 0.86810780, 0.44468862, 0.59755892, 0.81278926, 0.34853694, 0.08034264, 0.14807446)
(0.58463460, 0.39656082, 0.93259573, 0.66990203, 0.17985858, 0.51320070, 0.41715822, 0.22239406, 0.08703957, 0.23509842)
(0.16164432, 0.97090811, 0.52941912, 0.05818631, 0.58754498, 0.81793314, 0.54047734, 0.80159873, 0.77077955, 0.61474651)
(0.58978802, 0.50173688, 0.90302515, 0.49754873, 0.32151267, 0.80553663, 0.90822691, 0.45535430, 0.26522925, 0.40986460)
(0.30677685, 0.49514747, 0.58549607, 0.64191777, 0.82616854, 0.58034158, 0.44862849, 0.23993677, 0.65416282, 0.83823472)
(0.43376642, 0.09557334, 0.86631352, 0.55809754, 0.85421586, 0.36790147, 0.46341488, 0.92293054, 0.28868681, 0.41247585)
(0.65848601, 0.26323748, 0.26867393, 0.38871723, 0.47531262, 0.28983378, 0.40771940, 0.95446742, 0.28892654, 0.67176974)
(0.62176996, 0.11542655, 0.22497143, 0.22170810, 0.16927452, 0.46810123, 0.69209254, 0.76264513, 0.43189809, 0.97449851)
(0.33320311, 0.60812342, 0.96236372, 0.22346862, 0.16064098, 0.59893644, 0.11338351, 0.22390836, 0.54119354, 0.71191305)
(0.61014545, 0.10758922, 0.37388721, 0.41905341, 0.58827841, 0.27399611, 0.37853691, 0.90633410, 0.24651426, 0.74767882)
(0.19764876, 0.56283075, 0.87997764, 0.35933104, 0.02153360, 0.43280596, 0.53916413, 0.19168872, 0.36032057, 0.29591361)
(0.27631953, 0.49431553, 0.44856304, 0.52110910, 0.67949760, 0.78691393, 0.87309587, 0.14031069, 0.11420095, 0.43303052)
(0.44818768, 0.53483140, 0.45956948, 0.14026140, 0.92690879, 0.23979729, 0.62279826, 0.54140896, 0.73288172, 0.09619803)
(0.60874867, 0.33049658, 0.12754270, 0.77735764, 0.13970271, 0.61828423, 0.75041127, 0.66809481, 0.51226771, 0.84214252)
(0.21818417, 0.75533283, 0.62748253, 0.37104627, 0.75634396, 0.89335436, 0.21666512, 0.41680959, 0.80844927, 0.21491756)
(0.30591109, 0.18383458, 0.33440575, 0.65318644, 0.63022125, 0.20497729, 0.76146626, 0.34234881, 0.60632271, 0.05946330)
(0.52859133, 0.05582415, 0.34203884, 0.33710581, 0.42590448, 0.34973019, 0.50614202, 0.82704788, 0.45084548, 0.86711216)
(0.55313969, 0.26901823, 0.11703325, 0.40659282, 0.21747467, 0.31410989, 0.26183176, 0.56256682, 0.27538544, 0.82135904)
(0.19355944, 0.72815841, 0.91962415, 0.64630634, 0.12087022, 0.62217808, 0.59428728, 0.18257762, 0.43057260, 0.77264839)
(0.62137747, 0.22263147, 0.86436021, 0.56032771, 0.47552687, 0.90207422, 0.39785156, 0.59925938, 0.65119553, 0.79272240)
(0.82880640, 0.22609335, 0.66205668, 0.19080804, 0.42118126, 0.88533926, 0.76665550, 0.68429166, 0.11218558, 0.88315845)
(0.28838319, 0.27463380, 0.70372903, 0.59145665, 0.19067141, 0.05563537, 0.11899541, 0.80939925, 0.14523856, 0.39610422)
(0.40664184, 0.61980629, 0.74845147, 0.47340930, 0.25722754, 0.69076276, 0.67574841, 0.65011185, 0.08130437, 0.46122971)
(0.51165134, 0.13718551, 0.11203772, 0.79412556, 0.57446933, 0.37159398, 0.89987886, 0.21324688, 0.18038793, 0.51983112)
(0.73080909, 0.31811517, 0.48531857, 0.33875456, 0.71980542, 0.31003195, 0.49686280, 0.95206589, 0.13412511, 0.76701713)
(0.41050917, 0.50335932, 0.71216679, 0.33250949, 0.23712350, 0.71045280, 0.11112882, 0.06578159, 0.33188888, 0.29988760)
(0.38566807, 0.51587486, 0.35550359, 0.50780332, 0.90048033, 0.66420907, 0.09296102, 0.22724743, 0.91996825, 0.68805200)
(0.25913444, 0.18984309, 0.10869538, 0.58193344, 0.59463298, 0.68289638, 0.86546916, 0.11744524, 0.37534407, 0.50772512)
(0.89733911, 0.24396387, 0.03663361, 0.72116393, 0.61688048, 0.53066123, 0.46041751, 0.78997612, 0.09932830, 0.34244084)
(0.43574432, 0.79477012, 0.78907073, 0.26768294, 0.95414454, 0.31357607, 0.15042350, 0.56624740, 0.89236230, 0.30022731)
(0.08790887, 0.71038932, 0.38574773, 0.34891948, 0.87079990, 0.85177428, 0.28139430, 0.17550147, 0.68390894, 0.42173502)
(0.31794250, 0.15875030, 0.11937202, 0.53787112, 0.40156779, 0.39034376, 0.44407797, 0.60876447, 0.54227161, 0.92060339)
(0.50176865, 0.20873690, 0.63273734, 0.30881828, 0.89152181, 0.23050675, 0.58967203, 0.81586188, 0.01986919, 0.46745917)
(0.60661131, 0.17298056, 0.24325001, 0.33353505, 0.90102899, 0.33273950, 0.29001972, 0.83487296, 0.08581346, 0.56622016)
(0.32359937, 0.30968875, 0.58047420, 0.26534104, 0.41600707, 0.62649488, 0.81719744, 0.34792158, 0.39567637, 0.43584770)
(0.27058840, 0.55258483, 0.21280453, 0.07432646, 0.82403612, 0.30201730, 0.81383061, 0.28040916, 0.75263047, 0.33187765)
(0.52131438, 0.53803486, 0.65206343, 0.20212539, 0.28442851, 0.88904792, 0.46000648, 0.15981440, 0.16762128, 0.52622813)
(0.62358844, 0.10289264, 0.11437714, 0.85139763, 0.60588270, 0.18597402, 0.72591901, 0.89731151, 0.17467295, 0.73579544)
(0.76697582, 0.26710254, 0.14194922, 0.88901407, 0.56305265, 0.31181893, 0.76501626, 0.40960479, 0.68231374, 0.72868913)
(0.86638910, 0.63413864, 0.60474277, 0.32857072, 0.48320082, 0.51557744, 0.31978151, 0.16999495, 0.35668951, 0.62425232)
(0.65370309, 0.40023518, 0.59815818, 0.30472547, 0.29433602, 0.34247753, 0.20493625, 0.06591880, 0.21257319, 0.90681273)
(0.82093954, 0.38184649, 0.15934329, 0.52905971, 0.59861791, 0.17059846, 0.62036812, 0.23855714, 0.01818912, 0.11346012)
(0.40731099, 0.91666001, 0.70305282, 0.39578331, 0.07283641, 0.25731438, 0.82927036, 0.47615892, 0.92641491, 0.73556560)
(0.03434431, 0.53377193, 0.54056513, 0.19211160, 0.69265532, 0.59349668, 0.62548113, 0.36770380, 0.80318284, 0.12804408)
(0.08895555, 0.32467493, 0.44499648, 0.26177087, 0.53510588, 0.49171272, 0.75049025, 0.22342440, 0.61838812, 0.51987433)
(0.45925939, 0.80360448, 0.66937530, 0.24238423, 0.63207358, 0.90323079, 0.23555706, 0.19982527, 0.85379863, 0.83108795)
(0.83000809, 0.11045803, 0.71922123, 0.36157537, 0.73968136, 0.37238950, 0.29407376, 0.30600923, 0.35923547, 0.65054762)
(0.46823373, 0.16218235, 0.71665376, 0.62431085, 0.55450171, 0.13017975, 0.08417952, 0.39033616, 0.24596561, 0.49286607)
(0.03488928, 0.98932695, 0.63570392, 0.67589414, 0.10042389, 0.19392085, 0.29086676, 0.79132318, 0.60337567, 0.63274288)
(0.31327656, 0.12920529, 0.45154640, 0.17145796, 0.71965867, 0.44536668, 0.69686377, 0.08826657, 0.51366168, 0.35751885)
(0.89753681, 0.90283275, 0.78980827, 0.13768759, 0.35862225, 0.64101744, 0.94816989, 0.81993198, 0.76395583, 0.87094051)
(0.40829241, 0.71506542, 0.51853865, 0.79203385, 0.68856472, 0.58705848, 0.64864594, 0.66372639, 0.89445150, 0.31390351)
(0.45846123, 0.13760544, 0.09246564, 0.78658456, 0.38314182, 0.62622231, 0.85218757, 0.72567683, 0.26716956, 0.40006647)
(0.12927848, 0.68663853, 0.23557381, 0.42457789, 0.33155569, 0.43446478, 0.94603163, 0.22945574, 0.52002150, 0.18782690)
(0.56228530, 0.99036670, 0.21934316, 0.04269475, 0.55502385, 0.73786145, 0.32801855, 0.63430554, 0.91351020, 0.62001884)
(0.04500982, 0.06218825, 0.26713631, 0.51738179, 0.88747060, 0.38300258, 0.80157018, 0.12864009, 0.29873708, 0.69275433)
(0.45601037, 0.54503453, 0.45747951, 0.36025050, 0.52945668, 0.80108941, 0.41598272, 0.57522821, 0.14467615, 0.25377735)
(0.72152263, 0.41134802, 0.72068101, 0.20312454, 0.46602297, 0.89362293, 0.07152183, 0.71148330, 0.07377362, 0.73883671)
(0.52128565, 0.72151744, 0.37592524, 0.36641762, 0.49730346, 0.87352914, 0.64157194, 0.26288363, 0.01022033, 0.44593832)
(0.53896844, 0.39299124, 0.36514705, 0.05336196, 0.81565887, 0.16050696, 0.56880796, 0.42536250, 0.93091899, 0.27727580)
(0.38668323, 0.18652785, 0.22605924, 0.45205718, 0.90976536, 0.11937414, 0.43302068, 0.08893055, 0.14946282, 0.38950840)
(0.45406640, 0.40827912, 0.63385779, 0.26519328, 0.57237238, 0.15909366, 0.67061448, 0.73123008, 0.61187315, 0.23781283)
(0.38045609, 0.17962120, 0.40085533, 0.86685127, 0.49898365, 0.77935886, 0.72109491, 0.81839889, 0.15182495, 0.17602687)
(0.50659281, 0.59161073, 0.84414726, 0.10161992, 0.92307454, 0.04789198, 0.55439776, 0.70492548, 0.84581459, 0.73137993)
(0.77489609, 0.81272733, 0.03070259, 0.95425493, 0.47068024, 0.80124789, 0.85738993, 0.24489670, 0.76231563, 0.79744691)
(0.84625870, 0.35610244, 0.35423693, 0.09140689, 0.18268418, 0.34073722, 0.87602055, 0.46130133, 0.65035558, 0.46438366)
(0.64226407, 0.74312872, 0.11402141, 0.77820069, 0.64117527, 0.87651539, 0.77963692, 0.27235612, 0.50246358, 0.74830902)
(0.79820091, 0.68485868, 0.95460796, 0.37669319, 0.26792777, 0.44168979, 0.45372856, 0.29831687, 0.69676596, 0.71281213)
(0.03549875, 0.42387858, 0.67727768, 0.29412210, 0.37818375, 0.67994761, 0.58780789, 0.10860500, 0.74228734, 0.28848636)
(0.44607076, 0.71672893, 0.57479340, 0.24174677, 0.71427155, 0.27359235, 0.34707251, 0.34632185, 0.95295346, 0.07134836)
(0.60750699, 0.61174470, 0.02664912, 0.79674363, 0.41199222, 0.91175044, 0.61785525, 0.46759769, 0.23938619, 0.70908338)
(0.50866544, 0.11562005, 0.06282846, 0.87889057, 0.53213912, 0.33893594, 0.87873280, 0.51690203, 0.18088715, 0.71984410)
(0.62080789, 0.49320129, 0.29133987, 0.67137939, 0.43317327, 0.46086350, 0.16774227, 0.11095116, 0.63593912, 0.76571614)
(0.72058612, 0.31264669, 0.21971504, 0.30623585, 0.15981211, 0.60328585, 0.22914758, 0.82265395, 0.37438977, 0.89758539)
(0.14510311, 0.77958184, 0.49135131, 0.22568838, 0.21150652, 0.80962461, 0.50869071, 0.40119150, 0.51859027, 0.35119042)
(0.40981215, 0.82349753, 0.64683837, 0.28654721, 0.71927017, 0.13496134, 0.08238452, 0.37452829, 0.66369218, 0.21053420)
(0.90696579, 0.49639130, 0.86146265, 0.13438725, 0.60158414, 0.45376095, 0.91593271, 0.54993361, 0.14200689, 0.51998705)
(0.43186617, 0.73131990, 0.50082809, 0.05619130, 0.27771157, 0.50307953, 0.70350879, 0.27078405, 0.75923049, 0.55882353)
(0.04955619, 0.66582215, 0.87251610, 0.62827325, 0.71141154, 0.33568144, 0.23281527, 0.20642190, 0.74286014, 0.65664947)
(0.59626245, 0.65438181, 0.51269644, 0.33225480, 0.92439711, 0.56187999, 0.68109167, 0.16275752, 0.72180557, 0.87604880)
(0.38719344, 0.79086310, 0.94301575, 0.81447548, 0.58466202, 0.05291917, 0.09081526, 0.24421223, 0.76835746, 0.27691677)
(0.77632004, 0.34284076, 0.49428245, 0.35408217, 0.20077828, 0.69022530, 0.71458066, 0.39363998, 0.07894630, 0.68285716)
(0.15891366, 0.47615686, 0.69918364, 0.44501945, 0.72399300, 0.34107792, 0.42618227, 0.11150024, 0.68386424, 0.68062121)
(0.13526621, 0.97664487, 0.58130443, 0.08166404, 0.61963749, 0.88270509, 0.60825199, 0.57108057, 0.73209238, 0.60847068)
(0.27002716, 0.49957025, 0.61902422, 0.18517315, 0.82942820, 0.57791930, 0.85058826, 0.15560906, 0.76472986, 0.83823782)
(0.86071736, 0.61199582, 0.39187902, 0.92103893, 0.54951555, 0.52513826, 0.94535184, 0.30136040, 0.63895172, 0.15256582)
(0.68334413, 0.77407783, 0.72037411, 0.08784062, 0.45105299, 0.77672774, 0.38721031, 0.44811535, 0.02785566, 0.51856589)
(0.28602323, 0.31406015, 0.05015898, 0.31591830, 0.16544381, 0.63452095, 0.29174322, 0.85322362, 0.17775846, 0.35242656)
(0.23201159, 0.23007520, 0.46926638, 0.10486751, 0.89752424, 0.39694312, 0.49063498, 0.09609782, 0.59623653, 0.33138785)
(0.32379380, 0.22256938, 0.57490534, 0.11509714, 0.90955102, 0.41354972, 0.53625566, 0.10555848, 0.80057287, 0.19300017)
(0.09421096, 0.37115714, 0.40116331, 0.64553851, 0.67121893, 0.81513244, 0.80564624, 0.14548527, 0.32305247, 0.35050315)
(0.57970387, 0.84055316, 0.60216510, 0.26466995, 0.83487886, 0.22231922, 0.11404728, 0.47083831, 0.73631221, 0.09669772)
(0.90538025, 0.33341780, 0.33925518, 0.35414767, 0.59416342, 0.59863919, 0.39858213, 0.31726047, 0.10267341, 0.51051372)
(0.79350221, 0.23794848, 0.15265985, 0.74657816, 0.70751035, 0.66074252, 0.55085254, 0.57024711, 0.18794784, 0.31659982)
(0.58268541, 0.49154115, 0.12318765, 0.37724480, 0.57746869, 0.85759717, 0.57553250, 0.87817651, 0.02888443, 0.62907869)
(0.29007009, 0.71958524, 0.65042168, 0.31227767, 0.38527280, 0.23478808, 0.60075444, 0.16826485, 0.49495229, 0.75436896)
(0.65488416, 0.53535938, 0.42292967, 0.13802092, 0.88932645, 0.18928853, 0.42790306, 0.35085565, 0.77851498, 0.27537468)
(0.34693867, 0.46425146, 0.09797011, 0.67191935, 0.48190200, 0.71458989, 0.88162619, 0.06798257, 0.29719716, 0.40773267)
(0.35558608, 0.56923693, 0.24110813, 0.52688384, 0.86495531, 0.83089632, 0.35189575, 0.21661606, 0.64661008, 0.54734468)
(0.37846127, 0.45850110, 0.49176559, 0.49985269, 0.29240358, 0.75740832, 0.04159583, 0.14473592, 0.05115028, 0.63293439)
(0.51922023, 0.19543438, 0.85088313, 0.64212060, 0.78009850, 0.53621089, 0.67270029, 0.25819990, 0.57188088, 0.69570470)
(0.24360313, 0.65636683, 0.15453410, 0.91392154, 0.73217785, 0.67375678, 0.57473379, 0.54740137, 0.75959891, 0.48088479)
(0.60008383, 0.62165266, 0.76192647, 0.70687175, 0.29685119, 0.51302284, 0.74912518, 0.57546300, 0.06801965, 0.71112525)
(0.68467098, 0.19364728, 0.93359023, 0.78087801, 0.87681514, 0.29381287, 0.30320179, 0.48801926, 0.81288821, 0.23568794)
(0.38448530, 0.54034346, 0.31886533, 0.60916871, 0.45366752, 0.88391548, 0.62326980, 0.24562147, 0.00777852, 0.25217968)
(0.60132915, 0.46945781, 0.61395669, 0.43344817, 0.30312210, 0.68148971, 0.88955986, 0.25858277, 0.36210003, 0.78023243)
(0.07595380, 0.53425223, 0.87767875, 0.56161714, 0.20763618, 0.43331504, 0.20400347, 0.12012136, 0.42612490, 0.18343166)
(0.23326659, 0.55517423, 0.19404244, 0.85901296, 0.55750829, 0.86594784, 0.89538711, 0.26512957, 0.50934708, 0.44282421)
(0.24231142, 0.18447815, 0.60133284, 0.32213211, 0.09999618, 0.49202585, 0.70286131, 0.24065645, 0.19432151, 0.78213668)
(0.37081981, 0.39357534, 0.11009619, 0.94073594, 0.86165035, 0.30237281, 0.90168995, 0.35980415, 0.82704723, 0.44296438)
(0.51899362, 0.83451980, 0.59081864, 0.07583062, 0.64439166, 0.75659567, 0.38343611, 0.84203213, 0.86023402, 0.52162021)
(0.65801036, 0.59670728, 0.28470659, 0.95875293, 0.61729318, 0.54454958, 0.83635575, 0.34076655, 0.53370839, 0.25781468)
(0.83033580, 0.63542324, 0.67240119, 0.30726883, 0.39835760, 0.79486090, 0.23132230, 0.19438000, 0.26206765, 0.35405856)
(0.84921271, 0.11082709, 0.16147861, 0.15666761, 0.28419161, 0.64874321, 0.89768445, 0.72350651, 0.64117444, 0.76027620)
(0.42563608, 0.50560600, 0.17840640, 0.73969281, 0.82143128, 0.72741717, 0.54828978, 0.40757960, 0.76738638, 0.82714534)
(0.16194239, 0.12566927, 0.28726599, 0.54195487, 0.59530842, 0.80569941, 0.47451922, 0.24144275, 0.47776210, 0.53387916)
(0.14902428, 0.62311292, 0.52096462, 0.36362204, 0.83245277, 0.32228109, 0.49018669, 0.42815757, 0.79116344, 0.33143193)
(0.68827713, 0.33822399, 0.37113529, 0.71079355, 0.40301985, 0.24103783, 0.12797840, 0.33808815, 0.83721715, 0.19244683)
(0.68650639, 0.29525083, 0.30236262, 0.36519006, 0.87523192, 0.23704642, 0.68062675, 0.13028491, 0.47446874, 0.93062603)
(0.10517596, 0.32877827, 0.48553312, 0.38165405, 0.16868961, 0.29023305, 0.46170259, 0.07956623, 0.46044397, 0.26449579)
(0.64904541, 0.37838247, 0.73272318, 0.82755971, 0.42063093, 0.52600640, 0.14191709, 0.55202323, 0.18739475, 0.84817678)
(0.08023130, 0.27232134, 0.54352486, 0.48303801, 0.64524728, 0.86688715, 0.49700704, 0.12862331, 0.79430217, 0.23220463)
(0.13242750, 0.94655252, 0.58109665, 0.06126293, 0.56434995, 0.85053438, 0.51639414, 0.39898139, 0.87264681, 0.18398832)
(0.28712061, 0.35292125, 0.42950818, 0.12608567, 0.53426492, 0.59768975, 0.63622999, 0.25824940, 0.47850925, 0.31376815)
(0.08906435, 0.87790853, 0.55534261, 0.29219753, 0.33403656, 0.41606420, 0.13602866, 0.13103652, 0.82310104, 0.73834568)
(0.39290237, 0.41520715, 0.46527240, 0.52643895, 0.55509728, 0.84237725, 0.08875070, 0.42165083, 0.79825425, 0.62820292)
(0.78074527, 0.55382013, 0.30976444, 0.58265370, 0.94772577, 0.39422613, 0.61178142, 0.46229422, 0.80411428, 0.20108102)
(0.43269181, 0.12526320, 0.22386514, 0.24921900, 0.53550005, 0.33239001, 0.60464966, 0.04552447, 0.11116751, 0.06291660)
(0.26173675, 0.51075298, 0.24572131, 0.12793481, 0.35464990, 0.53230125, 0.82968676, 0.16852696, 0.75974929, 0.27911457)
(0.55733442, 0.27218708, 0.83732712, 0.60048360, 0.79391748, 0.34458959, 0.31647950, 0.49082515, 0.51400763, 0.32629690)
(0.85105366, 0.53111148, 0.70239723, 0.37277520, 0.49469399, 0.74654973, 0.17003639, 0.83958811, 0.34622231, 0.83864331)
(0.64142340, 0.33391231, 0.29551640, 0.95842576, 0.90389848, 0.23095936, 0.83659244, 0.44985127, 0.91959357, 0.42302707)
(0.33927938, 0.48018208, 0.51178819, 0.51697230, 0.54350030, 0.55625081, 0.35251808, 0.08979388, 0.76515019, 0.77701247)
(0.45774752, 0.40966588, 0.72553897, 0.26065579, 0.36258474, 0.78556091, 0.76398146, 0.23150398, 0.19996765, 0.79464078)
(0.56184375, 0.18325697, 0.09399150, 0.72848415, 0.35311496, 0.54636872, 0.75535876, 0.89085275, 0.25262043, 0.16907860)
(0.68319172, 0.76325941, 0.61626440, 0.40361089, 0.55240762, 0.89073110, 0.14599732, 0.23168758, 0.53911978, 0.60164177)
(0.13186917, 0.42770180, 0.46015728, 0.50609320, 0.57000583, 0.79858214, 0.73810697, 0.20053659, 0.47314098, 0.19289306)
(0.59880173, 0.24468002, 0.38913295, 0.96676844, 0.61514425, 0.40330148, 0.88001829, 0.53520131, 0.83766711, 0.42828873)
(0.63826782, 0.05931672, 0.07764094, 0.81138057, 0.40379062, 0.56623757, 0.94208127, 0.19339123, 0.66764873, 0.27884141)
(0.13169646, 0.15525429, 0.38822144, 0.63629800, 0.63870859, 0.85921079, 0.69425780, 0.51646167, 0.47915396, 0.42652100)
(0.68867719, 0.68414241, 0.83033943, 0.41891748, 0.76058489, 0.06032882, 0.10520807, 0.24364115, 0.66484648, 0.55292261)
(0.82903236, 0.27697048, 0.88879538, 0.50580442, 0.72943723, 0.72791737, 0.74829048, 0.70414418, 0.24960782, 0.51735395)
(0.23975644, 0.72210932, 0.31439692, 0.62874871, 0.31856892, 0.93744749, 0.36354351, 0.47157827, 0.71281135, 0.91729289)
(0.53259104, 0.30463928, 0.24836822, 0.13033459, 0.25692800, 0.44413662, 0.87068826, 0.08713815, 0.63768059, 0.55485505)
(0.17824483, 0.63614523, 0.86165637, 0.33700612, 0.45220593, 0.91721928, 0.08036422, 0.19893070, 0.63253486, 0.59105808)
(0.36896542, 0.27497885, 0.31524414, 0.38223949, 0.32261708, 0.97282696, 0.48923138, 0.43078035, 0.09808321, 0.58954817)
(0.03825210, 0.59904045, 0.75471455, 0.76695669, 0.63661629, 0.16946776, 0.31244630, 0.09294132, 0.62041771, 0.19864552)
(0.15080102, 0.33109540, 0.52189785, 0.37817952, 0.78220195, 0.88992941, 0.22528358, 0.16747651, 0.78582108, 0.77228630)
(0.25013024, 0.44526559, 0.17241232, 0.50862420, 0.14580721, 0.58609384, 0.54364902, 0.57346755, 0.51550126, 0.88067704)
(0.85043508, 0.82182157, 0.44396389, 0.47599563, 0.59877867, 0.60618633, 0.31053355, 0.34396940, 0.80952877, 0.42366269)
(0.20664012, 0.35638586, 0.64718056, 0.41000119, 0.79044175, 0.70965356, 0.89716995, 0.18153046, 0.28480989, 0.78411090)
(0.42115214, 0.13916734, 0.73270625, 0.67571330, 0.48650539, 0.15637167, 0.15222958, 0.79195458, 0.24517146, 0.61027646)
(0.65522516, 0.93675655, 0.29895917, 0.24859387, 0.44951269, 0.40669578, 0.97558129, 0.21036902, 0.64844495, 0.20101981)
(0.26206192, 0.19107963, 0.92360598, 0.78130531, 0.16069885, 0.77921522, 0.65893161, 0.25951940, 0.22802174, 0.35975885)
(0.47539574, 0.30245695, 0.90857118, 0.63721365, 0.07148543, 0.71525377, 0.64370799, 0.53639030, 0.06166173, 0.31330633)
(0.82119668, 0.57041550, 0.93482059, 0.69115126, 0.61020362, 0.71445745, 0.36254597, 0.49772257, 0.21640386, 0.65603310)
(0.31556356, 0.12703463, 0.42167634, 0.22070545, 0.71995986, 0.92595381, 0.48834968, 0.39563429, 0.23283823, 0.51129442)
(0.44550455, 0.27308008, 0.15336983, 0.67694974, 0.55160987, 0.82233840, 0.83654058, 0.18156956, 0.24847496, 0.62770492)
(0.77205068, 0.19623105, 0.04558784, 0.85626173, 0.61612678, 0.27548400, 0.59822941, 0.59784251, 0.20209740, 0.58915520)
(0.55676353, 0.61450583, 0.43951571, 0.22087039, 0.60178411, 0.46193326, 0.39925086, 0.07430562, 0.94896495, 0.33826235)
(0.40111774, 0.47472531, 0.49682865, 0.50384331, 0.60002828, 0.67229879, 0.68589401, 0.27265438, 0.30167449, 0.59999096)
(0.39893487, 0.64486957, 0.10329896, 0.19138019, 0.30557695, 0.77119976, 0.81169981, 0.08631396, 0.35688460, 0.36146399)
(0.77782565, 0.61086810, 0.24787760, 0.80860031, 0.64662617, 0.82710987, 0.75225657, 0.50394994, 0.06677607, 0.79046917)
(0.52285248, 0.79597348, 0.56863028, 0.31548813, 0.30509260, 0.16201262, 0.10148700, 0.14386824, 0.72133040, 0.57545227)
(0.87433541, 0.48792559, 0.48864320, 0.95470041, 0.79806471, 0.17549713, 0.92211109, 0.36226380, 0.57744604, 0.13873953)
(0.38934794, 0.58851457, 0.46140954, 0.13786756, 0.47153947, 0.11914391, 0.51917648, 0.23082808, 0.64523578, 0.62130910)
(0.46843970, 0.78450108, 0.85406017, 0.66484165, 0.72471398, 0.32319713, 0.12205075, 0.39038125, 0.75792515, 0.47802526)
(0.33748278, 0.15374972, 0.11794274, 0.40061185, 0.55509579, 0.79163212, 0.71167046, 0.51288873, 0.21127599, 0.88730299)
(0.38965631, 0.90630633, 0.80115861, 0.27063620, 0.08944201, 0.82618284, 0.81938285, 0.61038566, 0.57293928, 0.55453086)
(0.23537824, 0.06120495, 0.46372786, 0.23319295, 0.57836324, 0.61141092, 0.85532492, 0.40020886, 0.14469114, 0.48000562)
(0.77229017, 0.10963561, 0.97430789, 0.74928951, 0.22883496, 0.22919822, 0.18469074, 0.25366819, 0.55059743, 0.29768386)
(0.34978080, 0.34357449, 0.60286987, 0.35088113, 0.09809592, 0.45979416, 0.87954700, 0.26285651, 0.48808071, 0.46278298)
(0.25898695, 0.40566427, 0.27672955, 0.56307936, 0.61599082, 0.84714657, 0.09220582, 0.28286961, 0.75358337, 0.63669187)
(0.44149536, 0.47047365, 0.88543737, 0.25834221, 0.24324775, 0.76026547, 0.73751318, 0.27372497, 0.30479598, 0.76496971)
(0.11296962, 0.30525127, 0.55477536, 0.60506213, 0.42672205, 0.52669132, 0.30236134, 0.26076192, 0.31817737, 0.37509876)
(0.16950177, 0.07602445, 0.18585904, 0.43570286, 0.84401280, 0.54702425, 0.63755023, 0.30549929, 0.54548824, 0.78444314)
(0.18439879, 0.81709182, 0.47028863, 0.32592130, 0.67429101, 0.06863537, 0.25424808, 0.63199818, 0.71464413, 0.60091311)
(0.44369182, 0.16326128, 0.28984565, 0.30060223, 0.78678238, 0.63568503, 0.62827885, 0.30149299, 0.08210447, 0.79896528)
(0.36509481, 0.27765569, 0.41111121, 0.40976167, 0.41063783, 0.54027414, 0.57740510, 0.07165550, 0.49606898, 0.76516944)
(0.63807625, 0.52351087, 0.44458210, 0.40294635, 0.80312192, 0.66838109, 0.23717169, 0.21438260, 0.81971037, 0.83951318)
(0.48930410, 0.17697355, 0.14242680, 0.76106125, 0.56631553, 0.28251386, 0.77433908, 0.26069307, 0.35082248, 0.11005189)
(0.05794365, 0.65094393, 0.57205671, 0.17708853, 0.22147176, 0.81732869, 0.60364783, 0.25755697, 0.44425625, 0.16723135)
(0.32172266, 0.13950698, 0.86128139, 0.71231121, 0.83864546, 0.30599564, 0.35806367, 0.85897958, 0.14676665, 0.35323769)
(0.41779482, 0.26096100, 0.31368303, 0.93109113, 0.19537832, 0.95623565, 0.77540225, 0.58992761, 0.60687858, 0.32887542)
(0.91560888, 0.70357454, 0.74631286, 0.35068214, 0.44635060, 0.09642655, 0.12053884, 0.58331639, 0.77824819, 0.56027561)
(0.69889516, 0.57074511, 0.13599178, 0.62014264, 0.28045145, 0.11959542, 0.86480147, 0.55917954, 0.27549314, 0.33197802)
(0.55806017, 0.40804109, 0.08890769, 0.61216736, 0.40962729, 0.96737605, 0.23446120, 0.28101704, 0.59030491, 0.53968614)
(0.44132367, 0.77501535, 0.40862405, 0.34179392, 0.39887786, 0.61583203, 0.88143444, 0.14390612, 0.16934507, 0.16731457)
(0.85450989, 0.46613213, 0.16808513, 0.91656268, 0.46525592, 0.77734202, 0.57873231, 0.61734349, 0.04726998, 0.19345523)
(0.12270982, 0.30200133, 0.72685188, 0.72256976, 0.71935779, 0.81509066, 0.65207690, 0.38699242, 0.26849023, 0.53024524)
(0.85637540, 0.49436775, 0.72658688, 0.26571319, 0.34838206, 0.90591794, 0.39711371, 0.39784735, 0.04130188, 0.73768634)
(0.66957003, 0.72416133, 0.90685469, 0.51243299, 0.27411622, 0.71450078, 0.73423970, 0.54461777, 0.09448656, 0.49666274)
(0.40999743, 0.23538347, 0.35165119, 0.43234381, 0.30083019, 0.55537826, 0.11560681, 0.71603996, 0.39507878, 0.28289205)
(0.66973937, 0.49096555, 0.65209675, 0.66660684, 0.91112071, 0.45122537, 0.48012722, 0.29377338, 0.72100043, 0.05269432)
(0.12069506, 0.51330209, 0.74878651, 0.22030410, 0.31832218, 0.53436744, 0.20944886, 0.10908435, 0.65954024, 0.71174335)
(0.75478834, 0.26594403, 0.83978105, 0.62150723, 0.72847384, 0.82176626, 0.42281273, 0.46317947, 0.49741137, 0.79212987)
(0.64907706, 0.18988748, 0.06403208, 0.71240759, 0.18058512, 0.53533924, 0.70265102, 0.18255685, 0.73036075, 0.84391838)
(0.24536847, 0.47760013, 0.47546715, 0.26659077, 0.72444290, 0.64277649, 0.43452385, 0.13967852, 0.95740080, 0.24778900)
(0.03321613, 0.80839407, 0.39042616, 0.22019069, 0.28887963, 0.23405568, 0.30411291, 0.23532884, 0.59408087, 0.42607349)
(0.43113983, 0.25337330, 0.41086841, 0.92448848, 0.48729184, 0.80295980, 0.83024454, 0.57154483, 0.16268592, 0.18566598)
(0.49829778, 0.31404486, 0.12594819, 0.46908596, 0.66931105, 0.81152433, 0.54458135, 0.42680013, 0.17847873, 0.79274529)
(0.12382841, 0.90081912, 0.70785058, 0.23911646, 0.73246026, 0.81840724, 0.33415839, 0.33419225, 0.60351026, 0.43201590)
(0.48286811, 0.60466617, 0.46627048, 0.20071502, 0.34642568, 0.62135720, 0.42151445, 0.07298800, 0.50156331, 0.77259564)
(0.56184858, 0.32408315, 0.36774939, 0.41906193, 0.55845195, 0.87551957, 0.58194983, 0.41749796, 0.16823521, 0.21058494)
(0.57026088, 0.05027224, 0.77542871, 0.15053497, 0.82583767, 0.30940902, 0.54799378, 0.94952524, 0.20824504, 0.41503653)
(0.45969802, 0.32159513, 0.20803329, 0.46838042, 0.33233935, 0.66839099, 0.31266236, 0.51260054, 0.53285986, 0.89517403)
(0.73824376, 0.36538994, 0.20198569, 0.44310141, 0.63995278, 0.42193547, 0.51618838, 0.85085797, 0.17863826, 0.07233205)
(0.83695155, 0.69502306, 0.34556168, 0.74794227, 0.73033816, 0.78971404, 0.37291807, 0.48564628, 0.86754888, 0.37773743)
(0.03535611, 0.38427719, 0.57873267, 0.38929051, 0.21328576, 0.65063483, 0.39048877, 0.10027096, 0.34182003, 0.41482395)
(0.57715565, 0.09320009, 0.80912536, 0.66339231, 0.67751759, 0.32260814, 0.24127387, 0.46425322, 0.40433994, 0.63316560)
(0.41315079, 0.61119103, 0.67309135, 0.47514838, 0.12826914, 0.68027759, 0.44397783, 0.26159713, 0.02500313, 0.71843481)
(0.35384604, 0.77571279, 0.47378400, 0.48235929, 0.71463770, 0.59015417, 0.08265547, 0.10963403, 0.85786176, 0.48037708)
(0.72762215, 0.35183790, 0.51010096, 0.22002223, 0.16347833, 0.47042915, 0.53195471, 0.37341937, 0.04146427, 0.64710498)
(0.85689414, 0.71038330, 0.79594308, 0.22088684, 0.65095896, 0.20306465, 0.40850350, 0.44220978, 0.85483450, 0.61423320)
(0.23541553, 0.75652444, 0.61285836, 0.11562336, 0.06860790, 0.66437072, 0.56228989, 0.34951741, 0.58720565, 0.62995124)
(0.44576713, 0.78362900, 0.59381950, 0.67281199, 0.55186588, 0.29770991, 0.04108884, 0.53536803, 0.71707618, 0.40700549)
(0.62262267, 0.39999780, 0.59597671, 0.61659902, 0.49165311, 0.06725243, 0.07606512, 0.43248108, 0.49921671, 0.30825892)
(0.07097095, 0.08501945, 0.44070953, 0.32261029, 0.40197277, 0.57071811, 0.16194387, 0.03352852, 0.52457339, 0.37346420)
(0.74882442, 0.66705865, 0.50218654, 0.42132181, 0.68072832, 0.79919368, 0.82475251, 0.38036385, 0.00920358, 0.59035730)
(0.36139077, 0.48552388, 0.21474259, 0.53049326, 0.80063719, 0.83388072, 0.66190010, 0.10111751, 0.52013361, 0.52667463)
(0.84175187, 0.44835690, 0.55262446, 0.20740063, 0.46593121, 0.16631946, 0.13414419, 0.14005293, 0.47465369, 0.47064653)
(0.28982580, 0.28560424, 0.45288748, 0.55244625, 0.68190873, 0.93816417, 0.35337535, 0.14789973, 0.17547067, 0.39470023)
(0.85707474, 0.11798501, 0.02197895, 0.61826122, 0.65047270, 0.30687320, 0.52419323, 0.86608040, 0.16826944, 0.18916735)
(0.45858389, 0.25167474, 0.15217686, 0.89877754, 0.61724114, 0.25421596, 0.94198793, 0.11770659, 0.50556880, 0.16334684)
(0.45989853, 0.40686348, 0.59497714, 0.29194361, 0.35043448, 0.74306762, 0.09972668, 0.68678391, 0.03989721, 0.64897400)
(0.30250880, 0.89641207, 0.68730676, 0.29749426, 0.24922176, 0.21938159, 0.04559329, 0.58463287, 0.47450361, 0.24474427)
(0.15109846, 0.34959242, 0.11976925, 0.76287621, 0.56375718, 0.59836960, 0.80191630, 0.54946804, 0.53048646, 0.57112932)
(0.75368720, 0.52911156, 0.55343181, 0.24057098, 0.63896942, 0.14836425, 0.14475222, 0.48263291, 0.67676121, 0.04466509)
(0.47983906, 0.17495096, 0.81297362, 0.53979248, 0.53867602, 0.31702217, 0.21065497, 0.54081643, 0.29964060, 0.11720097)
(0.36559251, 0.15675499, 0.15827878, 0.50384349, 0.29003075, 0.23644455, 0.49956766, 0.83160412, 0.32499555, 0.76526910)
(0.74138486, 0.30161887, 0.10588586, 0.30120635, 0.09840457, 0.29611033, 0.54400510, 0.94314235, 0.19397995, 0.90223759)
(0.13521601, 0.68265849, 0.54775226, 0.23062272, 0.73020852, 0.87550235, 0.19307505, 0.18039344, 0.41561988, 0.37515882)
(0.93338299, 0.43039024, 0.07397505, 0.70133716, 0.53637379, 0.89724040, 0.42236143, 0.73005694, 0.13342872, 0.33546007)
(0.54509264, 0.75705892, 0.68997216, 0.27321798, 0.63761157, 0.48777476, 0.62497109, 0.12442639, 0.60219717, 0.85185182)
(0.45481357, 0.87938988, 0.73860741, 0.34491521, 0.74418044, 0.70527828, 0.77972424, 0.46139026, 0.63364202, 0.68440193)
(0.12624516, 0.78579247, 0.78075731, 0.18599433, 0.89766127, 0.39868325, 0.51191127, 0.62587237, 0.83579952, 0.23556873)
(0.83898777, 0.80808783, 0.76789629, 0.22559942, 0.01724289, 0.19318853, 0.43534517, 0.36544892, 0.32101843, 0.71966362)
(0.53922808, 0.97931790, 0.74578780, 0.12579615, 0.22758465, 0.79109573, 0.39210483, 0.59541005, 0.64694667, 0.79005903)
(0.65822130, 0.13866934, 0.06406745, 0.07048844, 0.23118544, 0.49867624, 0.31145269, 0.88756019, 0.27196458, 0.69746661)
(0.41442546, 0.31228036, 0.43545049, 0.24474093, 0.70395929, 0.87725407, 0.65835637, 0.07273399, 0.52380788, 0.51192015)
(0.87652159, 0.29545668, 0.53325880, 0.33311611, 0.52246350, 0.66665739, 0.56694537, 0.32025427, 0.32064003, 0.97028333)
(0.06415975, 0.71424395, 0.68546462, 0.27915758, 0.24446012, 0.47898424, 0.27961099, 0.26449344, 0.48271346, 0.16682680)
(0.72172171, 0.63001227, 0.71666378, 0.27990770, 0.87248850, 0.12150810, 0.16668914, 0.45131412, 0.83394462, 0.39541897)
(0.50333792, 0.41647166, 0.66309524, 0.30841625, 0.33302557, 0.48185346, 0.66449398, 0.11648687, 0.35280940, 0.66014993)
(0.17475992, 0.32847047, 0.76502335, 0.57362485, 0.28447762, 0.47209096, 0.25407013, 0.42503724, 0.03328464, 0.51318610)
(0.12821296, 0.12005440, 0.60434002, 0.31003320, 0.51631981, 0.50893563, 0.64975142, 0.11785252, 0.53552854, 0.59282315)
(0.58201760, 0.96162623, 0.47077432, 0.59092265, 0.70049673, 0.69344342, 0.93761396, 0.43185857, 0.72601849, 0.19585264)
(0.36203709, 0.51024979, 0.47505358, 0.21600932, 0.46748635, 0.90805209, 0.50471705, 0.18419610, 0.24625354, 0.35234481)
(0.40459171, 0.47865146, 0.47601280, 0.13351856, 0.53914481, 0.91301191, 0.65459788, 0.93289089, 0.03705294, 0.76143146)
(0.22050589, 0.43238816, 0.33680013, 0.05552798, 0.12415400, 0.36417574, 0.93016744, 0.44721240, 0.72099531, 0.36266819)
(0.72506005, 0.26195911, 0.90876448, 0.45169225, 0.75830930, 0.64671689, 0.63446957, 0.37781239, 0.36144644, 0.39624634)
(0.92095560, 0.75565147, 0.56456858, 0.27084196, 0.38119024, 0.46012637, 0.89298391, 0.55599856, 0.05485294, 0.53491980)
(0.26252219, 0.14789976, 0.47397786, 0.33144653, 0.28251922, 0.49773899, 0.49731058, 0.05403917, 0.66094810, 0.78811437)
(0.34018764, 0.31147626, 0.39280131, 0.45830071, 0.60614622, 0.95523876, 0.36597937, 0.29947978, 0.60362971, 0.58133191)
(0.31538728, 0.46625853, 0.60156554, 0.10719728, 0.34400401, 0.26164994, 0.41026056, 0.27147666, 0.52613831, 0.54478019)
(0.31185547, 0.51442981, 0.49768192, 0.19889556, 0.72227025, 0.84959441, 0.36937746, 0.08157076, 0.39931720, 0.87160689)
(0.55078685, 0.47552052, 0.14616555, 0.52939367, 0.12608430, 0.41827813, 0.65587491, 0.89772123, 0.40582064, 0.49197346)
(0.79186046, 0.92071927, 0.52405339, 0.32661852, 0.72220653, 0.35819927, 0.92913914, 0.27058637, 0.31196511, 0.53652507)
(0.14808659, 0.07735004, 0.31745595, 0.66633207, 0.59097272, 0.61780983, 0.70591176, 0.19618240, 0.28185835, 0.17156658)
(0.28115383, 0.30263209, 0.55464005, 0.26972339, 0.47562605, 0.66791421, 0.88509524, 0.27413163, 0.40695566, 0.57425576)
(0.58098674, 0.39644203, 0.05094719, 0.76946843, 0.44272032, 0.63042331, 0.43483523, 0.66583019, 0.73843032, 0.93151557)
(0.14211145, 0.60978442, 0.80264592, 0.45452914, 0.36044115, 0.61836153, 0.32688367, 0.05666205, 0.43689829, 0.90455163)
(0.09554588, 0.95649540, 0.82322901, 0.30119342, 0.21446916, 0.67637992, 0.50724018, 0.58017796, 0.55881053, 0.60641605)
(0.67590016, 0.60101086, 0.48392898, 0.24918804, 0.97971743, 0.24677040, 0.23216392, 0.42884514, 0.63171846, 0.06027341)
(0.22733049, 0.13143253, 0.21305707, 0.78033429, 0.49552238, 0.67085183, 0.81713253, 0.42617822, 0.44492769, 0.66602767)
(0.52217525, 0.30579388, 0.42075425, 0.23406540, 0.62447929, 0.91161716, 0.53693736, 0.38373077, 0.01175536, 0.22122365)
(0.51347500, 0.24400838, 0.86698508, 0.28228524, 0.38031375, 0.08117617, 0.24687868, 0.44657525, 0.15467709, 0.34780514)
(0.65347666, 0.24529758, 0.94316030, 0.63938177, 0.32947421, 0.62215251, 0.22513366, 0.30592129, 0.21383324, 0.43787801)
(0.71133518, 0.38120598, 0.81630737, 0.18333489, 0.52404040, 0.94336468, 0.36795866, 0.89409935, 0.03971618, 0.65956527)
(0.33362457, 0.14325441, 0.36951718, 0.40091825, 0.62995988, 0.76920176, 0.82786316, 0.27879041, 0.21877410, 0.33909899)
(0.92317939, 0.59086949, 0.50697434, 0.17550026, 0.22699103, 0.71181852, 0.58667284, 0.45922074, 0.02293485, 0.65247178)
(0.59696668, 0.36295635, 0.90549159, 0.49038154, 0.77348745, 0.84525412, 0.92795742, 0.50747645, 0.13873158, 0.72745174)
(0.56865054, 0.63163340, 0.42751822, 0.39815369, 0.35550168, 0.64833951, 0.85822886, 0.47312167, 0.34229413, 0.47316399)
(0.82600850, 0.24480036, 0.90056926, 0.30071527, 0.45404899, 0.28988793, 0.57330900, 0.39528671, 0.49317855, 0.26360554)
(0.18572624, 0.28849685, 0.35003418, 0.48107442, 0.51803422, 0.89573312, 0.66572934, 0.52112705, 0.01510247, 0.25785720)
(0.91600502, 0.87244451, 0.57024616, 0.09025849, 0.38448820, 0.77278543, 0.39707312, 0.22020255, 0.67109227, 0.43827632)
(0.62301713, 0.54817742, 0.83456469, 0.52764428, 0.35158703, 0.84974331, 0.06071938, 0.85357648, 0.26889291, 0.82399017)
(0.26590547, 0.73129326, 0.60149229, 0.32556012, 0.59071499, 0.83940303, 0.04113238, 0.22950123, 0.44783458, 0.44101650)
(0.62786555, 0.19353782, 0.73035258, 0.17295736, 0.39129931, 0.75576681, 0.86987841, 0.45805275, 0.09243490, 0.70957750)
(0.73011744, 0.35357583, 0.31465968, 0.60510468, 0.83218545, 0.58322328, 0.62090337, 0.51369596, 0.23227122, 0.95302641)
(0.34627640, 0.13996601, 0.77297831, 0.43991330, 0.50179422, 0.08337468, 0.34809697, 0.07523530, 0.15388553, 0.83516169)
(0.80081564, 0.17664813, 0.05066688, 0.55922645, 0.62996727, 0.29301253, 0.30382031, 0.92082345, 0.17554548, 0.76429319)
(0.37703803, 0.56393695, 0.22933690, 0.09694966, 0.70737040, 0.60997695, 0.45001677, 0.16209957, 0.80183029, 0.19893363)
(0.13850534, 0.98882848, 0.64345050, 0.35673633, 0.16228019, 0.38061598, 0.16830635, 0.46090904, 0.67104870, 0.80426741)
(0.44476864, 0.08593547, 0.19605637, 0.32804576, 0.40527844, 0.60080707, 0.74753875, 0.07451374, 0.44021416, 0.35608375)
(0.18480398, 0.20118245, 0.13969082, 0.88261074, 0.51885623, 0.72471982, 0.86283839, 0.29259554, 0.45395613, 0.36363378)
(0.41679165, 0.69178486, 0.76731324, 0.49261704, 0.04072014, 0.43337467, 0.83466595, 0.36238798, 0.59141111, 0.70431840)
(0.46268493, 0.28858748, 0.85433310, 0.18704732, 0.89434153, 0.17096792, 0.59097600, 0.34513733, 0.16440848, 0.24791329)
(0.25087655, 0.58673453, 0.55198044, 0.47210240, 0.79420000, 0.93274099, 0.34928754, 0.16927277, 0.29568571, 0.55038029)
(0.17045283, 0.26859197, 0.18219160, 0.82096887, 0.83624935, 0.26373333, 0.91916847, 0.14308149, 0.58417213, 0.43556955)
(0.40298560, 0.47584000, 0.13006216, 0.39247102, 0.06224460, 0.42615217, 0.28443053, 0.73757738, 0.16514373, 0.25663275)
(0.30862126, 0.28337413, 0.64026242, 0.58395332, 0.42973831, 0.35479668, 0.34753177, 0.88372403, 0.42159647, 0.17016435)
(0.91499257, 0.34274036, 0.02307159, 0.47817647, 0.33808827, 0.67308968, 0.36381042, 0.96272254, 0.15723318, 0.17985657)
(0.92327654, 0.68908089, 0.43575129, 0.34982815, 0.11607402, 0.47260904, 0.77193999, 0.68303651, 0.14775474, 0.25337332)
(0.17189957, 0.09525143, 0.31007618, 0.28171176, 0.36044353, 0.67474574, 0.68984020, 0.69818211, 0.55863088, 0.88710672)
(0.48177874, 0.85795754, 0.75981826, 0.05536602, 0.28496963, 0.92468876, 0.79773968, 0.44654348, 0.31575736, 0.63705701)
(0.74376899, 0.39004311, 0.10981627, 0.80910897, 0.22992511, 0.84617239, 0.13093315, 0.47822762, 0.89391297, 0.45865098)
(0.38760719, 0.72138363, 0.86500722, 0.33902818, 0.65616876, 0.86450827, 0.51359069, 0.21638452, 0.47499698, 0.71488088)
(0.14568500, 0.52321762, 0.43820053, 0.46129459, 0.61718416, 0.87872845, 0.28546682, 0.25900388, 0.78515708, 0.24436516)
(0.67270672, 0.20625131, 0.76840764, 0.48347074, 0.53503269, 0.75142848, 0.20159054, 0.72164303, 0.52985102, 0.79682511)
(0.67243057, 0.08531767, 0.94072503, 0.47000295, 0.53152287, 0.10786909, 0.11216480, 0.30193391, 0.43545371, 0.32766211)
(0.26215687, 0.30801663, 0.95662802, 0.76958132, 0.27139890, 0.64275652, 0.62975979, 0.15795070, 0.48691741, 0.39433545)
(0.16130328, 0.23524709, 0.69200325, 0.22996764, 0.55773258, 0.89360559, 0.63812155, 0.39030179, 0.16428642, 0.46155667)
(0.44280633, 0.19283955, 0.20089926, 0.12827395, 0.71339303, 0.09389977, 0.20106791, 0.93163913, 0.11261063, 0.75202966)
(0.75243479, 0.54541498, 0.40617630, 0.95412695, 0.49854407, 0.60948509, 0.72975963, 0.36616141, 0.31414297, 0.13743250)
(0.43341556, 0.12284762, 0.42969236, 0.31260294, 0.52893126, 0.79136533, 0.88470453, 0.05701883, 0.55552691, 0.15009341)
(0.41633710, 0.32748392, 0.67917705, 0.63625234, 0.34375060, 0.88603938, 0.29065078, 0.49532831, 0.25929418, 0.62371790)
(0.77039886, 0.12408023, 0.43193924, 0.19394358, 0.30179310, 0.48609695, 0.33316961, 0.06611226, 0.46674147, 0.28344643)
(0.50605249, 0.90185601, 0.37768784, 0.62369788, 0.14420970, 0.40681577, 0.54869604, 0.67546970, 0.59114939, 0.44039154)
(0.46974534, 0.21036115, 0.66244078, 0.34556657, 0.69815487, 0.85287768, 0.49934295, 0.60494071, 0.20117879, 0.84605598)
(0.06312700, 0.19191334, 0.30190969, 0.79648817, 0.55751991, 0.55757743, 0.85904819, 0.20369653, 0.28610927, 0.18940546)
(0.27918449, 0.76550859, 0.14305142, 0.92272788, 0.45342180, 0.85329652, 0.81460655, 0.52576041, 0.90605187, 0.35795885)
(0.35093015, 0.91356832, 0.47236249, 0.06445777, 0.32261521, 0.75479561, 0.68850088, 0.84699875, 0.26514235, 0.46543673)
(0.31926858, 0.47957715, 0.33821225, 0.30559954, 0.37792000, 0.56880397, 0.90003145, 0.20990752, 0.15919952, 0.38060188)
(0.72023916, 0.14827661, 0.78643310, 0.62679052, 0.71969140, 0.28347468, 0.49693260, 0.91059285, 0.19969903, 0.37315589)
(0.12792087, 0.07322377, 0.08626048, 0.85000193, 0.57631123, 0.18132940, 0.70614296, 0.57115209, 0.95731884, 0.39688975)
(0.66119367, 0.62111419, 0.45841783, 0.40094683, 0.22941111, 0.66414708, 0.82343698, 0.54934359, 0.28026122, 0.25091946)
(0.57168537, 0.46864778, 0.20722856, 0.07463586, 0.35689148, 0.34025314, 0.88844621, 0.46699989, 0.89759773, 0.53335708)
(0.59300959, 0.08944687, 0.02660647, 0.43084702, 0.63001198, 0.68800825, 0.72788775, 0.30863869, 0.35060683, 0.78695822)
(0.67283338, 0.49969822, 0.84684342, 0.38268599, 0.57687771, 0.83482510, 0.18483202, 0.91991222, 0.07291513, 0.46354148)
(0.12578127, 0.19924834, 0.60594577, 0.38546160, 0.76188469, 0.54097456, 0.56788242, 0.11612883, 0.65329885, 0.70356035)
(0.16412143, 0.35164553, 0.08727273, 0.34129629, 0.15178484, 0.75890088, 0.63129741, 0.75470650, 0.60508275, 0.77752304)
(0.33391157, 0.85340452, 0.68714565, 0.62969178, 0.13106364, 0.53871971, 0.80428213, 0.54157817, 0.62380910, 0.52851874)
(0.79059380, 0.32960564, 0.22425874, 0.51530290, 0.63427883, 0.75787491, 0.60479456, 0.80563301, 0.09342294, 0.85918880)
(0.36409053, 0.23223697, 0.72025257, 0.33726457, 0.45440796, 0.90324080, 0.47168118, 0.44804776, 0.04225241, 0.41450807)
(0.38183340, 0.47550040, 0.51576561, 0.72444898, 0.48690185, 0.53897989, 0.03443196, 0.26952374, 0.64332491, 0.46791720)
(0.67462987, 0.41473058, 0.44627586, 0.53568619, 0.22928858, 0.37914291, 0.86728960, 0.38835290, 0.17997566, 0.80006021)
(0.42960742, 0.93761396, 0.89878917, 0.08085003, 0.38531119, 0.87138671, 0.77820253, 0.68299580, 0.81745487, 0.55944067)
(0.68487728, 0.06577269, 0.87100834, 0.60156286, 0.63999349, 0.30741888, 0.25910449, 0.79140866, 0.28286555, 0.41794878)
(0.27562416, 0.73371941, 0.24626976, 0.23038001, 0.87879658, 0.52152568, 0.57581687, 0.23260665, 0.70701969, 0.46644530)
(0.73701185, 0.29045963, 0.39823937, 0.24932517, 0.49252725, 0.88670087, 0.78531152, 0.61336350, 0.04990731, 0.59969592)
(0.83612889, 0.16792510, 0.43053705, 0.86018467, 0.65911758, 0.68966120, 0.69244295, 0.81693548, 0.13506535, 0.14534260)
(0.71649581, 0.52194613, 0.86578792, 0.26716977, 0.33180192, 0.92642850, 0.80135363, 0.87700140, 0.02092458, 0.32474303)
(0.30080134, 0.75955874, 0.44995731, 0.11188073, 0.25311437, 0.35480422, 0.52196163, 0.56077832, 0.88836533, 0.78359836)
(0.23755130, 0.32160133, 0.22420886, 0.28409672, 0.39280042, 0.40388861, 0.84313118, 0.10851857, 0.15898423, 0.32467476)
(0.49736065, 0.40713257, 0.55201286, 0.52059162, 0.40385738, 0.41375414, 0.91814363, 0.28032428, 0.06194754, 0.09910552)
(0.89222950, 0.47207940, 0.54050761, 0.29895359, 0.16728926, 0.63802445, 0.34136951, 0.10750362, 0.20700280, 0.08066430)
(0.34957588, 0.82679766, 0.36034307, 0.65396857, 0.41871962, 0.74046844, 0.93684566, 0.12407111, 0.17647147, 0.25987753)
(0.17613725, 0.02937770, 0.60476500, 0.53077930, 0.35715204, 0.48663098, 0.35272977, 0.03470922, 0.65631181, 0.14460611)
(0.57268316, 0.61083794, 0.87754655, 0.11645573, 0.71651399, 0.14713965, 0.56290823, 0.58014953, 0.72498643, 0.68143564)
(0.09830923, 0.72988552, 0.76862103, 0.68470734, 0.78429741, 0.62338477, 0.19301458, 0.28301835, 0.77164561, 0.63224888)
(0.24713457, 0.08201712, 0.35211962, 0.31240505, 0.31890744, 0.79436010, 0.18838805, 0.18555732, 0.35204074, 0.87886286)
(0.56355703, 0.26891169, 0.25565699, 0.65602320, 0.61430550, 0.19000508, 0.56859219, 0.17494538, 0.06141350, 0.19985363)
(0.06323279, 0.71869397, 0.70508969, 0.31804532, 0.71263117, 0.63411617, 0.42844528, 0.31729418, 0.81271350, 0.45668995)
(0.20988667, 0.72487855, 0.58514953, 0.25033087, 0.93130624, 0.11761457, 0.24561259, 0.35479209, 0.84732646, 0.17433120)
(0.56646782, 0.59963441, 0.74345106, 0.60013396, 0.87780094, 0.23241159, 0.03412388, 0.15568520, 0.90786105, 0.48807356)
(0.69013411, 0.56839114, 0.80964303, 0.40138662, 0.50486225, 0.95876205, 0.25960717, 0.24246444, 0.16456944, 0.74749595)
(0.35833624, 0.14637330, 0.06181898, 0.50606704, 0.97050697, 0.32581168, 0.17117295, 0.27623251, 0.90819830, 0.66242927)
(0.22066087, 0.50792980, 0.70201665, 0.39400214, 0.84204936, 0.68100804, 0.65739065, 0.16348518, 0.82606000, 0.73912346)
(0.78765333, 0.34272727, 0.25136998, 0.37030277, 0.45605335, 0.75165147, 0.80429476, 0.39413282, 0.01436015, 0.12585628)
(0.21256316, 0.37209895, 0.21158959, 0.85832310, 0.74775916, 0.32204396, 0.23614343, 0.49012953, 0.96864647, 0.59783995)
(0.12866466, 0.77822876, 0.92002374, 0.16748208, 0.18703303, 0.87833685, 0.62938780, 0.26037568, 0.35682198, 0.52129996)
(0.28075975, 0.34117064, 0.94122589, 0.70340967, 0.32158560, 0.73431081, 0.05325102, 0.17292728, 0.85967612, 0.19909213)
(0.06112134, 0.52566606, 0.57380849, 0.19466661, 0.65376371, 0.65831769, 0.76453012, 0.34173197, 0.90405619, 0.22205456)
(0.53929323, 0.64717633, 0.09530987, 0.34478214, 0.76390409, 0.73845232, 0.35030228, 0.06583155, 0.85644060, 0.66687697)
(0.85740149, 0.32287154, 0.45652398, 0.59966946, 0.62556350, 0.68917763, 0.43772066, 0.40714607, 0.35474968, 0.22819577)
(0.04627947, 0.39955166, 0.57574695, 0.15069218, 0.28826028, 0.57194799, 0.59349096, 0.15847389, 0.76887637, 0.18964994)
(0.38580272, 0.82446444, 0.48683527, 0.12902032, 0.71730816, 0.39420784, 0.40817633, 0.54211158, 0.88578212, 0.12035809)
(0.47021091, 0.36682832, 0.07917681, 0.83816874, 0.51957738, 0.80622828, 0.90494263, 0.16854709, 0.47881144, 0.39135614)
(0.69506663, 0.79547554, 0.42451000, 0.38925207, 0.60971183, 0.80131841, 0.42294770, 0.22808117, 0.39252990, 0.37077633)
(0.49330094, 0.64670265, 0.64719892, 0.69342792, 0.91508341, 0.29673839, 0.03442103, 0.26252180, 0.80480474, 0.38226777)
(0.95614707, 0.84420764, 0.60770416, 0.11277041, 0.24134412, 0.65830874, 0.74030453, 0.74600983, 0.67124641, 0.72989643)
(0.72089273, 0.76682895, 0.48064992, 0.22598368, 0.21187048, 0.69406885, 0.47304025, 0.33036047, 0.48733363, 0.42177406)
(0.17375553, 0.36166710, 0.32986459, 0.10237493, 0.61078680, 0.61729324, 0.77601868, 0.06128417, 0.50435370, 0.23744804)
(0.68586963, 0.81403494, 0.65066445, 0.09026556, 0.05014930, 0.46443212, 0.57717395, 0.21170507, 0.63411438, 0.53178459)
(0.42111772, 0.42182571, 0.54829383, 0.16138612, 0.85559964, 0.05220168, 0.44096163, 0.26086193, 0.90159369, 0.03112062)
(0.18790269, 0.48317489, 0.89891046, 0.37354863, 0.67538744, 0.89555746, 0.50032705, 0.19718632, 0.57309335, 0.74674582)
(0.54135382, 0.54268456, 0.79840332, 0.62206829, 0.32355887, 0.30613786, 0.60762900, 0.11084887, 0.31209636, 0.39669898)
(0.69845283, 0.31310070, 0.41384801, 0.62323725, 0.36229089, 0.29769385, 0.08381381, 0.15987052, 0.48559293, 0.88082260)
(0.89144623, 0.83371323, 0.62313479, 0.19104458, 0.34930208, 0.57310581, 0.94766957, 0.50677437, 0.16668975, 0.40596426)
(0.23915856, 0.76064557, 0.86477667, 0.30106905, 0.04147771, 0.40289637, 0.72687739, 0.30964518, 0.44965592, 0.66981518)
(0.75966650, 0.13961481, 0.55179417, 0.24717887, 0.22731647, 0.24029279, 0.20754589, 0.91417569, 0.55576777, 0.68512088)
(0.68259603, 0.14191584, 0.62641710, 0.52376771, 0.63155955, 0.61650980, 0.44639170, 0.57160836, 0.59347260, 0.75323945)
(0.81212586, 0.51970577, 0.54884356, 0.70006561, 0.58533180, 0.09243135, 0.03257931, 0.35317251, 0.73547965, 0.07353321)
(0.45583075, 0.37724948, 0.82587451, 0.36937419, 0.41709363, 0.24732485, 0.27133542, 0.64240086, 0.41337645, 0.14280209)
(0.17163049, 0.81044465, 0.46987474, 0.06500747, 0.13676432, 0.48406455, 0.18896084, 0.23202506, 0.39022735, 0.28507367)
(0.02600959, 0.73024988, 0.64011365, 0.32149065, 0.46175638, 0.45163992, 0.36530933, 0.30733433, 0.85259563, 0.55085325)
(0.47802791, 0.17796865, 0.03615773, 0.44602624, 0.37389961, 0.90512204, 0.67751545, 0.47970846, 0.29151416, 0.65210205)
(0.49444038, 0.61117703, 0.84582925, 0.42762262, 0.50370759, 0.41225931, 0.43368232, 0.16486713, 0.40387538, 0.69466335)
(0.39245111, 0.40505755, 0.84342659, 0.61890060, 0.41111901, 0.92559016, 0.51655340, 0.54803437, 0.04446596, 0.58509374)
(0.88506705, 0.43471956, 0.34693319, 0.23041809, 0.66311312, 0.55265117, 0.43311447, 0.13817906, 0.17926818, 0.41437471)
(0.47461638, 0.70265657, 0.66112000, 0.52890575, 0.73519069, 0.38298795, 0.49898449, 0.30326200, 0.50092667, 0.63685411)
(0.09680391, 0.41787016, 0.11699914, 0.76878244, 0.87220395, 0.69279754, 0.44569883, 0.50333989, 0.81245840, 0.81638873)
(0.49701235, 0.71171492, 0.38576052, 0.35039914, 0.73610967, 0.62300897, 0.22529636, 0.21504019, 0.95783722, 0.17211382)
(0.74750525, 0.46676785, 0.75687397, 0.43054315, 0.95522255, 0.30833972, 0.23139334, 0.41068721, 0.80100918, 0.44639573)
(0.54258639, 0.83354884, 0.25122383, 0.08398940, 0.50443131, 0.66951662, 0.11001433, 0.32926264, 0.75677848, 0.12857369)
(0.81732047, 0.32066748, 0.09592969, 0.90723777, 0.20572542, 0.84640926, 0.79339081, 0.75932580, 0.23474677, 0.34112483)
(0.72831714, 0.66898584, 0.88544577, 0.81549120, 0.72487795, 0.13891503, 0.06684279, 0.50756454, 0.65417671, 0.14357606)
(0.41530406, 0.18944550, 0.67401618, 0.10092627, 0.79695088, 0.13208117, 0.78287315, 0.52871031, 0.03043065, 0.14290495)
(0.18525580, 0.62880486, 0.76572812, 0.48349801, 0.17821686, 0.78490925, 0.85665715, 0.28672683, 0.62286836, 0.39132220)
(0.05605264, 0.62540281, 0.86826664, 0.65933073, 0.37356958, 0.33220288, 0.29590464, 0.10737026, 0.24350925, 0.39654747)
(0.38582715, 0.40242797, 0.63435167, 0.41461158, 0.57644057, 0.63374013, 0.62992758, 0.60683024, 0.03932730, 0.18559527)
(0.72146887, 0.55217224, 0.52839154, 0.69113046, 0.46647754, 0.12486169, 0.04527961, 0.29631156, 0.76640409, 0.30021247)
(0.50584590, 0.81795108, 0.75937730, 0.13607863, 0.81845677, 0.31720284, 0.42003474, 0.38864601, 0.95410460, 0.76083696)
(0.59430712, 0.68790692, 0.82025450, 0.62901288, 0.42303628, 0.36154437, 0.82736230, 0.45637888, 0.46167690, 0.65299410)
(0.33628091, 0.54646456, 0.58621895, 0.26861349, 0.20672512, 0.78387892, 0.39200714, 0.18332370, 0.17018200, 0.42987829)
(0.07398335, 0.36648268, 0.36817035, 0.07143185, 0.74162334, 0.50435668, 0.86441416, 0.15111117, 0.66474032, 0.33451685)
(0.75230199, 0.49590024, 0.06309423, 0.53383571, 0.22168438, 0.88274682, 0.18441372, 0.93301904, 0.12781233, 0.23779644)
(0.05505369, 0.66005921, 0.17607996, 0.72236484, 0.57729280, 0.93047810, 0.54368985, 0.37769955, 0.45340759, 0.76070243)
(0.37023792, 0.17474377, 0.47777963, 0.29851115, 0.47627765, 0.66648012, 0.80230767, 0.31661341, 0.21221849, 0.32458100)
(0.39104047, 0.42929035, 0.14130159, 0.26935276, 0.94510126, 0.47742265, 0.27539989, 0.10828354, 0.82550693, 0.60686898)
(0.76447278, 0.85765868, 0.12101545, 0.62743843, 0.84266651, 0.71889526, 0.68215680, 0.12811176, 0.69427621, 0.70191383)
(0.57121426, 0.93602121, 0.87223703, 0.60689443, 0.11656669, 0.17382978, 0.39142635, 0.23251022, 0.07863108, 0.71972668)
(0.56625289, 0.12256085, 0.82748252, 0.77611786, 0.16338401, 0.21350035, 0.10938808, 0.87166721, 0.35484126, 0.11273317)
(0.40872440, 0.91868657, 0.33793423, 0.16686758, 0.29411107, 0.53450626, 0.57832432, 0.83974582, 0.87139648, 0.70910317)
(0.74014610, 0.75192451, 0.92011386, 0.81986672, 0.49780655, 0.02535996, 0.27802235, 0.19125074, 0.70163983, 0.58775896)
(0.22958812, 0.59073853, 0.74867529, 0.09278202, 0.96784055, 0.19031298, 0.83503866, 0.52433348, 0.91152531, 0.37225705)
(0.59872717, 0.32103813, 0.54412001, 0.11189017, 0.61733079, 0.86318374, 0.76545173, 0.54469174, 0.03684368, 0.28973863)
(0.35690367, 0.35689592, 0.56159997, 0.43270755, 0.54960984, 0.73671490, 0.67095858, 0.70990390, 0.08147009, 0.20132589)
(0.40493003, 0.83601153, 0.51312286, 0.05961427, 0.40582365, 0.90286732, 0.69214922, 0.18642983, 0.49269596, 0.44606680)
(0.75047427, 0.56857669, 0.47340912, 0.67156476, 0.91538006, 0.22710770, 0.92489785, 0.31537852, 0.95020592, 0.32454425)
(0.23374745, 0.25593877, 0.26761571, 0.81954223, 0.23259625, 0.79726350, 0.83573973, 0.71293789, 0.68005770, 0.35160640)
(0.44861957, 0.12354646, 0.81923974, 0.69756275, 0.63267207, 0.22794715, 0.20021909, 0.28233579, 0.32647085, 0.60118055)
(0.65462637, 0.08097687, 0.16618297, 0.91013426, 0.49276954, 0.43290570, 0.81611151, 0.70900595, 0.44477898, 0.34437796)
(0.57563001, 0.42208174, 0.82336420, 0.73866343, 0.42604768, 0.67212695, 0.14571281, 0.44215760, 0.19800334, 0.67949402)
(0.11555127, 0.25241148, 0.53296542, 0.19992429, 0.86781800, 0.67414123, 0.36583441, 0.09645824, 0.72555679, 0.75916517)
(0.22272371, 0.17747143, 0.19903867, 0.43519920, 0.31267068, 0.58534831, 0.32436177, 0.56084102, 0.57254344, 0.89175391)
(0.38913101, 0.58766311, 0.92371786, 0.82093543, 0.41885549, 0.14448413, 0.25232875, 0.11228935, 0.52408278, 0.23592803)
(0.32855457, 0.72714943, 0.54325080, 0.35401779, 0.43931025, 0.53254539, 0.89007735, 0.48266673, 0.70200014, 0.77633977)
(0.42833790, 0.37135273, 0.16399297, 0.47351703, 0.65568006, 0.88169396, 0.62277913, 0.17706986, 0.59776217, 0.43581077)
(0.26544726, 0.23109810, 0.35206139, 0.19622266, 0.48377800, 0.88062161, 0.51017064, 0.38784334, 0.06516714, 0.36914900)
(0.45863894, 0.06682612, 0.09854307, 0.55041647, 0.82951653, 0.64585829, 0.25055131, 0.31917256, 0.88963550, 0.28646055)
(0.27018285, 0.53946048, 0.14966051, 0.61710268, 0.64834303, 0.68764889, 0.67273694, 0.11461251, 0.34588858, 0.71076804)
(0.49162677, 0.36065307, 0.57730818, 0.42329299, 0.50901735, 0.80926406, 0.54144120, 0.18806078, 0.38458437, 0.80025256)
(0.85566139, 0.73624223, 0.69754523, 0.27373224, 0.34350982, 0.72230417, 0.47107267, 0.30182055, 0.17014237, 0.42478222)
(0.60187262, 0.65429276, 0.78914082, 0.63101953, 0.52773869, 0.06202296, 0.29694691, 0.25708011, 0.16905610, 0.62887740)
(0.76975214, 0.12706690, 0.32601431, 0.67480940, 0.66409516, 0.05768165, 0.75267380, 0.78498018, 0.18295477, 0.10770620)
(0.44480729, 0.26696855, 0.48010579, 0.26282114, 0.36280838, 0.92130840, 0.22121343, 0.16418085, 0.24636222, 0.36136052)
(0.18686570, 0.36948314, 0.23364247, 0.72094840, 0.64323533, 0.61509544, 0.64485055, 0.51912671, 0.68753672, 0.81010115)
(0.54357976, 0.25878629, 0.41455728, 0.36563089, 0.20841326, 0.39991808, 0.36396980, 0.03923572, 0.38969052, 0.29983446)
(0.55348462, 0.80192822, 0.64507449, 0.61464709, 0.83687240, 0.14922473, 0.06611528, 0.23209429, 0.70746630, 0.11734438)
(0.23154363, 0.40543070, 0.15438226, 0.33383971, 0.19163281, 0.76229519, 0.02252836, 0.51597059, 0.64698339, 0.77594745)
(0.56684715, 0.52977717, 0.09028401, 0.93265128, 0.18786871, 0.86623555, 0.79188716, 0.64254880, 0.71078771, 0.54238725)
(0.04834773, 0.19519676, 0.21624814, 0.53290850, 0.67957640, 0.75392336, 0.46570715, 0.40090951, 0.84236544, 0.89532769)
(0.13098626, 0.63105899, 0.09531577, 0.86730772, 0.83018905, 0.81460941, 0.56865841, 0.36832696, 0.71859843, 0.26835480)
(0.64707005, 0.96339345, 0.35167477, 0.35494205, 0.15685163, 0.57822007, 0.67259115, 0.90958107, 0.94173753, 0.63783181)
(0.57695299, 0.18813612, 0.53912061, 0.24607304, 0.59086668, 0.82771879, 0.56955999, 0.87434989, 0.30332243, 0.87152767)
(0.25838363, 0.33303186, 0.19580394, 0.46166056, 0.76956612, 0.63241321, 0.32305291, 0.06070163, 0.90134561, 0.20648146)
(0.28535542, 0.38212961, 0.24290822, 0.34132606, 0.56157601, 0.95637590, 0.51514858, 0.42226046, 0.04121720, 0.28484893)
(0.36754790, 0.20516184, 0.12562887, 0.76332253, 0.46550652, 0.49313551, 0.90682721, 0.35766578, 0.23012377, 0.57408643)
(0.23221610, 0.49470514, 0.73322624, 0.28415319, 0.24355675, 0.85894388, 0.66825515, 0.19553584, 0.24638271, 0.81894559)
(0.43307424, 0.87507725, 0.71927625, 0.37757197, 0.77964026, 0.09515905, 0.06096939, 0.40529543, 0.85751921, 0.26756895)
(0.63093013, 0.18815123, 0.38794163, 0.53597385, 0.48472080, 0.24125117, 0.44989973, 0.29138091, 0.61679232, 0.90532535)
(0.21616784, 0.73678178, 0.58073050, 0.17733681, 0.32820651, 0.78931487, 0.75044650, 0.25642630, 0.04097430, 0.25480050)
(0.27350777, 0.37841150, 0.11220463, 0.32365167, 0.94486248, 0.48162001, 0.46392539, 0.11936773, 0.84051335, 0.34939566)
(0.82816392, 0.24310265, 0.16538037, 0.79828668, 0.48083219, 0.82730991, 0.66929686, 0.83835316, 0.10598748, 0.06899303)
(0.28870896, 0.85907173, 0.34966537, 0.27244145, 0.39065772, 0.03282239, 0.38630989, 0.07177050, 0.84157294, 0.73410273)
(0.62185967, 0.54447705, 0.55935037, 0.92593867, 0.59915215, 0.57891810, 0.90713513, 0.38273248, 0.79770863, 0.20619516)
(0.46037170, 0.08996287, 0.19567485, 0.24047256, 0.28262281, 0.60027158, 0.80942553, 0.30907741, 0.12052883, 0.53085685)
(0.01744186, 0.97459364, 0.58834076, 0.45438054, 0.41947487, 0.06261910, 0.08813862, 0.35134357, 0.63425004, 0.41590104)
(0.16011913, 0.35590693, 0.76930618, 0.38485628, 0.42455444, 0.53153622, 0.52664495, 0.06794780, 0.43563795, 0.73297340)
(0.86046863, 0.83600140, 0.80968386, 0.30439520, 0.51811880, 0.43050629, 0.44971174, 0.37905195, 0.45797914, 0.67199069)
(0.54330111, 0.72954953, 0.47409976, 0.31093156, 0.58104587, 0.89334768, 0.09744509, 0.09713588, 0.73316652, 0.47474322)
(0.19017594, 0.53662890, 0.51567942, 0.34769166, 0.76087922, 0.30558166, 0.54591554, 0.35876614, 0.71648347, 0.06499022)
(0.13507465, 0.24970724, 0.87416434, 0.29013705, 0.65158486, 0.71051532, 0.74412113, 0.12696651, 0.84721535, 0.70113724)
(0.72087032, 0.60750210, 0.66733098, 0.54972792, 0.38231629, 0.45556915, 0.86693180, 0.50224757, 0.22281331, 0.83943993)
(0.73569608, 0.49341565, 0.83615643, 0.53011602, 0.18637191, 0.41710803, 0.71727192, 0.54988497, 0.14159417, 0.66374350)
(0.50983953, 0.85602742, 0.57491106, 0.32599333, 0.41804066, 0.51042992, 0.12227246, 0.45652398, 0.89685798, 0.15799208)
(0.80250883, 0.52723950, 0.06572401, 0.56621897, 0.46493822, 0.74018681, 0.68899864, 0.93613660, 0.12794256, 0.11885963)
(0.16021056, 0.19219105, 0.82199311, 0.24609905, 0.82308710, 0.24750379, 0.42829368, 0.24844882, 0.65727180, 0.34671125)
(0.92889827, 0.35430938, 0.57879180, 0.61561012, 0.64684790, 0.43982998, 0.41556630, 0.45620468, 0.47117692, 0.91869903)
(0.48319638, 0.08460528, 0.76315755, 0.50331682, 0.64790815, 0.43849456, 0.20138831, 0.80090249, 0.42082390, 0.33384538)
(0.23845789, 0.54637909, 0.48343453, 0.71019924, 0.95623696, 0.32919428, 0.79397339, 0.15075512, 0.90397251, 0.06899842)
(0.43532968, 0.35891193, 0.28509641, 0.46774766, 0.81173456, 0.71866697, 0.31510016, 0.18752454, 0.75335246, 0.64068371)
(0.93941754, 0.33330071, 0.29616788, 0.34441167, 0.61260712, 0.87325484, 0.43952027, 0.42006832, 0.08608747, 0.20642461)
(0.72328132, 0.08239605, 0.83782959, 0.29174703, 0.42708248, 0.71185696, 0.77204436, 0.74242812, 0.42757955, 0.83274513)
(0.19142838, 0.03734740, 0.21302882, 0.16725430, 0.69924951, 0.20268598, 0.63157046, 0.95092201, 0.13102724, 0.25109524)
(0.42016199, 0.43878976, 0.18363450, 0.22034073, 0.57468396, 0.10988710, 0.51724374, 0.59991574, 0.05392775, 0.23351739)
(0.75905782, 0.43645629, 0.70056140, 0.42299950, 0.58838224, 0.48386630, 0.52775228, 0.23474663, 0.83610982, 0.10181103)
(0.20683046, 0.92255902, 0.55809504, 0.38301864, 0.79323965, 0.08335988, 0.49559960, 0.37220067, 0.89619517, 0.85016304)
(0.39440078, 0.65256369, 0.25315613, 0.64627707, 0.92136216, 0.82951981, 0.28742060, 0.27274001, 0.81503606, 0.20255344)
(0.38056725, 0.53272653, 0.65442139, 0.33965918, 0.76139581, 0.60650992, 0.13578166, 0.11671522, 0.89650339, 0.92930740)
(0.33144447, 0.41808137, 0.22575952, 0.57286304, 0.59710884, 0.80417103, 0.94366699, 0.06742173, 0.67162347, 0.24788064)
(0.81655622, 0.65522873, 0.70364970, 0.15139966, 0.50275165, 0.09488187, 0.14620233, 0.65078580, 0.68605906, 0.60585684)
(0.48122376, 0.45561364, 0.47464043, 0.42240369, 0.87833518, 0.31894436, 0.02990231, 0.15266277, 0.90799803, 0.13500886)
(0.34963489, 0.63264167, 0.38178226, 0.45524862, 0.97631216, 0.42015857, 0.17433114, 0.22740553, 0.82682294, 0.28963992)
(0.41962239, 0.74571741, 0.14715055, 0.89813268, 0.25107190, 0.81391609, 0.53525335, 0.63818866, 0.80940354, 0.26348856)
(0.26695469, 0.24281929, 0.54985154, 0.46012607, 0.55652601, 0.60549521, 0.81315690, 0.26503459, 0.39885750, 0.34158540)
(0.53467321, 0.60204434, 0.63672352, 0.65787792, 0.35332945, 0.42079166, 0.50312555, 0.49322841, 0.04188908, 0.55709934)
(0.49357504, 0.76237828, 0.61834246, 0.44399852, 0.13965976, 0.68418026, 0.68838745, 0.50252914, 0.36989477, 0.61687189)
(0.13055763, 0.50635207, 0.17138156, 0.87495524, 0.60200697, 0.63738352, 0.71909893, 0.57332641, 0.77848667, 0.72796875)
(0.72013301, 0.06958077, 0.02983516, 0.77746147, 0.80177504, 0.10646921, 0.31007105, 0.50661814, 0.10669555, 0.43089259)
(0.81569862, 0.52682573, 0.27010337, 0.81435412, 0.59447062, 0.27980202, 0.66551918, 0.26250240, 0.04264482, 0.28841132)
(0.45040441, 0.52599418, 0.64675540, 0.20700759, 0.32750374, 0.76575035, 0.85311204, 0.29010001, 0.28254631, 0.50113034)
(0.40548268, 0.86310339, 0.07979640, 0.71331978, 0.37278819, 0.73073637, 0.83721715, 0.42415205, 0.73615003, 0.66108388)
(0.15114377, 0.45716962, 0.82499975, 0.58905101, 0.51042604, 0.76009130, 0.13136396, 0.14708757, 0.52548063, 0.69017500)
(0.76975143, 0.52852386, 0.10839464, 0.64463615, 0.70209491, 0.84501630, 0.30571663, 0.18807547, 0.73988742, 0.59978426)
(0.20852014, 0.22726412, 0.04025858, 0.73046404, 0.34447950, 0.15844542, 0.44231632, 0.45815983, 0.91728061, 0.86474305)
(0.40424570, 0.07388162, 0.62534612, 0.20258710, 0.76744646, 0.33251607, 0.38942093, 0.97771031, 0.26801074, 0.52597499)
(0.82096076, 0.12248503, 0.15841851, 0.36037230, 0.48562226, 0.31335342, 0.18772100, 0.62659872, 0.30154902, 0.85990912)
(0.29722008, 0.66919857, 0.67777044, 0.25039005, 0.79670429, 0.43414378, 0.34720227, 0.19614139, 0.60176069, 0.22323231)
(0.82438809, 0.96385175, 0.10097325, 0.39487031, 0.84929186, 0.63715684, 0.81353915, 0.19149621, 0.91666394, 0.66591036)
(0.86207050, 0.72810668, 0.56790894, 0.36461306, 0.56726527, 0.84944808, 0.41950852, 0.28230396, 0.36890775, 0.37329051)
(0.20928098, 0.19386214, 0.22479384, 0.79751724, 0.16418412, 0.61911803, 0.80503482, 0.65182626, 0.89092600, 0.32744914)
(0.79580754, 0.94902998, 0.35131797, 0.09080105, 0.26064914, 0.70886773, 0.72640860, 0.45882243, 0.69359320, 0.13374820)
(0.70803154, 0.36463770, 0.04714841, 0.56224376, 0.06603212, 0.72184658, 0.51279312, 0.92303902, 0.26116741, 0.28642002)
(0.37258637, 0.89832044, 0.52115887, 0.25924945, 0.49039122, 0.46816042, 0.26802015, 0.16374575, 0.85399824, 0.19232026)
(0.66910481, 0.74757749, 0.61359227, 0.25179261, 0.83992678, 0.41875109, 0.10376282, 0.60254532, 0.85847884, 0.18953431)
(0.96177971, 0.81161350, 0.75225610, 0.27270061, 0.16593692, 0.46333316, 0.42102990, 0.48859468, 0.07763294, 0.72461933)
(0.89430243, 0.14654242, 0.72929829, 0.25622389, 0.75085616, 0.26416421, 0.61732608, 0.63439858, 0.10879717, 0.91763508)
(0.70757413, 0.66383451, 0.18405880, 0.10506946, 0.56483179, 0.04561397, 0.75742024, 0.51416868, 0.24181615, 0.33640584)
(0.65658718, 0.43450531, 0.28091288, 0.79462814, 0.58778715, 0.79087543, 0.66846734, 0.88608766, 0.04899228, 0.65125483)
(0.46353516, 0.33135438, 0.03641441, 0.85747451, 0.57078469, 0.66632175, 0.79060096, 0.27204770, 0.91154563, 0.70423341)
(0.50577062, 0.65231609, 0.50172323, 0.34192911, 0.38409278, 0.76655179, 0.81482005, 0.17365032, 0.31586784, 0.15127411)
(0.86107045, 0.23199755, 0.46262240, 0.26469398, 0.18925580, 0.68713003, 0.07245293, 0.36489010, 0.02631755, 0.46889460)
(0.67816722, 0.82257909, 0.90378541, 0.28984618, 0.57562208, 0.45422518, 0.23319544, 0.55491054, 0.88334405, 0.55312020)
(0.33978832, 0.43310535, 0.10233859, 0.86504805, 0.46516970, 0.76290751, 0.78789628, 0.47335029, 0.58677441, 0.49001557)
(0.26560563, 0.44157735, 0.07877270, 0.88674533, 0.24359678, 0.35593876, 0.62743634, 0.46522501, 0.88190973, 0.64048934)
(0.38266480, 0.16268393, 0.31297171, 0.30284059, 0.67103386, 0.41274366, 0.18146859, 0.09554170, 0.89334214, 0.08580343)
(0.08785664, 0.42907143, 0.69713604, 0.40371028, 0.59486365, 0.70448083, 0.80403107, 0.18083534, 0.71023303, 0.32240576)
(0.28064427, 0.13382240, 0.50386095, 0.43146282, 0.61616015, 0.93163919, 0.15927169, 0.36872840, 0.26599520, 0.27046415)
(0.23053601, 0.49517921, 0.50246793, 0.46181795, 0.54989004, 0.65400368, 0.34841859, 0.08675072, 0.55809015, 0.86337620)
(0.59771091, 0.43915826, 0.15049565, 0.60031730, 0.08721485, 0.57932746, 0.51773882, 0.89833760, 0.39179775, 0.09350587)
(0.11574164, 0.88043177, 0.50073338, 0.25478411, 0.42684412, 0.55336761, 0.26202449, 0.05477934, 0.73736620, 0.51252705)
(0.66117275, 0.21071619, 0.09862623, 0.26255035, 0.32164928, 0.70225060, 0.75356990, 0.91274005, 0.49459291, 0.58894801)
(0.73692912, 0.73168427, 0.83192027, 0.15570953, 0.76692033, 0.11795285, 0.24187036, 0.48284271, 0.58905327, 0.12272914)
(0.91811097, 0.17747103, 0.88182759, 0.40314996, 0.45039698, 0.41963580, 0.86180270, 0.47638652, 0.21653488, 0.36588839)
(0.40139151, 0.88053936, 0.56715959, 0.45633712, 0.52047223, 0.75537616, 0.87442982, 0.53767705, 0.53551626, 0.62232268)
(0.48611802, 0.69128221, 0.80137962, 0.17119786, 0.71326232, 0.17068695, 0.07089251, 0.44092709, 0.87850702, 0.18402465)
(0.61709380, 0.16849704, 0.16299465, 0.48480046, 0.62897283, 0.55978638, 0.46822360, 0.53111434, 0.48420033, 0.94997352)
(0.68811578, 0.07557896, 0.92792827, 0.72765589, 0.35261789, 0.21997464, 0.09126133, 0.47829908, 0.29127201, 0.51887935)
(0.50476414, 0.22079861, 0.05149742, 0.73154944, 0.29480997, 0.40973404, 0.37986729, 0.21610019, 0.91225320, 0.86220253)
(0.39521629, 0.91187304, 0.76832962, 0.17158204, 0.23700479, 0.85055804, 0.68672431, 0.43624130, 0.61014593, 0.63610262)
(0.88727665, 0.40392968, 0.78393209, 0.68768460, 0.36033547, 0.22121859, 0.20942087, 0.21239434, 0.26905712, 0.83457857)
(0.17610781, 0.14701211, 0.29745975, 0.58142370, 0.72322255, 0.35569462, 0.49380806, 0.20408189, 0.10381584, 0.21468335)
(0.73410290, 0.80253631, 0.53237355, 0.53490901, 0.64077443, 0.94122821, 0.22596855, 0.21535505, 0.41673476, 0.87476015)
(0.67981696, 0.62953538, 0.53608567, 0.18885031, 0.15568279, 0.44471705, 0.56251150, 0.27424303, 0.26744807, 0.23481700)
(0.41919523, 0.59325904, 0.37546805, 0.09969184, 0.72987324, 0.36836290, 0.73555905, 0.22572188, 0.78168803, 0.74085414)
(0.36885458, 0.81471896, 0.95546746, 0.71732652, 0.26142055, 0.46251538, 0.28054163, 0.05947459, 0.32925028, 0.83374894)
(0.18820627, 0.86670464, 0.72004235, 0.07637655, 0.70810252, 0.51690388, 0.24363403, 0.78456944, 0.84391838, 0.56815380)
(0.02029221, 0.53247094, 0.69401878, 0.64924121, 0.40666175, 0.56613773, 0.38611963, 0.25042957, 0.54517359, 0.39705929)
(0.31594214, 0.17462136, 0.23963527, 0.65326071, 0.71212602, 0.18269576, 0.74699819, 0.24333985, 0.15875809, 0.36506942)
(0.64857560, 0.88658756, 0.33869171, 0.09854949, 0.83844191, 0.56500739, 0.41548151, 0.42976922, 0.88110292, 0.49072573)
(0.07202838, 0.08753074, 0.45368585, 0.29866216, 0.45537695, 0.72614962, 0.56069571, 0.53985184, 0.58144867, 0.93976074)
(0.56952697, 0.70368159, 0.77946144, 0.49787641, 0.17472410, 0.04475272, 0.38727182, 0.56942135, 0.50460261, 0.55034202)
(0.38725957, 0.86174077, 0.66544932, 0.15698785, 0.63130200, 0.75131679, 0.05388599, 0.45602623, 0.83273709, 0.33325908)
(0.46093938, 0.22164840, 0.65890396, 0.43013221, 0.24316847, 0.48823479, 0.78896981, 0.30046418, 0.24676964, 0.61005974)
(0.39734614, 0.38702774, 0.39973542, 0.34936595, 0.46389765, 0.87408119, 0.54040080, 0.88370019, 0.23587412, 0.77712989)
(0.25041783, 0.88763869, 0.82723778, 0.15376462, 0.51699907, 0.86807913, 0.43172783, 0.24742103, 0.46871117, 0.62988383)
(0.46142802, 0.26116294, 0.58415276, 0.58879781, 0.75580400, 0.56718999, 0.09949272, 0.32682955, 0.83225733, 0.85051954)
(0.35912082, 0.36292627, 0.31497791, 0.44899070, 0.63471568, 0.21094613, 0.23707180, 0.89151406, 0.25973162, 0.61750591)
(0.87126064, 0.57584327, 0.96406001, 0.16771832, 0.27462673, 0.63829219, 0.32472250, 0.37458682, 0.27402014, 0.29600275)
(0.13528314, 0.44815183, 0.18322645, 0.57208496, 0.55355865, 0.93247133, 0.49586278, 0.18264364, 0.06972768, 0.34349650)
(0.16621666, 0.51122487, 0.84240174, 0.29447249, 0.20435290, 0.71147197, 0.54003567, 0.26364771, 0.17467643, 0.54917455)
(0.48620489, 0.40504122, 0.12060710, 0.53867954, 0.59621644, 0.95827836, 0.52411193, 0.44280592, 0.07047103, 0.45954081)
(0.88302046, 0.19603056, 0.55856591, 0.41766265, 0.22687663, 0.52169496, 0.07378020, 0.35029769, 0.31494513, 0.95454520)
(0.75005585, 0.51074642, 0.57468057, 0.46358964, 0.68794644, 0.54528719, 0.36902297, 0.96503085, 0.21433349, 0.66640067)
(0.69777173, 0.62333721, 0.84869611, 0.29467589, 0.65232080, 0.90044725, 0.55571669, 0.45325118, 0.04045988, 0.83572251)
(0.07607196, 0.88655722, 0.39364398, 0.12722759, 0.55499399, 0.30976889, 0.32287687, 0.29540160, 0.79242891, 0.22037804)
(0.25031179, 0.81484383, 0.15140191, 0.46378136, 0.70097077, 0.29791546, 0.75463051, 0.19341712, 0.50577402, 0.34368825)
(0.41476884, 0.25760439, 0.05287110, 0.38470834, 0.01914882, 0.62914741, 0.23749956, 0.69160712, 0.28933066, 0.40452015)
(0.47045121, 0.92842567, 0.65793622, 0.10708599, 0.19037084, 0.37461424, 0.04970723, 0.44940364, 0.80297458, 0.82628125)
(0.04793663, 0.53080785, 0.63958669, 0.54586744, 0.54942948, 0.31371072, 0.24256717, 0.13906640, 0.90721405, 0.50741625)
(0.57200211, 0.51909566, 0.33676043, 0.54550242, 0.61240923, 0.37314683, 0.66772515, 0.87161541, 0.07869606, 0.57043099)
(0.44027126, 0.55086422, 0.29225841, 0.34607002, 0.55565780, 0.55920064, 0.71711123, 0.11552861, 0.09191173, 0.53416115)
(0.27049699, 0.26253554, 0.52911472, 0.49112469, 0.63946694, 0.90582043, 0.74753356, 0.56681830, 0.75555623, 0.91728139)
(0.76168191, 0.25337175, 0.07308323, 0.77632475, 0.59185207, 0.37031454, 0.77714378, 0.38803768, 0.46510166, 0.95438850)
(0.33951861, 0.82558292, 0.64722496, 0.25837383, 0.88618594, 0.06080873, 0.19271044, 0.41772950, 0.59551018, 0.38642079)
(0.76784945, 0.56297880, 0.72835314, 0.71111101, 0.30232957, 0.72822618, 0.47086427, 0.62589008, 0.03423021, 0.53347450)
(0.22344890, 0.06619605, 0.95172435, 0.39661655, 0.89744079, 0.35335594, 0.56317985, 0.16755119, 0.84460235, 0.55249625)
(0.15880455, 0.27107620, 0.06357676, 0.67477971, 0.63904178, 0.26225305, 0.47261861, 0.39925942, 0.93921804, 0.49501526)
(0.51636827, 0.22874536, 0.80021000, 0.53601885, 0.04743357, 0.40987363, 0.87511379, 0.27615622, 0.27139881, 0.67915529)
(0.78047973, 0.51525694, 0.57214773, 0.20541251, 0.30369806, 0.66926801, 0.12887748, 0.07564997, 0.69725126, 0.25303885)
(0.31455353, 0.16946907, 0.76126987, 0.25968385, 0.73115009, 0.34351537, 0.48534277, 0.13955069, 0.32043743, 0.56689948)
(0.40037999, 0.23551787, 0.05866402, 0.61392474, 0.45674211, 0.77232957, 0.75874186, 0.67993474, 0.22324209, 0.33778319)
(0.27383578, 0.30597267, 0.17589024, 0.29070529, 0.50804609, 0.87679583, 0.10900077, 0.84237951, 0.20270321, 0.79739970)
(0.62706822, 0.12528345, 0.70157754, 0.05638807, 0.03766995, 0.21108244, 0.41787082, 0.06911511, 0.40418893, 0.94637775)
(0.39153910, 0.51725918, 0.16573992, 0.59585154, 0.50379974, 0.95114875, 0.58776802, 0.17984864, 0.10986800, 0.58308804)
(0.28669822, 0.31295532, 0.51203376, 0.32236102, 0.85534465, 0.14960352, 0.61636847, 0.82523048, 0.01931761, 0.54492098)
(0.38166696, 0.74322671, 0.15956736, 0.68533564, 0.61888880, 0.94448107, 0.78053147, 0.21621430, 0.40385419, 0.80611938)
(0.05022735, 0.29534864, 0.78035086, 0.64526248, 0.29457510, 0.64255458, 0.39868385, 0.13634190, 0.35670841, 0.78690773)
(0.48585480, 0.53875476, 0.39890745, 0.66294569, 0.78719044, 0.56919938, 0.05514894, 0.29035443, 0.92994112, 0.51611876)
(0.25464559, 0.49786067, 0.51610303, 0.22855482, 0.61894101, 0.40072435, 0.73192096, 0.51368409, 0.71026462, 0.30183640)
(0.18882868, 0.23402622, 0.18406458, 0.81423229, 0.44841990, 0.67767572, 0.74766535, 0.52292591, 0.22700533, 0.24758478)
(0.62099153, 0.52978772, 0.84038359, 0.55433875, 0.72159791, 0.50251865, 0.45639578, 0.23249239, 0.35600990, 0.78813893)
(0.06908420, 0.24991766, 0.53543907, 0.85285330, 0.76396382, 0.43308711, 0.77925330, 0.20878048, 0.39131445, 0.31209645)
(0.35619399, 0.52984279, 0.43617299, 0.61530572, 0.73880154, 0.59089303, 0.04431485, 0.21776460, 0.92761314, 0.61821574)
(0.49848267, 0.28041735, 0.60750890, 0.42779911, 0.85340834, 0.33192012, 0.31498352, 0.35149977, 0.62424809, 0.07544483)
(0.15611966, 0.47819528, 0.61826736, 0.69315469, 0.68289369, 0.87137693, 0.64118236, 0.41868120, 0.35121596, 0.51167095)
(0.74242187, 0.76390254, 0.44892803, 0.17748624, 0.62070036, 0.37847263, 0.84878594, 0.46700945, 0.36682954, 0.81962413)
(0.41939038, 0.20432115, 0.77869421, 0.82371289, 0.42509919, 0.17016980, 0.21726188, 0.60722339, 0.22761853, 0.48003525)
(0.30490938, 0.11620417, 0.43176472, 0.91512114, 0.43840399, 0.84799558, 0.77536857, 0.46600628, 0.59182268, 0.28826407)
(0.50879359, 0.41390902, 0.61945009, 0.40587255, 0.49043867, 0.64195484, 0.71635914, 0.89342511, 0.06053305, 0.18034875)
(0.39478981, 0.16632882, 0.52274132, 0.54250264, 0.55346179, 0.65574199, 0.10483296, 0.18308567, 0.66995955, 0.50069535)
(0.27624366, 0.34437576, 0.40690887, 0.66800308, 0.37251738, 0.43623078, 0.05565767, 0.21405558, 0.31172577, 0.47720927)
(0.17879680, 0.77858377, 0.82082355, 0.20996784, 0.58629572, 0.81764793, 0.09667720, 0.27164975, 0.47217318, 0.44333836)
(0.37351385, 0.58217829, 0.40045539, 0.02908243, 0.96098036, 0.06804267, 0.72180009, 0.71636504, 0.84943777, 0.38761654)
(0.21169582, 0.28700012, 0.48305592, 0.20107694, 0.37421235, 0.45279959, 0.03045790, 0.41942519, 0.74581814, 0.88934207)
(0.78514355, 0.40030530, 0.96503878, 0.79489070, 0.18229677, 0.36195701, 0.13163979, 0.29164073, 0.32168141, 0.36391971)
(0.74141711, 0.17098261, 0.92987710, 0.62134671, 0.49226269, 0.75741643, 0.32808846, 0.60797530, 0.47441137, 0.88122481)
(0.35445619, 0.28629926, 0.78904802, 0.07484100, 0.30392742, 0.32626182, 0.81163353, 0.33293888, 0.70894009, 0.14846604)
(0.20544313, 0.41729212, 0.74535018, 0.69407493, 0.87485552, 0.56300133, 0.63345128, 0.33345711, 0.72604328, 0.64925617)
(0.59697902, 0.77758074, 0.16114350, 0.54593366, 0.77919626, 0.76716197, 0.81219661, 0.11507656, 0.46837732, 0.84320509)
(0.30354542, 0.46833345, 0.42235208, 0.84271514, 0.25185233, 0.23041640, 0.04764451, 0.25205600, 0.84274602, 0.26603425)
(0.42089415, 0.47992879, 0.27503452, 0.65096503, 0.64811516, 0.74856508, 0.76733106, 0.32563427, 0.89156789, 0.94068652)
(0.54572397, 0.33882928, 0.05801748, 0.22473072, 0.24742657, 0.75597727, 0.39208183, 0.57653910, 0.41202173, 0.52484310)
(0.45664367, 0.37618798, 0.74538809, 0.33295453, 0.59684986, 0.20402348, 0.55648875, 0.70949608, 0.56553835, 0.36132732)
(0.61818004, 0.85558379, 0.45966658, 0.17049603, 0.28160331, 0.54958993, 0.63676143, 0.67509592, 0.77826482, 0.58419371)
(0.40882024, 0.84173524, 0.76190889, 0.15136535, 0.20357740, 0.85349333, 0.82951599, 0.60789448, 0.57854331, 0.46724239)
(0.16231178, 0.11752043, 0.51009011, 0.27570733, 0.19820125, 0.84050965, 0.29757732, 0.04451137, 0.40579611, 0.46918461)
(0.63877296, 0.37552828, 0.19898951, 0.14388575, 0.86331207, 0.08698808, 0.79816067, 0.14931448, 0.87512082, 0.02188908)
(0.42395473, 0.25244012, 0.64292079, 0.58752024, 0.94951165, 0.34832743, 0.07338252, 0.32601836, 0.90106606, 0.71139693)
(0.80456370, 0.38469234, 0.44070810, 0.44072223, 0.23045453, 0.74217808, 0.09479349, 0.30591127, 0.02131925, 0.17299531)
(0.11825929, 0.41598266, 0.66520256, 0.47053313, 0.42875347, 0.60126531, 0.67831105, 0.11415058, 0.66484714, 0.39962149)
(0.47142124, 0.56440574, 0.59562588, 0.04643385, 0.91416025, 0.02141277, 0.91335893, 0.61771643, 0.52847093, 0.36222678)
(0.41549101, 0.53583980, 0.42657861, 0.25943789, 0.53553206, 0.67305124, 0.89284623, 0.33800206, 0.45891067, 0.38907799)
(0.37719879, 0.48973647, 0.61207682, 0.40049806, 0.42940363, 0.66546673, 0.08727464, 0.05250956, 0.56004357, 0.85232353)
(0.21843745, 0.81204128, 0.19966033, 0.33660361, 0.82174057, 0.42669782, 0.71885002, 0.16281071, 0.52083093, 0.69195992)
(0.46969184, 0.95422900, 0.51968050, 0.57220995, 0.78954697, 0.56757510, 0.27359042, 0.29098046, 0.85004580, 0.71253186)
(0.11413803, 0.41337943, 0.62194109, 0.49614128, 0.80290031, 0.67584115, 0.53918856, 0.22458512, 0.80329084, 0.49773696)
(0.49787912, 0.67802626, 0.73700607, 0.60935163, 0.92349201, 0.48635060, 0.08235754, 0.29019195, 0.83517909, 0.12866399)
(0.73334682, 0.43699601, 0.46885869, 0.53731835, 0.50612801, 0.40288094, 0.33732411, 0.19680482, 0.72660911, 0.41840997)
(0.39375705, 0.01839515, 0.06996720, 0.36838511, 0.57179785, 0.51698923, 0.70142174, 0.25662306, 0.12097204, 0.08757285)
(0.54692554, 0.35080269, 0.49902344, 0.20594859, 0.37151831, 0.91553742, 0.13828081, 0.18769814, 0.08499100, 0.22532822)
(0.71011800, 0.72503698, 0.88482207, 0.68369025, 0.63421780, 0.18476592, 0.06336738, 0.60687822, 0.60663527, 0.28220099)
(0.31957212, 0.64083946, 0.80003786, 0.41355413, 0.22636615, 0.81461591, 0.74291831, 0.32846859, 0.19422336, 0.79383218)
(0.24861220, 0.46888596, 0.43641850, 0.41750661, 0.18850265, 0.56339127, 0.70365196, 0.08506987, 0.35822129, 0.71677607)
(0.52844417, 0.27536824, 0.36870018, 0.30962768, 0.50419509, 0.89399797, 0.19785519, 0.34664369, 0.11824857, 0.13972799)
(0.85991955, 0.29512715, 0.38339335, 0.53948808, 0.35489628, 0.47307619, 0.12064582, 0.53309560, 0.13858801, 0.20136616)
(0.05251657, 0.60998428, 0.15074649, 0.67479819, 0.48966986, 0.90099108, 0.61498702, 0.11459509, 0.24095970, 0.32648382)
(0.54201490, 0.91086572, 0.07243308, 0.96042341, 0.47062224, 0.91811526, 0.74904758, 0.42007163, 0.87297457, 0.18301699)
(0.46745962, 0.87101340, 0.70674556, 0.10121474, 0.16935337, 0.84886676, 0.79931504, 0.50603223, 0.63893420, 0.73695314)
(0.63153410, 0.49753836, 0.58930886, 0.38236040, 0.70995319, 0.34701270, 0.47886956, 0.42459702, 0.25060564, 0.46692967)
(0.51590443, 0.24669649, 0.37625134, 0.28140581, 0.68925899, 0.93295342, 0.44666696, 0.46452808, 0.03305315, 0.34538409)
(0.13585386, 0.25164035, 0.44795430, 0.22795306, 0.06393120, 0.66868728, 0.12037329, 0.70682204, 0.47915414, 0.64052778)
(0.52117765, 0.14509457, 0.88865620, 0.74542701, 0.13026452, 0.50318152, 0.02785683, 0.15975307, 0.55923492, 0.23995176)
(0.22428136, 0.49372309, 0.46338204, 0.08552938, 0.66590017, 0.20958760, 0.88756990, 0.11590251, 0.46624297, 0.12918183)
(0.85561687, 0.75362140, 0.30887225, 0.25550187, 0.38330099, 0.81020129, 0.37313455, 0.19625139, 0.69506806, 0.14734046)
(0.56733841, 0.05718854, 0.15551972, 0.26541379, 0.48596960, 0.83783460, 0.73031062, 0.26762971, 0.40994468, 0.44965744)
(0.20674482, 0.62350315, 0.15519388, 0.47979739, 0.59422487, 0.44752359, 0.90693527, 0.10842003, 0.47762272, 0.37454066)
(0.91705728, 0.15468755, 0.75554484, 0.47713757, 0.68355852, 0.35474092, 0.51702708, 0.45068631, 0.32191905, 0.92640251)
(0.57011086, 0.92541575, 0.67376536, 0.60521251, 0.05200772, 0.09761936, 0.62709123, 0.68344378, 0.82628453, 0.79512745)
(0.05178360, 0.85899031, 0.84161669, 0.58453518, 0.61649704, 0.64639658, 0.21198805, 0.33754447, 0.93752164, 0.25501809)
(0.95436603, 0.36560330, 0.19181412, 0.18545148, 0.54071760, 0.86546224, 0.62260497, 0.43151641, 0.04479035, 0.12787688)
(0.55734420, 0.40865880, 0.22563808, 0.24316850, 0.57627177, 0.84459984, 0.56488866, 0.75453949, 0.02568221, 0.25230685)
(0.53286588, 0.09791505, 0.42452821, 0.54189491, 0.63539040, 0.63621056, 0.15873885, 0.33138603, 0.54703444, 0.75198752)
(0.44868055, 0.20112488, 0.59573442, 0.29215774, 0.38716072, 0.81074983, 0.48215768, 0.65654397, 0.09342016, 0.23381865)
(0.91136813, 0.15909389, 0.03474958, 0.54247940, 0.43844670, 0.53989118, 0.81627184, 0.19924720, 0.25267839, 0.58602518)
(0.32783926, 0.54205179, 0.51140636, 0.06628026, 0.96945012, 0.10067313, 0.26483226, 0.54222089, 0.78311360, 0.41363481)
(0.45924929, 0.15100977, 0.95401931, 0.76423800, 0.11442553, 0.46813914, 0.11408609, 0.16249040, 0.18353620, 0.29795915)
(0.42503047, 0.13452491, 0.23150980, 0.20447986, 0.65160626, 0.68601269, 0.81005502, 0.44651160, 0.03010884, 0.28975198)
(0.40650654, 0.84017062, 0.14527112, 0.88415456, 0.58306324, 0.76753116, 0.79661375, 0.46838027, 0.86232179, 0.31350568)
(0.69452262, 0.28590012, 0.62603104, 0.30767080, 0.24311674, 0.74011439, 0.25912738, 0.09796707, 0.38734460, 0.89120883)
(0.63423127, 0.25500968, 0.87502331, 0.50906384, 0.22450905, 0.69723988, 0.56506836, 0.95489460, 0.13888790, 0.19177522)
(0.09898148, 0.90946048, 0.55216771, 0.39044675, 0.27078044, 0.21824636, 0.42723840, 0.31291509, 0.51707453, 0.71017784)
(0.73077869, 0.19622138, 0.25773144, 0.72057039, 0.67887104, 0.35724163, 0.46171886, 0.71635127, 0.29133371, 0.80687213)
(0.53375602, 0.21395279, 0.48953551, 0.23762405, 0.64083165, 0.76408970, 0.33599645, 0.07168236, 0.69305390, 0.22158174)
(0.63538402, 0.47488317, 0.61236167, 0.06855628, 0.74197245, 0.15326862, 0.70070624, 0.44210780, 0.94996953, 0.11267570)
(0.26881000, 0.18338667, 0.70454633, 0.43272808, 0.88336724, 0.42940381, 0.73298091, 0.23195146, 0.08166497, 0.65674967)
(0.75867802, 0.02739243, 0.17790437, 0.20365018, 0.34512606, 0.40926346, 0.77730638, 0.21197335, 0.25450087, 0.46605086)
(0.46919164, 0.11765349, 0.70880896, 0.38079846, 0.86712968, 0.79478896, 0.60137957, 0.31540877, 0.53196406, 0.89424556)
(0.12130043, 0.44534105, 0.15216112, 0.84875751, 0.31115267, 0.73366356, 0.73031431, 0.65437162, 0.87376201, 0.40882233)
(0.57404768, 0.79393095, 0.48668060, 0.52451700, 0.05768769, 0.37886268, 0.78561050, 0.44135460, 0.61010283, 0.49888551)
(0.46010336, 0.43798155, 0.82377720, 0.14489286, 0.34499988, 0.03466672, 0.60870868, 0.31919700, 0.48537427, 0.42512995)
(0.72063458, 0.14112085, 0.21081477, 0.44285551, 0.25778240, 0.53502321, 0.16166797, 0.64628392, 0.52536887, 0.82052159)
(0.28612548, 0.10071184, 0.30560815, 0.34208187, 0.91921347, 0.19904608, 0.31609431, 0.75785094, 0.03354133, 0.35223368)
(0.18420075, 0.57540953, 0.77814388, 0.31628522, 0.18047796, 0.69902796, 0.73894155, 0.37387946, 0.47331634, 0.63223964)
(0.32689220, 0.11979880, 0.13389273, 0.33976546, 0.40635344, 0.65864497, 0.60432327, 0.36897814, 0.82701176, 0.95887786)
(0.48434603, 0.75873888, 0.56416917, 0.45318595, 0.11472134, 0.72811204, 0.82416099, 0.37220770, 0.39788878, 0.60314751)
(0.65310454, 0.64486861, 0.07449149, 0.76778859, 0.51072961, 0.88260484, 0.57650524, 0.30303049, 0.43050984, 0.78726280)
(0.52729297, 0.22734578, 0.79308248, 0.19083105, 0.71288937, 0.54099315, 0.19078898, 0.07156729, 0.60543191, 0.79317820)
(0.14366534, 0.12524994, 0.26236585, 0.57982147, 0.66431248, 0.30933103, 0.69732285, 0.50282580, 0.51775432, 0.55806661)
(0.65069681, 0.27598101, 0.72130322, 0.48349681, 0.74989510, 0.52699125, 0.50430977, 0.93986881, 0.19951792, 0.50121635)
(0.59228045, 0.26001331, 0.48938289, 0.48243275, 0.33174625, 0.60642332, 0.22798651, 0.07323728, 0.56427962, 0.34699106)
(0.67788059, 0.56907219, 0.32897767, 0.62489057, 0.53071898, 0.54454595, 0.79277116, 0.83436120, 0.01056727, 0.36055818)
(0.66582400, 0.57951331, 0.64797229, 0.58181125, 0.06911839, 0.15404218, 0.68199974, 0.18020423, 0.17815724, 0.82863224)
(0.35624352, 0.41687250, 0.19258428, 0.92451733, 0.37504825, 0.84699738, 0.63761818, 0.52502590, 0.12672170, 0.23945506)
(0.39473000, 0.56185192, 0.50002027, 0.21996006, 0.35499454, 0.68685836, 0.66151750, 0.52545607, 0.16475624, 0.29962242)
(0.72894752, 0.37045971, 0.07598305, 0.88502562, 0.13641338, 0.76701635, 0.72070581, 0.84754801, 0.39983502, 0.31396067)
(0.57027262, 0.20196368, 0.35268965, 0.21487547, 0.84900719, 0.35422203, 0.49686354, 0.05515762, 0.30044714, 0.79217470)
(0.18439464, 0.36443219, 0.69839114, 0.76717556, 0.66446513, 0.58291131, 0.52982986, 0.26768041, 0.70429814, 0.68190908)
(0.49644864, 0.35259533, 0.16591841, 0.83696139, 0.38897780, 0.82878917, 0.85148847, 0.29066429, 0.29993606, 0.55812013)
(0.36358669, 0.20854661, 0.24468939, 0.61495906, 0.57518715, 0.73502541, 0.91513294, 0.50857460, 0.14663318, 0.67689955)
(0.21093631, 0.46062061, 0.29415482, 0.38338962, 0.51297146, 0.89378440, 0.05712929, 0.46277794, 0.73522466, 0.80977905)
(0.78087932, 0.18714069, 0.88265544, 0.44123843, 0.22816986, 0.27025539, 0.26713270, 0.95858806, 0.41986123, 0.57847112)
(0.33852050, 0.33781254, 0.97816968, 0.74338305, 0.18059482, 0.24512611, 0.10401156, 0.09598202, 0.61167586, 0.47054580)
(0.19918646, 0.56652951, 0.56692928, 0.08257702, 0.43507454, 0.92783201, 0.25390884, 0.12263565, 0.24342507, 0.34735489)
(0.33425006, 0.73694968, 0.69064224, 0.24747048, 0.31780168, 0.71469903, 0.87771624, 0.55557227, 0.61492640, 0.51834446)
(0.10139395, 0.48988175, 0.32454854, 0.84791923, 0.60110509, 0.85521889, 0.78717178, 0.49828517, 0.62830448, 0.53596574)
(0.64765853, 0.10362557, 0.04938186, 0.78712660, 0.45659941, 0.14379339, 0.43052396, 0.68338048, 0.26935214, 0.74000525)
(0.57504648, 0.50407970, 0.85793591, 0.13920563, 0.82397860, 0.10098948, 0.39617628, 0.41946003, 0.62048697, 0.16836765)
(0.63200885, 0.46895432, 0.78058279, 0.66485441, 0.71365559, 0.27980363, 0.90468746, 0.45882684, 0.01429922, 0.62024438)
(0.86033124, 0.65928829, 0.75652891, 0.52114266, 0.31954515, 0.64709163, 0.61278653, 0.13181511, 0.27018619, 0.94083244)
(0.20984556, 0.80511028, 0.09504420, 0.01049972, 0.38529676, 0.70019817, 0.44801295, 0.57036322, 0.79198414, 0.31071007)
(0.28467596, 0.18568061, 0.37846851, 0.51065588, 0.22596186, 0.86098689, 0.08903271, 0.59921318, 0.41488197, 0.75419980)
(0.63804895, 0.26517960, 0.46927208, 0.58312833, 0.41702670, 0.64310080, 0.16318873, 0.50730592, 0.69343680, 0.90230805)
(0.07083632, 0.77541512, 0.34888953, 0.71279120, 0.95045507, 0.73761278, 0.35704634, 0.25522435, 0.71457762, 0.10417704)
(0.45300642, 0.59172261, 0.18583740, 0.93969947, 0.38535929, 0.77343744, 0.83090705, 0.26281601, 0.29281843, 0.20576310)
(0.23506604, 0.46646231, 0.43749374, 0.09130414, 0.94125694, 0.14278865, 0.36689875, 0.29914516, 0.90309894, 0.22608559)
(0.65736747, 0.35831976, 0.91095048, 0.75375187, 0.34179407, 0.13624904, 0.38553634, 0.19883233, 0.13290110, 0.35584384)
(0.20470661, 0.25317493, 0.80681592, 0.69373894, 0.39357099, 0.55659640, 0.06868188, 0.14021848, 0.36578920, 0.55446953)
(0.24777094, 0.41826728, 0.86671746, 0.21611401, 0.49138534, 0.55570412, 0.92624652, 0.34404624, 0.79698634, 0.62102139)
(0.58638602, 0.30528367, 0.44443032, 0.31287140, 0.54387081, 0.24758542, 0.18334447, 0.93479162, 0.27444029, 0.68996817)
(0.75071865, 0.76017523, 0.14167136, 0.91040707, 0.16355376, 0.78915107, 0.78251779, 0.55953956, 0.61910510, 0.29181030)
(0.64044428, 0.53568625, 0.09434583, 0.86134648, 0.58663154, 0.31793892, 0.83691645, 0.36976635, 0.94561797, 0.92263192)
(0.07483608, 0.06557459, 0.46950760, 0.34087628, 0.62614566, 0.30374834, 0.58982378, 0.09170647, 0.57504755, 0.71534485)
(0.26853788, 0.60291994, 0.10573608, 0.55880338, 0.75090247, 0.80669910, 0.59233242, 0.14463736, 0.67015523, 0.29165661)
(0.09101306, 0.79550135, 0.52085716, 0.51022595, 0.77864277, 0.91714001, 0.56514686, 0.19470547, 0.60743129, 0.17270598)
(0.56154847, 0.72062165, 0.92187822, 0.15766859, 0.59607029, 0.76152819, 0.81387192, 0.30409572, 0.18682770, 0.23727785)
(0.43027681, 0.64994568, 0.60454649, 0.54702371, 0.33835885, 0.39211309, 0.16388740, 0.04514568, 0.51641989, 0.32066226)
(0.13972291, 0.34382495, 0.16744637, 0.33631006, 0.18222049, 0.79464674, 0.55082989, 0.72514719, 0.47923729, 0.92044401)
(0.43324614, 0.03660354, 0.59350258, 0.19898269, 0.80737269, 0.24117768, 0.28345162, 0.97681379, 0.19684738, 0.61482531)
(0.71524686, 0.08163113, 0.38202906, 0.42672709, 0.82051355, 0.20081127, 0.34638616, 0.57958025, 0.14620404, 0.79402959)
(0.29341933, 0.32647455, 0.23042287, 0.90993887, 0.24996752, 0.85680181, 0.58188701, 0.73284638, 0.64712006, 0.23113382)
(0.41728118, 0.44682392, 0.25386426, 0.13360023, 0.11503015, 0.93590224, 0.11689560, 0.48275602, 0.45669001, 0.79447877)
(0.13797413, 0.77255476, 0.81812924, 0.30718961, 0.57318473, 0.82212931, 0.05107298, 0.22502160, 0.49453795, 0.52568114)
(0.60240006, 0.29988322, 0.85857415, 0.46311554, 0.82190877, 0.43313220, 0.17997175, 0.18022482, 0.63109905, 0.64282501)
(0.50298405, 0.91175395, 0.92223674, 0.58137780, 0.24408290, 0.10035265, 0.50900215, 0.31245610, 0.70060837, 0.38020205)
(0.07392363, 0.44614303, 0.80459940, 0.83359098, 0.80097598, 0.64997751, 0.20895423, 0.27168041, 0.82926744, 0.72099036)
(0.92958909, 0.26137227, 0.33152851, 0.95430648, 0.52176785, 0.38170415, 0.87129676, 0.38101065, 0.74631518, 0.19334266)
(0.78794843, 0.43723902, 0.18338135, 0.30015835, 0.61906826, 0.70598704, 0.32821333, 0.05713236, 0.84772235, 0.43087229)
(0.57036507, 0.67392522, 0.73828697, 0.11623240, 0.48679167, 0.91792220, 0.68190950, 0.11898164, 0.30333084, 0.16813193)
(0.79264873, 0.12155771, 0.03678445, 0.59376901, 0.10962914, 0.53175122, 0.81844974, 0.46274233, 0.68468124, 0.57276815)
(0.50582486, 0.36603484, 0.23667803, 0.65788478, 0.88829392, 0.10439174, 0.78363305, 0.17869084, 0.28324965, 0.52552724)
(0.32583064, 0.22422452, 0.24517077, 0.83814520, 0.22923918, 0.62588865, 0.67383397, 0.53021628, 0.62183338, 0.38678983)
(0.48185778, 0.84121341, 0.45238540, 0.26635078, 0.63696736, 0.10574191, 0.96645534, 0.32118362, 0.29847530, 0.64740574)
(0.47870269, 0.68327719, 0.07239512, 0.78940797, 0.43959323, 0.95028216, 0.63446391, 0.19452077, 0.27645335, 0.54708397)
(0.30707988, 0.43896285, 0.60733151, 0.26096818, 0.18253778, 0.55584031, 0.46177173, 0.35925633, 0.26637760, 0.27738890)
(0.58844864, 0.46420357, 0.94441545, 0.73152143, 0.38209325, 0.10294282, 0.37268469, 0.15689699, 0.26831371, 0.46388274)
(0.06102267, 0.84419715, 0.36106595, 0.46282542, 0.30325267, 0.02461184, 0.28378895, 0.63435680, 0.84638882, 0.49597040)
(0.28378898, 0.43443266, 0.80012286, 0.49978814, 0.93483573, 0.49390170, 0.68221575, 0.19208820, 0.56148767, 0.67206287)
(0.62804306, 0.55010396, 0.58388680, 0.69340396, 0.71963739, 0.19399779, 0.10407788, 0.50371677, 0.88049382, 0.59933901)
(0.30368909, 0.97580999, 0.57376236, 0.29924747, 0.48614916, 0.30979502, 0.10628659, 0.36231863, 0.85279584, 0.36557564)
(0.25312898, 0.35949111, 0.84011930, 0.07870428, 0.74743408, 0.04552353, 0.67426485, 0.54680783, 0.85606742, 0.43324092)
(0.80309486, 0.60099757, 0.30810609, 0.67313659, 0.36425123, 0.66570020, 0.95106465, 0.26124901, 0.05339904, 0.07681949)
(0.40994200, 0.83400822, 0.88716871, 0.50208491, 0.80469704, 0.06516454, 0.23393941, 0.31239805, 0.71742499, 0.38581952)
(0.63333470, 0.48022857, 0.04450396, 0.32858506, 0.39621207, 0.79408962, 0.40461260, 0.95038003, 0.03471851, 0.40195116)
(0.85026282, 0.12071866, 0.92511141, 0.49998933, 0.28463113, 0.43624884, 0.22325300, 0.47758996, 0.19957396, 0.21532838)
(0.63697314, 0.04607728, 0.85887396, 0.46840569, 0.80241251, 0.33220917, 0.24023925, 0.43394154, 0.65041804, 0.69041193)
(0.48838794, 0.41111138, 0.03277941, 0.84393269, 0.06025901, 0.16620927, 0.28391218, 0.33126068, 0.90599716, 0.64159459)
(0.60557425, 0.41094491, 0.72080725, 0.69737321, 0.93313384, 0.39338288, 0.10324333, 0.31411296, 0.83154571, 0.27323803)
(0.16621372, 0.41785067, 0.20701012, 0.93291140, 0.52126306, 0.84284610, 0.88945776, 0.29911932, 0.56528819, 0.23648214)
(0.60138416, 0.45853791, 0.13336413, 0.79284400, 0.44412169, 0.82836735, 0.87936461, 0.27659023, 0.53443491, 0.80110085)
(0.28039977, 0.46684068, 0.69012737, 0.56054825, 0.77697891, 0.18926063, 0.37243491, 0.10581687, 0.45395824, 0.71281499)
(0.40191883, 0.52895850, 0.30567843, 0.29819095, 0.17214474, 0.77036941, 0.41377112, 0.92682791, 0.12055631, 0.88098687)
(0.49829009, 0.65501177, 0.70603901, 0.31656146, 0.70973063, 0.54337716, 0.71023124, 0.34495211, 0.54416490, 0.26593882)
(0.50578976, 0.50625116, 0.46357343, 0.24058273, 0.62150979, 0.52408475, 0.29613701, 0.12477154, 0.57009059, 0.44708270)
(0.72402442, 0.10117599, 0.04899631, 0.24080437, 0.32325378, 0.75469130, 0.39864475, 0.77744937, 0.51784909, 0.23460941)
(0.53709340, 0.63357049, 0.49233994, 0.62695825, 0.51593494, 0.41288200, 0.96713299, 0.25641736, 0.48482269, 0.43757185)
(0.81383544, 0.61736375, 0.75266320, 0.42616048, 0.20044035, 0.50192231, 0.77359778, 0.46717608, 0.12174239, 0.74558443)
(0.19500601, 0.62130952, 0.32112229, 0.53755093, 0.91874254, 0.79132867, 0.67266923, 0.19295903, 0.79094034, 0.46209398)
(0.11867390, 0.48152557, 0.26526994, 0.19851053, 0.89927721, 0.40611351, 0.63619459, 0.08981454, 0.67776269, 0.51668769)
(0.02181954, 0.31587371, 0.14080496, 0.81617695, 0.16141124, 0.83619994, 0.29771540, 0.62728310, 0.89612669, 0.43467650)
(0.27342379, 0.17176707, 0.03040049, 0.33677280, 0.02572865, 0.47857544, 0.20881614, 0.14638859, 0.66795975, 0.63847327)
(0.31423301, 0.33338460, 0.92450082, 0.45828030, 0.97599423, 0.28548202, 0.41018131, 0.23623483, 0.93425244, 0.31143019)
(0.70836329, 0.76118881, 0.41492119, 0.30756000, 0.38589802, 0.90596980, 0.36839223, 0.13160346, 0.31561920, 0.13878080)
(0.68668884, 0.21925755, 0.56569076, 0.39490610, 0.51870298, 0.77479202, 0.32360455, 0.80695796, 0.40949407, 0.85463095)
(0.37992465, 0.45362648, 0.08226626, 0.27017441, 0.05439085, 0.66830420, 0.21124138, 0.93345320, 0.07768232, 0.65503061)
(0.90619999, 0.11599988, 0.03777715, 0.34058991, 0.21180300, 0.56132013, 0.61360073, 0.30300334, 0.44399393, 0.89304560)
(0.08524900, 0.44317567, 0.84710211, 0.62372786, 0.70990670, 0.37218294, 0.70898521, 0.28885075, 0.88329363, 0.43215254)
(0.75168943, 0.72821760, 0.84553647, 0.52966446, 0.42555362, 0.09472142, 0.35367730, 0.51565862, 0.32655826, 0.71493685)
(0.23653229, 0.15417734, 0.21471752, 0.34693328, 0.64698786, 0.32647777, 0.61575484, 0.10732213, 0.21411689, 0.20806953)
(0.80345988, 0.60935700, 0.41449997, 0.46881506, 0.86582583, 0.40902200, 0.24310917, 0.47901663, 0.90150356, 0.13121422)
(0.46605977, 0.07651515, 0.84971654, 0.63746941, 0.16777727, 0.80589169, 0.24665652, 0.37161610, 0.64550012, 0.43284085)
(0.79933125, 0.75465399, 0.85444862, 0.16195571, 0.13908318, 0.80349451, 0.75436175, 0.40548477, 0.15051818, 0.57596588)
(0.68802720, 0.61964893, 0.05951852, 0.80664921, 0.18651843, 0.84745401, 0.42515266, 0.24539988, 0.49828464, 0.82312900)
(0.26747730, 0.17734577, 0.19982955, 0.80458933, 0.44110340, 0.76871812, 0.84059775, 0.66077882, 0.24931559, 0.27090794)
(0.56524587, 0.24255872, 0.09519209, 0.14539050, 0.22258490, 0.07267366, 0.90487105, 0.21064401, 0.18212730, 0.12612826)
(0.37421587, 0.83691305, 0.24300364, 0.23902543, 0.70110148, 0.94549119, 0.30602059, 0.06627278, 0.69514608, 0.45641917)
(0.64684981, 0.80372822, 0.84676176, 0.39761475, 0.77414268, 0.20469677, 0.05498132, 0.68475467, 0.83009237, 0.22647965)
(0.15903904, 0.11397529, 0.50939184, 0.64004833, 0.86189187, 0.72013962, 0.59971321, 0.39234504, 0.60383821, 0.79463077)
(0.16599530, 0.87656778, 0.81168884, 0.33620474, 0.70195097, 0.36234540, 0.02242078, 0.48695928, 0.72818893, 0.21801232)
(0.30479893, 0.58437830, 0.46273601, 0.09689353, 0.51272577, 0.56882983, 0.91194600, 0.23480803, 0.69301027, 0.28211695)
(0.83584416, 0.48496190, 0.50152671, 0.83691871, 0.48397025, 0.38574395, 0.87262005, 0.31843519, 0.06157082, 0.04331229)
(0.66478014, 0.09775901, 0.32089207, 0.94887036, 0.51688367, 0.44410008, 0.92549223, 0.34362257, 0.45503646, 0.27968848)
(0.20939374, 0.35229799, 0.68637991, 0.29548579, 0.47878581, 0.86285430, 0.42556480, 0.13827619, 0.32939708, 0.59672624)
(0.70785761, 0.39114332, 0.25411025, 0.26764467, 0.82257640, 0.19687743, 0.72802496, 0.87733465, 0.01311701, 0.77092814)
(0.07858165, 0.70258230, 0.79723722, 0.66261041, 0.76958835, 0.46701705, 0.62003100, 0.38879311, 0.93616283, 0.37742880)
(0.20451045, 0.27879459, 0.81437296, 0.40100729, 0.34487537, 0.89125782, 0.75550556, 0.36883682, 0.27848691, 0.43401548)
(0.64363301, 0.91248977, 0.42050454, 0.26106766, 0.50737154, 0.19358993, 0.93961525, 0.29470712, 0.33048716, 0.37354556)
(0.70085698, 0.46616089, 0.35686308, 0.27043101, 0.40381962, 0.37523612, 0.24328995, 0.88899428, 0.22323447, 0.74566352)
(0.04524394, 0.23860903, 0.15337549, 0.74019521, 0.43971041, 0.76958108, 0.58111411, 0.54498231, 0.62810475, 0.52178073)
(0.16239712, 0.61686510, 0.46546715, 0.13039707, 0.03729236, 0.51660949, 0.46143404, 0.06298505, 0.63943684, 0.39220190)
(0.94369972, 0.28627172, 0.23914889, 0.42170763, 0.49631882, 0.47461182, 0.70173311, 0.19820769, 0.40311372, 0.96054965)
(0.48305514, 0.97908676, 0.61027640, 0.17600678, 0.74785632, 0.57351112, 0.54053807, 0.60537428, 0.94426334, 0.85693723)
(0.27655202, 0.55923641, 0.58773726, 0.18105464, 0.63187289, 0.44261894, 0.42898151, 0.10398830, 0.83119470, 0.51471114)
(0.45346287, 0.58813566, 0.40264520, 0.21217561, 0.51371241, 0.92407697, 0.33198506, 0.15112011, 0.31631377, 0.39783382)
(0.27509794, 0.62292951, 0.32328328, 0.09910548, 0.94481820, 0.15311708, 0.57677048, 0.39716440, 0.87181634, 0.21553999)
(0.14042096, 0.37201610, 0.72526008, 0.13975032, 0.83601141, 0.19772270, 0.59001887, 0.29509568, 0.90003383, 0.38863742)
(0.07345166, 0.36304915, 0.77641320, 0.54933602, 0.63142574, 0.56513643, 0.45113519, 0.12536341, 0.67795908, 0.41761503)
(0.29792863, 0.18521965, 0.35042521, 0.57281637, 0.41834462, 0.55463541, 0.85949045, 0.44395453, 0.09561822, 0.09657065)
(0.37172124, 0.41005710, 0.36956471, 0.11872823, 0.77139497, 0.56691837, 0.65197819, 0.13904597, 0.87857872, 0.30889630)
(0.22438005, 0.33810848, 0.55575413, 0.27397501, 0.94041425, 0.36399254, 0.18877734, 0.21202131, 0.88028377, 0.33774045)
(0.89509809, 0.58462775, 0.73787624, 0.33837220, 0.47720021, 0.63363540, 0.33753785, 0.39269406, 0.03388796, 0.64847964)
(0.58175665, 0.25054300, 0.49467719, 0.62940001, 0.55793720, 0.63492143, 0.21530066, 0.31501931, 0.75361109, 0.92058629)
(0.91628146, 0.76619875, 0.29229370, 0.39727727, 0.67591351, 0.27344543, 0.79954934, 0.15495910, 0.16019820, 0.50048393)
(0.35389346, 0.15116425, 0.54125190, 0.53377211, 0.71772879, 0.52397108, 0.86646420, 0.49241960, 0.05884383, 0.55147642)
(0.30298725, 0.29465953, 0.36868379, 0.73622435, 0.40772232, 0.77620029, 0.39035517, 0.36093092, 0.34326082, 0.18129845)
(0.33459958, 0.49749056, 0.64471316, 0.73857278, 0.82281858, 0.76792574, 0.29724902, 0.53682530, 0.91028988, 0.77016008)
(0.18510410, 0.15915307, 0.46231338, 0.33390221, 0.58541524, 0.43636122, 0.77084625, 0.28878883, 0.03961789, 0.16123225)
(0.30449879, 0.76753289, 0.51607478, 0.38161433, 0.21629915, 0.50711423, 0.59776312, 0.35128656, 0.69543111, 0.58865452)
(0.08544663, 0.92668402, 0.36344895, 0.34024283, 0.83623672, 0.59621251, 0.05453258, 0.25801146, 0.50723922, 0.42040291)
(0.80846465, 0.18185213, 0.71597475, 0.46969151, 0.34534407, 0.27062097, 0.19617803, 0.94852382, 0.21498588, 0.77719474)
(0.78443485, 0.13000041, 0.69702059, 0.17338242, 0.22386685, 0.46490663, 0.24078470, 0.93957442, 0.39977825, 0.52945107)
(0.14285327, 0.35352612, 0.21781170, 0.50934452, 0.64907938, 0.95007741, 0.17314762, 0.24389762, 0.15932791, 0.62648708)
(0.49979374, 0.38444942, 0.41237214, 0.31606716, 0.22264594, 0.94918311, 0.27885979, 0.74472082, 0.10480536, 0.93845731)
(0.61857706, 0.37685522, 0.58819532, 0.60654533, 0.37883833, 0.21116509, 0.19378804, 0.19265433, 0.73548669, 0.05261129)
(0.10437030, 0.87040162, 0.49826452, 0.26862702, 0.47929546, 0.27327654, 0.08180397, 0.40060255, 0.74211079, 0.11806315)
(0.49826279, 0.63819981, 0.97526091, 0.59546232, 0.25884822, 0.74017733, 0.46533805, 0.12059459, 0.43868399, 0.83362383)
(0.19280280, 0.38230556, 0.14655675, 0.46922252, 0.07779604, 0.37091717, 0.60234141, 0.73453373, 0.66406977, 0.78832024)
(0.75917590, 0.33558196, 0.22194681, 0.40012303, 0.32683596, 0.87834865, 0.49424052, 0.86432523, 0.04734519, 0.88544607)
(0.12580520, 0.81723738, 0.79803503, 0.16121693, 0.85013932, 0.08007229, 0.31226692, 0.51066202, 0.86179686, 0.17677599)
(0.30110320, 0.68620634, 0.58495450, 0.57896119, 0.90251702, 0.46807909, 0.02294724, 0.25512877, 0.90424699, 0.50248784)
(0.53398794, 0.36556932, 0.16529995, 0.90931565, 0.19737184, 0.89864266, 0.71860486, 0.64234304, 0.57904243, 0.29710177)
(0.46384206, 0.22571027, 0.20808391, 0.07660945, 0.30387130, 0.39912796, 0.10795867, 0.64101803, 0.49284384, 0.88734472)
(0.49378017, 0.15434548, 0.05246485, 0.58840376, 0.80612785, 0.16078854, 0.25492674, 0.88973475, 0.11577109, 0.60628241)
(0.58441597, 0.37984091, 0.33709604, 0.25709674, 0.75335604, 0.66780812, 0.48454568, 0.17301168, 0.17102043, 0.82919347)
(0.17925693, 0.48538628, 0.50301933, 0.12734076, 0.51586032, 0.87558520, 0.54437399, 0.09807370, 0.46913853, 0.54949796)
(0.18054257, 0.56971121, 0.48893228, 0.11405495, 0.19101058, 0.76133400, 0.20120311, 0.09734070, 0.63440216, 0.21331285)
(0.73455709, 0.15274078, 0.79843146, 0.37828779, 0.69939816, 0.21149403, 0.22970623, 0.13564563, 0.40368953, 0.77358919)
(0.71508300, 0.09590476, 0.13312702, 0.39014378, 0.56804323, 0.86736572, 0.84822184, 0.42714906, 0.37604484, 0.64923489)
(0.87134975, 0.39028123, 0.68433285, 0.56509143, 0.84786952, 0.33321592, 0.23762675, 0.33375251, 0.62998396, 0.74808353)
(0.35873133, 0.79815143, 0.13977809, 0.80520082, 0.34176782, 0.78368932, 0.76433140, 0.47289672, 0.60411954, 0.38524595)
(0.18777688, 0.53533483, 0.38834855, 0.25798845, 0.63415343, 0.88697380, 0.58754438, 0.22239228, 0.44488889, 0.32919332)
(0.17042437, 0.49453014, 0.43427473, 0.39299405, 0.61041373, 0.77888244, 0.70672959, 0.16204369, 0.71814924, 0.37633184)
(0.61467469, 0.44396812, 0.04993951, 0.88917398, 0.34637377, 0.84330571, 0.79367888, 0.62268609, 0.28892067, 0.59146541)
(0.54530346, 0.78142089, 0.38318780, 0.10019431, 0.54592186, 0.74853218, 0.13224496, 0.20681614, 0.85034132, 0.19362769)
(0.39759368, 0.14913864, 0.10753854, 0.62929577, 0.89875895, 0.18304954, 0.27629843, 0.58033627, 0.03499547, 0.41920030)
(0.95089173, 0.21868040, 0.16402809, 0.17142889, 0.55201119, 0.86156142, 0.53177565, 0.58580005, 0.17846985, 0.31316090)
(0.06756257, 0.48672387, 0.90168917, 0.72203797, 0.34568825, 0.38451517, 0.21123846, 0.08478571, 0.44559947, 0.20708452)
(0.29156467, 0.60475451, 0.14048953, 0.13506407, 0.15187985, 0.72135645, 0.13777460, 0.77741385, 0.13532621, 0.69044769)
(0.40894222, 0.08290911, 0.24394946, 0.46582189, 0.88040507, 0.29152223, 0.62673980, 0.80349064, 0.05520052, 0.67102021)
(0.47090873, 0.30443794, 0.38146862, 0.27517867, 0.70510203, 0.76236206, 0.52734286, 0.09186932, 0.64036793, 0.39331180)
(0.09104106, 0.53041422, 0.11896009, 0.53625435, 0.26191181, 0.89587164, 0.60339564, 0.56455010, 0.57851338, 0.89988291)
(0.05201704, 0.55721319, 0.42349952, 0.36240008, 0.45535514, 0.60136139, 0.28471711, 0.04296692, 0.68561769, 0.17339301)
(0.16587353, 0.33434573, 0.96212876, 0.32126147, 0.06894170, 0.69621593, 0.61441821, 0.10899481, 0.60995972, 0.49393368)
(0.10948191, 0.39606786, 0.17067948, 0.87162584, 0.57093817, 0.84738147, 0.84586918, 0.17125499, 0.48284489, 0.22365814)
(0.13947448, 0.17256467, 0.59852886, 0.19787271, 0.29609972, 0.17248005, 0.52989960, 0.04113510, 0.64783680, 0.31345850)
(0.15167263, 0.88535988, 0.58723563, 0.42245066, 0.63217014, 0.26941144, 0.04788519, 0.58108604, 0.62705934, 0.41055483)
(0.32014018, 0.54882246, 0.06259495, 0.58985138, 0.83975267, 0.51537168, 0.49743113, 0.35943523, 0.79478240, 0.70100564)
(0.22400133, 0.03842175, 0.80919969, 0.48955813, 0.81074476, 0.30817360, 0.49777791, 0.76974571, 0.06628937, 0.17808865)
(0.02084580, 0.87350643, 0.81716126, 0.44375059, 0.36994982, 0.32875547, 0.09494545, 0.28123471, 0.60919464, 0.53732377)
(0.47694331, 0.70247608, 0.04413637, 0.92650574, 0.46153864, 0.85097104, 0.88680393, 0.16809191, 0.42903093, 0.65348512)
(0.20579651, 0.85141450, 0.79126817, 0.30454782, 0.80923045, 0.85732466, 0.60824764, 0.27494261, 0.74539393, 0.85478354)
(0.83256394, 0.07690727, 0.24274667, 0.91759795, 0.40289974, 0.48824131, 0.80169624, 0.40013146, 0.40938103, 0.22130546)
(0.84055269, 0.76864445, 0.64800584, 0.23812418, 0.49411580, 0.77384704, 0.28704271, 0.45810008, 0.83495396, 0.22622824)
(0.10704175, 0.75305116, 0.65727431, 0.62687790, 0.38242352, 0.18649960, 0.28268021, 0.04766044, 0.72795469, 0.79270071)
(0.12436081, 0.29153243, 0.50219673, 0.29365325, 0.38581634, 0.87391514, 0.52675277, 0.12096950, 0.48898521, 0.33661199)
(0.19943148, 0.27534613, 0.63525224, 0.36380461, 0.13774616, 0.83230960, 0.29514465, 0.10461187, 0.17841773, 0.79575711)
(0.88688707, 0.77535450, 0.58743638, 0.39789897, 0.03319693, 0.29144096, 0.84346360, 0.51393706, 0.52488273, 0.81659001)
(0.31661397, 0.47340384, 0.50102603, 0.10222591, 0.13157541, 0.18233274, 0.73830187, 0.13182150, 0.88232613, 0.41206765)
(0.52855533, 0.21221188, 0.25133926, 0.52401370, 0.53789115, 0.91478074, 0.45377582, 0.52347058, 0.78625011, 0.37213644)
(0.37280047, 0.31419632, 0.13970830, 0.62914914, 0.90457588, 0.42274535, 0.73714328, 0.15518105, 0.57838374, 0.91621917)
(0.32599175, 0.36280727, 0.21088502, 0.29032412, 0.64675993, 0.81686872, 0.45210993, 0.20702668, 0.04426587, 0.43275645)
(0.53243470, 0.80465686, 0.71261448, 0.08062894, 0.11790372, 0.47062606, 0.36187997, 0.31338990, 0.53133333, 0.34220955)
(0.41413462, 0.33575249, 0.24654549, 0.95678526, 0.36960384, 0.87884021, 0.78750271, 0.46291313, 0.45419419, 0.31217024)
(0.52751547, 0.16905640, 0.60166389, 0.35681489, 0.54194349, 0.83525532, 0.07945944, 0.32200253, 0.53585434, 0.76585251)
(0.52484447, 0.62319404, 0.35811687, 0.44411686, 0.58679879, 0.97784901, 0.24093819, 0.28890008, 0.29325175, 0.71493542)
(0.70737481, 0.58516890, 0.67823941, 0.38317332, 0.33609971, 0.76123369, 0.89270025, 0.63257402, 0.11161917, 0.27220127)
(0.07173620, 0.20166083, 0.75928020, 0.43601611, 0.30666971, 0.70032805, 0.20751727, 0.09739331, 0.22871506, 0.40586430)
(0.46153739, 0.03172676, 0.66503781, 0.13142107, 0.23080714, 0.13080315, 0.09428468, 0.77769828, 0.37337202, 0.68933707)
(0.50158674, 0.33976832, 0.41820955, 0.29455924, 0.52308869, 0.47971547, 0.78975695, 0.91761112, 0.05734068, 0.39518285)
(0.51898855, 0.31913617, 0.61283600, 0.37872744, 0.55459589, 0.86510104, 0.31715310, 0.29388019, 0.50740242, 0.91942805)
(0.27809566, 0.73944819, 0.75385702, 0.46829459, 0.77682817, 0.16488695, 0.38234982, 0.60383183, 0.71498346, 0.44969642)
(0.06843053, 0.42311496, 0.63172013, 0.50133783, 0.68546683, 0.86939859, 0.29274160, 0.16949722, 0.61076260, 0.29138777)
(0.27609059, 0.92101914, 0.71236664, 0.43743181, 0.04164908, 0.38120750, 0.68501770, 0.46970794, 0.22042115, 0.77655447)
(0.68893623, 0.20826893, 0.11148641, 0.62963533, 0.12709072, 0.73791146, 0.69979173, 0.33924180, 0.54151291, 0.85691005)
(0.26837879, 0.37820429, 0.26955497, 0.10699827, 0.91356432, 0.42908326, 0.19510542, 0.19513069, 0.92810374, 0.17069966)
(0.63048929, 0.36809349, 0.15731029, 0.78707218, 0.73023546, 0.44668734, 0.49760929, 0.63910800, 0.16629863, 0.68977201)
(0.10158973, 0.30804130, 0.55385059, 0.40934807, 0.28350219, 0.76702434, 0.59276497, 0.27278003, 0.35043141, 0.34881797)
(0.37826371, 0.89162117, 0.71493459, 0.26531273, 0.57714748, 0.88519621, 0.92769068, 0.32286799, 0.28463310, 0.56468350)
(0.58737034, 0.28649819, 0.23336217, 0.39202127, 0.90423089, 0.51332760, 0.42842144, 0.18344142, 0.75004357, 0.22534519)
(0.34234565, 0.63983595, 0.86549973, 0.28324884, 0.92307597, 0.09303354, 0.32275498, 0.49826178, 0.73360312, 0.26422948)
(0.48922744, 0.61194134, 0.37587893, 0.36332136, 0.46117657, 0.83553767, 0.56642860, 0.43896919, 0.11206261, 0.22321388)
(0.40741333, 0.10595492, 0.56076133, 0.44101992, 0.65735793, 0.35860604, 0.22024584, 0.88523740, 0.29188049, 0.58459896)
(0.47876301, 0.66485590, 0.16271375, 0.87590885, 0.63115811, 0.58727235, 0.84264410, 0.55537313, 0.84458929, 0.86709481)
(0.89456385, 0.55591357, 0.20315664, 0.50942212, 0.48935378, 0.29665771, 0.60753655, 0.34446880, 0.03483934, 0.17292987)
(0.75215453, 0.21908857, 0.81563240, 0.44987592, 0.68034315, 0.85731781, 0.57683808, 0.71646386, 0.28826556, 0.74534184)
(0.35491881, 0.59496152, 0.66158247, 0.28780711, 0.89605558, 0.40764728, 0.54147136, 0.24456683, 0.73278570, 0.76454276)
(0.13625643, 0.51883066, 0.09451758, 0.62873632, 0.77579933, 0.64499480, 0.60247123, 0.12688339, 0.66720212, 0.26739830)
(0.84712297, 0.46247441, 0.49681994, 0.37397313, 0.46429813, 0.83764571, 0.11633953, 0.78081936, 0.08580783, 0.26888463)
(0.65430260, 0.73585033, 0.39661354, 0.27293238, 0.37280774, 0.64645690, 0.86342359, 0.42886159, 0.14115347, 0.34574834)
(0.40704238, 0.06705256, 0.28057468, 0.26942280, 0.33971605, 0.69780207, 0.34697914, 0.23319653, 0.13930911, 0.50240201)
(0.58212364, 0.25463206, 0.78111726, 0.37456834, 0.88660079, 0.32096145, 0.19715631, 0.76207876, 0.58215946, 0.44329247)
(0.28578451, 0.24018261, 0.48743522, 0.46339551, 0.67062688, 0.79257864, 0.32086757, 0.52664983, 0.23544855, 0.22152407)
(0.16777946, 0.16608860, 0.37681395, 0.73811013, 0.43746489, 0.55297148, 0.87943125, 0.19897321, 0.13571031, 0.12204303)
(0.21770529, 0.33716005, 0.06748827, 0.40167296, 0.39681166, 0.94216198, 0.60518837, 0.61468655, 0.17508768, 0.57966274)
(0.77603108, 0.67458951, 0.50289488, 0.21437617, 0.42914122, 0.25882685, 0.30373886, 0.27069601, 0.63265985, 0.31869173)
(0.52587545, 0.61405098, 0.61793041, 0.75960833, 0.70051104, 0.38327569, 0.24984983, 0.58508974, 0.43994084, 0.15946642)
(0.84699893, 0.75070637, 0.68133879, 0.19536975, 0.74500042, 0.44813043, 0.60901660, 0.81666428, 0.06450853, 0.48348957)
(0.73807859, 0.07762802, 0.93464810, 0.77967227, 0.67806268, 0.26128611, 0.34955356, 0.40055850, 0.70102650, 0.41826695)
(0.57494563, 0.61220050, 0.82324868, 0.23799668, 0.88516569, 0.45291710, 0.27660105, 0.49889654, 0.69691563, 0.20907231)
(0.18298325, 0.46561968, 0.26726466, 0.78558004, 0.18507841, 0.83159059, 0.72919697, 0.73289478, 0.58981150, 0.52516687)
(0.30742273, 0.81061697, 0.50550574, 0.52126771, 0.12940663, 0.28023228, 0.78343379, 0.23899361, 0.63601243, 0.81449962)
(0.74517602, 0.30021244, 0.35806367, 0.23460050, 0.26882377, 0.81098294, 0.81001598, 0.19859913, 0.22786224, 0.57360351)
(0.48841661, 0.53930908, 0.53578961, 0.46369618, 0.94308996, 0.35426074, 0.09597715, 0.22072640, 0.82892823, 0.16022691)
(0.07311085, 0.48185256, 0.75315595, 0.52247918, 0.34117049, 0.76654160, 0.34791473, 0.14528000, 0.24092485, 0.69290519)
(0.38747394, 0.62628293, 0.19701889, 0.56806690, 0.70794386, 0.96070182, 0.36737865, 0.27601570, 0.14743806, 0.77406198)
(0.33136830, 0.46717963, 0.10892563, 0.77800161, 0.82223642, 0.42225564, 0.63176841, 0.26711622, 0.93500692, 0.65324682)
(0.66849428, 0.51872742, 0.04889058, 0.87338084, 0.44940835, 0.76140612, 0.83072138, 0.31291041, 0.37859982, 0.74435961)
(0.32615370, 0.50758082, 0.41635653, 0.23411357, 0.47347608, 0.60561788, 0.79252917, 0.32559395, 0.31428328, 0.30898464)
(0.44115832, 0.07051686, 0.30207372, 0.49114355, 0.64732850, 0.64154208, 0.69967997, 0.06541110, 0.66665488, 0.14779107)
(0.15718567, 0.24392715, 0.40825212, 0.86579949, 0.41703779, 0.74395758, 0.28936493, 0.38859463, 0.84770715, 0.34680012)
(0.43126419, 0.48552188, 0.92056084, 0.92047864, 0.51878077, 0.24206929, 0.15311272, 0.15372929, 0.46181127, 0.56230640)
(0.34981936, 0.97333807, 0.84806889, 0.61020184, 0.13821736, 0.12212355, 0.67365283, 0.39142430, 0.64300627, 0.85840654)
(0.21364930, 0.21700096, 0.69110262, 0.60198659, 0.77115095, 0.38528568, 0.48691633, 0.11984731, 0.40231967, 0.84207720)
(0.38442406, 0.37255359, 0.48163357, 0.23762384, 0.19567369, 0.56916076, 0.64582199, 0.13951196, 0.27239510, 0.32478061)
(0.56174970, 0.14035055, 0.26328072, 0.25079983, 0.53283066, 0.68361044, 0.84514844, 0.56195086, 0.07071631, 0.33072892)
(0.22635800, 0.46323782, 0.22086160, 0.06915642, 0.86352873, 0.07809602, 0.60769790, 0.37607056, 0.87487239, 0.35232934)
(0.03604741, 0.51404846, 0.67779052, 0.82053703, 0.49959329, 0.56725627, 0.17755373, 0.17288511, 0.24336338, 0.81203514)
(0.64164585, 0.95527476, 0.57741821, 0.12361904, 0.66325825, 0.90818483, 0.40948328, 0.20174223, 0.76466393, 0.70602196)
(0.93347919, 0.56939322, 0.68296677, 0.55011398, 0.16844854, 0.35951123, 0.80960631, 0.83580375, 0.06866096, 0.46806195)
(0.12139774, 0.82563847, 0.06938130, 0.90542132, 0.79731417, 0.79458803, 0.75800365, 0.48827678, 0.78900248, 0.86476815)
(0.22982055, 0.94186407, 0.61649013, 0.06497118, 0.83218652, 0.60013723, 0.26309633, 0.65292275, 0.90167356, 0.44940934)
(0.42966783, 0.32040411, 0.33996469, 0.68003136, 0.68235272, 0.73115647, 0.73986858, 0.61628377, 0.26757443, 0.90999621)
(0.64540440, 0.55477571, 0.17513198, 0.97435170, 0.80342638, 0.29674849, 0.89476532, 0.52916491, 0.96907669, 0.23351358)
(0.15875328, 0.24172030, 0.07028780, 0.27005833, 0.07356578, 0.68123525, 0.06247059, 0.76217389, 0.18090929, 0.69284582)
(0.07231133, 0.37793255, 0.58530331, 0.28262141, 0.58750421, 0.64793551, 0.66822660, 0.27214855, 0.36937556, 0.26106641)
(0.48584521, 0.36058462, 0.39697552, 0.22934239, 0.95687944, 0.31701791, 0.38807094, 0.32615212, 0.92266601, 0.13951671)
(0.09800757, 0.43852222, 0.12089503, 0.58508992, 0.68642223, 0.78869551, 0.74844950, 0.09240472, 0.49367473, 0.43276009)
(0.34049559, 0.12236354, 0.55259079, 0.12792896, 0.18149598, 0.87336171, 0.04193754, 0.58854181, 0.46445781, 0.71213335)
(0.80684644, 0.89228481, 0.78257012, 0.35989562, 0.18398350, 0.72238308, 0.95458233, 0.81043255, 0.61693817, 0.44515494)
(0.44074881, 0.43154716, 0.36464572, 0.37316915, 0.67094254, 0.43187422, 0.31483942, 0.15898751, 0.69591820, 0.55081576)
(0.77586335, 0.31018561, 0.32805908, 0.55446965, 0.54824483, 0.66555339, 0.53715187, 0.62477225, 0.39221752, 0.96339810)
(0.34717631, 0.53035754, 0.21101590, 0.66541851, 0.45311603, 0.75032753, 0.77900475, 0.20667383, 0.07826132, 0.35532874)
(0.09735620, 0.29514110, 0.42302468, 0.54197639, 0.30831712, 0.77066892, 0.21219040, 0.09312624, 0.39165932, 0.42739019)
(0.37846977, 0.79731047, 0.81093866, 0.21970305, 0.87079334, 0.09998450, 0.24486738, 0.70242149, 0.85320133, 0.23437464)
(0.07393539, 0.89487696, 0.76101172, 0.16391443, 0.85170686, 0.63149977, 0.46926850, 0.45642427, 0.88703674, 0.63545144)
(0.52858067, 0.93734062, 0.72878647, 0.75288302, 0.09850478, 0.23293370, 0.72170597, 0.37555534, 0.28948605, 0.78829026)
(0.31433320, 0.32103187, 0.27329817, 0.22049701, 0.71693718, 0.12118361, 0.42652097, 0.43041801, 0.03468943, 0.27375126)
(0.93559569, 0.67794985, 0.86514288, 0.12319934, 0.33201009, 0.32257462, 0.50938618, 0.45012999, 0.80493903, 0.48839828)
(0.37894338, 0.79936504, 0.18195140, 0.26328018, 0.27297771, 0.41924435, 0.96716130, 0.14920390, 0.34700719, 0.22512220)
(0.58617264, 0.08576916, 0.88927484, 0.74306673, 0.46605620, 0.07985486, 0.14849739, 0.35970956, 0.25003517, 0.58709323)
(0.90718663, 0.34194654, 0.05019135, 0.74343812, 0.06713895, 0.83134180, 0.56200641, 0.57076085, 0.37389320, 0.77013701)
(0.64303732, 0.60831702, 0.85279268, 0.66933650, 0.83695620, 0.48030674, 0.19867879, 0.52111912, 0.88679117, 0.22801019)
(0.66915387, 0.76160634, 0.41264462, 0.40232706, 0.46403113, 0.64513463, 0.71283531, 0.43956235, 0.18990378, 0.30885532)
(0.60456073, 0.36609045, 0.21751344, 0.55392033, 0.48707628, 0.93869209, 0.22498459, 0.46545538, 0.37097946, 0.38034150)
(0.66799045, 0.49451301, 0.72220367, 0.14631055, 0.79367083, 0.22196054, 0.15619694, 0.65226084, 0.86350167, 0.26863399)
(0.44999409, 0.41940364, 0.65121382, 0.51313275, 0.71832019, 0.50447440, 0.80964375, 0.15801419, 0.24211644, 0.22692840)
(0.35017863, 0.13642004, 0.37166613, 0.85244960, 0.55128855, 0.28387988, 0.82795900, 0.15320845, 0.27533856, 0.10203284)
(0.35594195, 0.51552147, 0.32549974, 0.40427354, 0.54680026, 0.81152838, 0.83292609, 0.08831526, 0.48860893, 0.32768023)
(0.76881903, 0.34576309, 0.21348177, 0.86991972, 0.47263342, 0.64240098, 0.89944786, 0.37908822, 0.08608346, 0.13832951)
(0.25513664, 0.10608461, 0.48961619, 0.45300487, 0.77630347, 0.79512751, 0.18688363, 0.28794414, 0.63322484, 0.78940785)
(0.65528202, 0.78377461, 0.07086289, 0.67086089, 0.87903738, 0.45819443, 0.73326784, 0.09086248, 0.52762961, 0.70817226)
(0.05672612, 0.82169157, 0.85950941, 0.32471532, 0.83132070, 0.07814872, 0.23357113, 0.48047569, 0.73744923, 0.56637859)
(0.28772694, 0.41453522, 0.13705896, 0.54005080, 0.65961784, 0.95596957, 0.44143486, 0.43770570, 0.11463407, 0.63083982)
(0.19179460, 0.34774968, 0.70375443, 0.74090415, 0.96895975, 0.50900894, 0.44113499, 0.31833881, 0.74776918, 0.42449266)
(0.29572135, 0.64564914, 0.75768948, 0.34776750, 0.42354274, 0.81906873, 0.10222361, 0.12066346, 0.14218141, 0.78675270)
(0.51190525, 0.77678394, 0.40726092, 0.19874556, 0.22086607, 0.69749343, 0.90739202, 0.34939358, 0.66903383, 0.46102238)
(0.53971136, 0.56895095, 0.38895014, 0.27971646, 0.43002629, 0.67402649, 0.86105722, 0.36404064, 0.08715540, 0.36496174)
(0.71204573, 0.24753568, 0.79240853, 0.36708799, 0.65595579, 0.56420499, 0.51644742, 0.54953438, 0.37656718, 0.59088159)
(0.40485644, 0.55765581, 0.77443492, 0.49899933, 0.95974082, 0.38183871, 0.27565706, 0.27604020, 0.58977973, 0.43087438)
(0.16498373, 0.45005989, 0.11307957, 0.50661075, 0.04424904, 0.69904977, 0.27224237, 0.62814128, 0.59067297, 0.53628576)
(0.82967514, 0.18858175, 0.78480440, 0.16795152, 0.44389516, 0.44906920, 0.28872034, 0.98047984, 0.35784101, 0.75726509)
(0.20985951, 0.90541869, 0.35255048, 0.34536263, 0.72589380, 0.85446572, 0.30014032, 0.15180454, 0.77725667, 0.68982017)
(0.73784804, 0.39100420, 0.86960489, 0.46022370, 0.39660451, 0.07991116, 0.37053674, 0.50286502, 0.10205655, 0.39454103)
(0.37343487, 0.42241704, 0.45685738, 0.64383942, 0.52004343, 0.82012248, 0.63943774, 0.14288390, 0.50890946, 0.22235270)
(0.55646211, 0.35292745, 0.22504079, 0.86448812, 0.39694232, 0.89379936, 0.79918188, 0.44215533, 0.40891796, 0.25604492)
(0.06702172, 0.22475895, 0.39614549, 0.52713418, 0.30658722, 0.81580919, 0.31072640, 0.51241291, 0.51524991, 0.65693158)
(0.29952258, 0.57080460, 0.24196446, 0.26541552, 0.50445932, 0.54844981, 0.88232064, 0.20949318, 0.28402594, 0.63696909)
(0.62209833, 0.28661048, 0.07996543, 0.24194317, 0.12468419, 0.79551035, 0.42088598, 0.83732700, 0.20500901, 0.83772671)
(0.64824474, 0.65489113, 0.90577179, 0.81440914, 0.83781773, 0.20644787, 0.05003858, 0.54196054, 0.84457016, 0.24546444)
(0.47821301, 0.20520389, 0.46504822, 0.55012614, 0.29401255, 0.69937193, 0.35463551, 0.19856781, 0.32481924, 0.36603066)
(0.43688318, 0.19202256, 0.05280696, 0.81452411, 0.36463565, 0.64985126, 0.74423242, 0.50248897, 0.47090766, 0.30163151)
(0.26094612, 0.23032670, 0.29436871, 0.84732920, 0.37230840, 0.82100832, 0.84725541, 0.71152794, 0.35423890, 0.42769563)
(0.37440130, 0.22996774, 0.40776959, 0.40600696, 0.32733390, 0.24467197, 0.80121738, 0.12008814, 0.43201819, 0.92267597)
(0.42507854, 0.47246635, 0.70296115, 0.15544274, 0.32175070, 0.75392634, 0.39566323, 0.13109422, 0.20637161, 0.84627193)
(0.84215194, 0.51524514, 0.88334274, 0.70294785, 0.64462441, 0.55512255, 0.40856025, 0.41595906, 0.38016504, 0.86576128)
(0.16292204, 0.53335327, 0.61026347, 0.29987061, 0.69553125, 0.22603738, 0.58835173, 0.25321263, 0.82206118, 0.49303859)
(0.76403004, 0.45327601, 0.85195768, 0.64924645, 0.81045288, 0.57392484, 0.71936297, 0.30945897, 0.31844935, 0.68663144)
(0.28836536, 0.32566011, 0.27666935, 0.82130373, 0.50723743, 0.82388020, 0.84443092, 0.48580745, 0.29147476, 0.50138783)
(0.38562760, 0.88516128, 0.81687480, 0.57845813, 0.03594618, 0.15463760, 0.83642930, 0.31858671, 0.75016809, 0.79454821)
(0.69034886, 0.65343869, 0.36163160, 0.31552964, 0.56443304, 0.86596215, 0.82346511, 0.11328070, 0.28223062, 0.60775042)
(0.77401191, 0.83922678, 0.59183300, 0.15819213, 0.09641733, 0.69392163, 0.81426644, 0.47916952, 0.51296121, 0.38263652)
(0.45669666, 0.09577727, 0.87567651, 0.81227511, 0.33653924, 0.10993717, 0.10975447, 0.79714417, 0.27088466, 0.54614508)
(0.47917894, 0.43331575, 0.67486119, 0.29722965, 0.77808940, 0.53938949, 0.26421186, 0.08420172, 0.56616962, 0.74481773)
(0.70680195, 0.23898302, 0.06355880, 0.69161940, 0.59705877, 0.12720320, 0.27987927, 0.45780727, 0.84724617, 0.93530279)
(0.49303281, 0.29401308, 0.27071798, 0.32963446, 0.74732214, 0.32124713, 0.38057545, 0.08515592, 0.77680540, 0.58260107)
(0.53606677, 0.89009386, 0.96643460, 0.50152797, 0.34570777, 0.52118427, 0.18497875, 0.54071516, 0.87048113, 0.50930268)
(0.59549797, 0.49731159, 0.42829210, 0.48808831, 0.43966484, 0.63615549, 0.62929922, 0.05235361, 0.79358143, 0.09454336)
(0.86642921, 0.81093425, 0.78979158, 0.16840313, 0.59692329, 0.45489767, 0.50140512, 0.75981128, 0.52968568, 0.60982633)
(0.34333429, 0.38394094, 0.02518478, 0.58341891, 0.11656532, 0.56164521, 0.27516663, 0.18687426, 0.82139975, 0.76973277)
(0.53442931, 0.27982751, 0.84104872, 0.64950031, 0.57042217, 0.19117431, 0.21778233, 0.30130979, 0.23119448, 0.46338153)
(0.29516497, 0.19023128, 0.23788643, 0.84453845, 0.65000838, 0.18185931, 0.71360868, 0.12300749, 0.28586063, 0.27449715)
(0.47079694, 0.46081331, 0.92640555, 0.48305279, 0.54574734, 0.61789924, 0.09916809, 0.31313664, 0.37012053, 0.40887296)
(0.36997718, 0.36249888, 0.38490239, 0.36645609, 0.12744594, 0.85851294, 0.50926411, 0.91119105, 0.21447189, 0.87790281)
(0.79744548, 0.59530270, 0.34350327, 0.05585467, 0.71341085, 0.06693496, 0.94938433, 0.55185175, 0.42004716, 0.74439478)
(0.32454619, 0.34571761, 0.65361333, 0.30905187, 0.28122953, 0.72703451, 0.65643835, 0.40161502, 0.11851082, 0.52366436)
(0.25678000, 0.11537117, 0.71762949, 0.54382730, 0.50690627, 0.92850149, 0.53118688, 0.53546184, 0.10299210, 0.24738355)
(0.41259786, 0.18946640, 0.77843189, 0.16640051, 0.44827127, 0.49581465, 0.68131381, 0.09289882, 0.63765097, 0.85740650)
(0.66429067, 0.86199731, 0.55036217, 0.70149159, 0.81159896, 0.11619113, 0.89501959, 0.51959378, 0.55371064, 0.20425697)
(0.28143805, 0.32196516, 0.15972982, 0.67426407, 0.82151717, 0.82634133, 0.37027290, 0.16999623, 0.87410104, 0.39144659)
(0.67293173, 0.24975955, 0.70266277, 0.15912925, 0.54960614, 0.03754382, 0.21357453, 0.15988275, 0.28006518, 0.65161037)
(0.67693627, 0.70108116, 0.18135260, 0.59578496, 0.41699296, 0.75123054, 0.94755232, 0.05075047, 0.28945899, 0.29516298)
(0.14093663, 0.43089080, 0.69077766, 0.28390047, 0.27255052, 0.85881382, 0.28917387, 0.05527316, 0.34766081, 0.37177449)
(0.53132725, 0.55776656, 0.74970847, 0.29411355, 0.33270004, 0.32915971, 0.64918321, 0.61431456, 0.65248692, 0.38237962)
(0.16128713, 0.11194138, 0.84292096, 0.28576139, 0.24161342, 0.18190101, 0.75377387, 0.08617929, 0.60860664, 0.63732702)
(0.86811900, 0.48428643, 0.05196944, 0.28441578, 0.24867289, 0.33535528, 0.19348055, 0.92565602, 0.12437624, 0.72100723)
(0.89738250, 0.52316231, 0.32790878, 0.45352408, 0.58425456, 0.66491216, 0.73012286, 0.65464860, 0.01524059, 0.59812826)
(0.64078259, 0.24672754, 0.14117822, 0.11258750, 0.14212026, 0.85583717, 0.34873354, 0.87887943, 0.38976446, 0.91266304)
(0.53640610, 0.85764509, 0.64045471, 0.47061628, 0.24371290, 0.32564509, 0.94333440, 0.73266685, 0.93461096, 0.77746922)
(0.52598125, 0.37118536, 0.18061085, 0.61843854, 0.33964890, 0.87920231, 0.81272668, 0.88544935, 0.22371826, 0.60815775)
(0.26515055, 0.96602428, 0.81678385, 0.10890865, 0.35285839, 0.85879505, 0.48313820, 0.44639915, 0.76747268, 0.69374222)
(0.75431573, 0.60201639, 0.83284914, 0.67746615, 0.72455961, 0.31169528, 0.13225354, 0.42598617, 0.80530667, 0.39215547)
(0.46392518, 0.35214084, 0.92640299, 0.40828574, 0.18106927, 0.50913692, 0.66695821, 0.12690490, 0.33759537, 0.48040995)
(0.25825134, 0.19055818, 0.08468880, 0.51189196, 0.42630473, 0.80397105, 0.55293256, 0.55500007, 0.54530275, 0.77375126)
(0.82111180, 0.59159553, 0.43688205, 0.27360621, 0.51597428, 0.57290912, 0.92611438, 0.14577381, 0.43083075, 0.94562519)
(0.24894920, 0.34448883, 0.07599446, 0.56040680, 0.39271688, 0.90708226, 0.65622455, 0.11990084, 0.66366547, 0.66408056)
(0.78215414, 0.81920713, 0.20817938, 0.53376949, 0.76657975, 0.79908931, 0.34075424, 0.15047842, 0.73776728, 0.44816571)
(0.59890354, 0.05240685, 0.72200435, 0.35480887, 0.88715899, 0.44229707, 0.52610272, 0.41315392, 0.65640688, 0.88863587)
(0.81866026, 0.52927262, 0.17839362, 0.91798192, 0.32186574, 0.90562177, 0.87547904, 0.30090657, 0.31175733, 0.21906511)
(0.86373532, 0.53288221, 0.21558431, 0.64827389, 0.25894174, 0.13220422, 0.84140539, 0.56171781, 0.19749627, 0.11650868)
(0.28184855, 0.86737633, 0.53107369, 0.09505976, 0.73245806, 0.63261163, 0.30749029, 0.68107229, 0.89428031, 0.32041481)
(0.54544216, 0.90127015, 0.35839948, 0.91034305, 0.58904994, 0.82037038, 0.83082408, 0.61055559, 0.86515957, 0.09338197)
(0.70857042, 0.69640315, 0.48669347, 0.37699801, 0.13539286, 0.04118526, 0.62422448, 0.18253934, 0.30331820, 0.71886063)
(0.44274938, 0.30040693, 0.82896918, 0.51945317, 0.08064217, 0.41177446, 0.57593453, 0.91579682, 0.05133668, 0.22513650)
(0.77756274, 0.11753941, 0.70861202, 0.27301651, 0.48525372, 0.53436828, 0.51674575, 0.94010830, 0.46150243, 0.41569546)
(0.06684691, 0.80590743, 0.69988376, 0.54959220, 0.13833216, 0.20320158, 0.43393731, 0.38873205, 0.50777906, 0.49976301)
(0.54412305, 0.37638602, 0.19547400, 0.15400884, 0.86608022, 0.39242524, 0.72200447, 0.12094568, 0.85768420, 0.14677207)
(0.32440034, 0.40259686, 0.08423257, 0.82203323, 0.07732499, 0.91366512, 0.45294562, 0.25173643, 0.58289629, 0.64978409)
(0.30057943, 0.84638363, 0.07238998, 0.84754336, 0.75938189, 0.79534507, 0.72887802, 0.41676354, 0.89249277, 0.63308030)
(0.62679446, 0.41381133, 0.28026825, 0.35164240, 0.27005425, 0.88417709, 0.50145417, 0.29339758, 0.05802885, 0.46249080)
(0.13192217, 0.36563247, 0.57950383, 0.44657519, 0.70787036, 0.89402413, 0.18607347, 0.22405203, 0.21736394, 0.40364411)
(0.61918563, 0.37595206, 0.83640367, 0.84227985, 0.53388625, 0.08972627, 0.24577014, 0.44808111, 0.48668784, 0.35858250)
(0.64901507, 0.06366428, 0.90846533, 0.62920731, 0.31945980, 0.15432316, 0.15053116, 0.85628515, 0.29811919, 0.40640560)
(0.50602609, 0.84227943, 0.36516714, 0.92663324, 0.45662636, 0.90535319, 0.86281604, 0.40147239, 0.69668585, 0.13368940)
(0.12724288, 0.20204438, 0.07326262, 0.72667748, 0.27734694, 0.68515819, 0.73223120, 0.52937365, 0.81755561, 0.56556988)
(0.20985112, 0.34935671, 0.24968378, 0.17817150, 0.07100269, 0.66860074, 0.02653433, 0.71261370, 0.18916096, 0.85504395)
(0.12451832, 0.44091913, 0.80876845, 0.58091283, 0.33914924, 0.70525575, 0.02086010, 0.08462837, 0.55440730, 0.52056736)
(0.20942971, 0.29681557, 0.71250892, 0.48216221, 0.29421726, 0.67411971, 0.27937073, 0.19380376, 0.05714814, 0.79100591)
(0.58765805, 0.25780025, 0.82804346, 0.78483629, 0.35305348, 0.22851546, 0.22606499, 0.43631345, 0.41979730, 0.17124113)
(0.36675587, 0.12553640, 0.07834771, 0.81236291, 0.68825227, 0.17745027, 0.88847011, 0.09289197, 0.24665679, 0.56035191)
(0.54643810, 0.56245100, 0.19571416, 0.70250875, 0.41948014, 0.84259230, 0.05017171, 0.46705028, 0.85090470, 0.74610662)
(0.58424765, 0.45934501, 0.86084539, 0.85858488, 0.26425135, 0.48637483, 0.04640675, 0.11609177, 0.40045407, 0.67390954)
(0.49029270, 0.79558647, 0.86252815, 0.31702229, 0.52126974, 0.67293590, 0.38544309, 0.15076084, 0.65955395, 0.87356454)
(0.22003376, 0.56627125, 0.42439076, 0.48438117, 0.33339402, 0.48901680, 0.12739269, 0.08059471, 0.35559419, 0.45934662)
(0.88504529, 0.49053916, 0.24741904, 0.35325393, 0.53238612, 0.65778762, 0.73419589, 0.46591333, 0.00801072, 0.44678137)
(0.62019098, 0.82878256, 0.29764250, 0.28144246, 0.61858833, 0.63295889, 0.22733286, 0.14539123, 0.66195273, 0.40500817)
(0.30344427, 0.53125012, 0.32128799, 0.60754293, 0.63136309, 0.68708241, 0.07743665, 0.14020483, 0.85816383, 0.55975336)
(0.14719184, 0.55500454, 0.43049765, 0.24127781, 0.27860737, 0.86807519, 0.51753730, 0.23745927, 0.61050558, 0.26715490)
(0.77384543, 0.38728783, 0.47553504, 0.30463612, 0.36469412, 0.80568933, 0.30447194, 0.93345457, 0.32260472, 0.90696919)
(0.53906596, 0.74626791, 0.08152106, 0.89519268, 0.04228625, 0.40044326, 0.20334080, 0.26979178, 0.77733701, 0.57168168)
(0.61815900, 0.58186239, 0.89640337, 0.56292146, 0.54308760, 0.70887470, 0.38552538, 0.28623533, 0.74647868, 0.21846057)
(0.60534716, 0.64420015, 0.64141876, 0.15470487, 0.46564999, 0.08779175, 0.27090508, 0.65621370, 0.64733356, 0.60935318)
(0.73904669, 0.67064321, 0.72041380, 0.21413554, 0.43088672, 0.91788483, 0.45309910, 0.22261892, 0.11428920, 0.52705491)
(0.25900000, 0.12937351, 0.40679309, 0.10342988, 0.75775754, 0.74985814, 0.83276546, 0.11378624, 0.30575517, 0.62437332)
(0.35632420, 0.17223437, 0.42447004, 0.04828870, 0.14191772, 0.36271217, 0.03117294, 0.55560595, 0.18132305, 0.70787466)
(0.46670520, 0.18729699, 0.62853938, 0.12204196, 0.48064253, 0.34835115, 0.94070202, 0.45289269, 0.42424789, 0.35826901)
(0.27909493, 0.42601100, 0.10272887, 0.39982286, 0.12293544, 0.78469443, 0.12291093, 0.81993508, 0.20691049, 0.59012282)
(0.37755826, 0.77457893, 0.46445233, 0.29025277, 0.11616983, 0.72325349, 0.70180005, 0.27669078, 0.37002799, 0.71494484)
(0.50756848, 0.28515068, 0.48525372, 0.37949577, 0.82861513, 0.80628300, 0.11464313, 0.30284917, 0.52814126, 0.69740713)
(0.37760398, 0.43031782, 0.59926212, 0.36812553, 0.44827452, 0.85388291, 0.72714412, 0.30783245, 0.20323215, 0.52356160)
(0.45159245, 0.64789033, 0.83724344, 0.07018302, 0.43306717, 0.82482332, 0.48239502, 0.20933104, 0.18790323, 0.39521837)
(0.33568582, 0.41959599, 0.12893856, 0.45796424, 0.65882242, 0.74989241, 0.26150095, 0.09751429, 0.77797115, 0.76267260)
(0.76317400, 0.69141507, 0.40892404, 0.45130184, 0.49139902, 0.73003101, 0.64917141, 0.44874790, 0.19876179, 0.41135758)
(0.21135148, 0.94765091, 0.58801383, 0.11831269, 0.30627695, 0.33666438, 0.09782085, 0.46363780, 0.64120853, 0.16323987)
(0.54965180, 0.17573591, 0.67996150, 0.61341333, 0.43401310, 0.36798054, 0.41080409, 0.39468700, 0.15402706, 0.23651467)
(0.50517118, 0.89429873, 0.65356493, 0.53644830, 0.83958024, 0.79192400, 0.82631999, 0.22417465, 0.40462777, 0.77115899)
(0.75729650, 0.27925229, 0.92027777, 0.41003728, 0.49733144, 0.84263998, 0.89975613, 0.77602500, 0.05203408, 0.26284933)
(0.63053554, 0.23146561, 0.07195513, 0.47916362, 0.64581192, 0.76758605, 0.72713178, 0.66610259, 0.21247759, 0.74906176)
(0.84794587, 0.15376404, 0.28763041, 0.95432705, 0.46144158, 0.59392607, 0.92016423, 0.43934891, 0.51452255, 0.26761439)
(0.22791627, 0.57217306, 0.57628375, 0.65209502, 0.87441880, 0.74511147, 0.70048976, 0.20408748, 0.55139142, 0.84243381)
(0.40269667, 0.73996657, 0.57863849, 0.40844280, 0.69480652, 0.00762956, 0.47263134, 0.07874497, 0.58465630, 0.82633048)
(0.35401532, 0.79605532, 0.86307633, 0.45998085, 0.42129108, 0.45141268, 0.72467500, 0.38300824, 0.90127462, 0.38611707)
(0.27720419, 0.73637623, 0.13415059, 0.70163447, 0.64218986, 0.88476461, 0.83466691, 0.28592336, 0.83724409, 0.84091049)
(0.80566049, 0.31952122, 0.29544079, 0.30201030, 0.48561811, 0.55523914, 0.35160446, 0.90657598, 0.31786349, 0.94080251)
(0.64601338, 0.76419193, 0.63466775, 0.39406788, 0.53652531, 0.77034295, 0.71283597, 0.77473879, 0.03233096, 0.45843977)
(0.04459079, 0.91160345, 0.65687555, 0.51981300, 0.08633504, 0.33331114, 0.39191410, 0.13218561, 0.44992998, 0.86668205)
(0.46494797, 0.56256586, 0.80805349, 0.38865542, 0.74368185, 0.57662052, 0.51516014, 0.12493467, 0.80207002, 0.85526460)
(0.19305599, 0.76468468, 0.24197976, 0.76073569, 0.71972555, 0.72984833, 0.92140478, 0.13697274, 0.70440567, 0.35609010)
(0.90619564, 0.45049018, 0.14067610, 0.60444564, 0.78749812, 0.27458572, 0.53337348, 0.27012756, 0.05495377, 0.52042001)
(0.28350136, 0.70172799, 0.35406503, 0.70740527, 0.95993215, 0.19840574, 0.85200208, 0.44888085, 0.84336370, 0.21623245)
(0.65366709, 0.43186119, 0.46195015, 0.38092700, 0.33617675, 0.76821584, 0.14374201, 0.72953677, 0.04361179, 0.31156203)
(0.42880407, 0.54580164, 0.38886505, 0.32040700, 0.25790969, 0.32753772, 0.21984352, 0.08527851, 0.61938018, 0.37973115)
(0.32186896, 0.41920939, 0.91513473, 0.44806033, 0.62534237, 0.46143812, 0.73455399, 0.19014388, 0.52088636, 0.82077372)
(0.55554283, 0.85367042, 0.61839879, 0.09628755, 0.52265668, 0.74698734, 0.32088426, 0.26429871, 0.63244665, 0.56028551)
(0.33047903, 0.32331502, 0.28169921, 0.02322581, 0.63305789, 0.34099314, 0.91217136, 0.24541762, 0.81162256, 0.42329234)
(0.09941670, 0.17721812, 0.20929813, 0.83078706, 0.59321398, 0.89302337, 0.39369258, 0.54967129, 0.79943299, 0.54452986)
(0.37413436, 0.57833546, 0.79557306, 0.30456391, 0.19744855, 0.86962527, 0.75929856, 0.28720835, 0.27670610, 0.73746973)
(0.70859700, 0.64100301, 0.82875019, 0.60262167, 0.79474610, 0.54316229, 0.49368292, 0.30033341, 0.42526224, 0.71882421)
(0.08840620, 0.63816875, 0.94990522, 0.37970132, 0.49844813, 0.80029207, 0.16039740, 0.17363973, 0.74006921, 0.39954948)
(0.07438312, 0.42094827, 0.58939308, 0.68489528, 0.75577992, 0.50103968, 0.19379853, 0.19232869, 0.83339542, 0.77012634)
(0.75508040, 0.20905332, 0.36779359, 0.21187538, 0.05245844, 0.47786942, 0.23596291, 0.68267965, 0.18390547, 0.95121402)
(0.38803080, 0.21969235, 0.87487191, 0.63577890, 0.38785374, 0.86367434, 0.23209351, 0.41957340, 0.47526452, 0.93614811)
(0.26070875, 0.25236699, 0.12664334, 0.47747982, 0.03433126, 0.44665971, 0.55537796, 0.65472233, 0.37163547, 0.30879000)
(0.13725404, 0.81254011, 0.54054540, 0.26851746, 0.91911083, 0.46385786, 0.32634589, 0.37083256, 0.62457502, 0.38300836)
(0.47478431, 0.25268322, 0.50607479, 0.68983001, 0.61970770, 0.32852700, 0.21234694, 0.46372488, 0.53085268, 0.62321186)
(0.28486767, 0.59985059, 0.15399446, 0.54539484, 0.57114369, 0.63231200, 0.15053566, 0.34032720, 0.92521977, 0.87720531)
(0.68096888, 0.54322976, 0.41968292, 0.29159012, 0.19755892, 0.58956385, 0.90470409, 0.49828240, 0.32864425, 0.42604828)
(0.43138304, 0.64380616, 0.30722594, 0.31892428, 0.83807367, 0.78006345, 0.47964022, 0.25314260, 0.88395005, 0.31068358)
(0.67454159, 0.27970225, 0.33043697, 0.51580966, 0.39240751, 0.88276774, 0.16786173, 0.30780903, 0.74138999, 0.49311709)
(0.79014575, 0.82357866, 0.57345980, 0.22606139, 0.46042448, 0.95410776, 0.31550556, 0.15864156, 0.25178844, 0.51700300)
(0.35405266, 0.38855827, 0.56625754, 0.34198579, 0.73202419, 0.84800738, 0.58943760, 0.12873776, 0.60368884, 0.60209012)
(0.88641495, 0.54970938, 0.20902137, 0.49852291, 0.23894732, 0.09523176, 0.79022378, 0.55801803, 0.13216607, 0.13039440)
(0.48049739, 0.79915434, 0.56203645, 0.14622146, 0.83958942, 0.70096856, 0.22201101, 0.28204972, 0.86458856, 0.73274511)
(0.63278717, 0.20729482, 0.26718533, 0.46795553, 0.13463578, 0.45940477, 0.44386536, 0.75147289, 0.41598794, 0.90921956)
(0.24823302, 0.26326552, 0.74513596, 0.17556939, 0.07239909, 0.36215743, 0.34079093, 0.18883820, 0.02342818, 0.77904391)
(0.68830991, 0.35233307, 0.78423536, 0.48319572, 0.59670502, 0.66640210, 0.83253765, 0.50375354, 0.14043295, 0.87814683)
(0.70541233, 0.59658343, 0.41797492, 0.27217692, 0.38531876, 0.47010168, 0.92811483, 0.45177078, 0.04321882, 0.28902242)
(0.43620881, 0.74965876, 0.80626160, 0.34397560, 0.42518461, 0.32907861, 0.83996242, 0.52597755, 0.85844547, 0.61139494)
(0.62373912, 0.80452913, 0.70266533, 0.09942836, 0.25035411, 0.85661095, 0.81016499, 0.42355561, 0.25312042, 0.63463777)
(0.40236408, 0.86518705, 0.94146401, 0.56696415, 0.35060936, 0.63354015, 0.12008209, 0.21042581, 0.45622227, 0.59706992)
(0.47884342, 0.76041943, 0.36621323, 0.11134126, 0.71924257, 0.21136796, 0.35100102, 0.74088967, 0.88111550, 0.52539760)
(0.36531359, 0.39326528, 0.34927061, 0.67853910, 0.47822091, 0.80030382, 0.76087075, 0.42688289, 0.02532922, 0.22325131)
(0.45286468, 0.79677838, 0.36407396, 0.21102028, 0.42206892, 0.71280146, 0.22340953, 0.07366631, 0.72833127, 0.10917008)
(0.33467519, 0.13567857, 0.73047578, 0.42325079, 0.61112577, 0.24218982, 0.30609992, 0.94696438, 0.37580946, 0.38146225)
(0.57898122, 0.33117244, 0.63444495, 0.79045826, 0.48422408, 0.25920752, 0.13586916, 0.38739738, 0.49741822, 0.72544563)
(0.28655764, 0.56957006, 0.49727857, 0.10512314, 0.87918472, 0.06238087, 0.78986663, 0.49467525, 0.79693192, 0.07023609)
(0.43429312, 0.84208184, 0.60954350, 0.11755305, 0.23768087, 0.88087416, 0.72775573, 0.40694571, 0.40906578, 0.48367736)
(0.64767808, 0.06847114, 0.41131306, 0.32687765, 0.35173932, 0.54590738, 0.49048367, 0.21126737, 0.20860584, 0.27546290)
(0.43144539, 0.48567435, 0.18391253, 0.13838781, 0.39890966, 0.07841408, 0.98490566, 0.58902287, 0.67382729, 0.28581131)
(0.19702634, 0.26066068, 0.83834982, 0.47298476, 0.09171550, 0.18396033, 0.80513245, 0.20505877, 0.63116115, 0.36130241)
(0.65860713, 0.70411181, 0.93335277, 0.54478407, 0.18463133, 0.45288759, 0.92333567, 0.23213820, 0.57066309, 0.88142908)
(0.87422395, 0.40624872, 0.42906857, 0.77095902, 0.30000830, 0.04846771, 0.08976597, 0.28554896, 0.83292174, 0.23868206)
(0.10360231, 0.34418061, 0.20636836, 0.43763059, 0.11279973, 0.78014058, 0.52472943, 0.81885773, 0.42825425, 0.64058954)
(0.40539449, 0.44807753, 0.07779769, 0.76195335, 0.54460669, 0.88573194, 0.74219519, 0.20695263, 0.44047403, 0.49285147)
(0.38366309, 0.81300980, 0.60697544, 0.39444008, 0.81564575, 0.85474616, 0.13918521, 0.26492795, 0.87535971, 0.72186983)
(0.20468247, 0.24729040, 0.37291145, 0.70260453, 0.86032611, 0.82339883, 0.42581534, 0.49778897, 0.77046812, 0.65948373)
(0.29081497, 0.88224685, 0.60645783, 0.43471912, 0.23941272, 0.65721613, 0.75888497, 0.81494462, 0.85230714, 0.42532006)
(0.13020907, 0.89234054, 0.83122593, 0.62467068, 0.43895808, 0.01721350, 0.36906165, 0.36127427, 0.90055466, 0.68194789)
(0.56255335, 0.42848217, 0.21757604, 0.90109301, 0.44117874, 0.73684233, 0.82799363, 0.38449320, 0.58937353, 0.42989764)
(0.49871311, 0.16032614, 0.08469838, 0.72658587, 0.73668069, 0.16091864, 0.84642947, 0.45684889, 0.81626314, 0.93759173)
(0.29857072, 0.49208492, 0.10107519, 0.79329616, 0.26003510, 0.93668687, 0.59508640, 0.57044756, 0.29618439, 0.74873281)
(0.29491502, 0.35785550, 0.62993938, 0.65375167, 0.30056354, 0.67710841, 0.52923155, 0.29254001, 0.29842171, 0.62520480)
(0.86853427, 0.59944558, 0.20446044, 0.78289288, 0.36502847, 0.72012168, 0.85826451, 0.25179559, 0.04265896, 0.06745800)
(0.82076025, 0.87204415, 0.56339848, 0.40364423, 0.15475078, 0.02403940, 0.37532994, 0.33467871, 0.40124485, 0.80952662)
(0.30890116, 0.37477350, 0.50755125, 0.21589391, 0.31275889, 0.88331580, 0.60363460, 0.18980327, 0.12062750, 0.18623203)
(0.21833798, 0.34244746, 0.71730953, 0.11819021, 0.68270278, 0.55042577, 0.92638153, 0.33278903, 0.80338031, 0.53943700)
(0.30994275, 0.72927338, 0.11845583, 0.89739519, 0.63773906, 0.73690444, 0.91048414, 0.20396869, 0.77875412, 0.20377076)
(0.15254948, 0.32985193, 0.86691737, 0.59423715, 0.42155215, 0.21024843, 0.71094978, 0.13917632, 0.59694856, 0.66300589)
(0.41814360, 0.84284824, 0.84109837, 0.46454147, 0.21076708, 0.70003188, 0.92087007, 0.55341971, 0.59628570, 0.64881778)
(0.18369696, 0.37651849, 0.59039539, 0.11230897, 0.46558329, 0.53410715, 0.63998306, 0.14745970, 0.70830154, 0.62686598)
(0.92846614, 0.54820544, 0.88995826, 0.52006668, 0.52434951, 0.85114193, 0.13369951, 0.90157837, 0.11479919, 0.76402467)
(0.73503286, 0.50189590, 0.42271885, 0.09678978, 0.35383466, 0.59054792, 0.79275733, 0.09111645, 0.50917274, 0.71780080)
(0.23069903, 0.66439265, 0.35443312, 0.32624730, 0.64111233, 0.85967034, 0.31156403, 0.08718160, 0.75172889, 0.15274799)
(0.54104650, 0.54299659, 0.41811392, 0.65627205, 0.87196207, 0.26169533, 0.04465400, 0.17456442, 0.83640611, 0.40809643)
(0.74960500, 0.49771926, 0.76449263, 0.35210118, 0.83481181, 0.57925534, 0.40390360, 0.93197465, 0.05507829, 0.56820798)
(0.31702998, 0.35869265, 0.38372359, 0.56714690, 0.57497358, 0.74543220, 0.14108649, 0.30593428, 0.36974731, 0.21540105)
(0.22068022, 0.88729173, 0.47598752, 0.45145839, 0.06199126, 0.38462830, 0.74728650, 0.31580666, 0.67015910, 0.69935334)
(0.29936272, 0.47589743, 0.16588376, 0.44579527, 0.40515876, 0.89734989, 0.52586311, 0.18290976, 0.02214011, 0.30760905)
(0.49534711, 0.72470754, 0.60126984, 0.21919341, 0.83716100, 0.49857345, 0.49705222, 0.23439592, 0.93161905, 0.06119915)
(0.40434071, 0.31989801, 0.94914448, 0.59407341, 0.14736788, 0.56628484, 0.74806845, 0.12085718, 0.60048163, 0.39739591)
(0.25773412, 0.54329365, 0.60298067, 0.57852846, 0.93593347, 0.65582502, 0.13198993, 0.31086713, 0.85829085, 0.43373001)
(0.86528575, 0.27702239, 0.40610385, 0.35657883, 0.88408881, 0.38622928, 0.47039327, 0.52335048, 0.05669643, 0.73747873)
(0.78923881, 0.17949429, 0.55492157, 0.19801424, 0.58569741, 0.85152864, 0.42842421, 0.93898159, 0.63950574, 0.76257873)
(0.16686536, 0.73946738, 0.31933993, 0.07424653, 0.50217539, 0.67772478, 0.48907423, 0.17601463, 0.58907169, 0.48512933)
(0.64729029, 0.41690156, 0.72049809, 0.43525696, 0.71653628, 0.42318627, 0.68532282, 0.38079360, 0.15702473, 0.54945731)
(0.57979190, 0.08753889, 0.05119969, 0.67128479, 0.45406625, 0.69863462, 0.70743436, 0.47285679, 0.17977926, 0.23693390)
(0.46753815, 0.77483380, 0.44327506, 0.34976161, 0.39037523, 0.73180944, 0.87427896, 0.54136962, 0.59633428, 0.60422325)
(0.46714297, 0.67911404, 0.63213706, 0.36341083, 0.94849402, 0.41588515, 0.05474134, 0.31862685, 0.91511714, 0.35298631)
(0.65406299, 0.19103663, 0.71047199, 0.29394096, 0.52931529, 0.26738727, 0.26248854, 0.97413480, 0.29626423, 0.64495277)
(0.58150160, 0.49772865, 0.57827729, 0.10895745, 0.33814713, 0.93843001, 0.77517855, 0.09669282, 0.26417172, 0.18417937)
(0.31151536, 0.18750143, 0.61588913, 0.48315898, 0.49830925, 0.73717928, 0.17699881, 0.47341207, 0.30895546, 0.32128578)
(0.27616781, 0.21278317, 0.19633347, 0.63813215, 0.09159973, 0.69178140, 0.59120154, 0.74724007, 0.64532840, 0.30131313)
(0.24764045, 0.42259935, 0.47340190, 0.28421950, 0.21704297, 0.38764518, 0.56704938, 0.11704414, 0.66112053, 0.40605515)
(0.85027230, 0.33214402, 0.35462460, 0.77950662, 0.80854207, 0.04756726, 0.87605357, 0.72481108, 0.77253103, 0.06215067)
(0.45965752, 0.26896679, 0.32309458, 0.36273476, 0.41171315, 0.94012946, 0.22444373, 0.14821939, 0.52166671, 0.51955134)
(0.53207278, 0.90452546, 0.43299198, 0.32933828, 0.61826164, 0.71142066, 0.25304925, 0.22269876, 0.82314742, 0.07828949)
(0.47800460, 0.36441031, 0.05959934, 0.67557448, 0.14461669, 0.97482556, 0.19847977, 0.52403384, 0.42464733, 0.52272511)
(0.52366650, 0.50782335, 0.12359651, 0.84589452, 0.27727714, 0.74656826, 0.66706020, 0.80928141, 0.27796429, 0.47290891)
(0.07762191, 0.16027240, 0.18700026, 0.76246822, 0.55948770, 0.89882201, 0.72053438, 0.41407669, 0.32586381, 0.44321284)
(0.12926152, 0.37492064, 0.58983469, 0.37606797, 0.76056778, 0.51201338, 0.56247711, 0.19047354, 0.66751671, 0.39385480)
(0.62735850, 0.41275874, 0.48963729, 0.68305182, 0.89183271, 0.41244611, 0.06344079, 0.48111144, 0.87065721, 0.35958323)
(0.81494921, 0.61098921, 0.63518876, 0.38004103, 0.80340326, 0.75750661, 0.56127232, 0.21199493, 0.32372996, 0.83863926)
(0.53985924, 0.22999527, 0.13661461, 0.45314929, 0.18829481, 0.78984749, 0.27320200, 0.63456708, 0.40600479, 0.92271960)
(0.41437703, 0.33873364, 0.81135052, 0.24791259, 0.20389408, 0.40010172, 0.92606193, 0.24833179, 0.75236213, 0.72542709)
(0.46116531, 0.22840658, 0.56702435, 0.67137039, 0.53570384, 0.32733437, 0.18892436, 0.57340288, 0.44447976, 0.49618718)
(0.38325742, 0.20883384, 0.53072202, 0.18796098, 0.10937059, 0.26449537, 0.24841598, 0.02605673, 0.21166147, 0.93757468)
(0.55939215, 0.04905352, 0.92900062, 0.65455776, 0.61887449, 0.14547338, 0.09008363, 0.40848726, 0.49901417, 0.47773761)
(0.49709529, 0.20117809, 0.78282589, 0.42187050, 0.47505540, 0.52206117, 0.64114696, 0.49660090, 0.20052299, 0.20339997)
(0.37322208, 0.54494119, 0.91011190, 0.60403228, 0.57522655, 0.82896715, 0.52827585, 0.32032880, 0.56202191, 0.66128379)
(0.32530349, 0.85016906, 0.60324007, 0.23438156, 0.05013797, 0.39938807, 0.55464590, 0.48671177, 0.50418478, 0.41800618)
(0.08801548, 0.25986528, 0.24805315, 0.45528075, 0.21690638, 0.73260057, 0.03388214, 0.23938279, 0.63728839, 0.53417081)
(0.41986033, 0.31917638, 0.04503168, 0.67153001, 0.21452950, 0.47292024, 0.40503356, 0.18640187, 0.68882668, 0.89817470)
(0.67270023, 0.26459983, 0.26874125, 0.17545158, 0.58354890, 0.86750782, 0.74179053, 0.87233657, 0.02959441, 0.38189527)
(0.72794986, 0.06002906, 0.38314718, 0.26424977, 0.36067703, 0.69392890, 0.25343078, 0.06948970, 0.56504917, 0.20931302)
(0.36591062, 0.34843290, 0.93389726, 0.25274453, 0.35504568, 0.73767078, 0.69137651, 0.17039493, 0.50579906, 0.83569205)
(0.36004665, 0.27880827, 0.26142755, 0.43373176, 0.64472574, 0.79076648, 0.57927185, 0.56327552, 0.22521755, 0.44994640)
(0.34266147, 0.35844401, 0.06544599, 0.45207217, 0.41234717, 0.84226966, 0.33246824, 0.88810301, 0.12119929, 0.21263658)
(0.31143042, 0.76186603, 0.77178490, 0.52167374, 0.73892933, 0.83692402, 0.09119476, 0.43850335, 0.85576892, 0.52541542)
(0.29615915, 0.33317250, 0.38748613, 0.50139654, 0.78932595, 0.15846485, 0.18383686, 0.07800600, 0.23204498, 0.39753693)
(0.79600227, 0.13741884, 0.05540316, 0.73123842, 0.68749398, 0.17377017, 0.25696999, 0.37570494, 0.30946606, 0.58901221)
(0.09673987, 0.22476158, 0.09404365, 0.49456829, 0.13663110, 0.59600157, 0.32144040, 0.40277049, 0.63815361, 0.68380100)
(0.03740276, 0.86087358, 0.66342962, 0.33185059, 0.33791897, 0.29928371, 0.18284062, 0.36098948, 0.33467522, 0.44634894)
(0.72844410, 0.38548896, 0.08061428, 0.26296279, 0.40358552, 0.95010650, 0.47145063, 0.71644580, 0.02088616, 0.56705469)
(0.44702250, 0.18503816, 0.20728651, 0.16622430, 0.75167346, 0.08368287, 0.49006915, 0.19808038, 0.02055543, 0.21580420)
(0.14542407, 0.19656439, 0.44727573, 0.31913325, 0.80697876, 0.70070124, 0.76064438, 0.08686124, 0.66860396, 0.07958801)
(0.78623050, 0.42828470, 0.12222658, 0.87451077, 0.15451311, 0.71844018, 0.42992276, 0.37835130, 0.50041556, 0.66941762)
(0.54055840, 0.11107987, 0.80134934, 0.38559115, 0.75380558, 0.28114554, 0.35543862, 0.97685474, 0.31534570, 0.55868340)
(0.14409699, 0.35566792, 0.15068138, 0.89136171, 0.62894309, 0.84189743, 0.88457620, 0.21900202, 0.59809530, 0.32462659)
(0.16276790, 0.37054348, 0.14376594, 0.14388734, 0.33540043, 0.32601810, 0.08357671, 0.36432746, 0.17310126, 0.46667078)
(0.70393455, 0.28092065, 0.92967063, 0.18560559, 0.29071751, 0.73955107, 0.71189725, 0.62967968, 0.10077950, 0.17912580)
(0.35978830, 0.36683577, 0.59677863, 0.23116337, 0.03203156, 0.29159439, 0.57194066, 0.08555980, 0.18673256, 0.52540708)
(0.89301074, 0.81602973, 0.41858050, 0.36776859, 0.59911925, 0.44746226, 0.75281280, 0.32602209, 0.58145791, 0.09243407)
(0.86920583, 0.62007219, 0.53812230, 0.41088325, 0.47192386, 0.73963100, 0.18998590, 0.15885121, 0.66086513, 0.35698429)
(0.53977513, 0.18741131, 0.88088435, 0.40665770, 0.29319412, 0.78902650, 0.63085568, 0.36655650, 0.13036232, 0.14873347)
(0.71104324, 0.08168548, 0.46265465, 0.31469145, 0.25545058, 0.35568839, 0.10852107, 0.64381421, 0.66216141, 0.81556135)
(0.85454214, 0.51690900, 0.59837013, 0.36153263, 0.39456254, 0.95114630, 0.33246046, 0.59195983, 0.06743787, 0.88530385)
(0.49956954, 0.46127531, 0.13244307, 0.14816558, 0.17618483, 0.83575541, 0.10263311, 0.88320673, 0.14698389, 0.65641332)
(0.49753758, 0.27908334, 0.19081171, 0.74261242, 0.10095590, 0.82839364, 0.35955298, 0.45645258, 0.30796427, 0.82765108)
(0.41765130, 0.24269424, 0.37122998, 0.18933527, 0.35611665, 0.92329675, 0.56066179, 0.23507462, 0.14410086, 0.35932305)
(0.69987375, 0.42106801, 0.22825712, 0.52948916, 0.64660054, 0.73877484, 0.63802761, 0.54856241, 0.01455587, 0.36158222)
(0.77004027, 0.52580971, 0.78839350, 0.20546181, 0.86204815, 0.37027252, 0.11434419, 0.36704251, 0.78241330, 0.30509812)
(0.42412171, 0.64577258, 0.90924716, 0.54537731, 0.25556123, 0.33178151, 0.71963876, 0.19693299, 0.46899989, 0.54740125)
(0.10491002, 0.90747684, 0.88192493, 0.16882603, 0.60778451, 0.89046502, 0.50766128, 0.46298677, 0.69086891, 0.33961868)
(0.13979669, 0.31848621, 0.60462624, 0.33870009, 0.71527928, 0.54648608, 0.70025975, 0.12931886, 0.79184693, 0.51101434)
(0.81667143, 0.64276254, 0.24213740, 0.28332582, 0.41507018, 0.50848824, 0.83403796, 0.48113203, 0.00890420, 0.34624049)
(0.69500661, 0.14760332, 0.58116424, 0.29414538, 0.19304682, 0.65925390, 0.25544295, 0.14354111, 0.20215267, 0.62844527)
(0.13652396, 0.62644881, 0.47016901, 0.28573653, 0.46806487, 0.64676988, 0.48373449, 0.38052955, 0.75251877, 0.29824239)
(0.05708547, 0.20357503, 0.22625576, 0.84192050, 0.47746733, 0.88510710, 0.64273471, 0.57353216, 0.46459821, 0.33108181)
(0.29780132, 0.19458354, 0.54813319, 0.23241097, 0.71228027, 0.19647202, 0.88884330, 0.39878446, 0.73669732, 0.15918656)
(0.30587125, 0.58689564, 0.50779533, 0.63919371, 0.26016322, 0.81563735, 0.14250414, 0.14969333, 0.28666845, 0.47794762)
(0.26155430, 0.36720434, 0.32339853, 0.87945402, 0.36983782, 0.81060779, 0.68295777, 0.71446198, 0.49115896, 0.47855306)
(0.74772036, 0.40679532, 0.15924069, 0.62227410, 0.46773216, 0.26081863, 0.77794594, 0.41616574, 0.02734598, 0.48559529)
(0.55396634, 0.16509953, 0.78998756, 0.74164170, 0.62901449, 0.22104548, 0.07065317, 0.25373033, 0.52966756, 0.69747430)
(0.09275699, 0.25360274, 0.68702382, 0.53069234, 0.04192768, 0.12471298, 0.74524468, 0.08916447, 0.70000815, 0.47054020)
(0.37344605, 0.90594971, 0.83522099, 0.06480743, 0.53089851, 0.90181029, 0.60492289, 0.36546218, 0.35162160, 0.58684415)
(0.09536941, 0.42983657, 0.06777408, 0.93805307, 0.51259768, 0.84732020, 0.77499932, 0.54776686, 0.87556207, 0.61194283)
(0.23256381, 0.47260249, 0.42397526, 0.69346941, 0.57226902, 0.33284724, 0.93558836, 0.08871326, 0.34765732, 0.19819520)
(0.51920676, 0.46219462, 0.34572521, 0.79238445, 0.48997080, 0.39048660, 0.00541006, 0.18821666, 0.89690691, 0.20535071)
(0.50338048, 0.62915057, 0.39576736, 0.45418638, 0.22592829, 0.55632257, 0.70225471, 0.54817122, 0.03417660, 0.09553189)
(0.37415615, 0.07618915, 0.73913735, 0.37768161, 0.81003845, 0.23551787, 0.73633564, 0.66622657, 0.03285977, 0.17254487)
(0.39165258, 0.42333713, 0.27992368, 0.80121738, 0.94451052, 0.66521454, 0.16454680, 0.23217978, 0.79273641, 0.19087374)
(0.49723247, 0.56173259, 0.29860273, 0.40205866, 0.23860258, 0.12728405, 0.93138927, 0.50728333, 0.33747700, 0.34962860)
(0.40204471, 0.83966762, 0.20359260, 0.06631839, 0.18258467, 0.40993232, 0.80581963, 0.36267078, 0.39801288, 0.51201677)
(0.29831168, 0.81133425, 0.35679784, 0.21849269, 0.36862937, 0.61427283, 0.61262888, 0.47107998, 0.23416975, 0.37010384)
(0.69608468, 0.35313499, 0.14048247, 0.41000116, 0.34924048, 0.97157323, 0.14904822, 0.63424903, 0.40457565, 0.44456816)
(0.52179611, 0.05422720, 0.70560867, 0.41250542, 0.60885346, 0.47607014, 0.90903562, 0.44826686, 0.20035721, 0.13467002)
(0.64125341, 0.54924113, 0.74491429, 0.29463926, 0.71363318, 0.64358193, 0.60243088, 0.25960997, 0.37245691, 0.83128595)
(0.70199829, 0.24597473, 0.70675319, 0.24556649, 0.31008288, 0.76357156, 0.19014476, 0.76827168, 0.12575592, 0.84374201)
(0.78240043, 0.57677907, 0.49868906, 0.28888601, 0.95105010, 0.12706560, 0.49616605, 0.48165399, 0.65657872, 0.02143085)
(0.76078689, 0.75129575, 0.82783544, 0.75815976, 0.57123554, 0.12058404, 0.36328745, 0.27755907, 0.35730776, 0.70636678)
(0.17295571, 0.32880497, 0.12064029, 0.41540620, 0.60022998, 0.92901623, 0.59623551, 0.47315112, 0.38139820, 0.94654953)
(0.28913364, 0.54789788, 0.38732892, 0.66496408, 0.03117065, 0.07064378, 0.65706784, 0.22550720, 0.46127155, 0.67707807)
(0.13982837, 0.82823586, 0.41765496, 0.07295959, 0.64201647, 0.30702996, 0.24263196, 0.26803187, 0.80971056, 0.42214164)
(0.14013970, 0.85335320, 0.76193464, 0.24182642, 0.63817400, 0.71569741, 0.04001897, 0.27378044, 0.61024386, 0.50683206)
(0.68062437, 0.32045618, 0.17323825, 0.94217497, 0.40365770, 0.35637408, 0.80867624, 0.49708927, 0.60462576, 0.51599485)
(0.24529614, 0.80127907, 0.65333539, 0.45887172, 0.85927743, 0.08219263, 0.10383008, 0.21348491, 0.58130813, 0.12267987)
(0.73096865, 0.56659049, 0.49903044, 0.67294967, 0.87265390, 0.29071164, 0.13196173, 0.47891980, 0.91331887, 0.41151008)
(0.50034302, 0.24656226, 0.49889255, 0.70248580, 0.50407690, 0.61848849, 0.15382549, 0.23803434, 0.90242559, 0.38928279)
(0.63118458, 0.17861685, 0.85084158, 0.31454659, 0.30880040, 0.19167981, 0.31147274, 0.85511732, 0.46607858, 0.16132182)
(0.05837034, 0.81482416, 0.09570735, 0.75075203, 0.45311016, 0.95730203, 0.51294279, 0.27576581, 0.50229621, 0.35266921)
(0.89368439, 0.35716081, 0.91461366, 0.64929378, 0.70232230, 0.40000680, 0.65768588, 0.50243729, 0.41246611, 0.50736684)
(0.58498204, 0.56908345, 0.10535874, 0.92097563, 0.06664879, 0.74267811, 0.69061196, 0.62817341, 0.78866422, 0.58993483)
(0.37303627, 0.75016010, 0.55701298, 0.07798681, 0.16497661, 0.86307496, 0.69937903, 0.31074595, 0.49848136, 0.44471306)
(0.11250586, 0.43744820, 0.31797901, 0.34393898, 0.25358537, 0.25432050, 0.64033121, 0.04818895, 0.68585235, 0.80927116)
(0.58816731, 0.29522204, 0.59736526, 0.50963485, 0.16372335, 0.09850077, 0.74036771, 0.47996590, 0.37174693, 0.44391558)
(0.46457675, 0.40603560, 0.55515385, 0.36469331, 0.75892311, 0.29258507, 0.24021018, 0.05600359, 0.69492024, 0.70749199)
(0.37489793, 0.18990861, 0.05827740, 0.84097540, 0.38201213, 0.72188026, 0.83695662, 0.44416854, 0.32734519, 0.41874287)
(0.26156336, 0.59687424, 0.39804336, 0.49760535, 0.38675624, 0.93582690, 0.28057989, 0.20990588, 0.25598779, 0.50842118)
(0.44349506, 0.68324393, 0.67578644, 0.32336596, 0.43081397, 0.03415598, 0.11349604, 0.38624009, 0.57908523, 0.45432329)
(0.43974707, 0.53951561, 0.48086980, 0.44299415, 0.57448524, 0.67044216, 0.76615399, 0.20874664, 0.03340986, 0.36788732)
(0.65049630, 0.32193604, 0.55986822, 0.18143441, 0.94209826, 0.35675341, 0.31551501, 0.14249858, 0.56744677, 0.63479435)
(0.24988808, 0.08463478, 0.65836090, 0.21527104, 0.66700006, 0.19562706, 0.23111160, 0.97147322, 0.26768616, 0.52719897)
(0.26879358, 0.54380399, 0.89983624, 0.45858294, 0.16292614, 0.24149609, 0.33471870, 0.05779394, 0.71287322, 0.69034320)
(0.91549945, 0.46948576, 0.90485281, 0.26673269, 0.53497225, 0.49064714, 0.59006357, 0.83238912, 0.04782019, 0.61013913)
(0.40384439, 0.17623802, 0.97529083, 0.54674596, 0.17224297, 0.84402490, 0.18322574, 0.38112533, 0.27117935, 0.67553037)
(0.43881252, 0.73721480, 0.11980157, 0.33289215, 0.51491421, 0.53958136, 0.89293253, 0.07440580, 0.26807430, 0.49457341)
(0.46316382, 0.06157654, 0.03513004, 0.37131912, 0.08563638, 0.36049128, 0.57999003, 0.37597430, 0.63573128, 0.93590599)
(0.48154649, 0.47680947, 0.11648580, 0.86717814, 0.48010689, 0.66052830, 0.77686965, 0.30001384, 0.79398412, 0.35351652)
(0.71454483, 0.69105136, 0.61998856, 0.88196099, 0.57710737, 0.30904981, 0.07346966, 0.41805083, 0.95428056, 0.77411371)
(0.67968333, 0.34792191, 0.08996922, 0.17109375, 0.65708143, 0.62408233, 0.23853286, 0.83745724, 0.03196080, 0.28468466)
(0.40888900, 0.86210233, 0.66704792, 0.19281591, 0.56511813, 0.60162175, 0.71225429, 0.24839091, 0.92040116, 0.85544121)
(0.49418193, 0.02770774, 0.79124880, 0.13305308, 0.69202363, 0.57120723, 0.48228192, 0.88432044, 0.55714190, 0.70960957)
(0.17720634, 0.21687226, 0.66158038, 0.49527749, 0.38928816, 0.75238258, 0.37439418, 0.67184293, 0.19681847, 0.49248567)
(0.75866675, 0.45556420, 0.31881058, 0.51415658, 0.13991129, 0.67219049, 0.35758418, 0.38261646, 0.02470571, 0.43142065)
(0.62985957, 0.41221943, 0.36845484, 0.40132463, 0.50122243, 0.09612884, 0.96781635, 0.14764434, 0.29324457, 0.07208876)
(0.82255876, 0.83649194, 0.37573814, 0.50534183, 0.41013509, 0.46019161, 0.79812717, 0.87616307, 0.75203550, 0.52597505)
(0.62357676, 0.92626601, 0.79145658, 0.71245432, 0.02033950, 0.06985217, 0.78883469, 0.35657459, 0.48353755, 0.83651537)
(0.49054202, 0.37317950, 0.88603079, 0.40370935, 0.07675251, 0.58267951, 0.93327540, 0.30878043, 0.68582934, 0.60183603)
(0.22845271, 0.04821789, 0.03789778, 0.76071423, 0.57179266, 0.42921060, 0.87123096, 0.23332420, 0.57012260, 0.44144779)
(0.73916894, 0.83653414, 0.55300951, 0.08216541, 0.24133012, 0.73446608, 0.71080977, 0.23247166, 0.62025201, 0.40578192)
(0.49781033, 0.47016624, 0.69737363, 0.04891958, 0.84723830, 0.14962488, 0.51320338, 0.54155242, 0.21155915, 0.18372631)
(0.79118228, 0.47879165, 0.71502090, 0.40840077, 0.72772843, 0.23558085, 0.09204850, 0.60045367, 0.70213443, 0.15777314)
(0.25501812, 0.75176609, 0.56972373, 0.11272398, 0.45563206, 0.80003446, 0.32812703, 0.16496190, 0.90033531, 0.42028493)
(0.63918227, 0.51505578, 0.08200830, 0.85924935, 0.14909467, 0.72476697, 0.77255154, 0.84011477, 0.45568171, 0.51890314)
(0.44621053, 0.11955167, 0.31311569, 0.28594860, 0.14831737, 0.76123071, 0.16912712, 0.09235644, 0.32418349, 0.85365891)
(0.74383223, 0.71186024, 0.55045080, 0.88796526, 0.82607639, 0.36030412, 0.86242288, 0.57926601, 0.96121788, 0.38475373)
(0.13876787, 0.05066190, 0.49321705, 0.23633754, 0.36167142, 0.58164316, 0.76631856, 0.19527802, 0.36846787, 0.50494337)
(0.36724478, 0.15371475, 0.81651425, 0.52147609, 0.53607392, 0.31532615, 0.40291631, 0.91293967, 0.42191592, 0.12548369)
(0.08393563, 0.41177362, 0.27853337, 0.51609296, 0.80791438, 0.60271758, 0.63183749, 0.10835552, 0.36302572, 0.52134633)
(0.65116990, 0.76296771, 0.49000710, 0.23366101, 0.32021162, 0.66909021, 0.95118952, 0.81258506, 0.88217050, 0.68020612)
(0.39919990, 0.70688975, 0.54983580, 0.40723184, 0.66318798, 0.83894837, 0.06129027, 0.29626456, 0.82480514, 0.39324516)
(0.07167734, 0.09329455, 0.79515749, 0.50623155, 0.14212041, 0.71230692, 0.47322500, 0.15401143, 0.11898061, 0.51346976)
(0.75478226, 0.16017134, 0.08605302, 0.90369457, 0.66379714, 0.19876984, 0.56232452, 0.49331591, 0.13642342, 0.30568352)
(0.37849620, 0.31240964, 0.44328338, 0.84402609, 0.68785650, 0.71008611, 0.54373145, 0.25518119, 0.83333617, 0.11085562)
(0.91481328, 0.33411053, 0.21383055, 0.89996028, 0.46602258, 0.34150380, 0.93935537, 0.18044282, 0.62794429, 0.43668169)
(0.48817307, 0.88570309, 0.63179064, 0.68923593, 0.81781334, 0.21941598, 0.03618933, 0.33690032, 0.75004321, 0.39690906)
(0.17246220, 0.30282637, 0.08828455, 0.58999670, 0.48194438, 0.94366491, 0.61164647, 0.45700219, 0.11458080, 0.66471916)
(0.79992789, 0.90104282, 0.53702444, 0.37784317, 0.80044365, 0.86071533, 0.54156899, 0.24428676, 0.54303253, 0.60134727)
(0.82746661, 0.12731050, 0.77147478, 0.64583850, 0.76818740, 0.32834473, 0.22813362, 0.85783666, 0.30180234, 0.80629241)
(0.61412728, 0.71627259, 0.33648854, 0.28699222, 0.56064606, 0.29360622, 0.78470778, 0.29890543, 0.27760449, 0.69804269)
(0.26874894, 0.73664236, 0.55355710, 0.17202470, 0.20159359, 0.65211254, 0.23957299, 0.07317024, 0.43706855, 0.64685160)
(0.34489527, 0.13299175, 0.85270888, 0.67109925, 0.45922631, 0.72590679, 0.07472371, 0.79035276, 0.35405403, 0.71876252)
(0.51245272, 0.35290980, 0.06432073, 0.35888651, 0.07438010, 0.69187278, 0.41580820, 0.92046154, 0.21926364, 0.26397732)
(0.41950697, 0.62501627, 0.21515277, 0.60736477, 0.69745666, 0.82703024, 0.84156305, 0.22091246, 0.26841292, 0.75169671)
(0.23060398, 0.17364316, 0.25203714, 0.86012346, 0.37906870, 0.87583643, 0.73642981, 0.52883273, 0.51494181, 0.33266264)
(0.89663017, 0.36909336, 0.11691753, 0.55492592, 0.18625648, 0.50526631, 0.30885759, 0.65104270, 0.21059680, 0.93529129)
(0.58228111, 0.43167496, 0.27380377, 0.44971243, 0.82575524, 0.19037025, 0.41379753, 0.39505309, 0.19622146, 0.33491147)
(0.64147496, 0.38908994, 0.08496699, 0.48097378, 0.48643649, 0.80427581, 0.68765306, 0.81329155, 0.18559904, 0.74327886)
(0.85780400, 0.43090639, 0.48589444, 0.45497313, 0.54754406, 0.55311263, 0.21838081, 0.23000513, 0.19622959, 0.56271923)
(0.42485109, 0.42994756, 0.44674984, 0.55711442, 0.28392538, 0.73976433, 0.18752229, 0.44913554, 0.08162171, 0.76083589)
(0.80751920, 0.52507460, 0.46787930, 0.21074568, 0.81926078, 0.17414799, 0.20204279, 0.40956405, 0.59569651, 0.23775859)
(0.50712574, 0.15727118, 0.05634236, 0.64605802, 0.66323632, 0.47967163, 0.55416924, 0.32101867, 0.17445736, 0.48347899)
(0.14230557, 0.81858367, 0.75369453, 0.17710400, 0.59910369, 0.69802535, 0.65500867, 0.77407682, 0.90746790, 0.48551804)
(0.89413106, 0.87496722, 0.90998226, 0.34077486, 0.19686830, 0.13041742, 0.52600235, 0.56570590, 0.89050293, 0.89158314)
(0.76262200, 0.29047838, 0.80434227, 0.16523890, 0.27243465, 0.33175799, 0.27821523, 0.92518550, 0.34920168, 0.44201443)
(0.64051008, 0.04583678, 0.01977962, 0.34381869, 0.31752741, 0.66848892, 0.72478569, 0.40221357, 0.31096369, 0.52224398)
(0.55508614, 0.41330025, 0.41065359, 0.08375207, 0.67362660, 0.16681294, 0.81400824, 0.34072512, 0.35190716, 0.54933149)
(0.31491658, 0.09176821, 0.47770900, 0.37265819, 0.58397424, 0.64649606, 0.49532276, 0.16300751, 0.37839046, 0.22408026)
(0.74792540, 0.69784248, 0.42414007, 0.12655988, 0.30256402, 0.79135215, 0.88865542, 0.33764821, 0.32514015, 0.48129866)
(0.70869958, 0.33629671, 0.58546066, 0.34011987, 0.51031727, 0.77070290, 0.51005018, 0.17503886, 0.41297007, 0.09355405)
(0.59622550, 0.82564235, 0.91869724, 0.52267063, 0.06045722, 0.40213552, 0.88189435, 0.33369416, 0.47284091, 0.77938455)
(0.76524919, 0.72257018, 0.28742984, 0.57780904, 0.51271623, 0.92612696, 0.16520609, 0.21996979, 0.37366512, 0.62636638)
(0.87146223, 0.45528856, 0.03095541, 0.78424120, 0.37796795, 0.69355947, 0.51782405, 0.93733090, 0.11778755, 0.16106279)
(0.90021193, 0.17388180, 0.25647396, 0.85534292, 0.60942256, 0.65896875, 0.71707505, 0.38316238, 0.49307674, 0.34590897)
(0.14208642, 0.11413442, 0.12032586, 0.43894148, 0.59257036, 0.64390028, 0.75867307, 0.37464979, 0.36123529, 0.71727926)
(0.36706537, 0.95940322, 0.31148648, 0.57682252, 0.55219126, 0.66594279, 0.95443040, 0.18557131, 0.65581763, 0.08889753)
(0.47603008, 0.17329535, 0.72529876, 0.56388009, 0.80011386, 0.36248606, 0.21813889, 0.31358990, 0.34948775, 0.70854419)
(0.68454319, 0.35089588, 0.14942558, 0.70337999, 0.54068905, 0.61511195, 0.53553474, 0.79545105, 0.27483344, 0.74797308)
(0.29688302, 0.80958498, 0.79550469, 0.52452523, 0.06757341, 0.48086241, 0.87466341, 0.24109995, 0.57566565, 0.81415057)
(0.20143957, 0.33328286, 0.55620438, 0.28657886, 0.40971172, 0.79435068, 0.14906038, 0.35603225, 0.08457772, 0.52495122)
(0.74995059, 0.55177563, 0.70983344, 0.15456367, 0.74770790, 0.20583193, 0.52417254, 0.26344344, 0.45022088, 0.80052435)
(0.49821734, 0.31040260, 0.47067663, 0.60619622, 0.87462270, 0.60776645, 0.20374967, 0.36953777, 0.88325429, 0.37858400)
(0.20306176, 0.17254899, 0.79990202, 0.50112683, 0.68971252, 0.39037821, 0.27384332, 0.96506286, 0.18915042, 0.42574903)
(0.40400416, 0.68484932, 0.07072911, 0.68820834, 0.53963339, 0.79118347, 0.86153048, 0.36306384, 0.61818177, 0.68894291)
(0.73598689, 0.11624627, 0.52932483, 0.24292825, 0.36338219, 0.42540237, 0.48583263, 0.93219435, 0.42779827, 0.81056213)
(0.42021039, 0.42041469, 0.22985525, 0.11556228, 0.26133841, 0.82186127, 0.64212799, 0.18101218, 0.30922675, 0.34963685)
(0.09864899, 0.09161480, 0.36362466, 0.58154261, 0.39309222, 0.78079748, 0.89495146, 0.76947761, 0.57092172, 0.72943413)
(0.74310249, 0.51224446, 0.58537459, 0.47285429, 0.56009984, 0.23239678, 0.22061875, 0.29193252, 0.18289761, 0.53880709)
(0.52878600, 0.24745487, 0.15672672, 0.47336248, 0.35097843, 0.95257968, 0.29489231, 0.41371414, 0.27134341, 0.35183945)
(0.30063751, 0.13294239, 0.75729352, 0.74935943, 0.15910609, 0.09698619, 0.12090141, 0.76672053, 0.21344738, 0.17195573)
(0.71033347, 0.89680582, 0.20556061, 0.11700282, 0.67492557, 0.47177726, 0.81169921, 0.35203895, 0.66312790, 0.54250783)
(0.85273135, 0.62046742, 0.14557922, 0.92688799, 0.53434187, 0.68484205, 0.81872702, 0.23245363, 0.22126545, 0.50008738)
(0.57664508, 0.38484976, 0.83467954, 0.50560147, 0.19376107, 0.35884494, 0.28513980, 0.15031543, 0.29499120, 0.18307112)
(0.23050310, 0.32338023, 0.58927757, 0.24991056, 0.76598585, 0.06276807, 0.96304274, 0.10120130, 0.14530295, 0.80679595)
(0.83583432, 0.36699620, 0.08314736, 0.40094188, 0.78198910, 0.08988422, 0.61967570, 0.13606451, 0.08445022, 0.30199656)
(0.23505379, 0.21895771, 0.18227148, 0.28621089, 0.37545061, 0.92404622, 0.24688148, 0.71592844, 0.45569783, 0.57324243)
(0.14255011, 0.76464128, 0.56886119, 0.26578963, 0.40771309, 0.30220705, 0.73347282, 0.85483927, 0.96396238, 0.60409993)
(0.70475030, 0.17062221, 0.08356079, 0.92769235, 0.61208540, 0.26953208, 0.77411848, 0.56421405, 0.27080256, 0.56083125)
(0.19006044, 0.36082348, 0.58764225, 0.47822195, 0.48816091, 0.60202044, 0.68213075, 0.08862913, 0.74374676, 0.17291923)
(0.57351077, 0.33759600, 0.54354948, 0.59546763, 0.76956654, 0.21671678, 0.78288674, 0.62745929, 0.01278561, 0.74621123)
(0.84063047, 0.18872312, 0.59690189, 0.42661676, 0.27970389, 0.64099193, 0.10676188, 0.51689136, 0.36661285, 0.92990160)
(0.01783620, 0.69001096, 0.64638126, 0.76748616, 0.51247025, 0.19401278, 0.46667093, 0.24093625, 0.78314877, 0.24162143)
(0.35883856, 0.29282469, 0.74980032, 0.60907114, 0.30903804, 0.30534124, 0.30308205, 0.82385981, 0.40009508, 0.14484516)
(0.32551032, 0.20033982, 0.59881479, 0.30403739, 0.68247747, 0.22946516, 0.25113642, 0.96497500, 0.25786081, 0.65220058)
(0.31906921, 0.89646906, 0.43668142, 0.15448594, 0.20115966, 0.79417878, 0.79275137, 0.73123741, 0.83174437, 0.61255234)
(0.74219549, 0.44271269, 0.49129266, 0.59389836, 0.45369637, 0.91793603, 0.39017779, 0.48556966, 0.48778582, 0.92668545)
(0.13877769, 0.12509175, 0.04848840, 0.74207622, 0.66037893, 0.44426870, 0.65801436, 0.42104071, 0.76883066, 0.89880413)
(0.38365710, 0.38987580, 0.23007442, 0.48790890, 0.76422173, 0.81381720, 0.58985090, 0.20815589, 0.23858434, 0.75497854)
(0.75950789, 0.57478070, 0.10705338, 0.91932660, 0.42610526, 0.76475757, 0.74324054, 0.47876686, 0.07537873, 0.26399773)
(0.35250890, 0.45617935, 0.92460150, 0.61763614, 0.10395569, 0.49717358, 0.56698990, 0.37627220, 0.03437099, 0.64418459)
(0.53754526, 0.67373604, 0.83611465, 0.29387596, 0.17888579, 0.50446284, 0.83843881, 0.53033817, 0.82440257, 0.46157685)
(0.57992476, 0.69880933, 0.91914803, 0.77565444, 0.26039046, 0.32456902, 0.25704861, 0.08049091, 0.24246028, 0.82552981)
(0.72143137, 0.42545390, 0.30120757, 0.42068973, 0.54726207, 0.88725328, 0.28209031, 0.27459511, 0.38734314, 0.39510930)
(0.78482658, 0.16984707, 0.97984397, 0.48422962, 0.44536942, 0.18910843, 0.25656316, 0.29304367, 0.56308931, 0.17585230)
(0.43188235, 0.87498069, 0.68816346, 0.63889986, 0.46748286, 0.55761319, 0.67956978, 0.15420051, 0.69439363, 0.84278500)
(0.10864663, 0.37037629, 0.53035414, 0.48365951, 0.48801425, 0.63888580, 0.21849394, 0.20957564, 0.37841049, 0.25681126)
(0.78438127, 0.24926978, 0.92963117, 0.37929958, 0.39973703, 0.76935875, 0.72070569, 0.96154380, 0.05368527, 0.24549867)
(0.58493167, 0.52632314, 0.38211837, 0.30596089, 0.44311017, 0.49721265, 0.93212491, 0.40673554, 0.16917449, 0.55280596)
(0.24286963, 0.38366571, 0.57432103, 0.08811460, 0.96268135, 0.29310095, 0.66549653, 0.26889274, 0.82484299, 0.68255812)
(0.17070875, 0.78292036, 0.38581592, 0.37416059, 0.49099246, 0.85009807, 0.11252808, 0.07818457, 0.52841479, 0.37745813)
(0.49179047, 0.33576378, 0.25303373, 0.44984591, 0.24698478, 0.42993578, 0.65552181, 0.93225569, 0.32453212, 0.66063088)
(0.77111787, 0.48837122, 0.47455794, 0.31223446, 0.42667839, 0.19312435, 0.98063380, 0.45758337, 0.02349356, 0.33679029)
(0.24521320, 0.18890420, 0.38181210, 0.50319189, 0.84606743, 0.32532626, 0.27457836, 0.86821967, 0.15717146, 0.48075002)
(0.34416565, 0.47353703, 0.10776926, 0.53435534, 0.08071034, 0.85912305, 0.39130789, 0.81955087, 0.22950569, 0.80962008)
(0.62104845, 0.39111078, 0.47255185, 0.55259508, 0.66091973, 0.09586798, 0.11834265, 0.16425931, 0.56240433, 0.13221869)
(0.36605567, 0.06333959, 0.08170037, 0.73038542, 0.59250450, 0.63335955, 0.72010517, 0.23269190, 0.64793378, 0.33760327)
(0.72491091, 0.19374654, 0.78778017, 0.37598103, 0.27691481, 0.70911366, 0.13967162, 0.61748576, 0.23746063, 0.85822344)
(0.88267249, 0.63033164, 0.80844897, 0.46510977, 0.26592466, 0.56705046, 0.19573177, 0.20955570, 0.03439622, 0.61780012)
(0.15574005, 0.40819904, 0.10233493, 0.41493425, 0.82423013, 0.59095496, 0.70389259, 0.07009909, 0.60035837, 0.33187351)
(0.55494744, 0.26625687, 0.91192484, 0.30533740, 0.44759411, 0.11614447, 0.29428744, 0.42296857, 0.30724427, 0.23081893)
(0.52788711, 0.49866188, 0.02700418, 0.52681375, 0.79825091, 0.36408097, 0.93050462, 0.17079206, 0.83478057, 0.29088661)
(0.52687758, 0.09590127, 0.15703923, 0.58366799, 0.26794311, 0.74101442, 0.49643502, 0.61272317, 0.13045803, 0.43035483)
(0.40884978, 0.93031538, 0.60071510, 0.15113899, 0.44798964, 0.63006318, 0.95277029, 0.51088369, 0.37994650, 0.59451121)
(0.29729673, 0.54836667, 0.41555130, 0.53042346, 0.49185410, 0.77997106, 0.82950801, 0.18397447, 0.16850124, 0.20013848)
(0.01676526, 0.86613005, 0.48952082, 0.45187005, 0.34678325, 0.15348686, 0.19908284, 0.29151151, 0.65740091, 0.60623384)
(0.75882977, 0.24499851, 0.61234468, 0.45640534, 0.47145566, 0.53319782, 0.27567178, 0.91949457, 0.36084902, 0.76747364)
(0.33305180, 0.73064417, 0.46399915, 0.30945390, 0.48296782, 0.85892522, 0.22268917, 0.09368315, 0.51873231, 0.30571195)
(0.16021502, 0.46714777, 0.55462921, 0.10311632, 0.55287045, 0.60391617, 0.66996628, 0.16492520, 0.76935238, 0.28106001)
(0.19322394, 0.11599135, 0.56526524, 0.43931025, 0.71426034, 0.86479676, 0.68456131, 0.55706108, 0.70025712, 0.86212802)
(0.88634020, 0.54157877, 0.47178680, 0.67642999, 0.60737586, 0.08226536, 0.97088069, 0.42457455, 0.39022687, 0.06247003)
(0.05787391, 0.66881841, 0.53235000, 0.42126206, 0.14934711, 0.56659579, 0.24068794, 0.06052524, 0.32656622, 0.60495156)
(0.16943116, 0.28503367, 0.35505062, 0.40853414, 0.66195148, 0.93556440, 0.27167827, 0.64771897, 0.45668808, 0.86711711)
(0.41970098, 0.29842240, 0.50853282, 0.59176815, 0.50748682, 0.61575514, 0.13417214, 0.65156311, 0.76778549, 0.80814314)
(0.29240352, 0.90427214, 0.46354863, 0.68547386, 0.51679677, 0.71953487, 0.92233962, 0.12239131, 0.28696477, 0.17872056)
(0.18042035, 0.34862211, 0.24942270, 0.14296226, 0.69921815, 0.52644581, 0.81469673, 0.07139071, 0.51552010, 0.21325812)
(0.66430724, 0.35953352, 0.83920103, 0.06906378, 0.23795596, 0.67634720, 0.74576873, 0.34415564, 0.54693663, 0.41282520)
(0.05689521, 0.53714007, 0.66282588, 0.18970306, 0.35645321, 0.63166779, 0.38388857, 0.27283895, 0.52960593, 0.34147361)
(0.30674553, 0.12361848, 0.12386325, 0.49061966, 0.07601606, 0.74379814, 0.09329806, 0.36508709, 0.56070995, 0.40148401)
(0.18644123, 0.56464988, 0.37686822, 0.82627332, 0.91741258, 0.34787720, 0.24044399, 0.18767802, 0.87173522, 0.23863402)
(0.49421713, 0.37619630, 0.69569266, 0.33344722, 0.26120511, 0.08330241, 0.38967282, 0.19786592, 0.24677643, 0.22224723)
(0.04511762, 0.87562305, 0.86862773, 0.35642713, 0.50199395, 0.32672197, 0.39958626, 0.50528622, 0.91893393, 0.25887230)
(0.58141232, 0.38855073, 0.94677144, 0.63913673, 0.21126367, 0.56141561, 0.49114826, 0.19288532, 0.30739585, 0.69715160)
(0.75873435, 0.13489579, 0.93321115, 0.76382804, 0.26765117, 0.17730330, 0.21247639, 0.27111027, 0.18998790, 0.22694409)
(0.90824747, 0.39387944, 0.23939966, 0.32679653, 0.25570574, 0.88295376, 0.66540343, 0.48410475, 0.07111236, 0.76919943)
(0.67488712, 0.45309460, 0.36838543, 0.15683058, 0.55756927, 0.51082355, 0.80727875, 0.18895499, 0.47281957, 0.34078550)
(0.03065035, 0.17757902, 0.14725097, 0.57597744, 0.40343994, 0.90184540, 0.57594776, 0.51888186, 0.66811442, 0.59332645)
(0.56816453, 0.10940255, 0.74433595, 0.25310975, 0.60694957, 0.35850614, 0.30907425, 0.91938150, 0.55396068, 0.10624295)
(0.69625634, 0.52732426, 0.29373318, 0.25151435, 0.53213626, 0.71428281, 0.72540247, 0.26168033, 0.04438489, 0.18100826)
(0.86248213, 0.34208226, 0.05663109, 0.35363182, 0.50221956, 0.60786808, 0.91793764, 0.11841428, 0.13794476, 0.57455724)
(0.10774884, 0.54970467, 0.05245188, 0.73294437, 0.40431088, 0.59067547, 0.21775009, 0.50316197, 0.92507941, 0.75334853)
(0.33501500, 0.94247735, 0.46773967, 0.25017679, 0.69064552, 0.57451361, 0.02924979, 0.32665700, 0.89415157, 0.24438050)
(0.07299985, 0.55390382, 0.59889275, 0.25920689, 0.80753988, 0.45924073, 0.45714048, 0.32255295, 0.86582339, 0.26545298)
(0.51586276, 0.60240877, 0.06564241, 0.70948803, 0.89056164, 0.55773032, 0.65582067, 0.20393842, 0.80064136, 0.54410809)
(0.88002592, 0.11352415, 0.93966877, 0.20950428, 0.19744503, 0.36346552, 0.71615845, 0.50268990, 0.16458206, 0.55478239)
(0.86930388, 0.38555938, 0.29039371, 0.23634286, 0.58128762, 0.80054754, 0.71544892, 0.33237028, 0.02441492, 0.18985352)
(0.12619816, 0.12928002, 0.18222882, 0.79272199, 0.12152846, 0.39904472, 0.79500782, 0.32512724, 0.85531658, 0.62324142)
(0.02519836, 0.18193503, 0.74727017, 0.48597157, 0.36240768, 0.08632415, 0.75891781, 0.19830573, 0.87415659, 0.33034635)
(0.14001714, 0.82483691, 0.56203210, 0.49119878, 0.82657588, 0.90446234, 0.38055563, 0.26817361, 0.47017941, 0.69873005)
(0.59571892, 0.20248473, 0.45648900, 0.46666244, 0.43161932, 0.53267306, 0.12847351, 0.14737016, 0.61765844, 0.43070519)
(0.24357811, 0.10246892, 0.06185590, 0.52496767, 0.44746932, 0.88298649, 0.57832807, 0.53564960, 0.20602071, 0.29476771)
(0.54250854, 0.98248178, 0.24092330, 0.21704744, 0.27189621, 0.44847521, 0.65817237, 0.87702078, 0.85568231, 0.64245063)
(0.26011106, 0.91520411, 0.61411393, 0.45204714, 0.45460466, 0.30156881, 0.46338603, 0.30297047, 0.66444188, 0.73915499)
(0.69468516, 0.42324743, 0.15388466, 0.76327264, 0.04880672, 0.74671876, 0.67986786, 0.80455118, 0.45543382, 0.29402864)
(0.52671230, 0.31199080, 0.58261985, 0.63769132, 0.28578874, 0.42904723, 0.06389926, 0.09297197, 0.56935626, 0.17711098)
(0.87724388, 0.30168849, 0.01453455, 0.61818230, 0.42783025, 0.41085973, 0.74368858, 0.88356131, 0.12916636, 0.26497698)
(0.68886960, 0.77357233, 0.86264294, 0.35688251, 0.53087920, 0.80412501, 0.32697597, 0.15505938, 0.36273462, 0.78053457)
(0.48737353, 0.95497864, 0.57575279, 0.03246363, 0.27932656, 0.79948527, 0.50129670, 0.77557832, 0.86783737, 0.78952622)
(0.57814187, 0.48743579, 0.32593629, 0.02904172, 0.80158263, 0.17888895, 0.58369565, 0.49960691, 0.95313120, 0.03309690)
(0.55415154, 0.28905904, 0.56764889, 0.72646236, 0.51816112, 0.13931340, 0.03142607, 0.11087176, 0.61208332, 0.60458577)
(0.74658978, 0.67168301, 0.25851372, 0.07320283, 0.45662716, 0.59559351, 0.79892689, 0.20317012, 0.49586654, 0.69490415)
(0.72718406, 0.55723464, 0.89735276, 0.26416489, 0.71754724, 0.49110714, 0.83326942, 0.44643873, 0.61791587, 0.53919548)
(0.92480600, 0.78476232, 0.90703499, 0.33956093, 0.53772432, 0.84617883, 0.51270449, 0.27529338, 0.17933714, 0.94826871)
(0.18872340, 0.36137924, 0.60990751, 0.34218517, 0.74342507, 0.88200969, 0.65510744, 0.14392908, 0.23803063, 0.74400944)
(0.54044610, 0.39905301, 0.54257268, 0.44394898, 0.44414362, 0.25510371, 0.95195776, 0.12684405, 0.15371478, 0.10747825)
(0.03979594, 0.84354085, 0.43329546, 0.35206354, 0.17510086, 0.36039799, 0.23886198, 0.04297193, 0.64885473, 0.31878540)
(0.73922676, 0.18755686, 0.13002466, 0.35635006, 0.73307025, 0.15867344, 0.64504856, 0.40587908, 0.00922544, 0.63237637)
(0.76843780, 0.89228940, 0.58536190, 0.10625003, 0.42499831, 0.38472366, 0.92466038, 0.73838192, 0.93263191, 0.88621837)
(0.43224481, 0.76334894, 0.46606350, 0.14594582, 0.76209748, 0.55625409, 0.50902355, 0.27903518, 0.90074319, 0.49331927)
(0.58864647, 0.54147732, 0.10473261, 0.95133841, 0.36740318, 0.79629183, 0.76378328, 0.36673075, 0.35399014, 0.28744495)
(0.69663000, 0.18442540, 0.35834101, 0.27153021, 0.54391664, 0.91512853, 0.48954099, 0.18487445, 0.44628373, 0.50444704)
(0.75565296, 0.35672030, 0.20014255, 0.17732300, 0.53774571, 0.92023486, 0.50763267, 0.60375881, 0.07629854, 0.50823909)
(0.69260925, 0.09806675, 0.67415679, 0.15175368, 0.57781613, 0.34617636, 0.94783694, 0.74115419, 0.19877027, 0.28064361)
(0.71447122, 0.53313303, 0.35492665, 0.87599212, 0.72105235, 0.60081929, 0.84338140, 0.30825385, 0.93631047, 0.27236211)
(0.77902520, 0.48361290, 0.38968465, 0.05818719, 0.25170660, 0.85480386, 0.49086770, 0.96534401, 0.15842135, 0.93310505)
(0.25772643, 0.41280884, 0.16107111, 0.67118526, 0.17160216, 0.88775432, 0.46997568, 0.40614650, 0.48948541, 0.76446110)
(0.46476033, 0.69571263, 0.83823472, 0.64136386, 0.37259814, 0.50512451, 0.60572493, 0.06080430, 0.46744373, 0.94367135)
(0.31232589, 0.90804082, 0.75421250, 0.03252566, 0.40338594, 0.76809460, 0.48184338, 0.75005090, 0.69702095, 0.37455770)
(0.22014923, 0.64474440, 0.58871359, 0.42924479, 0.03738363, 0.44498903, 0.78988308, 0.34379080, 0.57718629, 0.44187099)
(0.19945754, 0.18519026, 0.10028990, 0.56251949, 0.60531998, 0.80871046, 0.82560116, 0.56712723, 0.27378610, 0.85669297)
(0.80192548, 0.23027773, 0.26273003, 0.19110031, 0.41719106, 0.42087451, 0.32900852, 0.85543466, 0.32532799, 0.92266691)
(0.89982229, 0.54829210, 0.58507919, 0.20091979, 0.67319471, 0.29016671, 0.59072411, 0.66030163, 0.07243320, 0.63889271)
(0.06562995, 0.17976847, 0.18365651, 0.30712399, 0.14085156, 0.80916607, 0.45272711, 0.59879690, 0.48308796, 0.79163623)
(0.28771719, 0.06717064, 0.35392010, 0.73482186, 0.38389587, 0.20397791, 0.70502412, 0.32913110, 0.11168808, 0.07268231)
(0.62330753, 0.50673819, 0.24663518, 0.65815115, 0.45609576, 0.49830407, 0.91635364, 0.22923179, 0.03271060, 0.37375394)
(0.84264290, 0.31644320, 0.40007332, 0.35419798, 0.39456266, 0.19313736, 0.94916886, 0.30652586, 0.21288969, 0.72632152)
(0.20478612, 0.09685391, 0.15681371, 0.27555627, 0.45826396, 0.94004107, 0.53147620, 0.23263565, 0.42985511, 0.50177562)
(0.08787424, 0.86038947, 0.92147571, 0.36129457, 0.60990137, 0.42960384, 0.28147712, 0.29078704, 0.79943371, 0.62700677)
(0.66860014, 0.38164306, 0.25803620, 0.48672387, 0.64301312, 0.45400831, 0.34882665, 0.89157671, 0.35324299, 0.44424644)
(0.39833149, 0.23670314, 0.45469993, 0.71019107, 0.42289177, 0.11275474, 0.05609516, 0.35495299, 0.17192003, 0.53642809)
(0.63232034, 0.68389750, 0.40658703, 0.50236541, 0.38564557, 0.95694584, 0.39539507, 0.27454969, 0.54648411, 0.94048572)
(0.64037383, 0.53782207, 0.65857846, 0.86739606, 0.48945197, 0.84913421, 0.86793953, 0.38506547, 0.70358360, 0.37800422)
(0.38748756, 0.70254570, 0.70375919, 0.08031621, 0.95231301, 0.26641715, 0.21850176, 0.72827297, 0.92354327, 0.47571382)
(0.50093651, 0.56329542, 0.26322892, 0.35944209, 0.10806689, 0.74046868, 0.08123842, 0.03604554, 0.78078753, 0.77268350)
(0.09482187, 0.74227226, 0.57259333, 0.25800219, 0.72484910, 0.86562043, 0.51089966, 0.20058538, 0.61306953, 0.61276698)
(0.10367584, 0.59630716, 0.62000322, 0.09143706, 0.37995887, 0.65774751, 0.65805960, 0.25938082, 0.52709591, 0.29994014)
(0.67631441, 0.33067629, 0.22833009, 0.55291599, 0.27743769, 0.79037356, 0.31092423, 0.26504505, 0.29397339, 0.71772015)
(0.03399235, 0.66704071, 0.60968745, 0.35006273, 0.26606324, 0.38039911, 0.12639183, 0.09942757, 0.39707991, 0.44742435)
(0.28693673, 0.77386481, 0.65305686, 0.19474730, 0.09695628, 0.67762798, 0.53752971, 0.62495387, 0.50990194, 0.41292232)
(0.13409270, 0.83455843, 0.28060567, 0.40318835, 0.15574194, 0.06266753, 0.51539713, 0.67571896, 0.88195962, 0.52096295)
(0.70420116, 0.38371056, 0.77153856, 0.36866790, 0.54104513, 0.23104531, 0.47446814, 0.69037521, 0.51360685, 0.34311700)
(0.53399009, 0.78274518, 0.41606513, 0.18633053, 0.89054900, 0.35766321, 0.19879149, 0.29382029, 0.78822035, 0.20445535)
(0.42305231, 0.39389911, 0.80186468, 0.69704646, 0.34437978, 0.87231523, 0.10693061, 0.39569587, 0.34901914, 0.89722490)
(0.33079100, 0.10989911, 0.31291333, 0.46455026, 0.49910510, 0.69412160, 0.10371365, 0.19075333, 0.48845518, 0.85847831)
(0.43517143, 0.91814882, 0.85375857, 0.29200816, 0.68621862, 0.75711429, 0.84578210, 0.47381327, 0.95142937, 0.44407195)
(0.36528084, 0.60068750, 0.45954067, 0.59175831, 0.80381340, 0.37087947, 0.11158889, 0.46923479, 0.95279419, 0.92541140)
(0.73392087, 0.90467489, 0.86912566, 0.53886890, 0.37607512, 0.20674630, 0.32217455, 0.68063712, 0.58754671, 0.62680626)
(0.27048734, 0.52972341, 0.54149723, 0.57910776, 0.81891447, 0.24627167, 0.53184688, 0.23076423, 0.81569541, 0.73904544)
(0.61606288, 0.41818789, 0.18649194, 0.36763120, 0.23305091, 0.97131765, 0.44026035, 0.56199074, 0.15400344, 0.88241559)
(0.63343930, 0.50650275, 0.48085743, 0.36696458, 0.05853621, 0.61371738, 0.77217996, 0.34861365, 0.29691514, 0.37403682)
(0.81667244, 0.48706204, 0.83333677, 0.42957357, 0.50379366, 0.92738384, 0.27409428, 0.57573605, 0.08683932, 0.92300385)
(0.19747652, 0.35122150, 0.62127823, 0.76197201, 0.51271147, 0.84906048, 0.39919370, 0.35981724, 0.63447279, 0.80566716)
(0.31921583, 0.03417031, 0.06595248, 0.43973568, 0.56585324, 0.50121611, 0.13406567, 0.24383742, 0.78426951, 0.33023620)
(0.55052954, 0.31517249, 0.73977232, 0.47420433, 0.92370290, 0.31926522, 0.32768682, 0.30995181, 0.41447395, 0.49376360)
(0.12850566, 0.30649623, 0.74750251, 0.54010683, 0.04306602, 0.29044604, 0.56655669, 0.13148652, 0.18621919, 0.36188310)
(0.27619693, 0.09076720, 0.47736076, 0.21698599, 0.56521463, 0.77337211, 0.79374123, 0.12215633, 0.33717668, 0.21898291)
(0.22454679, 0.51304543, 0.16448896, 0.79557198, 0.26883015, 0.93537492, 0.54892045, 0.39297816, 0.29165629, 0.77092814)
(0.83881855, 0.17752232, 0.88560313, 0.36699578, 0.47843906, 0.11717328, 0.12268630, 0.42054376, 0.20686656, 0.53476334)
(0.37309682, 0.32893777, 0.05158410, 0.56642926, 0.61863744, 0.90732217, 0.36214808, 0.19269784, 0.49580559, 0.55568522)
(0.09237871, 0.66989243, 0.89611274, 0.23498602, 0.71939176, 0.83623660, 0.55178559, 0.29042950, 0.79852504, 0.27557051)
(0.83035421, 0.67083567, 0.88233429, 0.64204341, 0.80205768, 0.37199071, 0.47316331, 0.57785785, 0.87946618, 0.23218538)
(0.52282375, 0.19551145, 0.22815649, 0.28590292, 0.56150752, 0.81471944, 0.87155908, 0.78487301, 0.05328267, 0.63620967)
(0.40615526, 0.39714065, 0.14674515, 0.79078919, 0.49665186, 0.67350173, 0.83251786, 0.80911559, 0.20870854, 0.87376344)
(0.64995700, 0.33081347, 0.94331992, 0.47457713, 0.32354268, 0.76970160, 0.57193607, 0.29848194, 0.31427684, 0.32123935)
(0.71556723, 0.73177731, 0.50850326, 0.18581794, 0.63158530, 0.14691047, 0.12475681, 0.67279410, 0.59126687, 0.21112438)
(0.81584179, 0.34847322, 0.70229459, 0.67713320, 0.28363836, 0.66279691, 0.14891097, 0.30345565, 0.33506832, 0.54025948)
(0.81598705, 0.48033166, 0.07893518, 0.77704448, 0.46317840, 0.58802032, 0.76886171, 0.65117413, 0.02667736, 0.22922385)
(0.67472810, 0.36295131, 0.93817109, 0.68660223, 0.56403774, 0.35798883, 0.41051000, 0.26798093, 0.58696866, 0.48239112)
(0.63232964, 0.27510056, 0.15006725, 0.68636656, 0.24680282, 0.78274208, 0.60738176, 0.89163387, 0.34591532, 0.12273470)
(0.15585363, 0.18542542, 0.13519995, 0.60539383, 0.64671147, 0.51477295, 0.63836300, 0.51014322, 0.94652903, 0.95599997)
(0.36284062, 0.39623883, 0.87806427, 0.67937106, 0.55997789, 0.46594164, 0.06383291, 0.22219232, 0.86394173, 0.85765290)
(0.36321253, 0.12510708, 0.68840855, 0.35666448, 0.65731990, 0.42975557, 0.30171156, 0.96422690, 0.35945624, 0.45427305)
(0.53235698, 0.01727080, 0.76906472, 0.15706500, 0.22608897, 0.24747884, 0.43284813, 0.54220468, 0.79100394, 0.80215615)
(0.48318598, 0.49854222, 0.94269073, 0.45331693, 0.72082531, 0.82492697, 0.39785957, 0.27733567, 0.71898234, 0.67433113)
(0.74314016, 0.28577092, 0.72947550, 0.61891103, 0.65104717, 0.23042274, 0.91697598, 0.35036844, 0.57712239, 0.14231031)
(0.41450909, 0.10700289, 0.44586000, 0.08707113, 0.55105418, 0.05920272, 0.06727078, 0.89443922, 0.10939784, 0.77294624)
(0.51182181, 0.13770722, 0.49242768, 0.31863415, 0.18895680, 0.31788310, 0.30100867, 0.65976948, 0.47175899, 0.69947410)
(0.52965105, 0.32176071, 0.50550288, 0.44717973, 0.38891181, 0.61879784, 0.55441141, 0.37313071, 0.23368780, 0.31322014)
(0.25431460, 0.84375501, 0.04158225, 0.91949224, 0.73763460, 0.88452411, 0.71982002, 0.42376915, 0.92814595, 0.45454371)
(0.50883973, 0.48973927, 0.36312684, 0.15780725, 0.51316392, 0.57422221, 0.87157142, 0.17139412, 0.24617355, 0.46695384)
(0.42050385, 0.42414528, 0.92781907, 0.63530928, 0.81969196, 0.22598828, 0.28224853, 0.19968273, 0.60711884, 0.44467854)
(0.59668118, 0.17708735, 0.02801347, 0.44642919, 0.10069183, 0.55092126, 0.58670890, 0.82155675, 0.41534391, 0.43617415)
(0.34244451, 0.29563448, 0.04381617, 0.54193628, 0.15069124, 0.69998926, 0.80729276, 0.61266088, 0.51120281, 0.57386982)
(0.72986287, 0.56536859, 0.68911093, 0.84934837, 0.65629029, 0.46588936, 0.95408779, 0.16928625, 0.39353144, 0.22939780)
(0.53476453, 0.23829269, 0.61766142, 0.09701409, 0.46340069, 0.46305209, 0.81451952, 0.98843026, 0.10369319, 0.57773185)
(0.17739092, 0.60849595, 0.43624365, 0.47792035, 0.51250404, 0.02327997, 0.59990901, 0.74107099, 0.87891048, 0.36177865)
(0.46902895, 0.09449673, 0.89328223, 0.66046298, 0.24910320, 0.82775182, 0.14026055, 0.41938695, 0.50379282, 0.24676713)
(0.75504863, 0.40012804, 0.03076760, 0.72079319, 0.21550414, 0.84484297, 0.66578579, 0.58404201, 0.34436524, 0.71529257)
(0.50012755, 0.18320616, 0.25623867, 0.87426013, 0.47038627, 0.74185616, 0.90591931, 0.27408826, 0.42095935, 0.22426382)
(0.76228982, 0.63970834, 0.20649050, 0.54249352, 0.47162223, 0.73120451, 0.86778915, 0.19802433, 0.02496029, 0.36540210)
(0.60201800, 0.54690367, 0.22881573, 0.52340937, 0.77710366, 0.82263589, 0.60962290, 0.14768049, 0.33885431, 0.87984025)
(0.47456053, 0.81770962, 0.40661880, 0.31247023, 0.49050260, 0.52258438, 0.95810127, 0.34312546, 0.23804422, 0.70753258)
(0.32275808, 0.25652876, 0.16872562, 0.41682947, 0.73411173, 0.85680056, 0.38936973, 0.31634566, 0.35721195, 0.86491460)
(0.69603831, 0.61474204, 0.82253087, 0.53947127, 0.86858439, 0.24688898, 0.17188409, 0.33563808, 0.85101265, 0.45587951)
(0.30682921, 0.14555088, 0.43557698, 0.35096547, 0.62141132, 0.30730855, 0.76283044, 0.23978946, 0.12379880, 0.08245953)
(0.73570675, 0.81083345, 0.80435556, 0.50931746, 0.17145675, 0.63923573, 0.65398604, 0.48204020, 0.21951510, 0.64537859)
(0.55993026, 0.96003872, 0.53712249, 0.16073506, 0.63637072, 0.63754052, 0.11186522, 0.67937833, 0.84415483, 0.47377720)
(0.85109514, 0.39045054, 0.01972771, 0.66975445, 0.37295675, 0.63300353, 0.54125762, 0.88765913, 0.18532360, 0.44562295)
(0.72393245, 0.85655081, 0.91657621, 0.44240597, 0.66055864, 0.08469383, 0.27779031, 0.65130538, 0.86455077, 0.63635290)
(0.89011276, 0.69755328, 0.40070835, 0.47607365, 0.01201532, 0.13902423, 0.73777086, 0.40319899, 0.28217319, 0.50739568)
(0.31703776, 0.57174271, 0.60091281, 0.55769914, 0.92231137, 0.48676330, 0.13664059, 0.16419427, 0.80640495, 0.68714124)
(0.82538658, 0.46600011, 0.04372576, 0.48430800, 0.23668450, 0.88933951, 0.62263876, 0.88781255, 0.11684389, 0.44770932)
(0.13449490, 0.91336948, 0.57392061, 0.21047081, 0.26558885, 0.54578108, 0.19577469, 0.11303554, 0.58324510, 0.64295304)
(0.40766969, 0.56705385, 0.78581625, 0.68472934, 0.45520821, 0.48561913, 0.72925162, 0.28698733, 0.31280601, 0.68527985)
(0.57005936, 0.12734410, 0.16541956, 0.56831217, 0.37870878, 0.74453622, 0.16504484, 0.71832216, 0.36165494, 0.37415048)
(0.58374774, 0.92665720, 0.34817588, 0.06034709, 0.59725720, 0.45571002, 0.35960299, 0.54889637, 0.93162751, 0.61422127)
(0.82562125, 0.69570476, 0.86020702, 0.78598738, 0.51058447, 0.22401173, 0.32574388, 0.24978392, 0.13250166, 0.75206590)
(0.16948780, 0.60992992, 0.84335929, 0.13794059, 0.35416117, 0.89054692, 0.70601720, 0.27841142, 0.26905772, 0.53668910)
(0.31647837, 0.82427555, 0.36672050, 0.43708447, 0.78776175, 0.49215195, 0.03047993, 0.10761111, 0.85423219, 0.08391745)
(0.27950177, 0.93164790, 0.28532335, 0.10435092, 0.79834813, 0.68087953, 0.39491215, 0.39045694, 0.81094038, 0.56125998)
(0.55454242, 0.22646679, 0.53808582, 0.83464509, 0.65182561, 0.20535518, 0.80254638, 0.26911467, 0.24888662, 0.12128460)
(0.46329212, 0.11006504, 0.34802142, 0.51487672, 0.80806541, 0.48366353, 0.08127919, 0.32330823, 0.89385998, 0.71493524)
(0.68685699, 0.82658619, 0.31438655, 0.42859304, 0.36754012, 0.12303888, 0.89258099, 0.61169297, 0.26260209, 0.47602642)
(0.82560986, 0.48383409, 0.10731845, 0.32086557, 0.57332551, 0.90945208, 0.19172399, 0.93054438, 0.06555089, 0.24728948)
(0.12892361, 0.82327729, 0.91864198, 0.17936039, 0.64444155, 0.70027530, 0.29977220, 0.45287889, 0.84012383, 0.67522663)
(0.87329447, 0.60620797, 0.75499040, 0.14791858, 0.69050157, 0.20811616, 0.62580132, 0.77475911, 0.78348887, 0.42114282)
(0.90475255, 0.35122955, 0.05217919, 0.86646837, 0.40467560, 0.58362061, 0.54170597, 0.65312731, 0.24506418, 0.62207234)
(0.22654025, 0.18990916, 0.11656770, 0.66176742, 0.55999720, 0.74574471, 0.63624513, 0.58946490, 0.24905382, 0.32211366)
(0.46689805, 0.34974122, 0.13207154, 0.91076177, 0.34749439, 0.78089803, 0.81854868, 0.51027203, 0.23985338, 0.41791570)
(0.16384755, 0.36411908, 0.15427780, 0.52476329, 0.16139466, 0.88453138, 0.47413313, 0.84279531, 0.26447415, 0.61594778)
(0.12351235, 0.33932424, 0.03597122, 0.65485102, 0.87579024, 0.48915663, 0.73929828, 0.17681812, 0.64803588, 0.62187350)
(0.48690456, 0.48546484, 0.45302418, 0.49926829, 0.40261847, 0.39325225, 0.12651363, 0.05811583, 0.39653862, 0.76264751)
(0.75633973, 0.16451040, 0.86557335, 0.20735744, 0.14007097, 0.80059475, 0.65903771, 0.37588793, 0.07657439, 0.34824005)
(0.63738918, 0.56400645, 0.67106032, 0.04153091, 0.27721763, 0.87611532, 0.41537139, 0.09273881, 0.53177029, 0.50069839)
(0.25292829, 0.80144703, 0.64532787, 0.47792292, 0.88860679, 0.59598202, 0.06027533, 0.35578135, 0.86661839, 0.41376182)
(0.43090922, 0.29767641, 0.03375455, 0.72018051, 0.85371387, 0.32332039, 0.22046332, 0.35669246, 0.95293838, 0.58122700)
(0.32387567, 0.86682689, 0.34568363, 0.34295729, 0.86313456, 0.46774203, 0.24373689, 0.44564676, 0.54648274, 0.39635280)
(0.45097581, 0.45124829, 0.65092117, 0.09610731, 0.53643024, 0.43495390, 0.33259705, 0.95696688, 0.07681122, 0.78836346)
(0.46597061, 0.98892784, 0.22158648, 0.07634932, 0.70685923, 0.77618277, 0.57190716, 0.57713610, 0.82440841, 0.59257466)
(0.80346024, 0.03122639, 0.81606770, 0.13840833, 0.40436405, 0.41056663, 0.28750214, 0.91082972, 0.37857223, 0.57535547)
(0.53648752, 0.43688938, 0.07330437, 0.94275534, 0.42927992, 0.77050596, 0.89652944, 0.30581972, 0.64372987, 0.35128811)
(0.59094661, 0.55877900, 0.51473194, 0.10307132, 0.44112650, 0.85605443, 0.55569452, 0.23692946, 0.10099773, 0.53463221)
(0.59046900, 0.37651026, 0.56614166, 0.43562397, 0.56195253, 0.84145641, 0.42215288, 0.15579312, 0.78248757, 0.15889400)
(0.16146465, 0.53890800, 0.20407954, 0.82543445, 0.11522621, 0.66423017, 0.55894810, 0.42920724, 0.81761634, 0.36348692)
(0.23641539, 0.86185330, 0.63777214, 0.64527088, 0.16560830, 0.49532500, 0.80583888, 0.32055646, 0.61354965, 0.70106834)
(0.55788654, 0.63378251, 0.63990927, 0.08501112, 0.25705859, 0.85942942, 0.55941141, 0.26611418, 0.18267262, 0.16814159)
(0.25766701, 0.38882706, 0.21363713, 0.15685709, 0.73704803, 0.33969137, 0.40758485, 0.05465171, 0.80444652, 0.72851908)
(0.50708729, 0.30615717, 0.87505680, 0.34141079, 0.93440849, 0.32037005, 0.80406481, 0.19703457, 0.57798249, 0.72645062)
(0.78654128, 0.45834610, 0.08439598, 0.83421928, 0.38173130, 0.45073316, 0.07126234, 0.28346860, 0.95681179, 0.40140778)
(0.38617587, 0.49456885, 0.13272907, 0.89054924, 0.32573611, 0.85000873, 0.87267846, 0.42033413, 0.75301695, 0.50455153)
(0.05286422, 0.69091672, 0.87403494, 0.39430964, 0.37844065, 0.13050912, 0.31963286, 0.35918686, 0.92465228, 0.40915400)
(0.62501925, 0.71189505, 0.74532676, 0.19202772, 0.06390896, 0.73275560, 0.80575275, 0.41897869, 0.29456571, 0.67609692)
(0.67400837, 0.43115041, 0.91206944, 0.56940186, 0.61578786, 0.33239910, 0.27594566, 0.27816951, 0.51084667, 0.53045899)
(0.32719573, 0.11251380, 0.18820129, 0.82262498, 0.44245383, 0.73143518, 0.88287038, 0.47859538, 0.54051858, 0.51210988)
(0.73709702, 0.06390920, 0.76081586, 0.44428399, 0.21885566, 0.30966792, 0.17933318, 0.63804460, 0.45755559, 0.60883182)
(0.14857414, 0.23397784, 0.15903656, 0.77391821, 0.39346331, 0.77249229, 0.64330804, 0.74130553, 0.25012869, 0.30721161)
(0.68459892, 0.92645007, 0.78118956, 0.41430315, 0.18910944, 0.48755375, 0.92467153, 0.39278159, 0.67718858, 0.88756257)
(0.31291163, 0.09348682, 0.04498242, 0.42278677, 0.32972312, 0.59599328, 0.58150280, 0.13285768, 0.51211977, 0.68862683)
(0.67802554, 0.54621875, 0.75363737, 0.31292227, 0.75419259, 0.14107578, 0.07729619, 0.52251047, 0.51695722, 0.19666065)
(0.32742518, 0.72335941, 0.50403035, 0.57816970, 0.78829306, 0.82753044, 0.75402009, 0.26247418, 0.36129418, 0.57236582)
(0.81602442, 0.17066470, 0.18624224, 0.29720947, 0.55211747, 0.84651500, 0.49734786, 0.28340098, 0.16579002, 0.36103281)
(0.38522992, 0.96957254, 0.50066417, 0.48799962, 0.03686009, 0.36568528, 0.48404515, 0.40638581, 0.65008539, 0.47694343)
(0.67467433, 0.88772780, 0.12767482, 0.09501732, 0.68101704, 0.70038044, 0.68203503, 0.77488714, 0.73833930, 0.71666962)
(0.51185381, 0.19304287, 0.83619511, 0.58423865, 0.62933874, 0.30451283, 0.27759829, 0.40133232, 0.50464660, 0.33718511)
(0.93649679, 0.49562538, 0.71807265, 0.44872344, 0.67225975, 0.82821101, 0.48167321, 0.29672483, 0.38817871, 0.90691203)
(0.34178460, 0.32736230, 0.23425195, 0.26669276, 0.96842360, 0.27469692, 0.67788881, 0.21263221, 0.63256717, 0.07305710)
(0.61316776, 0.18877941, 0.11903191, 0.41938147, 0.74348962, 0.21386665, 0.25957590, 0.93092901, 0.19063108, 0.74361134)
(0.50766051, 0.44440916, 0.84819579, 0.37704065, 0.68809402, 0.42457372, 0.76986474, 0.22872354, 0.68288118, 0.35913751)
(0.80388933, 0.33874086, 0.52038300, 0.49514279, 0.65054375, 0.47478384, 0.36432198, 0.82160658, 0.09384972, 0.71081960)
(0.03055148, 0.29311106, 0.09836566, 0.39401752, 0.13055627, 0.69191474, 0.42522499, 0.70761049, 0.50832820, 0.34172463)
(0.89844060, 0.31346110, 0.03514717, 0.65432811, 0.18304506, 0.52864903, 0.50539315, 0.91144907, 0.31053537, 0.33732438)
(0.07728755, 0.85203546, 0.43628863, 0.16369966, 0.67133033, 0.17020847, 0.24112074, 0.78077841, 0.81157738, 0.24940148)
(0.29641089, 0.55326921, 0.76490712, 0.42389774, 0.29622656, 0.50992608, 0.86580437, 0.20827529, 0.47766986, 0.83162665)
(0.27479446, 0.29712060, 0.21763541, 0.17750028, 0.06977800, 0.56336623, 0.11646841, 0.45952225, 0.62562776, 0.95578110)
(0.10897190, 0.34915558, 0.18810372, 0.63842845, 0.64554858, 0.79742718, 0.65324807, 0.40215755, 0.25836679, 0.52030057)
(0.18336770, 0.30358824, 0.39971513, 0.23831993, 0.48347664, 0.52181292, 0.91647023, 0.13372020, 0.28839409, 0.26294324)
(0.29845372, 0.33385181, 0.70600992, 0.34693345, 0.13453613, 0.57856786, 0.69271064, 0.19496737, 0.14705674, 0.71283394)
(0.63716084, 0.87510067, 0.37906402, 0.94726300, 0.58319753, 0.79845923, 0.88811147, 0.39495304, 0.76873147, 0.13109945)
(0.57692569, 0.63645202, 0.70214057, 0.40742409, 0.92520010, 0.54138994, 0.53853106, 0.30032375, 0.80863458, 0.29295647)
(0.57327187, 0.23338050, 0.77552247, 0.30984685, 0.43925259, 0.54046303, 0.95478767, 0.24261214, 0.39044392, 0.79455024)
(0.35707930, 0.69499952, 0.69332910, 0.37871107, 0.71426105, 0.86736643, 0.05227648, 0.31427750, 0.57933450, 0.47676557)
(0.77626121, 0.38088927, 0.14434713, 0.16818902, 0.19312538, 0.38901880, 0.16969283, 0.83699930, 0.14552221, 0.83271307)
(0.31559870, 0.28504890, 0.21853219, 0.11086582, 0.85345775, 0.40775093, 0.47320446, 0.10353909, 0.90832663, 0.14438932)
(0.54263610, 0.82008398, 0.76535398, 0.41019213, 0.58921915, 0.79642016, 0.91372830, 0.39433590, 0.37707472, 0.58417970)
(0.27342260, 0.23025179, 0.47225761, 0.67839044, 0.56760627, 0.69674230, 0.46059415, 0.50821453, 0.43726736, 0.34107161)
(0.59859240, 0.29437178, 0.68090105, 0.63791120, 0.64833099, 0.53814095, 0.24817532, 0.37329742, 0.42230308, 0.89925629)
(0.15379184, 0.53180861, 0.07130016, 0.72656083, 0.42896721, 0.93942672, 0.28329179, 0.61100233, 0.12282492, 0.67827386)
(0.81251884, 0.27476165, 0.19696558, 0.78307456, 0.51286191, 0.86515403, 0.74844652, 0.78412384, 0.08546386, 0.08013681)
(0.18432790, 0.61958629, 0.56045693, 0.13006750, 0.75204676, 0.56466609, 0.81901461, 0.36379570, 0.90083086, 0.51556790)
(0.10197274, 0.45016816, 0.19986431, 0.14816934, 0.91695493, 0.15587880, 0.87017292, 0.21836004, 0.69775438, 0.16943584)
(0.27977979, 0.50147766, 0.07194515, 0.24019390, 0.34251609, 0.67437136, 0.20154117, 0.86484528, 0.07486679, 0.37618673)
(0.11285936, 0.51898819, 0.67920285, 0.11414617, 0.62855566, 0.64142632, 0.35283101, 0.13973580, 0.76305258, 0.31173217)
(0.30035543, 0.81528020, 0.14618741, 0.25953826, 0.87246341, 0.70377457, 0.36379388, 0.19750614, 0.75953275, 0.14816523)
(0.19317684, 0.63016349, 0.40163222, 0.36912882, 0.42448774, 0.56607932, 0.21792255, 0.07766572, 0.58670563, 0.39548016)
(0.50614727, 0.48442146, 0.54608631, 0.56069750, 0.54196388, 0.64027226, 0.68023604, 0.71096778, 0.10178160, 0.46652073)
(0.51114661, 0.88309407, 0.34747213, 0.13339855, 0.41125587, 0.78850156, 0.82553780, 0.54072738, 0.61845833, 0.46436229)
(0.41010687, 0.62117934, 0.85049456, 0.56436765, 0.54998171, 0.90078837, 0.40816823, 0.23607258, 0.17953424, 0.88762063)
(0.16573094, 0.49210224, 0.12055469, 0.71203882, 0.21732357, 0.36650774, 0.01545829, 0.26591697, 0.91395646, 0.69299161)
(0.28875512, 0.88827342, 0.08135500, 0.75366706, 0.41211087, 0.89465767, 0.48652989, 0.57066178, 0.20012718, 0.86923128)
(0.88781118, 0.11298535, 0.92332691, 0.64003831, 0.23416220, 0.63007367, 0.40434995, 0.80848730, 0.44263533, 0.32715860)
(0.22607137, 0.56446779, 0.68928808, 0.31569329, 0.15647869, 0.61190230, 0.56740212, 0.11469356, 0.36546165, 0.83930057)
(0.66434240, 0.69725811, 0.64032459, 0.10313771, 0.77330494, 0.42125106, 0.88004035, 0.34925523, 0.46014050, 0.77719438)
(0.73665279, 0.49524036, 0.07296751, 0.60007054, 0.35005656, 0.83801037, 0.36129844, 0.29951540, 0.17974214, 0.78158021)
(0.36084887, 0.32084754, 0.49331781, 0.32953286, 0.12605052, 0.65284133, 0.52092063, 0.52799320, 0.01335161, 0.76703453)
(0.21278302, 0.22154288, 0.47579575, 0.55920166, 0.45918906, 0.63829815, 0.11886330, 0.24029905, 0.31841725, 0.41527903)
(0.84392810, 0.05837515, 0.10102133, 0.27618885, 0.33362454, 0.75606954, 0.37822631, 0.38270602, 0.48257557, 0.42734268)
(0.27593264, 0.64966691, 0.85084909, 0.41957822, 0.89892364, 0.24636552, 0.38310611, 0.23259585, 0.72544718, 0.45012891)
(0.10907245, 0.98112351, 0.46314970, 0.33966380, 0.11173826, 0.36779100, 0.33856454, 0.21228327, 0.51188582, 0.66111302)
(0.39344797, 0.58069211, 0.72144312, 0.58929831, 0.03130246, 0.53620476, 0.85644317, 0.39624679, 0.32476243, 0.40510696)
(0.26232317, 0.21796559, 0.16163419, 0.65664721, 0.67929476, 0.67908889, 0.89517403, 0.41996595, 0.23128192, 0.90654707)
(0.21779256, 0.41859213, 0.64568931, 0.40564370, 0.96267563, 0.45111209, 0.53527302, 0.17942411, 0.67344248, 0.50292873)
(0.30381808, 0.34259939, 0.45148951, 0.09202901, 0.92216825, 0.20820248, 0.86923867, 0.08550880, 0.65370697, 0.20990311)
(0.07391299, 0.56659460, 0.90167129, 0.48885357, 0.56356108, 0.79596406, 0.64300531, 0.22906381, 0.75751984, 0.55229449)
(0.62466413, 0.16508205, 0.38138145, 0.37386733, 0.17289026, 0.72147322, 0.02409230, 0.20148323, 0.59535038, 0.52956647)
(0.58930492, 0.19630894, 0.58240032, 0.46081433, 0.88832724, 0.42343995, 0.39951903, 0.89891005, 0.08081111, 0.63353366)
(0.37701657, 0.47016200, 0.59922397, 0.11652310, 0.53610182, 0.62424433, 0.77246857, 0.17108119, 0.83354592, 0.52436835)
(0.63146478, 0.05030189, 0.85773385, 0.57872564, 0.45974413, 0.33146960, 0.22886008, 0.74248731, 0.50286496, 0.11312889)
(0.70972085, 0.31851593, 0.43006158, 0.34403843, 0.27998951, 0.81976390, 0.29473671, 0.20318159, 0.23515305, 0.95597011)
(0.04406615, 0.86802578, 0.72925776, 0.53188074, 0.44704595, 0.26909170, 0.61561555, 0.70675677, 0.94677252, 0.39419916)
(0.41187024, 0.41434857, 0.67669332, 0.43073788, 0.44990546, 0.50901455, 0.63205594, 0.20136589, 0.17671293, 0.82100451)
(0.69103897, 0.79433388, 0.40095589, 0.46365595, 0.29983127, 0.69038898, 0.75584960, 0.65434790, 0.49719131, 0.31640095)
(0.29130852, 0.84714454, 0.70147622, 0.68780285, 0.12391316, 0.29307836, 0.77855307, 0.14958836, 0.47343996, 0.82346094)
(0.42541894, 0.49466252, 0.27865764, 0.42445374, 0.56344652, 0.78308684, 0.33920339, 0.08373781, 0.67534339, 0.67923397)
(0.37891400, 0.60360885, 0.03997784, 0.87801850, 0.63385910, 0.77496821, 0.87989128, 0.16550080, 0.51914966, 0.79173911)
(0.44565332, 0.90063721, 0.68666208, 0.16438051, 0.08416462, 0.66998297, 0.54518205, 0.64633846, 0.40030935, 0.41745582)
(0.11658412, 0.08863157, 0.14557633, 0.30218902, 0.38098809, 0.79621655, 0.52169287, 0.45839211, 0.44130751, 0.83154684)
(0.70794684, 0.37598509, 0.28827003, 0.17142981, 0.53446293, 0.21075511, 0.36140975, 0.97006375, 0.19044740, 0.81291926)
(0.27121440, 0.70802885, 0.93397027, 0.50962710, 0.08327645, 0.62450957, 0.75836408, 0.20529611, 0.41251716, 0.69619620)
(0.66140991, 0.50521833, 0.41430601, 0.70375192, 0.40715757, 0.38819891, 0.72641343, 0.60121042, 0.15895107, 0.11935864)
(0.57982373, 0.50416362, 0.51045424, 0.35676754, 0.25144386, 0.86539733, 0.68425006, 0.12295093, 0.34647411, 0.38889125)
(0.80617619, 0.48932466, 0.45285603, 0.50894070, 0.29455942, 0.50502843, 0.56605494, 0.63076776, 0.05257422, 0.70876449)
(0.67105556, 0.88005191, 0.54167950, 0.51700860, 0.62684333, 0.85361379, 0.41137865, 0.20694524, 0.89404118, 0.76684779)
(0.39067063, 0.87807435, 0.37048534, 0.07112391, 0.56070113, 0.46184078, 0.34881836, 0.78518432, 0.89937538, 0.85999697)
(0.33255124, 0.68839484, 0.12540165, 0.69450641, 0.84512353, 0.64911151, 0.76360005, 0.10905396, 0.43246123, 0.84070331)
(0.51296681, 0.15814979, 0.69609064, 0.32288492, 0.69738710, 0.89828652, 0.44426164, 0.62378162, 0.33259660, 0.83281779)
(0.76857144, 0.89560372, 0.30135342, 0.30946904, 0.17346163, 0.39229396, 0.68649870, 0.70009643, 0.87036568, 0.51540411)
(0.19846295, 0.27709106, 0.16173440, 0.35445473, 0.62504381, 0.66906089, 0.21033543, 0.86595339, 0.18478459, 0.31549495)
(0.36075926, 0.79019594, 0.16565859, 0.94737089, 0.51301670, 0.82695138, 0.79893976, 0.50252283, 0.76080143, 0.25238746)
(0.61975086, 0.66595346, 0.29432935, 0.42188165, 0.69515812, 0.91667527, 0.32942364, 0.41278642, 0.04997207, 0.46763450)
(0.60635304, 0.53210807, 0.05469804, 0.84801257, 0.36284959, 0.91263908, 0.50136656, 0.68881261, 0.05053752, 0.40307614)
(0.66447181, 0.80119461, 0.55338502, 0.13053113, 0.25797251, 0.84165215, 0.65572894, 0.24801701, 0.12777039, 0.45718530)
(0.11738113, 0.53552812, 0.45144984, 0.18891479, 0.26469016, 0.18036167, 0.65824318, 0.48099446, 0.88654053, 0.19425224)
(0.51641488, 0.76105911, 0.88155979, 0.38734922, 0.33623189, 0.43147543, 0.03335627, 0.48647451, 0.84612590, 0.22759768)
(0.85263598, 0.82941788, 0.48782334, 0.19704489, 0.64906108, 0.52784848, 0.78403157, 0.53731173, 0.06458675, 0.68317932)
(0.27151108, 0.12269676, 0.04171299, 0.42360675, 0.35517886, 0.62635976, 0.57289320, 0.82150656, 0.28608781, 0.58592957)
(0.60203713, 0.54345405, 0.83116323, 0.34715107, 0.47158337, 0.08621553, 0.01098285, 0.16371156, 0.84942114, 0.35874963)
(0.08843529, 0.32274491, 0.65633810, 0.54191917, 0.61670774, 0.72420561, 0.16908081, 0.11393256, 0.69803643, 0.48566309)
(0.53439307, 0.38523969, 0.52617514, 0.20137253, 0.71800411, 0.89537841, 0.43505713, 0.26383945, 0.19364159, 0.82752538)
(0.96535492, 0.43253839, 0.50403547, 0.24603036, 0.23536064, 0.25267217, 0.75500292, 0.28702906, 0.14949559, 0.75170827)
(0.13197586, 0.92127544, 0.41425908, 0.29712009, 0.62917155, 0.03803276, 0.18977980, 0.27844134, 0.76643574, 0.28077343)
(0.18192685, 0.35313132, 0.55162358, 0.63670766, 0.73608869, 0.63630927, 0.34264985, 0.25082231, 0.66174251, 0.21021579)
(0.91218460, 0.67330652, 0.61095607, 0.41450500, 0.27081639, 0.67309552, 0.30603760, 0.17450076, 0.46889603, 0.49564376)
(0.43923241, 0.58551520, 0.53768826, 0.08403617, 0.67332631, 0.16221243, 0.32310888, 0.75629747, 0.75111294, 0.18407413)
(0.42430246, 0.34731936, 0.75464362, 0.06535289, 0.64327300, 0.09685388, 0.62403822, 0.72498620, 0.46247467, 0.14262405)
(0.08324736, 0.71708816, 0.85824203, 0.32938251, 0.54872274, 0.67809469, 0.40135014, 0.17967117, 0.61305356, 0.67281729)
(0.48011965, 0.04969469, 0.44481257, 0.25371483, 0.84102327, 0.16361906, 0.11969144, 0.79127091, 0.08058060, 0.79141885)
(0.09440966, 0.60905349, 0.73747599, 0.25254819, 0.08554106, 0.17079756, 0.57565862, 0.24327806, 0.57904720, 0.42621839)
(0.33972308, 0.36913392, 0.60863960, 0.47327787, 0.53792244, 0.52130717, 0.78793424, 0.30648136, 0.40997860, 0.28484753)
(0.42954120, 0.69134212, 0.44822863, 0.27657256, 0.85514271, 0.70496595, 0.06605316, 0.27170172, 0.83359498, 0.16158947)
(0.53964484, 0.90674949, 0.68268514, 0.36302635, 0.42782059, 0.24298161, 0.09891798, 0.34738147, 0.64581800, 0.28069738)
(0.43606156, 0.06127823, 0.27763557, 0.88460284, 0.45983595, 0.52149385, 0.68452954, 0.66912937, 0.40624845, 0.24941950)
(0.38797280, 0.78617823, 0.93031228, 0.47601765, 0.43256828, 0.61797941, 0.74598598, 0.41377527, 0.67720824, 0.66269499)
(0.17088838, 0.44338235, 0.36203998, 0.40120512, 0.47234085, 0.86651850, 0.47076154, 0.15779968, 0.40697023, 0.67822695)
(0.80823034, 0.22144666, 0.11490916, 0.30344835, 0.75592583, 0.72744703, 0.65571243, 0.24293771, 0.07368455, 0.55067563)
(0.04646892, 0.73747146, 0.52991819, 0.21143883, 0.42710653, 0.25217885, 0.44071499, 0.20710962, 0.77064055, 0.55931419)
(0.73510218, 0.25712085, 0.37279019, 0.51888901, 0.39649987, 0.29599214, 0.07653861, 0.49522299, 0.27605855, 0.82460427)
(0.24418937, 0.16720200, 0.71087611, 0.35520142, 0.95075572, 0.51054126, 0.46288779, 0.14867307, 0.63496387, 0.63522094)
(0.34923732, 0.61206305, 0.57887816, 0.65195924, 0.28839895, 0.68660671, 0.10565778, 0.12692735, 0.08000995, 0.61270100)
(0.45242685, 0.17311050, 0.88081008, 0.81648374, 0.56066382, 0.53357452, 0.18224761, 0.36166295, 0.61613733, 0.75693351)
(0.20059019, 0.29122391, 0.96742713, 0.48417741, 0.12122678, 0.66325963, 0.13210550, 0.06828649, 0.48040393, 0.57280248)
(0.53502816, 0.41311666, 0.39803097, 0.15914531, 0.63997966, 0.88120592, 0.63569593, 0.47136757, 0.02450738, 0.53391755)
(0.89491975, 0.68169487, 0.26065671, 0.20805247, 0.45830381, 0.40099761, 0.42281032, 0.77729189, 0.88627166, 0.54600310)
(0.09943943, 0.88317323, 0.92954403, 0.29212272, 0.35139129, 0.30125284, 0.41073939, 0.40151826, 0.67630416, 0.28150123)
(0.54728824, 0.40174901, 0.14765602, 0.72639817, 0.93254179, 0.10829724, 0.78146350, 0.27453268, 0.42419237, 0.68727762)
(0.75080746, 0.57677573, 0.83542883, 0.69961417, 0.81623375, 0.68684393, 0.55454856, 0.38191819, 0.47723457, 0.59319443)
(0.73566598, 0.45827609, 0.33821329, 0.14352298, 0.16531141, 0.47559449, 0.32628605, 0.03068264, 0.64165980, 0.35299692)
(0.11643361, 0.92578077, 0.54513043, 0.10397357, 0.48265085, 0.77876914, 0.48397991, 0.54721653, 0.78741795, 0.41847351)
(0.52706659, 0.11045051, 0.48659965, 0.23016459, 0.79045677, 0.07666792, 0.29423472, 0.96903372, 0.08338051, 0.81828469)
(0.31343699, 0.70301062, 0.65065426, 0.18818110, 0.86603963, 0.24509536, 0.40303773, 0.64253974, 0.95811367, 0.40080974)
(0.03323637, 0.82486951, 0.37378520, 0.31512487, 0.24087703, 0.21801119, 0.32623419, 0.20566908, 0.62862611, 0.60536569)
(0.56498730, 0.26594967, 0.03040530, 0.74909550, 0.65624911, 0.55821216, 0.84038323, 0.30132407, 0.40933120, 0.95299846)
(0.61699921, 0.38715053, 0.93228787, 0.36579761, 0.57714581, 0.31832305, 0.79100621, 0.31609559, 0.58247089, 0.50931847)
(0.92371672, 0.33887327, 0.20634404, 0.47944337, 0.74554014, 0.51094139, 0.49843872, 0.63316107, 0.11694583, 0.09371228)
(0.22215626, 0.46813455, 0.51703644, 0.30326369, 0.43700340, 0.93192965, 0.08432624, 0.81314468, 0.38781661, 0.88184977)
(0.39014107, 0.12793897, 0.38968447, 0.41812167, 0.55875283, 0.73872197, 0.51268679, 0.13444538, 0.57008499, 0.22056524)
(0.65787655, 0.36670259, 0.09784740, 0.59694815, 0.03207600, 0.84087008, 0.53152120, 0.63898766, 0.62866867, 0.44337931)
(0.40437412, 0.46700817, 0.48348746, 0.40479094, 0.75654393, 0.87437803, 0.52722132, 0.48289451, 0.03681990, 0.75651962)
(0.26971555, 0.13465135, 0.06621137, 0.33530596, 0.46955356, 0.37650385, 0.80542409, 0.87299365, 0.08815704, 0.77952868)
(0.68069065, 0.38132948, 0.67464757, 0.64639181, 0.27778676, 0.62222004, 0.16832130, 0.33914056, 0.05222799, 0.50411689)
(0.78561133, 0.57470608, 0.92267877, 0.28472999, 0.54077232, 0.65635335, 0.90904194, 0.40900886, 0.62514818, 0.53955400)
(0.22583333, 0.63016039, 0.88777828, 0.38135007, 0.50758207, 0.63608468, 0.81482035, 0.26088595, 0.66133285, 0.64674491)
(0.64937377, 0.67462564, 0.14748909, 0.78744698, 0.40438762, 0.48063317, 0.87312514, 0.15764874, 0.13677746, 0.42544556)
(0.41135800, 0.39775750, 0.38936535, 0.26343730, 0.38655600, 0.70593864, 0.77389514, 0.33728215, 0.23971084, 0.24479498)
(0.29396215, 0.76705229, 0.09892831, 0.82074565, 0.54960334, 0.94476241, 0.48744881, 0.19596317, 0.29686135, 0.63264221)
(0.18850078, 0.29331672, 0.60241538, 0.29840884, 0.44509029, 0.92584914, 0.37162730, 0.51392823, 0.13401444, 0.46910715)
(0.25453591, 0.42959490, 0.31623924, 0.24357092, 0.47214034, 0.44071898, 0.87584609, 0.13981467, 0.24651739, 0.46122098)
(0.20929402, 0.46092287, 0.06233215, 0.75894636, 0.26380578, 0.93919921, 0.56154573, 0.32973230, 0.63189733, 0.64305878)
(0.85481018, 0.37990445, 0.51333457, 0.45171618, 0.64918244, 0.43507373, 0.26568645, 0.77768725, 0.06103637, 0.65442705)
(0.89782327, 0.69820327, 0.89551365, 0.50338072, 0.42541847, 0.57876283, 0.53845358, 0.36274603, 0.18048242, 0.63134718)
(0.58695722, 0.68778217, 0.39838561, 0.37332734, 0.36782077, 0.48698246, 0.74677777, 0.55169618, 0.05233957, 0.28758776)
(0.49569970, 0.65267730, 0.52944595, 0.60177398, 0.35748643, 0.65737689, 0.87697226, 0.48864764, 0.29298362, 0.71011990)
(0.77747840, 0.38127294, 0.04889836, 0.90232491, 0.28697619, 0.85375088, 0.67048532, 0.75889248, 0.24898212, 0.26559880)
(0.23247622, 0.45063180, 0.66562152, 0.14228192, 0.52596599, 0.94253713, 0.57137674, 0.22843300, 0.24340402, 0.57294261)
(0.42201319, 0.54965365, 0.26471013, 0.45010337, 0.69040209, 0.97086829, 0.08135166, 0.25347859, 0.19259091, 0.55855495)
(0.39946407, 0.47744116, 0.50126433, 0.13357554, 0.12041754, 0.20337053, 0.56480950, 0.04868140, 0.64916313, 0.31667653)
(0.53044671, 0.59943122, 0.64773095, 0.31135589, 0.42406982, 0.45766482, 0.92303717, 0.45481136, 0.01982618, 0.29646552)
(0.59752059, 0.08705755, 0.58682948, 0.46456292, 0.32271177, 0.43330187, 0.15489629, 0.49340433, 0.48773074, 0.82558554)
(0.71903354, 0.08752851, 0.03035167, 0.71103293, 0.10349331, 0.55801308, 0.69909459, 0.68152916, 0.43372148, 0.44374397)
(0.38640690, 0.04496140, 0.95557708, 0.50283617, 0.55905402, 0.32194775, 0.28795850, 0.15853016, 0.41481033, 0.77229810)
(0.95797360, 0.53927249, 0.27956846, 0.22575262, 0.41487166, 0.71092105, 0.77622783, 0.30494505, 0.03674578, 0.51034987)
(0.05567289, 0.30442101, 0.28133589, 0.78514802, 0.53528798, 0.76837766, 0.49531883, 0.47613773, 0.50799781, 0.42158258)
(0.32596979, 0.76994306, 0.87577015, 0.49876335, 0.37450323, 0.08148761, 0.66701239, 0.38707215, 0.62622815, 0.63965285)
(0.57138091, 0.82611400, 0.75392646, 0.57080948, 0.47228664, 0.45561081, 0.07913543, 0.33926016, 0.83307642, 0.41692144)
(0.04215225, 0.87229788, 0.67578048, 0.19333118, 0.84172559, 0.50681829, 0.30622825, 0.44490713, 0.68893260, 0.38556910)
(0.46254149, 0.22039868, 0.45676059, 0.61470872, 0.17545165, 0.42660627, 0.04767015, 0.26095235, 0.74739617, 0.61051494)
(0.80296403, 0.96049327, 0.49145898, 0.20889853, 0.40292445, 0.34976044, 0.82568038, 0.75604868, 0.96114749, 0.91618007)
(0.65625983, 0.11597768, 0.80812311, 0.40901157, 0.46430868, 0.32760364, 0.40995663, 0.96361524, 0.49029475, 0.21965502)
(0.24892113, 0.22139339, 0.63166392, 0.43819633, 0.45316371, 0.66612476, 0.22140914, 0.30159664, 0.30554551, 0.32247016)
(0.64812833, 0.39894426, 0.15347850, 0.78523684, 0.69357419, 0.44996208, 0.68371773, 0.33887559, 0.26738554, 0.90202355)
(0.69345587, 0.77995056, 0.37929252, 0.14512606, 0.51123273, 0.58021098, 0.77434558, 0.67615515, 0.50882232, 0.43430123)
(0.53220445, 0.67295218, 0.58031416, 0.46235126, 0.19960946, 0.65089428, 0.80788630, 0.51151729, 0.28336710, 0.51301569)
(0.83650005, 0.33620694, 0.15366477, 0.93318892, 0.48691362, 0.35084856, 0.82413369, 0.15915334, 0.24272823, 0.19939817)
(0.51197755, 0.26445863, 0.67635751, 0.15520123, 0.56208718, 0.91782856, 0.65691000, 0.81379575, 0.04973127, 0.47052693)
(0.40340129, 0.42934021, 0.42352918, 0.27718639, 0.60865176, 0.20300676, 0.20245124, 0.77911115, 0.20364092, 0.58276343)
(0.05672288, 0.37775484, 0.46852204, 0.51912421, 0.81411898, 0.86501014, 0.38937530, 0.18314125, 0.65217948, 0.31073332)
(0.25380373, 0.48882258, 0.48816377, 0.21324626, 0.80595714, 0.53094435, 0.13340922, 0.06709390, 0.88686353, 0.27017266)
(0.73173946, 0.58861518, 0.71529227, 0.27833751, 0.46354628, 0.49107763, 0.87312436, 0.24440169, 0.36178315, 0.88274980)
(0.35245240, 0.38579768, 0.50353956, 0.34461504, 0.44494873, 0.62509251, 0.73124528, 0.63992089, 0.01614666, 0.12431864)
(0.91862351, 0.69624621, 0.31326991, 0.45614681, 0.74597526, 0.76404834, 0.57016218, 0.16979469, 0.05013735, 0.45189056)
(0.06825779, 0.53270060, 0.88694549, 0.47304755, 0.56876153, 0.82435274, 0.58928055, 0.18675941, 0.82399017, 0.52749914)
(0.70156366, 0.36527041, 0.88570243, 0.29387173, 0.37796500, 0.86740547, 0.18145281, 0.25056636, 0.22641566, 0.91755402)
(0.40957519, 0.85389918, 0.88607430, 0.38533857, 0.52763939, 0.57044399, 0.37295699, 0.45458850, 0.65197754, 0.54596317)
(0.48636344, 0.17046219, 0.16987167, 0.88191491, 0.56534868, 0.22371273, 0.91800904, 0.07758532, 0.44170302, 0.08971215)
(0.86266571, 0.30639464, 0.52383161, 0.29425547, 0.40427378, 0.55221134, 0.52489525, 0.31777442, 0.10737249, 0.17980985)
(0.38623604, 0.18420418, 0.36361322, 0.23719846, 0.81044257, 0.70668411, 0.40452662, 0.12771451, 0.66317838, 0.46923921)
(0.21017680, 0.67456865, 0.33728883, 0.40732923, 0.41068324, 0.91872066, 0.65309644, 0.12170169, 0.02689257, 0.17289957)
(0.20928445, 0.17165445, 0.75939834, 0.26531506, 0.41619718, 0.79725522, 0.31225371, 0.22988161, 0.12596413, 0.23533678)
(0.67457503, 0.51053613, 0.88825423, 0.11633176, 0.85963714, 0.30314094, 0.56447428, 0.38742727, 0.79698378, 0.70158625)
(0.80911529, 0.62238669, 0.35235515, 0.24514654, 0.53615105, 0.40895912, 0.76579553, 0.32592762, 0.22422867, 0.22268699)
(0.45898077, 0.62827092, 0.76280171, 0.71848297, 0.90620440, 0.02596249, 0.10943776, 0.30105627, 0.60825169, 0.36359802)
(0.90561199, 0.46949783, 0.11393370, 0.48829833, 0.41098034, 0.83738643, 0.36423063, 0.89010644, 0.09158405, 0.76707017)
(0.27054077, 0.21365437, 0.41824493, 0.42215952, 0.49345618, 0.59996080, 0.06518935, 0.10001583, 0.75963002, 0.89511943)
(0.41813534, 0.73915261, 0.31608853, 0.76813716, 0.60443670, 0.90159619, 0.86032242, 0.33262438, 0.61136645, 0.86142737)
(0.95472497, 0.56735474, 0.23669222, 0.02887537, 0.19679840, 0.12834556, 0.60258633, 0.26736653, 0.45371139, 0.48202035)
(0.74974787, 0.46156502, 0.86420679, 0.26889259, 0.77820468, 0.44737238, 0.81418258, 0.29804602, 0.16078131, 0.26225278)
(0.48166686, 0.35958081, 0.25771281, 0.20784801, 0.42639840, 0.58788991, 0.90286219, 0.07250937, 0.18153039, 0.18701403)
(0.60176444, 0.04395219, 0.72250450, 0.11527617, 0.36889651, 0.31644559, 0.31377244, 0.10574518, 0.56188095, 0.92243993)
(0.82355744, 0.11893614, 0.91360521, 0.25241134, 0.68054497, 0.63699448, 0.87662089, 0.53784359, 0.31220257, 0.58626395)
(0.55093426, 0.18928285, 0.96423441, 0.10863268, 0.81535178, 0.16631177, 0.38328397, 0.22322999, 0.55411559, 0.47328669)
(0.46222153, 0.90788549, 0.46898505, 0.19641788, 0.82127607, 0.24317262, 0.35232797, 0.48411649, 0.87469095, 0.67344952)
(0.34149763, 0.50660551, 0.22035363, 0.47396100, 0.33529156, 0.95340061, 0.16278920, 0.39789149, 0.41147345, 0.87598288)
(0.74729407, 0.41212645, 0.29764950, 0.24186763, 0.28573212, 0.68147856, 0.92613870, 0.12480341, 0.06700008, 0.10865774)
(0.82212478, 0.46438521, 0.60361898, 0.58402067, 0.71329254, 0.30710879, 0.22491992, 0.31353769, 0.75505364, 0.72585982)
(0.52645320, 0.49870291, 0.58267134, 0.17443073, 0.96095228, 0.10358486, 0.86348283, 0.52680308, 0.87644625, 0.09866642)
(0.58025163, 0.26106998, 0.41319606, 0.80832690, 0.53147215, 0.71326441, 0.59452617, 0.85013235, 0.09058078, 0.11905941)
(0.54119694, 0.62950611, 0.36754361, 0.91369665, 0.57414585, 0.30529240, 0.87196380, 0.18137677, 0.44394529, 0.15808134)
(0.45367885, 0.74752414, 0.35038805, 0.34014007, 0.73017788, 0.89122546, 0.14919953, 0.10836978, 0.66715860, 0.76646084)
(0.54921496, 0.81917113, 0.83194172, 0.20168191, 0.63360393, 0.37171176, 0.19962370, 0.65518701, 0.79922223, 0.74413800)
(0.68696892, 0.47281325, 0.49087340, 0.20697069, 0.42897326, 0.06053365, 0.07201009, 0.12771127, 0.59087312, 0.16170168)
(0.42249945, 0.57840359, 0.40937072, 0.08511193, 0.20606419, 0.44622943, 0.39403954, 0.87483281, 0.12654595, 0.58264977)
(0.84666401, 0.23244330, 0.06318121, 0.62422013, 0.62584937, 0.48167855, 0.41332859, 0.78158122, 0.20530313, 0.80968195)
(0.52761286, 0.25585577, 0.39035234, 0.84687376, 0.19288990, 0.66692066, 0.77702188, 0.82393903, 0.70094335, 0.32807189)
(0.08206882, 0.22798471, 0.21209079, 0.67222935, 0.79632872, 0.85182309, 0.57648617, 0.09063921, 0.60233831, 0.26598763)
(0.16155431, 0.24292085, 0.54242295, 0.53356016, 0.72894233, 0.66546559, 0.74906808, 0.32118839, 0.21351968, 0.67874479)
(0.57967120, 0.04324843, 0.03109362, 0.14033656, 0.37381914, 0.66502112, 0.30030715, 0.63241535, 0.49871987, 0.80752760)
(0.08454875, 0.06824124, 0.39163256, 0.29780018, 0.66747510, 0.53910601, 0.73360330, 0.66343892, 0.08304261, 0.22889350)
(0.89817387, 0.39209360, 0.85920954, 0.46719372, 0.56323093, 0.70448297, 0.58589613, 0.92498231, 0.03533446, 0.80085653)
(0.30343044, 0.57527864, 0.62074167, 0.55755967, 0.06219891, 0.39675254, 0.89780897, 0.36196038, 0.63921553, 0.54213500)
(0.80579281, 0.09636024, 0.80053425, 0.44173315, 0.68747872, 0.44164595, 0.25479087, 0.93974209, 0.20986660, 0.63715738)
(0.20858169, 0.33072779, 0.73440689, 0.58951950, 0.73783857, 0.84661126, 0.37360799, 0.48117492, 0.42899290, 0.82347488)
(0.26411262, 0.17778492, 0.88380170, 0.59156281, 0.11086455, 0.78778845, 0.52388817, 0.19620550, 0.16485021, 0.26477990)
(0.14403543, 0.37264556, 0.55736709, 0.19416077, 0.34703988, 0.25963888, 0.77342045, 0.30601421, 0.81710273, 0.28306529)
(0.69425696, 0.07057190, 0.75055873, 0.08971065, 0.71079248, 0.21880661, 0.86801839, 0.96361691, 0.08551965, 0.45606560)
(0.11907922, 0.14909771, 0.27861458, 0.77423394, 0.46433070, 0.84622091, 0.42232081, 0.39376283, 0.65172815, 0.44581622)
(0.12867510, 0.09966533, 0.41962057, 0.33420771, 0.59737980, 0.18485187, 0.44432402, 0.10540640, 0.77397048, 0.34527147)
(0.10992052, 0.39508808, 0.43323025, 0.44244161, 0.48646206, 0.97677916, 0.49571013, 0.58862501, 0.24017139, 0.95577025)
(0.28316054, 0.68144041, 0.02831684, 0.09501880, 0.41022518, 0.14232576, 0.93453014, 0.81095964, 0.90877074, 0.42267638)
(0.34227538, 0.12593879, 0.79906076, 0.24567911, 0.73402160, 0.25897193, 0.41101399, 0.96618581, 0.25497478, 0.57177633)
(0.42914715, 0.21574117, 0.13208257, 0.80980468, 0.51705450, 0.68547022, 0.84002113, 0.23640710, 0.26561686, 0.26926401)
(0.24012761, 0.55638885, 0.36222970, 0.15326548, 0.43602988, 0.41700786, 0.72209597, 0.20413713, 0.91195756, 0.33791459)
(0.45399311, 0.06288999, 0.38805103, 0.32404780, 0.68109536, 0.67233735, 0.44294709, 0.52851808, 0.48462909, 0.94959378)
(0.69126874, 0.12823634, 0.16552536, 0.44971782, 0.75392801, 0.36776873, 0.63618690, 0.21554849, 0.42704403, 0.95479888)
(0.41836983, 0.66244626, 0.90534472, 0.34122193, 0.33818617, 0.82951599, 0.04030971, 0.14571862, 0.60062921, 0.63976330)
(0.50713152, 0.87946326, 0.53377891, 0.50450498, 0.17274760, 0.35341513, 0.49635029, 0.47007748, 0.26657814, 0.51967037)
(0.19196691, 0.35954085, 0.10415067, 0.79918480, 0.28563958, 0.88222831, 0.73244441, 0.34643120, 0.85634232, 0.54101783)
(0.42512968, 0.66329521, 0.62311727, 0.40438804, 0.80335289, 0.14892113, 0.07865795, 0.10650375, 0.76209545, 0.05936198)
(0.39601970, 0.07866199, 0.18623406, 0.88936394, 0.68312776, 0.36480191, 0.88065028, 0.48277491, 0.57176155, 0.65991229)
(0.56911331, 0.14826158, 0.10968783, 0.44975701, 0.63249844, 0.21544677, 0.60906345, 0.26183370, 0.03216908, 0.44813812)
(0.66289556, 0.55615234, 0.84727716, 0.31116006, 0.68112677, 0.65456110, 0.27961549, 0.15885942, 0.62294632, 0.68083787)
(0.32203561, 0.40666187, 0.22860664, 0.57222760, 0.56896234, 0.82380366, 0.74289644, 0.23517317, 0.13800789, 0.30089065)
(0.25259730, 0.66164821, 0.77616876, 0.45259562, 0.17486906, 0.34973001, 0.75612766, 0.22345905, 0.70241439, 0.44821376)
(0.52096325, 0.53274512, 0.37719247, 0.49699444, 0.36607787, 0.73525232, 0.79169703, 0.35292137, 0.14499871, 0.33131903)
(0.48115101, 0.78065211, 0.68363011, 0.12729587, 0.30585462, 0.82273078, 0.64718652, 0.37693116, 0.20991561, 0.50898451)
(0.39433739, 0.36720812, 0.27808022, 0.52801776, 0.35931313, 0.85495359, 0.02151220, 0.33640584, 0.37986660, 0.70635140)
(0.38223770, 0.09824262, 0.14634505, 0.48291144, 0.32715234, 0.88792092, 0.58965582, 0.14989437, 0.77537441, 0.55834496)
(0.20144609, 0.73858887, 0.69636428, 0.37837961, 0.94306666, 0.19247404, 0.36737615, 0.41874358, 0.78704137, 0.09206963)
(0.80538297, 0.34269559, 0.48036313, 0.31269112, 0.28931892, 0.27901605, 0.24360725, 0.19990611, 0.03351528, 0.95755327)
(0.12925738, 0.81304276, 0.47852334, 0.45347670, 0.56659085, 0.20798613, 0.12832126, 0.41897535, 0.66349119, 0.06385324)
(0.35136703, 0.07538313, 0.62418258, 0.29167458, 0.77738881, 0.33924809, 0.26925209, 0.96995634, 0.25025117, 0.57058269)
(0.06228320, 0.56607491, 0.79409242, 0.25526050, 0.35091296, 0.74794996, 0.16294613, 0.19425115, 0.62700826, 0.69149083)
(0.63848865, 0.51755279, 0.16263506, 0.75121444, 0.38972270, 0.94159675, 0.64819074, 0.27398461, 0.24200188, 0.49650770)
(0.13482799, 0.57493150, 0.09700461, 0.76938128, 0.47121283, 0.95129025, 0.38172421, 0.49203694, 0.36139068, 0.82600594)
(0.77650291, 0.30024970, 0.82340461, 0.78205252, 0.29301465, 0.63799155, 0.18392652, 0.29400176, 0.68975306, 0.75839728)
(0.22439709, 0.72535181, 0.19771728, 0.40462911, 0.76049256, 0.15686606, 0.93766165, 0.13980861, 0.55740422, 0.31939226)
(0.08374081, 0.94363397, 0.47227389, 0.10627952, 0.56209731, 0.64089859, 0.26952326, 0.43879613, 0.68671697, 0.44720304)
(0.90767139, 0.42284426, 0.58668017, 0.46603331, 0.65538907, 0.51907402, 0.85946959, 0.14243318, 0.36488438, 0.06931009)
(0.78238207, 0.22578247, 0.51589215, 0.43047714, 0.79559863, 0.61232084, 0.61379385, 0.67187142, 0.14991185, 0.91637856)
(0.19095275, 0.39147314, 0.14961329, 0.89732885, 0.88618529, 0.45243362, 0.80660290, 0.32880467, 0.85769212, 0.37953559)
(0.47629783, 0.04146224, 0.23770668, 0.19295040, 0.55988401, 0.63530296, 0.09585769, 0.28191039, 0.52273154, 0.89876020)
(0.56017339, 0.15112217, 0.32139200, 0.83890277, 0.53214461, 0.68127769, 0.65372556, 0.57080638, 0.09301952, 0.19996251)
(0.39287820, 0.61776477, 0.39847079, 0.24777937, 0.97026056, 0.27282655, 0.36416131, 0.30682641, 0.77741313, 0.08155827)
(0.63589370, 0.94318384, 0.78015649, 0.12832659, 0.77563167, 0.59424025, 0.57576650, 0.60584748, 0.91083914, 0.78453624)
(0.49611223, 0.49599555, 0.02647075, 0.75553644, 0.54403371, 0.83155853, 0.79288656, 0.25647700, 0.66364813, 0.74513769)
(0.79075235, 0.75786984, 0.89654303, 0.27315485, 0.64135903, 0.33159778, 0.33557472, 0.42237279, 0.80010307, 0.80575192)
(0.45526564, 0.74885285, 0.30074793, 0.53836393, 0.85369444, 0.78813249, 0.35269740, 0.43616641, 0.84586382, 0.10975911)
(0.79732436, 0.56699032, 0.71109557, 0.48862275, 0.49070421, 0.33913556, 0.62159628, 0.53033620, 0.10130192, 0.62683612)
(0.22534364, 0.16974345, 0.15546724, 0.46964052, 0.70861006, 0.60643458, 0.43311527, 0.41179699, 0.78648943, 0.84540617)
(0.40966874, 0.55413926, 0.50557005, 0.65319610, 0.94241393, 0.46122465, 0.35318816, 0.42094606, 0.83762580, 0.20360218)
(0.64705563, 0.48098725, 0.02764162, 0.38027790, 0.22026339, 0.87406802, 0.28707522, 0.95968616, 0.06688758, 0.29905194)
(0.81863207, 0.30833092, 0.76333165, 0.09342645, 0.89722532, 0.06446135, 0.58877313, 0.42084390, 0.17565683, 0.71027333)
(0.88991266, 0.08264742, 0.03141697, 0.60988295, 0.67920816, 0.29790118, 0.57420099, 0.81642717, 0.15064064, 0.11569984)
(0.62317449, 0.20548590, 0.25403818, 0.14446555, 0.48331153, 0.52966481, 0.85595322, 0.21842754, 0.06442061, 0.19455428)
(0.02300594, 0.90076566, 0.71767640, 0.45858121, 0.21734506, 0.18911681, 0.28250343, 0.44387701, 0.79444927, 0.36291590)
(0.16091047, 0.46505591, 0.09833120, 0.76260835, 0.18779066, 0.70808244, 0.65517241, 0.64519894, 0.85895026, 0.60816354)
(0.03893755, 0.91555160, 0.64768922, 0.36628264, 0.35972935, 0.49194831, 0.17087165, 0.17035533, 0.59199750, 0.60093993)
(0.09253479, 0.34518242, 0.62258691, 0.20862159, 0.50595713, 0.26652369, 0.38344675, 0.14942342, 0.89080524, 0.29186541)
(0.42377287, 0.16198167, 0.62835592, 0.08083074, 0.78256685, 0.37823197, 0.52567911, 0.08506793, 0.89076811, 0.12986043)
(0.12145819, 0.34477043, 0.15680389, 0.80062205, 0.38852146, 0.91709906, 0.56501436, 0.43363601, 0.28565744, 0.78525305)
(0.73652411, 0.52445835, 0.12010244, 0.96496451, 0.40549114, 0.19892399, 0.86879683, 0.43138915, 0.96731001, 0.42390040)
(0.65309405, 0.62039483, 0.62377954, 0.15309907, 0.16499068, 0.56065786, 0.80209142, 0.33243290, 0.31118402, 0.48953289)
(0.62186766, 0.22670707, 0.42726839, 0.24653402, 0.10359102, 0.45598751, 0.52313411, 0.03963168, 0.39834526, 0.71189523)
(0.76019007, 0.63314807, 0.04908719, 0.90452069, 0.35209179, 0.88234025, 0.86083722, 0.16453876, 0.84371734, 0.63824779)
(0.48941246, 0.75278115, 0.60716891, 0.52843308, 0.93810374, 0.41122890, 0.30822435, 0.30837998, 0.93178535, 0.11188353)
(0.40853509, 0.97596389, 0.74966693, 0.80157250, 0.07280391, 0.16636235, 0.70664346, 0.52678955, 0.60818911, 0.61279333)
(0.14457437, 0.36859092, 0.40005112, 0.46733999, 0.90485024, 0.72587991, 0.51979399, 0.17226319, 0.70855743, 0.43926570)
(0.84788859, 0.28227201, 0.16327141, 0.24176620, 0.68535078, 0.71011072, 0.20990294, 0.90121293, 0.09571051, 0.25367394)
(0.33130294, 0.39601088, 0.29071316, 0.46412519, 0.58945298, 0.90797937, 0.36985084, 0.44896632, 0.04491434, 0.40082109)
(0.56198227, 0.85071665, 0.83327496, 0.35347781, 0.70328516, 0.04093041, 0.27187490, 0.52085161, 0.75849056, 0.42791098)
(0.11993836, 0.36263758, 0.38059604, 0.88048261, 0.51181054, 0.85928893, 0.81083041, 0.48425457, 0.52449334, 0.53086889)
(0.50119108, 0.49038959, 0.55419040, 0.27334386, 0.29164806, 0.73713565, 0.79939711, 0.50504184, 0.11887430, 0.53434694)
(0.66033930, 0.90538144, 0.56147718, 0.12634543, 0.46351263, 0.36568260, 0.13885446, 0.62323004, 0.89373380, 0.79529780)
(0.55160773, 0.60485345, 0.90716213, 0.38343903, 0.35465476, 0.67298979, 0.29521969, 0.09237348, 0.73020470, 0.89662725)
(0.19851550, 0.04564052, 0.70314765, 0.17214011, 0.76676732, 0.39237317, 0.90272254, 0.50904793, 0.11787154, 0.46154699)
(0.59738034, 0.26440838, 0.95666826, 0.44911662, 0.46000364, 0.86502320, 0.27130279, 0.38989276, 0.22453174, 0.51661575)
(0.83881140, 0.46640420, 0.19202685, 0.51019394, 0.37276322, 0.81192267, 0.30926323, 0.03974196, 0.66807699, 0.46422845)
(0.33551261, 0.23168413, 0.35077739, 0.59941494, 0.94033056, 0.68282217, 0.22254841, 0.43703189, 0.85780919, 0.68192643)
(0.20608602, 0.04791465, 0.15003628, 0.43747729, 0.46609914, 0.38981283, 0.85421568, 0.06704807, 0.11960108, 0.23482776)
(0.86737740, 0.27564839, 0.03758939, 0.44357479, 0.26782435, 0.81569332, 0.41897619, 0.76997137, 0.27097932, 0.64673048)
(0.88682610, 0.76612937, 0.92125136, 0.70158648, 0.56966698, 0.76734066, 0.55061203, 0.22506741, 0.57608497, 0.87987810)
(0.53605592, 0.12936495, 0.57023048, 0.38046256, 0.40858722, 0.37412298, 0.07087839, 0.07389504, 0.62899029, 0.94143337)
(0.75325900, 0.46004331, 0.53860325, 0.92227268, 0.71421617, 0.22758040, 0.89444274, 0.27291632, 0.31629366, 0.17743878)
(0.49896449, 0.89358634, 0.88334042, 0.10263320, 0.39813390, 0.70558089, 0.33010054, 0.53565258, 0.93756723, 0.34685650)
(0.70516151, 0.68537867, 0.51725680, 0.84035712, 0.08435397, 0.22478239, 0.71324825, 0.49503589, 0.08828440, 0.75442493)
(0.88447291, 0.34769511, 0.11011710, 0.51968110, 0.53635538, 0.89081699, 0.38673803, 0.39664939, 0.42236668, 0.57080525)
(0.49317420, 0.77736008, 0.76859027, 0.69137406, 0.60837942, 0.78056854, 0.35933959, 0.31945920, 0.41785726, 0.72039288)
(0.94478881, 0.60411251, 0.24601215, 0.84070563, 0.31748620, 0.73265231, 0.74643141, 0.16514836, 0.41995421, 0.35028464)
(0.28262663, 0.59390867, 0.29911515, 0.27433908, 0.54593068, 0.85243863, 0.55895793, 0.26057854, 0.07445212, 0.66221654)
(0.38199532, 0.12122939, 0.45716339, 0.62248945, 0.59370178, 0.69070232, 0.23546608, 0.31799755, 0.64169598, 0.24392888)
(0.91498131, 0.33140981, 0.93338186, 0.28683197, 0.49078965, 0.56827265, 0.85227901, 0.57770330, 0.09463978, 0.77974099)
(0.53659111, 0.19737953, 0.35408488, 0.51887810, 0.57907921, 0.75766379, 0.16751699, 0.46479133, 0.72429895, 0.43426731)
(0.59123105, 0.51566207, 0.38675401, 0.10488472, 0.68306810, 0.11407997, 0.72717476, 0.69054967, 0.85811639, 0.57903230)
(0.03577148, 0.52850068, 0.65322822, 0.29472038, 0.82020122, 0.80612063, 0.62477225, 0.19136845, 0.49477106, 0.52868032)
(0.24331930, 0.16819370, 0.74434322, 0.39671025, 0.84291589, 0.17291619, 0.37092295, 0.74736977, 0.08829923, 0.28068095)
(0.73853630, 0.58731109, 0.58318853, 0.40673327, 0.88537925, 0.25993624, 0.11014582, 0.52343577, 0.80378753, 0.08234298)
(0.20631817, 0.24056193, 0.84031540, 0.47402093, 0.31718823, 0.79837304, 0.68955535, 0.20709264, 0.25218588, 0.24064247)
(0.68907958, 0.30302033, 0.95719850, 0.76974106, 0.67328435, 0.09300236, 0.20569581, 0.39118966, 0.76952296, 0.11958584)
(0.92114019, 0.37491250, 0.08568449, 0.51578373, 0.68085933, 0.68087894, 0.41681159, 0.77090824, 0.08160264, 0.80758816)
(0.74425876, 0.24749573, 0.13663331, 0.75853223, 0.66143322, 0.64797640, 0.58588910, 0.46487758, 0.25086048, 0.27769157)
(0.86805010, 0.93115872, 0.18456255, 0.28179303, 0.39772600, 0.53517675, 0.47620651, 0.84716606, 0.85023057, 0.36954367)
(0.67686439, 0.42887333, 0.13886465, 0.73559052, 0.36101633, 0.58597684, 0.55920047, 0.95550382, 0.13627243, 0.11624111)
(0.21530901, 0.26262292, 0.72030735, 0.29694322, 0.84851772, 0.35882556, 0.82749116, 0.15033469, 0.37876859, 0.68285990)
(0.11726235, 0.40551874, 0.34364155, 0.37989193, 0.40660688, 0.27499756, 0.97600162, 0.10146680, 0.45544305, 0.30880487)
(0.42180660, 0.17384051, 0.80300289, 0.25812694, 0.84773719, 0.23547179, 0.60111046, 0.76258242, 0.04924882, 0.25884572)
(0.12727772, 0.50296354, 0.53864652, 0.23707482, 0.68950039, 0.89481455, 0.08705297, 0.10021719, 0.68488020, 0.17491773)
(0.36545134, 0.91407782, 0.75847280, 0.45714658, 0.05178925, 0.38746440, 0.47310352, 0.49148321, 0.44524306, 0.74813491)
(0.84700662, 0.31432500, 0.95075023, 0.63709974, 0.37356046, 0.66861731, 0.44047210, 0.39583069, 0.40495554, 0.43200272)
(0.22189666, 0.15540212, 0.07535703, 0.82760292, 0.87075704, 0.21797916, 0.90111440, 0.21108590, 0.80360782, 0.53794676)
(0.56926608, 0.55013973, 0.06984562, 0.75857824, 0.75257778, 0.81680644, 0.54814976, 0.31720412, 0.73023260, 0.91189837)
(0.35107604, 0.50953943, 0.58561999, 0.55046779, 0.93617445, 0.37858331, 0.47819459, 0.19880718, 0.80007553, 0.06538338)
(0.14022304, 0.84958506, 0.65311855, 0.18881857, 0.77400941, 0.37333155, 0.23133262, 0.64779460, 0.72196072, 0.22741199)
(0.45990655, 0.37874207, 0.88975024, 0.19173834, 0.59755760, 0.73809361, 0.48948455, 0.17304830, 0.47360650, 0.78254038)
(0.45300856, 0.47946519, 0.04695376, 0.83403409, 0.16842830, 0.61830747, 0.76721460, 0.61326736, 0.70103139, 0.70035988)
(0.52644819, 0.65198225, 0.56796098, 0.30871931, 0.68422806, 0.09680951, 0.06818691, 0.10723512, 0.65426260, 0.39271501)
(0.54558772, 0.22546123, 0.24531451, 0.27301034, 0.53341341, 0.20522600, 0.26110992, 0.85405660, 0.19869831, 0.76326573)
(0.23954272, 0.92190921, 0.44024447, 0.33125961, 0.67464948, 0.78692698, 0.16084351, 0.15354413, 0.63057536, 0.57797408)
(0.09454363, 0.11703555, 0.10922984, 0.78694201, 0.55281937, 0.52245504, 0.84882087, 0.49837086, 0.40446654, 0.47890905)
(0.93654996, 0.12832695, 0.05271444, 0.14181376, 0.29872996, 0.62668854, 0.47939593, 0.85413915, 0.16595034, 0.37957534)
(0.06577761, 0.57480383, 0.57979304, 0.12520562, 0.81132263, 0.20284194, 0.49580270, 0.51662785, 0.88710523, 0.16753656)
(0.31291112, 0.18695971, 0.44365084, 0.59141505, 0.47942880, 0.64548069, 0.06425199, 0.52243155, 0.43834317, 0.51814413)
(0.15056425, 0.97039324, 0.60783517, 0.18056588, 0.79237562, 0.90060693, 0.39889565, 0.27886772, 0.44800630, 0.67373419)
(0.51062727, 0.44238135, 0.80156004, 0.24044906, 0.57881069, 0.18752578, 0.49238226, 0.72116899, 0.48761144, 0.23181278)
(0.75439495, 0.71219641, 0.46137658, 0.31019714, 0.53557217, 0.54788417, 0.86807078, 0.27891222, 0.35161790, 0.75514036)
(0.82270956, 0.42965552, 0.13369581, 0.64306635, 0.32122022, 0.86152238, 0.39624169, 0.40959451, 0.32458133, 0.65311968)
(0.66623110, 0.86660725, 0.75768131, 0.08815355, 0.30612475, 0.67225665, 0.88310581, 0.64470732, 0.82545042, 0.64870667)
(0.82997894, 0.84385389, 0.24635790, 0.32641068, 0.59401000, 0.74684125, 0.73744035, 0.08932801, 0.30642849, 0.40937373)
(0.52505249, 0.48157850, 0.79334247, 0.48650238, 0.79913616, 0.84285730, 0.78351051, 0.60142529, 0.03323263, 0.61145818)
(0.32802179, 0.49698806, 0.52314317, 0.42291880, 0.32533866, 0.64844620, 0.59924483, 0.21552236, 0.46929464, 0.48250216)
(0.54901725, 0.05262880, 0.82414776, 0.47278482, 0.58107954, 0.27170363, 0.09330677, 0.71111292, 0.24968916, 0.56254101)
(0.38366225, 0.26971278, 0.24773145, 0.20326328, 0.59617937, 0.55414110, 0.24619800, 0.03287902, 0.84206063, 0.79428905)
(0.25517926, 0.06818963, 0.05306413, 0.40573993, 0.65555978, 0.63041270, 0.60187167, 0.56781018, 0.66318399, 0.91756481)
(0.41540122, 0.23194413, 0.81921583, 0.25063223, 0.40552080, 0.12247642, 0.26496539, 0.91504425, 0.26631904, 0.43449631)
(0.34121197, 0.29983875, 0.63084173, 0.24803215, 0.44076639, 0.78885734, 0.19076966, 0.15819296, 0.18375131, 0.19626474)
(0.53452551, 0.48275518, 0.02897373, 0.89630365, 0.23283559, 0.82490683, 0.83564550, 0.48090717, 0.89863175, 0.56361836)
(0.38903052, 0.71249402, 0.62084603, 0.06044672, 0.51408505, 0.83841985, 0.70971650, 0.23769087, 0.58115047, 0.73428488)
(0.64888078, 0.43044412, 0.89716208, 0.57637131, 0.13468160, 0.24214131, 0.88414538, 0.39770734, 0.27531481, 0.33832726)
(0.54310048, 0.73615581, 0.46115592, 0.25774944, 0.37456426, 0.81030792, 0.71658194, 0.31121647, 0.34518525, 0.17637551)
(0.60628855, 0.59871757, 0.62088996, 0.14414397, 0.92562193, 0.13419907, 0.56311101, 0.30688652, 0.22899437, 0.51413369)
(0.76490784, 0.67573750, 0.49339598, 0.34263381, 0.69245338, 0.79878795, 0.33869949, 0.22874917, 0.87934822, 0.19174618)
(0.32041094, 0.40047562, 0.09704839, 0.47310260, 0.59023470, 0.81501502, 0.54355019, 0.62289810, 0.15553392, 0.60394627)
(0.77388322, 0.08368582, 0.81605637, 0.42684042, 0.38186595, 0.65821749, 0.39060375, 0.72422689, 0.47642526, 0.51476520)
(0.72221285, 0.74756777, 0.79197967, 0.48086610, 0.27518657, 0.15922770, 0.42460257, 0.14472151, 0.11372742, 0.52670807)
(0.77894855, 0.26965192, 0.72058970, 0.08267111, 0.44597590, 0.84904373, 0.63481855, 0.97423393, 0.29822552, 0.51861846)
(0.74106878, 0.38641509, 0.93283498, 0.59881026, 0.29652432, 0.52394354, 0.37358934, 0.22974400, 0.23883067, 0.27401644)
(0.58301342, 0.07793526, 0.14388496, 0.30698401, 0.38509312, 0.76075375, 0.13223636, 0.29819229, 0.61434823, 0.85228395)
(0.16198128, 0.52998596, 0.20160101, 0.11958614, 0.49635971, 0.77186346, 0.60384214, 0.17987010, 0.35588899, 0.45566100)
(0.77171016, 0.23177288, 0.66995347, 0.46688527, 0.34847507, 0.55541658, 0.72205633, 0.70483536, 0.32007319, 0.34648126)
(0.33204681, 0.38666824, 0.94571847, 0.72940451, 0.36706597, 0.24071240, 0.45119664, 0.07323597, 0.72983038, 0.43386033)
(0.43748742, 0.07836123, 0.24910329, 0.42967612, 0.79770482, 0.46042305, 0.73497277, 0.60201496, 0.11906096, 0.85590655)
(0.42471340, 0.61837059, 0.46261439, 0.32911482, 0.66776180, 0.90159661, 0.43277547, 0.40326452, 0.01803363, 0.59647691)
(0.83102787, 0.52551877, 0.05301834, 0.14078054, 0.05064543, 0.77477878, 0.20771401, 0.89447802, 0.13870806, 0.68973678)
(0.36154443, 0.05562486, 0.13961141, 0.84080172, 0.52592146, 0.36533734, 0.85387039, 0.45028132, 0.27458656, 0.18146992)
(0.49003905, 0.34963727, 0.90333223, 0.56596512, 0.33847868, 0.44007254, 0.58021706, 0.11066013, 0.58044696, 0.26556319)
(0.20025796, 0.18881474, 0.77341592, 0.78480983, 0.81346673, 0.64992046, 0.77697736, 0.34611592, 0.44011518, 0.70719987)
(0.08411649, 0.37010947, 0.10732056, 0.66945708, 0.33041784, 0.90922302, 0.59549391, 0.39603847, 0.39067635, 0.64570642)
(0.92921805, 0.53214973, 0.57770509, 0.21274079, 0.47626024, 0.76016986, 0.89913493, 0.95693994, 0.02673945, 0.65193903)
(0.61392957, 0.08323713, 0.38071620, 0.44230217, 0.35865924, 0.74767840, 0.20689411, 0.70516658, 0.49764413, 0.71148783)
(0.89383513, 0.46872458, 0.80935830, 0.76051664, 0.09334718, 0.38647270, 0.90091765, 0.87186247, 0.14808927, 0.46777076)
(0.17392708, 0.27731389, 0.75617993, 0.28935614, 0.48526055, 0.44243920, 0.85324878, 0.20684192, 0.54755569, 0.27364632)
(0.59823269, 0.69690186, 0.93459201, 0.74108934, 0.75716305, 0.08463100, 0.34956899, 0.26382020, 0.77522236, 0.52663833)
(0.68686414, 0.32952929, 0.31268606, 0.37676710, 0.30988744, 0.61018258, 0.28333297, 0.75231498, 0.45131296, 0.92473000)
(0.84708226, 0.79694760, 0.83817762, 0.42192924, 0.71030056, 0.72046810, 0.62192172, 0.32355687, 0.41245618, 0.78585190)
(0.28302082, 0.50498861, 0.75574720, 0.23639700, 0.65057665, 0.84536862, 0.38333496, 0.10231585, 0.39108697, 0.19474371)
(0.26236719, 0.17598251, 0.71518159, 0.42306718, 0.64961672, 0.95842421, 0.27315012, 0.54631722, 0.44749716, 0.81772196)
(0.55320728, 0.26716626, 0.59310591, 0.31984177, 0.20735361, 0.66653842, 0.33605164, 0.09783905, 0.14365350, 0.70535886)
(0.79488301, 0.12398379, 0.74781829, 0.15100606, 0.36349437, 0.74597728, 0.63261187, 0.94812137, 0.51750922, 0.72290432)
(0.26951674, 0.66622686, 0.54266047, 0.22489771, 0.66128105, 0.66444850, 0.81786400, 0.44175148, 0.61051428, 0.59918684)
(0.68944508, 0.61620378, 0.49977371, 0.30767384, 0.27545637, 0.82343054, 0.84639591, 0.13765073, 0.44184065, 0.77066332)
(0.62381816, 0.66080850, 0.05328964, 0.95069885, 0.43930793, 0.74875355, 0.86623287, 0.44594058, 0.87882668, 0.41829360)
(0.31596994, 0.25221705, 0.25706720, 0.39425534, 0.75727016, 0.12304348, 0.46899888, 0.28440481, 0.03975691, 0.08423308)
(0.80643076, 0.43198341, 0.67321408, 0.03678939, 0.15491211, 0.75017411, 0.48233986, 0.99022138, 0.11554804, 0.83786589)
(0.50927997, 0.14192058, 0.10942423, 0.30327493, 0.62980634, 0.82546228, 0.54819411, 0.70905501, 0.37590066, 0.64676857)
(0.67730796, 0.65421766, 0.44860691, 0.36434391, 0.58231157, 0.52933359, 0.72659165, 0.15361880, 0.46734431, 0.13607414)
(0.48310366, 0.55222356, 0.56602395, 0.43280199, 0.62395936, 0.97124058, 0.15984195, 0.42215261, 0.20519149, 0.83593780)
(0.46788493, 0.23492345, 0.36154062, 0.49167052, 0.90574145, 0.24289489, 0.26336977, 0.87830806, 0.10238066, 0.58773690)
(0.39315787, 0.83370733, 0.35054278, 0.48574978, 0.11083961, 0.35078302, 0.70609236, 0.41028684, 0.76874906, 0.55165750)
(0.60605526, 0.22881278, 0.09435413, 0.70732212, 0.11627562, 0.60551697, 0.74085921, 0.38571492, 0.47473031, 0.63612854)
(0.95861459, 0.47376767, 0.87289119, 0.10430404, 0.65215385, 0.18456195, 0.66355479, 0.48312524, 0.37762612, 0.70591533)
(0.33957556, 0.16818658, 0.31021345, 0.94270897, 0.50976110, 0.56828564, 0.85739642, 0.61206311, 0.61395532, 0.30819815)
(0.24769929, 0.30484876, 0.79080588, 0.57105535, 0.13513836, 0.61824328, 0.90729976, 0.14627114, 0.47834232, 0.46558547)
(0.35862336, 0.18507819, 0.07718625, 0.57991874, 0.75205433, 0.61853707, 0.36103705, 0.54254037, 0.83173847, 0.92393041)
(0.56893420, 0.49876246, 0.13076785, 0.55208021, 0.68146193, 0.91458458, 0.38453376, 0.50761652, 0.54254055, 0.78124291)
(0.16878769, 0.85164034, 0.24407919, 0.76746953, 0.64606220, 0.96536762, 0.71731740, 0.17008829, 0.37146994, 0.54815251)
(0.58436674, 0.25886035, 0.42459852, 0.83420563, 0.97213036, 0.31320629, 0.36222419, 0.25515351, 0.86310065, 0.03884242)
(0.63127434, 0.87441301, 0.55432785, 0.37850964, 0.59251148, 0.77786601, 0.21712440, 0.33783355, 0.83324420, 0.05620442)
(0.48969290, 0.15197305, 0.55848414, 0.42594978, 0.33329973, 0.63072455, 0.21902204, 0.58373404, 0.70744067, 0.92683423)
(0.43806994, 0.52999115, 0.48904070, 0.46057373, 0.63556969, 0.76260561, 0.72657478, 0.32928643, 0.19798295, 0.60413259)
(0.83341616, 0.37263379, 0.57621598, 0.21894020, 0.51177233, 0.78531587, 0.71622676, 0.23926531, 0.22487265, 0.64956635)
(0.83055723, 0.14065146, 0.27237922, 0.94547331, 0.39468125, 0.37364119, 0.88551205, 0.26876315, 0.61161858, 0.19673343)
(0.09733795, 0.42643034, 0.45868418, 0.24910720, 0.61029547, 0.77502525, 0.55166447, 0.22382292, 0.58401620, 0.28883800)
(0.21038447, 0.24098894, 0.44802880, 0.58825082, 0.83137262, 0.77176553, 0.48858196, 0.28027678, 0.43528727, 0.43717757)
(0.77873987, 0.64245123, 0.30351612, 0.76220381, 0.25139162, 0.60950452, 0.18038708, 0.12731157, 0.86997473, 0.14655849)
(0.14714973, 0.40686744, 0.25048983, 0.87264389, 0.25754744, 0.78720760, 0.76814598, 0.54093963, 0.65453929, 0.55540168)
(0.89459515, 0.30096981, 0.19812842, 0.35171241, 0.28564158, 0.62737775, 0.27552885, 0.60345060, 0.16780508, 0.95654523)
(0.58517385, 0.96505427, 0.78808361, 0.09876367, 0.47470945, 0.65830290, 0.23230448, 0.69510764, 0.71125746, 0.61438477)
(0.50925422, 0.32552847, 0.49010387, 0.34048596, 0.23287241, 0.24169520, 0.06901988, 0.52658451, 0.39884499, 0.75268012)
(0.12753212, 0.22748314, 0.10620582, 0.52920079, 0.48292109, 0.84514964, 0.36060125, 0.76169473, 0.23016976, 0.27250588)
(0.54706186, 0.82827497, 0.69456750, 0.33117610, 0.65041387, 0.81017715, 0.58837050, 0.33932197, 0.01746918, 0.55795836)
(0.83123219, 0.56189328, 0.52137965, 0.51771355, 0.79699892, 0.57420731, 0.39593074, 0.22040033, 0.45237780, 0.76348555)
(0.28943667, 0.18559757, 0.28314278, 0.42755926, 0.90589786, 0.30426201, 0.47194347, 0.11080511, 0.30085859, 0.46464017)
(0.76195985, 0.12493542, 0.33401662, 0.25071254, 0.64165956, 0.79334950, 0.24828157, 0.59005415, 0.46283180, 0.78102607)
(0.38165405, 0.89877754, 0.24061330, 0.26068726, 0.49730581, 0.08876229, 0.26247787, 0.33145651, 0.78414810, 0.24204347)
(0.19646958, 0.70592332, 0.70923239, 0.38992247, 0.28633714, 0.09654808, 0.62469643, 0.10931989, 0.68568301, 0.43188989)
(0.49311221, 0.64328492, 0.29879245, 0.60235435, 0.87505209, 0.63040614, 0.03870164, 0.25721580, 0.90676594, 0.26067743)
(0.38213632, 0.84945315, 0.72019237, 0.50340611, 0.48315957, 0.87814182, 0.92706150, 0.29601017, 0.51736599, 0.26930147)
(0.88684654, 0.45947784, 0.83284158, 0.79164338, 0.47852612, 0.48328456, 0.29027221, 0.46885735, 0.07127840, 0.75126117)
(0.44672990, 0.70501596, 0.34801146, 0.44515130, 0.31359315, 0.72508496, 0.85022062, 0.51259178, 0.57965189, 0.40198952)
(0.17916845, 0.12541094, 0.89224297, 0.82780319, 0.30656305, 0.57521379, 0.04083787, 0.51342922, 0.47773623, 0.72579354)
(0.38624954, 0.07348535, 0.15105589, 0.93170214, 0.84921724, 0.04893928, 0.71364909, 0.53474897, 0.94206899, 0.09302994)
(0.61177033, 0.56023657, 0.23875712, 0.61538148, 0.86612958, 0.40536347, 0.58921641, 0.16908649, 0.26206577, 0.72831452)
(0.63750780, 0.43916470, 0.26876137, 0.40937164, 0.59897768, 0.51339144, 0.77387047, 0.13958326, 0.06563131, 0.28371418)
(0.84214544, 0.73413628, 0.02000614, 0.95050925, 0.45531934, 0.75886047, 0.79797494, 0.20970374, 0.92985493, 0.59828144)
(0.71831048, 0.51653028, 0.39614207, 0.60355031, 0.46864602, 0.81539881, 0.24397364, 0.36813870, 0.57187194, 0.92002654)
(0.05776614, 0.43013734, 0.70949382, 0.25002015, 0.39523089, 0.73359287, 0.53568995, 0.08615589, 0.69715130, 0.43167496)
(0.54892421, 0.55832040, 0.59099519, 0.52585840, 0.59035945, 0.74961215, 0.42994305, 0.20819014, 0.43019721, 0.79018486)
(0.08024579, 0.96959937, 0.72127736, 0.35186225, 0.28016958, 0.35115352, 0.21784246, 0.79730690, 0.70142472, 0.68860948)
(0.78194284, 0.26894152, 0.07768665, 0.71583223, 0.32302985, 0.87023628, 0.48628449, 0.91630214, 0.22016831, 0.10259010)
(0.54038125, 0.16854589, 0.33983779, 0.28867838, 0.32581088, 0.36687428, 0.33417553, 0.05261493, 0.32019693, 0.50256735)
(0.52825969, 0.08372378, 0.14086820, 0.31789625, 0.50224185, 0.75028795, 0.85276300, 0.69986671, 0.31883925, 0.60776359)
(0.75241858, 0.39147326, 0.13839073, 0.92853242, 0.44295344, 0.73204833, 0.88968778, 0.31160924, 0.31807074, 0.24177223)
(0.38682270, 0.24500670, 0.60833329, 0.46462026, 0.19925857, 0.54830784, 0.55643481, 0.20589313, 0.14806086, 0.60297096)
(0.16657986, 0.32058913, 0.17297734, 0.67599845, 0.39917290, 0.61968225, 0.82923520, 0.49109617, 0.63516933, 0.85279703)
(0.51027596, 0.45754761, 0.13912615, 0.90022212, 0.60308754, 0.23848498, 0.93743366, 0.08413175, 0.38905504, 0.37358087)
(0.41574582, 0.41584811, 0.31303227, 0.89173669, 0.15562135, 0.75675309, 0.77709186, 0.53977442, 0.70384103, 0.66092044)
(0.17094247, 0.80487466, 0.56993461, 0.25177041, 0.59917539, 0.83835834, 0.74871832, 0.14417054, 0.18837415, 0.80407435)
(0.72575319, 0.20479256, 0.90033901, 0.28824401, 0.51531261, 0.66836554, 0.40444222, 0.47069049, 0.28808331, 0.87905616)
(0.56140220, 0.91002691, 0.24325055, 0.13433631, 0.89400709, 0.12035715, 0.84968323, 0.57012713, 0.72904098, 0.78699827)
(0.17801957, 0.32355246, 0.48585853, 0.23232302, 0.55503595, 0.74876124, 0.64959663, 0.30760610, 0.13909605, 0.43936178)
(0.56496519, 0.72842932, 0.29618537, 0.09275141, 0.70081401, 0.15966670, 0.17793928, 0.11091422, 0.71466005, 0.47393593)
(0.06464923, 0.66094363, 0.90219468, 0.29445595, 0.55116153, 0.60904527, 0.42285377, 0.24079718, 0.77396613, 0.70667267)
(0.50988901, 0.43501011, 0.49444795, 0.70776021, 0.57851946, 0.45801666, 0.22806221, 0.50181490, 0.49901584, 0.69318700)
(0.24661569, 0.80318683, 0.24108481, 0.38590857, 0.75526857, 0.55596644, 0.59125882, 0.25834173, 0.56344754, 0.63699359)
(0.53417921, 0.59612638, 0.43341067, 0.33521983, 0.32305619, 0.66173476, 0.91620511, 0.45651513, 0.47577089, 0.69353473)
(0.05494909, 0.45743632, 0.72650671, 0.71488833, 0.82973152, 0.74680465, 0.17231923, 0.30929968, 0.72308576, 0.61220700)
(0.07309680, 0.88826090, 0.65199959, 0.10040878, 0.51242405, 0.69226873, 0.42015180, 0.44357583, 0.52184618, 0.11528432)
(0.13147788, 0.60113102, 0.61255640, 0.35575259, 0.68336362, 0.28607360, 0.59633595, 0.55487484, 0.81550735, 0.49940175)
(0.52859777, 0.25751665, 0.79998404, 0.64192855, 0.69327784, 0.78913343, 0.57281315, 0.56785196, 0.56594521, 0.69564551)
(0.10402443, 0.79832506, 0.57563549, 0.39196295, 0.60239083, 0.43029779, 0.14183594, 0.17438425, 0.62857622, 0.35164160)
(0.59650987, 0.64321512, 0.53899413, 0.35644627, 0.49087879, 0.32492343, 0.90697634, 0.53801858, 0.02518907, 0.48359561)
(0.94142532, 0.64266771, 0.42927772, 0.21912374, 0.57813257, 0.91847175, 0.44330513, 0.45150107, 0.01973472, 0.63305461)
(0.60248119, 0.93376553, 0.83378762, 0.16846529, 0.72213632, 0.82297236, 0.80451345, 0.47813255, 0.77570623, 0.75731725)
(0.30706447, 0.74255323, 0.23242320, 0.65783447, 0.88152075, 0.22465144, 0.76554376, 0.22697367, 0.59836203, 0.13866699)
(0.56210977, 0.04990164, 0.74879968, 0.29317206, 0.31590897, 0.50276262, 0.20056671, 0.71751559, 0.63174373, 0.70876813)
(0.08849989, 0.57468396, 0.81139046, 0.25598541, 0.50772595, 0.25684804, 0.46358389, 0.34180599, 0.68042463, 0.57914150)
(0.76769179, 0.05636344, 0.86472541, 0.30327356, 0.38189253, 0.29842019, 0.20248069, 0.96196455, 0.27068856, 0.46761745)
(0.77235538, 0.79410684, 0.85926253, 0.28937984, 0.01435664, 0.20316255, 0.51548123, 0.20062427, 0.23594114, 0.62839544)
(0.43663374, 0.33045420, 0.07951688, 0.66639501, 0.30651212, 0.81439346, 0.74663138, 0.54579377, 0.27339998, 0.81502050)
(0.11084618, 0.11268015, 0.26847693, 0.19177715, 0.60634959, 0.70715165, 0.57963026, 0.05423508, 0.54373264, 0.17109819)
(0.42382500, 0.28848034, 0.57071626, 0.39068326, 0.20154861, 0.48553187, 0.15259659, 0.03737362, 0.30218384, 0.84000701)
(0.55633652, 0.05724165, 0.96171838, 0.35923997, 0.62931055, 0.29521602, 0.32010955, 0.28480190, 0.38332722, 0.16566876)
(0.43717429, 0.40109730, 0.75924736, 0.14839290, 0.69059670, 0.33284745, 0.77763999, 0.32511687, 0.50442594, 0.38938195)
(0.12239342, 0.86666787, 0.52043200, 0.43833810, 0.75282359, 0.53640586, 0.23168933, 0.37725183, 0.54707342, 0.51122093)
(0.19257814, 0.34106272, 0.23619428, 0.79336113, 0.07474969, 0.74255288, 0.70154732, 0.72072333, 0.71536809, 0.23482656)
(0.16028377, 0.28644747, 0.48558325, 0.33245209, 0.50737399, 0.96465987, 0.51865953, 0.78573829, 0.19391297, 0.89156693)
(0.83082145, 0.29101375, 0.18865831, 0.83230931, 0.51168114, 0.21280746, 0.76225251, 0.17346616, 0.07314576, 0.16944243)
(0.79455501, 0.62727374, 0.63592273, 0.28924829, 0.38984752, 0.93817663, 0.59886134, 0.21262190, 0.09305435, 0.58082348)
(0.81741112, 0.47514042, 0.66957438, 0.22285050, 0.93786997, 0.10884158, 0.11080224, 0.54465467, 0.70421892, 0.40033996)
(0.49534628, 0.76033032, 0.86141348, 0.61887521, 0.75973505, 0.53349960, 0.09324541, 0.47179338, 0.86262101, 0.67518401)
(0.35813850, 0.86553800, 0.78296345, 0.67165691, 0.61509919, 0.22160146, 0.14992802, 0.12211715, 0.76442337, 0.81009632)
(0.49103487, 0.52416664, 0.08305699, 0.51805431, 0.62884760, 0.90628135, 0.50576621, 0.12698296, 0.27999425, 0.43761894)
(0.45081487, 0.50493795, 0.24084535, 0.76884949, 0.80553186, 0.63573641, 0.03101112, 0.37332559, 0.93271798, 0.73053020)
(0.19068211, 0.06458862, 0.29162204, 0.34696528, 0.90700835, 0.52471560, 0.50467014, 0.06308759, 0.44428411, 0.23843780)
(0.43907607, 0.48493704, 0.49205762, 0.84954917, 0.59207469, 0.28901282, 0.02560790, 0.46195674, 0.78606623, 0.48667079)
(0.24345250, 0.18203162, 0.52731872, 0.21934664, 0.42758608, 0.50409377, 0.62670684, 0.11034811, 0.52102757, 0.17084630)
(0.78658199, 0.40402821, 0.09654807, 0.20042789, 0.20914538, 0.32764000, 0.30372256, 0.94975483, 0.22887847, 0.83169079)
(0.35468888, 0.18285124, 0.71443594, 0.30745330, 0.77521265, 0.26770863, 0.39244229, 0.96105951, 0.20560524, 0.53397244)
(0.01264159, 0.19988163, 0.40846884, 0.36630824, 0.23608845, 0.64481771, 0.22718473, 0.64784843, 0.80853879, 0.87013853)
(0.42150649, 0.09538922, 0.90887773, 0.11213660, 0.55665559, 0.30040455, 0.93408507, 0.19916968, 0.69677919, 0.67959940)
(0.43857434, 0.42985001, 0.28450564, 0.47936213, 0.68651444, 0.70789582, 0.65628815, 0.13212857, 0.34328306, 0.21170999)
(0.58537406, 0.79896772, 0.34028384, 0.53141403, 0.65830284, 0.95339620, 0.71714813, 0.13635081, 0.27200463, 0.56339234)
(0.81090331, 0.25439203, 0.92390352, 0.55068392, 0.45984119, 0.80740494, 0.52144748, 0.86701107, 0.22935335, 0.33956277)
(0.09618391, 0.52392066, 0.07293648, 0.73998797, 0.33297127, 0.92785805, 0.42912084, 0.49711579, 0.75819635, 0.43396407)
(0.28890514, 0.44594043, 0.83921736, 0.14579174, 0.43054014, 0.85699481, 0.80242980, 0.36376911, 0.26227614, 0.32978547)
(0.40087426, 0.87259680, 0.35593006, 0.73822588, 0.73838025, 0.72214633, 0.76326108, 0.48979002, 0.83733660, 0.16677994)
(0.54128951, 0.09181989, 0.76108891, 0.52409935, 0.83632189, 0.39979038, 0.40916100, 0.89173687, 0.26770338, 0.65640885)
(0.72978193, 0.39837259, 0.38054356, 0.62849128, 0.69357592, 0.24524482, 0.11560839, 0.41658965, 0.81705421, 0.35981002)
(0.57005775, 0.46574244, 0.56283742, 0.37520075, 0.20210692, 0.86846083, 0.32346684, 0.10839420, 0.75580412, 0.80516243)
(0.65516424, 0.03658661, 0.13735977, 0.08563206, 0.48437726, 0.21208553, 0.19155884, 0.76848513, 0.51051039, 0.75315344)
(0.48281437, 0.30761454, 0.43690556, 0.64078408, 0.76508564, 0.42352393, 0.90780121, 0.41043285, 0.05038906, 0.82435995)
(0.05877032, 0.15726966, 0.20417444, 0.47060391, 0.55084682, 0.96552980, 0.52929258, 0.39677268, 0.43229756, 0.68214995)
(0.43455094, 0.54939276, 0.52975684, 0.33159083, 0.85915971, 0.22775939, 0.38000125, 0.43800706, 0.86270988, 0.37938768)
(0.09584251, 0.74627280, 0.46730793, 0.11602198, 0.72473568, 0.67547756, 0.54017270, 0.36359358, 0.52120519, 0.58202571)
(0.37736562, 0.25746718, 0.25171959, 0.28828588, 0.57565367, 0.81564111, 0.69945902, 0.21640533, 0.08030035, 0.15015769)
(0.22596118, 0.74308711, 0.29230008, 0.09414494, 0.52642304, 0.71551907, 0.66653156, 0.27128813, 0.41760871, 0.55822784)
(0.42155829, 0.28893194, 0.35588595, 0.56397384, 0.94206065, 0.52472961, 0.06607064, 0.20371975, 0.92973650, 0.66539758)
(0.13572648, 0.76888978, 0.63718617, 0.09641545, 0.31595391, 0.56863105, 0.10888833, 0.68419528, 0.87575817, 0.42210671)
(0.62482709, 0.28166214, 0.93885326, 0.40140986, 0.24356940, 0.79452938, 0.18999018, 0.85688257, 0.11234665, 0.36670792)
(0.52964133, 0.07729692, 0.69673550, 0.18608411, 0.08951917, 0.20625900, 0.07538754, 0.56632465, 0.42150739, 0.76602513)
(0.30451989, 0.60075927, 0.14729238, 0.84195423, 0.61281449, 0.78697670, 0.14478755, 0.45860568, 0.91645384, 0.30514637)
(0.12353547, 0.23986004, 0.78467315, 0.24382834, 0.34703001, 0.46814746, 0.92181480, 0.20281999, 0.70343983, 0.54597443)
(0.47373620, 0.38813430, 0.45673621, 0.89061004, 0.52681893, 0.44220093, 0.83646017, 0.24148861, 0.26483095, 0.18051310)
(0.80791593, 0.32889819, 0.15361209, 0.34448102, 0.49229398, 0.77999896, 0.88859624, 0.60788691, 0.01278440, 0.24194816)
(0.08381374, 0.16636616, 0.65502739, 0.57142675, 0.79245108, 0.39938593, 0.78890866, 0.12149188, 0.23218325, 0.16303961)
(0.10114540, 0.80015153, 0.56360531, 0.25569847, 0.26889652, 0.64261895, 0.40558195, 0.15790388, 0.61899793, 0.45922047)
(0.23688962, 0.48238564, 0.20256238, 0.39353850, 0.68083966, 0.93718040, 0.33406338, 0.14681530, 0.64468563, 0.35071996)
(0.23422706, 0.03409397, 0.88059694, 0.23925209, 0.28135976, 0.78597647, 0.22988221, 0.25826183, 0.48299360, 0.78359437)
(0.70390606, 0.33292487, 0.36642972, 0.26203001, 0.70231420, 0.78217834, 0.29075381, 0.59977049, 0.20270525, 0.65269971)
(0.83808827, 0.49559188, 0.36041224, 0.73696154, 0.32066187, 0.29228514, 0.79906839, 0.43277180, 0.13370951, 0.10379506)
(0.54275733, 0.68803370, 0.50264919, 0.12251703, 0.70536119, 0.69559801, 0.37952879, 0.09651138, 0.60165864, 0.62068611)
(0.70601469, 0.60402620, 0.56079501, 0.14491679, 0.65281934, 0.86977619, 0.49771363, 0.97120720, 0.09708937, 0.79784644)
(0.48957556, 0.77907866, 0.81712592, 0.40342772, 0.87167543, 0.39882901, 0.15028837, 0.33352083, 0.94373620, 0.58474618)
(0.72104484, 0.26439884, 0.52007943, 0.52015108, 0.88947392, 0.31928954, 0.32017693, 0.55907708, 0.05378010, 0.66325545)
(0.38899955, 0.84370637, 0.15205242, 0.87448716, 0.54502553, 0.84638047, 0.85989231, 0.21882689, 0.62964338, 0.25985792)
(0.33091328, 0.15697600, 0.71642095, 0.34226403, 0.51226479, 0.12819903, 0.36324233, 0.97007871, 0.27875230, 0.48308757)
(0.29090363, 0.22365981, 0.17479411, 0.86421114, 0.10270434, 0.70168936, 0.83230054, 0.51031846, 0.84457594, 0.46121383)
(0.63765955, 0.34495422, 0.25015044, 0.51054090, 0.33661708, 0.53914464, 0.20901267, 0.52977765, 0.63321042, 0.47470763)
(0.87623441, 0.56479311, 0.91252768, 0.18824191, 0.70472056, 0.26248822, 0.47510371, 0.72170794, 0.81342876, 0.22181462)
(0.36398613, 0.35890326, 0.55046511, 0.38126093, 0.21581903, 0.31754673, 0.88660294, 0.52717185, 0.80434239, 0.46863940)
(0.32108447, 0.14867562, 0.10747167, 0.38511240, 0.63535303, 0.81590784, 0.72274452, 0.53722602, 0.20972221, 0.53181922)
(0.14052637, 0.59546626, 0.36049607, 0.80557835, 0.52699423, 0.93497407, 0.65209192, 0.27889580, 0.44329622, 0.21723662)
(0.88544166, 0.40226343, 0.85745347, 0.51134557, 0.63295823, 0.62320220, 0.23015216, 0.85287899, 0.07198070, 0.57977563)
(0.07172571, 0.08390179, 0.06435977, 0.66342729, 0.80352831, 0.45738843, 0.75598311, 0.26356745, 0.57871342, 0.68140870)
(0.08797062, 0.17858796, 0.30425769, 0.74703455, 0.87587774, 0.55334538, 0.60898751, 0.32049549, 0.74761271, 0.50241375)
(0.33511770, 0.87084514, 0.51337487, 0.13018656, 0.83179271, 0.75914782, 0.49451417, 0.40519673, 0.79025388, 0.38601473)
(0.31197268, 0.62212294, 0.73371112, 0.51840878, 0.45486927, 0.62183869, 0.71379876, 0.11182208, 0.46057758, 0.89520949)
(0.93023479, 0.61217105, 0.49728712, 0.13825987, 0.46868595, 0.33013633, 0.95865852, 0.68018979, 0.06003413, 0.61301756)
(0.90353173, 0.29911026, 0.05462137, 0.86140835, 0.53328830, 0.36466676, 0.63488311, 0.87899613, 0.14128014, 0.40131488)
(0.53299415, 0.70563370, 0.24732614, 0.42121294, 0.53382117, 0.19710842, 0.95501691, 0.10078600, 0.19159906, 0.71903664)
(0.71924037, 0.67883748, 0.82598114, 0.30850455, 0.46731436, 0.36259279, 0.11152041, 0.70331997, 0.71491337, 0.13979615)
(0.84716523, 0.53627568, 0.53679824, 0.28505534, 0.67037946, 0.72418368, 0.36691779, 0.13919723, 0.69365597, 0.69824260)
(0.21322580, 0.11314480, 0.80569971, 0.55767900, 0.53222489, 0.76610029, 0.22676532, 0.41006994, 0.51319212, 0.90811354)
(0.48458767, 0.62720305, 0.72979361, 0.12105699, 0.68827063, 0.29436940, 0.89483249, 0.38171542, 0.71806026, 0.85635662)
(0.70185316, 0.38950664, 0.58018672, 0.50640279, 0.76601619, 0.59547526, 0.66706324, 0.88493717, 0.06744060, 0.85962379)
(0.38972193, 0.53643179, 0.38217795, 0.33786249, 0.40885887, 0.33424529, 0.83797687, 0.08902142, 0.48244801, 0.92565340)
(0.86016309, 0.41073707, 0.62415397, 0.23965855, 0.81252265, 0.38409927, 0.56892806, 0.39702502, 0.08157949, 0.75896239)
(0.62512392, 0.31563458, 0.27487275, 0.54607761, 0.17830978, 0.49284533, 0.15099078, 0.10769578, 0.58047938, 0.40899605)
(0.08706567, 0.14705993, 0.86173028, 0.82962728, 0.25605035, 0.58681178, 0.29800087, 0.20857064, 0.34993538, 0.34284097)
(0.45141467, 0.70682633, 0.34948602, 0.33220804, 0.34406441, 0.79868019, 0.77262032, 0.22079143, 0.04246850, 0.14523561)
(0.72936970, 0.30179012, 0.04205478, 0.77575099, 0.20993605, 0.77780384, 0.58661646, 0.87858027, 0.24786930, 0.35198057)
(0.42870167, 0.39547199, 0.56558865, 0.33580279, 0.60511261, 0.82086468, 0.65984797, 0.82319945, 0.07048332, 0.29128757)
(0.17570965, 0.95926559, 0.33285108, 0.31108144, 0.11982503, 0.27097717, 0.22069556, 0.64472526, 0.72608125, 0.75486326)
(0.26112482, 0.45738772, 0.52242178, 0.19219470, 0.57521141, 0.91983056, 0.52506751, 0.12796347, 0.23893102, 0.35067099)
(0.54124629, 0.41109806, 0.94231534, 0.49439940, 0.45128450, 0.70770055, 0.19587621, 0.46789742, 0.04049221, 0.61600184)
(0.20390306, 0.52774727, 0.07861745, 0.62152833, 0.49332517, 0.95120698, 0.49112099, 0.34166732, 0.43923986, 0.84981441)
(0.52295190, 0.05126497, 0.07018467, 0.25703520, 0.49672544, 0.75256115, 0.77363104, 0.57567394, 0.46235952, 0.68637604)
(0.14334075, 0.67104566, 0.36806068, 0.11848874, 0.93657207, 0.12807867, 0.52398908, 0.61462224, 0.74230593, 0.33253971)
(0.27532262, 0.07516968, 0.45343375, 0.36782384, 0.77934790, 0.49584144, 0.06679224, 0.05924144, 0.81281918, 0.48913109)
(0.25975794, 0.77676660, 0.33085775, 0.33522722, 0.77837616, 0.91317558, 0.40480196, 0.13907456, 0.59396809, 0.57276237)
(0.93619281, 0.41846186, 0.42673972, 0.33076677, 0.27538449, 0.68564481, 0.84119970, 0.29295158, 0.13864866, 0.73193628)
(0.66543031, 0.40150782, 0.76915222, 0.73678446, 0.49204174, 0.26342893, 0.20683584, 0.43193179, 0.10639600, 0.59268004)
(0.42279616, 0.49741331, 0.60589236, 0.68159688, 0.94041216, 0.12550829, 0.66919076, 0.35316300, 0.53681141, 0.12156352)
(0.87961614, 0.34081540, 0.98277837, 0.55708194, 0.64165086, 0.17271699, 0.10960485, 0.42209572, 0.73843735, 0.06976294)
(0.12693214, 0.45794696, 0.60819334, 0.12697022, 0.75785828, 0.39832458, 0.78233016, 0.45804173, 0.79179102, 0.37633440)
(0.45517492, 0.42758235, 0.34174389, 0.33905235, 0.44847241, 0.68332005, 0.94096947, 0.06882150, 0.30421415, 0.10236005)
(0.78040004, 0.28469655, 0.69534713, 0.74362701, 0.79502892, 0.21952315, 0.22301301, 0.46799389, 0.52668542, 0.79435241)
(0.88363999, 0.61703563, 0.89146686, 0.54712820, 0.70170170, 0.88890737, 0.54136437, 0.42721859, 0.16513561, 0.85400206)
(0.79593682, 0.26618025, 0.20447606, 0.49962169, 0.70409900, 0.56681752, 0.58760893, 0.60409236, 0.05987447, 0.82101554)
(0.37512606, 0.14368805, 0.18305932, 0.65215260, 0.81824082, 0.20351471, 0.57926363, 0.56784236, 0.03099863, 0.58320534)
(0.09755838, 0.93073463, 0.53902471, 0.37895101, 0.37867838, 0.30478731, 0.51481980, 0.49526873, 0.84678900, 0.66911542)
(0.15934730, 0.29864234, 0.67146462, 0.28766486, 0.27869269, 0.69619912, 0.81123203, 0.21669506, 0.46697286, 0.76685578)
(0.44819152, 0.71322739, 0.57911301, 0.20829041, 0.59123337, 0.26666746, 0.22924709, 0.34658661, 0.84195358, 0.47746721)
(0.62028903, 0.31565151, 0.52581978, 0.87757349, 0.65995008, 0.16783828, 0.78997147, 0.28892899, 0.21530539, 0.17582433)
(0.51675683, 0.12531194, 0.91693628, 0.74461633, 0.62165409, 0.45479468, 0.54121166, 0.39117777, 0.60885423, 0.70668089)
(0.61677819, 0.89822829, 0.67198849, 0.14345968, 0.44238836, 0.66772372, 0.07902939, 0.56785947, 0.80451137, 0.46765873)
(0.08662764, 0.88885009, 0.54193908, 0.40865335, 0.70720357, 0.48575416, 0.12534875, 0.16893150, 0.81154555, 0.32956943)
(0.06369045, 0.12139954, 0.83317590, 0.71347791, 0.20084853, 0.72012651, 0.47294584, 0.19176793, 0.34814900, 0.29694569)
(0.42298618, 0.44260550, 0.07662229, 0.91477537, 0.31497654, 0.82412744, 0.79303676, 0.70672506, 0.45882243, 0.57683706)
(0.56401193, 0.53747791, 0.19794923, 0.50216591, 0.49016562, 0.75143003, 0.75852865, 0.31013766, 0.06564891, 0.24540682)
(0.12379994, 0.82701975, 0.41959456, 0.10226725, 0.54341406, 0.37938920, 0.14785279, 0.25055608, 0.83904642, 0.29974684)
(0.47693491, 0.68689984, 0.15179710, 0.87273711, 0.55601513, 0.91818470, 0.78329915, 0.35832006, 0.33897087, 0.85063493)
(0.29638368, 0.46828896, 0.86507303, 0.22755808, 0.35518315, 0.74077624, 0.32627925, 0.09938196, 0.35753953, 0.21068744)
(0.63573378, 0.55063140, 0.52459490, 0.31355244, 0.58222121, 0.65831387, 0.22736530, 0.21474500, 0.71534061, 0.50139523)
(0.33683765, 0.11081018, 0.73212403, 0.41776320, 0.59116846, 0.39552790, 0.25234681, 0.95327985, 0.41024995, 0.29086879)
(0.57538885, 0.39603496, 0.08599260, 0.52176547, 0.02225151, 0.72559690, 0.32652634, 0.77736580, 0.22517698, 0.45212141)
(0.12557547, 0.48251933, 0.29035208, 0.46022284, 0.38225779, 0.38442087, 0.97607291, 0.09342332, 0.48152000, 0.17452581)
(0.87337571, 0.31712058, 0.35191295, 0.47454941, 0.56410718, 0.78448105, 0.58832020, 0.62201893, 0.19429943, 0.93287700)
(0.50950360, 0.88640743, 0.40608290, 0.65280199, 0.39837453, 0.50319302, 0.97337818, 0.22565079, 0.56917214, 0.08010809)
(0.01788808, 0.42062345, 0.71321487, 0.45659265, 0.07520900, 0.42709821, 0.61462551, 0.25770941, 0.74882352, 0.34878528)
(0.32037872, 0.27139091, 0.89287245, 0.57607716, 0.76750481, 0.44519296, 0.48302177, 0.18492524, 0.57800633, 0.42638916)
(0.29941237, 0.80002618, 0.48463270, 0.41036636, 0.47280028, 0.12374695, 0.08180392, 0.60005212, 0.42895913, 0.31248748)
(0.17715378, 0.30813357, 0.38720745, 0.35566488, 0.43895081, 0.69990867, 0.30365056, 0.43041989, 0.19415209, 0.23365121)
(0.86865181, 0.59916323, 0.64007884, 0.27587366, 0.51105237, 0.41522047, 0.40422103, 0.36197481, 0.07133712, 0.61829615)
(0.65205216, 0.29183987, 0.40085948, 0.33499458, 0.53198868, 0.88698208, 0.47343194, 0.16772667, 0.52481931, 0.39829618)
(0.13184157, 0.73071450, 0.61691856, 0.43046185, 0.79627526, 0.58963007, 0.29531604, 0.30550864, 0.85043663, 0.47084287)
(0.71737933, 0.27106163, 0.55189723, 0.45838937, 0.72238278, 0.44942376, 0.12496265, 0.13147409, 0.56984979, 0.48011014)
(0.21481968, 0.58410770, 0.49072775, 0.13416025, 0.07651503, 0.56837189, 0.43488330, 0.12289978, 0.37401864, 0.37788668)
(0.36183792, 0.39263311, 0.59629929, 0.56853759, 0.64763480, 0.93624747, 0.43014938, 0.57432705, 0.44236889, 0.89469993)
(0.37529776, 0.64553720, 0.64508873, 0.36234555, 0.03365146, 0.62831163, 0.58841020, 0.30822888, 0.24820372, 0.35277823)
(0.83502924, 0.09866840, 0.83385193, 0.11910511, 0.31952393, 0.41312686, 0.34529495, 0.92845327, 0.08565022, 0.77297246)
(0.80512041, 0.24997565, 0.88778549, 0.85438883, 0.26572007, 0.33425948, 0.19428380, 0.30506802, 0.14340690, 0.51603466)
(0.07046117, 0.57597452, 0.15652232, 0.67615259, 0.41810727, 0.92741269, 0.49802479, 0.59451365, 0.50157714, 0.87162042)
(0.09385740, 0.17161848, 0.48340806, 0.36381590, 0.58300233, 0.80783236, 0.49523762, 0.28712127, 0.32651925, 0.32038808)
(0.79209518, 0.34703892, 0.10548445, 0.86670542, 0.59643447, 0.22745019, 0.96031600, 0.08299281, 0.48887193, 0.17267938)
(0.48018762, 0.97650492, 0.69894439, 0.25183216, 0.70315218, 0.62874275, 0.93457276, 0.37819031, 0.43917188, 0.61098331)
(0.36257890, 0.22725724, 0.57433349, 0.31447324, 0.33078369, 0.28064990, 0.17807402, 0.80205047, 0.39681447, 0.34641692)
(0.59306645, 0.84525096, 0.58464456, 0.41526726, 0.79457468, 0.81007731, 0.71586114, 0.36724263, 0.38203308, 0.73575366)
(0.22213875, 0.27522275, 0.62183583, 0.06983377, 0.59600490, 0.28548861, 0.89428967, 0.28403425, 0.84028703, 0.48179296)
(0.38514984, 0.78972846, 0.30056486, 0.84196919, 0.74686259, 0.67877191, 0.32170957, 0.60106367, 0.88284802, 0.15331730)
(0.74585307, 0.53062856, 0.03492152, 0.91577011, 0.38437831, 0.80313170, 0.86153376, 0.24191615, 0.63918453, 0.62422198)
(0.43642384, 0.77360493, 0.12028173, 0.18578896, 0.44597051, 0.05104776, 0.95053303, 0.13578777, 0.51930326, 0.40460610)
(0.31711322, 0.28831047, 0.38850549, 0.91398078, 0.58259982, 0.46905842, 0.79902911, 0.25487030, 0.38728780, 0.20291366)
(0.38670787, 0.10371429, 0.59670365, 0.27048907, 0.38647193, 0.29654807, 0.22947426, 0.88753760, 0.32156259, 0.25215694)
(0.36468792, 0.74108207, 0.56201684, 0.36660761, 0.87271500, 0.72212893, 0.47487727, 0.29137486, 0.94214654, 0.52811176)
(0.43980661, 0.41718647, 0.57184988, 0.45517176, 0.98135984, 0.13832849, 0.73370552, 0.36737335, 0.86528730, 0.06906317)
(0.37371427, 0.19743992, 0.09131015, 0.86450255, 0.25338331, 0.79729992, 0.82117271, 0.66223282, 0.54083455, 0.27213886)
(0.16151226, 0.87611485, 0.49906704, 0.15102921, 0.81557506, 0.54916430, 0.26404017, 0.66063291, 0.67566258, 0.09227143)
(0.10457819, 0.50402337, 0.30944106, 0.46622518, 0.67917901, 0.76250601, 0.32309127, 0.07931746, 0.68497401, 0.55398089)
(0.17082058, 0.18816927, 0.75033206, 0.36546588, 0.61588097, 0.91196549, 0.23334061, 0.72197407, 0.54868990, 0.78004330)
(0.60721862, 0.13109805, 0.95093292, 0.74477184, 0.17261735, 0.09796044, 0.07594417, 0.30523703, 0.48869294, 0.09082729)
(0.10009252, 0.67366320, 0.56004912, 0.25063276, 0.12524340, 0.53242207, 0.66039926, 0.11424398, 0.48133719, 0.23998037)
(0.68711942, 0.57092696, 0.08500025, 0.91643590, 0.40028730, 0.86540228, 0.90714288, 0.17478724, 0.33731389, 0.30554155)
(0.80158043, 0.64602464, 0.45287240, 0.71100879, 0.74177170, 0.78982818, 0.69986230, 0.23727584, 0.89223617, 0.26428351)
(0.94733065, 0.75503504, 0.46889603, 0.64092916, 0.69077504, 0.53560019, 0.82595664, 0.17941801, 0.58183312, 0.07899850)
(0.39294600, 0.41704261, 0.64991492, 0.23832454, 0.43588117, 0.90452427, 0.65506768, 0.43354669, 0.04575641, 0.31693143)
(0.38575742, 0.11577035, 0.57027531, 0.45849520, 0.74113375, 0.48972514, 0.58139795, 0.76271588, 0.44317809, 0.81133205)
(0.22044751, 0.19420308, 0.85711241, 0.46950001, 0.62059879, 0.94156790, 0.42267501, 0.57429612, 0.16169901, 0.72555494)
(0.82800633, 0.40468946, 0.06245951, 0.30788335, 0.27168170, 0.89176589, 0.11747700, 0.80383849, 0.49016538, 0.72776967)
(0.33835343, 0.56136370, 0.94360077, 0.79273003, 0.73626196, 0.67496973, 0.14414434, 0.26781923, 0.89083523, 0.45556983)
(0.49086708, 0.58936346, 0.36442852, 0.30834967, 0.58410043, 0.92139673, 0.46604466, 0.19658743, 0.20749752, 0.23177242)
(0.68546999, 0.82763737, 0.08711656, 0.86767524, 0.70107865, 0.74223894, 0.84461993, 0.20460491, 0.96822572, 0.29703924)
(0.18507843, 0.44033924, 0.15941480, 0.59180003, 0.63468927, 0.92938256, 0.12722094, 0.63995212, 0.15769468, 0.80043864)
(0.50712377, 0.26747361, 0.43827313, 0.37814716, 0.88952416, 0.25277290, 0.46172100, 0.18756589, 0.18311854, 0.73642641)
(0.78274089, 0.73229212, 0.51179314, 0.21817157, 0.20568694, 0.88341403, 0.64673924, 0.33982465, 0.37055835, 0.36899373)
(0.72809780, 0.21335979, 0.29012290, 0.86383498, 0.45089367, 0.87675226, 0.55039155, 0.81203032, 0.28655580, 0.09111062)
(0.16272011, 0.60433155, 0.45469156, 0.12630175, 0.70485967, 0.55602962, 0.79563332, 0.39190137, 0.78739130, 0.58930796)
(0.66625857, 0.30118477, 0.05678587, 0.74487585, 0.16506113, 0.51427841, 0.65831882, 0.53095293, 0.59422326, 0.86308891)
(0.68284792, 0.43966225, 0.72539127, 0.24183756, 0.66289151, 0.10308554, 0.16480719, 0.23489669, 0.26978606, 0.53337401)
(0.80760700, 0.55607283, 0.86974996, 0.41417906, 0.80591446, 0.12905793, 0.07400554, 0.48761076, 0.88585150, 0.32062134)
(0.09003325, 0.54926330, 0.44099978, 0.12796286, 0.25938457, 0.53781241, 0.45750198, 0.22118725, 0.68096161, 0.48818940)
(0.89983457, 0.50391656, 0.09909046, 0.74167234, 0.60986358, 0.67384440, 0.65047884, 0.28492478, 0.36180773, 0.82947218)
(0.59522188, 0.38814512, 0.32220465, 0.26872846, 0.49122465, 0.42426875, 0.80778039, 0.96437675, 0.04395576, 0.47800288)
(0.56466228, 0.15097283, 0.74097282, 0.56052715, 0.29517448, 0.19812232, 0.23972011, 0.94254708, 0.34948298, 0.58418059)
(0.16671699, 0.16633402, 0.10473688, 0.59813774, 0.51313543, 0.59610784, 0.21585171, 0.70934087, 0.88700366, 0.89307785)
(0.83431000, 0.34917793, 0.84094256, 0.85632908, 0.48627570, 0.45547268, 0.41048470, 0.68015444, 0.30457717, 0.64346230)
(0.87459379, 0.19500908, 0.90879995, 0.49902511, 0.69788498, 0.59103847, 0.36996573, 0.75318480, 0.33960357, 0.66992188)
(0.65889883, 0.56063944, 0.82398760, 0.81128001, 0.92099029, 0.38641614, 0.12653436, 0.49105591, 0.93207407, 0.46319103)
(0.73245829, 0.11748257, 0.95919794, 0.39650902, 0.27832577, 0.85783571, 0.80047399, 0.81702602, 0.22535513, 0.51798594)
(0.20812011, 0.91056675, 0.25251347, 0.17313857, 0.78009295, 0.71318394, 0.22920933, 0.25657406, 0.65742719, 0.32961467)
(0.61033273, 0.87007236, 0.87653929, 0.57675642, 0.34513670, 0.10092937, 0.39262363, 0.19220541, 0.25801197, 0.71394461)
(0.28058183, 0.34171689, 0.09190752, 0.60052341, 0.29507253, 0.92439222, 0.05951580, 0.40888110, 0.80529755, 0.68424511)
(0.26168591, 0.87696052, 0.61260480, 0.06975180, 0.57539690, 0.65901452, 0.23083432, 0.28114367, 0.79677957, 0.68920070)
(0.37434217, 0.41053882, 0.89898330, 0.23539546, 0.59998548, 0.27376407, 0.82841933, 0.35669848, 0.89316493, 0.28897384)
(0.89506346, 0.33952171, 0.08395920, 0.36930761, 0.59400010, 0.61990392, 0.33420455, 0.90468943, 0.07817352, 0.72431427)
(0.65083539, 0.23612884, 0.10792185, 0.79848599, 0.83732826, 0.27291092, 0.10349920, 0.40519407, 0.91370660, 0.53805292)
(0.18188703, 0.13511173, 0.11331242, 0.79170650, 0.76756322, 0.25605801, 0.87503886, 0.18029417, 0.36170262, 0.61814964)
(0.12773210, 0.23013084, 0.13057332, 0.81443942, 0.57094884, 0.63664156, 0.79958302, 0.48228940, 0.41550446, 0.47743621)
(0.29180801, 0.59860903, 0.64577579, 0.60116094, 0.63556647, 0.73664671, 0.62002558, 0.33075070, 0.36226544, 0.63118976)
(0.11218100, 0.27236572, 0.94267154, 0.59647167, 0.24569607, 0.27656004, 0.71964711, 0.07390557, 0.54590827, 0.52209079)
(0.68103510, 0.07760994, 0.91370177, 0.38555762, 0.27783895, 0.12704411, 0.29476985, 0.72534901, 0.23216526, 0.48562175)
(0.70665973, 0.09470270, 0.55820900, 0.61504918, 0.34931681, 0.67113048, 0.14479512, 0.20785807, 0.45139796, 0.17699252)
(0.16098005, 0.77713919, 0.56423438, 0.15251575, 0.44106695, 0.65888286, 0.52478456, 0.52024704, 0.41760385, 0.40292916)
(0.54686725, 0.26083559, 0.44971955, 0.12560229, 0.39836997, 0.90818208, 0.12546125, 0.74046618, 0.10210101, 0.87780726)
(0.61651355, 0.31163919, 0.38802400, 0.51071519, 0.31720603, 0.74587125, 0.04964796, 0.32172829, 0.28701884, 0.59772158)
(0.19249514, 0.32095841, 0.14410345, 0.47577009, 0.78984076, 0.71192694, 0.76629418, 0.08777612, 0.42726386, 0.58041084)
(0.42516753, 0.23047511, 0.73856306, 0.40925145, 0.33713591, 0.32027492, 0.28876254, 0.87897080, 0.44019338, 0.14492406)
(0.47510996, 0.16255297, 0.78080350, 0.33270669, 0.61019719, 0.78155935, 0.26870158, 0.27316803, 0.22155960, 0.84191966)
(0.06067675, 0.28088984, 0.24445790, 0.21977091, 0.03136256, 0.70603698, 0.20011868, 0.65191817, 0.50094718, 0.91075301)
(0.76115537, 0.42048153, 0.52125382, 0.40981179, 0.41253135, 0.92557555, 0.73112679, 0.51092601, 0.34091103, 0.97774905)
(0.41984713, 0.32880229, 0.96473175, 0.36648589, 0.13870861, 0.68551940, 0.44262913, 0.13066629, 0.29416829, 0.55406839)
(0.24253914, 0.09553456, 0.05981624, 0.81986302, 0.43094778, 0.52713126, 0.81770515, 0.51306683, 0.40563428, 0.39791280)
(0.86584681, 0.80546021, 0.22879407, 0.15882760, 0.26108024, 0.63813233, 0.81698316, 0.50639820, 0.37202290, 0.65600389)
(0.52105129, 0.37664050, 0.59643817, 0.62190217, 0.68094045, 0.19610190, 0.19312228, 0.21755397, 0.45814359, 0.52492309)
(0.35043558, 0.55236024, 0.10716268, 0.86487985, 0.55613482, 0.45613518, 0.76021874, 0.60458779, 0.82158726, 0.49307454)
(0.06012443, 0.85030538, 0.82284421, 0.42309123, 0.10808698, 0.31315839, 0.60182691, 0.28026584, 0.56767011, 0.81444234)
(0.53643554, 0.23119938, 0.82104307, 0.34591082, 0.77668637, 0.25378463, 0.31702045, 0.47218925, 0.18202117, 0.41071555)
(0.16903082, 0.15835160, 0.16404456, 0.63653022, 0.54721099, 0.52489549, 0.49108121, 0.25414950, 0.46357435, 0.64419413)
(0.83346629, 0.11428342, 0.90535772, 0.45332447, 0.46571630, 0.26587781, 0.43680540, 0.97875494, 0.31488317, 0.36793855)
(0.22111906, 0.72224969, 0.49203226, 0.19319353, 0.35031149, 0.66260767, 0.82890165, 0.44821227, 0.86134070, 0.36855647)
(0.42101011, 0.45770988, 0.13229786, 0.70370382, 0.50167799, 0.74561018, 0.30709037, 0.44242668, 0.90652090, 0.45179120)
(0.47830048, 0.39694673, 0.12065916, 0.55023676, 0.05665265, 0.83109164, 0.41963425, 0.80552757, 0.21865605, 0.81575853)
(0.20356727, 0.44149968, 0.66341823, 0.28271568, 0.58188063, 0.82737398, 0.14750184, 0.76738399, 0.15433566, 0.62092799)
(0.40384066, 0.55508578, 0.07485928, 0.77611101, 0.45417634, 0.92836666, 0.54599917, 0.41862988, 0.70984280, 0.56962466)
(0.02174290, 0.60391760, 0.79043609, 0.23541915, 0.17426604, 0.49515703, 0.17825571, 0.23460902, 0.40595582, 0.56156296)
(0.91139191, 0.41415897, 0.31864962, 0.55840850, 0.60029852, 0.44110376, 0.32278270, 0.26775327, 0.54289848, 0.49983233)
(0.46752831, 0.55040312, 0.60946405, 0.18543978, 0.44835058, 0.74484152, 0.93974811, 0.29444158, 0.38758492, 0.48109990)
(0.89851665, 0.51880443, 0.69287544, 0.46915403, 0.77334297, 0.63371688, 0.46260086, 0.71540159, 0.15004838, 0.69799578)
(0.58479786, 0.81946999, 0.85282451, 0.82558703, 0.44969350, 0.13843782, 0.13059467, 0.41243193, 0.60724211, 0.10025875)
(0.25427011, 0.19215854, 0.51327378, 0.46456337, 0.60512620, 0.48882258, 0.72807592, 0.22968037, 0.42691967, 0.21902430)
(0.50011718, 0.91805565, 0.70216715, 0.17462955, 0.64370948, 0.53617829, 0.95561987, 0.49338558, 0.52753639, 0.57056093)
(0.15586211, 0.42531994, 0.85299772, 0.43270242, 0.22682884, 0.59045851, 0.86887252, 0.24823602, 0.46972683, 0.50559366)
(0.87220687, 0.24126649, 0.55241227, 0.24202733, 0.36663964, 0.76587367, 0.18347771, 0.60931414, 0.25428024, 0.85586178)
(0.70157272, 0.77255785, 0.25120568, 0.42086229, 0.51247579, 0.91136229, 0.19684538, 0.14510597, 0.89724267, 0.39754325)
(0.20340939, 0.27253938, 0.24192651, 0.21656437, 0.63609862, 0.17367856, 0.86524105, 0.04989197, 0.39946821, 0.17469302)
(0.38812894, 0.24038559, 0.05138187, 0.71313095, 0.42048705, 0.77752554, 0.87074596, 0.57335401, 0.45891279, 0.70766604)
(0.53728658, 0.93130380, 0.11129537, 0.61028123, 0.61953497, 0.64420229, 0.94198191, 0.17638108, 0.71287811, 0.23215945)
(0.08634248, 0.49902511, 0.25132644, 0.58116573, 0.41116402, 0.48555744, 0.38205853, 0.05749255, 0.55841273, 0.42538998)
(0.56063193, 0.80627620, 0.57210541, 0.26238891, 0.06192063, 0.16239341, 0.41909596, 0.10771508, 0.59560275, 0.66825974)
(0.69929069, 0.85796714, 0.80438942, 0.21978058, 0.73688734, 0.40864941, 0.83787352, 0.49817345, 0.41350377, 0.31583479)
(0.43966252, 0.68644947, 0.79055607, 0.58745968, 0.12708804, 0.79976720, 0.32891446, 0.07831782, 0.17179994, 0.94680554)
(0.42394575, 0.93828976, 0.57104421, 0.34725434, 0.13287005, 0.12461226, 0.32123294, 0.54008353, 0.70728713, 0.64090192)
(0.72702253, 0.45345724, 0.81740332, 0.41812423, 0.82691789, 0.18695574, 0.05436737, 0.35046795, 0.57417560, 0.14557824)
(0.36674696, 0.39389029, 0.20271496, 0.46990517, 0.76161176, 0.67417639, 0.76939940, 0.07786646, 0.46470612, 0.42841986)
(0.15269189, 0.27050674, 0.23142599, 0.55568230, 0.52502310, 0.96940607, 0.19761688, 0.39306420, 0.70848507, 0.40415418)
(0.07364474, 0.24502043, 0.11554993, 0.64096642, 0.16694781, 0.48708719, 0.47837445, 0.37012517, 0.85554975, 0.73217213)
(0.91888922, 0.32817653, 0.16793919, 0.51116669, 0.28596428, 0.61765635, 0.18837270, 0.59010166, 0.31748688, 0.91892850)
(0.47135210, 0.20313115, 0.10134514, 0.77250254, 0.48899469, 0.53788090, 0.84200341, 0.39122787, 0.16549404, 0.37205631)
(0.36772877, 0.27634239, 0.70087916, 0.14408146, 0.80681998, 0.41766551, 0.81401426, 0.16784181, 0.50165093, 0.81362963)
(0.76038057, 0.57496881, 0.17685948, 0.59132814, 0.66937310, 0.90516341, 0.58535469, 0.79998380, 0.02302984, 0.74227113)
(0.33074066, 0.16732845, 0.05615079, 0.86860192, 0.56646174, 0.70816159, 0.79754603, 0.39441589, 0.68660784, 0.39649513)
(0.17327321, 0.26199985, 0.51835114, 0.26306939, 0.95684594, 0.35654905, 0.57956308, 0.10419641, 0.64361995, 0.59536457)
(0.69857007, 0.26776567, 0.58982599, 0.31244266, 0.16648000, 0.79844451, 0.07308118, 0.29566485, 0.01732149, 0.47233707)
(0.62142903, 0.23208031, 0.70789742, 0.13269797, 0.30962536, 0.22592638, 0.28088680, 0.91995257, 0.27030119, 0.36213073)
(0.29863656, 0.56954986, 0.47185096, 0.42466861, 0.45799676, 0.71464258, 0.22826855, 0.04777468, 0.73848939, 0.20406073)
(0.46250832, 0.91022146, 0.66079736, 0.05714434, 0.61259216, 0.80540699, 0.46766102, 0.29773837, 0.81104070, 0.59220898)
(0.35212052, 0.24284963, 0.78814358, 0.44640657, 0.32077757, 0.79377019, 0.11595554, 0.10761593, 0.47219467, 0.92676574)
(0.35749120, 0.54911089, 0.48164484, 0.93140131, 0.61149931, 0.74494910, 0.91315401, 0.30624238, 0.48882583, 0.25921059)
(0.30917212, 0.51245487, 0.20233853, 0.84481174, 0.30707970, 0.78057355, 0.73779446, 0.34628171, 0.92744476, 0.28387058)
(0.88912803, 0.75918245, 0.42925140, 0.17590918, 0.25289604, 0.67776322, 0.78860867, 0.31300583, 0.21265495, 0.45036492)
(0.67047542, 0.09754241, 0.82979810, 0.55093062, 0.31467515, 0.20703202, 0.34986487, 0.88944423, 0.52410597, 0.20295301)
(0.15615508, 0.68851751, 0.73621386, 0.17250085, 0.30174896, 0.84197187, 0.72796774, 0.33779940, 0.29151225, 0.40160835)
(0.33139360, 0.75919276, 0.83186954, 0.40648916, 0.43543571, 0.69400740, 0.04974705, 0.25008851, 0.71035963, 0.34220329)
(0.50346553, 0.38084698, 0.16780929, 0.42597595, 0.66230267, 0.77622604, 0.11710092, 0.09423847, 0.70060754, 0.41325521)
(0.55162281, 0.81814641, 0.44221210, 0.63653970, 0.80765939, 0.81256205, 0.56959665, 0.43700317, 0.71332574, 0.76614350)
(0.89225143, 0.80828422, 0.57357472, 0.27399641, 0.49950424, 0.70073849, 0.21364094, 0.24791247, 0.66293120, 0.48729613)
(0.28387129, 0.42713115, 0.61138630, 0.21195903, 0.69653410, 0.64022696, 0.82463509, 0.19898295, 0.55925930, 0.57349896)
(0.59061062, 0.84666687, 0.60779631, 0.45592460, 0.56776118, 0.08645639, 0.06722604, 0.35614979, 0.75528437, 0.17382480)
(0.35293287, 0.69927722, 0.54282725, 0.60900247, 0.20949996, 0.83172607, 0.92848605, 0.49202091, 0.52845919, 0.51702631)
(0.37639704, 0.93158585, 0.19466481, 0.23188965, 0.84783965, 0.80311847, 0.19230595, 0.27092212, 0.84389532, 0.19872198)
(0.04824549, 0.90070885, 0.55750674, 0.22322452, 0.26141012, 0.28415039, 0.28827736, 0.25220752, 0.77766472, 0.41286510)
(0.33394232, 0.66844970, 0.55385870, 0.17321742, 0.26940721, 0.49648049, 0.86101127, 0.22885916, 0.67932975, 0.35364649)
(0.79800504, 0.30230689, 0.42033723, 0.41550145, 0.59677702, 0.69175714, 0.44152391, 0.67092121, 0.40820587, 0.96634889)
(0.09444883, 0.24676639, 0.10278853, 0.77948588, 0.81755865, 0.56191820, 0.76966751, 0.20578204, 0.86812073, 0.31151691)
(0.09562981, 0.20840310, 0.34379983, 0.41799784, 0.58644688, 0.52794659, 0.87539184, 0.04047249, 0.34583527, 0.09056816)
(0.36705437, 0.71280134, 0.42296007, 0.17334729, 0.56721818, 0.68910390, 0.89253265, 0.23177560, 0.23006381, 0.75917089)
(0.77912366, 0.24968898, 0.12440345, 0.91419816, 0.46679580, 0.34816352, 0.73002392, 0.47040457, 0.61371487, 0.32892653)
(0.07501873, 0.75986135, 0.85962325, 0.24872372, 0.81014043, 0.55760622, 0.40567070, 0.32409027, 0.76798064, 0.47011986)
(0.72512484, 0.42204753, 0.18761115, 0.58951426, 0.40085635, 0.83922219, 0.37890863, 0.60122192, 0.37336940, 0.87297475)
(0.71037030, 0.40300289, 0.88344884, 0.22453856, 0.84672570, 0.07429210, 0.15353175, 0.73569643, 0.62795854, 0.30205402)
(0.41752598, 0.92374676, 0.18118276, 0.70881701, 0.53709948, 0.76489586, 0.79185575, 0.55640703, 0.92561793, 0.64386964)
(0.20692617, 0.11097223, 0.41453910, 0.42349195, 0.89064354, 0.55800557, 0.77412534, 0.23073880, 0.42634356, 0.93093163)
(0.63710189, 0.55950028, 0.58902735, 0.12926237, 0.02904411, 0.40526596, 0.57943165, 0.12692636, 0.18898444, 0.32599857)
(0.64705002, 0.19896379, 0.53867048, 0.15722682, 0.18596587, 0.00715066, 0.30994722, 0.56442988, 0.88221496, 0.76535523)
(0.81615990, 0.11552670, 0.10181463, 0.90571928, 0.63095933, 0.31281850, 0.88516045, 0.30449495, 0.74025762, 0.13645054)
(0.04009507, 0.91375309, 0.68637651, 0.15502946, 0.64726293, 0.54850930, 0.46490046, 0.60129398, 0.82146680, 0.61259848)
(0.95071381, 0.35469446, 0.26459920, 0.34607336, 0.68131781, 0.54893053, 0.58553356, 0.61351097, 0.09460279, 0.07023852)
(0.55457538, 0.81620651, 0.43876290, 0.57162422, 0.70792711, 0.88755506, 0.72281861, 0.10586512, 0.68187523, 0.09830150)
(0.32825363, 0.76096421, 0.62539715, 0.56303304, 0.12129142, 0.65885365, 0.61266857, 0.47465476, 0.13605469, 0.60558540)
(0.73713928, 0.96209466, 0.82118183, 0.14303012, 0.76700330, 0.75035352, 0.81444162, 0.67896742, 0.79659748, 0.74266934)
(0.31256044, 0.16282088, 0.87823582, 0.16253622, 0.60022813, 0.18602748, 0.43610814, 0.18566728, 0.31928599, 0.17577317)
(0.17545615, 0.62521303, 0.22224511, 0.66269094, 0.27687603, 0.89217371, 0.23007385, 0.43282011, 0.55813193, 0.84339166)
(0.38231710, 0.26534659, 0.67152625, 0.58716732, 0.54599136, 0.45913693, 0.29899919, 0.83371264, 0.39199740, 0.18131721)
(0.56199646, 0.60604435, 0.71175200, 0.20137939, 0.42457834, 0.15325958, 0.56424093, 0.16943254, 0.51375645, 0.62177992)
(0.25929478, 0.95215082, 0.70867014, 0.25558460, 0.79751778, 0.31510949, 0.02349030, 0.53033549, 0.73088396, 0.28196180)
(0.53578234, 0.51060241, 0.39708358, 0.19770344, 0.44971704, 0.74312723, 0.66337287, 0.18738729, 0.38040358, 0.44721496)
(0.51845998, 0.61423749, 0.16276489, 0.90394521, 0.37128797, 0.82745451, 0.85037589, 0.27640620, 0.33090311, 0.44594285)
(0.08090001, 0.09501413, 0.27044851, 0.53365445, 0.81741238, 0.59711611, 0.66472161, 0.26274326, 0.62907940, 0.82702780)
(0.11259400, 0.90742385, 0.90482879, 0.51227897, 0.83262318, 0.32304296, 0.15360703, 0.68050104, 0.80386662, 0.12237296)
(0.04012502, 0.79669911, 0.64794028, 0.32201794, 0.67890674, 0.91011924, 0.49303627, 0.30091837, 0.27114221, 0.47023517)
(0.04292142, 0.23799181, 0.10133006, 0.75518769, 0.35012493, 0.71004879, 0.79486620, 0.58553249, 0.75592935, 0.36110842)
(0.47632888, 0.61851889, 0.55311316, 0.26504409, 0.12990388, 0.60551232, 0.62067789, 0.14754668, 0.24123849, 0.79012591)
(0.60097080, 0.38398933, 0.38967890, 0.67328084, 0.37994829, 0.71369594, 0.12716097, 0.16036041, 0.48572925, 0.82037610)
(0.52208221, 0.34459126, 0.20133932, 0.20109618, 0.07766837, 0.38823330, 0.18202327, 0.56067061, 0.45302016, 0.97225797)
(0.53265500, 0.09450453, 0.51974016, 0.43115142, 0.75572532, 0.23957491, 0.06868092, 0.09285367, 0.40876889, 0.44249585)
(0.72446507, 0.36722097, 0.82333535, 0.83248502, 0.33942425, 0.27097905, 0.14965403, 0.24657919, 0.52310503, 0.79713410)
(0.79550278, 0.82774651, 0.40563983, 0.36000025, 0.64219314, 0.69210416, 0.71989274, 0.13117762, 0.06535676, 0.32504883)
(0.26326594, 0.12187030, 0.18860264, 0.08445449, 0.23596835, 0.57987571, 0.32802427, 0.92831528, 0.17309217, 0.69009155)
(0.11851645, 0.57398319, 0.16704366, 0.84347713, 0.70239633, 0.54943490, 0.82764554, 0.24782595, 0.63522637, 0.23935167)
(0.39689404, 0.38573235, 0.45567954, 0.15961015, 0.60423452, 0.88510793, 0.56386083, 0.09730151, 0.37959191, 0.73323661)
(0.80201757, 0.89630288, 0.67207062, 0.06253117, 0.16389279, 0.71576571, 0.31805587, 0.21685684, 0.47127584, 0.82000095)
(0.46372414, 0.21196876, 0.77510464, 0.33001021, 0.26823610, 0.31748912, 0.22397341, 0.89208776, 0.45604080, 0.15319389)
(0.41400191, 0.33232847, 0.54771489, 0.15347219, 0.31737623, 0.28651229, 0.79746425, 0.76775724, 0.89297682, 0.74583530)
(0.51457942, 0.23713152, 0.03007689, 0.84698302, 0.51741767, 0.35539913, 0.75247192, 0.29535723, 0.88692212, 0.61846715)
(0.29570881, 0.29120436, 0.19160794, 0.18056631, 0.07248923, 0.60764188, 0.49132466, 0.87072194, 0.27988192, 0.89466292)
(0.36173749, 0.59527510, 0.36345845, 0.11462667, 0.83053041, 0.39483094, 0.72391796, 0.56062102, 0.88973242, 0.26928499)
(0.72866237, 0.83511209, 0.91551137, 0.71583617, 0.70412779, 0.18616483, 0.06533528, 0.71159333, 0.77789843, 0.15879546)
(0.22077121, 0.48934039, 0.22207759, 0.92492741, 0.40817410, 0.92283589, 0.85585856, 0.46419147, 0.38276267, 0.24103861)
(0.45127800, 0.83997548, 0.61052829, 0.10146109, 0.61270940, 0.31071341, 0.15942878, 0.80671638, 0.77416915, 0.23122352)
(0.66033101, 0.46809104, 0.85138613, 0.69475031, 0.59092450, 0.27475521, 0.31308684, 0.55324167, 0.69613916, 0.37140954)
(0.31959084, 0.83833331, 0.75442618, 0.52695203, 0.05529300, 0.56345606, 0.63930219, 0.44203258, 0.21863046, 0.63864130)
(0.73274982, 0.33055261, 0.91868556, 0.37725815, 0.32924560, 0.88384348, 0.41523239, 0.95494020, 0.43229115, 0.21018571)
(0.48147798, 0.08738305, 0.47092956, 0.57708269, 0.74913800, 0.69159108, 0.31832367, 0.52448177, 0.49445114, 0.18236381)
(0.48430812, 0.50852400, 0.82152158, 0.72407907, 0.40624195, 0.84374136, 0.87319589, 0.58732635, 0.10033235, 0.23215847)
(0.44254580, 0.73081315, 0.64895427, 0.17017440, 0.92353278, 0.10026963, 0.17957221, 0.46229413, 0.68866730, 0.09163474)
(0.75468487, 0.19113730, 0.06318360, 0.88781273, 0.25070217, 0.71630985, 0.77398562, 0.46819109, 0.32498696, 0.52244854)
(0.09169842, 0.15039852, 0.10916647, 0.55145717, 0.87453347, 0.37936655, 0.63282722, 0.07961491, 0.44554323, 0.39536145)
(0.80162746, 0.52995718, 0.55950505, 0.52925169, 0.59579706, 0.34965855, 0.18966852, 0.23595510, 0.28442898, 0.48505080)
(0.29624033, 0.31172341, 0.53655916, 0.36299384, 0.75579250, 0.82828659, 0.45708057, 0.31110245, 0.51327151, 0.80623895)
(0.86359662, 0.46342480, 0.37498602, 0.35777143, 0.07892165, 0.53506082, 0.54582071, 0.10879190, 0.06618888, 0.41008678)
(0.22266199, 0.15399083, 0.08103429, 0.56988746, 0.66039813, 0.72307795, 0.70591247, 0.44279847, 0.36400226, 0.64108336)
(0.04595762, 0.56787390, 0.70852995, 0.48431405, 0.34472248, 0.08895122, 0.70788151, 0.38513744, 0.89422637, 0.26387209)
(0.92435545, 0.22535869, 0.08183154, 0.85565037, 0.54259318, 0.36877126, 0.81698203, 0.20030630, 0.26830345, 0.28982702)
(0.79102308, 0.57761747, 0.43311444, 0.20500171, 0.73294282, 0.15998992, 0.56204504, 0.45749518, 0.16471767, 0.57453841)
(0.75715554, 0.20224999, 0.60165805, 0.08736820, 0.28541702, 0.34545621, 0.31441253, 0.96052712, 0.39617604, 0.65898347)
(0.24178196, 0.92730325, 0.89508206, 0.60482734, 0.35990554, 0.06224789, 0.05668754, 0.40269032, 0.80362344, 0.18106784)
(0.30225706, 0.30531561, 0.07136443, 0.75850868, 0.47520831, 0.16239472, 0.33211026, 0.46001258, 0.95022595, 0.70306402)
(0.61343962, 0.14426738, 0.35619026, 0.19584444, 0.20269990, 0.34335411, 0.21930575, 0.04958007, 0.18772991, 0.93820393)
(0.18961129, 0.17492421, 0.82454211, 0.45936534, 0.94455391, 0.49809796, 0.52169043, 0.23191911, 0.76759875, 0.51990521)
(0.25790140, 0.98789155, 0.72502732, 0.30461943, 0.36815578, 0.43172452, 0.07502668, 0.59807271, 0.77548140, 0.63263839)
(0.22007068, 0.49923834, 0.08251563, 0.53812641, 0.38793576, 0.91010916, 0.51686579, 0.72136652, 0.18764383, 0.64019132)
(0.14631790, 0.16752048, 0.16836075, 0.64869481, 0.29418838, 0.84413260, 0.48248756, 0.66337246, 0.24432151, 0.48812693)
(0.44973502, 0.38188598, 0.31216949, 0.80433804, 0.46260864, 0.84479856, 0.52572185, 0.20442772, 0.81237596, 0.16228510)
(0.18252037, 0.80398947, 0.03395978, 0.73183537, 0.06312135, 0.82592160, 0.28710073, 0.45177349, 0.67923594, 0.94488269)
(0.53643793, 0.19961582, 0.37088308, 0.54155439, 0.22985853, 0.64224309, 0.15645577, 0.28999937, 0.23003127, 0.29747045)
(0.35726702, 0.50019056, 0.41910416, 0.29125488, 0.16250244, 0.47895294, 0.53571218, 0.16043863, 0.46199065, 0.41034380)
(0.61298817, 0.05399669, 0.93284214, 0.26742756, 0.23047921, 0.39109498, 0.20786168, 0.34079531, 0.25511104, 0.19766580)
(0.09315768, 0.54447436, 0.60397816, 0.22370976, 0.71113300, 0.50471556, 0.38052395, 0.14240462, 0.93875545, 0.35584962)
(0.05458415, 0.15659043, 0.18643595, 0.21399248, 0.08855008, 0.56025004, 0.06453624, 0.29393628, 0.57704663, 0.86179435)
(0.60178715, 0.12768947, 0.89006913, 0.63127136, 0.49089086, 0.44759926, 0.32287014, 0.56035602, 0.49367112, 0.47555864)
(0.43762383, 0.55129105, 0.38043028, 0.48323500, 0.39791721, 0.65490532, 0.63815540, 0.55189228, 0.03600747, 0.29890200)
(0.24221733, 0.07870911, 0.06976156, 0.54088616, 0.52514601, 0.78006196, 0.77841371, 0.26323178, 0.39450699, 0.62244856)
(0.49494067, 0.41518080, 0.65051770, 0.22646011, 0.43887949, 0.90186667, 0.14279692, 0.21736440, 0.20812772, 0.38094354)
(0.30108142, 0.76218790, 0.87509054, 0.67594188, 0.60925180, 0.95882660, 0.35717052, 0.22235468, 0.65509480, 0.83312368)
(0.34432444, 0.11351360, 0.37572137, 0.22749639, 0.31637067, 0.72481537, 0.71162230, 0.09075982, 0.37943962, 0.13930176)
(0.30673912, 0.11138904, 0.40858361, 0.24756426, 0.75378942, 0.59754771, 0.77686375, 0.12476431, 0.40699902, 0.78819871)
(0.73818296, 0.68741053, 0.25659722, 0.25253937, 0.50719374, 0.09287362, 0.83209270, 0.57301366, 0.38755122, 0.34966886)
(0.64587295, 0.45046085, 0.40006787, 0.24013299, 0.64582109, 0.71287739, 0.68742651, 0.69933236, 0.04955218, 0.38519344)
(0.56386739, 0.17201614, 0.64320344, 0.50806707, 0.17481418, 0.15729223, 0.04492380, 0.69401497, 0.19047388, 0.80496585)
(0.56948537, 0.54635847, 0.41494751, 0.10588197, 0.30055046, 0.09087510, 0.47790369, 0.23266800, 0.73828942, 0.59295684)
(0.65781885, 0.23366588, 0.07198459, 0.59445602, 0.34584296, 0.76315606, 0.86656183, 0.41419727, 0.03295241, 0.17299047)
(0.47058487, 0.33815700, 0.17163457, 0.33486250, 0.59249371, 0.92758507, 0.54211879, 0.51833886, 0.07544833, 0.24708638)
(0.63243407, 0.30690312, 0.75155169, 0.56499672, 0.27461702, 0.30294737, 0.09394693, 0.16409643, 0.55831015, 0.20678127)
(0.63854444, 0.45675445, 0.83560663, 0.18497168, 0.80567366, 0.14352383, 0.16043392, 0.79703069, 0.66920769, 0.21077010)
(0.51808792, 0.78656900, 0.54626739, 0.55610943, 0.12652512, 0.39542189, 0.35054523, 0.22884020, 0.15415071, 0.66922432)
(0.04783581, 0.89423889, 0.60859156, 0.67263401, 0.34206265, 0.18255208, 0.60213548, 0.16807874, 0.71049666, 0.83647043)
(0.52790725, 0.16559951, 0.86762875, 0.79015929, 0.45254794, 0.29839382, 0.13263997, 0.34761328, 0.61464721, 0.87723833)
(0.65219253, 0.13630740, 0.70613128, 0.35614464, 0.37140143, 0.77258605, 0.35859317, 0.85002685, 0.73166156, 0.77166462)
(0.93545038, 0.79270387, 0.27130255, 0.32307693, 0.49143824, 0.28005120, 0.83233106, 0.57373244, 0.02450706, 0.54319543)
(0.59715372, 0.50281239, 0.38615966, 0.18237035, 0.94622004, 0.21255885, 0.14874752, 0.34836954, 0.76305801, 0.03896409)
(0.08992429, 0.34103063, 0.32912722, 0.40184027, 0.72762537, 0.66427964, 0.31425911, 0.11211346, 0.58985376, 0.33818346)
(0.76893598, 0.55092496, 0.84508485, 0.47866467, 0.35380232, 0.35030654, 0.36099237, 0.15541959, 0.17993829, 0.78671896)
(0.78214777, 0.42124555, 0.96284831, 0.36494252, 0.54759961, 0.79126751, 0.77245522, 0.30152816, 0.53826112, 0.43192407)
(0.06762137, 0.17787583, 0.51608217, 0.13813157, 0.56541097, 0.37000936, 0.38479951, 0.04400893, 0.84351432, 0.36742789)
(0.09828359, 0.17659353, 0.07351135, 0.83608168, 0.53149068, 0.57315153, 0.80832988, 0.45506909, 0.59505308, 0.30048990)
(0.28736871, 0.32325929, 0.74902475, 0.45927399, 0.28517115, 0.09493422, 0.19936541, 0.81916481, 0.20008732, 0.31048554)
(0.85162550, 0.73510790, 0.82639658, 0.61247563, 0.16730730, 0.65531772, 0.93072599, 0.63580191, 0.29183209, 0.69443166)
(0.44445133, 0.39286068, 0.58481914, 0.21490915, 0.49376482, 0.90992939, 0.61407334, 0.59636837, 0.03441804, 0.38834444)
(0.47846296, 0.79436129, 0.52366227, 0.11048226, 0.39175156, 0.77290070, 0.57511938, 0.30208680, 0.28108576, 0.70237720)
(0.60145724, 0.51139671, 0.36487198, 0.82006866, 0.45584306, 0.66808033, 0.75981843, 0.62877584, 0.02044563, 0.15405935)
(0.90192968, 0.19992955, 0.96143824, 0.81793708, 0.15721823, 0.38490453, 0.26923829, 0.40672499, 0.42276752, 0.68581551)
(0.68704909, 0.28597477, 0.92156440, 0.37004232, 0.52118677, 0.23367710, 0.34163472, 0.50378883, 0.22828676, 0.19263579)
(0.49286631, 0.47862563, 0.68893546, 0.35347304, 0.07130004, 0.61616468, 0.59292495, 0.38427436, 0.03865770, 0.44841468)
(0.59060228, 0.10901221, 0.05825558, 0.26071727, 0.71211785, 0.41674107, 0.71762520, 0.07827562, 0.76342344, 0.74350208)
(0.35628226, 0.76088071, 0.61115950, 0.16392878, 0.47844180, 0.81068087, 0.18054803, 0.14554489, 0.84608150, 0.24841504)
(0.84537989, 0.63161975, 0.82347053, 0.17046009, 0.56509954, 0.04890470, 0.62245023, 0.40167892, 0.58172798, 0.83675712)
(0.49852467, 0.20823507, 0.37246916, 0.90486461, 0.30804786, 0.59180081, 0.73960346, 0.59377933, 0.61667794, 0.37242705)
(0.04324785, 0.33666435, 0.10193183, 0.77051520, 0.39001665, 0.93399209, 0.54619849, 0.34751925, 0.36384431, 0.38815945)
(0.39385754, 0.76755822, 0.78065604, 0.67086816, 0.82887995, 0.79802155, 0.79816043, 0.26444480, 0.70151305, 0.81922418)
(0.49321118, 0.47639149, 0.40157098, 0.27232748, 0.72298628, 0.66656411, 0.12557714, 0.06146374, 0.84430999, 0.73400831)
(0.73532265, 0.15312640, 0.04412936, 0.82669711, 0.57020730, 0.19126293, 0.38027009, 0.51640171, 0.31127968, 0.45696750)
(0.33579567, 0.69243628, 0.44129503, 0.37287638, 0.13050866, 0.42698905, 0.76216656, 0.49316898, 0.60183960, 0.54706407)
(0.80382341, 0.41199964, 0.11419125, 0.63104886, 0.63970888, 0.78223759, 0.54900086, 0.24584168, 0.22765516, 0.37281823)
(0.17365351, 0.41856748, 0.13086295, 0.88789725, 0.50961411, 0.81729406, 0.89149415, 0.36399993, 0.69213748, 0.35611343)
(0.72903877, 0.67277586, 0.82867849, 0.32581139, 0.63838923, 0.66941625, 0.20461988, 0.29847941, 0.67526448, 0.73854339)
(0.48041165, 0.48418176, 0.19766858, 0.95325679, 0.37714234, 0.83552420, 0.87037545, 0.38163078, 0.50055319, 0.21904311)
(0.32654440, 0.05443078, 0.33351448, 0.09032104, 0.56327707, 0.70896530, 0.15553600, 0.52323377, 0.43234336, 0.80772555)
(0.85426742, 0.13538353, 0.88543254, 0.16100958, 0.27456540, 0.21722020, 0.27066174, 0.98207742, 0.25932571, 0.50460070)
(0.61534894, 0.59615445, 0.09321076, 0.71711802, 0.43046039, 0.95150298, 0.45524976, 0.45829299, 0.07173795, 0.68677717)
(0.09300711, 0.43594304, 0.47645560, 0.42832211, 0.39350924, 0.46087804, 0.33801639, 0.03069430, 0.46603638, 0.81880379)
(0.53709787, 0.19071905, 0.83968353, 0.75297272, 0.55624747, 0.26067406, 0.25278562, 0.57417661, 0.32756701, 0.43372414)
(0.14831379, 0.46084574, 0.10523197, 0.68398690, 0.47460857, 0.96629667, 0.48554558, 0.41976613, 0.11357275, 0.57999003)
(0.21365452, 0.70687544, 0.07496585, 0.91523385, 0.45142981, 0.71943659, 0.65065050, 0.56644613, 0.95421380, 0.87281770)
(0.61938590, 0.30735579, 0.20666635, 0.78685296, 0.75634003, 0.37967178, 0.52981275, 0.58290267, 0.21951272, 0.82587516)
(0.59814507, 0.50338840, 0.23501132, 0.48427317, 0.92580318, 0.30976656, 0.08208193, 0.15768452, 0.85880369, 0.17504512)
(0.24974574, 0.26013333, 0.55829006, 0.50594240, 0.76810056, 0.63467717, 0.42194036, 0.13252038, 0.82671928, 0.28979465)
(0.08969447, 0.15129647, 0.09212432, 0.74047244, 0.88221478, 0.55343819, 0.51240295, 0.28455925, 0.61936879, 0.49734190)
(0.03961305, 0.70267212, 0.72103351, 0.26317468, 0.40450206, 0.52151853, 0.49835807, 0.25364757, 0.82757729, 0.63862598)
(0.39294711, 0.49752596, 0.13719338, 0.35661647, 0.70205283, 0.17142311, 0.94103307, 0.07502449, 0.53792167, 0.13645041)
(0.75703949, 0.83647883, 0.23429701, 0.38782254, 0.28172603, 0.23466785, 0.94322771, 0.71465540, 0.46111268, 0.36294410)
(0.67629546, 0.20444027, 0.14711663, 0.66299576, 0.74411923, 0.45472148, 0.40955552, 0.49420872, 0.12956077, 0.26428604)
(0.19602251, 0.58604228, 0.73628521, 0.11374492, 0.62873930, 0.02166557, 0.40148929, 0.50156438, 0.72530335, 0.57772124)
(0.49111363, 0.15670732, 0.47901821, 0.40515164, 0.92912561, 0.31330454, 0.54351389, 0.67714435, 0.04969491, 0.84116882)
(0.46271652, 0.51219887, 0.35744524, 0.38659889, 0.74688560, 0.93047357, 0.28132096, 0.12973939, 0.67942029, 0.73622185)
(0.80285180, 0.31409118, 0.63432038, 0.23789808, 0.48097908, 0.09920897, 0.09128596, 0.64262223, 0.67357665, 0.08308012)
(0.68331140, 0.79094279, 0.57816625, 0.10170703, 0.44296721, 0.69346803, 0.76648158, 0.38938424, 0.57589549, 0.75281447)
(0.32010722, 0.09783705, 0.25297037, 0.90964788, 0.49772319, 0.69353682, 0.91664982, 0.20120476, 0.52341372, 0.19351985)
(0.84409636, 0.16756071, 0.11068048, 0.87149119, 0.47128728, 0.36102521, 0.68911374, 0.47078767, 0.14698261, 0.15211143)
(0.32001048, 0.19482794, 0.62803501, 0.13739479, 0.38955536, 0.18758711, 0.27574781, 0.91026825, 0.29776752, 0.37484404)
(0.33507678, 0.96512359, 0.33216012, 0.66380495, 0.13679162, 0.44203976, 0.46187800, 0.86682189, 0.90687025, 0.70721757)
(0.70608383, 0.60803175, 0.68454725, 0.39932632, 0.97430235, 0.19129127, 0.72084832, 0.42916638, 0.89473712, 0.09691288)
(0.18381697, 0.82400614, 0.57009375, 0.23778406, 0.59339684, 0.68841255, 0.05749665, 0.22933657, 0.62927812, 0.13449642)
(0.07239119, 0.23159157, 0.41237268, 0.49420267, 0.18927363, 0.92396164, 0.55751586, 0.59746718, 0.56421018, 0.85130274)
(0.64786541, 0.57183158, 0.58280098, 0.06487015, 0.60511547, 0.68445837, 0.71739995, 0.25438774, 0.20965679, 0.78224611)
(0.06811561, 0.43893000, 0.45953071, 0.52949113, 0.54470795, 0.82928395, 0.72444624, 0.18478529, 0.26485130, 0.26141852)
(0.06141778, 0.86592549, 0.50287241, 0.15150292, 0.68674320, 0.83571839, 0.37881315, 0.18147339, 0.69515932, 0.52547622)
(0.26262715, 0.33312872, 0.80215681, 0.62732613, 0.34252197, 0.86768442, 0.39456871, 0.74511963, 0.08640049, 0.47763208)
(0.66220891, 0.57842302, 0.57931298, 0.10034812, 0.45495081, 0.80024791, 0.46663874, 0.23611046, 0.02087306, 0.29371566)
(0.27335554, 0.30538470, 0.04409020, 0.11764566, 0.02565401, 0.88854671, 0.17331125, 0.60459912, 0.34228688, 0.77474380)
(0.65514714, 0.52304059, 0.70136666, 0.32018632, 0.66038471, 0.88083422, 0.94506389, 0.25713480, 0.48904327, 0.90019506)
(0.34827325, 0.27036512, 0.61000800, 0.34886515, 0.27478555, 0.63461119, 0.87042844, 0.22489059, 0.34853292, 0.66025645)
(0.40106383, 0.52552176, 0.63473028, 0.28512189, 0.39860973, 0.44714323, 0.32615480, 0.07296867, 0.43691969, 0.71960706)
(0.24702202, 0.69763589, 0.88753170, 0.50481832, 0.29322842, 0.12239945, 0.63350421, 0.33579400, 0.78929335, 0.43601245)
(0.25271070, 0.60653383, 0.28715688, 0.07304668, 0.60753900, 0.40731660, 0.91563588, 0.18776496, 0.63305813, 0.42540365)
(0.51707017, 0.38694319, 0.41357186, 0.34625256, 0.24087930, 0.82284683, 0.37358546, 0.17641212, 0.09760128, 0.19517803)
(0.78501379, 0.39502445, 0.89149219, 0.58580667, 0.56369799, 0.77571237, 0.41211537, 0.84562975, 0.25414026, 0.74150699)
(0.40160915, 0.54605234, 0.24882661, 0.77628320, 0.43848810, 0.87874639, 0.74965364, 0.40927747, 0.05727454, 0.21681680)
(0.40604851, 0.39478639, 0.53846866, 0.22037253, 0.42257640, 0.69128311, 0.46292600, 0.50217366, 0.11361547, 0.22812954)
(0.19273908, 0.54794025, 0.38360330, 0.12908362, 0.31096029, 0.77621913, 0.67263353, 0.32614824, 0.35294241, 0.32537824)
(0.09983579, 0.57042718, 0.84110993, 0.46337074, 0.71060574, 0.54978091, 0.28015023, 0.29421052, 0.85138971, 0.42953965)
(0.83591306, 0.25235710, 0.25335073, 0.38072318, 0.67088234, 0.21336454, 0.75847417, 0.09309003, 0.10927097, 0.08932202)
(0.54647231, 0.86415797, 0.71224332, 0.43882102, 0.79364365, 0.84360152, 0.39917082, 0.40994662, 0.69472921, 0.78589499)
(0.19244434, 0.45377189, 0.59150273, 0.34993094, 0.37760609, 0.78297180, 0.70237988, 0.29508659, 0.40503246, 0.41488820)
(0.51816022, 0.35620224, 0.79403251, 0.35826427, 0.75601810, 0.88315046, 0.34123331, 0.34557620, 0.15409362, 0.51588857)
(0.58481205, 0.06433575, 0.07492209, 0.63538218, 0.71821141, 0.52701688, 0.76404786, 0.16338055, 0.61633903, 0.66042548)
(0.10023909, 0.67895079, 0.59228057, 0.30191100, 0.67998457, 0.88620198, 0.42929545, 0.31854784, 0.41781771, 0.56701279)
(0.67067593, 0.21980104, 0.10569785, 0.94623959, 0.43644693, 0.37644917, 0.79918063, 0.60777950, 0.56697237, 0.28433099)
(0.42284241, 0.28541842, 0.12071651, 0.57616627, 0.78055203, 0.78669906, 0.54117316, 0.16845426, 0.45639431, 0.78777367)
(0.62193757, 0.25616583, 0.86246783, 0.50072521, 0.55778176, 0.62940603, 0.67449600, 0.55483109, 0.26467404, 0.62441498)
(0.87897122, 0.85875279, 0.45640764, 0.17050110, 0.57664204, 0.42843321, 0.79971248, 0.58087063, 0.13517019, 0.64473587)
(0.65540278, 0.46715146, 0.50644308, 0.37116084, 0.39797169, 0.38531044, 0.43104938, 0.14659962, 0.76533425, 0.27994606)
(0.93312740, 0.11942688, 0.95953882, 0.29632348, 0.11481422, 0.32181630, 0.21172494, 0.91962129, 0.24185164, 0.49269441)
(0.09812866, 0.72307777, 0.10258746, 0.82192534, 0.29138413, 0.86731660, 0.36961561, 0.39070600, 0.91674238, 0.45471609)
(0.87736475, 0.31240383, 0.38755107, 0.38332641, 0.32320029, 0.59755349, 0.27371392, 0.10293756, 0.17238739, 0.67889106)
(0.24581103, 0.83117038, 0.58289391, 0.17376921, 0.54531670, 0.69067299, 0.17892718, 0.20041069, 0.82788110, 0.33575457)
(0.37913358, 0.52094185, 0.28992230, 0.67571658, 0.61019552, 0.63840973, 0.09291835, 0.21694627, 0.68600619, 0.49056381)
(0.24873544, 0.50482494, 0.40087351, 0.31932473, 0.18990396, 0.33229640, 0.76383150, 0.32861882, 0.68016696, 0.28202540)
(0.91500056, 0.33689848, 0.06927422, 0.71931088, 0.30129576, 0.76238185, 0.87792861, 0.16230975, 0.42390549, 0.60143858)
(0.21836688, 0.26237586, 0.80545664, 0.70259953, 0.50733685, 0.62970144, 0.16788517, 0.31648529, 0.31032428, 0.47738177)
(0.54371428, 0.28277358, 0.65020734, 0.14318880, 0.56847078, 0.31199247, 0.33728325, 0.95607173, 0.29823449, 0.72503650)
(0.63584852, 0.15088822, 0.06744330, 0.81569517, 0.53148019, 0.29692942, 0.50673747, 0.45005000, 0.39386210, 0.43553934)
(0.42237005, 0.61406529, 0.18106049, 0.16230522, 0.44925961, 0.15765899, 0.96487755, 0.19910930, 0.46432361, 0.19270274)
(0.55913800, 0.36374238, 0.83441281, 0.42653137, 0.51320523, 0.65508753, 0.54994881, 0.27100629, 0.24791211, 0.68902457)
(0.80514765, 0.33175030, 0.28715205, 0.57501739, 0.74293697, 0.61667490, 0.39270648, 0.45025232, 0.63538355, 0.94975913)
(0.22677577, 0.94616050, 0.79172117, 0.21611129, 0.11826903, 0.81896472, 0.55965751, 0.84938216, 0.91962248, 0.62535751)
(0.43594825, 0.50665152, 0.41374260, 0.12770425, 0.73373008, 0.12055602, 0.72965509, 0.71341377, 0.05636572, 0.51481187)
(0.73019540, 0.21111687, 0.06886124, 0.68592232, 0.60482109, 0.44448411, 0.69487226, 0.50865793, 0.23980568, 0.94088471)
(0.35920417, 0.76654649, 0.49331602, 0.07342327, 0.47407666, 0.80807370, 0.32141089, 0.21869454, 0.29831421, 0.39091751)
(0.74208230, 0.90170592, 0.92439294, 0.09652457, 0.14585109, 0.74992573, 0.77418238, 0.35190597, 0.78836048, 0.45427629)
(0.48457065, 0.80170679, 0.47189432, 0.02366741, 0.30917811, 0.69073832, 0.71227682, 0.57865793, 0.52611947, 0.68315935)
(0.51052254, 0.51080531, 0.25229234, 0.86370885, 0.49301612, 0.81574512, 0.62039769, 0.57676595, 0.13020480, 0.76059943)
(0.27144623, 0.56008315, 0.86166292, 0.39942071, 0.33301878, 0.47513667, 0.24700680, 0.17711867, 0.09582186, 0.56090295)
(0.02625329, 0.30766255, 0.14169523, 0.71125013, 0.54886335, 0.93261778, 0.46962553, 0.40596014, 0.46206850, 0.68102962)
(0.86938840, 0.82741958, 0.83563811, 0.36664593, 0.02591920, 0.52540654, 0.76239240, 0.56218302, 0.23622891, 0.70137739)
(0.05597788, 0.77544540, 0.27540386, 0.12344625, 0.60022247, 0.35398799, 0.34264559, 0.19133878, 0.59271741, 0.26585332)
(0.16267450, 0.61044538, 0.30154243, 0.37480024, 0.84423769, 0.76693606, 0.66060561, 0.10974108, 0.59102738, 0.33024937)
(0.18919939, 0.21015017, 0.50644541, 0.13350351, 0.37404674, 0.61037123, 0.67445022, 0.11898029, 0.46262619, 0.62039512)
(0.40458378, 0.25335282, 0.08703674, 0.58187020, 0.20547473, 0.95174825, 0.39591876, 0.41207948, 0.27010542, 0.41848817)
(0.58497292, 0.79264283, 0.94560343, 0.49121705, 0.32507008, 0.48324597, 0.03922072, 0.54808396, 0.89000720, 0.34621939)
(0.93321437, 0.60558808, 0.65258455, 0.20397457, 0.50542057, 0.48167068, 0.39357948, 0.31713071, 0.19421335, 0.73682088)
(0.85574675, 0.40553051, 0.29749340, 0.16344218, 0.61990869, 0.38586476, 0.80859834, 0.10736018, 0.41846660, 0.50802743)
(0.47253224, 0.48824927, 0.47882894, 0.27258712, 0.52529955, 0.74409312, 0.66807240, 0.49516827, 0.03060416, 0.21075638)
(0.81753194, 0.09451820, 0.13096614, 0.95375758, 0.46012506, 0.41429457, 0.77118474, 0.46006408, 0.42879057, 0.19331440)
(0.38373888, 0.95051008, 0.40040493, 0.11387835, 0.37917137, 0.70460409, 0.18556409, 0.16975583, 0.81394333, 0.26428032)
(0.67010868, 0.39173713, 0.39842832, 0.27665719, 0.30297646, 0.30294827, 0.07588013, 0.79837066, 0.17806171, 0.68117142)
(0.65147710, 0.77927196, 0.77137220, 0.50903440, 0.21738085, 0.82548624, 0.87772322, 0.47613740, 0.32660809, 0.72831929)
(0.08298010, 0.16814181, 0.36972138, 0.15143111, 0.12198157, 0.61779070, 0.55919778, 0.08548356, 0.34782436, 0.55664611)
(0.41998467, 0.64724249, 0.76034260, 0.31594610, 0.33517021, 0.15221243, 0.81645536, 0.32944170, 0.77134192, 0.72510856)
(0.56444168, 0.32698900, 0.91681600, 0.66094488, 0.87883461, 0.44690043, 0.51210904, 0.29523861, 0.74487436, 0.49350566)
(0.57869440, 0.71482390, 0.53491873, 0.55197883, 0.18615155, 0.54582179, 0.67546868, 0.54168636, 0.27315080, 0.36585274)
(0.11405978, 0.19165811, 0.68077081, 0.29811996, 0.65925944, 0.46386504, 0.92451286, 0.22724211, 0.51271909, 0.51487774)
(0.04688316, 0.28454924, 0.09492800, 0.67462701, 0.56087667, 0.79807884, 0.64009327, 0.48827583, 0.52642202, 0.55283874)
(0.72883499, 0.12650479, 0.12786753, 0.67882949, 0.58068675, 0.73573357, 0.74109244, 0.38596550, 0.20898284, 0.14492522)
(0.52057338, 0.52200717, 0.38117400, 0.30645829, 0.20550530, 0.91777575, 0.22276938, 0.11152480, 0.10813415, 0.43215901)
(0.07649132, 0.17587915, 0.46783045, 0.66883612, 0.73672998, 0.84367687, 0.47974861, 0.22095537, 0.54615039, 0.22015040)
(0.66409808, 0.29753932, 0.37733147, 0.43090180, 0.19763094, 0.79919010, 0.05505272, 0.16627511, 0.31756738, 0.69528294)
(0.27666488, 0.23783047, 0.66922897, 0.66235030, 0.51208442, 0.73743373, 0.16139074, 0.35812905, 0.73486191, 0.92573744)
(0.57880485, 0.84309649, 0.84040999, 0.29688010, 0.27777770, 0.80764562, 0.95512730, 0.59448868, 0.62666625, 0.46590251)
(0.23048522, 0.39186472, 0.51892209, 0.01813058, 0.61227059, 0.23811899, 0.58245707, 0.51715583, 0.88376319, 0.34302482)
(0.56176275, 0.33327344, 0.92094064, 0.74184316, 0.57176471, 0.16302809, 0.40701112, 0.09842594, 0.37958658, 0.84940779)
(0.56173819, 0.80880535, 0.66637146, 0.69487864, 0.65256345, 0.75257730, 0.13110583, 0.32283792, 0.69883299, 0.66476065)
(0.44419706, 0.53928441, 0.38137093, 0.55525869, 0.50448859, 0.33137897, 0.81791705, 0.54312694, 0.07043379, 0.58748227)
(0.11416351, 0.47446245, 0.40930995, 0.40817621, 0.84140259, 0.78292179, 0.29466733, 0.17110398, 0.69481981, 0.25977999)
(0.13406418, 0.76225936, 0.22337013, 0.81429291, 0.45231828, 0.91970718, 0.70391238, 0.12290160, 0.32717326, 0.14029393)
(0.46230629, 0.43260673, 0.83905840, 0.32650852, 0.74817801, 0.85596842, 0.64328176, 0.40397975, 0.02753923, 0.45870832)
(0.59774363, 0.31534666, 0.42033148, 0.68091971, 0.78187579, 0.39502704, 0.34321105, 0.67558575, 0.27926734, 0.70861989)
(0.52835059, 0.32717818, 0.80942959, 0.35106170, 0.57220441, 0.42971933, 0.37192705, 0.83929849, 0.52965933, 0.15223795)
(0.44381610, 0.32523316, 0.68153608, 0.41253334, 0.50662172, 0.72041106, 0.89622045, 0.62317532, 0.15646997, 0.54945886)
(0.08747352, 0.65941912, 0.92004544, 0.57605660, 0.21597460, 0.39336288, 0.25910124, 0.17070226, 0.39515367, 0.34034738)
(0.28067580, 0.27516726, 0.82257068, 0.63520122, 0.53465515, 0.88337404, 0.22969408, 0.79141223, 0.09525731, 0.67524594)
(0.75195736, 0.57554364, 0.94643676, 0.37295988, 0.69170004, 0.37556040, 0.52231085, 0.33733782, 0.82196933, 0.22947919)
(0.54772764, 0.29688376, 0.02808292, 0.66836601, 0.51136065, 0.63567328, 0.85176814, 0.16809435, 0.50864518, 0.83461428)
(0.60159242, 0.24704923, 0.79517227, 0.52069134, 0.38976640, 0.65343285, 0.05481892, 0.42317986, 0.31279445, 0.80074203)
(0.38841686, 0.03306420, 0.07233280, 0.43676645, 0.58309865, 0.70285010, 0.69603217, 0.14836574, 0.30751842, 0.20930827)
(0.78927428, 0.18383226, 0.07816302, 0.60665709, 0.68437171, 0.30345729, 0.24104738, 0.80919540, 0.18064323, 0.64761102)
(0.05456601, 0.46192801, 0.46067825, 0.71148401, 0.85831404, 0.75276679, 0.79520208, 0.09224011, 0.62716120, 0.34784910)
(0.59966964, 0.85461092, 0.53728509, 0.21986763, 0.06048238, 0.50071168, 0.59066445, 0.50976264, 0.22609013, 0.65220088)
(0.75615203, 0.48162615, 0.16899581, 0.25109309, 0.15829946, 0.59083551, 0.37804776, 0.89127982, 0.17899844, 0.94393820)
(0.33155659, 0.31231752, 0.09546784, 0.20197429, 0.20923795, 0.85894352, 0.10098959, 0.59597802, 0.55252546, 0.54685235)
(0.50980514, 0.24578878, 0.80808550, 0.15139434, 0.70535547, 0.36889717, 0.45450658, 0.74512416, 0.43035936, 0.20742793)
(0.61710298, 0.45058578, 0.70747453, 0.40614146, 0.34060296, 0.81561100, 0.67001510, 0.35721740, 0.07374317, 0.89268595)
(0.87220395, 0.56138420, 0.55813956, 0.42276424, 0.63923705, 0.40681440, 0.11084295, 0.34793147, 0.85094386, 0.13908467)
(0.71137494, 0.46239686, 0.90243918, 0.19730915, 0.33122692, 0.92735761, 0.45321974, 0.50276870, 0.12424754, 0.91236204)
(0.35205701, 0.57961482, 0.95794737, 0.32883543, 0.33992824, 0.70874727, 0.10979633, 0.37046877, 0.76995099, 0.14529876)
(0.19404550, 0.07509235, 0.40257290, 0.59446919, 0.84000915, 0.26697260, 0.66595459, 0.09603637, 0.44344291, 0.05104455)
(0.81072098, 0.45516014, 0.78950757, 0.37093759, 0.32266402, 0.54617995, 0.86415690, 0.87311810, 0.05897060, 0.27072951)
(0.45513794, 0.67492479, 0.69766116, 0.05615171, 0.96330255, 0.07016231, 0.43144959, 0.37852037, 0.71626043, 0.14508519)
(0.39386842, 0.38210431, 0.10338825, 0.74077600, 0.16197067, 0.86520529, 0.62567234, 0.61391914, 0.55426729, 0.80340225)
(0.01344719, 0.86252034, 0.80677807, 0.75762552, 0.21576712, 0.33249858, 0.24515025, 0.16645065, 0.42434904, 0.80219471)
(0.75337052, 0.35399702, 0.11521029, 0.86825371, 0.38826692, 0.83008200, 0.66641676, 0.61115515, 0.11474898, 0.13565828)
(0.47828847, 0.38812599, 0.32917228, 0.26507857, 0.25314161, 0.67815197, 0.74126577, 0.19875792, 0.33722478, 0.29779553)
(0.43433976, 0.48726410, 0.50133610, 0.66080660, 0.91938728, 0.26151779, 0.12503096, 0.31477994, 0.78330332, 0.20584951)
(0.14840652, 0.15285553, 0.09296633, 0.41106394, 0.27100316, 0.91328555, 0.54692525, 0.50830185, 0.45847827, 0.81481546)
(0.26859507, 0.17781095, 0.52577287, 0.42910746, 0.18396342, 0.87285465, 0.80481178, 0.79031539, 0.66924363, 0.84449589)
(0.89411861, 0.40636116, 0.75579172, 0.36591300, 0.25858995, 0.10242974, 0.16444410, 0.21253103, 0.15290235, 0.75786912)
(0.34001368, 0.08530822, 0.27458283, 0.16126686, 0.42965868, 0.91532946, 0.45523608, 0.31464353, 0.50011307, 0.43690738)
(0.03946334, 0.06482834, 0.10120025, 0.85229528, 0.62639540, 0.30113599, 0.68365842, 0.69727761, 0.89605004, 0.33288765)
(0.52171898, 0.28170758, 0.10269126, 0.81008685, 0.21076186, 0.76508886, 0.84200263, 0.71005517, 0.58446187, 0.63718963)
(0.45956737, 0.82380462, 0.88995415, 0.18474704, 0.27148008, 0.75570446, 0.83912295, 0.59742182, 0.42145559, 0.53459525)
(0.35417095, 0.12532049, 0.42167211, 0.40392265, 0.59576023, 0.89151216, 0.13034075, 0.27746478, 0.80755085, 0.58554584)
(0.31371304, 0.70486450, 0.94073021, 0.68500686, 0.51118696, 0.76449597, 0.40656656, 0.20769468, 0.75614011, 0.31629607)
(0.05484665, 0.66588557, 0.72234786, 0.61074251, 0.44509587, 0.52934086, 0.32888263, 0.14411128, 0.47002935, 0.42703313)
(0.66935068, 0.21621385, 0.03713262, 0.83900118, 0.22625473, 0.67353004, 0.82651830, 0.61837411, 0.55284202, 0.58134419)
(0.21397537, 0.46915391, 0.45274502, 0.40686229, 0.86511844, 0.82022750, 0.17906448, 0.15362483, 0.85068041, 0.28074437)
(0.10873251, 0.60429209, 0.44297117, 0.22168905, 0.69062972, 0.71836078, 0.38861430, 0.17797162, 0.55286878, 0.56541377)
(0.67541438, 0.32555413, 0.72828436, 0.72432429, 0.80167478, 0.38382328, 0.12282020, 0.61392820, 0.81743121, 0.30776283)
(0.46931908, 0.29372013, 0.66090798, 0.25075579, 0.90321046, 0.56531167, 0.28848121, 0.18459781, 0.68755597, 0.26771635)
(0.74099171, 0.25882673, 0.74678952, 0.58526212, 0.52857250, 0.10634226, 0.44189548, 0.67237204, 0.20687477, 0.73828912)
(0.50730759, 0.71360695, 0.78520447, 0.82419485, 0.73127693, 0.38356739, 0.54667348, 0.22274441, 0.62318313, 0.85743594)
(0.78629720, 0.43840927, 0.04344809, 0.85141826, 0.04857500, 0.61712778, 0.38830930, 0.21159798, 0.76911181, 0.63916874)
(0.17092918, 0.57802504, 0.60845178, 0.22077562, 0.38977423, 0.79964113, 0.58019376, 0.31554863, 0.43511364, 0.52756977)
(0.91903162, 0.27889171, 0.17111094, 0.27959955, 0.47167894, 0.84244084, 0.21448264, 0.93041956, 0.25558606, 0.14882819)
(0.32844993, 0.21057156, 0.07083096, 0.56820303, 0.44022143, 0.89922976, 0.74826092, 0.55367756, 0.53362858, 0.48407415)
(0.79067099, 0.87818062, 0.64330804, 0.18999839, 0.59480000, 0.82050306, 0.27574047, 0.35633942, 0.41098273, 0.63668543)
(0.26913691, 0.09817961, 0.52134877, 0.36405578, 0.37419614, 0.84386104, 0.90165418, 0.70696306, 0.64641553, 0.85366035)
(0.71180797, 0.79504985, 0.52207381, 0.27513114, 0.25651604, 0.36396083, 0.09634311, 0.23436406, 0.86623269, 0.20747288)
(0.60578108, 0.56196982, 0.65402764, 0.44597474, 0.93468541, 0.24136554, 0.08176039, 0.36880097, 0.79709750, 0.21813549)
(0.10233769, 0.44365451, 0.60293502, 0.38474756, 0.13068892, 0.59752184, 0.63139665, 0.23323764, 0.30154306, 0.44319594)
(0.08079549, 0.65414900, 0.31929782, 0.18811636, 0.55821168, 0.84065813, 0.64528334, 0.07261991, 0.51075059, 0.22781333)
(0.85688853, 0.36831447, 0.90238518, 0.11690363, 0.31200621, 0.21525443, 0.50280654, 0.90961111, 0.38520834, 0.42962259)
(0.90290797, 0.22163410, 0.61002427, 0.15269683, 0.29373863, 0.22279117, 0.14858481, 0.05574128, 0.29379976, 0.63788182)
(0.82239568, 0.63250309, 0.53572983, 0.17738041, 0.46852204, 0.48268750, 0.42085838, 0.19659103, 0.57212347, 0.71274656)
(0.73243850, 0.84348994, 0.60215801, 0.60634482, 0.21658906, 0.72810668, 0.83640426, 0.67907733, 0.45653859, 0.48656988)
(0.77957797, 0.35501260, 0.08125178, 0.75877744, 0.06523590, 0.63433450, 0.64988232, 0.83770061, 0.47900799, 0.49854583)
(0.25865260, 0.76328862, 0.73129129, 0.24466664, 0.40159550, 0.46375549, 0.20557262, 0.52781796, 0.53538567, 0.43103659)
(0.17179157, 0.78272015, 0.80647767, 0.14609012, 0.56803191, 0.93213695, 0.37667108, 0.24366656, 0.58827472, 0.65202785)
(0.54934853, 0.66231912, 0.72347969, 0.15135133, 0.11678140, 0.70187336, 0.77831733, 0.37400174, 0.33977491, 0.41885331)
(0.37737602, 0.05226693, 0.35197958, 0.58409196, 0.31607905, 0.48461768, 0.24354555, 0.05002268, 0.38475946, 0.22887734)
(0.31743830, 0.03963785, 0.60128278, 0.39580923, 0.67521274, 0.33456585, 0.15561229, 0.09534103, 0.81535214, 0.53789002)
(0.16786310, 0.28690454, 0.05891979, 0.57527459, 0.21114969, 0.95780635, 0.48884633, 0.75787914, 0.34087700, 0.42550671)
(0.51207864, 0.56535661, 0.39556098, 0.77738678, 0.73863447, 0.64940405, 0.57629281, 0.39059728, 0.77177870, 0.19829899)
(0.59847736, 0.88647985, 0.62013865, 0.18431516, 0.60239142, 0.75479561, 0.93606621, 0.29399201, 0.58786964, 0.65402806)
(0.35581550, 0.01653156, 0.18797731, 0.36826307, 0.67298251, 0.33726931, 0.79321671, 0.45684829, 0.45347860, 0.88747358)
(0.82508200, 0.33749542, 0.93644994, 0.70457500, 0.28333619, 0.53127939, 0.29058549, 0.70142066, 0.08611470, 0.60156697)
(0.03553154, 0.67575330, 0.73618060, 0.20099187, 0.32911628, 0.65294635, 0.57843101, 0.37305230, 0.79700100, 0.38672203)
(0.87840241, 0.49269539, 0.22446613, 0.84355950, 0.55330175, 0.42122465, 0.88765514, 0.15325430, 0.46720567, 0.19130331)
(0.25206879, 0.76483417, 0.08170781, 0.19247034, 0.70757794, 0.29900631, 0.75526458, 0.73326570, 0.73803401, 0.37119949)
(0.15971379, 0.66370130, 0.48270544, 0.22120394, 0.61256236, 0.43336844, 0.58559537, 0.24585578, 0.73247766, 0.63445163)
(0.91622972, 0.40354532, 0.44402564, 0.09578437, 0.10611925, 0.55336273, 0.41391221, 0.97055680, 0.04230113, 0.92601699)
(0.63985699, 0.68850458, 0.90768254, 0.82711184, 0.33910117, 0.63014114, 0.49552441, 0.19503032, 0.21431676, 0.91443354)
(0.14684437, 0.94452131, 0.49498904, 0.33415776, 0.54252875, 0.02426634, 0.09693390, 0.33606848, 0.82118827, 0.49341968)
(0.53090465, 0.25937691, 0.69333845, 0.63021445, 0.82437718, 0.36579439, 0.33090079, 0.30211133, 0.55120796, 0.80498666)
(0.26537049, 0.58670801, 0.20401482, 0.25554129, 0.58895522, 0.71511841, 0.67153215, 0.06241329, 0.35369980, 0.37153128)
(0.43611601, 0.30912250, 0.24219777, 0.46921620, 0.25144655, 0.84136510, 0.16308381, 0.40032485, 0.01751171, 0.36635143)
(0.61782372, 0.03070928, 0.92599785, 0.40907675, 0.25930327, 0.30041078, 0.14822301, 0.30517516, 0.73388028, 0.65554184)
(0.63166040, 0.21058786, 0.07694222, 0.79820049, 0.75858229, 0.29593420, 0.33204299, 0.70827389, 0.12030572, 0.36788455)
(0.26322368, 0.52901453, 0.25968206, 0.32078478, 0.55213881, 0.43539050, 0.78827971, 0.07178243, 0.23592280, 0.87875450)
(0.56747657, 0.21481447, 0.22801162, 0.48347273, 0.22336026, 0.40506962, 0.49045163, 0.41457051, 0.66720772, 0.97892737)
(0.22721875, 0.08643600, 0.13711773, 0.38521421, 0.44623032, 0.89713043, 0.65717340, 0.29794240, 0.59216380, 0.71685278)
(0.21336089, 0.75848800, 0.72503287, 0.36655363, 0.75495559, 0.72180241, 0.32720369, 0.38852328, 0.80973917, 0.64816356)
(0.21540146, 0.17656296, 0.17335749, 0.66813815, 0.35438141, 0.83646524, 0.37932897, 0.70203197, 0.81873268, 0.31511801)
(0.86456108, 0.37568235, 0.07421107, 0.62052947, 0.15014087, 0.74937457, 0.07434775, 0.37570459, 0.87795830, 0.53910738)
(0.74085265, 0.51719058, 0.21596697, 0.14116700, 0.36654171, 0.82131696, 0.83069617, 0.07579941, 0.35996726, 0.60540736)
(0.75850314, 0.35711497, 0.38704243, 0.13657725, 0.18804067, 0.52479392, 0.42359185, 0.05446235, 0.65690929, 0.34546843)
(0.24387853, 0.30014512, 0.91075081, 0.61540270, 0.80839509, 0.49707317, 0.74350441, 0.25645798, 0.70152450, 0.60521519)
(0.08993367, 0.03149951, 0.10341258, 0.21107711, 0.12842356, 0.38875151, 0.20334479, 0.49302956, 0.87893683, 0.79649097)
(0.35664013, 0.60176677, 0.58506036, 0.50581580, 0.62222368, 0.64963841, 0.42615250, 0.17031950, 0.46473408, 0.68742132)
(0.11050286, 0.68241978, 0.57055670, 0.06899229, 0.66891420, 0.55896115, 0.42702857, 0.47950149, 0.92666429, 0.54383516)
(0.16556536, 0.24929194, 0.35783803, 0.41871595, 0.51776993, 0.93520749, 0.42591494, 0.77355355, 0.08443186, 0.69483864)
(0.60783106, 0.70986605, 0.89908493, 0.42306146, 0.56716001, 0.74684680, 0.43881753, 0.34529853, 0.39199030, 0.49394628)
(0.56964731, 0.49679700, 0.18198681, 0.35206011, 0.48637766, 0.48353076, 0.93584037, 0.13412899, 0.26936147, 0.39914185)
(0.89605302, 0.69657564, 0.44011843, 0.38623691, 0.19383273, 0.52557212, 0.67236006, 0.21180183, 0.29062295, 0.49809447)
(0.06853967, 0.26486942, 0.20110852, 0.59662402, 0.55162358, 0.57988924, 0.78337198, 0.09807446, 0.21873154, 0.34237915)
(0.57964963, 0.42619729, 0.13932855, 0.94363219, 0.46528807, 0.67704839, 0.90181381, 0.51667207, 0.75859690, 0.47274071)
(0.15916575, 0.55834943, 0.38415468, 0.61552733, 0.70003611, 0.25317413, 0.13787659, 0.07316713, 0.69116086, 0.41561696)
(0.37518957, 0.45364150, 0.10026032, 0.92285621, 0.31700319, 0.59881204, 0.71196795, 0.44811064, 0.90490735, 0.68745512)
(0.42364275, 0.23666728, 0.62458968, 0.68510234, 0.64136052, 0.77458090, 0.65001756, 0.69322646, 0.48781991, 0.64898443)
(0.42972946, 0.35286584, 0.96929079, 0.55990183, 0.09516678, 0.69191253, 0.34561995, 0.18139656, 0.11422747, 0.36028710)
(0.21518238, 0.31419221, 0.70832211, 0.43005553, 0.57305449, 0.14295644, 0.32376882, 0.86297917, 0.22476994, 0.37327135)
(0.35961834, 0.37244472, 0.66368634, 0.30930579, 0.75306183, 0.84621328, 0.22672462, 0.11038157, 0.59695262, 0.81398135)
(0.89900464, 0.37935808, 0.67837793, 0.10975771, 0.20047142, 0.81919730, 0.41246507, 0.92397255, 0.06558083, 0.90588838)
(0.67641574, 0.84649140, 0.87899023, 0.46417290, 0.15071523, 0.39497632, 0.54961878, 0.24596567, 0.41856116, 0.78345114)
(0.04994956, 0.78503567, 0.74329746, 0.44657731, 0.60539323, 0.43987319, 0.26174444, 0.18985814, 0.72214282, 0.55297250)
(0.10645285, 0.04288621, 0.08619378, 0.77606207, 0.41494578, 0.44877845, 0.67065042, 0.41885239, 0.90414280, 0.54196447)
(0.38169685, 0.77769089, 0.18598647, 0.91953582, 0.32596987, 0.79352033, 0.83032590, 0.49762866, 0.81929177, 0.36377808)
(0.55534017, 0.06637847, 0.40194950, 0.53749746, 0.73911995, 0.55365711, 0.49204871, 0.22189976, 0.46647614, 0.16620983)
(0.59223145, 0.81177914, 0.53843671, 0.15732476, 0.05691544, 0.67293429, 0.61261946, 0.52795225, 0.27441427, 0.42249075)
(0.05176503, 0.87064093, 0.57407016, 0.29286385, 0.29343578, 0.42267567, 0.45080537, 0.56751096, 0.66102868, 0.43839172)
(0.47931659, 0.69244707, 0.58939332, 0.47190577, 0.93497378, 0.42773601, 0.09848452, 0.29471907, 0.89185548, 0.19455318)
(0.44384179, 0.23550458, 0.05183818, 0.62581253, 0.55462444, 0.84771007, 0.71116316, 0.42760119, 0.32919049, 0.83306277)
(0.21912301, 0.41270724, 0.55232149, 0.49950528, 0.54532194, 0.91669929, 0.36561257, 0.13966650, 0.76306432, 0.20199122)
(0.32620671, 0.64056337, 0.17609704, 0.42283583, 0.88714904, 0.44475898, 0.59849119, 0.09723964, 0.87333834, 0.18565409)
(0.62138194, 0.42683461, 0.09381511, 0.88319743, 0.11152758, 0.76883656, 0.73674244, 0.49794769, 0.64291900, 0.70327061)
(0.64492333, 0.32466725, 0.24264622, 0.76273495, 0.72687507, 0.42668220, 0.65378612, 0.58426404, 0.04624994, 0.64597905)
(0.89815068, 0.21762946, 0.25582504, 0.42412630, 0.66683525, 0.22700322, 0.23082563, 0.26235479, 0.07014199, 0.57734990)
(0.82341504, 0.28158760, 0.22785793, 0.94933772, 0.41229808, 0.48133719, 0.90460533, 0.18598610, 0.26456708, 0.11872171)
(0.71474671, 0.72127771, 0.64788043, 0.74971306, 0.03968399, 0.55201983, 0.92010921, 0.62966937, 0.35605448, 0.45454511)
(0.95819247, 0.61376762, 0.35037458, 0.19227369, 0.25643715, 0.56147504, 0.65772319, 0.11460806, 0.27174234, 0.14613970)
(0.50466460, 0.69009906, 0.61013204, 0.50394112, 0.93092322, 0.42214242, 0.56345350, 0.35262188, 0.90196061, 0.08265878)
(0.57458329, 0.49690458, 0.89633000, 0.62847042, 0.72934246, 0.50335026, 0.78944248, 0.32403591, 0.69751751, 0.65467012)
(0.53011650, 0.23107137, 0.44401684, 0.45278704, 0.17541693, 0.57109988, 0.38177153, 0.27767640, 0.04794493, 0.35249788)
(0.26147857, 0.45863307, 0.48572159, 0.14817183, 0.35098913, 0.59016466, 0.90701038, 0.19765174, 0.65658379, 0.17611505)
(0.93370515, 0.43438858, 0.72280061, 0.34661564, 0.64771765, 0.72517020, 0.38255313, 0.78257352, 0.08206468, 0.88333124)
(0.55768728, 0.81132919, 0.02268588, 0.82632160, 0.80325168, 0.34206614, 0.85746467, 0.13893843, 0.73124075, 0.45757660)
(0.61492485, 0.32861453, 0.67143655, 0.68175334, 0.43947652, 0.35995454, 0.17876653, 0.34640092, 0.29420817, 0.92350858)
(0.23206973, 0.75058466, 0.68109649, 0.14963903, 0.53634584, 0.82019281, 0.46268845, 0.14133173, 0.84118801, 0.48902252)
(0.57353997, 0.48241076, 0.68592799, 0.01991033, 0.08344679, 0.34623742, 0.15399098, 0.86173052, 0.07503847, 0.66251010)
(0.61946476, 0.66120023, 0.93925244, 0.40943444, 0.54100788, 0.85412902, 0.25397393, 0.27102974, 0.29455870, 0.66362774)
(0.64031130, 0.34833989, 0.59485555, 0.31644002, 0.18359837, 0.69109720, 0.67498118, 0.33855566, 0.09649274, 0.19360279)
(0.38378409, 0.38423622, 0.48814085, 0.60727978, 0.38270834, 0.85439861, 0.48091218, 0.53932524, 0.60679120, 0.86681801)
(0.33728263, 0.27776816, 0.04632028, 0.70382577, 0.61701691, 0.67029506, 0.77897924, 0.25338122, 0.20813954, 0.86984175)
(0.31821898, 0.48853248, 0.33756936, 0.24959184, 0.11288209, 0.01886432, 0.53538597, 0.48806754, 0.92788899, 0.90824580)
(0.17906643, 0.76761955, 0.91078353, 0.23686783, 0.30330509, 0.79619712, 0.64149010, 0.38425523, 0.50930583, 0.33536845)
(0.92240882, 0.16438502, 0.02133992, 0.47965020, 0.10982846, 0.63683045, 0.36699566, 0.75145620, 0.26518670, 0.44174486)
(0.32297483, 0.66232455, 0.06766092, 0.80550075, 0.74510205, 0.91175956, 0.56074309, 0.29564086, 0.60967982, 0.55495399)
(0.76183099, 0.77642506, 0.60328174, 0.26249623, 0.69710910, 0.59063941, 0.32351077, 0.48896027, 0.90319484, 0.52134460)
(0.55775094, 0.85887563, 0.48793444, 0.30309331, 0.63650268, 0.17941840, 0.15174197, 0.34879178, 0.83453375, 0.25730738)
(0.33874381, 0.17089118, 0.46004492, 0.75733107, 0.46542460, 0.44303009, 0.25983772, 0.24091062, 0.54614735, 0.23674569)
(0.29394630, 0.41084296, 0.23007461, 0.51710349, 0.65569687, 0.82165307, 0.15663762, 0.63520944, 0.77492774, 0.56813103)
(0.62316328, 0.34876353, 0.58845526, 0.63404363, 0.85904318, 0.31487945, 0.10128734, 0.40978953, 0.79778987, 0.65511686)
(0.55784196, 0.10037262, 0.73553270, 0.52362025, 0.61827391, 0.20025189, 0.89433676, 0.13788879, 0.77407950, 0.49012831)
(0.69263536, 0.38001227, 0.18971629, 0.70247084, 0.59561497, 0.66625279, 0.86614621, 0.87236822, 0.03424491, 0.68106979)
(0.21765445, 0.67177045, 0.77819330, 0.61207885, 0.32754302, 0.61055458, 0.56719977, 0.20185724, 0.45920464, 0.74309409)
(0.34893724, 0.72139812, 0.47950366, 0.40801761, 0.18095370, 0.48345330, 0.50262034, 0.07266300, 0.43089673, 0.25802755)
(0.37427261, 0.02649127, 0.82551533, 0.38723639, 0.85334653, 0.61190110, 0.36520478, 0.40987843, 0.72013921, 0.58539176)
(0.49933600, 0.02565883, 0.91283613, 0.44429916, 0.45697114, 0.20067799, 0.28686923, 0.92090809, 0.33871520, 0.11372519)
(0.35436207, 0.30401689, 0.73452646, 0.50270373, 0.41607600, 0.65550232, 0.38803923, 0.86911279, 0.05159350, 0.39824632)
(0.11243613, 0.30389342, 0.76566595, 0.36244187, 0.32763317, 0.81163412, 0.27542526, 0.19933946, 0.33415899, 0.46990597)
(0.54801154, 0.36147913, 0.76022655, 0.22747879, 0.74219829, 0.85535043, 0.84500498, 0.15328442, 0.36384261, 0.59579158)
(0.22024600, 0.51667595, 0.44173703, 0.16455132, 0.08669093, 0.53026366, 0.30805725, 0.08605415, 0.29367808, 0.49031928)
(0.20131558, 0.21491931, 0.84847343, 0.56968176, 0.23445989, 0.94787645, 0.30681208, 0.18317744, 0.41240922, 0.35701406)
(0.49411312, 0.37863103, 0.37202939, 0.50586396, 0.61415148, 0.92490631, 0.23080470, 0.53494245, 0.55504882, 0.78065139)
(0.41717431, 0.83697170, 0.64664507, 0.23283035, 0.91238064, 0.30593532, 0.18738031, 0.47381595, 0.79175949, 0.23364797)
(0.67516369, 0.14369695, 0.90298074, 0.69430530, 0.62929511, 0.49065632, 0.24761781, 0.44862580, 0.44450945, 0.28087366)
(0.85104144, 0.50587177, 0.38451391, 0.35565096, 0.65980166, 0.78014773, 0.48112616, 0.70461619, 0.06845745, 0.40462178)
(0.55304527, 0.21653926, 0.52757061, 0.23595896, 0.61118156, 0.85540372, 0.30623910, 0.06894284, 0.65062749, 0.45343122)
(0.49867582, 0.08467134, 0.40720132, 0.19825235, 0.59992254, 0.71976703, 0.37464601, 0.05466723, 0.68851876, 0.28509623)
(0.23934449, 0.13389203, 0.18072471, 0.79630399, 0.51550525, 0.72167438, 0.69289994, 0.40583745, 0.49463069, 0.25559857)
(0.69062108, 0.06848963, 0.85960495, 0.33675221, 0.49294543, 0.78931826, 0.58886778, 0.78084391, 0.58444774, 0.84356856)
(0.06481156, 0.25904533, 0.57897085, 0.49268833, 0.89570844, 0.72581059, 0.40193003, 0.32799855, 0.50000352, 0.60348672)
(0.79443270, 0.69349027, 0.91871679, 0.64733845, 0.58511847, 0.16779070, 0.07685404, 0.59184062, 0.86231649, 0.10771308)
(0.47007763, 0.09923507, 0.35115081, 0.31476280, 0.49508166, 0.69788021, 0.75402445, 0.78965348, 0.63021219, 0.97290647)
(0.30357787, 0.39497840, 0.08098213, 0.39445201, 0.55320942, 0.87320161, 0.48284227, 0.81813389, 0.06080345, 0.39125791)
(0.48962122, 0.17427482, 0.45047721, 0.25165641, 0.25009063, 0.62499923, 0.22399023, 0.02729490, 0.63106734, 0.44316497)
(0.67226344, 0.73054928, 0.61433911, 0.31755331, 0.30770183, 0.70074540, 0.57287776, 0.52270228, 0.11407936, 0.70775706)
(0.30763948, 0.12230904, 0.54220498, 0.77129704, 0.29536709, 0.78407967, 0.11488511, 0.27738911, 0.66813600, 0.38953322)
(0.29437208, 0.40474278, 0.32446876, 0.34757522, 0.51697397, 0.86640298, 0.53911686, 0.42503035, 0.20282346, 0.19900286)
(0.20561333, 0.52748024, 0.08381951, 0.53509647, 0.88250196, 0.62146676, 0.61268556, 0.19638938, 0.73718292, 0.55663443)
(0.60634279, 0.21762475, 0.49864388, 0.06121406, 0.46966916, 0.37569296, 0.20947263, 0.89568770, 0.43089998, 0.70885605)
(0.29009679, 0.37494940, 0.88202649, 0.41735411, 0.63059050, 0.92704964, 0.08591843, 0.21054295, 0.41865772, 0.61527395)
(0.38967976, 0.65098095, 0.30795190, 0.38671747, 0.66213417, 0.89125091, 0.43041810, 0.18795514, 0.08962728, 0.53387177)
(0.59373057, 0.12139373, 0.04698043, 0.23301198, 0.08057742, 0.47366044, 0.30722541, 0.72810966, 0.42223039, 0.11083386)
(0.92954129, 0.39623204, 0.14216717, 0.29191315, 0.54327351, 0.86989707, 0.58066273, 0.36679551, 0.02746066, 0.14594777)
(0.12658915, 0.47595340, 0.95895869, 0.33001295, 0.68503630, 0.54290122, 0.47672144, 0.19759779, 0.87146038, 0.50299287)
(0.69435173, 0.67575413, 0.30850494, 0.80199116, 0.35468122, 0.35472474, 0.90420693, 0.18342276, 0.06779871, 0.22713773)
(0.06082376, 0.24422662, 0.11392058, 0.67077464, 0.40565804, 0.96394080, 0.51613778, 0.34182176, 0.26958987, 0.50719035)
(0.64119506, 0.12928878, 0.67043161, 0.12837841, 0.62263668, 0.29935920, 0.48356986, 0.98260683, 0.32262316, 0.65628999)
(0.39785963, 0.21057007, 0.07409436, 0.73385650, 0.14002655, 0.41377640, 0.70563167, 0.45271158, 0.62016517, 0.53535974)
(0.32637459, 0.10312714, 0.14051253, 0.89990962, 0.74129999, 0.22232154, 0.90623617, 0.29790461, 0.48280320, 0.57034242)
(0.77044082, 0.32346666, 0.78894413, 0.03576621, 0.14351544, 0.76722240, 0.13038336, 0.96282941, 0.13850898, 0.87719721)
(0.71925402, 0.27899674, 0.93614739, 0.72090787, 0.34148547, 0.75122827, 0.45288888, 0.50422096, 0.49251255, 0.30384234)
(0.80083430, 0.31803840, 0.45867205, 0.42873287, 0.48468331, 0.75784177, 0.25278214, 0.58070165, 0.15000568, 0.17094669)
(0.12636153, 0.65625882, 0.39253786, 0.23011695, 0.84939587, 0.31156513, 0.59010941, 0.60473907, 0.71401894, 0.21785219)
(0.76977164, 0.24023023, 0.89433593, 0.23044401, 0.45339388, 0.37495261, 0.92020690, 0.35750794, 0.29179817, 0.75667691)
(0.46560869, 0.75916368, 0.61955112, 0.07970390, 0.76817405, 0.58421952, 0.76127100, 0.30589956, 0.75147790, 0.81929243)
(0.55846357, 0.61982149, 0.88706893, 0.40922809, 0.29023296, 0.71028429, 0.89873844, 0.45456713, 0.42335987, 0.43641943)
(0.77617389, 0.37833619, 0.27287912, 0.28659424, 0.51426613, 0.95465350, 0.30162165, 0.36723149, 0.14177269, 0.74105340)
(0.22733079, 0.46651575, 0.10090490, 0.80980968, 0.36032355, 0.96243078, 0.52266699, 0.62606376, 0.08950095, 0.38549149)
(0.61247486, 0.16821617, 0.90391326, 0.75359982, 0.41895887, 0.42242640, 0.23069520, 0.61094201, 0.47417590, 0.17944801)
(0.84333688, 0.19359134, 0.80509162, 0.72149551, 0.59453195, 0.50320774, 0.47123465, 0.83768803, 0.45311624, 0.89187509)
(0.58134866, 0.29378226, 0.56878257, 0.65674317, 0.47877172, 0.39261511, 0.20209044, 0.24493474, 0.29780456, 0.86981130)
(0.33153021, 0.67522120, 0.52279657, 0.38034272, 0.36370277, 0.48116001, 0.96370625, 0.27915645, 0.36155012, 0.44598341)
(0.80352807, 0.64380878, 0.19446310, 0.33129382, 0.38529426, 0.87743855, 0.19998626, 0.93110448, 0.05473612, 0.40523693)
(0.07896253, 0.79888415, 0.70516527, 0.21140899, 0.24455041, 0.48014686, 0.52016521, 0.20839113, 0.47864577, 0.17622067)
(0.42109197, 0.82752472, 0.42995456, 0.26626348, 0.64394343, 0.52399278, 0.91261792, 0.49224281, 0.85288000, 0.78515863)
(0.60525274, 0.53892678, 0.44746935, 0.67400742, 0.89250737, 0.28354833, 0.08489167, 0.32881305, 0.86427945, 0.29406056)
(0.58091235, 0.13513069, 0.72442335, 0.72627324, 0.37989232, 0.09282981, 0.05004587, 0.30428603, 0.47549754, 0.59243929)
(0.51954091, 0.67471737, 0.69270903, 0.07216287, 0.70599282, 0.04728707, 0.08470115, 0.52615768, 0.81095093, 0.20967339)
(0.75474471, 0.42322791, 0.94822764, 0.40196764, 0.52271450, 0.31217679, 0.15590571, 0.66968411, 0.58381689, 0.10933103)
(0.21452434, 0.50071657, 0.49554539, 0.13391669, 0.24555004, 0.55972403, 0.58043712, 0.20373310, 0.55073535, 0.35292703)
(0.28606540, 0.68210083, 0.55995733, 0.34892416, 0.29197076, 0.67521662, 0.14192985, 0.05498728, 0.34963161, 0.46847129)
(0.68440187, 0.53902251, 0.91785991, 0.61099088, 0.20275752, 0.11049927, 0.59684908, 0.08605287, 0.52075928, 0.63636184)
(0.81416148, 0.73585701, 0.40434232, 0.29476899, 0.93609989, 0.35100931, 0.61168265, 0.24299933, 0.69048864, 0.74924546)
(0.37874424, 0.97354954, 0.41108090, 0.07905205, 0.48628587, 0.27460527, 0.37305239, 0.55388325, 0.90420014, 0.70287508)
(0.53530842, 0.31683943, 0.03179917, 0.61698002, 0.07645655, 0.90751690, 0.35736230, 0.65484130, 0.24382228, 0.72873539)
(0.22229482, 0.69691294, 0.39747742, 0.40385801, 0.47477549, 0.40375957, 0.96264291, 0.14594705, 0.53989547, 0.25327069)
(0.15500450, 0.12444787, 0.24621361, 0.43965170, 0.43344864, 0.73783183, 0.71345317, 0.82199800, 0.16769777, 0.43048349)
(0.38403511, 0.45161209, 0.76646441, 0.42791095, 0.04021921, 0.17395645, 0.81838697, 0.22371353, 0.58721054, 0.67174900)
(0.00855584, 0.20862746, 0.45826751, 0.29528889, 0.12986067, 0.71615016, 0.30488446, 0.75042450, 0.73777986, 0.70766449)
(0.50976837, 0.45800266, 0.60590345, 0.34836909, 0.58677399, 0.87651676, 0.24495353, 0.17184505, 0.46622193, 0.19098964)
(0.55253977, 0.54268652, 0.75503433, 0.37274975, 0.75372732, 0.28865778, 0.82936275, 0.30900177, 0.06476004, 0.45322317)
(0.13917194, 0.92148775, 0.81786394, 0.10305164, 0.72153848, 0.53711349, 0.05373180, 0.72105885, 0.76758677, 0.13994655)
(0.75192618, 0.17669654, 0.47405478, 0.55113113, 0.57152247, 0.46416372, 0.26870972, 0.62276775, 0.33560503, 0.87511104)
(0.65686399, 0.65562844, 0.89936185, 0.79983705, 0.83511811, 0.16007665, 0.19647604, 0.48120290, 0.66312546, 0.18523479)
(0.01598321, 0.38774952, 0.08248436, 0.58003980, 0.08511177, 0.58162868, 0.25699577, 0.50575662, 0.79616690, 0.57060611)
(0.33110660, 0.77620167, 0.60522479, 0.25629994, 0.94248635, 0.45773295, 0.34952742, 0.40094981, 0.75826949, 0.29131007)
(0.69246215, 0.25807264, 0.04468951, 0.67903602, 0.26678908, 0.41500577, 0.69350255, 0.46555457, 0.45689097, 0.91622943)
(0.74017173, 0.39870042, 0.84097248, 0.38755164, 0.55752563, 0.81318665, 0.49843913, 0.72751921, 0.05940261, 0.55673981)
(0.58182752, 0.20441568, 0.56806767, 0.39781669, 0.91466582, 0.11560660, 0.41311604, 0.76213646, 0.04010669, 0.59560108)
(0.85092831, 0.64743453, 0.42985877, 0.19545968, 0.43716040, 0.60276353, 0.68312633, 0.52574742, 0.06963240, 0.35835543)
(0.63204497, 0.09935233, 0.57251692, 0.47028789, 0.70238113, 0.59263402, 0.35617912, 0.74158239, 0.45125014, 0.74352127)
(0.31942677, 0.25222114, 0.23764987, 0.39788139, 0.46313649, 0.91030657, 0.57403243, 0.94222271, 0.03530610, 0.58218509)
(0.88271749, 0.16190806, 0.85451126, 0.27630067, 0.55623692, 0.18376833, 0.50021118, 0.62529808, 0.07629525, 0.79870296)
(0.48808128, 0.49157041, 0.51252913, 0.26684108, 0.82230759, 0.55334014, 0.13440304, 0.11240130, 0.93336761, 0.45773515)
(0.81149608, 0.77871925, 0.62538475, 0.47583482, 0.18977791, 0.53267419, 0.60042989, 0.52323633, 0.15147181, 0.59555858)
(0.50806922, 0.26785764, 0.63324904, 0.47344401, 0.52465761, 0.65282941, 0.32036662, 0.46152946, 0.60888904, 0.92266703)
(0.28926587, 0.26071656, 0.07389035, 0.73802024, 0.46935734, 0.62522691, 0.82753456, 0.56158084, 0.23661304, 0.67700011)
(0.62666899, 0.76342767, 0.62737560, 0.35982683, 0.48561934, 0.07214605, 0.13850310, 0.59700149, 0.68421072, 0.37633520)
(0.29369289, 0.70223284, 0.88663602, 0.43777171, 0.80735099, 0.92653346, 0.61248648, 0.21309073, 0.64601332, 0.54994458)
(0.23761807, 0.66199225, 0.80299073, 0.60160518, 0.76683086, 0.80244452, 0.17933461, 0.39866483, 0.90520507, 0.47066775)
(0.42043498, 0.84445643, 0.82457805, 0.20030564, 0.35331678, 0.23793115, 0.04255980, 0.56208587, 0.91995621, 0.77985168)
(0.37546858, 0.11757716, 0.44841456, 0.28446442, 0.70208210, 0.45532602, 0.65076375, 0.07767178, 0.49183097, 0.13812311)
(0.35338131, 0.92898202, 0.37364256, 0.64727795, 0.17496531, 0.38182545, 0.53659630, 0.82547069, 0.79536122, 0.39733019)
(0.85957879, 0.06475370, 0.93886703, 0.55078417, 0.31112731, 0.19198720, 0.32400078, 0.77229160, 0.22397245, 0.29192075)
(0.48064959, 0.69721633, 0.74555928, 0.24071305, 0.93114716, 0.10520890, 0.44137082, 0.46813405, 0.74237972, 0.30244040)
(0.10185981, 0.25203493, 0.81770688, 0.37971717, 0.89865565, 0.41652912, 0.77711791, 0.13687237, 0.37655595, 0.15306534)
(0.62539649, 0.46766677, 0.38103548, 0.24289669, 0.44699183, 0.91197783, 0.67407054, 0.92150354, 0.08073281, 0.45230463)
(0.64566177, 0.26325899, 0.27996391, 0.45606005, 0.74795574, 0.39863861, 0.49402875, 0.84986031, 0.03908203, 0.75633138)
(0.14214852, 0.44294766, 0.20844407, 0.44177917, 0.09898558, 0.57246369, 0.37583637, 0.51093864, 0.51641273, 0.49541229)
(0.07414384, 0.62326145, 0.13764150, 0.78388447, 0.09992548, 0.90700442, 0.30999845, 0.48207331, 0.58180130, 0.89401835)
(0.15908128, 0.37220535, 0.79272872, 0.40000713, 0.45408991, 0.84116912, 0.40174767, 0.11964193, 0.51421010, 0.82975793)
(0.46383387, 0.59535384, 0.16219205, 0.54639542, 0.52386034, 0.34361559, 0.92195421, 0.11066417, 0.41979587, 0.24158603)
(0.22113058, 0.58054250, 0.75619656, 0.33455709, 0.91853088, 0.70925337, 0.28624651, 0.19660471, 0.83967286, 0.49744233)
(0.19596550, 0.85074484, 0.73031354, 0.46658799, 0.47098351, 0.19011171, 0.30565691, 0.41060132, 0.66876173, 0.54708576)
(0.41723657, 0.55170596, 0.47733757, 0.25809801, 0.34918714, 0.75654715, 0.69968849, 0.28360894, 0.02883110, 0.12525722)
(0.74476749, 0.41921353, 0.43600601, 0.52708513, 0.28378013, 0.86692685, 0.11188886, 0.28498286, 0.41034752, 0.66185957)
(0.61250067, 0.22463234, 0.96478534, 0.71564960, 0.31319085, 0.76052415, 0.27729955, 0.34017503, 0.40921783, 0.78613842)
(0.76721591, 0.75248879, 0.40035409, 0.71683389, 0.29785809, 0.20290531, 0.84537631, 0.68426198, 0.37441173, 0.16913265)
(0.53755474, 0.47748765, 0.62102211, 0.26651278, 0.98228836, 0.21031615, 0.22817494, 0.34411222, 0.83556700, 0.17220607)
(0.31221238, 0.23738654, 0.29629588, 0.93075573, 0.72357851, 0.33404848, 0.75166750, 0.55254620, 0.70916641, 0.34605882)
(0.35875675, 0.32091120, 0.40320271, 0.38858598, 0.64930594, 0.80048370, 0.21273553, 0.54554713, 0.16949786, 0.29398629)
(0.14358327, 0.96329468, 0.37553662, 0.29072377, 0.42150453, 0.18437879, 0.04419884, 0.47566721, 0.58408296, 0.30514622)
(0.57637650, 0.06402235, 0.42063329, 0.43568638, 0.51918608, 0.27471560, 0.16674560, 0.34973139, 0.36222795, 0.41770947)
(0.77259994, 0.28115705, 0.04547608, 0.77483630, 0.07838869, 0.75071007, 0.43412465, 0.52965432, 0.70698291, 0.64361650)
(0.27155685, 0.05703444, 0.41208839, 0.13526310, 0.81724811, 0.08474517, 0.22436672, 0.93422437, 0.05274837, 0.58259922)
(0.48582408, 0.38319585, 0.83648711, 0.72071809, 0.94025749, 0.46498930, 0.46831647, 0.35116839, 0.87427795, 0.54444027)
(0.86043268, 0.80932611, 0.55247450, 0.11244149, 0.53040582, 0.29824945, 0.51799691, 0.31659988, 0.52959102, 0.52426320)
(0.38322869, 0.20596559, 0.31065971, 0.51220995, 0.73530012, 0.53300971, 0.56826544, 0.74110836, 0.20104393, 0.78808898)
(0.93056387, 0.40107372, 0.78983855, 0.15076692, 0.43064421, 0.47849441, 0.63570756, 0.98057175, 0.21699211, 0.79734248)
(0.25838238, 0.10075743, 0.64953637, 0.57127184, 0.45508811, 0.78417116, 0.38529089, 0.81132776, 0.16522716, 0.32851532)
(0.11601702, 0.52764708, 0.80191004, 0.56613201, 0.49829957, 0.23411232, 0.12966888, 0.06949466, 0.50032419, 0.60559040)
(0.11414617, 0.71188045, 0.92346466, 0.31225240, 0.51739407, 0.81444329, 0.45671660, 0.21243408, 0.49292195, 0.57906568)
(0.81639922, 0.77301806, 0.81902140, 0.30388546, 0.71440369, 0.25985044, 0.27399927, 0.71204537, 0.92712975, 0.63286561)
(0.35628816, 0.53446501, 0.55056530, 0.34800333, 0.60570961, 0.70653427, 0.49044326, 0.31885234, 0.04650202, 0.26692453)
(0.62244046, 0.74835002, 0.61017102, 0.19873324, 0.57543808, 0.77086526, 0.48477653, 0.41538975, 0.12526391, 0.37212178)
(0.26777041, 0.71581018, 0.39284027, 0.65203828, 0.22152609, 0.73527843, 0.55519718, 0.43695191, 0.89210850, 0.60619545)
(0.52067435, 0.53390610, 0.19577421, 0.94072038, 0.74918246, 0.23869912, 0.86625046, 0.35933113, 0.67314172, 0.18970621)
(0.26541525, 0.53555310, 0.91102225, 0.33385113, 0.43580428, 0.90159690, 0.39984274, 0.10709471, 0.53050476, 0.89213014)
(0.64484054, 0.11638910, 0.95312333, 0.75875837, 0.61110330, 0.35263830, 0.07601152, 0.41158849, 0.86876094, 0.42326164)
(0.47122002, 0.48955277, 0.43251947, 0.42780635, 0.23249605, 0.72654819, 0.80087990, 0.43841124, 0.22733660, 0.32293311)
(0.72788501, 0.24248010, 0.82036424, 0.41126344, 0.80491644, 0.35254809, 0.48866242, 0.65275472, 0.09714142, 0.69088560)
(0.91533601, 0.30154362, 0.38485396, 0.46265537, 0.71625948, 0.35894975, 0.28992927, 0.24996549, 0.24381420, 0.59209663)
(0.43490466, 0.68400723, 0.18713593, 0.90776408, 0.57492977, 0.90205109, 0.88062245, 0.36964294, 0.30161032, 0.88190275)
(0.42021427, 0.46884748, 0.21077366, 0.14199859, 0.68619478, 0.04711036, 0.90182668, 0.79824823, 0.71371967, 0.41058803)
(0.85383892, 0.58249074, 0.94588536, 0.43919975, 0.64411920, 0.91557503, 0.66680831, 0.56078559, 0.07236819, 0.80221415)
(0.24128461, 0.04625534, 0.05968139, 0.63374484, 0.31934536, 0.58825690, 0.71355206, 0.49590701, 0.52481568, 0.76321948)
(0.40009966, 0.64482766, 0.24077497, 0.15583710, 0.33956507, 0.88577610, 0.85594714, 0.12585583, 0.54245472, 0.28842258)
(0.87397093, 0.17083618, 0.84142649, 0.57443511, 0.56709081, 0.70138055, 0.39765453, 0.89888918, 0.33681846, 0.62655342)
(0.23478360, 0.95549351, 0.51193869, 0.12952015, 0.73011166, 0.57183939, 0.04485196, 0.57382846, 0.55839783, 0.34846196)
(0.28028509, 0.02242296, 0.16728625, 0.57788306, 0.84880507, 0.57684159, 0.54775780, 0.16258956, 0.70303196, 0.08108492)
(0.64864802, 0.42574945, 0.13885345, 0.74430668, 0.22024198, 0.83895123, 0.77594024, 0.40002143, 0.64396131, 0.93335164)
(0.23092268, 0.78675479, 0.73361069, 0.56341511, 0.82574558, 0.49142885, 0.59242517, 0.43276528, 0.76468796, 0.61375725)
(0.13033001, 0.48483151, 0.44213882, 0.25907251, 0.34017152, 0.83128983, 0.76275855, 0.12354687, 0.07054542, 0.14711116)
(0.18822412, 0.27002656, 0.92545855, 0.30536488, 0.44662315, 0.84070462, 0.21806087, 0.23093000, 0.46569863, 0.46717107)
(0.58494860, 0.51094681, 0.37188470, 0.18888362, 0.37184423, 0.71768707, 0.64184409, 0.26421306, 0.34375870, 0.38999942)
(0.58364582, 0.73335373, 0.78850263, 0.39984304, 0.81333566, 0.24154574, 0.04833692, 0.44319463, 0.78570569, 0.06989959)
(0.79571199, 0.60038155, 0.43727434, 0.18676174, 0.73427480, 0.43461502, 0.25029835, 0.21674435, 0.89862543, 0.37801278)
(0.13098560, 0.54030049, 0.58051491, 0.20732473, 0.33596835, 0.79569513, 0.58293694, 0.33214900, 0.48247513, 0.31764033)
(0.05244563, 0.55468655, 0.27569002, 0.56255734, 0.51220685, 0.94746298, 0.43396142, 0.55047703, 0.45393607, 0.85853869)
(0.12163900, 0.19109024, 0.64734524, 0.39251444, 0.65447491, 0.87694019, 0.33634114, 0.13201484, 0.59980667, 0.52957195)
(0.60390007, 0.58582950, 0.29775980, 0.68199188, 0.63555288, 0.87154675, 0.64341795, 0.29823759, 0.10582303, 0.16238818)
(0.06402213, 0.24102697, 0.29972515, 0.24377325, 0.54968530, 0.15930910, 0.95763731, 0.06175023, 0.47195226, 0.06505483)
(0.81433809, 0.12117086, 0.12094528, 0.86118162, 0.51949912, 0.37045333, 0.78757375, 0.21297254, 0.27963904, 0.16470811)
(0.81815958, 0.31942585, 0.20476525, 0.33659244, 0.71435225, 0.51478356, 0.65819055, 0.22817855, 0.03182147, 0.64559364)
(0.91307449, 0.81482065, 0.48882127, 0.13128421, 0.43077609, 0.78387541, 0.39303488, 0.11913338, 0.41552538, 0.78307223)
(0.66855985, 0.70679206, 0.70534706, 0.39758757, 0.58969539, 0.51631117, 0.32157889, 0.52592200, 0.58543044, 0.40412831)
(0.22118765, 0.77120614, 0.32884786, 0.66338074, 0.66112030, 0.76732630, 0.75951034, 0.16366491, 0.40637767, 0.24176224)
(0.43484509, 0.65422928, 0.45551187, 0.55207145, 0.86898398, 0.78199303, 0.26124784, 0.25362498, 0.92629224, 0.82718289)
(0.64098758, 0.14473446, 0.91140699, 0.53322023, 0.80961818, 0.85506999, 0.49287546, 0.37214020, 0.57958686, 0.63022667)
(0.70795488, 0.40515015, 0.06546816, 0.78594559, 0.61111492, 0.66530055, 0.63598782, 0.56306529, 0.19897036, 0.77778786)
(0.63690197, 0.73090839, 0.10095392, 0.47534838, 0.52826434, 0.35321957, 0.80376637, 0.11649165, 0.16429697, 0.51098669)
(0.27215946, 0.09891762, 0.37599519, 0.30185774, 0.83412141, 0.76584476, 0.35908285, 0.06840809, 0.65683216, 0.37880468)
(0.66282958, 0.86000437, 0.29175490, 0.58178586, 0.59108281, 0.92816502, 0.48372415, 0.34421846, 0.37351733, 0.71299267)
(0.47439450, 0.62199450, 0.47944656, 0.35926625, 0.92691553, 0.51099908, 0.09285969, 0.12345286, 0.92038310, 0.13111657)
(0.22227319, 0.65390724, 0.87106931, 0.85848516, 0.45072186, 0.29647148, 0.01496086, 0.21456005, 0.92747945, 0.75823957)
(0.69275582, 0.41866720, 0.04362094, 0.69732523, 0.58521241, 0.72978103, 0.60863525, 0.22836129, 0.49270239, 0.88435566)
(0.10022376, 0.70742542, 0.70221645, 0.24188496, 0.07311195, 0.58941770, 0.70347422, 0.32796288, 0.45581710, 0.73204547)
(0.37271193, 0.92483002, 0.60542113, 0.12579904, 0.82477653, 0.58473170, 0.77452910, 0.58018708, 0.93783671, 0.88877511)
(0.74785757, 0.64084822, 0.57504684, 0.45032534, 0.31915417, 0.28067908, 0.45345661, 0.51550108, 0.13067608, 0.55100507)
(0.22067489, 0.72645682, 0.89316487, 0.20312037, 0.47999272, 0.69938344, 0.53488201, 0.22408400, 0.91133243, 0.69240516)
(0.91828924, 0.64121038, 0.63650757, 0.68343353, 0.48359537, 0.82003158, 0.15457070, 0.45896778, 0.17343375, 0.81160563)
(0.77405876, 0.35415754, 0.83245414, 0.64145023, 0.46463606, 0.49266297, 0.11626952, 0.31366873, 0.27692202, 0.86032736)
(0.64962918, 0.35751417, 0.88383293, 0.56304491, 0.61252719, 0.56860536, 0.28306302, 0.19827178, 0.47938147, 0.77042341)
(0.60205317, 0.84952241, 0.94799459, 0.58604097, 0.46240115, 0.38216525, 0.76277137, 0.25210080, 0.83729839, 0.78530061)
(0.47074953, 0.24521382, 0.60781825, 0.24315415, 0.53400916, 0.20481274, 0.97707260, 0.29681250, 0.42345354, 0.46097285)
(0.41431734, 0.51080495, 0.17732847, 0.64598823, 0.58724642, 0.63526940, 0.82028621, 0.07329036, 0.23800738, 0.42145652)
(0.39610419, 0.09063459, 0.44588479, 0.89718086, 0.72507298, 0.19356920, 0.75211793, 0.24486366, 0.21742514, 0.19934604)
(0.61102319, 0.55212301, 0.77386105, 0.08727740, 0.16895187, 0.69330013, 0.07337777, 0.97371179, 0.12587526, 0.74990404)
(0.17452070, 0.44318971, 0.54086298, 0.08771709, 0.55057579, 0.19779855, 0.62002754, 0.31713131, 0.92960852, 0.17735524)
(0.38920420, 0.25428465, 0.38508415, 0.31498846, 0.24480347, 0.59388411, 0.38206747, 0.03961992, 0.49633032, 0.44000509)
(0.09113921, 0.27194121, 0.39537090, 0.38443285, 0.72490567, 0.83121192, 0.48931676, 0.24220194, 0.71304381, 0.47232059)
(0.59607822, 0.44173482, 0.74530667, 0.37625223, 0.39199430, 0.80837446, 0.07962549, 0.20310980, 0.12096091, 0.62639034)
(0.47407708, 0.24870557, 0.69136786, 0.48512629, 0.64287794, 0.39019555, 0.27453932, 0.88269424, 0.31489718, 0.40296710)
(0.33564436, 0.11918890, 0.88666290, 0.32883051, 0.28401497, 0.03634247, 0.22239572, 0.93715578, 0.21062924, 0.40183404)
(0.93365270, 0.24090901, 0.02079457, 0.83766431, 0.34884572, 0.55667484, 0.73947829, 0.24625316, 0.39950109, 0.57038367)
(0.54774767, 0.56647432, 0.47912720, 0.65672910, 0.72657919, 0.68960714, 0.03841517, 0.24675460, 0.92688358, 0.22894418)
(0.28837785, 0.85325915, 0.45375213, 0.10464124, 0.48795748, 0.86301130, 0.35506916, 0.09462646, 0.55178165, 0.57309115)
(0.40226650, 0.44705835, 0.11615158, 0.45106587, 0.94049352, 0.15724340, 0.68378526, 0.09780268, 0.64139235, 0.08424849)
(0.59114963, 0.69539797, 0.53371346, 0.11094928, 0.69934332, 0.57426250, 0.13475622, 0.41714352, 0.88421369, 0.28916669)
(0.63679230, 0.59441906, 0.58823502, 0.76079720, 0.57513613, 0.18052152, 0.85849756, 0.26693964, 0.21921483, 0.15856284)
(0.37965825, 0.58236098, 0.34253293, 0.92310023, 0.49523166, 0.83987445, 0.86254030, 0.39941961, 0.67530048, 0.36793837)
(0.31241080, 0.35907400, 0.93474561, 0.51317137, 0.60092956, 0.13381197, 0.41196430, 0.14940749, 0.64079660, 0.42415926)
(0.56962055, 0.55465126, 0.65292948, 0.36448532, 0.31991407, 0.72430766, 0.59721494, 0.18153983, 0.21873572, 0.11493350)
(0.34167066, 0.65178716, 0.83344012, 0.42959425, 0.10195637, 0.62037355, 0.59613687, 0.19462523, 0.23295067, 0.84909761)
(0.79761988, 0.47545454, 0.50625449, 0.33864102, 0.24344437, 0.76917464, 0.06193561, 0.28916195, 0.02579862, 0.53427696)
(0.50925195, 0.02552575, 0.61290061, 0.20766859, 0.87025851, 0.22397459, 0.56970054, 0.74565274, 0.08546422, 0.81390858)
(0.19635478, 0.29150668, 0.16639581, 0.42332304, 0.46754768, 0.93567616, 0.52730536, 0.35260913, 0.41351745, 0.93356532)
(0.54284251, 0.83453900, 0.79245842, 0.17721869, 0.23514271, 0.80816245, 0.60492510, 0.30945042, 0.16882339, 0.63043404)
(0.34796193, 0.37878540, 0.78195691, 0.35532409, 0.66358113, 0.49619493, 0.98058438, 0.17835842, 0.46281260, 0.66736174)
(0.22563535, 0.62205231, 0.20162044, 0.53766131, 0.67646635, 0.94381142, 0.50710970, 0.09100107, 0.44154510, 0.24051699)
(0.26041877, 0.93745291, 0.47473341, 0.10860309, 0.63848925, 0.67884684, 0.28280064, 0.76269442, 0.71491146, 0.75722373)
(0.51338679, 0.22769146, 0.86544281, 0.46264455, 0.63423336, 0.48726314, 0.38227990, 0.55313438, 0.29318812, 0.13400084)
(0.62914127, 0.60248905, 0.10194685, 0.28423253, 0.04376547, 0.66682494, 0.21975102, 0.84689951, 0.10701132, 0.69016659)
(0.36428329, 0.39820579, 0.27983838, 0.72699660, 0.51930863, 0.60026389, 0.06898739, 0.31964123, 0.80768931, 0.31353933)
(0.69671863, 0.60986322, 0.52803284, 0.51750839, 0.39325008, 0.81080836, 0.25887886, 0.15943217, 0.48703381, 0.36979491)
(0.45151964, 0.23838548, 0.44153830, 0.24409257, 0.19263740, 0.29061821, 0.25485322, 0.85672367, 0.32207716, 0.38848299)
(0.39389569, 0.52318817, 0.44701397, 0.37683576, 0.32582581, 0.36902872, 0.88434327, 0.39860964, 0.69329667, 0.53365761)
(0.44142213, 0.93241662, 0.57235432, 0.68226987, 0.20563227, 0.39059633, 0.64146721, 0.46157131, 0.47324839, 0.60227633)
(0.15673020, 0.94243604, 0.52643621, 0.12260872, 0.06884833, 0.64132625, 0.52931529, 0.71475607, 0.79991883, 0.46910679)
(0.32898229, 0.78588372, 0.67744565, 0.35887745, 0.23368877, 0.81339329, 0.89452696, 0.44909453, 0.88559103, 0.46867231)
(0.41231912, 0.42008328, 0.74734110, 0.56846923, 0.66939217, 0.88041139, 0.27907160, 0.57989717, 0.48885226, 0.86365443)
(0.26135078, 0.11524275, 0.44466609, 0.24979763, 0.84096944, 0.65387160, 0.39823663, 0.06110841, 0.76727974, 0.32439065)
(0.67758811, 0.21371853, 0.18384948, 0.55070138, 0.88058531, 0.22058502, 0.32354993, 0.77926445, 0.03526714, 0.65277004)
(0.53433770, 0.49651965, 0.40947449, 0.61858487, 0.44374576, 0.76817411, 0.88809955, 0.35447213, 0.01516262, 0.17707895)
(0.07795753, 0.34689111, 0.27255270, 0.61046410, 0.81247675, 0.83019763, 0.33045614, 0.66659290, 0.81748211, 0.85856944)
(0.75565678, 0.31914073, 0.15160184, 0.87942165, 0.11786406, 0.80600429, 0.62479365, 0.65753520, 0.47903326, 0.77132839)
(0.08081488, 0.49744546, 0.26187217, 0.65274167, 0.83379638, 0.76343137, 0.66931891, 0.21763535, 0.43778744, 0.74706352)
(0.18423821, 0.07222854, 0.57393748, 0.45057133, 0.88724804, 0.78777325, 0.15715924, 0.30803338, 0.59743845, 0.64929193)
(0.07490552, 0.71373296, 0.81513715, 0.43480170, 0.19059536, 0.09843506, 0.39220494, 0.24221970, 0.63171822, 0.55062926)
(0.62170702, 0.71416354, 0.58229011, 0.50276810, 0.28478315, 0.72238642, 0.66865921, 0.57712275, 0.06249411, 0.51533383)
(0.65766406, 0.26449844, 0.45975602, 0.55125952, 0.80219382, 0.32834801, 0.35944858, 0.60818303, 0.31748790, 0.78676265)
(0.82589281, 0.68689817, 0.04146394, 0.85920966, 0.26597753, 0.72690052, 0.85821474, 0.51511598, 0.37758866, 0.56577563)
(0.54986542, 0.07121225, 0.05081584, 0.08414344, 0.26696360, 0.55920815, 0.62568444, 0.90402400, 0.49613124, 0.76342583)
(0.34983751, 0.59041619, 0.39969322, 0.34672225, 0.86703438, 0.55365151, 0.48254430, 0.26177821, 0.96089441, 0.20021769)
(0.56169426, 0.60017228, 0.50465930, 0.34922436, 0.67784083, 0.91793674, 0.74048162, 0.37789074, 0.01198776, 0.41831088)
(0.33828673, 0.93318903, 0.53851318, 0.32624981, 0.16097105, 0.67042792, 0.55671740, 0.82682389, 0.80216217, 0.58517337)
(0.75758690, 0.59159791, 0.94488245, 0.90739262, 0.44032371, 0.12893446, 0.05565542, 0.26660195, 0.48387527, 0.36925083)
(0.10043172, 0.08939653, 0.09811185, 0.57470202, 0.57908571, 0.72441536, 0.71138376, 0.40396154, 0.35156408, 0.50099230)
(0.68957454, 0.49665794, 0.47027624, 0.41657692, 0.45716777, 0.21627301, 0.21998170, 0.05871172, 0.49400359, 0.65113455)
(0.10967457, 0.29717231, 0.10231908, 0.65409184, 0.52128184, 0.76746494, 0.63302487, 0.49756005, 0.28590113, 0.53504586)
(0.75212026, 0.70402843, 0.86114484, 0.82186526, 0.73633808, 0.13467172, 0.12067984, 0.59525287, 0.69088197, 0.16972400)
(0.34548405, 0.28814882, 0.27897221, 0.23030221, 0.65949690, 0.95124108, 0.45230588, 0.54861033, 0.05937547, 0.45285264)
(0.08322843, 0.65391070, 0.88708222, 0.43912250, 0.08460798, 0.37043393, 0.61619014, 0.09114709, 0.57152289, 0.75422657)
(0.65243173, 0.21982569, 0.27169603, 0.47471699, 0.58382505, 0.80949235, 0.45800287, 0.25821182, 0.52748299, 0.22528133)
(0.69638890, 0.53227985, 0.34661120, 0.32762244, 0.20225416, 0.16134800, 0.97608203, 0.48643497, 0.16050529, 0.22475091)
(0.86815763, 0.10514091, 0.02614448, 0.12508047, 0.14561059, 0.17764774, 0.27215460, 0.64245284, 0.22178787, 0.86158121)
(0.39366585, 0.27535862, 0.71447867, 0.27358305, 0.36342773, 0.22776914, 0.23426850, 0.76219028, 0.32200384, 0.19311674)
(0.86995417, 0.29677984, 0.08116246, 0.60630506, 0.74140722, 0.51029235, 0.35702816, 0.82256949, 0.05184951, 0.28759509)
(0.56446582, 0.35019547, 0.74806714, 0.38896111, 0.64453000, 0.87029445, 0.90066528, 0.73353165, 0.02327364, 0.46412241)
(0.64405954, 0.64217448, 0.52752340, 0.71275580, 0.86345512, 0.17287721, 0.06390204, 0.38540819, 0.81898224, 0.32051852)
(0.15674946, 0.20363028, 0.08357621, 0.60962045, 0.12663569, 0.96611208, 0.44063365, 0.72589189, 0.54721004, 0.43659920)
(0.72892237, 0.62922740, 0.71138996, 0.32286039, 0.18418840, 0.68085939, 0.77076125, 0.59250623, 0.11515234, 0.29187793)
(0.17606927, 0.31369132, 0.44468543, 0.64364296, 0.62664545, 0.87948775, 0.71772808, 0.13109413, 0.21272141, 0.25229982)
(0.17397761, 0.73343199, 0.78282291, 0.28300431, 0.63198930, 0.69720256, 0.57320446, 0.65887541, 0.76418132, 0.65608436)
(0.31434301, 0.04823237, 0.07890078, 0.83747071, 0.52201080, 0.64405286, 0.87417513, 0.33518934, 0.58924514, 0.30274126)
(0.50567842, 0.44025382, 0.07191484, 0.64898807, 0.53285873, 0.86902022, 0.78681624, 0.75149292, 0.06995071, 0.84808636)
(0.18325262, 0.37694743, 0.73161173, 0.33868673, 0.17428622, 0.09077253, 0.72858202, 0.45502362, 0.88765925, 0.44589642)
(0.73259211, 0.40497977, 0.87100697, 0.46681631, 0.48013613, 0.86208802, 0.39250341, 0.95605326, 0.28455031, 0.50092202)
(0.29125956, 0.35563654, 0.31242645, 0.47489733, 0.89682454, 0.81559259, 0.26049185, 0.31596905, 0.88239062, 0.88460505)
(0.59727550, 0.42316705, 0.76306725, 0.17838971, 0.42311966, 0.25791353, 0.33124882, 0.81827265, 0.26826805, 0.39400268)
(0.68987572, 0.44647411, 0.09953620, 0.81819350, 0.61688030, 0.49733129, 0.69469297, 0.34276566, 0.05189375, 0.63068140)
(0.74388480, 0.49006751, 0.36267063, 0.55954891, 0.46871111, 0.24349816, 0.55525100, 0.57597667, 0.12243605, 0.15496305)
(0.42173305, 0.76261842, 0.23635773, 0.31355831, 0.34324422, 0.90910578, 0.81700993, 0.14735946, 0.31377178, 0.20226975)
(0.53782284, 0.42546943, 0.52114904, 0.11428733, 0.67035753, 0.69816571, 0.48841637, 0.95486629, 0.01410518, 0.58702701)
(0.71964270, 0.32498705, 0.93075889, 0.25992477, 0.32452053, 0.05756266, 0.59613663, 0.18006210, 0.74837482, 0.47642547)
(0.73608881, 0.38832071, 0.18590748, 0.28887570, 0.14360522, 0.28422806, 0.20217443, 0.74213868, 0.18850240, 0.86471099)
(0.18636607, 0.23858312, 0.49116051, 0.33713803, 0.62066096, 0.82471943, 0.30831492, 0.44101003, 0.18157673, 0.25949961)
(0.39189067, 0.64122689, 0.58000880, 0.08179276, 0.37097958, 0.93920344, 0.70493478, 0.13109291, 0.53228700, 0.22750500)
(0.64548278, 0.86295253, 0.83088785, 0.58876520, 0.34568262, 0.46245667, 0.03367127, 0.57635498, 0.92047590, 0.43092418)
(0.47476611, 0.55112642, 0.20141090, 0.25885633, 0.51222295, 0.29690403, 0.29762825, 0.87325764, 0.15103647, 0.75911611)
(0.82890540, 0.58496386, 0.52710176, 0.57840300, 0.55265540, 0.68960774, 0.80421388, 0.33843744, 0.01534094, 0.04795593)
(0.22247609, 0.19452061, 0.14550501, 0.28269851, 0.44646943, 0.89329153, 0.60210198, 0.68238133, 0.22004309, 0.82456231)
(0.51315695, 0.66318488, 0.46399397, 0.15742373, 0.75067627, 0.30080369, 0.19207193, 0.13132171, 0.84786296, 0.39614475)
(0.03501596, 0.25213167, 0.32742685, 0.79473776, 0.23115163, 0.82150376, 0.46251416, 0.62294137, 0.62791473, 0.45641503)
(0.47970298, 0.66250896, 0.65713376, 0.17814603, 0.51788300, 0.34104547, 0.60085642, 0.23632158, 0.70077461, 0.72104800)
(0.48852322, 0.08090435, 0.55768865, 0.32355022, 0.73947465, 0.78455985, 0.14191434, 0.10295720, 0.84206665, 0.30967432)
(0.38650358, 0.67034417, 0.76893777, 0.31166840, 0.92325163, 0.35644111, 0.54006517, 0.75033873, 0.95171916, 0.47629112)
(0.39047658, 0.79432470, 0.61640918, 0.37023571, 0.67436820, 0.84442329, 0.76764005, 0.18313918, 0.32985750, 0.52933121)
(0.62983900, 0.73768032, 0.53889316, 0.04735736, 0.30680558, 0.71647769, 0.87922102, 0.38606626, 0.41603839, 0.43182722)
(0.31181502, 0.51508772, 0.20549376, 0.78837544, 0.05124439, 0.79994857, 0.63972837, 0.67406207, 0.83221340, 0.35157961)
(0.30739552, 0.44846472, 0.34193641, 0.44078988, 0.28677231, 0.95318443, 0.13144556, 0.23474245, 0.38118643, 0.89580029)
(0.49929932, 0.30152628, 0.18714249, 0.57810527, 0.69853812, 0.91779375, 0.67996979, 0.20623749, 0.32619855, 0.28395504)
(0.10245580, 0.26214024, 0.72497642, 0.61233026, 0.61186945, 0.77854228, 0.50306463, 0.43771741, 0.60159397, 0.40799695)
(0.85663390, 0.65768999, 0.88324642, 0.57282394, 0.86627358, 0.42138669, 0.20585044, 0.53637850, 0.69319695, 0.07618785)
(0.73795497, 0.62141007, 0.81700033, 0.19967705, 0.55564195, 0.64935291, 0.56050265, 0.38683569, 0.32925117, 0.75111246)
(0.23912431, 0.87378728, 0.73776013, 0.55043381, 0.36686373, 0.06690800, 0.57633519, 0.63049626, 0.70445704, 0.76116210)
(0.68109840, 0.55498791, 0.85409164, 0.44328052, 0.20730081, 0.54507291, 0.66539764, 0.21108550, 0.21184081, 0.34455481)
(0.27329686, 0.44214335, 0.82546383, 0.27536315, 0.95428360, 0.21906541, 0.48139077, 0.36192119, 0.68230385, 0.46237892)
(0.85615927, 0.70752162, 0.22460166, 0.47420302, 0.52884728, 0.93532234, 0.52123874, 0.08402169, 0.69249755, 0.45719519)
(0.33910403, 0.53121650, 0.35736910, 0.35563636, 0.34431764, 0.29496545, 0.94637144, 0.23962148, 0.27574238, 0.39753565)
(0.22441724, 0.16361769, 0.53132600, 0.62509131, 0.70079589, 0.57947016, 0.33544466, 0.15857199, 0.47549018, 0.25728187)
(0.52475607, 0.69233710, 0.71332949, 0.14633135, 0.22791868, 0.77620578, 0.35688573, 0.07350833, 0.56071872, 0.86605000)
(0.93806052, 0.49030587, 0.51563388, 0.30898389, 0.47235048, 0.69697243, 0.39988315, 0.21323028, 0.17647655, 0.49545887)
(0.46664286, 0.02814722, 0.32265177, 0.34018791, 0.84326160, 0.53317159, 0.15574896, 0.21036793, 0.88881081, 0.30518150)
(0.61378074, 0.60071313, 0.13864076, 0.51317495, 0.58740759, 0.95435381, 0.55179685, 0.08923988, 0.26237586, 0.53127617)
(0.89809692, 0.35371777, 0.91805506, 0.51905620, 0.48745096, 0.56035852, 0.36882710, 0.41190821, 0.17060998, 0.88276738)
(0.64182359, 0.22917676, 0.88699752, 0.33054289, 0.82272816, 0.28277558, 0.11786386, 0.31698069, 0.42539340, 0.32635942)
(0.48160309, 0.15605482, 0.56547821, 0.24755388, 0.26004505, 0.54106998, 0.22022167, 0.72082710, 0.66107434, 0.92355698)
(0.56618822, 0.47389004, 0.81102353, 0.38342530, 0.63894618, 0.24148202, 0.29298005, 0.49681440, 0.16266197, 0.42982301)
(0.23310329, 0.73118299, 0.78631175, 0.16771175, 0.28320450, 0.80609459, 0.29809180, 0.17764995, 0.71795815, 0.57748157)
(0.55984414, 0.11601354, 0.74068975, 0.40143156, 0.23834614, 0.30437204, 0.17359804, 0.85110211, 0.50966132, 0.24062321)
(0.70345038, 0.64055860, 0.11289955, 0.76452357, 0.51437587, 0.55854428, 0.96185887, 0.10895012, 0.66966271, 0.21910568)
(0.64682269, 0.25739288, 0.26196221, 0.85640407, 0.38610488, 0.71701032, 0.87153620, 0.24182200, 0.45236510, 0.47828662)
(0.59318227, 0.41722968, 0.20454249, 0.76694131, 0.27721578, 0.63223481, 0.82267731, 0.69535774, 0.43643606, 0.93559957)
(0.13285899, 0.68008125, 0.05864788, 0.80003583, 0.31052428, 0.96115422, 0.48454502, 0.25448954, 0.48026797, 0.36374161)
(0.84085917, 0.81290048, 0.56301808, 0.17865950, 0.38592267, 0.65294755, 0.90883803, 0.58762056, 0.16238990, 0.29217571)
(0.45440722, 0.70047814, 0.26116922, 0.68226725, 0.94595140, 0.19922020, 0.87518674, 0.26224345, 0.80904353, 0.06739850)
(0.21826857, 0.42097017, 0.85567135, 0.15961546, 0.46730655, 0.74542814, 0.81643671, 0.30032730, 0.71556342, 0.49664876)
(0.40325388, 0.76938659, 0.69557536, 0.10834158, 0.27586210, 0.89088452, 0.72125310, 0.35407692, 0.24448472, 0.41697699)
(0.04088670, 0.25852177, 0.83318484, 0.63910693, 0.22951537, 0.55271286, 0.39841527, 0.08353469, 0.47950324, 0.35176727)
(0.58661789, 0.28531024, 0.49185288, 0.29816887, 0.63952577, 0.85124439, 0.20216270, 0.56924230, 0.15335520, 0.23009060)
(0.53191501, 0.06709889, 0.39596081, 0.31189787, 0.84033424, 0.46579900, 0.20831868, 0.59664178, 0.44468895, 0.76447028)
(0.86180234, 0.11701914, 0.10656228, 0.90277958, 0.55103135, 0.39035624, 0.76087469, 0.74816263, 0.30848458, 0.20393646)
(0.10302826, 0.16225508, 0.51216000, 0.50392711, 0.72165579, 0.73468494, 0.47055846, 0.16079913, 0.53490573, 0.31682020)
(0.69812691, 0.53544587, 0.14560066, 0.82727337, 0.53754634, 0.89029491, 0.87300378, 0.70870143, 0.04222414, 0.71333438)
(0.59632832, 0.31716529, 0.81375873, 0.42901695, 0.64276266, 0.48649940, 0.30204335, 0.19651014, 0.39752117, 0.71504712)
(0.56239784, 0.06736841, 0.57223284, 0.36149997, 0.72439444, 0.45764774, 0.36207467, 0.88586450, 0.36843750, 0.54097444)
(0.31045690, 0.18449068, 0.41680068, 0.76573390, 0.79193860, 0.36473736, 0.17864570, 0.11049513, 0.85189688, 0.11750631)
(0.13743177, 0.71322048, 0.88942808, 0.56802821, 0.38822776, 0.68340689, 0.09712512, 0.07497916, 0.48415557, 0.78751475)
(0.32794979, 0.06285549, 0.84493548, 0.17230344, 0.60231936, 0.43488652, 0.78556067, 0.40346900, 0.33210358, 0.57891655)
(0.15649234, 0.81750286, 0.85874206, 0.11347263, 0.37257108, 0.86577845, 0.75774693, 0.43622124, 0.52404714, 0.30117223)
(0.24973719, 0.63400501, 0.86898011, 0.32327530, 0.30207273, 0.72891021, 0.75684869, 0.17806914, 0.65005821, 0.87395108)
(0.63846385, 0.11513714, 0.84088111, 0.87565428, 0.50980943, 0.10099912, 0.17778462, 0.45193437, 0.50754005, 0.65745062)
(0.69989663, 0.50525028, 0.29406527, 0.25577992, 0.80075681, 0.71513116, 0.47215766, 0.09681389, 0.74867594, 0.28186384)
(0.73146355, 0.09989182, 0.79354906, 0.51645690, 0.34293118, 0.40647787, 0.22735170, 0.83795506, 0.44417787, 0.67789364)
(0.39951569, 0.55063856, 0.09330221, 0.73534119, 0.40761468, 0.96453452, 0.43891966, 0.51564544, 0.42725527, 0.89720911)
(0.91411513, 0.61997092, 0.16424333, 0.62433916, 0.60236502, 0.65044338, 0.78492367, 0.30996320, 0.02325196, 0.39559299)
(0.22118634, 0.09050249, 0.11302143, 0.43230104, 0.65550858, 0.59562975, 0.70596737, 0.39350888, 0.33540383, 0.77269953)
(0.75848496, 0.43981126, 0.37637106, 0.44717154, 0.44283184, 0.81378490, 0.74417657, 0.66022754, 0.04679488, 0.71381754)
(0.30232012, 0.56198472, 0.52119589, 0.24180318, 0.43475148, 0.70824403, 0.55304289, 0.39003679, 0.21538019, 0.29759741)
(0.32811731, 0.39362428, 0.14893037, 0.69529420, 0.63606477, 0.74168122, 0.89565384, 0.56439805, 0.11441646, 0.85132378)
(0.58569211, 0.87737823, 0.75397497, 0.86564952, 0.73105448, 0.10929686, 0.05910802, 0.36831886, 0.56068045, 0.15895322)
(0.79304403, 0.80269361, 0.40773553, 0.35309583, 0.20309177, 0.68606895, 0.83079427, 0.56067187, 0.20517862, 0.41134277)
(0.42762560, 0.24173297, 0.68942130, 0.64742672, 0.32442105, 0.24577998, 0.26725850, 0.83123827, 0.37309831, 0.29874685)
(0.48345390, 0.21405028, 0.29922217, 0.24171470, 0.70887297, 0.88091093, 0.36178923, 0.10794275, 0.48815325, 0.44235697)
(0.55655527, 0.52083701, 0.76972950, 0.29527792, 0.70985806, 0.14956988, 0.23187837, 0.64897442, 0.73260969, 0.14577448)
(0.22676243, 0.21387297, 0.08987718, 0.45263216, 0.17122744, 0.62246364, 0.54576421, 0.68627417, 0.61683261, 0.63509452)
(0.44328943, 0.71510839, 0.60039806, 0.13690414, 0.86911982, 0.56911057, 0.11732528, 0.61058253, 0.85475576, 0.29077262)
(0.23856214, 0.34392685, 0.91293490, 0.51589477, 0.15865639, 0.52994722, 0.54624814, 0.08774716, 0.17208098, 0.76112330)
(0.64477420, 0.26076493, 0.23787822, 0.35683957, 0.30874285, 0.29658347, 0.10721794, 0.47772640, 0.41851336, 0.91564196)
(0.07974453, 0.67318839, 0.67515999, 0.37905380, 0.12612306, 0.62521178, 0.56717533, 0.16768205, 0.33251071, 0.67363805)
(0.79826260, 0.81480658, 0.18579622, 0.86082149, 0.48656785, 0.75231838, 0.87629408, 0.21163037, 0.15287314, 0.48180169)
(0.09276927, 0.28814581, 0.05954806, 0.57012594, 0.43318194, 0.75560099, 0.37227389, 0.55998945, 0.68604529, 0.63643664)
(0.66154808, 0.69712520, 0.61511624, 0.54327375, 0.77671117, 0.25861016, 0.02774285, 0.31030959, 0.63832897, 0.13849559)
(0.38557705, 0.19520490, 0.67310846, 0.36823589, 0.88777190, 0.88655078, 0.29949921, 0.35943210, 0.42956895, 0.81736755)
(0.86188424, 0.18700093, 0.38281935, 0.27695337, 0.79740137, 0.42303964, 0.26325282, 0.60741782, 0.19039696, 0.73441553)
(0.61247694, 0.08647816, 0.82320082, 0.83625114, 0.28281781, 0.47817469, 0.13232864, 0.70025522, 0.29354620, 0.19439690)
(0.39431956, 0.58082658, 0.85596579, 0.29996908, 0.42279416, 0.80174917, 0.84446740, 0.25847614, 0.59513259, 0.82879949)
(0.61383349, 0.10535917, 0.24962175, 0.75411427, 0.18610653, 0.68536228, 0.71291405, 0.29448825, 0.61851096, 0.41914037)
(0.90873575, 0.03642083, 0.01280941, 0.55201405, 0.22809897, 0.32138792, 0.69640106, 0.38872662, 0.59405351, 0.39971539)
(0.68821889, 0.35103431, 0.44867140, 0.55096793, 0.84447879, 0.14689335, 0.03203814, 0.14533801, 0.84256470, 0.71936661)
(0.22159865, 0.01804132, 0.31536672, 0.13686897, 0.81950885, 0.64657110, 0.40080431, 0.16688769, 0.39889482, 0.35249120)
(0.47440621, 0.33040771, 0.38802579, 0.39391923, 0.60218930, 0.84028560, 0.78243726, 0.27598935, 0.25639912, 0.74200368)
(0.73691106, 0.78910547, 0.50561410, 0.51617408, 0.35498920, 0.65620381, 0.73300695, 0.62374723, 0.12448398, 0.45407170)
(0.72698075, 0.63295698, 0.56198698, 0.61127150, 0.21379137, 0.17590390, 0.42839575, 0.56259030, 0.27489862, 0.57926172)
(0.25247651, 0.50366211, 0.57271075, 0.46520385, 0.73378372, 0.74353403, 0.24437384, 0.27145174, 0.29180083, 0.36335853)
(0.71047938, 0.55531448, 0.77501822, 0.50974363, 0.37682551, 0.90108579, 0.07253688, 0.38280672, 0.33056876, 0.89737141)
(0.86629051, 0.41015348, 0.31671000, 0.16707383, 0.36028984, 0.57203954, 0.57545406, 0.96992624, 0.12040307, 0.91951293)
(0.25469029, 0.52968490, 0.60834181, 0.35717818, 0.60361660, 0.48297939, 0.83892304, 0.14849721, 0.58563811, 0.89333087)
(0.74098200, 0.46873608, 0.48859924, 0.43264627, 0.67096317, 0.74151367, 0.78243333, 0.16810288, 0.30994883, 0.84547037)
(0.42819390, 0.31966379, 0.40781280, 0.14646418, 0.47466290, 0.41452205, 0.81691051, 0.28784102, 0.70320576, 0.27841130)
(0.32489312, 0.65280843, 0.66098875, 0.72348177, 0.30841440, 0.12935856, 0.35073799, 0.46874228, 0.53717184, 0.28904563)
(0.20113102, 0.44327042, 0.76981914, 0.12466209, 0.87387687, 0.34551090, 0.78901523, 0.38224420, 0.86882234, 0.54948914)
(0.62253428, 0.20665050, 0.09274644, 0.32843295, 0.38065469, 0.66397327, 0.85281080, 0.49925795, 0.03805481, 0.14755973)
(0.36707386, 0.23004033, 0.87135863, 0.51906538, 0.48639175, 0.86139691, 0.32518667, 0.24697900, 0.41445905, 0.88049078)
(0.70824677, 0.36203128, 0.87580359, 0.80961561, 0.44610608, 0.40772605, 0.81676209, 0.44041753, 0.09865582, 0.75154996)
(0.64761204, 0.39610788, 0.92947918, 0.19514425, 0.37792492, 0.15206103, 0.18099655, 0.26692310, 0.70681709, 0.63567185)
(0.13293998, 0.42080662, 0.35046053, 0.33869931, 0.69552630, 0.59102821, 0.56284505, 0.20901912, 0.73510087, 0.45141476)
(0.56290358, 0.70560026, 0.82189685, 0.43407729, 0.05022228, 0.69633830, 0.92003775, 0.39658251, 0.58216125, 0.43549061)
(0.24873607, 0.07467709, 0.40107894, 0.50089437, 0.59271806, 0.81558055, 0.70493889, 0.37840885, 0.27516440, 0.46545228)
(0.14446616, 0.43958676, 0.18533960, 0.33248156, 0.86150759, 0.72968984, 0.31474477, 0.13119143, 0.73445642, 0.45758808)
(0.03382651, 0.87771589, 0.52542204, 0.20321958, 0.28784767, 0.26168668, 0.31850788, 0.45295471, 0.83911455, 0.18581191)
(0.42977023, 0.22295295, 0.79115826, 0.42838967, 0.54219824, 0.88787061, 0.52723765, 0.89218730, 0.11014793, 0.25829890)
(0.26644242, 0.18672414, 0.54189456, 0.48346215, 0.64559895, 0.79967785, 0.22277972, 0.37374172, 0.28123599, 0.22537504)
(0.31967258, 0.57623345, 0.24819759, 0.71115100, 0.78600967, 0.57123041, 0.14615409, 0.57460213, 0.81285465, 0.30231902)
(0.55854702, 0.09799504, 0.66962403, 0.48259366, 0.90522093, 0.26305744, 0.40578613, 0.44313475, 0.29504088, 0.80124688)
(0.76370174, 0.12276839, 0.41149944, 0.51049912, 0.86784059, 0.26759249, 0.43232736, 0.48796612, 0.23274724, 0.85987478)
(0.23429631, 0.59481913, 0.35719568, 0.50153291, 0.95437795, 0.34144163, 0.67622560, 0.15564322, 0.64856517, 0.36051869)
(0.75326055, 0.49577522, 0.70991516, 0.73182946, 0.35084093, 0.49041033, 0.13423187, 0.91768551, 0.23375873, 0.69210517)
(0.48022574, 0.73731071, 0.48082057, 0.27466646, 0.07494562, 0.44823372, 0.51060963, 0.49652323, 0.29360393, 0.29147887)
(0.36030856, 0.39058542, 0.06196351, 0.26506349, 0.95561105, 0.34405032, 0.40351647, 0.15632251, 0.87424964, 0.62120211)
(0.18651693, 0.02912789, 0.17187439, 0.43799078, 0.86043608, 0.56468725, 0.55610305, 0.10497859, 0.53130049, 0.20803410)
(0.87793118, 0.38231030, 0.19946446, 0.68596989, 0.54616910, 0.67923999, 0.81746650, 0.54817039, 0.01402629, 0.21082132)
(0.62026298, 0.68797374, 0.77923745, 0.05498590, 0.73738837, 0.24156274, 0.12555075, 0.63357073, 0.76598024, 0.06595348)
(0.17717104, 0.30191556, 0.14832205, 0.62641281, 0.61650902, 0.35117614, 0.47599185, 0.33170509, 0.96801913, 0.95665085)
(0.51989740, 0.75398117, 0.23938294, 0.90140188, 0.66125673, 0.64059919, 0.93400842, 0.45353997, 0.89508682, 0.21576646)
(0.79799378, 0.13899745, 0.79608339, 0.05204444, 0.10319848, 0.37083688, 0.34788069, 0.88114685, 0.36043903, 0.35928562)
(0.58811980, 0.61626309, 0.95370835, 0.79985642, 0.50221813, 0.63528520, 0.29713941, 0.21877165, 0.69840854, 0.66956079)
(0.12217379, 0.70538944, 0.44322386, 0.20489036, 0.61480319, 0.27322650, 0.31472552, 0.16446419, 0.71654379, 0.55669516)
(0.17512468, 0.47026128, 0.23528320, 0.86415827, 0.45462340, 0.66649920, 0.91776389, 0.17232002, 0.35635337, 0.21718003)
(0.18192133, 0.17534751, 0.26962280, 0.40449601, 0.57959569, 0.86112350, 0.48792553, 0.33158752, 0.31161177, 0.51106793)
(0.07601598, 0.10590010, 0.07251398, 0.43422365, 0.43381608, 0.93877941, 0.42373988, 0.39839974, 0.24286310, 0.36984089)
(0.34904295, 0.18139309, 0.07762153, 0.63943124, 0.12639712, 0.79281086, 0.71331996, 0.34667405, 0.66764772, 0.45933998)
(0.06708350, 0.68813002, 0.59053963, 0.42143482, 0.18116686, 0.37452519, 0.31299698, 0.11478669, 0.23884459, 0.61283880)
(0.43894023, 0.16918063, 0.78263724, 0.77956855, 0.27790740, 0.30222502, 0.06572881, 0.54822004, 0.30180207, 0.62565076)
(0.46961218, 0.04931349, 0.88980216, 0.26612759, 0.86108804, 0.40145487, 0.44751844, 0.23483282, 0.32507265, 0.85212868)
(0.28927100, 0.74046737, 0.32097545, 0.43984261, 0.38300318, 0.20343176, 0.43107817, 0.77761036, 0.89882869, 0.54873890)
(0.56922024, 0.67013383, 0.48068532, 0.37253371, 0.27749205, 0.69098073, 0.77005637, 0.48489568, 0.45212555, 0.38827679)
(0.18816634, 0.09828150, 0.26958334, 0.67017365, 0.62365121, 0.87744677, 0.72993290, 0.52103144, 0.42489997, 0.33186987)
(0.33299920, 0.96196336, 0.87866992, 0.20353471, 0.16544779, 0.50285470, 0.30418852, 0.34414881, 0.56206572, 0.88874018)
(0.27167556, 0.29226705, 0.04254237, 0.78178674, 0.82158452, 0.53285974, 0.81964570, 0.31254902, 0.81277710, 0.90453571)
(0.54530346, 0.65982848, 0.27666453, 0.08300171, 0.90731531, 0.28933376, 0.25326312, 0.10936976, 0.90857959, 0.17877287)
(0.52572095, 0.51647466, 0.58129585, 0.05386436, 0.14285916, 0.73927695, 0.61446661, 0.24699080, 0.26936305, 0.38960207)
(0.65927809, 0.08488166, 0.81676191, 0.46579829, 0.66724628, 0.42042884, 0.43217334, 0.88906711, 0.50999701, 0.32521728)
(0.37421876, 0.22751877, 0.95924366, 0.75477982, 0.29526302, 0.63693082, 0.04392628, 0.21106553, 0.58153558, 0.54835695)
(0.11703096, 0.42953375, 0.53760296, 0.56531227, 0.31480718, 0.69761372, 0.15057217, 0.14521015, 0.33717790, 0.90750915)
(0.65222090, 0.73387510, 0.45739511, 0.33321908, 0.46815050, 0.74980849, 0.85436189, 0.33748472, 0.07461247, 0.46836221)
(0.30216366, 0.83034378, 0.77928835, 0.42182654, 0.82189864, 0.58434421, 0.74754083, 0.50449139, 0.86122632, 0.71752393)
(0.13625771, 0.63144338, 0.08175712, 0.71841198, 0.19427119, 0.95064753, 0.34651059, 0.48953339, 0.56476390, 0.94198585)
(0.73011506, 0.24171774, 0.20303732, 0.63288927, 0.24682958, 0.19223502, 0.42620301, 0.16513424, 0.70282733, 0.93361145)
(0.12941054, 0.48363549, 0.22963621, 0.68778557, 0.86838716, 0.72809929, 0.44770259, 0.52415609, 0.83281744, 0.72023970)
(0.08644337, 0.91042060, 0.69953448, 0.37914041, 0.80152786, 0.21155253, 0.16093926, 0.19935209, 0.87023067, 0.68443441)
(0.91555840, 0.38053852, 0.33435714, 0.49036267, 0.35536331, 0.59361136, 0.18119389, 0.12038879, 0.46635121, 0.58147234)
(0.26464108, 0.18099459, 0.21133809, 0.62524778, 0.43229356, 0.56778288, 0.78482634, 0.36227906, 0.10708368, 0.17396812)
(0.51604450, 0.59965670, 0.81004536, 0.45044681, 0.25043947, 0.90091151, 0.34297183, 0.34467846, 0.03668095, 0.80261564)
(0.47927913, 0.39866114, 0.14478835, 0.68183333, 0.87118483, 0.33854687, 0.25543702, 0.46414348, 0.89973843, 0.74122566)
(0.57226878, 0.40372121, 0.04496047, 0.60972214, 0.04066053, 0.75624412, 0.19277966, 0.30571282, 0.28342769, 0.86485755)
(0.60372013, 0.37779710, 0.31843439, 0.26518500, 0.60366976, 0.70934123, 0.76870352, 0.49433383, 0.01847191, 0.32914776)
(0.39933839, 0.51368707, 0.62649846, 0.29891804, 0.47491083, 0.84944469, 0.08437572, 0.13221784, 0.78117847, 0.23547845)
(0.94701248, 0.23746575, 0.02720992, 0.66113448, 0.43837908, 0.59520543, 0.72791380, 0.34195012, 0.25747928, 0.68688345)
(0.03477103, 0.31552908, 0.16138744, 0.47069004, 0.64628029, 0.88163084, 0.44799951, 0.46860617, 0.68655467, 0.64830530)
(0.68989426, 0.25684369, 0.62379390, 0.53161401, 0.35145032, 0.78797483, 0.14245072, 0.53063786, 0.43542960, 0.59172273)
(0.60853601, 0.38917521, 0.82149684, 0.29393822, 0.56081891, 0.13061781, 0.52548659, 0.69866967, 0.53644931, 0.25103885)
(0.12126096, 0.16744603, 0.16596489, 0.53778231, 0.44477916, 0.71239740, 0.66489327, 0.43631220, 0.68519169, 0.84599340)
(0.57432383, 0.43131402, 0.67076904, 0.09368001, 0.54427743, 0.79306930, 0.31853777, 0.29087311, 0.06715787, 0.20728528)
(0.53767908, 0.43618238, 0.06685995, 0.61945844, 0.88748986, 0.31891903, 0.69395071, 0.13944803, 0.43772867, 0.74099416)
(0.27823919, 0.79577565, 0.69751352, 0.08180492, 0.17878759, 0.83021796, 0.52406949, 0.22939384, 0.29224309, 0.56194037)
(0.55455947, 0.20840205, 0.42868501, 0.43219227, 0.38062698, 0.71133995, 0.62753826, 0.61814195, 0.06543054, 0.68112540)
(0.79836488, 0.49830371, 0.45444009, 0.33852923, 0.72747546, 0.68818223, 0.75784379, 0.51342249, 0.02621071, 0.70179725)
(0.48091134, 0.42726818, 0.21361198, 0.43018433, 0.33761108, 0.72946143, 0.60020345, 0.87636191, 0.36080563, 0.86777705)
(0.50187081, 0.09416033, 0.10937503, 0.71665663, 0.85244554, 0.10801318, 0.43041578, 0.44720501, 0.06062695, 0.40001750)
(0.67482096, 0.17316070, 0.62616140, 0.58303404, 0.54402351, 0.46451193, 0.11875135, 0.24778548, 0.53110844, 0.85649884)
(0.55611992, 0.97294962, 0.86178052, 0.08863030, 0.59213072, 0.86940575, 0.51307499, 0.46933785, 0.80587715, 0.76028448)
(0.30358383, 0.45229477, 0.09358916, 0.89693624, 0.72753549, 0.84323871, 0.62989116, 0.44934723, 0.87887216, 0.54241210)
(0.68986636, 0.21550287, 0.18487969, 0.37741241, 0.75620252, 0.36261362, 0.42338780, 0.94819969, 0.20094921, 0.81525701)
(0.36612028, 0.46992791, 0.91461021, 0.44616050, 0.79269665, 0.48828661, 0.53914058, 0.25230247, 0.63895822, 0.47839868)
(0.62208110, 0.21411556, 0.22712049, 0.48302698, 0.24099766, 0.17620786, 0.30692008, 0.44441214, 0.66492361, 0.96717948)
(0.48044142, 0.10112637, 0.89930332, 0.72244722, 0.18384056, 0.09437640, 0.07050383, 0.40211615, 0.29180580, 0.82541400)
(0.40364277, 0.08814021, 0.46806869, 0.61667478, 0.65197426, 0.65080768, 0.47878829, 0.21014589, 0.47209835, 0.23153655)
(0.47962311, 0.27366176, 0.23010650, 0.48011854, 0.76881278, 0.67489594, 0.63595611, 0.19211917, 0.20618309, 0.86697316)
(0.73134381, 0.29891279, 0.51469958, 0.24272840, 0.26661924, 0.89943236, 0.07733138, 0.56242490, 0.19510366, 0.64655793)
(0.29228568, 0.43884128, 0.25558862, 0.34493607, 0.93900764, 0.58591163, 0.47877663, 0.15427020, 0.79536539, 0.10715426)
(0.15512468, 0.82988369, 0.18922855, 0.09964795, 0.48157087, 0.67567468, 0.59189564, 0.58393180, 0.75678045, 0.25318882)
(0.79545051, 0.66210252, 0.87374669, 0.10932413, 0.83438259, 0.30658388, 0.34931687, 0.76903653, 0.77489644, 0.22387436)
(0.89824033, 0.29436269, 0.39390704, 0.22533378, 0.56330234, 0.76102442, 0.34817573, 0.67156142, 0.11628579, 0.37993863)
(0.26706031, 0.57785666, 0.44247812, 0.38405079, 0.78102672, 0.84462667, 0.38041887, 0.18880308, 0.66120505, 0.53946114)
(0.31221640, 0.80759358, 0.54618424, 0.16317096, 0.60774171, 0.38711706, 0.91252619, 0.50606787, 0.48887795, 0.63994807)
(0.11913285, 0.62989908, 0.61589766, 0.22668943, 0.51603532, 0.55343527, 0.81830961, 0.55177408, 0.85018933, 0.44318494)
(0.83955812, 0.27491367, 0.41576621, 0.26836947, 0.21726118, 0.33502701, 0.61553597, 0.11521459, 0.26959786, 0.69058305)
(0.63093227, 0.54128587, 0.76676250, 0.32971025, 0.67627925, 0.80532074, 0.57448524, 0.18131039, 0.34184536, 0.63322634)
(0.78147590, 0.84161121, 0.51972413, 0.15778366, 0.22493550, 0.27789208, 0.45937207, 0.28736117, 0.66926491, 0.45960623)
(0.81990337, 0.21705051, 0.59410048, 0.11241646, 0.82295400, 0.28658137, 0.74572742, 0.87703490, 0.04189349, 0.87993640)
(0.80485195, 0.49616289, 0.56244314, 0.21970028, 0.97351766, 0.20640387, 0.27361548, 0.40573418, 0.73797017, 0.29189613)
(0.12256549, 0.58628738, 0.56784266, 0.36284590, 0.46835443, 0.36931700, 0.57162952, 0.12817840, 0.64416736, 0.50209099)
(0.51265407, 0.38090420, 0.19662610, 0.92901182, 0.71890920, 0.38613817, 0.90995669, 0.38784119, 0.92156875, 0.52040124)
(0.32339701, 0.08740341, 0.49518597, 0.14090763, 0.51855934, 0.59624052, 0.83853376, 0.26848099, 0.20495141, 0.82091278)
(0.30443320, 0.24039251, 0.46666870, 0.27358118, 0.66152751, 0.78393042, 0.71253920, 0.15399413, 0.49349129, 0.38880423)
(0.79568380, 0.45661482, 0.15588892, 0.32740217, 0.74055147, 0.88286567, 0.64284074, 0.20020044, 0.07224808, 0.56699908)
(0.22402802, 0.89517283, 0.01786315, 0.34722722, 0.30450019, 0.20493113, 0.59170818, 0.91376156, 0.63486046, 0.72019410)
(0.02139737, 0.76835465, 0.84327728, 0.44147772, 0.49489415, 0.08077624, 0.37589240, 0.31533742, 0.74684078, 0.39193138)
(0.53641158, 0.42042336, 0.44120419, 0.08021516, 0.24857026, 0.43955350, 0.59443259, 0.28649339, 0.43547994, 0.47640350)
(0.37580797, 0.34266281, 0.27859303, 0.15346201, 0.76856393, 0.54995215, 0.81712836, 0.06498588, 0.53821373, 0.70634502)
(0.93973559, 0.25813490, 0.03979740, 0.58566141, 0.50797462, 0.65454757, 0.61010909, 0.89635003, 0.04904217, 0.35706708)
(0.22277671, 0.30984643, 0.47982588, 0.56437546, 0.53448761, 0.36792469, 0.88178355, 0.16693412, 0.19393133, 0.29573533)
(0.19795555, 0.62758178, 0.48537466, 0.48158911, 0.87144130, 0.75681394, 0.10960526, 0.38553870, 0.92589575, 0.53994089)
(0.55287808, 0.05372247, 0.18027407, 0.52754986, 0.68556058, 0.13150658, 0.27153051, 0.58495051, 0.26602569, 0.86885703)
(0.80799133, 0.57078576, 0.63030422, 0.49912298, 0.85406953, 0.38912746, 0.62885624, 0.40705970, 0.21024565, 0.53932458)
(0.63514251, 0.64509845, 0.66349703, 0.11391307, 0.40078312, 0.82043892, 0.56494099, 0.21426144, 0.09767013, 0.65645158)
(0.15009883, 0.36753884, 0.36339232, 0.63779986, 0.28476074, 0.81916082, 0.42627606, 0.26194718, 0.50182056, 0.66785008)
(0.37379286, 0.32181254, 0.34892300, 0.41810712, 0.69887674, 0.93057871, 0.67597347, 0.35068429, 0.17949873, 0.67452794)
(0.18943723, 0.59881306, 0.58167398, 0.10035300, 0.84905165, 0.33845121, 0.39613408, 0.26858169, 0.88868427, 0.42437929)
(0.29598716, 0.41571611, 0.96435326, 0.46764806, 0.49801722, 0.88883698, 0.22414970, 0.20096570, 0.39677045, 0.68789440)
(0.82106024, 0.48611251, 0.07679693, 0.17444780, 0.62399334, 0.07220252, 0.78605622, 0.46521169, 0.06508773, 0.48836052)
(0.35693583, 0.36769685, 0.33483651, 0.35873196, 0.47456375, 0.90113038, 0.34546822, 0.65441078, 0.04311808, 0.38782915)
(0.54413408, 0.53961223, 0.04002335, 0.80099690, 0.57838959, 0.63891220, 0.85139722, 0.13582745, 0.43815774, 0.74738795)
(0.46937153, 0.75974286, 0.34502432, 0.30374044, 0.34494412, 0.55448198, 0.77073300, 0.54893452, 0.78311700, 0.39101714)
(0.44117072, 0.32771230, 0.56805307, 0.08297644, 0.26265976, 0.72111952, 0.38117537, 0.11514634, 0.35835570, 0.26649445)
(0.51314795, 0.35753977, 0.35824692, 0.55923080, 0.69086397, 0.76838136, 0.60500413, 0.77376544, 0.18382362, 0.84434277)
(0.76106673, 0.38654721, 0.64874214, 0.23520875, 0.40171412, 0.93258059, 0.72005963, 0.59950894, 0.05431375, 0.81754506)
(0.68153656, 0.42429098, 0.60165572, 0.59739280, 0.85441703, 0.26976863, 0.03969199, 0.35976732, 0.83364582, 0.40299690)
(0.37276372, 0.41377133, 0.27153370, 0.70211631, 0.75001109, 0.74065500, 0.08337858, 0.29524815, 0.87215525, 0.34770775)
(0.44870058, 0.35441563, 0.17299341, 0.95791429, 0.66991848, 0.37767863, 0.89162123, 0.26290774, 0.63631207, 0.39773405)
(0.71560842, 0.08873948, 0.82744437, 0.42977887, 0.37777537, 0.32812783, 0.22490567, 0.95041627, 0.41741562, 0.40503827)
(0.82648665, 0.36595148, 0.11866251, 0.93272048, 0.53619742, 0.46073800, 0.89956152, 0.13848257, 0.42039099, 0.30564454)
(0.16942397, 0.10625410, 0.06838144, 0.75921166, 0.55526239, 0.54038000, 0.80908453, 0.35120758, 0.58247328, 0.58293205)
(0.79161274, 0.26874056, 0.28329512, 0.45383745, 0.74614954, 0.58981758, 0.40577364, 0.79121542, 0.15956531, 0.08904724)
(0.40307638, 0.43624276, 0.04078034, 0.35953799, 0.04414760, 0.89452463, 0.22074266, 0.82148856, 0.23273841, 0.63530523)
(0.04582074, 0.56633753, 0.69841427, 0.23818219, 0.76332206, 0.61357027, 0.64665401, 0.43976533, 0.64038545, 0.32210067)
(0.43444651, 0.15821414, 0.49083123, 0.28243864, 0.57049143, 0.82766414, 0.24476567, 0.63654011, 0.06677072, 0.25650799)
(0.77712572, 0.23780584, 0.91533661, 0.20043823, 0.73261184, 0.05805696, 0.26066020, 0.53996813, 0.32369936, 0.53809917)
(0.66944051, 0.90137845, 0.21400109, 0.36170179, 0.73450738, 0.78534108, 0.59939760, 0.17922935, 0.84149247, 0.60743243)
(0.64157033, 0.21554607, 0.81526244, 0.43576550, 0.55506974, 0.53615743, 0.86548173, 0.50582451, 0.20541640, 0.55462599)
(0.49169749, 0.79557258, 0.39515939, 0.23199821, 0.39114708, 0.65956235, 0.90240163, 0.59244829, 0.55530107, 0.59885287)
(0.14441258, 0.28443217, 0.39172763, 0.20099592, 0.61679304, 0.26303890, 0.81659609, 0.09922220, 0.13709037, 0.25066596)
(0.44600934, 0.41565156, 0.04247860, 0.18183497, 0.03085556, 0.71254468, 0.06261027, 0.40389493, 0.22543992, 0.78202832)
(0.70474786, 0.56838357, 0.33049360, 0.03146442, 0.85292381, 0.23612051, 0.56711709, 0.61593676, 0.85254180, 0.25240850)
(0.53859544, 0.23572329, 0.57158333, 0.46543700, 0.65794420, 0.42825738, 0.02290955, 0.05387792, 0.72554553, 0.77931243)
(0.19873565, 0.72003210, 0.45787165, 0.40414125, 0.31040886, 0.35059565, 0.63426572, 0.26964805, 0.62576365, 0.56363428)
(0.94914937, 0.24632472, 0.03093468, 0.57967186, 0.33516571, 0.78727078, 0.56037879, 0.77796215, 0.16380443, 0.46715608)
(0.38978428, 0.48549956, 0.07729774, 0.68950731, 0.85335869, 0.61746037, 0.76092911, 0.18857749, 0.62283409, 0.92436361)
(0.10938866, 0.66367525, 0.89092493, 0.61679411, 0.42892435, 0.79872155, 0.39387634, 0.16104223, 0.57243776, 0.46418795)
(0.17320465, 0.81282872, 0.73370302, 0.26315567, 0.30661175, 0.66576886, 0.36357036, 0.13654925, 0.45907983, 0.63276744)
(0.80116683, 0.45827669, 0.92988431, 0.82811648, 0.30502021, 0.28795570, 0.45554084, 0.20227738, 0.15393159, 0.54985416)
(0.08036385, 0.83001828, 0.66239578, 0.12687415, 0.67011154, 0.58387530, 0.49327633, 0.39410824, 0.81495982, 0.78500295)
(0.75193840, 0.08979277, 0.05135106, 0.45612025, 0.04938313, 0.70442313, 0.61074311, 0.61036545, 0.63458747, 0.40026936)
(0.71827543, 0.46347672, 0.88170552, 0.18571436, 0.66878092, 0.42175478, 0.46378464, 0.16495457, 0.47900918, 0.61573023)
(0.06160009, 0.54814893, 0.13149935, 0.70256692, 0.55094242, 0.90538377, 0.64626461, 0.57205927, 0.58516622, 0.68487436)
(0.49916813, 0.54553837, 0.61171639, 0.13037901, 0.79522085, 0.22938722, 0.26827157, 0.59709406, 0.90534139, 0.20366734)
(0.73037523, 0.62013406, 0.51116937, 0.79244041, 0.77582788, 0.20975319, 0.11799865, 0.28729969, 0.87979162, 0.14484331)
(0.86511832, 0.36659005, 0.43657196, 0.40979445, 0.67613775, 0.59286815, 0.53628176, 0.95187640, 0.20359896, 0.87171215)
(0.19485311, 0.24216659, 0.59909916, 0.73399276, 0.80420989, 0.80026621, 0.08256059, 0.42136979, 0.88692766, 0.58337134)
(0.47235063, 0.69717062, 0.38726991, 0.27235937, 0.46915680, 0.66110778, 0.84470141, 0.40695259, 0.39639246, 0.40637863)
(0.50874192, 0.35756686, 0.40274113, 0.24328916, 0.34928730, 0.24809289, 0.95258862, 0.23890230, 0.04617690, 0.23489752)
(0.41217634, 0.33417925, 0.93631929, 0.79228997, 0.46764460, 0.52535456, 0.21869561, 0.21553546, 0.78757554, 0.32909256)
(0.30504727, 0.15558653, 0.38013753, 0.47721639, 0.43432695, 0.82965308, 0.92747933, 0.81688392, 0.25103596, 0.61099279)
(0.28370541, 0.13357431, 0.37999079, 0.28564763, 0.27308533, 0.71921098, 0.72298253, 0.08710399, 0.36819324, 0.44998780)
(0.35160515, 0.15066983, 0.91926253, 0.37935549, 0.52907234, 0.90996242, 0.58029807, 0.31427336, 0.44586274, 0.89351851)
(0.44505545, 0.63201678, 0.36365572, 0.44158921, 0.81671113, 0.59583402, 0.67931664, 0.13147610, 0.43988031, 0.58929265)
(0.38134584, 0.41437927, 0.06454718, 0.53111410, 0.41595680, 0.88684320, 0.55729026, 0.66051698, 0.23315752, 0.90762305)
(0.79085392, 0.35813507, 0.77320123, 0.37827840, 0.64367068, 0.87074703, 0.79423147, 0.81874800, 0.09851007, 0.89938098)
(0.45672202, 0.27152818, 0.12137119, 0.64707762, 0.09478638, 0.61064488, 0.71690524, 0.75942713, 0.52012610, 0.52031779)
(0.63068169, 0.63429737, 0.56448650, 0.44473088, 0.56749016, 0.33833748, 0.12213321, 0.64092278, 0.45268086, 0.23748235)
(0.72876924, 0.44566226, 0.91349894, 0.34731951, 0.77205402, 0.12957172, 0.28482956, 0.23829383, 0.50424272, 0.41809759)
(0.23674488, 0.19013497, 0.55557662, 0.26970994, 0.19027741, 0.71222675, 0.79836166, 0.08113434, 0.45113033, 0.42745841)
(0.85934150, 0.94274658, 0.61719704, 0.06830122, 0.19584791, 0.52279305, 0.11096546, 0.76662755, 0.88324445, 0.79002017)
(0.68321073, 0.60802054, 0.85322291, 0.23848772, 0.77022475, 0.28258935, 0.59461439, 0.62859553, 0.14024170, 0.25790292)
(0.73068851, 0.77603179, 0.32201067, 0.35666376, 0.34911233, 0.61206293, 0.87361139, 0.67295992, 0.62697196, 0.55919290)
(0.49033764, 0.02570974, 0.91411942, 0.23818049, 0.59673691, 0.33415952, 0.39026797, 0.92691052, 0.31935707, 0.19376703)
(0.36208901, 0.45021591, 0.44110107, 0.86677969, 0.55246937, 0.50175458, 0.72952175, 0.33803946, 0.30944714, 0.23981591)
(0.37361920, 0.57180619, 0.04541689, 0.85908574, 0.44701597, 0.87813497, 0.86113298, 0.23209706, 0.33574027, 0.43965194)
(0.54040658, 0.22745673, 0.57590276, 0.22763045, 0.25522482, 0.89731389, 0.55172086, 0.20871662, 0.14141876, 0.52106071)
(0.45910954, 0.48822507, 0.21503605, 0.92254919, 0.31478974, 0.81815535, 0.68049818, 0.62254411, 0.39977360, 0.42870623)
(0.30385554, 0.21386412, 0.30616197, 0.27459121, 0.69905609, 0.86055577, 0.52152991, 0.23474479, 0.41558421, 0.88365841)
(0.93182194, 0.28669691, 0.05464908, 0.65647548, 0.37506065, 0.75099170, 0.58458859, 0.95005226, 0.14167318, 0.08300206)
(0.48080981, 0.69102383, 0.59572577, 0.59457725, 0.96250951, 0.28380048, 0.31912735, 0.50540549, 0.86861539, 0.10165627)
(0.20708206, 0.59698421, 0.69351423, 0.67084432, 0.48036069, 0.55102473, 0.18411711, 0.10326092, 0.56460619, 0.92751467)
(0.68634009, 0.91717327, 0.73493361, 0.04712501, 0.33352920, 0.71335959, 0.46244332, 0.81103063, 0.79967779, 0.52837259)
(0.73881358, 0.44383299, 0.59207922, 0.44606200, 0.86449099, 0.12104360, 0.13787286, 0.31500319, 0.90875036, 0.60707659)
(0.67676276, 0.85462868, 0.93498176, 0.51303703, 0.18710630, 0.66010815, 0.47731245, 0.14379084, 0.29695705, 0.90654814)
(0.49979314, 0.71834737, 0.11454386, 0.48196730, 0.48224792, 0.58167833, 0.88286418, 0.08528613, 0.28589603, 0.30664736)
(0.63539988, 0.82002336, 0.60812634, 0.41543162, 0.60311884, 0.71511668, 0.20612589, 0.33685395, 0.88882881, 0.64730668)
(0.28538150, 0.28265446, 0.51263589, 0.41699553, 0.48395517, 0.65769511, 0.81356645, 0.29943183, 0.03200730, 0.18797246)
(0.79761600, 0.59121120, 0.70286083, 0.72387022, 0.68983209, 0.04226013, 0.03444590, 0.40467903, 0.76810944, 0.42038509)
(0.04007356, 0.57679468, 0.72761369, 0.46702522, 0.32505322, 0.31885612, 0.35723093, 0.10012783, 0.56856447, 0.74988103)
(0.44797003, 0.35227922, 0.37383136, 0.47962365, 0.83672053, 0.68116838, 0.32758823, 0.34677482, 0.72445315, 0.46311012)
(0.76730919, 0.53054106, 0.11545127, 0.24219097, 0.45432669, 0.03841904, 0.83403391, 0.64815027, 0.04114491, 0.43052542)
(0.77790016, 0.68684620, 0.43832436, 0.34509960, 0.56775993, 0.63078076, 0.91183287, 0.42544827, 0.03691982, 0.74565989)
(0.08387181, 0.72002977, 0.74257785, 0.24162920, 0.17499702, 0.54397911, 0.68395871, 0.23334458, 0.77614683, 0.80015719)
(0.64236838, 0.43495652, 0.08073708, 0.77412748, 0.45000115, 0.94791782, 0.84603089, 0.18238033, 0.42899844, 0.52818263)
(0.41074789, 0.79355997, 0.54182845, 0.78135192, 0.79860133, 0.16743116, 0.06613266, 0.25708425, 0.67245317, 0.13947164)
(0.20956281, 0.07027422, 0.17515904, 0.07173022, 0.09447613, 0.86171246, 0.20317142, 0.54254037, 0.41196436, 0.61058086)
(0.64228791, 0.53624731, 0.52156585, 0.22858588, 0.59141403, 0.26412532, 0.47584572, 0.61137295, 0.35269448, 0.49057621)
(0.25516951, 0.33882537, 0.36326626, 0.82898182, 0.78179294, 0.59961134, 0.44991159, 0.25750428, 0.78035825, 0.18534280)
(0.87180257, 0.50516701, 0.74016666, 0.38216478, 0.49208277, 0.87786865, 0.76296002, 0.51997530, 0.06186398, 0.92565787)
(0.75110084, 0.26708084, 0.76395321, 0.38480073, 0.62002641, 0.51567495, 0.90334356, 0.50689387, 0.10483625, 0.85788721)
(0.37779433, 0.72090328, 0.04076436, 0.93657476, 0.70836985, 0.63420290, 0.85005498, 0.33490911, 0.93020302, 0.75547397)
(0.65052807, 0.75106841, 0.57624865, 0.42761084, 0.25400239, 0.72513735, 0.83687520, 0.62216365, 0.38391498, 0.34128216)
(0.84005225, 0.70598751, 0.61426610, 0.36448300, 0.67751008, 0.49677235, 0.88729149, 0.34904993, 0.04393064, 0.76349366)
(0.21535347, 0.12506790, 0.39326963, 0.18408430, 0.77317083, 0.48369846, 0.86993062, 0.03932173, 0.60912138, 0.04339436)
(0.84821516, 0.38070425, 0.22915912, 0.34031737, 0.57576066, 0.82950139, 0.39289990, 0.70835990, 0.25397164, 0.84170568)
(0.59027112, 0.56352961, 0.28537095, 0.34251961, 0.67535752, 0.79496890, 0.54800254, 0.97200882, 0.02729691, 0.61022240)
(0.25297818, 0.28527778, 0.20604146, 0.11663361, 0.43444967, 0.03119178, 0.80965561, 0.03286543, 0.43186066, 0.03140396)
(0.25437808, 0.13566981, 0.08326038, 0.29009306, 0.02515655, 0.80681080, 0.20354211, 0.48997396, 0.26345196, 0.80439341)
(0.20440988, 0.49800232, 0.88512486, 0.43135566, 0.50217319, 0.87591195, 0.46238983, 0.36326066, 0.07890557, 0.46406630)
(0.39824203, 0.78575122, 0.13502857, 0.94620299, 0.35472918, 0.79545307, 0.74102223, 0.49606118, 0.89023727, 0.75136739)
(0.89960521, 0.72515351, 0.57537901, 0.22617936, 0.70333558, 0.51408947, 0.45623100, 0.18206920, 0.56273246, 0.81833178)
(0.30203980, 0.49899632, 0.45378551, 0.21033607, 0.48432490, 0.73003012, 0.85765326, 0.34882692, 0.50240397, 0.33297515)
(0.53938413, 0.03867904, 0.87963688, 0.17491144, 0.62219507, 0.22691441, 0.18387768, 0.46821916, 0.14790276, 0.17687602)
(0.01782347, 0.82502973, 0.74028820, 0.43640944, 0.31032008, 0.49639517, 0.31850544, 0.15100613, 0.70435882, 0.25500864)
(0.24810703, 0.34366950, 0.44060606, 0.45695698, 0.93538451, 0.48328367, 0.60365307, 0.09807891, 0.47878510, 0.84191561)
(0.63479805, 0.35778907, 0.84363508, 0.77837497, 0.52515298, 0.64305967, 0.37271872, 0.52789104, 0.36325732, 0.84175324)
(0.38990000, 0.71981901, 0.62645352, 0.49346861, 0.19536757, 0.49904102, 0.86932552, 0.75554723, 0.90615261, 0.61656564)
(0.35787979, 0.74850851, 0.78880280, 0.63532615, 0.49656138, 0.44754276, 0.02064266, 0.11892176, 0.76972276, 0.54923272)
(0.58044374, 0.47044039, 0.89557260, 0.56295907, 0.40018609, 0.06873442, 0.31541967, 0.30572507, 0.23179781, 0.30070210)
(0.34076527, 0.06436564, 0.85300970, 0.71375608, 0.41649890, 0.11529334, 0.19395590, 0.77311444, 0.18039449, 0.27426726)
(0.19201869, 0.16595230, 0.82233864, 0.56981432, 0.85163575, 0.17755762, 0.27239260, 0.90144682, 0.07897007, 0.45472935)
(0.66433161, 0.37680227, 0.81630015, 0.29562789, 0.30475700, 0.81086785, 0.20246182, 0.84987813, 0.49297318, 0.88636881)
(0.51213634, 0.53599697, 0.08603382, 0.30793598, 0.11403945, 0.35875839, 0.28529623, 0.73476022, 0.12249941, 0.62146294)
(0.58990163, 0.72780526, 0.81096530, 0.48324716, 0.79079086, 0.03850010, 0.14056545, 0.41344872, 0.72241312, 0.41855162)
(0.60963625, 0.55626619, 0.12438644, 0.59425265, 0.43842563, 0.72576410, 0.75422800, 0.97162014, 0.03673263, 0.67112225)
(0.35133836, 0.94646281, 0.36095467, 0.26425087, 0.84461689, 0.83506244, 0.26580828, 0.27083749, 0.85403693, 0.67015857)
(0.01810273, 0.96339470, 0.45667598, 0.36946994, 0.36194247, 0.06807325, 0.05034915, 0.23413080, 0.70579779, 0.28060314)
(0.05889626, 0.47262692, 0.10558063, 0.67079651, 0.70361066, 0.75547999, 0.61098152, 0.25006956, 0.49159566, 0.47098944)
(0.68299615, 0.30083272, 0.90606636, 0.63817668, 0.50264436, 0.27384147, 0.17955352, 0.36065105, 0.58612442, 0.40439886)
(0.06944794, 0.78380418, 0.70548129, 0.28378460, 0.38655764, 0.46767345, 0.16286142, 0.11556043, 0.81618953, 0.59686798)
(0.04233512, 0.52808505, 0.10042068, 0.62184316, 0.08582427, 0.49474627, 0.15937452, 0.63598597, 0.73213398, 0.41484571)
(0.79314923, 0.96276158, 0.10304999, 0.71616942, 0.57947177, 0.75516665, 0.95439053, 0.10066223, 0.70943820, 0.17644773)
(0.36339486, 0.63175070, 0.92166674, 0.53960800, 0.65203971, 0.20202513, 0.76303899, 0.20556884, 0.77158463, 0.80501550)
(0.34277833, 0.22536418, 0.38125715, 0.54031169, 0.39819375, 0.64267975, 0.16144037, 0.54671997, 0.24785322, 0.39767262)
(0.53705853, 0.45230681, 0.95060974, 0.15196073, 0.81888646, 0.06857356, 0.27249315, 0.21950136, 0.62484509, 0.44605100)
(0.62990952, 0.46061480, 0.82240230, 0.63992083, 0.41405457, 0.06192307, 0.30248201, 0.61314958, 0.39589784, 0.42397884)
(0.51912892, 0.24563479, 0.13182767, 0.78195810, 0.50371188, 0.70837539, 0.27191806, 0.28348649, 0.86902231, 0.32598361)
(0.75713253, 0.71757978, 0.94605410, 0.71420962, 0.57594335, 0.67325783, 0.62521452, 0.19636755, 0.62737501, 0.77824706)
(0.37352589, 0.91416913, 0.25550184, 0.33172226, 0.75620866, 0.82650959, 0.26229802, 0.26343277, 0.66929346, 0.27602857)
(0.10754166, 0.51938218, 0.58308548, 0.04391933, 0.55281883, 0.53832221, 0.49533352, 0.26501739, 0.65752822, 0.25570863)
(0.54634684, 0.79310197, 0.68600756, 0.39359623, 0.68128026, 0.51416248, 0.09343536, 0.35467532, 0.84522486, 0.27079523)
(0.69313139, 0.88649410, 0.15523833, 0.13416189, 0.48647907, 0.48606235, 0.94788182, 0.49015701, 0.77302092, 0.32242492)
(0.51809204, 0.84366733, 0.46990147, 0.59084219, 0.38407627, 0.45263609, 0.19969144, 0.20666666, 0.54188991, 0.41615418)
(0.42448327, 0.42777056, 0.52682596, 0.39351559, 0.35919875, 0.87274820, 0.02818068, 0.26659074, 0.12530428, 0.81610286)
(0.15845606, 0.47798020, 0.19582203, 0.84624076, 0.54090995, 0.79522413, 0.84666222, 0.33780643, 0.54599512, 0.42754629)
(0.87682265, 0.77661633, 0.82649118, 0.23187073, 0.13441357, 0.47453213, 0.94857079, 0.41960689, 0.59855402, 0.69897473)
(0.36850020, 0.19010945, 0.89952987, 0.90265989, 0.22134836, 0.38571945, 0.04244154, 0.54250652, 0.78258747, 0.47464123)
(0.13942619, 0.74706191, 0.47381157, 0.44732973, 0.31709525, 0.43920162, 0.64340276, 0.31084827, 0.73902208, 0.59004372)
(0.12370908, 0.57456040, 0.67212909, 0.12958091, 0.27460578, 0.57508612, 0.77079314, 0.33882278, 0.70785058, 0.71368515)
(0.32725400, 0.32156515, 0.08986382, 0.77734429, 0.27513859, 0.92266977, 0.42560393, 0.50153345, 0.15936407, 0.67097461)
(0.40272999, 0.50167495, 0.07917406, 0.47131476, 0.16419436, 0.87740469, 0.08586831, 0.29408240, 0.76723397, 0.81638414)
(0.22501817, 0.32189140, 0.18024734, 0.46725810, 0.67226565, 0.13928036, 0.72469097, 0.04722194, 0.22787058, 0.65263373)
(0.69385004, 0.32215297, 0.32352188, 0.54307652, 0.42044535, 0.86615890, 0.54118639, 0.61250585, 0.44351083, 0.95886892)
(0.51211327, 0.38233697, 0.58305538, 0.24854554, 0.35078287, 0.37662277, 0.32023209, 0.79038447, 0.28946936, 0.43758667)
(0.37728876, 0.11847647, 0.62280631, 0.50004113, 0.85686719, 0.42562070, 0.34801245, 0.92102557, 0.17413951, 0.45224756)
(0.45319554, 0.78218758, 0.09812491, 0.12914579, 0.20206034, 0.46311900, 0.79410607, 0.72880459, 0.80123538, 0.25946561)
(0.72053570, 0.14320625, 0.40335655, 0.66741455, 0.38422805, 0.69462270, 0.52796376, 0.41612858, 0.47652781, 0.45923874)
(0.47830933, 0.14231029, 0.46130419, 0.52347350, 0.63668060, 0.56620067, 0.65164042, 0.14439350, 0.68293840, 0.14075817)
(0.49946722, 0.13909815, 0.75101548, 0.49928969, 0.59426326, 0.32220140, 0.21087186, 0.82665908, 0.28495803, 0.35377452)
(0.06637157, 0.57898140, 0.86416513, 0.71597403, 0.09718999, 0.20349094, 0.47709459, 0.17328195, 0.28843781, 0.41135189)
(0.66675234, 0.24334635, 0.02963821, 0.33919498, 0.06091608, 0.40859598, 0.60363525, 0.89893192, 0.30737847, 0.66670269)
(0.87661409, 0.46984148, 0.60348439, 0.53729278, 0.80858487, 0.56978768, 0.37665498, 0.92816019, 0.13134557, 0.68262446)
(0.18848620, 0.35730141, 0.59882230, 0.22162259, 0.47868171, 0.68956584, 0.66257411, 0.22910459, 0.48607454, 0.56666106)
(0.26869857, 0.71743447, 0.69456112, 0.42014569, 0.32564166, 0.16059029, 0.75898039, 0.42440394, 0.38207850, 0.59657472)
(0.16028342, 0.94749200, 0.46651116, 0.09401554, 0.61666793, 0.41199309, 0.24384077, 0.66434711, 0.81963688, 0.13907903)
(0.09619901, 0.73400366, 0.88620663, 0.58372068, 0.36085942, 0.37153915, 0.40643182, 0.12399425, 0.53091705, 0.85920101)
(0.41534573, 0.28468049, 0.73355490, 0.77942854, 0.64350808, 0.33546430, 0.25871325, 0.20470664, 0.64170033, 0.91554052)
(0.57211649, 0.26486933, 0.27773005, 0.39915028, 0.14489898, 0.77100211, 0.09179898, 0.48339230, 0.68489790, 0.28026533)
(0.72530627, 0.16508573, 0.41206813, 0.41449681, 0.39634711, 0.65457433, 0.14051889, 0.71617609, 0.48501188, 0.68262172)
(0.49155453, 0.13591188, 0.90191031, 0.85730714, 0.31808463, 0.57599378, 0.16437891, 0.58665276, 0.62383389, 0.67655659)
(0.57736599, 0.53392816, 0.38559851, 0.09911807, 0.95345211, 0.21574253, 0.63850296, 0.15428507, 0.73258060, 0.69892323)
(0.85193223, 0.36585236, 0.25239417, 0.19130871, 0.43884048, 0.90094531, 0.17029355, 0.86973602, 0.06753055, 0.50069088)
(0.42898327, 0.47525778, 0.66899973, 0.24613501, 0.41838026, 0.74255216, 0.53300393, 0.42190206, 0.13862626, 0.34501788)
(0.10426740, 0.93631989, 0.62412828, 0.07255316, 0.41061145, 0.80352157, 0.52348983, 0.56607401, 0.65118426, 0.44580883)
(0.09592268, 0.97375631, 0.53471392, 0.46218777, 0.31568155, 0.07596377, 0.14854561, 0.22866152, 0.73253036, 0.46692458)
(0.60145700, 0.17875785, 0.52871501, 0.13037224, 0.18794216, 0.41335392, 0.45053977, 0.63413638, 0.43711704, 0.97265923)
(0.66439438, 0.25022694, 0.91956574, 0.33136290, 0.51939493, 0.92617309, 0.64709616, 0.87361497, 0.09011180, 0.14268056)
(0.18157282, 0.21228987, 0.38950440, 0.36439669, 0.76576489, 0.89025760, 0.28513861, 0.18827029, 0.80664581, 0.77236909)
(0.80674905, 0.49595225, 0.52316213, 0.25758752, 0.83410382, 0.21301967, 0.59283769, 0.72596645, 0.04430040, 0.60878617)
(0.38797730, 0.68128234, 0.69790167, 0.61613911, 0.16401096, 0.68953508, 0.58748090, 0.08110313, 0.37730932, 0.87521696)
(0.45343471, 0.81814522, 0.29879069, 0.22691789, 0.62629080, 0.08888257, 0.95998704, 0.73800969, 0.69360256, 0.39329374)
(0.02494750, 0.62648720, 0.68542117, 0.53907675, 0.35394049, 0.18298054, 0.56619650, 0.26323014, 0.86281782, 0.34505296)
(0.39542419, 0.60602623, 0.13623644, 0.74808413, 0.30732411, 0.81840682, 0.89318770, 0.33576563, 0.60012525, 0.68585098)
(0.60631782, 0.15767616, 0.36666158, 0.36678860, 0.88459080, 0.27440324, 0.09027898, 0.27159300, 0.31655434, 0.55035442)
(0.77765709, 0.10062421, 0.93264019, 0.64416313, 0.37851104, 0.23154414, 0.48270994, 0.43361634, 0.15285718, 0.52387589)
(0.39547095, 0.16093358, 0.40673727, 0.91449583, 0.51539016, 0.60431343, 0.70783973, 0.56939119, 0.35828787, 0.36643875)
(0.60779178, 0.50093204, 0.52999592, 0.23769787, 0.81235403, 0.34212732, 0.54695493, 0.55536920, 0.03161501, 0.37211931)
(0.58440107, 0.53352320, 0.76390648, 0.64822513, 0.81688327, 0.19379194, 0.36112976, 0.12726815, 0.71883678, 0.69600898)
(0.27510637, 0.15988971, 0.90157986, 0.10944672, 0.87920099, 0.14042309, 0.93179816, 0.26518521, 0.50045967, 0.30372325)
(0.48986885, 0.37080175, 0.80715197, 0.28998223, 0.37215665, 0.58739024, 0.84050953, 0.37183172, 0.43551022, 0.35923910)
(0.39469495, 0.86720556, 0.33514717, 0.35480306, 0.87380844, 0.82575840, 0.64398015, 0.21776329, 0.84553927, 0.62698406)
(0.72242075, 0.21683297, 0.70190448, 0.23670264, 0.41620746, 0.23899440, 0.28848106, 0.96197063, 0.34297946, 0.64629161)
(0.45544341, 0.08108009, 0.56118876, 0.27726081, 0.57976496, 0.36956018, 0.12734553, 0.64101988, 0.79353911, 0.87671655)
(0.26337686, 0.82262355, 0.32816684, 0.24100594, 0.74847925, 0.36718276, 0.45812613, 0.61247551, 0.74255753, 0.47584134)
(0.22687751, 0.49108788, 0.07250149, 0.74941951, 0.68729419, 0.70550060, 0.65888578, 0.44125876, 0.64058590, 0.90647012)
(0.28332904, 0.57762718, 0.67800927, 0.21288486, 0.61609048, 0.76544178, 0.38005763, 0.14735039, 0.43112865, 0.62924856)
(0.76094794, 0.29600513, 0.19142237, 0.39037278, 0.57972199, 0.81912977, 0.28727227, 0.71053720, 0.43433872, 0.78196490)
(0.45221275, 0.84437305, 0.44278663, 0.45599052, 0.29057512, 0.44794917, 0.25306302, 0.13487133, 0.57466251, 0.29708001)
(0.48013425, 0.44812569, 0.14860500, 0.93511844, 0.14108118, 0.83770025, 0.66922212, 0.65015298, 0.48677289, 0.36600912)
(0.50719410, 0.42489830, 0.55402070, 0.07657486, 0.18873844, 0.34163418, 0.19409491, 0.05606360, 0.55086958, 0.53324729)
(0.30620205, 0.16207679, 0.93401110, 0.49082765, 0.30941820, 0.76120788, 0.03671615, 0.76539898, 0.48895821, 0.67526597)
(0.53842747, 0.62920129, 0.60215735, 0.70092106, 0.07606558, 0.34878817, 0.64431703, 0.59860843, 0.18878917, 0.28362677)
(0.41791037, 0.31605905, 0.26854762, 0.67935580, 0.86910063, 0.62350994, 0.11317717, 0.37247217, 0.89105386, 0.65102458)
(0.46949267, 0.24730508, 0.10401630, 0.73590112, 0.33925846, 0.78947377, 0.77251887, 0.36524567, 0.63585198, 0.68498385)
(0.76694238, 0.13846733, 0.28608912, 0.81315178, 0.47155330, 0.57337326, 0.61443698, 0.92646265, 0.26870385, 0.13073500)
(0.47264755, 0.54866552, 0.54504365, 0.47979796, 0.96897799, 0.42992434, 0.21670391, 0.25934267, 0.82458735, 0.17003970)
(0.85886109, 0.36635351, 0.87195015, 0.72442108, 0.42033547, 0.65739661, 0.15355875, 0.87673265, 0.11779942, 0.69082493)
(0.56227601, 0.17036220, 0.15451877, 0.93537223, 0.59768540, 0.29263008, 0.73138762, 0.32936797, 0.42396641, 0.19783171)
(0.24799150, 0.35171685, 0.58260387, 0.45676133, 0.13448018, 0.60969776, 0.54662824, 0.40402073, 0.08430297, 0.42535263)
(0.41637984, 0.25908777, 0.97863686, 0.52343547, 0.30496296, 0.90430528, 0.29746142, 0.32461289, 0.22556791, 0.48931631)
(0.12247765, 0.58335334, 0.86682862, 0.33436665, 0.44223654, 0.54927754, 0.54533982, 0.25815412, 0.79129094, 0.23341489)
(0.55398756, 0.58640879, 0.59276909, 0.40341452, 0.79322910, 0.45006430, 0.40840605, 0.15386476, 0.59861428, 0.66368687)
(0.76445001, 0.50188375, 0.26357806, 0.73208421, 0.76765019, 0.63960135, 0.59123033, 0.45887262, 0.51616526, 0.89601690)
(0.62491345, 0.18520044, 0.88855231, 0.59871638, 0.26700401, 0.74795997, 0.29005799, 0.38365737, 0.21409407, 0.20991394)
(0.31691062, 0.86308223, 0.54860812, 0.23389624, 0.88552094, 0.83862865, 0.31767344, 0.43288645, 0.92047107, 0.68138975)
(0.45504895, 0.60480863, 0.93545461, 0.39875466, 0.06189323, 0.34840688, 0.48634151, 0.10798772, 0.39433467, 0.28477010)
(0.10721073, 0.62808168, 0.81155044, 0.88061666, 0.73693120, 0.33418581, 0.07325146, 0.06784289, 0.67403626, 0.79990274)
(0.43808576, 0.15193516, 0.10950944, 0.34672782, 0.57075334, 0.87299782, 0.16583128, 0.42455092, 0.78241503, 0.60053766)
(0.66185510, 0.27572322, 0.20486999, 0.51880181, 0.72446728, 0.73868304, 0.59553087, 0.64357758, 0.16427477, 0.91011989)
(0.31384924, 0.20960371, 0.33261022, 0.24129725, 0.67849618, 0.62685347, 0.74522227, 0.06017935, 0.84941012, 0.64270097)
(0.70183152, 0.42000422, 0.79327947, 0.09860450, 0.94549078, 0.12836476, 0.36727396, 0.60766751, 0.46513131, 0.48692560)
(0.75816202, 0.67265320, 0.59031296, 0.30606148, 0.34353545, 0.87535214, 0.61499459, 0.30974978, 0.21274209, 0.62157941)
(0.21110238, 0.27094111, 0.10440734, 0.49255201, 0.04956706, 0.75810736, 0.19764736, 0.56140417, 0.32947800, 0.38279971)
(0.25598744, 0.45194465, 0.64531773, 0.48008612, 0.79126787, 0.27169213, 0.30270010, 0.06430456, 0.50572670, 0.71460825)
(0.61177707, 0.44932634, 0.76394033, 0.58698064, 0.50976723, 0.51102364, 0.19904241, 0.14316610, 0.50267500, 0.85902274)
(0.10633783, 0.11697144, 0.08267866, 0.82815367, 0.72398239, 0.56253487, 0.76446486, 0.42995811, 0.67744380, 0.64547008)
(0.04904653, 0.14557596, 0.17735323, 0.31905502, 0.16162875, 0.80811286, 0.25781074, 0.48087090, 0.81584299, 0.83895862)
(0.62739497, 0.74743640, 0.93956268, 0.78601241, 0.31316251, 0.87464362, 0.08032751, 0.25931445, 0.40003160, 0.81980115)
(0.83246118, 0.23230362, 0.25754225, 0.63026661, 0.67607749, 0.35891411, 0.62570417, 0.43913841, 0.33159944, 0.95681000)
(0.38133267, 0.38179174, 0.13330778, 0.42805362, 0.58556414, 0.92146039, 0.55961996, 0.64683068, 0.11425025, 0.25308457)
(0.60581535, 0.35052818, 0.86095923, 0.75124812, 0.46686620, 0.08421110, 0.52343291, 0.12417234, 0.28754634, 0.77290422)
(0.52367753, 0.43579230, 0.66397989, 0.32701778, 0.41373524, 0.24514243, 0.12247013, 0.87749076, 0.27485245, 0.63768691)
(0.83380198, 0.12512489, 0.51444483, 0.47797155, 0.45973530, 0.49052113, 0.67417866, 0.62677026, 0.34284484, 0.90163130)
(0.44939449, 0.73921609, 0.82178044, 0.72465175, 0.53558034, 0.53534836, 0.18091591, 0.11941623, 0.54195541, 0.85275221)
(0.45274231, 0.36670917, 0.48475316, 0.14751160, 0.26718232, 0.78029895, 0.62737149, 0.10060443, 0.39329404, 0.66455966)
(0.86277425, 0.35706761, 0.47213987, 0.41558957, 0.38720256, 0.42040268, 0.15074077, 0.87580991, 0.30480605, 0.83584625)
(0.76864481, 0.65995967, 0.49514285, 0.36394307, 0.75878280, 0.41519454, 0.63588357, 0.38606173, 0.01997254, 0.49713916)
(0.21245846, 0.91826862, 0.42758721, 0.18266001, 0.63471532, 0.19343202, 0.03065355, 0.46026814, 0.46259618, 0.19196433)
(0.13160457, 0.28028592, 0.22574276, 0.84729040, 0.55246264, 0.18482032, 0.67528784, 0.51393676, 0.94257456, 0.39772776)
(0.44921920, 0.63274568, 0.80528224, 0.73045099, 0.32045779, 0.72153145, 0.85102683, 0.35160810, 0.31098124, 0.79929447)
(0.79327905, 0.77955651, 0.38021326, 0.13098349, 0.06041766, 0.67388320, 0.68757802, 0.28161451, 0.41196239, 0.33087745)
(0.31018877, 0.72105044, 0.26945132, 0.81982511, 0.57414401, 0.35424933, 0.94688696, 0.12948206, 0.52661675, 0.20306206)
(0.10951363, 0.69008583, 0.71893227, 0.78807580, 0.41690430, 0.60394067, 0.05465652, 0.09111544, 0.62661225, 0.74890906)
(0.38182005, 0.49135458, 0.53792858, 0.41340593, 0.73579854, 0.94122821, 0.31664017, 0.39758778, 0.09727515, 0.72475946)
(0.78813827, 0.15764304, 0.10665371, 0.92799759, 0.36870879, 0.49640077, 0.77206063, 0.64702153, 0.35890588, 0.22818822)
(0.80720752, 0.36234540, 0.33050394, 0.41539752, 0.46597999, 0.92677015, 0.81583673, 0.10281773, 0.38439018, 0.28419924)
(0.76670587, 0.33784553, 0.50300592, 0.57011080, 0.51543653, 0.74255723, 0.48609340, 0.67307907, 0.14807025, 0.25943029)
(0.49453247, 0.91598207, 0.45887744, 0.55512512, 0.26499677, 0.30133501, 0.78235489, 0.49868840, 0.90293622, 0.71519136)
(0.46713227, 0.25885925, 0.97076178, 0.13237341, 0.49890003, 0.12376288, 0.42658722, 0.11915547, 0.53290319, 0.46791109)
(0.47805843, 0.14057493, 0.79926395, 0.69302154, 0.43324226, 0.38921726, 0.18333867, 0.77908629, 0.30567965, 0.10681159)
(0.40273240, 0.40940094, 0.34153622, 0.39624244, 0.15472244, 0.80060911, 0.52807534, 0.22819868, 0.19314013, 0.32450318)
(0.75388348, 0.74449790, 0.47886798, 0.42406508, 0.68343353, 0.92098916, 0.56402189, 0.23591720, 0.36782494, 0.83548516)
(0.84146786, 0.41943771, 0.26844689, 0.27590719, 0.29784647, 0.92964417, 0.55717403, 0.41772655, 0.07533018, 0.85953414)
(0.13698740, 0.80937105, 0.68656772, 0.23527294, 0.37541440, 0.50084460, 0.45769474, 0.23396933, 0.47477147, 0.62162626)
(0.19127114, 0.85542667, 0.30571193, 0.17617169, 0.50341994, 0.44136018, 0.35987252, 0.85658926, 0.80886143, 0.28113303)
(0.75215483, 0.01990545, 0.38732311, 0.88556683, 0.42105156, 0.18246292, 0.74066061, 0.52224356, 0.26312536, 0.20282887)
(0.34900579, 0.31258720, 0.45938072, 0.44544312, 0.80291963, 0.66470158, 0.28462079, 0.21286345, 0.81063890, 0.39422265)
(0.56217891, 0.15104789, 0.14865343, 0.70480621, 0.62463588, 0.15720695, 0.32154626, 0.54541880, 0.25142494, 0.80965662)
(0.46541560, 0.86731255, 0.04875747, 0.95537227, 0.61810219, 0.84679013, 0.70676225, 0.52753234, 0.94602543, 0.56705076)
(0.55008364, 0.11952529, 0.14477369, 0.89827651, 0.67495358, 0.12398074, 0.85744995, 0.09520805, 0.41611075, 0.11641318)
(0.66388083, 0.35790402, 0.81521273, 0.67779547, 0.48133498, 0.19122198, 0.43477699, 0.45106795, 0.04827580, 0.55404073)
(0.09453847, 0.06962727, 0.27739945, 0.60106397, 0.58263075, 0.59772414, 0.72620982, 0.58899349, 0.87251854, 0.87490261)
(0.53131098, 0.88209140, 0.08673354, 0.22260161, 0.74187487, 0.18980742, 0.92776203, 0.51096427, 0.92851287, 0.15514410)
(0.68754357, 0.90127188, 0.45074219, 0.19743630, 0.38696325, 0.30156964, 0.95563835, 0.52514130, 0.36749268, 0.32637396)
(0.20699918, 0.43545467, 0.56586701, 0.17285822, 0.58148575, 0.70143682, 0.85206473, 0.22043264, 0.65518153, 0.64920390)
(0.80371362, 0.26369551, 0.85301745, 0.47612262, 0.55724502, 0.53074938, 0.49690127, 0.21717602, 0.33676162, 0.90990204)
(0.87374014, 0.72699183, 0.61113828, 0.16407734, 0.05232032, 0.46572205, 0.61583370, 0.58056414, 0.09081347, 0.30820149)
(0.57558483, 0.52074248, 0.90013176, 0.23367581, 0.84674346, 0.50392693, 0.66853708, 0.25614044, 0.70379156, 0.66168070)
(0.61564928, 0.55124092, 0.92243528, 0.76716208, 0.79106289, 0.30219761, 0.65418214, 0.35931915, 0.90448529, 0.53188443)
(0.32302901, 0.55593884, 0.82902002, 0.52549797, 0.51831466, 0.70487857, 0.39494663, 0.12424693, 0.61949044, 0.78478974)
(0.32528511, 0.30087543, 0.84900284, 0.34187937, 0.46643636, 0.08405260, 0.34015140, 0.03162997, 0.39083582, 0.76228464)
(0.28469652, 0.81841552, 0.50286263, 0.37821564, 0.04057924, 0.20493986, 0.61432791, 0.28807509, 0.38495773, 0.78913754)
(0.82832927, 0.09517857, 0.88093382, 0.23876220, 0.79776019, 0.48894385, 0.68520069, 0.77253562, 0.23621413, 0.80544299)
(0.14698589, 0.08690342, 0.78643590, 0.21345940, 0.37986591, 0.68847138, 0.82167041, 0.30176622, 0.33189601, 0.76931804)
(0.87142110, 0.25593194, 0.93053496, 0.20163655, 0.43432423, 0.92862505, 0.77411008, 0.64454913, 0.21468256, 0.70040768)
(0.41965759, 0.64400601, 0.59877235, 0.81082183, 0.68721980, 0.30425739, 0.22673766, 0.57375944, 0.33169892, 0.16464581)
(0.50051028, 0.27445158, 0.48099628, 0.31452072, 0.48488796, 0.88906759, 0.21579152, 0.69791067, 0.48267946, 0.85763997)
(0.60831034, 0.21601675, 0.80590808, 0.41839534, 0.76097441, 0.22123739, 0.07599595, 0.11875010, 0.35299599, 0.48202932)
(0.37284386, 0.17695348, 0.94041270, 0.51934630, 0.40886879, 0.91245306, 0.35621718, 0.31872120, 0.36058545, 0.23304939)
(0.30373132, 0.58538115, 0.67239547, 0.89171362, 0.90540785, 0.61206812, 0.26186669, 0.49809802, 0.94973105, 0.27703342)
(0.28951249, 0.45384574, 0.22512694, 0.51032907, 0.81381094, 0.56012201, 0.14056681, 0.12276947, 0.88274252, 0.44365990)
(0.64393091, 0.52757853, 0.90895438, 0.38320473, 0.65701699, 0.48499560, 0.87591809, 0.33289653, 0.32593429, 0.84168178)
(0.51044554, 0.12054402, 0.72702169, 0.39144626, 0.27100128, 0.10167135, 0.05766749, 0.61317778, 0.46276245, 0.35671592)
(0.12851104, 0.79141098, 0.77197409, 0.62243783, 0.81347942, 0.10606581, 0.09286562, 0.20303892, 0.82555717, 0.47763631)
(0.45598102, 0.35869214, 0.31509516, 0.28968772, 0.48606631, 0.95500499, 0.24454390, 0.53059047, 0.27472004, 0.45318455)
(0.31856069, 0.52697456, 0.83171099, 0.46548223, 0.22836056, 0.80750358, 0.93457919, 0.29691109, 0.33524016, 0.77622443)
(0.24935164, 0.09599318, 0.19914486, 0.58010054, 0.63652223, 0.62379909, 0.64657015, 0.28597352, 0.18871284, 0.14508891)
(0.25897783, 0.82722127, 0.27246875, 0.05344427, 0.75712925, 0.04288509, 0.12136223, 0.36568978, 0.80663919, 0.13928385)
(0.51505721, 0.04444566, 0.12394250, 0.11915655, 0.28393859, 0.72802758, 0.60900468, 0.73707008, 0.54325116, 0.41783187)
(0.40502739, 0.77112871, 0.90707278, 0.27769887, 0.93726885, 0.21440136, 0.32016906, 0.33650652, 0.83174050, 0.37510258)
(0.32000697, 0.75531721, 0.81862307, 0.35958308, 0.51097918, 0.51023078, 0.33612430, 0.07777765, 0.40117988, 0.81952935)
(0.06144843, 0.25877050, 0.31311566, 0.52192879, 0.72220117, 0.62011671, 0.69209778, 0.28618991, 0.14000532, 0.46815243)
(0.58799493, 0.64822394, 0.53507382, 0.37986001, 0.57247126, 0.71104753, 0.17153355, 0.12907393, 0.71733731, 0.60779381)
(0.80468071, 0.14360859, 0.87360168, 0.10340805, 0.09611816, 0.71031457, 0.39747280, 0.88928813, 0.44671845, 0.67464513)
(0.02172390, 0.86162341, 0.76790625, 0.43740338, 0.10119080, 0.06070483, 0.17987040, 0.25390014, 0.82783896, 0.39850715)
(0.09276113, 0.45071968, 0.02318917, 0.33250210, 0.04383828, 0.67262942, 0.39328018, 0.49248087, 0.50524551, 0.65769154)
(0.48084056, 0.95837605, 0.78482568, 0.16111381, 0.58560574, 0.47130898, 0.21265173, 0.66153115, 0.89483333, 0.74107730)
(0.15669341, 0.75758427, 0.76362622, 0.37336242, 0.03859133, 0.58516067, 0.41142049, 0.13325083, 0.08560846, 0.68100452)
(0.06951830, 0.82986873, 0.47005990, 0.17585865, 0.53151566, 0.78585899, 0.34749630, 0.19010188, 0.83076173, 0.35819808)
(0.66950119, 0.43235901, 0.37069210, 0.39538434, 0.62149709, 0.94163734, 0.16713032, 0.63600177, 0.14068550, 0.51023251)
(0.40433058, 0.55617017, 0.09668335, 0.91707182, 0.49038705, 0.78045326, 0.87569660, 0.18567936, 0.33835074, 0.51313895)
(0.42458022, 0.40596944, 0.70833814, 0.10952011, 0.72617716, 0.63992608, 0.38281855, 0.07629458, 0.72654694, 0.85481918)
(0.66784346, 0.04034208, 0.79165584, 0.52299941, 0.49767348, 0.25736073, 0.24395882, 0.84002542, 0.24891654, 0.56706184)
(0.88553381, 0.86241466, 0.57916075, 0.43004292, 0.03843666, 0.49300522, 0.80499995, 0.46861416, 0.31914121, 0.57968390)
(0.83240360, 0.46376139, 0.44086757, 0.27626425, 0.24591300, 0.70838231, 0.72632957, 0.12789886, 0.26819336, 0.85766292)
(0.40868250, 0.19275092, 0.67256665, 0.25952995, 0.88257974, 0.27346897, 0.26150313, 0.08252770, 0.55881965, 0.68992573)
(0.50442207, 0.08295251, 0.70794702, 0.19610050, 0.44754663, 0.23969413, 0.73892558, 0.65113866, 0.22328658, 0.19652502)
(0.85655290, 0.81984562, 0.68216336, 0.09701731, 0.60541523, 0.81525970, 0.41422921, 0.20786969, 0.30776694, 0.42169443)
(0.28210518, 0.17661475, 0.76651484, 0.77517694, 0.29694721, 0.82840616, 0.43108106, 0.38577622, 0.30731955, 0.38799927)
(0.85519862, 0.56027710, 0.92181432, 0.18089871, 0.38299844, 0.37889335, 0.73882830, 0.46073705, 0.36021021, 0.32532355)
(0.08084333, 0.46758991, 0.26537117, 0.77830648, 0.18874294, 0.87963867, 0.49360454, 0.59819460, 0.49670085, 0.52501434)
(0.17569411, 0.84235209, 0.60682231, 0.12162158, 0.61989355, 0.83057153, 0.06626099, 0.14371160, 0.51473016, 0.34208739)
(0.43824536, 0.70086640, 0.65475893, 0.44689229, 0.90789300, 0.09876408, 0.16777410, 0.28612384, 0.64873391, 0.05288876)
(0.89330888, 0.56466013, 0.55920571, 0.31478798, 0.52333868, 0.24259800, 0.71817094, 0.57270688, 0.36600435, 0.09456290)
(0.35150942, 0.80950111, 0.81727666, 0.61144400, 0.45637241, 0.29898512, 0.31764233, 0.22074339, 0.45669448, 0.32246536)
(0.32490993, 0.41852638, 0.22722562, 0.20952947, 0.57242906, 0.76505572, 0.65018719, 0.10947264, 0.20521739, 0.54954445)
(0.24590769, 0.72077960, 0.41116521, 0.16871558, 0.85158145, 0.62771356, 0.36268720, 0.17872924, 0.80186582, 0.61652100)
(0.36525464, 0.67172241, 0.62298065, 0.60693705, 0.12860510, 0.38230917, 0.80568492, 0.41601872, 0.38557044, 0.61966372)
(0.23040856, 0.63742560, 0.08558811, 0.46111521, 0.65294433, 0.55596900, 0.88844424, 0.03374708, 0.45930240, 0.55433095)
(0.38049459, 0.16618982, 0.84251451, 0.29559267, 0.97136277, 0.39201689, 0.37916848, 0.23226862, 0.81646866, 0.56262851)
(0.42992270, 0.31491095, 0.05863481, 0.67303443, 0.64277673, 0.54117817, 0.84784544, 0.21882716, 0.30824512, 0.83943033)
(0.53715193, 0.72377747, 0.89346701, 0.46960884, 0.39323115, 0.63271922, 0.17098582, 0.17654026, 0.64982855, 0.54080319)
(0.40593398, 0.12533262, 0.42608491, 0.47256270, 0.92188936, 0.31489387, 0.30954036, 0.90540409, 0.12666886, 0.68052179)
(0.47407880, 0.11923846, 0.37242934, 0.37226912, 0.52553397, 0.77000010, 0.41465962, 0.66236919, 0.62327766, 0.92940056)
(0.40314627, 0.17541270, 0.96904302, 0.75847578, 0.19414698, 0.31336421, 0.05976081, 0.13888323, 0.47158635, 0.84773153)
(0.44828221, 0.95690042, 0.76129889, 0.64287597, 0.02939738, 0.35183293, 0.77073431, 0.50721413, 0.51480746, 0.85146946)
(0.69419664, 0.82127297, 0.47483328, 0.18745802, 0.51262695, 0.50107038, 0.60362190, 0.13378908, 0.86573201, 0.11757275)
(0.06360377, 0.13884711, 0.67683125, 0.56968701, 0.46823940, 0.49071684, 0.58283246, 0.19252945, 0.37316915, 0.48256916)
(0.69151753, 0.15187019, 0.64969194, 0.08089945, 0.56148016, 0.19194546, 0.72746080, 0.97511518, 0.29374924, 0.37737843)
(0.33212703, 0.83354461, 0.25865337, 0.16301644, 0.95933777, 0.37036332, 0.17662220, 0.25304407, 0.84522694, 0.17526785)
(0.04042554, 0.75146532, 0.79540217, 0.61895448, 0.31338477, 0.33161002, 0.05831073, 0.09658097, 0.54898959, 0.73551506)
(0.18807015, 0.29634318, 0.12173411, 0.81854343, 0.40681648, 0.75448716, 0.78248918, 0.67588586, 0.50275838, 0.62562537)
(0.69700390, 0.08418524, 0.30353278, 0.31128973, 0.41156572, 0.32463574, 0.17153430, 0.61914617, 0.39657763, 0.92466724)
(0.11488438, 0.70164573, 0.88647169, 0.31204098, 0.55873847, 0.62246138, 0.48203388, 0.56592774, 0.86447197, 0.63452649)
(0.29918104, 0.38206658, 0.61388129, 0.51756775, 0.63230914, 0.66714621, 0.49824268, 0.08470144, 0.72738117, 0.17408793)
(0.63608426, 0.47203013, 0.45762476, 0.60116208, 0.61315536, 0.72048998, 0.08486079, 0.14713532, 0.90448803, 0.07857964)
(0.64176404, 0.09565314, 0.50733805, 0.54553145, 0.83140981, 0.28624922, 0.19463716, 0.62830979, 0.34961545, 0.83759254)
(0.09780855, 0.88403219, 0.80776775, 0.43417934, 0.63426065, 0.26120546, 0.07863632, 0.53430140, 0.53746808, 0.43693542)
(0.32171538, 0.11163724, 0.66021448, 0.33308810, 0.87841654, 0.23520608, 0.13508232, 0.52696484, 0.03268408, 0.34467444)
(0.26998255, 0.65935147, 0.80096394, 0.42376664, 0.34306082, 0.61417001, 0.28868589, 0.14540644, 0.11572551, 0.67025232)
(0.03200893, 0.42196384, 0.26690280, 0.34741473, 0.83490676, 0.09177121, 0.90867949, 0.19493599, 0.67457324, 0.02942770)
(0.05267149, 0.43789050, 0.05601749, 0.58483064, 0.29570296, 0.81691933, 0.17923267, 0.62335610, 0.78710884, 0.80899572)
(0.20462799, 0.13686611, 0.58625388, 0.29391986, 0.60105485, 0.64614052, 0.55440843, 0.09215135, 0.80380142, 0.17923191)
(0.87209523, 0.81355214, 0.54364002, 0.22489701, 0.47181895, 0.80391693, 0.85804445, 0.36135891, 0.09827650, 0.62353486)
(0.04464895, 0.13537474, 0.37005585, 0.33137935, 0.72990280, 0.89506334, 0.28700495, 0.44465652, 0.40898970, 0.60516530)
(0.49996209, 0.34439185, 0.69019580, 0.49937168, 0.58428103, 0.57925934, 0.63256592, 0.31284568, 0.26374564, 0.80909842)
(0.04271558, 0.89067292, 0.59400022, 0.40347013, 0.69317657, 0.24054855, 0.35169563, 0.39696503, 0.63434535, 0.59621179)
(0.40501955, 0.67597711, 0.90660417, 0.74418718, 0.94136691, 0.44800055, 0.30646804, 0.29261151, 0.94834977, 0.74819630)
(0.51066732, 0.45598006, 0.09483024, 0.07428742, 0.60136521, 0.07136876, 0.91543770, 0.67470670, 0.72639632, 0.53708065)
(0.51018524, 0.32540005, 0.55704200, 0.44041809, 0.77037024, 0.29737353, 0.26900548, 0.57109666, 0.45477793, 0.33985192)
(0.35565832, 0.29347849, 0.23830460, 0.32273725, 0.49038258, 0.81926137, 0.07302811, 0.76986462, 0.24971250, 0.80738270)
(0.52047044, 0.34635830, 0.35939819, 0.77572268, 0.72529083, 0.82573068, 0.34747332, 0.20012733, 0.92630810, 0.33370909)
(0.47506723, 0.59644568, 0.32952797, 0.42966846, 0.70762724, 0.16927822, 0.81152642, 0.14046195, 0.13295783, 0.33696282)
(0.66445297, 0.59951621, 0.71370971, 0.37459490, 0.66327411, 0.12362397, 0.13040689, 0.63894814, 0.74874353, 0.52419734)
(0.34483647, 0.11211889, 0.35310987, 0.89732581, 0.46065283, 0.84321141, 0.76899427, 0.30763820, 0.61124593, 0.24130632)
(0.79377609, 0.44594181, 0.68497020, 0.58073533, 0.31514704, 0.75712073, 0.59578758, 0.84795237, 0.09164474, 0.57785773)
(0.41958362, 0.75800586, 0.03652581, 0.52623010, 0.38319245, 0.69185144, 0.07328788, 0.56758082, 0.85287106, 0.68426901)
(0.60987884, 0.78455752, 0.57465822, 0.61366791, 0.76692057, 0.05268307, 0.08456694, 0.22878872, 0.89970523, 0.70748407)
(0.13432264, 0.07499700, 0.74237347, 0.55467069, 0.37445536, 0.85868025, 0.49896294, 0.45725119, 0.22251450, 0.66275913)
(0.93971556, 0.31852379, 0.20831530, 0.46846193, 0.50213844, 0.68701482, 0.18869931, 0.72241098, 0.30120909, 0.59070879)
(0.08724643, 0.40259698, 0.71229434, 0.24789201, 0.37763190, 0.65222025, 0.53996152, 0.12352692, 0.61888421, 0.46597943)
(0.26668182, 0.19792041, 0.75882369, 0.48313183, 0.06495415, 0.17704229, 0.88318819, 0.27437893, 0.61381119, 0.36071911)
(0.25852412, 0.22144243, 0.55401862, 0.18797410, 0.60095191, 0.67486894, 0.29913524, 0.03960990, 0.83038199, 0.47177640)
(0.63703418, 0.94753504, 0.71154344, 0.17386538, 0.76208049, 0.66898489, 0.22408479, 0.88837272, 0.87056476, 0.72091293)
(0.05917387, 0.48272511, 0.39279982, 0.36334750, 0.56302631, 0.58642232, 0.87986112, 0.08348486, 0.37064669, 0.27057740)
(0.59061378, 0.21602148, 0.83382875, 0.52049744, 0.42974681, 0.63706094, 0.23570026, 0.56791872, 0.30943713, 0.64274484)
(0.98575169, 0.54206449, 0.28100070, 0.50811607, 0.31512165, 0.71669245, 0.75743324, 0.24252327, 0.23362479, 0.41557658)
(0.79562843, 0.49382982, 0.18983485, 0.75740206, 0.62852103, 0.58201152, 0.47123358, 0.60841602, 0.03421290, 0.30477038)
(0.19073799, 0.84871435, 0.58159947, 0.50936180, 0.11770797, 0.36349279, 0.66692537, 0.21580371, 0.58236957, 0.72689921)
(0.74830806, 0.52513081, 0.51811177, 0.35722116, 0.48427531, 0.50494134, 0.56379592, 0.27480793, 0.73238516, 0.44000345)
(0.59750748, 0.38552764, 0.27665347, 0.48907691, 0.64217222, 0.61101562, 0.75086719, 0.66909194, 0.03322881, 0.77162170)
(0.60203642, 0.82556140, 0.76355946, 0.06503533, 0.30673540, 0.84454459, 0.79198629, 0.42864922, 0.51793414, 0.58343375)
(0.45335868, 0.04202183, 0.01780036, 0.29392833, 0.34624672, 0.60495371, 0.67367780, 0.63289291, 0.26740518, 0.62279987)
(0.29419523, 0.65605646, 0.66010129, 0.41401818, 0.50754374, 0.82866466, 0.87552106, 0.37982821, 0.15650557, 0.50127494)
(0.13434686, 0.63464415, 0.65752006, 0.28696167, 0.91174990, 0.26749015, 0.68844873, 0.37375984, 0.92140079, 0.10913537)
(0.29881406, 0.25876915, 0.09366398, 0.50228125, 0.44098893, 0.76749575, 0.47289234, 0.84921527, 0.17671369, 0.11570689)
(0.47492382, 0.36474261, 0.12297254, 0.70600873, 0.24598122, 0.36150375, 0.16554742, 0.21283183, 0.68781602, 0.89382809)
(0.70856339, 0.07481232, 0.73768663, 0.36865342, 0.45345473, 0.59408194, 0.32550725, 0.76325089, 0.58440608, 0.61428040)
(0.57771927, 0.89221233, 0.45587373, 0.54852134, 0.61549020, 0.22003239, 0.05320208, 0.22876811, 0.80126595, 0.10661227)
(0.03452092, 0.28818789, 0.59968591, 0.19230594, 0.28276911, 0.19861245, 0.61035633, 0.16514103, 0.71881193, 0.34645385)
(0.15349613, 0.15346830, 0.65837210, 0.62211937, 0.69804430, 0.72982371, 0.24598338, 0.11196125, 0.64141399, 0.61131024)
(0.36181995, 0.36756065, 0.21043020, 0.92214537, 0.46827781, 0.65598691, 0.87070787, 0.40925750, 0.48911962, 0.34064001)
(0.14113307, 0.45405972, 0.86007190, 0.32402810, 0.03378337, 0.44269037, 0.44019556, 0.15059935, 0.80344248, 0.41343370)
(0.85359132, 0.87439561, 0.42630145, 0.07726054, 0.31414089, 0.73827720, 0.74288774, 0.48420984, 0.53693539, 0.45666513)
(0.32893035, 0.90032160, 0.72997761, 0.39671788, 0.84505379, 0.37422687, 0.06141864, 0.29563260, 0.80730873, 0.07366288)
(0.80270129, 0.16616304, 0.73797297, 0.35626501, 0.74725991, 0.61956400, 0.60533178, 0.89010853, 0.24156947, 0.35735232)
(0.53897899, 0.05480921, 0.91414654, 0.12328168, 0.54387414, 0.25843158, 0.55598348, 0.18454301, 0.28721672, 0.68247026)
(0.72286910, 0.70379668, 0.53355229, 0.48682430, 0.46343464, 0.50633085, 0.16541344, 0.24383971, 0.58783394, 0.45009106)
(0.27381173, 0.53467703, 0.17041805, 0.79835546, 0.02593303, 0.72682238, 0.50740480, 0.52667350, 0.83171040, 0.35271889)
(0.22467262, 0.76186419, 0.54767048, 0.41576111, 0.36372092, 0.60647666, 0.54625589, 0.28304514, 0.67912865, 0.44171008)
(0.61866373, 0.31685784, 0.20085242, 0.89365268, 0.41163680, 0.67835009, 0.84914494, 0.35534051, 0.47907346, 0.71668178)
(0.83305389, 0.59662944, 0.06209303, 0.34665525, 0.38798064, 0.39292794, 0.22646806, 0.93242002, 0.17613250, 0.52684814)
(0.63063836, 0.29355788, 0.47593179, 0.20719811, 0.30828539, 0.28062415, 0.39941937, 0.13476664, 0.13544847, 0.30688584)
(0.82261038, 0.73612839, 0.95769733, 0.59357792, 0.75247854, 0.08376838, 0.10253829, 0.56675333, 0.80961758, 0.17427900)
(0.58761674, 0.17457832, 0.89534748, 0.72470534, 0.18790203, 0.22348410, 0.04831327, 0.83210880, 0.25739494, 0.71087658)
(0.67878515, 0.52713525, 0.31287345, 0.82432735, 0.35013142, 0.48963013, 0.86839706, 0.21907024, 0.18628654, 0.09234019)
(0.52915937, 0.32157370, 0.33476850, 0.94767994, 0.74747747, 0.28641048, 0.95357120, 0.15227023, 0.65712303, 0.24614945)
(0.10560177, 0.67653000, 0.70988095, 0.31273565, 0.74653900, 0.56303060, 0.73792964, 0.32027477, 0.75928766, 0.62518489)
(0.93178338, 0.52060986, 0.41423702, 0.44039986, 0.46728849, 0.58139503, 0.87696087, 0.28564730, 0.13768491, 0.87713438)
(0.62678075, 0.20112003, 0.14102925, 0.52881110, 0.51447308, 0.21840574, 0.28277954, 0.63018537, 0.31854472, 0.77151054)
(0.77318478, 0.33028933, 0.92990452, 0.54010576, 0.64779258, 0.34206724, 0.40241218, 0.40487790, 0.61456722, 0.21736597)
(0.73027301, 0.49528924, 0.07132351, 0.19058464, 0.51027876, 0.15633598, 0.87814671, 0.63200676, 0.69796610, 0.72058547)
(0.43880665, 0.02266223, 0.47383627, 0.16556863, 0.46765789, 0.58398575, 0.43811929, 0.60165524, 0.58014709, 0.94655424)
(0.50997341, 0.16076770, 0.33616588, 0.25932312, 0.58397585, 0.52439713, 0.80675393, 0.39187309, 0.04433195, 0.37499166)
(0.40516147, 0.64583427, 0.41208738, 0.33768705, 0.24525271, 0.83494151, 0.63909417, 0.35431543, 0.29088706, 0.41883194)
(0.44783524, 0.48034167, 0.42369446, 0.59948593, 0.83750820, 0.51450038, 0.35851657, 0.32275987, 0.85833973, 0.35593730)
(0.36157116, 0.19934325, 0.35191619, 0.55923682, 0.71838933, 0.63024515, 0.58618975, 0.55178499, 0.79600638, 0.94868588)
(0.25220889, 0.78903002, 0.32801470, 0.25806168, 0.62328458, 0.87397373, 0.51787573, 0.07716268, 0.24578078, 0.32057530)
(0.53663260, 0.65626895, 0.14767101, 0.53611195, 0.89315063, 0.48385134, 0.69652033, 0.11739326, 0.45853570, 0.87446123)
(0.76447046, 0.79275423, 0.38476118, 0.54577333, 0.01651504, 0.21196911, 0.64851385, 0.37279785, 0.38167343, 0.59811950)
(0.67350000, 0.56576008, 0.35617414, 0.35437590, 0.69451708, 0.84906590, 0.50383770, 0.09046478, 0.82219332, 0.21285751)
(0.05755662, 0.11001989, 0.14348625, 0.36931399, 0.36076006, 0.30466318, 0.20253873, 0.53681970, 0.81565225, 0.73034078)
(0.36271629, 0.77722037, 0.46119046, 0.54793018, 0.19076194, 0.59191149, 0.73270351, 0.57634187, 0.66630042, 0.53986883)
(0.57491678, 0.57294500, 0.60334957, 0.36811069, 0.39855838, 0.78903854, 0.65443277, 0.76780993, 0.02561299, 0.50481135)
(0.30491683, 0.72716755, 0.51110137, 0.10680039, 0.81538796, 0.08031958, 0.19809611, 0.15383624, 0.68065095, 0.10962998)
(0.54889619, 0.62689608, 0.57051456, 0.83002782, 0.86853129, 0.14930151, 0.06313986, 0.20011722, 0.63968068, 0.14367470)
(0.12969254, 0.40952545, 0.83431745, 0.35575402, 0.39459032, 0.68720067, 0.50006306, 0.26895174, 0.38070297, 0.31594720)
(0.18841757, 0.86324215, 0.85531604, 0.51103824, 0.84744382, 0.26855719, 0.07639173, 0.55414885, 0.75919777, 0.36560577)
(0.52770650, 0.07383958, 0.09709832, 0.61545932, 0.32873142, 0.77000213, 0.87562168, 0.41479629, 0.44511315, 0.66976243)
(0.54795724, 0.40265951, 0.84364420, 0.35296279, 0.66607380, 0.20339224, 0.18430500, 0.51546943, 0.39002517, 0.23831692)
(0.35953811, 0.58056974, 0.84288424, 0.38480467, 0.31740612, 0.40954870, 0.67115045, 0.29666594, 0.42944300, 0.32215255)
(0.51395530, 0.41623887, 0.83478063, 0.31666124, 0.56280404, 0.20508924, 0.49050346, 0.72119415, 0.48963198, 0.28939772)
(0.69475430, 0.27858877, 0.02931836, 0.43912911, 0.03196052, 0.49081376, 0.70151955, 0.56514329, 0.55836934, 0.86115259)
(0.03735361, 0.45955834, 0.29770422, 0.60957599, 0.31312668, 0.88417828, 0.44775441, 0.69006467, 0.55082428, 0.81540644)
(0.84178501, 0.14122976, 0.07580967, 0.23222890, 0.28317600, 0.83015108, 0.33966315, 0.68989539, 0.07190780, 0.30683738)
(0.47446835, 0.50899881, 0.52100945, 0.71958631, 0.84358817, 0.27638358, 0.57861120, 0.36587802, 0.71973437, 0.21957727)
(0.67117232, 0.42272401, 0.18178752, 0.59764820, 0.64112198, 0.33780506, 0.78186345, 0.08906803, 0.18726756, 0.28018135)
(0.39833382, 0.59427029, 0.02923032, 0.84342599, 0.69148642, 0.74655002, 0.62878639, 0.40158951, 0.86784142, 0.87496299)
(0.53767502, 0.43258205, 0.57728970, 0.49439690, 0.39118537, 0.46791893, 0.25057754, 0.13606943, 0.22243124, 0.70995647)
(0.27132875, 0.37104994, 0.03916485, 0.32569280, 0.83644700, 0.53994519, 0.58858562, 0.06501587, 0.64542270, 0.67828298)
(0.32314315, 0.72305107, 0.11833715, 0.66817975, 0.67138708, 0.58231461, 0.89310151, 0.05260200, 0.42183298, 0.68700945)
(0.57636654, 0.07765634, 0.79778147, 0.46933508, 0.37527317, 0.35280502, 0.25523278, 0.88469702, 0.45966396, 0.17782986)
(0.11033435, 0.19426933, 0.08073234, 0.71878183, 0.36952513, 0.60294706, 0.19386113, 0.22594336, 0.96348542, 0.76619929)
(0.59560090, 0.64752483, 0.35274383, 0.59064072, 0.64082432, 0.93534803, 0.22670470, 0.30252349, 0.39132693, 0.80934131)
(0.70147085, 0.50152373, 0.74888521, 0.59082925, 0.10685097, 0.63654482, 0.87753832, 0.63574094, 0.53663021, 0.39654988)
(0.34869951, 0.39247191, 0.32221165, 0.36841819, 0.81819773, 0.71683800, 0.23916033, 0.15367262, 0.84027630, 0.70243549)
(0.03582657, 0.40619633, 0.13968478, 0.59899497, 0.62811059, 0.90847921, 0.39305338, 0.31169316, 0.48375502, 0.50780654)
(0.49829280, 0.10931306, 0.09719474, 0.83138663, 0.56377840, 0.61818981, 0.76553369, 0.42085910, 0.72609323, 0.76728642)
(0.59505737, 0.57311964, 0.57763690, 0.50971735, 0.41547254, 0.78835684, 0.41343459, 0.39839491, 0.64038008, 0.19043724)
(0.24002574, 0.88855767, 0.26921654, 0.47561660, 0.82860440, 0.92733914, 0.38769937, 0.10876557, 0.35936874, 0.65454364)
(0.29008529, 0.28039116, 0.45386064, 0.28076237, 0.13720897, 0.47436929, 0.44672066, 0.09539334, 0.46938163, 0.55254775)
(0.21167266, 0.89999235, 0.68605566, 0.14749733, 0.34246221, 0.88484097, 0.72617406, 0.53129888, 0.31488454, 0.61833990)
(0.55106479, 0.10135388, 0.87622100, 0.88754070, 0.12618601, 0.34438041, 0.06546829, 0.59587467, 0.40087807, 0.38948023)
(0.23349631, 0.26339075, 0.49966928, 0.14049128, 0.93444580, 0.42393523, 0.48992074, 0.11609409, 0.56174678, 0.08974288)
(0.58311385, 0.65360141, 0.52293867, 0.05414569, 0.72107917, 0.12452804, 0.80317986, 0.53565907, 0.95477456, 0.89951789)
(0.22770108, 0.64440918, 0.04105327, 0.85275888, 0.39260474, 0.66354799, 0.65403599, 0.63362050, 0.90122288, 0.75411421)
(0.71811402, 0.67876285, 0.51210064, 0.22270279, 0.71442676, 0.22890370, 0.80958587, 0.47295788, 0.05963916, 0.73447192)
(0.62643725, 0.25005907, 0.62337738, 0.62794220, 0.69334877, 0.29775050, 0.22970319, 0.53878492, 0.17050439, 0.67480779)
(0.41058207, 0.45464423, 0.05564871, 0.20440044, 0.02238374, 0.82307422, 0.14576338, 0.59926784, 0.15150204, 0.54485011)
(0.86107731, 0.66204625, 0.42217427, 0.40923274, 0.14679332, 0.67772889, 0.11597022, 0.06859695, 0.10041507, 0.56504065)
(0.60632163, 0.82688713, 0.86986244, 0.54776788, 0.10032632, 0.38641679, 0.74344432, 0.25459418, 0.33263820, 0.71306199)
(0.81733292, 0.19513813, 0.94906491, 0.40315080, 0.18245204, 0.13062711, 0.67865276, 0.28721696, 0.12369412, 0.27769348)
(0.19924933, 0.78573132, 0.52199894, 0.38343441, 0.71698487, 0.91301906, 0.53208703, 0.17997062, 0.04505537, 0.64546525)
(0.38918996, 0.21863832, 0.59552401, 0.46541631, 0.85437018, 0.61761457, 0.67021620, 0.36259651, 0.28939039, 0.91670549)
(0.74462795, 0.67012513, 0.52369517, 0.49539822, 0.49937660, 0.94731200, 0.11178380, 0.28582385, 0.27562740, 0.88965333)
(0.76218706, 0.56054181, 0.69557220, 0.42838213, 0.29091442, 0.59961230, 0.96433020, 0.57434809, 0.28367603, 0.35835728)
(0.51621306, 0.24715346, 0.32272634, 0.38406283, 0.35697344, 0.55559552, 0.72578031, 0.23361695, 0.35081232, 0.31913972)
(0.63258523, 0.42835325, 0.33206400, 0.15019584, 0.10842405, 0.08560402, 0.54319900, 0.05233749, 0.23817393, 0.71449679)
(0.15630236, 0.42960253, 0.54474801, 0.75137460, 0.56491482, 0.68459833, 0.17400031, 0.38012606, 0.79004061, 0.77911472)
(0.35061130, 0.62989455, 0.50340307, 0.44998831, 0.51739526, 0.81574535, 0.14094917, 0.15864012, 0.92911738, 0.27393875)
(0.38951033, 0.88315302, 0.92588478, 0.13444005, 0.28595510, 0.59829223, 0.28837636, 0.29106972, 0.50855201, 0.74131364)
(0.52229577, 0.50347906, 0.35951489, 0.23966211, 0.39680970, 0.56198555, 0.39266369, 0.03931745, 0.58331114, 0.52555966)
(0.73729730, 0.62925410, 0.44725904, 0.18913354, 0.84275854, 0.46399325, 0.81104761, 0.12879166, 0.20743228, 0.85019636)
(0.21365526, 0.09953995, 0.23712797, 0.62158245, 0.60214818, 0.42650190, 0.89355677, 0.15390265, 0.82649177, 0.12027260)
(0.27132091, 0.09028405, 0.61130649, 0.04899449, 0.11287741, 0.60869437, 0.28142911, 0.83916575, 0.42812496, 0.62745100)
(0.27300760, 0.12524572, 0.08566651, 0.85399520, 0.56896859, 0.63191736, 0.88641548, 0.19584857, 0.53081280, 0.22447379)
(0.69888175, 0.11231744, 0.35631278, 0.45913512, 0.63518816, 0.54926163, 0.44418883, 0.65346956, 0.51801616, 0.96238524)
(0.83179486, 0.22004493, 0.71056187, 0.14071250, 0.45210579, 0.56126505, 0.93035382, 0.93540156, 0.48526207, 0.71993762)
(0.64777452, 0.34856829, 0.36194253, 0.64303106, 0.20915838, 0.40572199, 0.04720848, 0.09362638, 0.71480531, 0.40270579)
(0.92486310, 0.72854584, 0.45580950, 0.11103206, 0.74141765, 0.27920669, 0.48280236, 0.52170336, 0.66794062, 0.51159328)
(0.29584545, 0.24354072, 0.08696830, 0.48182842, 0.47598481, 0.77009261, 0.72549421, 0.61448485, 0.17772678, 0.71884960)
(0.76645255, 0.79257447, 0.48790506, 0.39908338, 0.76956731, 0.80697918, 0.34557942, 0.29069963, 0.85069752, 0.35533085)
(0.53217512, 0.51237541, 0.33682805, 0.35648739, 0.47076228, 0.34326923, 0.29189047, 0.66889852, 0.27365267, 0.61593133)
(0.93060029, 0.61066842, 0.49543598, 0.38159794, 0.59488773, 0.59225816, 0.53234452, 0.34544566, 0.22714821, 0.10301504)
(0.78838050, 0.28480774, 0.81747109, 0.82179505, 0.60800850, 0.56768990, 0.51090676, 0.55386060, 0.45849073, 0.80301881)
(0.64326060, 0.11728930, 0.03476208, 0.81603259, 0.76317781, 0.17392939, 0.27830163, 0.69458205, 0.11515936, 0.43915004)
(0.24015449, 0.19231181, 0.50893706, 0.45589715, 0.33813739, 0.42842495, 0.73924553, 0.22285292, 0.56683117, 0.19324654)
(0.55791295, 0.55348283, 0.54329890, 0.27662736, 0.14794034, 0.69520271, 0.62417144, 0.48967931, 0.06967141, 0.20790100)
(0.75899649, 0.15163621, 0.05308780, 0.84919053, 0.74053669, 0.15076396, 0.38219574, 0.42500392, 0.21826580, 0.34818256)
(0.40171671, 0.23926610, 0.41047531, 0.31048834, 0.24093673, 0.51190537, 0.65728110, 0.23765302, 0.22416158, 0.37092701)
(0.48257467, 0.41126716, 0.92529988, 0.12227713, 0.95385706, 0.16390909, 0.50206089, 0.39483836, 0.84658933, 0.37148377)
(0.90321290, 0.13557622, 0.92840797, 0.46973833, 0.41963693, 0.45597154, 0.37244505, 0.91694742, 0.23274183, 0.58161283)
(0.35355616, 0.34696057, 0.27410284, 0.06002327, 0.70039988, 0.10054287, 0.53299952, 0.07070079, 0.72123820, 0.12290239)
(0.76610416, 0.08245867, 0.96904278, 0.76655710, 0.07938515, 0.35828644, 0.10154563, 0.54147708, 0.38311678, 0.42752770)
(0.15232103, 0.78211653, 0.74791777, 0.33025983, 0.13289480, 0.46728221, 0.17525978, 0.25062630, 0.02773421, 0.64183098)
(0.47664744, 0.82676089, 0.50429261, 0.75813490, 0.05848262, 0.26901472, 0.73797035, 0.48011270, 0.59607357, 0.65158838)
(0.16276178, 0.15299462, 0.09395452, 0.89577299, 0.60080290, 0.62599224, 0.82308424, 0.35750449, 0.57876492, 0.55333036)
(0.21735123, 0.28655565, 0.38337520, 0.51888233, 0.47083241, 0.62109005, 0.85064912, 0.32969391, 0.07412797, 0.21269648)
(0.23291612, 0.86554950, 0.66047007, 0.55805463, 0.80446267, 0.25125331, 0.35324723, 0.38318804, 0.70023286, 0.67631328)
(0.80305129, 0.76920420, 0.57518309, 0.36679170, 0.82794195, 0.67246354, 0.84286040, 0.18251078, 0.37069163, 0.84580028)
(0.08077747, 0.92599297, 0.50967830, 0.18482774, 0.52845711, 0.43135050, 0.13262022, 0.23117907, 0.78916740, 0.27211094)
(0.09081571, 0.32747662, 0.71776170, 0.32450739, 0.50822151, 0.85220188, 0.55629599, 0.27707234, 0.39156967, 0.48077592)
(0.19160669, 0.60799330, 0.15753439, 0.36077723, 0.03458918, 0.54797506, 0.34567600, 0.82377625, 0.14232735, 0.64832187)
(0.09803818, 0.43992460, 0.41604480, 0.42968333, 0.29813683, 0.32242501, 0.64791012, 0.34584844, 0.60569686, 0.35306641)
(0.33584499, 0.71896392, 0.52226210, 0.67885572, 0.08278231, 0.22590490, 0.81077647, 0.30235735, 0.51175809, 0.72984701)
(0.54051429, 0.80383813, 0.82091647, 0.29425678, 0.05877475, 0.59449005, 0.74356270, 0.68466514, 0.52092415, 0.51336670)
(0.55309319, 0.41846806, 0.56713867, 0.18537964, 0.66614777, 0.12044654, 0.77493238, 0.61411136, 0.04484342, 0.24694982)
(0.54993230, 0.38789982, 0.25744447, 0.67025429, 0.20585448, 0.32868049, 0.39157596, 0.61103350, 0.79750508, 0.95454472)
(0.36648089, 0.39449772, 0.17854576, 0.52048945, 0.82219458, 0.17358041, 0.93512553, 0.06820885, 0.38805133, 0.65593261)
(0.35689837, 0.39418566, 0.08684855, 0.90093231, 0.53743458, 0.66199273, 0.84254897, 0.44976667, 0.57633531, 0.65129822)
(0.57200783, 0.53304499, 0.79361522, 0.15103804, 0.87754548, 0.19609126, 0.95643836, 0.27654123, 0.56666929, 0.64725417)
(0.40798411, 0.27404463, 0.78274584, 0.33935615, 0.37723982, 0.49043110, 0.86376476, 0.22330779, 0.34984875, 0.48986894)
(0.24903619, 0.26005781, 0.29755980, 0.58017302, 0.53141820, 0.37148517, 0.76925254, 0.43909031, 0.13499233, 0.40884626)
(0.95714724, 0.68890381, 0.32276952, 0.47830960, 0.44898117, 0.05545018, 0.96949971, 0.34171939, 0.46436360, 0.02807971)
(0.22338772, 0.96853763, 0.43507436, 0.11961820, 0.61159241, 0.35947293, 0.42708862, 0.85898614, 0.85797906, 0.70577347)
(0.24063855, 0.51679558, 0.45288119, 0.48267779, 0.36132711, 0.60480291, 0.89522880, 0.15411568, 0.08102678, 0.16804045)
(0.26703429, 0.21545510, 0.27894309, 0.69543439, 0.15184642, 0.80845040, 0.06300940, 0.33363646, 0.71600789, 0.74180603)
(0.95211214, 0.37532973, 0.25507548, 0.26388142, 0.45435208, 0.86148345, 0.19777063, 0.59857750, 0.07776430, 0.56451130)
(0.09466749, 0.18608911, 0.33506024, 0.57911587, 0.31834945, 0.53419197, 0.30165291, 0.64297104, 0.90496987, 0.87730575)
(0.78874862, 0.18207183, 0.51244092, 0.20095573, 0.50480056, 0.54499787, 0.70878297, 0.96775681, 0.21655732, 0.93498260)
(0.47157487, 0.71805680, 0.03796311, 0.91611534, 0.42841765, 0.60253841, 0.54194534, 0.40719706, 0.98262340, 0.60847831)
(0.24940495, 0.26041147, 0.87390912, 0.67773330, 0.82423753, 0.23455726, 0.32109311, 0.10031959, 0.66580027, 0.69736063)
(0.39041713, 0.37240365, 0.46839386, 0.67093611, 0.83557075, 0.64190197, 0.07025062, 0.33980682, 0.93945575, 0.62877977)
(0.60446697, 0.37610745, 0.50658518, 0.94668043, 0.61820245, 0.57320040, 0.70415616, 0.48178664, 0.24747054, 0.24455334)
(0.15571953, 0.50675881, 0.47337452, 0.08772680, 0.41153425, 0.77281553, 0.76092905, 0.34630677, 0.38428694, 0.44498283)
(0.05980207, 0.30026573, 0.67266351, 0.48544225, 0.31780648, 0.63991630, 0.48119053, 0.09299520, 0.52065575, 0.67885059)
(0.47244427, 0.45627815, 0.75802445, 0.37857518, 0.04737550, 0.60916537, 0.65655851, 0.32749787, 0.22586745, 0.30664083)
(0.77854627, 0.70693475, 0.65908891, 0.17114584, 0.72255832, 0.35719681, 0.86206782, 0.36369750, 0.07351010, 0.42296189)
(0.17417496, 0.59583372, 0.35676894, 0.45875627, 0.50170243, 0.39590859, 0.86901331, 0.22679828, 0.34721026, 0.40323874)
(0.61316425, 0.11351338, 0.35787031, 0.12123471, 0.19673197, 0.17396155, 0.15886034, 0.62930781, 0.34143424, 0.94632363)
(0.59499329, 0.29449546, 0.81826150, 0.56458074, 0.13210584, 0.76982379, 0.64847964, 0.33607256, 0.18203215, 0.34416226)
(0.60074306, 0.57973784, 0.76547110, 0.40587318, 0.95773083, 0.24831414, 0.19242927, 0.52624702, 0.76410258, 0.15526378)
(0.43188572, 0.13869081, 0.14678636, 0.43171990, 0.55778730, 0.69951117, 0.77334583, 0.10256217, 0.16181940, 0.16882746)
(0.13083956, 0.42232910, 0.86859995, 0.67711180, 0.22482462, 0.45322171, 0.76407862, 0.08653267, 0.31126037, 0.78021938)
(0.70993227, 0.29980636, 0.39164045, 0.94536871, 0.55349571, 0.54842609, 0.79240197, 0.54694408, 0.30984756, 0.20592934)
(0.26478803, 0.65429026, 0.70007539, 0.09032860, 0.94592291, 0.17159696, 0.65972471, 0.61801863, 0.91562229, 0.34504008)
(0.58925796, 0.58217281, 0.65254962, 0.39057592, 0.76192176, 0.48030460, 0.35339901, 0.59717566, 0.46661216, 0.23345301)
(0.76443899, 0.44006568, 0.31152481, 0.14669824, 0.72140276, 0.63773596, 0.60080767, 0.06946056, 0.53780311, 0.33839348)
(0.58304107, 0.49341625, 0.57491022, 0.32240590, 0.37101102, 0.53848553, 0.20537618, 0.45875487, 0.03349066, 0.36922488)
(0.64760286, 0.90284723, 0.41732317, 0.16817813, 0.53539318, 0.70714277, 0.94697225, 0.17317893, 0.71330094, 0.18858728)
(0.93591189, 0.18735309, 0.94067556, 0.28478813, 0.45001766, 0.74715233, 0.89159620, 0.89490205, 0.23454309, 0.58468729)
(0.71310687, 0.64248520, 0.47887683, 0.58657247, 0.66364235, 0.67758483, 0.10738484, 0.30928540, 0.76279366, 0.62053317)
(0.42586452, 0.75117320, 0.04544089, 0.06894347, 0.39533913, 0.13354430, 0.90262717, 0.84436864, 0.89827341, 0.19039038)
(0.10053644, 0.21854480, 0.75243855, 0.83138168, 0.75209671, 0.78487581, 0.58739179, 0.23780032, 0.73861021, 0.31179103)
(0.63313085, 0.90627205, 0.47382867, 0.11949678, 0.15905890, 0.54551035, 0.25008640, 0.38441402, 0.48588374, 0.44856447)
(0.85473931, 0.44776660, 0.04736721, 0.67426175, 0.20700362, 0.94082916, 0.37935516, 0.88955182, 0.10389253, 0.33470374)
(0.72696310, 0.28376782, 0.41326809, 0.17256588, 0.32663000, 0.48455346, 0.26463068, 0.03976604, 0.65526879, 0.23121531)
(0.06201148, 0.14752899, 0.11990981, 0.76977962, 0.71711451, 0.53196716, 0.76610935, 0.51620960, 0.50710320, 0.74664265)
(0.79708815, 0.69337726, 0.45920569, 0.20932636, 0.45348054, 0.80056721, 0.61274582, 0.63858253, 0.01550283, 0.59766161)
(0.65945613, 0.12389068, 0.64880276, 0.37349412, 0.64184457, 0.57709539, 0.38819721, 0.95430988, 0.43500507, 0.59580266)
(0.20090115, 0.13151583, 0.05945573, 0.61281532, 0.80587816, 0.50658345, 0.68948954, 0.10914984, 0.45763505, 0.79451847)
(0.17945245, 0.35776660, 0.65196973, 0.34928155, 0.89062554, 0.63151670, 0.36077294, 0.10802096, 0.92959607, 0.20342162)
(0.10737731, 0.12067889, 0.11688162, 0.78928274, 0.71675932, 0.62686157, 0.72082525, 0.54201055, 0.65829289, 0.64575094)
(0.24824665, 0.81954873, 0.67738223, 0.60207558, 0.09394569, 0.25443628, 0.69724470, 0.11248668, 0.23630702, 0.88718891)
(0.79977906, 0.58265924, 0.66678733, 0.13890640, 0.79821533, 0.13590708, 0.06346497, 0.42162716, 0.52179074, 0.05397326)
(0.36751649, 0.29689413, 0.30815062, 0.62404877, 0.27499095, 0.79543465, 0.41115049, 0.84156764, 0.40133068, 0.59320378)
(0.84740967, 0.34779927, 0.48513067, 0.87907404, 0.51857883, 0.40041822, 0.82322049, 0.54956222, 0.03891694, 0.05146209)
(0.64833677, 0.25137174, 0.41955903, 0.19928183, 0.33027497, 0.66126686, 0.90999573, 0.07212972, 0.87598562, 0.32335037)
(0.54429430, 0.57677948, 0.12031000, 0.70214748, 0.62053341, 0.15531676, 0.95555717, 0.05713915, 0.32920527, 0.64854950)
(0.26447269, 0.22366717, 0.43262234, 0.38647640, 0.85699373, 0.67548108, 0.50244224, 0.11834429, 0.71387219, 0.42623034)
(0.53019601, 0.10507087, 0.40713075, 0.20625854, 0.66093141, 0.81197965, 0.55203092, 0.39988369, 0.21654487, 0.76947975)
(0.63394994, 0.85818726, 0.55445886, 0.36248088, 0.51513886, 0.07800617, 0.07096662, 0.44477743, 0.83216751, 0.23648596)
(0.49858850, 0.03741343, 0.92257732, 0.34635669, 0.86400402, 0.17007016, 0.22148463, 0.29305932, 0.76625913, 0.69435680)
(0.72105312, 0.08950843, 0.95563632, 0.25845912, 0.15794961, 0.78217655, 0.26832312, 0.81123883, 0.26584950, 0.14690949)
(0.45641991, 0.71315664, 0.44355312, 0.19139364, 0.41860139, 0.85484225, 0.44336894, 0.22377031, 0.21917123, 0.45663735)
(0.61332548, 0.31269354, 0.29611301, 0.36662254, 0.60238487, 0.38069257, 0.10400487, 0.26618806, 0.78777236, 0.30713168)
(0.26322448, 0.24964231, 0.49865127, 0.50722295, 0.67840010, 0.73854727, 0.69794357, 0.75668907, 0.11722519, 0.66745877)
(0.70813870, 0.70031887, 0.80432928, 0.58635443, 0.51057726, 0.75297570, 0.88640022, 0.33802858, 0.14924711, 0.87384439)
(0.43547961, 0.01953975, 0.29530349, 0.05012000, 0.47006947, 0.53747189, 0.34809038, 0.71240342, 0.49025339, 0.85624403)
(0.18274832, 0.78227395, 0.66740125, 0.14052242, 0.35398662, 0.85903209, 0.16353101, 0.10521572, 0.27383637, 0.58442062)
(0.15928039, 0.09020507, 0.43076640, 0.29961699, 0.75301135, 0.34463820, 0.37545097, 0.03287115, 0.78648895, 0.20477676)
(0.70964885, 0.32081902, 0.52974105, 0.35725906, 0.46390003, 0.64518344, 0.62535453, 0.13366014, 0.34368557, 0.91930443)
(0.39288941, 0.42093962, 0.50740266, 0.22828786, 0.66332853, 0.64185429, 0.66014284, 0.07669797, 0.73180360, 0.80613875)
(0.76856023, 0.40886879, 0.54782498, 0.23711093, 0.18665080, 0.37136927, 0.02165110, 0.88292402, 0.14998817, 0.75990927)
(0.65919185, 0.16675885, 0.76051784, 0.66936636, 0.45063025, 0.53836805, 0.20869836, 0.90472448, 0.53902167, 0.13836765)
(0.83416313, 0.38677102, 0.88699526, 0.83818394, 0.67517895, 0.15508224, 0.28621039, 0.48963746, 0.87379879, 0.53211582)
(0.12451395, 0.94339478, 0.71473408, 0.21038011, 0.64979482, 0.38847363, 0.30436629, 0.60817510, 0.78852916, 0.64352357)
(0.36823305, 0.73897403, 0.44026253, 0.45423946, 0.33832073, 0.75044423, 0.05496735, 0.07907970, 0.64098167, 0.32695046)
(0.17595007, 0.77925503, 0.87010503, 0.81514037, 0.88136375, 0.03776159, 0.23066474, 0.30733404, 0.87175435, 0.36631143)
(0.71193320, 0.08371681, 0.38624606, 0.45466807, 0.13247399, 0.64207166, 0.78624630, 0.39849582, 0.70077693, 0.88188022)
(0.43723980, 0.78116322, 0.63315713, 0.29227903, 0.68521118, 0.42030999, 0.77990544, 0.25469565, 0.93546808, 0.91419876)
(0.55839318, 0.68912500, 0.45121658, 0.37538975, 0.70499861, 0.95766497, 0.33737776, 0.13658065, 0.33378896, 0.81668901)
(0.64154297, 0.83769757, 0.14444964, 0.84521794, 0.56671834, 0.89861590, 0.84630746, 0.11849269, 0.32599080, 0.57723194)
(0.23888458, 0.18473570, 0.40651274, 0.59872967, 0.46588728, 0.72012138, 0.66566944, 0.43218821, 0.02138695, 0.10048889)
(0.78166991, 0.49815387, 0.65423739, 0.29870549, 0.46634007, 0.53662246, 0.05219152, 0.08698019, 0.79696423, 0.55476964)
(0.46652976, 0.38762921, 0.20107031, 0.64171034, 0.59895682, 0.86985630, 0.74859154, 0.11288677, 0.24684362, 0.24026026)
(0.23416722, 0.75142777, 0.82461345, 0.30511108, 0.44052157, 0.88302088, 0.61918187, 0.33063877, 0.28097799, 0.58833778)
(0.89018118, 0.40735623, 0.07065148, 0.82291704, 0.52184206, 0.74203587, 0.59958118, 0.41761902, 0.45401362, 0.86111677)
(0.71183938, 0.84863746, 0.59866267, 0.39047915, 0.27591872, 0.13546294, 0.07035506, 0.22482668, 0.81939971, 0.17272352)
(0.91219735, 0.28804538, 0.63053530, 0.07475165, 0.33881313, 0.53027660, 0.34521595, 0.19403824, 0.27075076, 0.24381752)
(0.95611107, 0.51521939, 0.36189482, 0.14729841, 0.16235308, 0.65382636, 0.64688528, 0.07218478, 0.42851970, 0.40071049)
(0.11525137, 0.28264335, 0.52907300, 0.55723244, 0.79281396, 0.75262552, 0.53283644, 0.14044409, 0.74403125, 0.16828991)
(0.43491235, 0.97561479, 0.76124597, 0.62336099, 0.34292409, 0.27938697, 0.43012851, 0.17083444, 0.32367074, 0.66505170)
(0.16158421, 0.13737081, 0.34908175, 0.64674795, 0.83476073, 0.80109167, 0.50505120, 0.38332263, 0.46769962, 0.60690987)
(0.73764163, 0.50497144, 0.96666360, 0.34156948, 0.33019957, 0.92936528, 0.69437313, 0.40734062, 0.21724297, 0.35327590)
(0.90168786, 0.50040811, 0.10748916, 0.39088276, 0.41040871, 0.93921477, 0.19871633, 0.87663013, 0.32184404, 0.62963128)
(0.55620450, 0.53098774, 0.56392407, 0.68821645, 0.04761361, 0.51059717, 0.84024841, 0.40405032, 0.57794559, 0.43462965)
(0.72679305, 0.36649534, 0.51643699, 0.58319777, 0.88139802, 0.60614306, 0.42167526, 0.35963807, 0.40483844, 0.78734648)
(0.56228632, 0.15433323, 0.57675880, 0.56780213, 0.68290341, 0.47380427, 0.27822223, 0.54961258, 0.43866894, 0.76425946)
(0.86455572, 0.37921560, 0.60046613, 0.37696460, 0.80758667, 0.12297458, 0.15724331, 0.46366471, 0.75121564, 0.21038203)
(0.45451644, 0.38927990, 0.89999211, 0.37296367, 0.33586472, 0.57977563, 0.50819504, 0.33885178, 0.20150121, 0.28678790)
(0.51789480, 0.64695555, 0.67211550, 0.66045409, 0.94987130, 0.46121937, 0.68248105, 0.39473864, 0.88955986, 0.42912981)
(0.48227236, 0.18308969, 0.55583835, 0.24517718, 0.93046695, 0.45937553, 0.38558513, 0.13733470, 0.41335359, 0.84429926)
(0.37187985, 0.39323297, 0.08444367, 0.21258837, 0.32551554, 0.73810244, 0.27420023, 0.86700481, 0.11435015, 0.15439503)
(0.18674862, 0.31355608, 0.07419070, 0.58283395, 0.39536715, 0.77877337, 0.66089213, 0.54256546, 0.41841173, 0.76605880)
(0.63169771, 0.49052471, 0.74046606, 0.18810734, 0.60295379, 0.42592525, 0.93813497, 0.39491481, 0.10796944, 0.46168491)
(0.63475287, 0.30387849, 0.57960129, 0.23188442, 0.39659861, 0.74256182, 0.26766312, 0.32003272, 0.07789693, 0.55752003)
(0.15860322, 0.26996669, 0.57400751, 0.31964064, 0.67303753, 0.92739594, 0.10279780, 0.57561702, 0.31857458, 0.73503542)
(0.74570131, 0.70405483, 0.40474963, 0.18913165, 0.52365309, 0.48232085, 0.78143895, 0.52415073, 0.67065251, 0.38530141)
(0.35874629, 0.52020806, 0.31534213, 0.32780945, 0.37345415, 0.30842319, 0.89594495, 0.17786239, 0.22447163, 0.39832076)
(0.36227241, 0.62212938, 0.49872854, 0.13962945, 0.63663954, 0.81183749, 0.35821196, 0.08715973, 0.57897317, 0.81957561)
(0.60334820, 0.27658749, 0.08306883, 0.90682995, 0.65666020, 0.32288027, 0.72839844, 0.49034223, 0.33044466, 0.80259013)
(0.76393312, 0.54436040, 0.41138390, 0.43969008, 0.24634896, 0.09313092, 0.94565219, 0.47248265, 0.14349237, 0.14024767)
(0.04978726, 0.54163241, 0.70411015, 0.19418146, 0.56469715, 0.92664075, 0.53309160, 0.20501742, 0.46425110, 0.60680652)
(0.63968241, 0.49384981, 0.17486002, 0.45924279, 0.77405500, 0.84028459, 0.45300329, 0.10099331, 0.77987570, 0.38959542)
(0.29229927, 0.51653290, 0.94975668, 0.51291025, 0.53569967, 0.92519277, 0.48632318, 0.29953209, 0.60692644, 0.81205958)
(0.10210676, 0.61176062, 0.81397575, 0.57829624, 0.85029972, 0.15046506, 0.54706925, 0.23070081, 0.91766298, 0.62575710)
(0.65254998, 0.93401372, 0.29882026, 0.28618681, 0.37449294, 0.42631704, 0.95123148, 0.37814692, 0.30453360, 0.77847546)
(0.60311174, 0.69145209, 0.38499609, 0.25525543, 0.42513818, 0.54765397, 0.25362477, 0.11104955, 0.61849225, 0.47554338)
(0.46079129, 0.27892914, 0.05415130, 0.73082453, 0.84402674, 0.14546016, 0.13679294, 0.60867125, 0.88482320, 0.51804042)
(0.77372104, 0.26165441, 0.35926148, 0.36578387, 0.47143030, 0.78526157, 0.16610068, 0.12802570, 0.60405427, 0.67565042)
(0.50509137, 0.62137854, 0.82370567, 0.47267684, 0.13233864, 0.15716386, 0.25687745, 0.05711659, 0.28146943, 0.21558166)
(0.76943088, 0.71125185, 0.80478013, 0.52103150, 0.15747477, 0.07466689, 0.68640637, 0.47015584, 0.21971276, 0.74211347)
(0.30311731, 0.33302084, 0.04941985, 0.67175579, 0.41877091, 0.77397341, 0.76818043, 0.51468176, 0.34440690, 0.67815006)
(0.04826989, 0.78983766, 0.34264162, 0.32484519, 0.22740351, 0.17632014, 0.04247655, 0.61821216, 0.57823968, 0.56208760)
(0.46759617, 0.13169684, 0.87857068, 0.56297243, 0.46391529, 0.21403445, 0.23490943, 0.59604800, 0.33137175, 0.23253156)
(0.33689713, 0.18837881, 0.43469125, 0.40808955, 0.90428442, 0.53194606, 0.48300073, 0.19465573, 0.52674824, 0.64698786)
(0.42382070, 0.64682961, 0.10642269, 0.54943860, 0.86710185, 0.73855901, 0.54206240, 0.12528221, 0.76274663, 0.30191079)
(0.41917005, 0.27878997, 0.77916133, 0.12525111, 0.43952274, 0.45715141, 0.70154202, 0.97991621, 0.07968816, 0.27457231)
(0.16684076, 0.96913582, 0.49301425, 0.10150414, 0.76755267, 0.77139539, 0.17701022, 0.53269798, 0.79710084, 0.31939360)
(0.37514859, 0.18915501, 0.09049714, 0.86890781, 0.65456110, 0.41646358, 0.91162133, 0.23526740, 0.35250404, 0.68361968)
(0.55722588, 0.13288364, 0.27032325, 0.47415799, 0.91026342, 0.26578766, 0.25354716, 0.87532455, 0.08013944, 0.63834286)
(0.57682079, 0.69951189, 0.87549901, 0.59342033, 0.23584302, 0.67885566, 0.91822571, 0.47038680, 0.41295055, 0.50153279)
(0.46494302, 0.56928813, 0.90703452, 0.44593382, 0.29066005, 0.41383234, 0.32738632, 0.06750230, 0.75752944, 0.26080739)
(0.84210020, 0.42677364, 0.08197100, 0.78890586, 0.31051850, 0.80330670, 0.62791312, 0.32309052, 0.39210808, 0.85755980)
(0.61799306, 0.04121609, 0.80683929, 0.22628218, 0.20305987, 0.22090416, 0.08437955, 0.84426206, 0.35874888, 0.48114163)
(0.72963667, 0.43816841, 0.87595183, 0.27671391, 0.23719090, 0.51842189, 0.31676671, 0.13539505, 0.11219423, 0.81267923)
(0.30344415, 0.69413072, 0.48604196, 0.31926933, 0.15812494, 0.39230353, 0.81802410, 0.23644482, 0.67085779, 0.30695057)
(0.38306281, 0.62169135, 0.32646081, 0.14453913, 0.91563958, 0.55831397, 0.14832708, 0.34954575, 0.88806409, 0.43757260)
(0.50044948, 0.23801823, 0.41506746, 0.93182188, 0.71614540, 0.40957576, 0.71211684, 0.48783094, 0.35521236, 0.46081787)
(0.61502385, 0.22774841, 0.45712453, 0.47066015, 0.50304359, 0.75203925, 0.41103637, 0.84104210, 0.40938157, 0.87927639)
(0.02624994, 0.58413726, 0.38708267, 0.20618142, 0.41598889, 0.32076064, 0.38229063, 0.10712878, 0.74242789, 0.30012789)
(0.39930731, 0.12152612, 0.96803647, 0.47175089, 0.69946986, 0.31239802, 0.29882932, 0.20659134, 0.44116905, 0.38335437)
(0.06438299, 0.25175342, 0.13411906, 0.25685698, 0.04410035, 0.60564482, 0.36753705, 0.76106900, 0.33970213, 0.49791992)
(0.52450067, 0.14886609, 0.22314899, 0.65031570, 0.52901405, 0.67303658, 0.88252079, 0.20734881, 0.09464981, 0.17424212)
(0.58601815, 0.23277889, 0.26871410, 0.37184384, 0.33906326, 0.76831847, 0.11144536, 0.06704000, 0.54283088, 0.38506770)
(0.80729866, 0.08009093, 0.65702492, 0.41423956, 0.74758023, 0.13090372, 0.06179201, 0.42808232, 0.86288208, 0.66814280)
(0.60311329, 0.72532803, 0.54130381, 0.53921223, 0.72416580, 0.42456874, 0.06515591, 0.49735096, 0.84114921, 0.32504061)
(0.38880876, 0.71130627, 0.84068620, 0.20786987, 0.73362941, 0.82627207, 0.59315825, 0.19715659, 0.40305528, 0.39824238)
(0.38542625, 0.24517544, 0.31820774, 0.90272957, 0.44359291, 0.72425103, 0.77630675, 0.57572061, 0.24436556, 0.21331893)
(0.52117145, 0.67976719, 0.47157970, 0.13078108, 0.46005708, 0.82130331, 0.64938295, 0.13441847, 0.64905316, 0.09722600)
(0.74684060, 0.84510905, 0.54089665, 0.13573118, 0.52094901, 0.49208781, 0.28316328, 0.20016417, 0.72078162, 0.70693749)
(0.12009609, 0.47585219, 0.50967950, 0.09379665, 0.16190086, 0.42044029, 0.52352315, 0.15311709, 0.73688704, 0.30027837)
(0.12793471, 0.09720661, 0.08567396, 0.48011398, 0.33984178, 0.87841016, 0.40565780, 0.76198655, 0.17170887, 0.37513363)
(0.06950536, 0.04057133, 0.88752860, 0.40844387, 0.20319813, 0.27979290, 0.78851312, 0.10941880, 0.64165682, 0.38200057)
(0.43947241, 0.33645177, 0.76941627, 0.17274940, 0.21089663, 0.02116011, 0.15323165, 0.18732683, 0.23076168, 0.54996550)
(0.50291586, 0.53116906, 0.33663350, 0.63570678, 0.46779937, 0.86811543, 0.49818024, 0.53975201, 0.44781369, 0.93420357)
(0.39683408, 0.13246323, 0.07293962, 0.39420715, 0.06777827, 0.87697035, 0.27813011, 0.66103041, 0.47882894, 0.46210074)
(0.47226155, 0.62665272, 0.87883633, 0.26957345, 0.65625155, 0.60425252, 0.81014270, 0.22115348, 0.83690405, 0.87514609)
(0.49731347, 0.52397221, 0.72873443, 0.30497932, 0.14039488, 0.84349012, 0.75566399, 0.48454860, 0.09881312, 0.43251771)
(0.78914738, 0.08630981, 0.85986179, 0.23104991, 0.20569828, 0.21353547, 0.31585771, 0.92582983, 0.36870834, 0.36579204)
(0.24262376, 0.54626894, 0.86264932, 0.37460095, 0.60010058, 0.19128925, 0.33888364, 0.06922276, 0.50594902, 0.77689767)
(0.55997938, 0.28343511, 0.17328839, 0.62145430, 0.95061272, 0.18871771, 0.67474902, 0.37426955, 0.82686335, 0.91138470)
(0.59857070, 0.52171201, 0.02517377, 0.89352208, 0.14388190, 0.34227657, 0.58713543, 0.19605602, 0.95358694, 0.76458400)
(0.42501354, 0.10469374, 0.31264725, 0.28051606, 0.39434895, 0.81516546, 0.10247786, 0.66750151, 0.52155721, 0.65010172)
(0.25273997, 0.81917769, 0.41065615, 0.24006729, 0.40884402, 0.64095032, 0.91840678, 0.48175338, 0.50081217, 0.53642201)
(0.02146232, 0.94463605, 0.36339948, 0.29258066, 0.33841893, 0.12408602, 0.16153988, 0.65611869, 0.65139067, 0.31599480)
(0.62007612, 0.43469650, 0.12186857, 0.69315255, 0.31029534, 0.92538512, 0.37480098, 0.46913695, 0.40745860, 0.75219852)
(0.60355020, 0.55221999, 0.59209782, 0.60335058, 0.44120619, 0.19790149, 0.73314965, 0.83832192, 0.78399324, 0.50858837)
(0.87844586, 0.13408644, 0.03777730, 0.83149600, 0.30033585, 0.45258036, 0.68378729, 0.76746368, 0.32750705, 0.50686461)
(0.47685111, 0.61927748, 0.26129934, 0.24737340, 0.39927670, 0.96267563, 0.13572693, 0.48450157, 0.14181142, 0.72144628)
(0.72819310, 0.83131939, 0.31000191, 0.24293613, 0.42215523, 0.63728726, 0.92169368, 0.16659781, 0.24052997, 0.38246372)
(0.39278015, 0.49547958, 0.48021540, 0.23813564, 0.60171062, 0.58786488, 0.86837018, 0.21015780, 0.59193617, 0.76347262)
(0.39993569, 0.78280103, 0.64018226, 0.42287856, 0.90442961, 0.50958860, 0.11445737, 0.55041897, 0.70375872, 0.16293788)
(0.23772921, 0.95043957, 0.31669194, 0.11064293, 0.50468361, 0.06229188, 0.12808299, 0.46681523, 0.86788917, 0.55476844)
(0.69175428, 0.38795206, 0.69454527, 0.43711680, 0.55537313, 0.50725991, 0.17157142, 0.14629526, 0.57809198, 0.70313764)
(0.09896871, 0.89892179, 0.70179194, 0.21071514, 0.44146442, 0.60102272, 0.46362776, 0.29052305, 0.75563610, 0.73011780)
(0.12563956, 0.51532072, 0.23418051, 0.37284783, 0.73263925, 0.86760312, 0.44028991, 0.11531214, 0.74922895, 0.16740677)
(0.30990928, 0.58031142, 0.61083812, 0.35536462, 0.64873749, 0.85389310, 0.75520045, 0.20275529, 0.40222460, 0.57929850)
(0.07354602, 0.22804078, 0.09083893, 0.12442502, 0.11192887, 0.40509313, 0.23629658, 0.74069530, 0.28861347, 0.60845888)
(0.48861244, 0.37806541, 0.33225292, 0.25889328, 0.97675961, 0.38430882, 0.25606731, 0.13104594, 0.78346133, 0.09408925)
(0.66936451, 0.21299845, 0.52136540, 0.53187436, 0.45509353, 0.39130649, 0.25603205, 0.27333203, 0.46824628, 0.36648503)
(0.16449811, 0.26094294, 0.60764432, 0.55390680, 0.45167854, 0.63398951, 0.21877345, 0.27672306, 0.27817500, 0.32930490)
(0.76738161, 0.29507044, 0.06077644, 0.57817954, 0.12473648, 0.36482793, 0.20078696, 0.29108089, 0.37263837, 0.88475478)
(0.58508754, 0.95006669, 0.36310354, 0.29715675, 0.31419680, 0.71286869, 0.79500568, 0.90118444, 0.83691728, 0.47794381)
(0.09636100, 0.14250751, 0.18290327, 0.75482792, 0.56011212, 0.82989323, 0.82465738, 0.38201070, 0.17970403, 0.57195169)
(0.53533304, 0.97370726, 0.41908759, 0.07568038, 0.46169481, 0.62672728, 0.82445645, 0.78474724, 0.51903683, 0.59555513)
(0.09774071, 0.08912678, 0.21681805, 0.59338635, 0.64920837, 0.34623888, 0.52536124, 0.50005150, 0.95530373, 0.93293500)
(0.84869874, 0.44205785, 0.96550906, 0.69403315, 0.38980690, 0.12051889, 0.06252336, 0.41415772, 0.74112636, 0.07717198)
(0.65352499, 0.24003616, 0.70960522, 0.53083724, 0.36669815, 0.47461888, 0.33072045, 0.76054353, 0.07639819, 0.75157994)
(0.65131986, 0.10539068, 0.55320764, 0.16449152, 0.22386949, 0.50013638, 0.13633566, 0.10691433, 0.35864490, 0.95986140)
(0.83231115, 0.46736193, 0.51058036, 0.31214869, 0.45576301, 0.18396600, 0.18919095, 0.08396500, 0.48199150, 0.72363365)
(0.33756474, 0.27049026, 0.57700789, 0.20781541, 0.83972031, 0.46942836, 0.41104022, 0.08114581, 0.67505592, 0.64314783)
(0.64230603, 0.23441714, 0.92053032, 0.46945581, 0.72378230, 0.13195251, 0.21881382, 0.43811059, 0.45754883, 0.40115535)
(0.09146917, 0.16373131, 0.39181113, 0.55614734, 0.25529116, 0.67075598, 0.31076282, 0.63268346, 0.40554789, 0.64711434)
(0.79080844, 0.68034816, 0.45364544, 0.48962110, 0.37664944, 0.59950435, 0.59504724, 0.65330160, 0.22751947, 0.21632767)
(0.69827700, 0.34851202, 0.71732342, 0.51978189, 0.38107255, 0.29229072, 0.09659988, 0.12608813, 0.52617705, 0.28343704)
(0.58212852, 0.53073806, 0.57421315, 0.16937280, 0.48905855, 0.61058283, 0.87798911, 0.08372556, 0.75094515, 0.21995312)
(0.32253817, 0.83063829, 0.70376176, 0.47488198, 0.02884725, 0.52231395, 0.52280629, 0.23529586, 0.19044156, 0.69593114)
(0.48776728, 0.64631236, 0.39023966, 0.18368769, 0.52236176, 0.90461940, 0.34821254, 0.08922743, 0.81758517, 0.14965594)
(0.83488166, 0.59541577, 0.20097935, 0.74253082, 0.62902141, 0.70027322, 0.69000322, 0.18859862, 0.08773129, 0.55983716)
(0.48776400, 0.28625411, 0.78035825, 0.55555087, 0.56075174, 0.76811332, 0.27861491, 0.37688774, 0.59929341, 0.81209368)
(0.42969409, 0.06802621, 0.10099494, 0.47395220, 0.55435061, 0.79829389, 0.27587190, 0.59603935, 0.59205186, 0.54003412)
(0.67024243, 0.17231007, 0.70770520, 0.48204064, 0.27058610, 0.39535660, 0.22253925, 0.58160549, 0.42899573, 0.81600499)
(0.63779902, 0.68002760, 0.62982732, 0.14498703, 0.35952598, 0.67021626, 0.78585178, 0.63162988, 0.13357700, 0.26628393)
(0.20927982, 0.32696840, 0.62979525, 0.39104354, 0.54121542, 0.70578635, 0.20328647, 0.16520683, 0.42819500, 0.20732279)
(0.38386309, 0.56058431, 0.95983857, 0.80154616, 0.50211293, 0.36797899, 0.26301631, 0.09881598, 0.59709018, 0.60152799)
(0.26966706, 0.54787493, 0.66325563, 0.24985549, 0.23641293, 0.59651625, 0.86256373, 0.24346095, 0.41586396, 0.39139631)
(0.20422085, 0.96831858, 0.86432761, 0.24700704, 0.13081475, 0.59622049, 0.37607339, 0.58560413, 0.79506826, 0.76623672)
(0.68809807, 0.61946732, 0.19232859, 0.14011802, 0.37489590, 0.48863521, 0.11570716, 0.89843959, 0.09941604, 0.54087561)
(0.77671784, 0.88010764, 0.67234069, 0.55881476, 0.24219431, 0.18608521, 0.70124227, 0.49754000, 0.42370877, 0.88783097)
(0.21188401, 0.20907551, 0.48158181, 0.67129052, 0.76698518, 0.54443443, 0.65233713, 0.20286109, 0.24821921, 0.30188462)
(0.64134413, 0.43211791, 0.42334887, 0.01915438, 0.78300107, 0.08349594, 0.52328396, 0.56547552, 0.81376630, 0.08174440)
(0.62678540, 0.10144907, 0.25584745, 0.95481288, 0.50484926, 0.42748058, 0.86451805, 0.35021618, 0.43185234, 0.19674869)
(0.03441001, 0.53261167, 0.65514368, 0.49848077, 0.36711198, 0.61404467, 0.31158975, 0.06993774, 0.62189078, 0.54744679)
(0.17979394, 0.34557751, 0.62561721, 0.15075150, 0.78676933, 0.19998391, 0.61627036, 0.21695682, 0.92900783, 0.27747655)
(0.59362274, 0.22816867, 0.50995535, 0.60018247, 0.72676426, 0.36125472, 0.08570928, 0.47149917, 0.78934467, 0.51140231)
(0.24357669, 0.46932921, 0.39317968, 0.31127873, 0.79454052, 0.82362336, 0.13175581, 0.13611506, 0.80797613, 0.75694793)
(0.08384939, 0.54988986, 0.57368958, 0.09953268, 0.50620687, 0.74590176, 0.48646390, 0.14303099, 0.58425605, 0.31967595)
(0.43232813, 0.04192809, 0.33842772, 0.10060132, 0.47647780, 0.39627719, 0.12846877, 0.47812960, 0.59257871, 0.91382664)
(0.18765508, 0.81699812, 0.18105735, 0.51450992, 0.60980731, 0.94478405, 0.40525776, 0.19020689, 0.73699987, 0.74909019)
(0.58833843, 0.09047182, 0.06433211, 0.48965448, 0.32701325, 0.62715369, 0.85461444, 0.71931064, 0.29366741, 0.81869996)
(0.39501309, 0.17459980, 0.72855824, 0.29763421, 0.21927151, 0.64758986, 0.55272013, 0.31907767, 0.07492176, 0.41782588)
(0.18579814, 0.13675228, 0.41098419, 0.22643813, 0.80593526, 0.53457212, 0.62849265, 0.11117463, 0.64326721, 0.33183497)
(0.05240573, 0.75975704, 0.64558536, 0.14007795, 0.74270517, 0.76379323, 0.72542298, 0.25729007, 0.45481876, 0.66168934)
(0.40686721, 0.94738019, 0.47728384, 0.22905755, 0.50393301, 0.52416533, 0.84216142, 0.83117139, 0.85290354, 0.82700169)
(0.45543313, 0.09475601, 0.07179799, 0.28085583, 0.63623130, 0.81080657, 0.63428199, 0.72089398, 0.27877814, 0.61354923)
(0.15233517, 0.83660901, 0.61134976, 0.06514831, 0.56630272, 0.52590066, 0.57286757, 0.51195914, 0.89171273, 0.64293075)
(0.85044825, 0.13074204, 0.89895976, 0.61113799, 0.70206934, 0.45731223, 0.51708043, 0.47407454, 0.29482752, 0.29800284)
(0.63050246, 0.71341002, 0.15205839, 0.70152229, 0.37829345, 0.94674379, 0.45451894, 0.24880831, 0.57068372, 0.91625321)
(0.61316818, 0.55881917, 0.05808586, 0.43919137, 0.10251789, 0.80085379, 0.52929777, 0.92999482, 0.18141375, 0.76310426)
(0.05514057, 0.39707965, 0.18816637, 0.57066876, 0.24671999, 0.88624185, 0.10403032, 0.56317931, 0.48031014, 0.79635882)
(0.53412038, 0.56140345, 0.58267093, 0.26591220, 0.39047289, 0.58815658, 0.48235872, 0.09341893, 0.50797290, 0.60146075)
(0.77727151, 0.21141915, 0.03115918, 0.75995028, 0.54282868, 0.81679142, 0.73868513, 0.25296944, 0.53596717, 0.68405896)
(0.13256496, 0.26731110, 0.42001653, 0.36004582, 0.69629395, 0.63191813, 0.83204401, 0.09890669, 0.29364070, 0.57494187)
(0.84399951, 0.63937044, 0.93532717, 0.36474931, 0.03698941, 0.26283601, 0.40217769, 0.30322865, 0.03443525, 0.67433923)
(0.68177509, 0.53961778, 0.73326635, 0.31561157, 0.23219310, 0.66695648, 0.40857100, 0.37986931, 0.20701613, 0.34783387)
(0.52474958, 0.78767169, 0.52794939, 0.59763002, 0.80414218, 0.88936055, 0.65299523, 0.28470951, 0.06141105, 0.64835143)
(0.24290423, 0.14669730, 0.51697904, 0.63199008, 0.56223339, 0.70189202, 0.42101169, 0.56294155, 0.91911399, 0.92268062)
(0.64768910, 0.54531240, 0.95946485, 0.81142986, 0.55849397, 0.09329054, 0.15386347, 0.15315036, 0.27125287, 0.27197546)
(0.43248156, 0.18277891, 0.96885318, 0.79122406, 0.20593777, 0.61758578, 0.05369696, 0.22623418, 0.49810156, 0.46877456)
(0.84009635, 0.68671227, 0.93366826, 0.76450014, 0.80414319, 0.18631794, 0.14040282, 0.62631571, 0.81063002, 0.15621376)
(0.79378939, 0.17755444, 0.11748635, 0.68315810, 0.51841629, 0.61168259, 0.56537324, 0.92597425, 0.14766584, 0.06911269)
(0.27336845, 0.46641350, 0.10730846, 0.83563125, 0.20347515, 0.88341969, 0.49559292, 0.74356008, 0.23175614, 0.69735676)
(0.52067465, 0.26218468, 0.03724589, 0.22679971, 0.07135636, 0.71480483, 0.47866958, 0.81005180, 0.42917693, 0.67757273)
(0.12794362, 0.93851602, 0.65633613, 0.24639690, 0.61559278, 0.46871573, 0.09045830, 0.31933105, 0.65114695, 0.55240208)
(0.11645829, 0.13904013, 0.94468755, 0.81473833, 0.13708548, 0.63104141, 0.05533873, 0.26683798, 0.33612564, 0.75786036)
(0.44090322, 0.62847471, 0.68974781, 0.07642584, 0.72378850, 0.12116607, 0.66808134, 0.45178711, 0.51375264, 0.06548950)
(0.71407878, 0.87146872, 0.53175616, 0.22020604, 0.07978583, 0.75903261, 0.70460778, 0.67230713, 0.56854302, 0.61736763)
(0.07246574, 0.03598857, 0.24407136, 0.27354982, 0.70802224, 0.73602617, 0.62877983, 0.50860965, 0.37788007, 0.88914752)
(0.07886750, 0.35357860, 0.11208455, 0.62189394, 0.42522568, 0.83490890, 0.51970965, 0.73752248, 0.14833935, 0.33368725)
(0.76084286, 0.15361188, 0.21275966, 0.20498371, 0.11996877, 0.68332034, 0.03192644, 0.37297454, 0.46708784, 0.57138616)
(0.45861748, 0.84753019, 0.63944906, 0.19437793, 0.25552925, 0.37164676, 0.29204613, 0.29978535, 0.58423465, 0.18038872)
(0.04459570, 0.71686035, 0.43183133, 0.19221404, 0.26536828, 0.53432882, 0.34243062, 0.28820747, 0.67383558, 0.39950937)
(0.77762711, 0.24508946, 0.65797383, 0.14871311, 0.50157779, 0.43457323, 0.22794655, 0.97601944, 0.32343698, 0.77870333)
(0.86496204, 0.38898632, 0.84898633, 0.35208097, 0.79748726, 0.60477477, 0.75861567, 0.45020831, 0.20266742, 0.70168841)
(0.25874791, 0.20513330, 0.56798041, 0.60480249, 0.64711040, 0.76803505, 0.77052015, 0.40108427, 0.26337960, 0.35466126)
(0.33221897, 0.78403407, 0.41205680, 0.26433805, 0.76859283, 0.45221588, 0.76931846, 0.20729439, 0.42669064, 0.69783431)
(0.66390896, 0.18741281, 0.06369952, 0.16209622, 0.64095700, 0.34837621, 0.86464137, 0.02807119, 0.48354822, 0.42404369)
(0.47661534, 0.68864453, 0.88269305, 0.48396847, 0.20232566, 0.32972708, 0.86957842, 0.20455293, 0.71831465, 0.89302766)
(0.09376083, 0.05832491, 0.65487033, 0.76118010, 0.34499571, 0.78978854, 0.32317662, 0.33477363, 0.30678573, 0.38699669)
(0.27236092, 0.98490739, 0.71180785, 0.09767925, 0.77669138, 0.68814653, 0.16267200, 0.87439042, 0.76287067, 0.60923964)
(0.63320756, 0.42634892, 0.34474373, 0.19455607, 0.59146148, 0.93886471, 0.41395089, 0.64102185, 0.04383727, 0.43721783)
(0.32445639, 0.70661110, 0.39198831, 0.12562352, 0.14121777, 0.69077778, 0.42715663, 0.10740259, 0.54163086, 0.37953562)
(0.22377050, 0.33348790, 0.57377595, 0.41704261, 0.82030588, 0.77610737, 0.73064923, 0.15568191, 0.35707176, 0.75644445)
(0.18913007, 0.36908281, 0.09113064, 0.68306178, 0.42423370, 0.93149811, 0.58845210, 0.46435627, 0.07804440, 0.57361269)
(0.23099652, 0.10126904, 0.40627435, 0.23790790, 0.48190814, 0.45920727, 0.81181657, 0.13446018, 0.28195789, 0.57273626)
(0.85625058, 0.54129279, 0.19835524, 0.60526681, 0.61690187, 0.20506585, 0.66085678, 0.15460882, 0.21611033, 0.12693146)
(0.29511684, 0.35182545, 0.58544677, 0.80071038, 0.15704054, 0.34667510, 0.06527986, 0.47015810, 0.23504670, 0.66915214)
(0.48489204, 0.55257452, 0.51579416, 0.46167791, 0.67445636, 0.46268129, 0.33820054, 0.18681936, 0.55394882, 0.50336277)
(0.20483997, 0.22468151, 0.68036842, 0.38788247, 0.36457968, 0.41857952, 0.49074107, 0.03850657, 0.87946343, 0.65063697)
(0.76174575, 0.24242805, 0.40723905, 0.30684742, 0.37910116, 0.71964335, 0.42346051, 0.20296979, 0.20628479, 0.49156052)
(0.48065564, 0.26541069, 0.27358389, 0.44518119, 0.56644940, 0.95139289, 0.37560859, 0.58395469, 0.08906420, 0.15941104)
(0.76479656, 0.21538623, 0.83479732, 0.51112133, 0.57847476, 0.32659146, 0.77911168, 0.56290752, 0.11780609, 0.41823751)
(0.36271858, 0.50052804, 0.50981337, 0.24661110, 0.33014351, 0.88306731, 0.58111262, 0.17220716, 0.26014918, 0.29809761)
(0.31671226, 0.82401669, 0.69060552, 0.22368439, 0.45049897, 0.61954111, 0.00797916, 0.30445790, 0.76392198, 0.35789070)
(0.04136962, 0.16798545, 0.62736386, 0.49431553, 0.76954085, 0.58568811, 0.50119507, 0.20977348, 0.68905872, 0.66080719)
(0.10920002, 0.23831221, 0.08812001, 0.68234396, 0.21871899, 0.76361901, 0.69676983, 0.55344772, 0.87709129, 0.72354400)
(0.54527837, 0.08866305, 0.29474854, 0.55919403, 0.49561870, 0.81254035, 0.14608701, 0.50542790, 0.53182507, 0.43818277)
(0.63618451, 0.32249597, 0.95776469, 0.60797113, 0.64782441, 0.54602653, 0.60455370, 0.21536615, 0.82581669, 0.40813291)
(0.32094109, 0.35706368, 0.64873600, 0.51523840, 0.90698981, 0.24292578, 0.59911191, 0.19742610, 0.08423603, 0.59155631)
(0.18891810, 0.17783962, 0.56488943, 0.55696088, 0.29938585, 0.64682108, 0.02618067, 0.31608379, 0.74274451, 0.77420914)
(0.17242500, 0.32101017, 0.23694314, 0.59302437, 0.66141325, 0.93671113, 0.12474237, 0.27651304, 0.30136257, 0.51982194)
(0.65721935, 0.54914790, 0.13957833, 0.33375317, 0.50536114, 0.92045057, 0.29896504, 0.89828622, 0.05883132, 0.57104123)
(0.11008965, 0.94509047, 0.40247914, 0.18483718, 0.35170650, 0.66485161, 0.28250623, 0.89007217, 0.80590999, 0.41007295)
(0.35042810, 0.56386936, 0.57551193, 0.19004361, 0.37044412, 0.70822823, 0.69085586, 0.52474457, 0.25343907, 0.29754460)
(0.28678304, 0.23209634, 0.36489776, 0.24746944, 0.49948287, 0.06889848, 0.61864042, 0.08652646, 0.17651822, 0.04555197)
(0.76448351, 0.43029493, 0.80990475, 0.77823520, 0.91989940, 0.22219186, 0.10456000, 0.41683829, 0.88574278, 0.42760450)
(0.50653660, 0.89413357, 0.79887486, 0.49457428, 0.49523094, 0.05136912, 0.47408003, 0.33468422, 0.57530147, 0.81557721)
(0.95732576, 0.32878727, 0.07827452, 0.62785470, 0.42024916, 0.56639385, 0.71080315, 0.19778505, 0.27570426, 0.58541220)
(0.40807319, 0.80051190, 0.84381604, 0.43298805, 0.76989859, 0.67206150, 0.79448295, 0.26898819, 0.78184485, 0.76546580)
(0.29270697, 0.80000991, 0.55496114, 0.25825405, 0.67667508, 0.82946342, 0.18525136, 0.36327657, 0.84050095, 0.38999486)
(0.59092897, 0.40257442, 0.44473314, 0.36012572, 0.83999211, 0.60248536, 0.18324122, 0.11806741, 0.93445176, 0.22642475)
(0.47421160, 0.50590378, 0.61111790, 0.24297936, 0.24300912, 0.35089052, 0.82369614, 0.09470037, 0.56418008, 0.86847913)
(0.13511384, 0.47884992, 0.64956456, 0.24151894, 0.20641434, 0.88704789, 0.57117754, 0.20966408, 0.23287302, 0.20352235)
(0.55868149, 0.86968720, 0.60685736, 0.16405086, 0.23357628, 0.72723854, 0.83589715, 0.51162839, 0.44578248, 0.85764462)
(0.68890822, 0.53653121, 0.67077827, 0.50590116, 0.76946944, 0.61450899, 0.61179590, 0.40907252, 0.12693642, 0.58036619)
(0.07559901, 0.06483370, 0.65416920, 0.72364730, 0.40665320, 0.81861365, 0.49720407, 0.39670137, 0.21891437, 0.29548597)
(0.59727532, 0.46929780, 0.35136697, 0.69154090, 0.93229502, 0.21530388, 0.05101996, 0.30777684, 0.79977971, 0.32494050)
(0.11738526, 0.36984646, 0.19845250, 0.11175701, 0.16263077, 0.15744528, 0.97546649, 0.43014595, 0.64526892, 0.19887845)
(0.63461155, 0.53675705, 0.58464766, 0.07368360, 0.14684249, 0.56844449, 0.42125633, 0.12945759, 0.33478284, 0.46617875)
(0.72147369, 0.50351095, 0.49376073, 0.43518686, 0.38499019, 0.80195928, 0.13722473, 0.73800445, 0.25635782, 0.80874002)
(0.55387115, 0.06527995, 0.19809273, 0.19969274, 0.63259584, 0.61912227, 0.49880779, 0.62916189, 0.49114114, 0.82453167)
(0.06801671, 0.04736986, 0.17525345, 0.65251839, 0.62347990, 0.65851355, 0.76879358, 0.55564493, 0.56769133, 0.70057291)
(0.84012973, 0.84336597, 0.20749956, 0.84619278, 0.71388060, 0.25225681, 0.96067685, 0.56988955, 0.84644693, 0.09621388)
(0.16583626, 0.74645638, 0.46500829, 0.56440008, 0.70719939, 0.89944279, 0.38203722, 0.25535884, 0.05924288, 0.58974200)
(0.78390998, 0.52521634, 0.09216861, 0.86541921, 0.35742497, 0.63097900, 0.89718866, 0.26280007, 0.47786999, 0.28402692)
(0.25295275, 0.49343023, 0.24389516, 0.26555869, 0.82486063, 0.66188216, 0.68775296, 0.05120231, 0.66169482, 0.41611278)
(0.79866862, 0.53875881, 0.88273877, 0.45045573, 0.08342978, 0.36236817, 0.83165145, 0.24193165, 0.32574734, 0.73253882)
(0.08519284, 0.80749124, 0.55638444, 0.38838974, 0.53409004, 0.07862367, 0.33824143, 0.65738785, 0.73478431, 0.22913249)
(0.57711297, 0.51915574, 0.67266601, 0.22489551, 0.22039233, 0.69843757, 0.88436568, 0.32913822, 0.41840839, 0.67064470)
(0.87912506, 0.68100923, 0.84168702, 0.36211750, 0.72305280, 0.40126148, 0.58479989, 0.55066246, 0.31794530, 0.65257180)
(0.51635766, 0.94607151, 0.57314479, 0.10306555, 0.48707780, 0.58720565, 0.21092430, 0.75558794, 0.77664042, 0.33826756)
(0.21962278, 0.12523994, 0.15808170, 0.85767329, 0.42090714, 0.64531481, 0.80400306, 0.57235032, 0.30720407, 0.41449407)
(0.37810132, 0.78739583, 0.44833598, 0.05766255, 0.49406499, 0.88420814, 0.69201535, 0.25036180, 0.71153837, 0.40337187)
(0.34247559, 0.43323013, 0.17826094, 0.63916683, 0.80842572, 0.47442809, 0.68462515, 0.15096726, 0.16639701, 0.88583672)
(0.81728941, 0.05903620, 0.10712384, 0.92328995, 0.84824735, 0.02293574, 0.87862581, 0.37283045, 0.58668798, 0.05828347)
(0.56527388, 0.34836006, 0.46997008, 0.94338363, 0.71064460, 0.45752373, 0.71451271, 0.46989337, 0.33722261, 0.40201017)
(0.12994964, 0.28667557, 0.10313639, 0.59919226, 0.17057979, 0.96295357, 0.47867090, 0.28903356, 0.59311992, 0.62782443)
(0.27038580, 0.81856680, 0.75236440, 0.95177996, 0.90204811, 0.10984541, 0.04196282, 0.26127291, 0.58873355, 0.61505765)
(0.27345407, 0.48580986, 0.28795654, 0.23426485, 0.61307102, 0.08914158, 0.71061236, 0.04936614, 0.37301594, 0.61459428)
(0.61683470, 0.13496347, 0.08250934, 0.12690766, 0.25327700, 0.86860818, 0.22750841, 0.74153721, 0.56673050, 0.32235900)
(0.36826429, 0.09294479, 0.27899960, 0.89126062, 0.52333993, 0.48564667, 0.81183451, 0.65264791, 0.44534248, 0.27236739)
(0.39536530, 0.33698431, 0.96735954, 0.57826316, 0.15118830, 0.58361906, 0.16212422, 0.09903892, 0.60984063, 0.42566672)
(0.70447940, 0.22338103, 0.11527233, 0.40427300, 0.44814175, 0.26618674, 0.27061069, 0.86096984, 0.25376600, 0.83959067)
(0.61406797, 0.79810590, 0.69808787, 0.29731542, 0.23064972, 0.74423337, 0.85149908, 0.19967717, 0.37394744, 0.73003799)
(0.80710095, 0.71507740, 0.82480538, 0.28508198, 0.84920359, 0.30660057, 0.15274978, 0.68931574, 0.61896586, 0.06733783)
(0.35283023, 0.20477049, 0.64836764, 0.30323204, 0.78932482, 0.28421769, 0.43065199, 0.95237994, 0.13023117, 0.44653162)
(0.28074428, 0.29010221, 0.49935883, 0.35660738, 0.76497084, 0.34693763, 0.15470032, 0.05315841, 0.83223838, 0.65295041)
(0.51193243, 0.83844870, 0.49979874, 0.55225068, 0.72674537, 0.82163006, 0.81817847, 0.16001798, 0.07578823, 0.77234322)
(0.34355125, 0.72630090, 0.45622569, 0.04948403, 0.77880466, 0.59677678, 0.29381692, 0.19081295, 0.93208712, 0.59781450)
(0.69638902, 0.54683280, 0.67002422, 0.39125758, 0.62706256, 0.67262828, 0.33264193, 0.51950967, 0.07388256, 0.37444422)
(0.62124979, 0.36983025, 0.90693575, 0.72264528, 0.77569288, 0.25438398, 0.12038130, 0.15896429, 0.43400678, 0.42254928)
(0.56210417, 0.25307545, 0.30714652, 0.32496464, 0.17082301, 0.42941937, 0.88626957, 0.19029240, 0.31542143, 0.73520428)
(0.33992824, 0.11539698, 0.34298912, 0.27733815, 0.71719289, 0.89705318, 0.37001288, 0.13457119, 0.39637172, 0.27230516)
(0.28037685, 0.50196356, 0.87708175, 0.10903899, 0.31572577, 0.79072469, 0.56719935, 0.26836768, 0.29534873, 0.23598397)
(0.48694319, 0.37590843, 0.31025121, 0.92365044, 0.16538011, 0.87000805, 0.73542285, 0.59246618, 0.58802432, 0.43153673)
(0.21227877, 0.75348222, 0.34554380, 0.58335882, 0.91056269, 0.51001453, 0.10980888, 0.18610452, 0.68113601, 0.38156393)
(0.37070906, 0.92309648, 0.54887277, 0.54144198, 0.08128664, 0.47083938, 0.74599421, 0.50232506, 0.71769214, 0.52282047)
(0.82008857, 0.18621585, 0.08057765, 0.45077243, 0.63778907, 0.25921181, 0.93138331, 0.08718956, 0.54565597, 0.66382325)
(0.49341497, 0.32463256, 0.79134166, 0.29205438, 0.59796673, 0.35897142, 0.37054497, 0.73916250, 0.46402156, 0.14261109)
(0.20717944, 0.90852010, 0.63995147, 0.40715709, 0.17069204, 0.46328485, 0.13094689, 0.06433841, 0.32495579, 0.53525901)
(0.08035916, 0.37207532, 0.73930436, 0.32735080, 0.13515450, 0.04270817, 0.64927208, 0.25394854, 0.74952966, 0.18481854)
(0.41449583, 0.31151110, 0.27410570, 0.76089174, 0.57954150, 0.66436917, 0.87416029, 0.16591196, 0.18833730, 0.22415313)
(0.70061409, 0.39209619, 0.89620292, 0.68356365, 0.72350270, 0.25187030, 0.13040480, 0.59512460, 0.66154939, 0.19825737)
(0.38988468, 0.61468631, 0.78224707, 0.77355582, 0.71745718, 0.66243428, 0.73093528, 0.22117297, 0.68295878, 0.89776504)
(0.24718717, 0.95944202, 0.66456032, 0.09350960, 0.17691351, 0.57941878, 0.40011325, 0.44502741, 0.76034474, 0.18839750)
(0.34901729, 0.76398939, 0.09979775, 0.75326693, 0.26088840, 0.91290408, 0.30490834, 0.23091467, 0.88166893, 0.84235424)
(0.21629649, 0.47052890, 0.09389612, 0.34898278, 0.08225051, 0.84551895, 0.49338773, 0.67622423, 0.29715022, 0.51843959)
(0.13368107, 0.39532930, 0.06154388, 0.63475603, 0.32389820, 0.97457832, 0.43643436, 0.48096243, 0.31802943, 0.66971004)
(0.93794620, 0.41333577, 0.38021684, 0.34427786, 0.78231764, 0.26485121, 0.41807643, 0.23114811, 0.45623100, 0.64064246)
(0.41076306, 0.58555967, 0.49478695, 0.11610733, 0.56386459, 0.13155167, 0.82209337, 0.37753826, 0.95859879, 0.88432950)
(0.66504282, 0.23168659, 0.32028440, 0.41271383, 0.13469750, 0.62453800, 0.15666220, 0.80508691, 0.27147838, 0.16084005)
(0.11442040, 0.58164519, 0.52246475, 0.40808120, 0.76997763, 0.93849880, 0.22496167, 0.22555566, 0.50241393, 0.68853366)
(0.39768073, 0.62084281, 0.55849820, 0.14444041, 0.92966861, 0.12531261, 0.30110264, 0.26788983, 0.69606107, 0.02751385)
(0.32169038, 0.42122424, 0.49533880, 0.47926566, 0.92021561, 0.09935656, 0.16768372, 0.23509821, 0.72567761, 0.31043503)
(0.93145406, 0.04553448, 0.12082271, 0.23780890, 0.37931320, 0.11582889, 0.54407161, 0.34872133, 0.13627753, 0.75810874)
(0.06686372, 0.33204761, 0.84379631, 0.30199262, 0.12632908, 0.78294241, 0.49024010, 0.06411062, 0.31691864, 0.34931535)
(0.44148847, 0.52880365, 0.69634247, 0.05968279, 0.58822304, 0.69067252, 0.75460845, 0.42754522, 0.39155740, 0.30025589)
(0.23131329, 0.29750109, 0.67841309, 0.83451152, 0.33688977, 0.48913565, 0.07788406, 0.60568917, 0.36041760, 0.73829824)
(0.45345381, 0.58318865, 0.20898147, 0.39432168, 0.89743972, 0.61689562, 0.35544878, 0.21740384, 0.82852471, 0.39361802)
(0.77436852, 0.66011155, 0.60947359, 0.51193821, 0.82246596, 0.49267003, 0.63950694, 0.30174527, 0.17447424, 0.79303873)
(0.18668976, 0.32432929, 0.30819052, 0.55534941, 0.69400710, 0.93990511, 0.12776475, 0.22861195, 0.59406614, 0.37437078)
(0.48159841, 0.82719821, 0.34158301, 0.30447650, 0.15826820, 0.53205127, 0.76392299, 0.67908490, 0.89826512, 0.40859419)
(0.24930249, 0.19143270, 0.20068647, 0.72172827, 0.43385971, 0.60077381, 0.89409381, 0.11295623, 0.16943592, 0.23061037)
(0.85564244, 0.55101627, 0.10853001, 0.84828329, 0.38501480, 0.83524203, 0.84827673, 0.34435433, 0.12858531, 0.54760057)
(0.11205848, 0.31863743, 0.47748813, 0.38910791, 0.54304457, 0.94567508, 0.54628277, 0.17482257, 0.33988324, 0.32209826)
(0.58035290, 0.88424170, 0.45636648, 0.33665955, 0.55920327, 0.36608973, 0.35493436, 0.39259407, 0.96485817, 0.72622591)
(0.51629597, 0.19692180, 0.05345843, 0.87493122, 0.76722521, 0.22049196, 0.74777478, 0.39277998, 0.33960307, 0.78996980)
(0.37636304, 0.08102996, 0.25041077, 0.26097700, 0.39112046, 0.54146188, 0.73476332, 0.34829381, 0.07731810, 0.38546962)
(0.29867896, 0.20297025, 0.91040891, 0.51005208, 0.73496717, 0.15886660, 0.52780300, 0.14634340, 0.56017154, 0.52995944)
(0.42045867, 0.54061335, 0.79073238, 0.13260180, 0.31626680, 0.91348833, 0.53049332, 0.12476584, 0.35831198, 0.67626226)
(0.11373079, 0.28845701, 0.44088247, 0.31112415, 0.55274343, 0.89817894, 0.26841071, 0.67029196, 0.29032120, 0.84741050)
(0.23020291, 0.88107228, 0.46310228, 0.10068129, 0.15241162, 0.71730572, 0.20493078, 0.17949545, 0.74617958, 0.22065081)
(0.72001892, 0.44919303, 0.19964647, 0.79619843, 0.40015802, 0.82334954, 0.85266495, 0.50517023, 0.04249997, 0.06039589)
(0.13392164, 0.91047323, 0.30433959, 0.06886718, 0.37903792, 0.22235315, 0.19766398, 0.49491498, 0.63228852, 0.19143279)
(0.68940473, 0.86017799, 0.56453568, 0.17866234, 0.70926011, 0.85475761, 0.54419947, 0.32131538, 0.65229130, 0.55795550)
(0.92552686, 0.19254841, 0.20864442, 0.36734295, 0.86917377, 0.14280723, 0.38285965, 0.18598899, 0.74348199, 0.16994363)
(0.71779752, 0.08254676, 0.03686066, 0.60789180, 0.68707204, 0.25097147, 0.42921525, 0.75315887, 0.18787849, 0.81015748)
(0.21006656, 0.59458679, 0.93837929, 0.48133311, 0.12027786, 0.43386438, 0.33179370, 0.04502232, 0.48132321, 0.73372477)
(0.41907477, 0.62163484, 0.13123076, 0.73330253, 0.32142606, 0.96752065, 0.50117862, 0.14632727, 0.05418217, 0.27891538)
(0.58574218, 0.51558685, 0.82392025, 0.44678438, 0.67600441, 0.53711057, 0.49903792, 0.18651095, 0.30137715, 0.69564825)
(0.04013803, 0.51520783, 0.54320264, 0.56628984, 0.69742930, 0.88409340, 0.36054230, 0.17535992, 0.77170360, 0.16867509)
(0.71298665, 0.12079005, 0.86053300, 0.29481491, 0.81160337, 0.40210661, 0.36390308, 0.41063446, 0.27005640, 0.26674670)
(0.49113867, 0.75486499, 0.42431650, 0.58827543, 0.90515965, 0.25100848, 0.92331445, 0.35792100, 0.65451884, 0.65934455)
(0.35941032, 0.13882297, 0.46501902, 0.56659770, 0.60155988, 0.87082714, 0.16612484, 0.20974888, 0.70123059, 0.24653377)
(0.87286407, 0.25094843, 0.08131226, 0.50406706, 0.26366091, 0.39771771, 0.44296232, 0.84711057, 0.25273812, 0.91711789)
(0.24995355, 0.34299833, 0.73856682, 0.63038826, 0.34432870, 0.13496692, 0.27082399, 0.85471445, 0.25733778, 0.47749791)
(0.80526960, 0.79454201, 0.23864216, 0.41565222, 0.22499186, 0.13901980, 0.82766658, 0.56086272, 0.26358941, 0.25063798)
(0.18178721, 0.97607654, 0.22436424, 0.06621499, 0.70668709, 0.70194530, 0.40906215, 0.82632422, 0.79314870, 0.62226528)
(0.82602322, 0.85457718, 0.63133758, 0.59198338, 0.01779040, 0.07971232, 0.74620086, 0.58572668, 0.73823547, 0.92955422)
(0.47374049, 0.26375124, 0.24244778, 0.49695864, 0.97145015, 0.33858052, 0.37922147, 0.39718020, 0.76779884, 0.21955681)
(0.82555598, 0.65790135, 0.71188909, 0.28154963, 0.69013965, 0.59981835, 0.70575815, 0.35449582, 0.14571540, 0.89418691)
(0.43667063, 0.60414779, 0.18138100, 0.37492672, 0.41544574, 0.84544915, 0.61913854, 0.97730482, 0.03575302, 0.54034209)
(0.81912208, 0.15554190, 0.33049545, 0.24074480, 0.84164768, 0.06296355, 0.62215853, 0.76930106, 0.01850887, 0.77501571)
(0.27145594, 0.58228928, 0.43893179, 0.21055520, 0.74113357, 0.08731996, 0.23986706, 0.25327340, 0.90085649, 0.53261697)
(0.05282767, 0.58602369, 0.47143516, 0.48228097, 0.77678078, 0.83432639, 0.44083959, 0.17658214, 0.62382030, 0.18591225)
(0.33327523, 0.68441707, 0.12165259, 0.92007804, 0.18827267, 0.48003951, 0.56696707, 0.62038755, 0.95578200, 0.74332082)
(0.80025458, 0.82189894, 0.39756152, 0.25174561, 0.44293717, 0.52226901, 0.69842005, 0.31901759, 0.00802073, 0.43373564)
(0.67127109, 0.45388263, 0.15874925, 0.25307474, 0.14114609, 0.86422664, 0.33036876, 0.97743988, 0.14678344, 0.43221039)
(0.54756778, 0.25828940, 0.45290369, 0.29346937, 0.95880926, 0.30711669, 0.13072959, 0.23620149, 0.93609518, 0.13102892)
(0.76497000, 0.31239066, 0.43596914, 0.45035753, 0.58322388, 0.59819710, 0.18204029, 0.41992113, 0.22092189, 0.77603149)
(0.19273102, 0.76018906, 0.69246930, 0.05941102, 0.43030035, 0.71362889, 0.19297718, 0.35051724, 0.60721850, 0.31482339)
(0.86246985, 0.67231643, 0.46786302, 0.25476661, 0.31184608, 0.57245791, 0.90636045, 0.62865239, 0.15931852, 0.24582261)
(0.79396147, 0.19686390, 0.89102262, 0.78599495, 0.44416365, 0.35960323, 0.24602857, 0.88836539, 0.38375205, 0.61865008)
(0.50832301, 0.87107515, 0.50613850, 0.21040165, 0.04802785, 0.53894556, 0.82019764, 0.55093724, 0.91420460, 0.57744789)
(0.93952942, 0.27424216, 0.38527071, 0.19490410, 0.14657071, 0.66148150, 0.10055355, 0.93747783, 0.11582694, 0.81164819)
(0.59312773, 0.16046685, 0.37762505, 0.32193094, 0.21699059, 0.29349771, 0.02061810, 0.64308661, 0.16557486, 0.80774039)
(0.82636803, 0.37931070, 0.94653857, 0.47061801, 0.42424816, 0.45843431, 0.39319524, 0.32299715, 0.54412544, 0.24593285)
(0.69463611, 0.59647423, 0.81427711, 0.55330169, 0.49360269, 0.52625489, 0.96448940, 0.27998924, 0.78362775, 0.52446169)
(0.25550744, 0.07258800, 0.38019034, 0.10583330, 0.27129558, 0.15446874, 0.31978562, 0.87063533, 0.33074522, 0.54048097)
(0.57695442, 0.70579171, 0.19709317, 0.84116602, 0.44809920, 0.89467883, 0.89919084, 0.09549801, 0.42984724, 0.27589753)
(0.04417234, 0.60234511, 0.82281590, 0.60942030, 0.30414152, 0.64210021, 0.28924552, 0.10586932, 0.67220885, 0.53565758)
(0.33803442, 0.78833526, 0.67413926, 0.24428761, 0.40627113, 0.55237901, 0.02179647, 0.67329139, 0.85434949, 0.37368464)
(0.66557944, 0.46054208, 0.09893241, 0.88070321, 0.63425708, 0.51722455, 0.62615252, 0.33651289, 0.23871334, 0.80890137)
(0.78524315, 0.74011326, 0.34131783, 0.35275620, 0.39776713, 0.46725029, 0.84445143, 0.59705812, 0.08288115, 0.29871410)
(0.26616010, 0.85921746, 0.76027989, 0.61236238, 0.12244330, 0.65163547, 0.53726405, 0.61306423, 0.44270658, 0.65378797)
(0.74977368, 0.35444468, 0.32340714, 0.89006102, 0.52700418, 0.37051269, 0.66842198, 0.43734291, 0.24532443, 0.13109852)
(0.16379404, 0.21735932, 0.43991718, 0.93824202, 0.62611699, 0.73149908, 0.85805392, 0.43376055, 0.44209218, 0.39604124)
(0.47047138, 0.93242508, 0.76678389, 0.34906834, 0.53248924, 0.28974348, 0.28585649, 0.77229768, 0.84044707, 0.46808100)
(0.51738089, 0.40245664, 0.13748343, 0.65101558, 0.72731966, 0.87454009, 0.74669755, 0.12031353, 0.84910113, 0.62607229)
(0.50688076, 0.41977954, 0.23793922, 0.78658128, 0.45429987, 0.74831843, 0.78179044, 0.75375754, 0.03950459, 0.30942011)
(0.26795340, 0.10300429, 0.09223408, 0.70719296, 0.30787838, 0.65397727, 0.76783329, 0.72711754, 0.48553121, 0.44703874)
(0.36925694, 0.78816998, 0.71840745, 0.21134709, 0.25531164, 0.59513485, 0.93308127, 0.64403129, 0.88542235, 0.47648165)
(0.59899974, 0.55035329, 0.61563373, 0.42240259, 0.41782525, 0.72514033, 0.93866450, 0.30687153, 0.36303809, 0.82871991)
(0.33587298, 0.36409262, 0.45756456, 0.26113948, 0.94923049, 0.38231561, 0.34947985, 0.07197557, 0.40841201, 0.49746853)
(0.80741954, 0.43279216, 0.32906806, 0.66389042, 0.39369887, 0.20960499, 0.80807281, 0.52446401, 0.18977556, 0.14444837)
(0.61577517, 0.54547071, 0.38124019, 0.57418519, 0.46264678, 0.89464784, 0.63736051, 0.55748779, 0.01247260, 0.06694769)
(0.40700668, 0.68523306, 0.05151815, 0.79712272, 0.67967421, 0.73852539, 0.78101921, 0.31983122, 0.96897483, 0.80626690)
(0.17677191, 0.22741841, 0.22028542, 0.49816498, 0.72401154, 0.33033997, 0.41921493, 0.05681173, 0.47143534, 0.69676507)
(0.40060213, 0.35111213, 0.12954108, 0.58721906, 0.57318151, 0.80459809, 0.81094170, 0.20587057, 0.09926692, 0.53365427)
(0.35216030, 0.39816639, 0.38031527, 0.33686829, 0.83167744, 0.73092639, 0.23717402, 0.09868904, 0.81505001, 0.67937976)
(0.70391190, 0.42672119, 0.11478841, 0.96246374, 0.50571436, 0.52376902, 0.87583369, 0.20570576, 0.38397893, 0.33312303)
(0.49534318, 0.54916841, 0.90776253, 0.10518865, 0.91324186, 0.18871813, 0.12827364, 0.38834271, 0.88829815, 0.16846119)
(0.77620745, 0.68610781, 0.69697809, 0.21812780, 0.53321511, 0.58358467, 0.92620701, 0.53347355, 0.19629906, 0.73699743)
(0.01674346, 0.56107503, 0.85676408, 0.68807560, 0.22760929, 0.38922849, 0.21466149, 0.06734770, 0.77204567, 0.20445937)
(0.09213682, 0.17885347, 0.68718690, 0.32514054, 0.30454588, 0.37998885, 0.73373044, 0.12874921, 0.64958739, 0.33882484)
(0.60159516, 0.24592806, 0.43823525, 0.70987409, 0.54872817, 0.32952139, 0.65926623, 0.43561655, 0.12291453, 0.18884659)
(0.09222412, 0.55834246, 0.09472320, 0.74051768, 0.56278634, 0.92415941, 0.43466362, 0.43573961, 0.31985319, 0.79916048)
(0.13614650, 0.34142533, 0.35384095, 0.15843929, 0.67465699, 0.90017235, 0.43705958, 0.16383319, 0.38741195, 0.63814950)
