(0.14211410, 0.76298541, 0.60395670, 0.49129492, 0.67123020, 0.74368083, 0.76783979, 0.51011932, 0.47186306, 0.57669091)
(0.66730422, 0.70173597, 0.69887209, 0.74350756, 0.25393090, 0.45595226, 0.57948959, 0.25271985, 0.60532749, 0.63909131)
(0.44328654, 0.62504107, 0.71589404, 0.50728101, 0.40040770, 0.63945097, 0.70156032, 0.48221344, 0.68708521, 0.56960702)
(0.36098045, 0.69029582, 0.66486782, 0.47714293, 0.47153735, 0.67980874, 0.69029665, 0.46660480, 0.65534776, 0.60276496)
(0.57243884, 0.88070589, 0.77300918, 0.97869849, 0.09885862, 0.23032382, 0.69613504, 0.04537064, 0.21883032, 0.77352464)
(0.15428250, 0.67172104, 0.71784544, 0.51449668, 0.61666214, 0.74837875, 0.82667452, 0.64055848, 0.53392404, 0.50251472)
(0.60661244, 0.42765039, 0.77151841, 0.76172328, 0.40944195, 0.30518231, 0.68810642, 0.33244607, 0.36213443, 0.40906572)
(0.23560514, 0.87850738, 0.46494365, 0.63382059, 0.47240227, 0.65352023, 0.61709952, 0.20546643, 0.45990801, 0.75691164)
(0.29879656, 0.82029557, 0.44931281, 0.49537307, 0.54583222, 0.65081048, 0.56062686, 0.27689686, 0.50533342, 0.71605873)
(0.21846011, 0.81230557, 0.48103595, 0.55774528, 0.60261542, 0.65392220, 0.63218856, 0.32120588, 0.42098552, 0.67542607)
(0.41602993, 0.60156566, 0.72995937, 0.91581070, 0.36658013, 0.26803064, 0.73373854, 0.23973654, 0.18308051, 0.49554899)
(0.21891013, 0.65854686, 0.49966335, 0.61294878, 0.68804801, 0.54196060, 0.65728581, 0.43352368, 0.27422035, 0.52764505)
(0.47088113, 0.50122529, 0.59328043, 0.68954992, 0.53575951, 0.33113426, 0.60478711, 0.32143503, 0.26765913, 0.47809964)
(0.32613888, 0.89065373, 0.60056120, 0.60655630, 0.30966634, 0.70776427, 0.65901172, 0.19458994, 0.67128313, 0.78710997)
(0.16642593, 0.63299924, 0.47162941, 0.59705311, 0.79718524, 0.51961154, 0.66516888, 0.46234921, 0.18216664, 0.46486190)
(0.33501285, 0.63272035, 0.89304608, 0.26354551, 0.50433338, 0.83153301, 0.86286712, 0.70556271, 0.85117066, 0.47425398)
(0.28134027, 0.61455369, 0.50599313, 0.47337243, 0.65533268, 0.59597427, 0.62832749, 0.49857932, 0.42910776, 0.53330964)
(0.69545317, 0.74411029, 0.54151946, 0.54812199, 0.37187597, 0.48928574, 0.42889306, 0.21035948, 0.58953726, 0.66353989)
(0.23877168, 0.56956857, 0.70343560, 0.68214864, 0.56657177, 0.57913756, 0.78446168, 0.55956244, 0.38031495, 0.44625419)
(0.56631500, 0.83595413, 0.52130198, 0.69163173, 0.25442472, 0.51354140, 0.48430482, 0.13519286, 0.57629180, 0.77425915)
(0.44263119, 0.34876275, 0.89553511, 0.59866989, 0.39077333, 0.59516603, 0.86780792, 0.69748795, 0.65361029, 0.30660072)
(0.17787778, 0.80050969, 0.50340927, 0.83005154, 0.61490726, 0.45932549, 0.68706560, 0.23382522, 0.15384527, 0.60768908)
(0.34398264, 0.55349022, 0.75570542, 0.58763027, 0.44687954, 0.62352920, 0.77659869, 0.58473206, 0.59547597, 0.48264226)
(0.22149724, 0.92253643, 0.47701195, 0.88186914, 0.35360205, 0.51405168, 0.64556545, 0.09669302, 0.25215396, 0.79840106)
(0.50915211, 0.79632026, 0.67423719, 0.90808356, 0.19469349, 0.36953145, 0.64231026, 0.13905486, 0.36603874, 0.71819812)
(0.41968068, 0.60250300, 0.48328361, 0.55383480, 0.52424484, 0.50324702, 0.54696172, 0.39945477, 0.44855177, 0.58247095)
(0.18859571, 0.73488498, 0.85905558, 0.84844226, 0.34015092, 0.65733796, 0.89723819, 0.46026465, 0.47219422, 0.51795393)
(0.27258772, 0.72838992, 0.71600789, 0.49685267, 0.47301021, 0.73465061, 0.76608628, 0.49880114, 0.66780424, 0.59996933)
(0.78724802, 0.21951000, 0.90571117, 0.53121054, 0.46701148, 0.35604453, 0.74779624, 0.55385268, 0.58516967, 0.19593410)
(0.29781249, 0.54871601, 0.69005191, 0.76133937, 0.51922125, 0.47756919, 0.75420237, 0.47910297, 0.31711298, 0.45050812)
(0.34614956, 0.65295273, 0.43765140, 0.60977572, 0.59134179, 0.47939429, 0.54676163, 0.34651706, 0.32748768, 0.58717495)
(0.34329894, 0.75942928, 0.44037932, 0.24491322, 0.75736225, 0.67568356, 0.50655794, 0.35228691, 0.49979958, 0.61579591)
(0.55842835, 0.86968648, 0.80068272, 0.58289057, 0.17603858, 0.73199087, 0.70723969, 0.21291997, 0.85149807, 0.77432072)
(0.17857382, 0.96505451, 0.40972620, 0.42199928, 0.57889396, 0.81588215, 0.56846184, 0.12041655, 0.56828851, 0.86825252)
(0.36222664, 0.72085011, 0.82243365, 0.32664004, 0.44946891, 0.80546308, 0.79724824, 0.56266147, 0.82499826, 0.58682960)
(0.22301829, 0.67760485, 0.81325358, 0.48782799, 0.49067459, 0.77525413, 0.84862673, 0.63517630, 0.69940281, 0.52261269)
(0.15919223, 0.70061976, 0.75932199, 0.59946299, 0.53863645, 0.74433726, 0.84867227, 0.60170150, 0.54337740, 0.51865500)
(0.35221195, 0.70137596, 0.60191238, 0.60610539, 0.44581062, 0.59849620, 0.65647900, 0.39183158, 0.53686464, 0.62271881)
(0.26869258, 0.62746304, 0.54407769, 0.84484798, 0.64209169, 0.31218085, 0.66223818, 0.28816134, 0.11277974, 0.47113386)
(0.20923609, 0.70656115, 0.80559838, 0.64682353, 0.42419818, 0.72989714, 0.85570276, 0.55372232, 0.61467057, 0.53746456)
(0.22414990, 0.69781566, 0.61909705, 0.41553837, 0.62734997, 0.72397918, 0.72794753, 0.54282802, 0.57358468, 0.56552273)
(0.86060405, 0.56205785, 0.83182102, 0.48009354, 0.35737678, 0.47657460, 0.56686985, 0.36030945, 0.74694771, 0.42533267)
(0.22046183, 0.76142329, 0.71251750, 0.44152334, 0.54906595, 0.77462757, 0.77918053, 0.51712054, 0.66285819, 0.60121113)
(0.36390701, 0.84755397, 0.25191382, 0.60845798, 0.63681853, 0.45906237, 0.35731634, 0.11511590, 0.22646417, 0.74625558)
(0.14526524, 0.96078986, 0.58152729, 0.74523234, 0.31537181, 0.77373093, 0.74801874, 0.11701611, 0.56419432, 0.85049230)
(0.15996890, 0.81367075, 0.46819371, 0.52970088, 0.67798370, 0.68693787, 0.67031193, 0.36542889, 0.38159260, 0.65003115)
(0.12403917, 0.81631768, 0.50654107, 0.62325847, 0.68499851, 0.67540532, 0.73073280, 0.37353185, 0.30297974, 0.62312567)
(0.32708895, 0.43722403, 0.84860432, 0.61336833, 0.44105586, 0.62882978, 0.85658211, 0.69158179, 0.59905785, 0.36882508)
(0.36074969, 0.90978104, 0.51742733, 0.43785921, 0.43307307, 0.74247456, 0.55557752, 0.18101187, 0.67652464, 0.81262237)
(0.50204426, 0.43317100, 0.89980149, 0.81171131, 0.26263526, 0.47706372, 0.84921432, 0.51672572, 0.57449216, 0.37968326)
(0.78837246, 0.37188241, 0.90505451, 0.68316197, 0.29393548, 0.40894800, 0.73969662, 0.47957462, 0.69836098, 0.32484418)
(0.55892098, 0.74299115, 0.44438058, 0.50744236, 0.43563786, 0.51992512, 0.43180311, 0.21788104, 0.52420741, 0.69549334)
(0.20502946, 0.94645739, 0.26451945, 0.82138568, 0.50578231, 0.49321902, 0.47169304, 0.05522624, 0.17060356, 0.84551090)
(0.11508206, 0.68635988, 0.70024544, 0.47827244, 0.70662451, 0.76887184, 0.83632749, 0.66615552, 0.47987899, 0.48111790)
(0.89664960, 0.31793004, 0.96235824, 0.42995051, 0.32250527, 0.50600350, 0.78278053, 0.58319765, 0.86215514, 0.21495199)
(0.61260998, 0.84825754, 0.73366845, 0.86591566, 0.12800224, 0.47398278, 0.63814402, 0.12341245, 0.61690766, 0.77239770)
(0.48474213, 0.24659826, 0.89266163, 0.76036835, 0.42531446, 0.38631707, 0.85627651, 0.61677045, 0.41796723, 0.22729775)
(0.18253997, 0.62944269, 0.59516579, 0.40792316, 0.72803152, 0.70104408, 0.73839122, 0.61854398, 0.46725452, 0.48793069)
(0.14350913, 0.89722186, 0.35257661, 0.46611208, 0.73407948, 0.71271873, 0.58030480, 0.22983772, 0.34228218, 0.73873270)
(0.49988297, 0.31399596, 0.79374039, 0.77024025, 0.50248986, 0.28836274, 0.75413424, 0.45605579, 0.27810049, 0.29767111)
(0.47471216, 0.89656824, 0.62537998, 0.58926564, 0.23749448, 0.68594497, 0.59959048, 0.15217075, 0.74398410, 0.81477618)
(0.32573190, 0.50313324, 0.81192237, 0.67918521, 0.42925635, 0.59487432, 0.82455593, 0.61519426, 0.54860818, 0.42310643)
(0.13055323, 0.81569636, 0.77043563, 0.69183969, 0.49475700, 0.76216239, 0.86186892, 0.47536626, 0.52104169, 0.59811127)
(0.26250729, 0.72342640, 0.54180342, 0.86539751, 0.53266358, 0.37372851, 0.67175955, 0.24031395, 0.15731506, 0.57106245)
(0.34950984, 0.76698732, 0.42181885, 0.42456290, 0.62655091, 0.61349767, 0.50481361, 0.30744311, 0.46757740, 0.66943014)
(0.55446219, 0.49622592, 0.71837300, 0.79864913, 0.49016270, 0.24055304, 0.65598875, 0.22760539, 0.19696546, 0.43308800)
(0.25544125, 0.72323626, 0.90255940, 0.73053616, 0.26959452, 0.74939585, 0.90500712, 0.54011488, 0.72600859, 0.53466308)
(0.10981215, 0.58455241, 0.73270571, 0.43486056, 0.77630025, 0.75913781, 0.85597026, 0.74998033, 0.44982576, 0.38724095)
(0.59211946, 0.65954262, 0.65515161, 0.36306348, 0.45100406, 0.62544775, 0.56388623, 0.38665012, 0.71507633, 0.60633379)
(0.06383511, 0.88860631, 0.76968277, 0.51444930, 0.60500962, 0.88542497, 0.89756429, 0.53008890, 0.63169187, 0.64577192)
(0.20180535, 0.69791782, 0.74194741, 0.75738156, 0.48003349, 0.62510467, 0.82383376, 0.47449535, 0.40369320, 0.52419013)
(0.13868830, 0.68161130, 0.65327495, 0.56395257, 0.68382800, 0.70352226, 0.80086493, 0.59171027, 0.39377621, 0.49344730)
(0.69887757, 0.51758391, 0.57515538, 0.50214177, 0.75893581, 0.17605110, 0.44282231, 0.12306073, 0.09514464, 0.41816923)
(0.65530449, 0.40181503, 0.76007146, 0.25060692, 0.61703658, 0.53155410, 0.60820353, 0.53848052, 0.64314061, 0.35458562)
(0.24964210, 0.74329096, 0.60701758, 0.45691437, 0.56402975, 0.71754122, 0.70339745, 0.46401522, 0.59132415, 0.61798549)
(0.54106390, 0.83470255, 0.76605082, 0.69193453, 0.16860914, 0.64299864, 0.69627595, 0.20674792, 0.77790487, 0.74833620)
(0.36044517, 0.51554781, 0.80767453, 0.58081025, 0.42120197, 0.63739049, 0.80984938, 0.62731564, 0.64244229, 0.45037261)
(0.26091385, 0.93059951, 0.45059547, 0.90686440, 0.31543791, 0.45428801, 0.59650826, 0.06943933, 0.22083990, 0.82256037)
(0.51280427, 0.61532402, 0.76791549, 0.47055650, 0.42333746, 0.63736284, 0.69790542, 0.47949782, 0.70519125, 0.53530210)
(0.40519637, 0.61958748, 0.65743345, 0.16489501, 0.75035751, 0.71026909, 0.62960088, 0.54262549, 0.64527148, 0.48220125)
(0.41754642, 0.86388868, 0.76221073, 0.71492487, 0.18299265, 0.68655998, 0.74496549, 0.21278735, 0.75648099, 0.75672120)
(0.49472064, 0.87245023, 0.59437096, 0.67003208, 0.23544726, 0.60601324, 0.57218707, 0.14868365, 0.66556817, 0.79482132)
(0.14182307, 0.85529375, 0.39989215, 0.55092663, 0.71038765, 0.67382824, 0.63462269, 0.28705460, 0.30936930, 0.68589926)
(0.49334231, 0.82678074, 0.59050310, 0.62136048, 0.27622446, 0.60004848, 0.57617128, 0.19749859, 0.66020024, 0.75516862)
(0.43524131, 0.57471162, 0.86847031, 0.10309702, 0.71660095, 0.80262613, 0.78155005, 0.68128675, 0.81935036, 0.40245795)
(0.08435467, 0.79794914, 0.33394027, 0.55999076, 0.89918947, 0.57343471, 0.63179123, 0.32504591, 0.09734043, 0.52931327)
(0.19780520, 0.53935617, 0.83741534, 0.74547356, 0.50378186, 0.63035178, 0.87946332, 0.65601724, 0.43651125, 0.38360250)
(0.16641867, 0.58959627, 0.88735110, 0.25095490, 0.68791956, 0.85317105, 0.90361238, 0.81587410, 0.76591861, 0.38169923)
(0.34578234, 0.61536586, 0.76854748, 0.44044048, 0.46195096, 0.71359187, 0.77657527, 0.59254819, 0.71589434, 0.52927709)
(0.30907947, 0.69861186, 0.69310290, 0.58111733, 0.44879171, 0.66518122, 0.73708290, 0.46450946, 0.59963679, 0.58953464)
(0.69072109, 0.70244181, 0.64408612, 0.66175073, 0.31453335, 0.46341690, 0.51146108, 0.25307450, 0.60660392, 0.63900381)
(0.18830781, 0.49109316, 0.91012967, 0.81277317, 0.43919882, 0.63454741, 0.92630315, 0.70719594, 0.46002409, 0.31993374)
(0.35987189, 0.61834592, 0.82761371, 0.58211005, 0.36448419, 0.68465942, 0.82018030, 0.56072307, 0.70380998, 0.51458710)
(0.36110339, 0.67053443, 0.86096776, 0.75974923, 0.25595084, 0.64188051, 0.85036349, 0.46398404, 0.66287994, 0.53714347)
(0.20772190, 0.81722248, 0.26222584, 0.79322571, 0.79725385, 0.31977090, 0.44594410, 0.12591583, 0.05780044, 0.62675995)
(0.40994036, 0.39635643, 0.84799749, 0.62566334, 0.40956992, 0.57561433, 0.83479661, 0.65596557, 0.60056251, 0.35558146)
(0.77263743, 0.51356405, 0.83106148, 0.54346573, 0.34794042, 0.49407321, 0.64182329, 0.43019363, 0.73030782, 0.42984855)
(0.14787906, 0.70360017, 0.59816128, 0.47654098, 0.70606184, 0.72021192, 0.76225984, 0.56883693, 0.43761963, 0.52783191)
(0.45077476, 0.66468573, 0.68798995, 0.42813757, 0.44086003, 0.67338347, 0.66835928, 0.46289617, 0.71036428, 0.59892422)
(0.28265226, 0.63857281, 0.79396147, 0.55838180, 0.43230844, 0.71074015, 0.82134771, 0.59030098, 0.66650116, 0.52093351)
(0.43979189, 0.42362821, 0.90800482, 0.74973357, 0.29761410, 0.56379473, 0.87389565, 0.62663800, 0.63836318, 0.35837686)
(0.64542723, 0.55685979, 0.67930454, 0.68524724, 0.49342105, 0.29226413, 0.56678396, 0.21817295, 0.29126218, 0.48746201)
(0.36958623, 0.68859303, 0.73862916, 0.11831997, 0.77952451, 0.79917467, 0.69633543, 0.57129455, 0.72586918, 0.47802401)
(0.68524110, 0.78665280, 0.65232676, 0.41772020, 0.33279768, 0.62976629, 0.50115472, 0.23556922, 0.76776814, 0.71141303)
(0.26319167, 0.67801446, 0.69816405, 0.48776740, 0.52842712, 0.71182990, 0.75832045, 0.54939586, 0.61846888, 0.56013465)
(0.31470028, 0.70560861, 0.66443938, 0.75355196, 0.40408358, 0.54906762, 0.72768855, 0.36148787, 0.43244901, 0.59259558)
(0.18829565, 0.89414662, 0.42631331, 0.46734264, 0.61694860, 0.73668820, 0.60224497, 0.24477501, 0.48642689, 0.76178259)
(0.84565967, 0.50428838, 0.79754269, 0.35966718, 0.45967755, 0.49277180, 0.54747427, 0.41946137, 0.72412133, 0.37852037)
(0.19035697, 0.64495170, 0.51658899, 0.82998282, 0.72330588, 0.34993079, 0.69011241, 0.32189107, 0.09279168, 0.45468387)
(0.62619251, 0.40964726, 0.62123328, 0.50036734, 0.71905899, 0.23484176, 0.53186995, 0.24517764, 0.16481289, 0.36066908)
(0.25199828, 0.77784306, 0.52593535, 0.36356720, 0.66293705, 0.72253335, 0.63554895, 0.41520864, 0.55133307, 0.63600159)
(0.28012669, 0.64347351, 0.62599009, 0.42586246, 0.59514904, 0.68468910, 0.70527142, 0.55218208, 0.58114898, 0.54722846)
(0.36651573, 0.70773637, 0.49269563, 0.44644353, 0.56030566, 0.61940849, 0.56336313, 0.38400382, 0.53576690, 0.63767797)
(0.49832904, 0.54930979, 0.70226812, 0.80861390, 0.38485587, 0.34853449, 0.67535383, 0.32400283, 0.33260104, 0.50032711)
(0.39268896, 0.91273326, 0.42539012, 0.70461959, 0.27718753, 0.58221400, 0.50213259, 0.09096316, 0.52469045, 0.83391285)
(0.28187349, 0.43487850, 0.85869443, 0.62921137, 0.46591881, 0.64228082, 0.87527251, 0.71892041, 0.57136977, 0.34995916)
(0.29708225, 0.48523310, 0.80829144, 0.55459708, 0.48969376, 0.65927333, 0.83259004, 0.68717730, 0.60372055, 0.40927812)
(0.45593402, 0.35693598, 0.84463453, 0.78720218, 0.39842382, 0.40212905, 0.81171060, 0.53937906, 0.42023924, 0.32788917)
(0.48519790, 0.71676439, 0.42311826, 0.39685977, 0.59404773, 0.55530894, 0.44381797, 0.28122815, 0.47591969, 0.64020234)
(0.35867238, 0.25080773, 0.95864451, 0.61407417, 0.42485839, 0.64886731, 0.94353127, 0.82348818, 0.65179187, 0.18162246)
(0.62402755, 0.36417153, 0.88750374, 0.76175076, 0.29539600, 0.41749930, 0.79692173, 0.50843751, 0.58941770, 0.34775344)
(0.31575772, 0.60894322, 0.56096292, 0.25736845, 0.75419897, 0.66621035, 0.62456310, 0.54520714, 0.52172190, 0.49088943)
(0.27354798, 0.51480007, 0.58112353, 0.78194213, 0.69678730, 0.32838199, 0.68326449, 0.40116009, 0.13209467, 0.38809156)
(0.57191473, 0.70520532, 0.50485319, 0.45794314, 0.52500921, 0.51402193, 0.45382428, 0.27180353, 0.50125480, 0.63258952)
(0.44481340, 0.86855936, 0.48672256, 0.74013847, 0.26111522, 0.52825242, 0.52645802, 0.12275090, 0.51855850, 0.79265833)
(0.27253589, 0.36240345, 0.81324834, 0.76114070, 0.58816975, 0.45408991, 0.84407693, 0.64344251, 0.29070047, 0.27288359)
(0.15782665, 0.72775644, 0.63698572, 0.50373513, 0.64416450, 0.73389077, 0.77780360, 0.54518783, 0.49076307, 0.55551410)
(0.29914418, 0.54047090, 0.76649034, 0.71234721, 0.46595410, 0.56460989, 0.80195224, 0.55363399, 0.45758060, 0.43930021)
(0.50381738, 0.67177564, 0.55049801, 0.28501347, 0.61255163, 0.63264608, 0.51951700, 0.39466450, 0.61527610, 0.59069264)
(0.26059577, 0.78322381, 0.50004852, 0.44621149, 0.59393245, 0.69009721, 0.62238693, 0.37344438, 0.53216422, 0.66582382)
(0.66411996, 0.46770227, 0.69244677, 0.54262894, 0.54391295, 0.36824256, 0.57431287, 0.35732624, 0.41008228, 0.41150463)
(0.12371597, 0.80503088, 0.49759886, 0.63837773, 0.69998229, 0.65470326, 0.72567749, 0.37571713, 0.27104595, 0.60874468)
(0.13032006, 0.82233691, 0.55488312, 0.48449469, 0.66912967, 0.76270932, 0.74679452, 0.43937507, 0.47857976, 0.63844413)
(0.14213638, 0.73767877, 0.33296978, 0.69655877, 0.85704124, 0.41616988, 0.57243514, 0.27046716, 0.07299732, 0.50888211)
(0.59679741, 0.50146645, 0.77068096, 0.54089773, 0.38303769, 0.54567915, 0.68353480, 0.50205213, 0.68128932, 0.46792540)
(0.37534168, 0.57534844, 0.60432422, 0.67155957, 0.49851224, 0.49030393, 0.65597576, 0.43899173, 0.40225518, 0.52257693)
(0.20071970, 0.85482091, 0.55608863, 0.61135274, 0.48286232, 0.70336556, 0.70345950, 0.29037604, 0.51282907, 0.71303308)
(0.20679623, 0.77202219, 0.77410293, 0.76016647, 0.38665700, 0.67972887, 0.83824170, 0.42700860, 0.51494282, 0.59259683)
(0.22435598, 0.66172868, 0.63167793, 0.33596495, 0.69163990, 0.73344970, 0.73157173, 0.59440267, 0.57606381, 0.52163428)
(0.17709889, 0.84965205, 0.51713729, 0.60133463, 0.55535758, 0.69526017, 0.69406331, 0.30359104, 0.44612235, 0.69930136)
(0.60141170, 0.86194611, 0.67968041, 0.91581070, 0.13087365, 0.38198799, 0.59574819, 0.08790494, 0.45439544, 0.79276854)
(0.36404350, 0.61765486, 0.81280154, 0.67150176, 0.34254161, 0.63390392, 0.80989915, 0.51837474, 0.63931102, 0.51679224)
(0.75179654, 0.19371100, 0.88174230, 0.46601710, 0.58715612, 0.31787500, 0.72770387, 0.53791648, 0.44912270, 0.17126717)
(0.26712501, 0.88247436, 0.51804751, 0.78712201, 0.36102328, 0.57405543, 0.64512509, 0.15974328, 0.39668894, 0.76203722)
(0.27032313, 0.59829754, 0.77635247, 0.79603523, 0.44103622, 0.54230183, 0.81845754, 0.48934719, 0.38800678, 0.46338475)
(0.57115787, 0.71268308, 0.50607055, 0.71145707, 0.49870589, 0.29310086, 0.45852995, 0.12693761, 0.21400143, 0.64085394)
(0.52637321, 0.65841514, 0.56771153, 0.44166088, 0.46700421, 0.58079696, 0.53792727, 0.37496957, 0.62235355, 0.62315404)
(0.28098556, 0.37318864, 0.95296860, 0.64036787, 0.38906154, 0.71521735, 0.94601583, 0.80984652, 0.70118767, 0.25702500)
(0.66327471, 0.41414842, 0.90868372, 0.61496115, 0.28578734, 0.55130613, 0.80676806, 0.58050650, 0.76597106, 0.36792907)
(0.43378189, 0.67004448, 0.56892300, 0.43393466, 0.50928497, 0.62299705, 0.58569139, 0.41730723, 0.60954809, 0.61463016)
(0.56799841, 0.79215789, 0.42496610, 0.64524788, 0.36478314, 0.46535167, 0.41097236, 0.15117596, 0.46543449, 0.73740095)
(0.20527565, 0.90722042, 0.72366667, 0.59132415, 0.34035343, 0.81056058, 0.79177737, 0.27974701, 0.72960711, 0.76622331)
(0.21836123, 0.62793249, 0.82774705, 0.63784820, 0.47228333, 0.70565301, 0.86302269, 0.62869328, 0.58514524, 0.46606252)
(0.18338975, 0.55963081, 0.90899837, 0.73310310, 0.41074246, 0.72170383, 0.92685533, 0.72354710, 0.59895045, 0.37877476)
(0.15964186, 0.73235500, 0.63265586, 0.45159751, 0.65780795, 0.75229311, 0.77270651, 0.55761325, 0.52805257, 0.56218976)
(0.23733377, 0.74640179, 0.83006245, 0.35966524, 0.48468184, 0.83782363, 0.84776181, 0.61556560, 0.80439889, 0.58073258)
(0.39340380, 0.70159239, 0.57602262, 0.44027254, 0.50194418, 0.65118891, 0.61159986, 0.41187063, 0.62067550, 0.63263297)
(0.79125124, 0.71560180, 0.75428426, 0.50451028, 0.33532506, 0.52611858, 0.51711524, 0.25752085, 0.72455323, 0.59238982)
(0.75695992, 0.59001744, 0.87287611, 0.84990340, 0.18623784, 0.35979396, 0.71963364, 0.25872561, 0.60396445, 0.50317317)
(0.62687939, 0.56912392, 0.61710018, 0.59649193, 0.57944679, 0.33289662, 0.51521313, 0.25303966, 0.28791326, 0.48000374)
(0.37618572, 0.65612572, 0.44707787, 0.67430496, 0.54453593, 0.43021184, 0.53977627, 0.30038372, 0.29711342, 0.59569472)
(0.13665831, 0.95448101, 0.51244015, 0.59640825, 0.45103884, 0.80276817, 0.70245749, 0.15284525, 0.57209253, 0.83931053)
(0.43135521, 0.63940775, 0.37986448, 0.61571360, 0.65924031, 0.35899034, 0.43386006, 0.24408478, 0.20086712, 0.59093922)
(0.39973673, 0.66348171, 0.67973971, 0.80713063, 0.35073045, 0.46263394, 0.70125347, 0.32301089, 0.40163273, 0.58227122)
(0.30735767, 0.59320354, 0.90447545, 0.83038563, 0.27129748, 0.61286730, 0.89892781, 0.53467417, 0.58384502, 0.43654552)
(0.19201967, 0.93053567, 0.79071957, 0.81868792, 0.19992746, 0.76999640, 0.84981209, 0.19508423, 0.67166823, 0.78809947)
(0.10105143, 0.83477408, 0.59436393, 0.44272733, 0.72230029, 0.80081350, 0.78745562, 0.48046646, 0.48223105, 0.61493599)
(0.24798748, 0.80136079, 0.42196938, 0.61788917, 0.58182019, 0.58278936, 0.58478564, 0.27353877, 0.35222918, 0.68210405)
(0.17320780, 0.55467206, 0.71250302, 0.30339357, 0.79290706, 0.73960114, 0.80086088, 0.72265100, 0.51516855, 0.39060616)
(0.30086619, 0.45643306, 0.91594237, 0.88449889, 0.32237422, 0.50253445, 0.91094834, 0.57669383, 0.43014818, 0.32179108)
(0.47436908, 0.65468150, 0.84457451, 0.18713592, 0.56361246, 0.79495001, 0.76183861, 0.58997518, 0.83400255, 0.50630188)
(0.07166703, 0.63198304, 0.74575555, 0.28226322, 0.87558770, 0.82999891, 0.87955260, 0.79097897, 0.46188280, 0.35614705)
(0.28781423, 0.71309727, 0.69935274, 0.47851089, 0.48634377, 0.72487098, 0.74701703, 0.50630987, 0.66454184, 0.59755671)
(0.20662896, 0.68244809, 0.39167404, 0.61250019, 0.77700353, 0.47799882, 0.57822293, 0.35093111, 0.17074434, 0.52694875)
(0.30252069, 0.65983588, 0.85232610, 0.70424247, 0.32649297, 0.68014580, 0.85657984, 0.53428471, 0.65509695, 0.51715899)
(0.18638547, 0.93326730, 0.67833102, 0.86873573, 0.25393659, 0.67241895, 0.79013276, 0.14140017, 0.45929962, 0.79697859)
(0.64908153, 0.33977488, 0.83284152, 0.77314979, 0.42712197, 0.25399700, 0.73258716, 0.32957265, 0.32560065, 0.31874529)
(0.52329987, 0.74273241, 0.81404829, 0.91208786, 0.15283144, 0.41639504, 0.75839424, 0.20076132, 0.47870728, 0.65237254)
(0.56854844, 0.79536259, 0.47248593, 0.64145380, 0.32776508, 0.49536476, 0.44714370, 0.16404527, 0.52929074, 0.74039263)
(0.22049692, 0.47514904, 0.68147391, 0.55958974, 0.68380857, 0.59178150, 0.77748680, 0.66265732, 0.37707052, 0.38080579)
(0.18870865, 0.57528877, 0.61998326, 0.46932557, 0.71251988, 0.66512078, 0.75449389, 0.63839877, 0.42935243, 0.45070025)
(0.61803192, 0.76480031, 0.63533545, 0.48543325, 0.32654533, 0.61549467, 0.53696465, 0.26364532, 0.72892314, 0.70604128)
(0.24922875, 0.86417603, 0.36230284, 0.57608593, 0.58089191, 0.61238736, 0.52418989, 0.19903769, 0.37431183, 0.75059944)
(0.14884053, 0.95969164, 0.60341972, 0.74641126, 0.29761600, 0.77858901, 0.75916874, 0.12120027, 0.58793545, 0.84827495)
(0.24964410, 0.71060354, 0.53439951, 0.62623328, 0.57036370, 0.58715183, 0.67120260, 0.39758316, 0.38268954, 0.59208626)
(0.23890173, 0.64473742, 0.56742841, 0.72095203, 0.61384159, 0.49775591, 0.69651198, 0.41373834, 0.25576749, 0.51548070)
(0.25419104, 0.70308822, 0.52004623, 0.56589991, 0.59230328, 0.60929680, 0.65478450, 0.42072085, 0.41944101, 0.59411103)
(0.26281586, 0.46154073, 0.89252245, 0.84074366, 0.39626378, 0.54595912, 0.90080106, 0.62733155, 0.42689249, 0.32795516)
(0.76559967, 0.52594882, 0.82107008, 0.70098752, 0.35386124, 0.35227317, 0.63774770, 0.29219055, 0.53198117, 0.43589276)
(0.50018764, 0.64829278, 0.58540666, 0.75387740, 0.36674169, 0.40966192, 0.58146721, 0.28073171, 0.40146908, 0.61378926)
(0.08679577, 0.93860137, 0.52830046, 0.56109208, 0.59884804, 0.82317102, 0.76219553, 0.24836396, 0.49225193, 0.78137171)
(0.29015407, 0.56925780, 0.79920101, 0.84207821, 0.41078109, 0.48883295, 0.83077115, 0.46591946, 0.34667197, 0.43651098)
(0.51869351, 0.59863770, 0.64452630, 0.74214995, 0.35463738, 0.41670457, 0.62097663, 0.32581738, 0.44187951, 0.57450378)
(0.38359889, 0.85287505, 0.49434987, 0.50747633, 0.41462162, 0.66195911, 0.54836476, 0.21353513, 0.61297244, 0.76452035)
(0.18922660, 0.93549883, 0.29537463, 0.78321207, 0.54718882, 0.53536677, 0.51264137, 0.08195218, 0.19741009, 0.82147139)
(0.22260968, 0.71722454, 0.65226585, 0.27504775, 0.70532829, 0.77825886, 0.73670954, 0.57252669, 0.63200390, 0.54888970)
(0.14036679, 0.79618132, 0.64748049, 0.52539533, 0.60372907, 0.77006221, 0.79362518, 0.49082306, 0.53133231, 0.61095923)
(0.20238255, 0.64399272, 0.66566002, 0.84276736, 0.58852261, 0.44923064, 0.77977657, 0.39796478, 0.17903206, 0.46717232)
(0.31802821, 0.42026973, 0.88232327, 0.27726942, 0.63583595, 0.74174958, 0.86081898, 0.77350116, 0.70823818, 0.31421971)
(0.45598879, 0.65620565, 0.92230964, 0.52015054, 0.25185600, 0.76822567, 0.87412375, 0.58105373, 0.86667305, 0.52351725)
(0.63161123, 0.41957083, 0.86743164, 0.72092956, 0.29526830, 0.45794043, 0.76965195, 0.49521223, 0.63726199, 0.39126161)
(0.38834235, 0.79970026, 0.66148019, 0.45933473, 0.40029424, 0.72414595, 0.66737640, 0.34820032, 0.72533911, 0.69931000)
(0.20718448, 0.81344730, 0.64844364, 0.73454434, 0.43858424, 0.65350860, 0.76494187, 0.33437482, 0.44443965, 0.65533245)
(0.36616886, 0.87379432, 0.55265009, 0.42197484, 0.44551149, 0.73669827, 0.58657873, 0.24046244, 0.68776345, 0.77204835)
(0.11830910, 0.82576984, 0.67219085, 0.68402779, 0.57330430, 0.73040247, 0.82481915, 0.42183864, 0.40878129, 0.61270446)
(0.28045779, 0.51574320, 0.62086916, 0.32444131, 0.74082977, 0.63850737, 0.68729609, 0.62025100, 0.50127769, 0.42794347)
(0.14066513, 0.89343762, 0.40493339, 0.62803239, 0.64832747, 0.67176569, 0.63901925, 0.22195317, 0.30828717, 0.73691612)
(0.17337538, 0.80036086, 0.51325238, 0.69155031, 0.60230988, 0.61180353, 0.70095122, 0.32942662, 0.30588207, 0.63479096)
(0.57183474, 0.82120955, 0.58838302, 0.70999378, 0.24445868, 0.51679420, 0.52950114, 0.16056104, 0.60088331, 0.75819737)
(0.14857690, 0.68057442, 0.80251253, 0.84663153, 0.53238314, 0.58231008, 0.87407464, 0.49192938, 0.26917306, 0.44694930)
(0.27652603, 0.66600490, 0.56617695, 0.29286805, 0.72881943, 0.70079798, 0.65200025, 0.53077930, 0.54112446, 0.53029066)
(0.51133990, 0.62516600, 0.62473083, 0.71407616, 0.35173240, 0.45396212, 0.60675514, 0.32852829, 0.48407570, 0.60032839)
(0.27875778, 0.71247065, 0.39707735, 0.59982193, 0.65087444, 0.50803173, 0.54915452, 0.31607926, 0.28327003, 0.60791087)
(0.19597784, 0.63131714, 0.79463327, 0.54587090, 0.52516335, 0.74302375, 0.85166889, 0.66640055, 0.61174041, 0.48064396)
(0.51701033, 0.74185926, 0.58378136, 0.31310847, 0.53408736, 0.66677815, 0.53094125, 0.34207544, 0.68120724, 0.65370989)
(0.46573767, 0.51481277, 0.74367464, 0.72911298, 0.37885875, 0.46440083, 0.72188532, 0.44997016, 0.48027137, 0.47740617)
(0.69344431, 0.45150155, 0.81189650, 0.82448202, 0.45770487, 0.16817495, 0.67355180, 0.14819264, 0.17531601, 0.37921703)
(0.31541970, 0.46864989, 0.89491880, 0.80635238, 0.35011566, 0.56804013, 0.89023370, 0.62150896, 0.52539426, 0.35699195)
(0.27592450, 0.84082276, 0.58628160, 0.74217743, 0.36525828, 0.60929990, 0.69052708, 0.23361625, 0.47001955, 0.71536440)
(0.46615022, 0.37035039, 0.81761271, 0.86054271, 0.40081111, 0.28640491, 0.78572863, 0.42016789, 0.26795846, 0.34172744)
(0.62317830, 0.34626293, 0.92370737, 0.68563557, 0.27613026, 0.51418298, 0.84732813, 0.60445052, 0.71117479, 0.31764776)
(0.06493407, 0.88339233, 0.68733305, 0.61773217, 0.63785392, 0.82921660, 0.86862105, 0.45132151, 0.45046800, 0.64396632)
(0.53824848, 0.52125996, 0.83355612, 0.68354535, 0.28869802, 0.54303479, 0.76970601, 0.48934051, 0.66326332, 0.47939155)
(0.56486374, 0.36044106, 0.79383802, 0.80228502, 0.48964259, 0.21824747, 0.72674322, 0.28730795, 0.20362796, 0.32973030)
(0.39570758, 0.57876563, 0.87295520, 0.88743097, 0.25619471, 0.46399519, 0.85176045, 0.41085899, 0.44492754, 0.45969906)
(0.21254648, 0.63763869, 0.62791425, 0.26166663, 0.78220570, 0.73984730, 0.72719800, 0.62619811, 0.53556293, 0.46987915)
(0.15702564, 0.77241284, 0.60155058, 0.35018706, 0.72043115, 0.78391987, 0.74821901, 0.53251892, 0.55428809, 0.58040643)
(0.50981742, 0.46062654, 0.81130886, 0.38328660, 0.47209182, 0.63162935, 0.74812526, 0.61702836, 0.71960872, 0.42815360)
(0.28344110, 0.97709125, 0.76468223, 0.72990412, 0.11547700, 0.83677948, 0.77966934, 0.07336158, 0.84719586, 0.90580517)
(0.28383631, 0.55736637, 0.38294861, 0.61140758, 0.85445344, 0.31444097, 0.50666815, 0.31945568, 0.08473017, 0.40392664)
(0.37924218, 0.91699702, 0.31205267, 0.49506527, 0.49720293, 0.63415581, 0.39235148, 0.09529650, 0.46794924, 0.82846063)
(0.34370863, 0.91170889, 0.33760861, 0.81559861, 0.38731158, 0.44589427, 0.45206159, 0.07098183, 0.25458631, 0.82110041)
(0.27138186, 0.86871719, 0.50120670, 0.53687036, 0.45665291, 0.69792843, 0.61605138, 0.23655534, 0.57431549, 0.75679851)
(0.16110806, 0.75358325, 0.51213139, 0.57260716, 0.68349046, 0.65275866, 0.70431489, 0.42831424, 0.33793545, 0.58600819)
(0.14302745, 0.86062658, 0.49419847, 0.47678950, 0.66486752, 0.75448906, 0.69114786, 0.35118800, 0.46663761, 0.69307411)
(0.73451144, 0.65217394, 0.76573622, 0.40389311, 0.37607524, 0.60769594, 0.58229101, 0.36566722, 0.78349125, 0.54539406)
(0.35268253, 0.42571563, 0.93507028, 0.50820613, 0.39338014, 0.73484081, 0.91606140, 0.76985347, 0.77531481, 0.32329139)
(0.46932772, 0.75150645, 0.57910186, 0.23624334, 0.63945383, 0.70462120, 0.53725815, 0.36726809, 0.66787463, 0.62778360)
(0.18407083, 0.90518963, 0.46329436, 0.60171890, 0.50496256, 0.70967412, 0.64716178, 0.20123951, 0.47432777, 0.77474892)
(0.29513937, 0.64407378, 0.42030627, 0.52973342, 0.67671090, 0.52225679, 0.55622345, 0.39514729, 0.32055795, 0.56035674)
(0.18110476, 0.84248012, 0.63966757, 0.70001245, 0.45440331, 0.69928432, 0.77180213, 0.32953110, 0.47714794, 0.68000042)
(0.31446868, 0.58325791, 0.75501013, 0.52607596, 0.47208911, 0.67367989, 0.78442091, 0.60558552, 0.63601619, 0.49943772)
(0.68958104, 0.33981645, 0.93906528, 0.65829951, 0.28905085, 0.50493580, 0.84067172, 0.60419613, 0.73223281, 0.29644400)
(0.49958038, 0.30617917, 0.91409540, 0.74439269, 0.32548347, 0.48788857, 0.87308210, 0.64234245, 0.58192760, 0.27942392)
(0.57881534, 0.48298737, 0.88824707, 0.59824300, 0.27978912, 0.59781855, 0.81049830, 0.56398839, 0.76535684, 0.43680722)
(0.45460847, 0.34843358, 0.84426206, 0.82503420, 0.45227727, 0.32625651, 0.80747682, 0.49781242, 0.29695225, 0.29792008)
(0.25669795, 0.55946404, 0.74744135, 0.30783561, 0.67401135, 0.73462397, 0.78506958, 0.69353944, 0.64027160, 0.43968567)
(0.33928773, 0.90927297, 0.64106017, 0.77475286, 0.20314150, 0.65000129, 0.68825328, 0.13602021, 0.63573480, 0.80764127)
(0.34779966, 0.64089221, 0.84002960, 0.69935411, 0.30876940, 0.65248674, 0.83774167, 0.50976706, 0.65879542, 0.51980108)
(0.11622210, 0.90626633, 0.51308304, 0.77612752, 0.54560626, 0.67030656, 0.74583715, 0.21286042, 0.28615981, 0.73292768)
(0.39689118, 0.73295659, 0.79472494, 0.85304976, 0.22419876, 0.52944148, 0.78843397, 0.29726672, 0.52574259, 0.61845195)
(0.37867987, 0.64398259, 0.47045401, 0.46571317, 0.57828361, 0.56838119, 0.54970717, 0.41114339, 0.48454982, 0.59723711)
(0.25431570, 0.79338241, 0.46686491, 0.46479103, 0.60682446, 0.67275178, 0.60068560, 0.34704351, 0.49207783, 0.67499644)
(0.23993331, 0.84677154, 0.70152766, 0.34890613, 0.54084170, 0.82821590, 0.75024629, 0.42659384, 0.74364823, 0.68579173)
(0.21253045, 0.87003171, 0.49993730, 0.82373965, 0.45059043, 0.53915042, 0.66878533, 0.17736745, 0.27064162, 0.72559023)
(0.19114046, 0.80035472, 0.62111264, 0.50756359, 0.56042713, 0.74828750, 0.74151170, 0.43718037, 0.57170361, 0.64752483)
(0.55157948, 0.59378797, 0.73349231, 0.23479554, 0.57106483, 0.67975312, 0.63758087, 0.50774074, 0.73867673, 0.51387995)
(0.64214498, 0.69815505, 0.67001444, 0.78923851, 0.31312272, 0.34241787, 0.57270610, 0.17354293, 0.39764187, 0.62534946)
(0.30677333, 0.83961588, 0.54030412, 0.54193348, 0.50292593, 0.66713363, 0.61230451, 0.26832280, 0.53390932, 0.71722525)
(0.35592201, 0.62464255, 0.78036553, 0.86157084, 0.32981902, 0.45780393, 0.79521787, 0.36712578, 0.37213811, 0.51121366)
(0.50240368, 0.44289723, 0.59251857, 0.61245120, 0.63906759, 0.29316601, 0.58005589, 0.31718066, 0.21632835, 0.41481119)
(0.47251129, 0.64812398, 0.59500253, 0.55502146, 0.48798349, 0.53667837, 0.58006561, 0.37699461, 0.51669639, 0.58660454)
(0.36320013, 0.58645517, 0.62120277, 0.20115265, 0.76922917, 0.67533278, 0.62812096, 0.55591279, 0.57264322, 0.45820168)
(0.24242772, 0.90198612, 0.28626275, 0.77915174, 0.56567329, 0.45543480, 0.46608251, 0.09038438, 0.17292652, 0.78473175)
(0.21164896, 0.72680610, 0.66351026, 0.46229306, 0.64203525, 0.72091907, 0.75060254, 0.50873530, 0.52958560, 0.55226535)
(0.22799200, 0.77291089, 0.74088722, 0.45431331, 0.49144083, 0.79034609, 0.79581493, 0.51663947, 0.70997542, 0.62112981)
(0.37372389, 0.83683634, 0.60222107, 0.53000671, 0.36343288, 0.69303876, 0.63577795, 0.26390371, 0.68008512, 0.74063617)
(0.16147827, 0.81789124, 0.55521524, 0.31921554, 0.72731924, 0.79648072, 0.71178889, 0.46608350, 0.56509030, 0.62910146)
(0.14489925, 0.83873701, 0.43337995, 0.61790258, 0.67826962, 0.64847863, 0.66358632, 0.30164176, 0.29382071, 0.66777360)
(0.86814338, 0.58645862, 0.61506373, 0.20274408, 0.69738686, 0.42312065, 0.35201538, 0.26482043, 0.50031805, 0.41100648)
(0.33255586, 0.90661776, 0.28617939, 0.79331982, 0.44845834, 0.43276358, 0.41127217, 0.06854536, 0.22063078, 0.81679469)
(0.52831936, 0.87440020, 0.79441774, 0.94734401, 0.09041067, 0.41964099, 0.73593938, 0.09370679, 0.48797441, 0.78386897)
(0.39867401, 0.90141952, 0.47609740, 0.71380806, 0.26118627, 0.58539236, 0.53862435, 0.10897530, 0.55440903, 0.82098776)
(0.27514327, 0.65208167, 0.62088090, 0.39043099, 0.61832500, 0.69647557, 0.70284265, 0.55208999, 0.58768916, 0.54670990)
(0.48252654, 0.37420496, 0.56021118, 0.45603070, 0.76422644, 0.32358909, 0.55463791, 0.40697202, 0.22217302, 0.32516789)
(0.23146218, 0.89291728, 0.53235751, 0.56107503, 0.45159876, 0.72998446, 0.65583599, 0.22970983, 0.58176577, 0.77044880)
(0.66900420, 0.63156289, 0.63987851, 0.61737078, 0.40143967, 0.43236700, 0.52803063, 0.28997192, 0.53381246, 0.56756115)
(0.12663612, 0.87561858, 0.52450341, 0.71961778, 0.57828712, 0.67839140, 0.74261177, 0.27338144, 0.32016754, 0.69625121)
(0.35535619, 0.84078151, 0.59437180, 0.79417598, 0.28400889, 0.54633683, 0.65919352, 0.18390352, 0.47539645, 0.73458600)
(0.60957545, 0.72792184, 0.49257803, 0.41669488, 0.45431998, 0.55582178, 0.43783185, 0.24894647, 0.59576702, 0.67078894)
(0.12784946, 0.66318005, 0.66972476, 0.65376973, 0.69695783, 0.65567338, 0.81811106, 0.57893968, 0.29792419, 0.45377538)
(0.95083106, 0.45457363, 0.86590976, 0.17833841, 0.61932635, 0.40803662, 0.47475708, 0.34253451, 0.71216941, 0.24178866)
(0.46685150, 0.62866104, 0.76934177, 0.59549624, 0.32980278, 0.62086457, 0.73595345, 0.45936355, 0.69366252, 0.56354123)
(0.36284554, 0.61255711, 0.63266963, 0.49076754, 0.50099790, 0.62843949, 0.67757988, 0.50870341, 0.59315526, 0.55666584)
(0.38129610, 0.59824061, 0.58052969, 0.70299518, 0.48231059, 0.46652600, 0.64119089, 0.39218900, 0.37228438, 0.54389250)
(0.30730736, 0.42919731, 0.81164443, 0.53848463, 0.52987242, 0.63559711, 0.83316386, 0.70548838, 0.56502372, 0.36303344)
(0.50814462, 0.38927513, 0.63231444, 0.58236611, 0.63089842, 0.33092859, 0.61108547, 0.41118756, 0.27901641, 0.37283060)
(0.22700779, 0.80646223, 0.63262206, 0.83897400, 0.42462483, 0.53626251, 0.74452543, 0.26260790, 0.30245984, 0.64471012)
(0.63400656, 0.57939130, 0.52959079, 0.61256433, 0.77364993, 0.14906329, 0.43295720, 0.09039516, 0.05695223, 0.45895275)
(0.12938090, 0.72679585, 0.39242724, 0.78428328, 0.83425814, 0.38636893, 0.63908994, 0.27933145, 0.06153654, 0.48420006)
(0.50011879, 0.72913808, 0.57020217, 0.74441671, 0.32936457, 0.45595136, 0.56284183, 0.23476857, 0.45935637, 0.67813724)
(0.34021610, 0.92188299, 0.44925913, 0.63721436, 0.32156831, 0.65329063, 0.53960592, 0.11038021, 0.57204443, 0.83588588)
(0.37289312, 0.90731698, 0.59085780, 0.82183534, 0.20078994, 0.57119268, 0.64121032, 0.10845581, 0.54187417, 0.81241465)
(0.44001183, 0.80439579, 0.58744764, 0.59783596, 0.31801251, 0.61533165, 0.60440141, 0.24014235, 0.64420974, 0.72781920)
(0.43278658, 0.85661113, 0.58541936, 0.77646458, 0.22868033, 0.54304373, 0.60973281, 0.14920336, 0.55679208, 0.77155811)
(0.43503180, 0.93403846, 0.78198993, 0.78255153, 0.10807061, 0.71531773, 0.74776489, 0.11106993, 0.80715549, 0.84222269)
(0.19083890, 0.75368208, 0.42205572, 0.65936750, 0.69315791, 0.53553545, 0.62309569, 0.32208252, 0.22359163, 0.59830153)
(0.65912855, 0.69423360, 0.48492774, 0.51442623, 0.57472765, 0.37476254, 0.39525101, 0.17883924, 0.31160536, 0.59526628)
(0.45232442, 0.72191727, 0.51896900, 0.28115755, 0.66611910, 0.64530575, 0.51003820, 0.35919422, 0.56697875, 0.60621953)
(0.83005399, 0.56145215, 0.85914433, 0.63985050, 0.26558039, 0.45183763, 0.63573378, 0.35021222, 0.75149393, 0.45675969)
(0.39286715, 0.42865965, 0.56323659, 0.60078537, 0.65435725, 0.38478604, 0.61983979, 0.47726044, 0.27409422, 0.39677775)
(0.37528676, 0.70225221, 0.61047959, 0.22052774, 0.69053900, 0.72663039, 0.61946279, 0.47262427, 0.65075380, 0.56553608)
(0.08929398, 0.71588939, 0.80332720, 0.70537257, 0.62714756, 0.75021118, 0.90163285, 0.64129132, 0.38444617, 0.44948605)
(0.53205216, 0.80523896, 0.52681589, 0.59235603, 0.31036052, 0.56485057, 0.50785923, 0.18816078, 0.61615562, 0.74625677)
(0.56304502, 0.91698176, 0.51375377, 0.72090262, 0.18752594, 0.56311810, 0.47126043, 0.07087771, 0.62526131, 0.85116410)
(0.39160666, 0.74871504, 0.53104025, 0.54234022, 0.43968335, 0.60580397, 0.58292633, 0.31773207, 0.56976718, 0.67763376)
(0.13330637, 0.52536231, 0.93669653, 0.80361849, 0.45402294, 0.71393371, 0.95242357, 0.76631266, 0.50126851, 0.30200544)
(0.65789825, 0.79577351, 0.55280536, 0.76313478, 0.32881901, 0.34804794, 0.45697689, 0.10447502, 0.36779448, 0.71359658)
(0.81063879, 0.42902827, 0.95875221, 0.84811175, 0.14620706, 0.40378922, 0.83804858, 0.41913712, 0.75076967, 0.34472492)
(0.86576074, 0.84185839, 0.83606517, 0.87958407, 0.12138519, 0.33856943, 0.58028716, 0.07349955, 0.63948578, 0.70217878)
(0.24577269, 0.85396749, 0.54932314, 0.92791718, 0.41429627, 0.36673325, 0.67287940, 0.12711343, 0.13913208, 0.68920547)
(0.36224252, 0.52200961, 0.73890561, 0.78356272, 0.42585570, 0.45284826, 0.76507872, 0.45603725, 0.37458903, 0.45073271)
(0.22896983, 0.76173556, 0.55459124, 0.41743574, 0.66232705, 0.70884424, 0.66998327, 0.43770295, 0.51125550, 0.60952777)
(0.65647924, 0.55159163, 0.75178719, 0.77076542, 0.34006307, 0.33355531, 0.64489979, 0.26076090, 0.43472731, 0.50064373)
(0.33456513, 0.64014882, 0.50048625, 0.37721303, 0.65966880, 0.62409937, 0.58760256, 0.47111967, 0.50319117, 0.55962473)
(0.41834581, 0.83549923, 0.43427703, 0.53105849, 0.42721468, 0.60501063, 0.48961610, 0.18912472, 0.54593217, 0.75624245)
(0.13118149, 0.86942238, 0.62670583, 0.82205117, 0.49458611, 0.64259523, 0.79693878, 0.27002746, 0.29345563, 0.67218679)
(0.16125374, 0.80024803, 0.48010325, 0.45024398, 0.70951939, 0.71473968, 0.67221099, 0.41014251, 0.42543671, 0.63071132)
(0.44649512, 0.56099463, 0.45298460, 0.59132898, 0.66451210, 0.34976777, 0.49078414, 0.30243051, 0.21741207, 0.52089572)
(0.15013826, 0.97537780, 0.63808012, 0.90903634, 0.18332337, 0.70305550, 0.78680217, 0.05881986, 0.45550334, 0.88045990)
(0.22130291, 0.90499336, 0.62526476, 0.93683529, 0.28845772, 0.47052625, 0.74325120, 0.11247352, 0.22158149, 0.75349933)
(0.35516638, 0.77234733, 0.61757571, 0.29807457, 0.58786446, 0.75079691, 0.63866186, 0.41694400, 0.69234926, 0.64442796)
(0.07063453, 0.75081801, 0.65996885, 0.59461886, 0.77594364, 0.75207120, 0.85205382, 0.60078084, 0.29318964, 0.47503841)
(0.27597794, 0.79710633, 0.69912738, 0.49390006, 0.45157698, 0.75551552, 0.74474323, 0.42188099, 0.69115323, 0.66326374)
(0.27781445, 0.64047658, 0.59863818, 0.48681268, 0.57888967, 0.65106744, 0.69284570, 0.52354395, 0.52804822, 0.55126238)
(0.53716105, 0.68931413, 0.63109088, 0.43588197, 0.44277173, 0.61568445, 0.57138121, 0.36931950, 0.67082459, 0.62827122)
(0.47473451, 0.59905714, 0.42914608, 0.60736024, 0.67847937, 0.29868260, 0.45335749, 0.21309485, 0.16214034, 0.55173260)
(0.66461349, 0.41098210, 0.93447435, 0.61028332, 0.25224793, 0.58609152, 0.84492183, 0.60741580, 0.80849105, 0.35485008)
(0.35243368, 0.35364565, 0.84055036, 0.45780918, 0.60820353, 0.60259187, 0.83023185, 0.71877706, 0.53810453, 0.28833973)
(0.39803433, 0.73322546, 0.37093720, 0.76046085, 0.63345259, 0.28088209, 0.42832884, 0.13146842, 0.11560559, 0.64626712)
(0.45978352, 0.59632814, 0.53687084, 0.42577928, 0.54380721, 0.57094973, 0.55575269, 0.44541228, 0.56104898, 0.57049549)
(0.14965884, 0.83558089, 0.72330987, 0.81682211, 0.43340710, 0.66533601, 0.83678871, 0.34171820, 0.37875509, 0.63148040)
(0.31866798, 0.96150213, 0.77209306, 0.71679288, 0.14263418, 0.80735677, 0.77052915, 0.10676222, 0.82436734, 0.87229937)
(0.71536160, 0.78984505, 0.59738839, 0.71533155, 0.27477232, 0.43452466, 0.46547985, 0.14586294, 0.56350911, 0.70471936)
(0.33915377, 0.26780617, 0.92793876, 0.82304049, 0.41323242, 0.46474129, 0.91948450, 0.70347488, 0.41041455, 0.20116693)
(0.34261033, 0.43727243, 0.85897076, 0.39491525, 0.53318477, 0.70241618, 0.84811276, 0.73206663, 0.69522625, 0.35837024)
(0.26450202, 0.95372117, 0.44900376, 0.74015468, 0.28986844, 0.66144454, 0.57911801, 0.07673955, 0.51643544, 0.86926132)
(0.24729994, 0.56099874, 0.72492367, 0.62046468, 0.54167914, 0.62586391, 0.79320103, 0.61124796, 0.47585705, 0.45584014)
(0.55536044, 0.77660769, 0.80682027, 0.73281449, 0.17940924, 0.60824543, 0.72546655, 0.26836064, 0.74888659, 0.69094300)
(0.44290450, 0.63413984, 0.82130444, 0.79850405, 0.26086456, 0.53483796, 0.79071063, 0.40056029, 0.57371944, 0.54101032)
(0.49485257, 0.25994071, 0.88602424, 0.72915608, 0.41831911, 0.41633585, 0.84714949, 0.62600857, 0.46244621, 0.24534696)
(0.58051789, 0.54295498, 0.64346623, 0.52385521, 0.44675630, 0.50901669, 0.58025640, 0.44142404, 0.59643406, 0.52128208)
(0.16086338, 0.62241524, 0.57778502, 0.25236446, 0.85686201, 0.72785258, 0.72456324, 0.64074129, 0.42470151, 0.42733395)
(0.61200863, 0.66820329, 0.58572829, 0.40329599, 0.45423773, 0.57461739, 0.50413823, 0.34197336, 0.65646940, 0.62047893)
(0.41779172, 0.86809438, 0.54859865, 0.53793710, 0.34214467, 0.67115617, 0.56982523, 0.19519377, 0.66786176, 0.78287810)
(0.28366870, 0.76160705, 0.54184979, 0.61109549, 0.49128857, 0.61667013, 0.65086573, 0.34327379, 0.47850761, 0.65396583)
(0.41315889, 0.77232814, 0.56113523, 0.59531140, 0.37076232, 0.59788680, 0.59664041, 0.27823237, 0.59277582, 0.69860005)
(0.60566473, 0.67697924, 0.43873236, 0.49896872, 0.54051846, 0.43264419, 0.40248239, 0.22628868, 0.38546047, 0.61714160)
(0.61292964, 0.46029431, 0.88479596, 0.81786138, 0.22927041, 0.42355439, 0.79790437, 0.42954859, 0.59014457, 0.42335081)
(0.55336249, 0.68415737, 0.57130551, 0.61209911, 0.38087037, 0.50095624, 0.53103310, 0.29688314, 0.55398095, 0.64659458)
(0.56747282, 0.51320577, 0.49646839, 0.49438646, 0.68498486, 0.30043235, 0.46643591, 0.25838408, 0.20846410, 0.49141309)
(0.48878503, 0.66947395, 0.65133226, 0.47725886, 0.40553129, 0.62843990, 0.62751734, 0.40588433, 0.68312377, 0.62080598)
(0.14852457, 0.82656115, 0.59930772, 0.64246464, 0.56699258, 0.71096796, 0.76605016, 0.37995651, 0.42859370, 0.64844120)
(0.35412195, 0.76821458, 0.52986103, 0.45016810, 0.50776255, 0.66595358, 0.59418416, 0.34563491, 0.59752125, 0.67999154)
(0.48286846, 0.53586805, 0.90365571, 0.64716715, 0.26767725, 0.64250714, 0.85483164, 0.57843304, 0.75718832, 0.44965360)
(0.32983339, 0.74021775, 0.59829605, 0.50698823, 0.48969281, 0.66705620, 0.65513349, 0.40226147, 0.59712452, 0.64385331)
(0.36003855, 0.83226955, 0.57609534, 0.71731520, 0.30992174, 0.58645093, 0.63949668, 0.20827384, 0.54163736, 0.73322165)
(0.47123230, 0.46513709, 0.83880913, 0.80876893, 0.33871365, 0.42624322, 0.79774743, 0.46672094, 0.44951755, 0.40634748)
(0.37972230, 0.72999698, 0.69821745, 0.55802345, 0.36839229, 0.67323619, 0.71279395, 0.40154302, 0.68381447, 0.63828957)
(0.58090526, 0.43013588, 0.82149136, 0.86318278, 0.36881816, 0.23853891, 0.74794006, 0.26993957, 0.25444785, 0.38626632)
(0.18072894, 0.71619052, 0.43469575, 0.55153024, 0.74463081, 0.58606672, 0.63401157, 0.40556020, 0.26369232, 0.55997610)
(0.29915509, 0.52727574, 0.59172583, 0.68857217, 0.61041182, 0.45435593, 0.68801975, 0.47683907, 0.27785352, 0.44789788)
(0.40007573, 0.95252126, 0.55007285, 0.85371864, 0.14133176, 0.57587415, 0.58742410, 0.05287549, 0.56986171, 0.88123870)
(0.48698506, 0.40795130, 0.52892983, 0.46350130, 0.82029641, 0.26015764, 0.51806283, 0.31096947, 0.12929443, 0.32296321)
(0.54482687, 0.67331553, 0.70624280, 0.73824859, 0.26868442, 0.49482015, 0.65457422, 0.30706400, 0.58411413, 0.62581736)
(0.52968520, 0.59217316, 0.67241824, 0.79728341, 0.40174672, 0.32171214, 0.63350576, 0.25102174, 0.29346719, 0.53333199)
(0.10671043, 0.81667399, 0.49986675, 0.45139524, 0.76564771, 0.75209045, 0.73136443, 0.45164508, 0.38182458, 0.60664326)
(0.30247939, 0.58413213, 0.81025928, 0.53380340, 0.44551671, 0.70276654, 0.82579815, 0.63733339, 0.67675722, 0.48260126)
(0.13134006, 0.84730786, 0.57876104, 0.56059664, 0.61580700, 0.75426418, 0.75747848, 0.38823935, 0.46839887, 0.66682976)
(0.32794532, 0.53463501, 0.87445241, 0.70371085, 0.34518805, 0.64145344, 0.87129855, 0.62267697, 0.63790017, 0.42694497)
(0.30646431, 0.87959796, 0.61384034, 0.71602231, 0.28205997, 0.65771490, 0.68701679, 0.18975043, 0.60160547, 0.76732892)
(0.50950295, 0.82372916, 0.64525503, 0.71369499, 0.21847686, 0.56887639, 0.61421299, 0.18514684, 0.65703225, 0.74947333)
(0.33264530, 0.55496627, 0.66774035, 0.29725900, 0.67484903, 0.67345190, 0.69551671, 0.61390007, 0.60005528, 0.46702465)
(0.27334201, 0.75524938, 0.42090783, 0.49997002, 0.62987334, 0.60697120, 0.56049299, 0.33801502, 0.40977937, 0.65011066)
(0.19279791, 0.69602042, 0.66999078, 0.53093785, 0.57905811, 0.71482885, 0.78066242, 0.55147320, 0.52827609, 0.54797792)
(0.36626548, 0.82501936, 0.56787270, 0.52804995, 0.40484825, 0.67438656, 0.61221421, 0.27308074, 0.63653940, 0.72983748)
(0.58285892, 0.19675340, 0.91092855, 0.69764006, 0.43695831, 0.36672655, 0.84824973, 0.62055570, 0.45195860, 0.19239439)
(0.83159822, 0.80462396, 0.64341933, 0.57559383, 0.30568150, 0.45944604, 0.41654110, 0.13569951, 0.64589220, 0.65959120)
(0.34568608, 0.61524749, 0.56339335, 0.58259505, 0.52474320, 0.55578887, 0.64256167, 0.45281875, 0.45944753, 0.55651444)
(0.21259217, 0.49911013, 0.81473613, 0.60158765, 0.55920410, 0.67076600, 0.85983539, 0.72093451, 0.51906395, 0.38248360)
(0.60158557, 0.47576508, 0.64218968, 0.66136366, 0.66310310, 0.19479291, 0.55642569, 0.17133015, 0.12321859, 0.40357906)
(0.59192675, 0.54286748, 0.68111777, 0.70469904, 0.38594049, 0.39143053, 0.61698866, 0.33274755, 0.46363416, 0.51708996)
(0.22740877, 0.83325440, 0.51186979, 0.63087374, 0.53850400, 0.63918680, 0.64872837, 0.27946660, 0.41944197, 0.69661301)
(0.36699843, 0.43679166, 0.72872120, 0.73804075, 0.49883661, 0.43576926, 0.75352919, 0.52299511, 0.35853943, 0.38971111)
(0.20754848, 0.83653504, 0.46092752, 0.43993589, 0.65262145, 0.71254641, 0.61742800, 0.32862762, 0.47934091, 0.69303846)
(0.21908946, 0.72637182, 0.62325394, 0.66478378, 0.53261042, 0.62828374, 0.74399436, 0.42924201, 0.41570073, 0.58086622)
(0.39109144, 0.77856284, 0.56006652, 0.85511106, 0.36093596, 0.39812452, 0.60666305, 0.18434918, 0.27960297, 0.67675650)
(0.66842532, 0.97272283, 0.79113209, 0.85368723, 0.04461967, 0.66265029, 0.63370800, 0.03078443, 0.85096234, 0.92152876)
(0.79018837, 0.58763349, 0.75865799, 0.52590907, 0.36694637, 0.47510201, 0.55563021, 0.34799185, 0.69180638, 0.48681018)
(0.24003795, 0.88589305, 0.59713155, 0.84117287, 0.32404271, 0.58197773, 0.71730077, 0.17000781, 0.38157883, 0.74980575)
(0.25095579, 0.58168828, 0.58712614, 0.70714903, 0.63379353, 0.48200068, 0.70491850, 0.46524265, 0.25276124, 0.46768346)
(0.31794703, 0.69377190, 0.61717582, 0.39530137, 0.56815541, 0.70214748, 0.67498332, 0.49118036, 0.62884516, 0.59312427)
(0.28104943, 0.57691860, 0.91093951, 0.68580502, 0.36753008, 0.70046216, 0.90367448, 0.65628004, 0.66711664, 0.41040993)
(0.67625844, 0.83376187, 0.42354417, 0.70274645, 0.43563959, 0.30812839, 0.34089154, 0.06044118, 0.23321165, 0.74362218)
(0.26196918, 0.98201960, 0.58295095, 0.83428967, 0.12703104, 0.73435217, 0.66967463, 0.03753180, 0.67120880, 0.92453718)
(0.32661527, 0.73532254, 0.85830009, 0.16036643, 0.62666625, 0.86298466, 0.82051289, 0.63194126, 0.84789360, 0.52372617)
(0.58346754, 0.45301855, 0.77849644, 0.80220187, 0.35531864, 0.31491423, 0.70880687, 0.32946670, 0.37703684, 0.43496537)
(0.45681575, 0.64812762, 0.41291460, 0.65725362, 0.73145628, 0.27715707, 0.43180001, 0.18353388, 0.11202632, 0.54023683)
(0.55210376, 0.56019521, 0.94371200, 0.75522637, 0.16402759, 0.63039136, 0.88835287, 0.52719778, 0.80154955, 0.45397657)
(0.31994411, 0.63358736, 0.83530039, 0.76433754, 0.31699386, 0.61530358, 0.84402907, 0.49007380, 0.58014774, 0.50340259)
(0.33232832, 0.54413402, 0.88875008, 0.52747303, 0.39181182, 0.73017895, 0.87525201, 0.68936545, 0.75437677, 0.43290031)
(0.38873920, 0.47570422, 0.95009649, 0.87903941, 0.22716376, 0.54824561, 0.92503291, 0.57945621, 0.58231586, 0.33491719)
(0.31643206, 0.70426208, 0.61480796, 0.63846511, 0.45405024, 0.60057002, 0.68698651, 0.40105411, 0.50263560, 0.60987419)
(0.78225935, 0.55183202, 0.53795046, 0.25088134, 0.73954624, 0.36794725, 0.36718687, 0.24674249, 0.35016769, 0.42251271)
(0.49331045, 0.38650104, 0.73084217, 0.74392748, 0.48088446, 0.32465413, 0.70682400, 0.42134371, 0.31580949, 0.37611857)
(0.42879152, 0.62306648, 0.80586684, 0.71040124, 0.31470871, 0.58479011, 0.77888757, 0.45655647, 0.61942637, 0.53128451)
(0.06793574, 0.80721682, 0.46074495, 0.46379745, 0.86884820, 0.73065287, 0.74651295, 0.47452435, 0.22327268, 0.53694820)
(0.36196336, 0.84186375, 0.33054182, 0.76641148, 0.49129525, 0.40569323, 0.43789393, 0.11567545, 0.22707027, 0.75144935)
(0.83360267, 0.51052970, 0.73896694, 0.37460661, 0.54757887, 0.39669532, 0.51184028, 0.32091877, 0.56517267, 0.38579774)
(0.36997500, 0.67589670, 0.87201297, 0.81802291, 0.22991493, 0.60742253, 0.85601300, 0.42929870, 0.62717563, 0.53778142)
(0.37317976, 0.81939894, 0.39208502, 0.69071007, 0.43023589, 0.49593133, 0.49580088, 0.16593525, 0.37095556, 0.73695409)
(0.58171290, 0.68258506, 0.68169236, 0.32001948, 0.48751557, 0.65841413, 0.57746333, 0.39144632, 0.72993797, 0.59874207)
(0.27442908, 0.78741807, 0.64200330, 0.73196536, 0.39333034, 0.61384606, 0.72724771, 0.32049903, 0.47623149, 0.65879285)
(0.23092100, 0.84070009, 0.66535980, 0.61037642, 0.40854543, 0.73310781, 0.75069320, 0.33953092, 0.62055427, 0.70012873)
(0.27545357, 0.93110740, 0.24482176, 0.42104405, 0.71648848, 0.64424664, 0.36990836, 0.08976284, 0.30947593, 0.80395061)
(0.14980339, 0.80683613, 0.52128470, 0.52644002, 0.66317153, 0.71433383, 0.71361744, 0.40724248, 0.42220688, 0.63531536)
(0.38586617, 0.82686943, 0.72310209, 0.81259656, 0.21127266, 0.58569151, 0.73641914, 0.22037691, 0.58998370, 0.71713293)
(0.22012018, 0.53996354, 0.69226974, 0.58023065, 0.61599237, 0.62715214, 0.78456837, 0.64052415, 0.43547252, 0.43529737)
(0.34265482, 0.69271255, 0.87352842, 0.70732355, 0.26443148, 0.69869143, 0.86184305, 0.49626762, 0.72262269, 0.54897171)
(0.55989170, 0.96414953, 0.41186672, 0.78925800, 0.21741389, 0.52269560, 0.36719853, 0.02710579, 0.46748781, 0.90272945)
(0.39667895, 0.34284127, 0.88544840, 0.42441231, 0.53493756, 0.64202774, 0.85736120, 0.73995143, 0.64414120, 0.28298390)
(0.32238472, 0.92439032, 0.32442155, 0.67220932, 0.38730305, 0.58429068, 0.45135361, 0.08181678, 0.41892481, 0.83935022)
(0.26456836, 0.85920614, 0.73260230, 0.71794188, 0.28004205, 0.71648341, 0.78538972, 0.28121534, 0.65693021, 0.72120398)
(0.32520482, 0.46387830, 0.74455947, 0.57036543, 0.52371132, 0.59229428, 0.78089350, 0.64309102, 0.51919532, 0.41162360)
(0.43173948, 0.89489776, 0.42405060, 0.68453431, 0.29349440, 0.56322443, 0.47950143, 0.10106038, 0.52088338, 0.81831902)
(0.07240373, 0.86049134, 0.55873984, 0.25972331, 0.86129671, 0.85458845, 0.78476864, 0.52082092, 0.46564999, 0.58541673)
(0.40118584, 0.75250536, 0.61632949, 0.51974428, 0.40030318, 0.65409124, 0.63925701, 0.34703982, 0.65557551, 0.67250180)
(0.26747969, 0.89860368, 0.53746670, 0.63964134, 0.36096662, 0.69070989, 0.64597225, 0.18337156, 0.58150542, 0.78809977)
(0.33367890, 0.94913864, 0.21827362, 0.67756033, 0.49385250, 0.53211343, 0.32861871, 0.04215126, 0.27089676, 0.86736441)
(0.74588829, 0.51113141, 0.80411500, 0.71567798, 0.33878598, 0.34997717, 0.64563006, 0.29180041, 0.54609621, 0.44481727)
(0.55574292, 0.63525456, 0.64283419, 0.78185213, 0.39293271, 0.32729968, 0.59203720, 0.21634118, 0.30536550, 0.57751596)
(0.35629472, 0.69502908, 0.56449491, 0.21064393, 0.73963922, 0.71256649, 0.59402645, 0.47010356, 0.59748250, 0.54961443)
(0.26821101, 0.64877963, 0.63852614, 0.35720220, 0.71592778, 0.68881410, 0.70121062, 0.54388958, 0.51082271, 0.49194357)
(0.64326996, 0.62371284, 0.81155998, 0.69372410, 0.25168931, 0.52765262, 0.69797587, 0.37480024, 0.70256162, 0.55464268)
(0.64060968, 0.80765516, 0.61033404, 0.70716280, 0.24195112, 0.50174880, 0.51048499, 0.16758536, 0.62375724, 0.74034017)
(0.11601938, 0.77286708, 0.72699136, 0.57728189, 0.60274631, 0.78023010, 0.85154885, 0.56011289, 0.50676787, 0.55446756)
(0.05719117, 0.68826687, 0.62023354, 0.48223484, 0.86923283, 0.75487101, 0.84693241, 0.67786539, 0.25961205, 0.40348154)
(0.50894791, 0.53794235, 0.90068287, 0.43065786, 0.34864038, 0.72019488, 0.83449841, 0.63187301, 0.83244050, 0.45092863)
(0.38928413, 0.72280747, 0.47769403, 0.47891030, 0.53114790, 0.59673089, 0.54055870, 0.34394133, 0.52459162, 0.65753120)
(0.16542700, 0.96006912, 0.34173733, 0.83603269, 0.43335667, 0.58295214, 0.57660735, 0.06124076, 0.23595412, 0.85815519)
(0.28012624, 0.82443851, 0.75449228, 0.82709748, 0.26649100, 0.62456846, 0.80016476, 0.27953798, 0.52608824, 0.67748857)
(0.50862348, 0.56140393, 0.55423856, 0.51559073, 0.47982985, 0.51229435, 0.55252355, 0.43215713, 0.54382217, 0.55939269)
(0.06759974, 0.88374877, 0.50310290, 0.68261868, 0.73476106, 0.72289401, 0.78379500, 0.33041024, 0.23004118, 0.65381861)
(0.32342952, 0.85670841, 0.42420447, 0.59490120, 0.44365606, 0.60878235, 0.53537214, 0.18864703, 0.48802546, 0.76198751)
(0.30262142, 0.59915102, 0.49096453, 0.41834331, 0.68321687, 0.59508097, 0.60352248, 0.50397706, 0.43859452, 0.52393782)
(0.58356923, 0.43509629, 0.85838020, 0.81557983, 0.29334804, 0.37571290, 0.77502745, 0.42136377, 0.47832656, 0.40595493)
(0.37123474, 0.68874747, 0.79156780, 0.68189114, 0.30668703, 0.64568251, 0.79186964, 0.43962634, 0.65949774, 0.58020061)
(0.33101347, 0.81994718, 0.49557313, 0.32797113, 0.62425131, 0.71890479, 0.55815887, 0.32106945, 0.59621054, 0.69728595)
(0.19183174, 0.81126326, 0.53697634, 0.54740739, 0.57924134, 0.70218873, 0.69387150, 0.37037989, 0.48130527, 0.66626912)
(0.24800810, 0.79346651, 0.66891396, 0.63230991, 0.42463735, 0.69701600, 0.74742615, 0.38499445, 0.58102477, 0.66010845)
(0.17310646, 0.79565620, 0.67655647, 0.76681942, 0.47821072, 0.64591146, 0.80176091, 0.37228039, 0.38013861, 0.60931486)
(0.18908818, 0.58163542, 0.56463975, 0.54689699, 0.73394614, 0.59447718, 0.72107214, 0.56695795, 0.31127802, 0.44696486)
(0.57192731, 0.50834286, 0.53527421, 0.56509155, 0.72016799, 0.22325249, 0.48772088, 0.18591933, 0.12326238, 0.44729623)
(0.47553918, 0.76761937, 0.52867937, 0.64929515, 0.33738601, 0.52847612, 0.54470271, 0.22848494, 0.54715848, 0.70946199)
(0.17876877, 0.89100450, 0.33962744, 0.67510545, 0.62465340, 0.59328699, 0.56252098, 0.16757773, 0.25404003, 0.75308889)
(0.75103670, 0.29053727, 0.95623744, 0.82064247, 0.22082543, 0.37376085, 0.85687506, 0.52659893, 0.66533500, 0.25679472)
(0.07543556, 0.80262959, 0.69983447, 0.54240429, 0.70477521, 0.81050068, 0.86358792, 0.58165503, 0.44341996, 0.54710764)
(0.21598752, 0.70478594, 0.83508295, 0.49301934, 0.44963157, 0.79848480, 0.86627907, 0.63096124, 0.73863631, 0.54111630)
(0.22607644, 0.78248245, 0.64186317, 0.66148901, 0.46446303, 0.67004925, 0.74805862, 0.38481137, 0.49891302, 0.63938892)
(0.17564294, 0.67051029, 0.71668833, 0.61291182, 0.57168257, 0.69608635, 0.81847608, 0.58154827, 0.47126636, 0.50385064)
(0.11572224, 0.68347883, 0.70774364, 0.41503459, 0.72786325, 0.78943032, 0.83833748, 0.68982786, 0.52055001, 0.47456992)
(0.64961237, 0.48680007, 0.57216674, 0.39340582, 0.63934463, 0.40104294, 0.48950511, 0.36959350, 0.40336439, 0.43981791)
(0.38917118, 0.48524410, 0.73903376, 0.84852833, 0.50316250, 0.31064057, 0.74494553, 0.38618767, 0.20454185, 0.38980651)
(0.31152117, 0.62845665, 0.38312316, 0.58224291, 0.72713161, 0.43460345, 0.50840098, 0.34053215, 0.21451998, 0.53409314)
(0.22046867, 0.67911464, 0.52327675, 0.36211035, 0.72910130, 0.69005853, 0.66581136, 0.52598530, 0.47550380, 0.54160899)
(0.26457244, 0.52711618, 0.47768885, 0.67761385, 0.77897191, 0.34960824, 0.60904324, 0.39921016, 0.12430687, 0.40006822)
(0.38556582, 0.80450851, 0.71636355, 0.67895705, 0.26494810, 0.65630579, 0.72622079, 0.28691903, 0.68279642, 0.69886845)
(0.36372644, 0.65402383, 0.61173254, 0.66752774, 0.44148481, 0.54180968, 0.66798472, 0.39788678, 0.46869546, 0.58233660)
(0.38723546, 0.63006157, 0.45556816, 0.59449863, 0.55250919, 0.48086384, 0.54140735, 0.36187238, 0.37649965, 0.58793461)
(0.60733104, 0.62866038, 0.81908768, 0.76424336, 0.22394297, 0.50259632, 0.72649485, 0.35449758, 0.65544504, 0.56257164)
(0.55752832, 0.76749527, 0.52082396, 0.31104591, 0.52463537, 0.64159477, 0.46688583, 0.26900509, 0.65066916, 0.68209445)
(0.12399465, 0.80191773, 0.62138373, 0.78337181, 0.66463476, 0.58410168, 0.78263897, 0.34129575, 0.20574430, 0.56109208)
(0.62268418, 0.63010794, 0.54034519, 0.10076186, 0.81051856, 0.62384397, 0.42921531, 0.35917166, 0.56178766, 0.46891657)
(0.35511100, 0.68747526, 0.48550478, 0.27110755, 0.73070371, 0.65546823, 0.54666400, 0.42725509, 0.51520693, 0.56739205)
(0.35744002, 0.69361305, 0.49899787, 0.36297244, 0.63394624, 0.64438325, 0.56682593, 0.41947651, 0.54157871, 0.60486710)
(0.37980089, 0.70841312, 0.55550963, 0.37772822, 0.58172661, 0.66418916, 0.59247500, 0.41754889, 0.59748268, 0.61700356)
(0.50692326, 0.81318468, 0.59767151, 0.86262721, 0.22368765, 0.41027343, 0.58272225, 0.13905081, 0.40803710, 0.74626732)
(0.80364043, 0.48947820, 0.90038240, 0.10390039, 0.55761832, 0.69854635, 0.67088157, 0.55704653, 0.87705880, 0.36509100)
(0.03011724, 0.86954945, 0.76603806, 0.72365946, 0.76288122, 0.82340300, 0.92655426, 0.54619724, 0.25416362, 0.52003652)
(0.27533501, 0.65834111, 0.45463195, 0.52829742, 0.65469563, 0.56086218, 0.59590715, 0.41991183, 0.36067227, 0.56714511)
(0.53501898, 0.77663708, 0.55655295, 0.56007361, 0.32772544, 0.57734036, 0.52963424, 0.22875494, 0.64008504, 0.72189605)
(0.45671108, 0.48943675, 0.62127501, 0.73082078, 0.53990334, 0.31040594, 0.63285863, 0.32204553, 0.23578249, 0.45262194)
(0.36160806, 0.60774368, 0.72870970, 0.54891628, 0.43585110, 0.64362502, 0.74668163, 0.53385526, 0.63199681, 0.53511578)
(0.18456174, 0.66548038, 0.52576810, 0.64779198, 0.70195627, 0.54956746, 0.69837499, 0.44910824, 0.24287097, 0.50991678)
(0.39682904, 0.78963256, 0.47013333, 0.57108670, 0.42450520, 0.58060360, 0.53689444, 0.24327719, 0.52984887, 0.71610183)
(0.69243127, 0.71038234, 0.68898702, 0.75838315, 0.28981909, 0.39785075, 0.55300570, 0.20182116, 0.51850665, 0.62929863)
(0.17890236, 0.66084105, 0.67767578, 0.34834948, 0.70610863, 0.76360065, 0.78348833, 0.65137511, 0.57938755, 0.49707183)
(0.40433386, 0.87483317, 0.44369474, 0.57822704, 0.36876407, 0.61921376, 0.50326461, 0.14993715, 0.56533563, 0.79203326)
(0.57624459, 0.60482645, 0.55596465, 0.58409768, 0.45274544, 0.44863549, 0.51920682, 0.33270711, 0.49122614, 0.57753938)
(0.46864843, 0.35139605, 0.75767606, 0.76975113, 0.50754398, 0.30234379, 0.73712862, 0.44577062, 0.27182871, 0.33012646)
(0.49862349, 0.60313815, 0.56221569, 0.54855347, 0.45988631, 0.51525348, 0.55712795, 0.39525488, 0.53453177, 0.58582318)
(0.49352637, 0.69112647, 0.79023576, 0.95604408, 0.23371106, 0.20611072, 0.75522310, 0.11864216, 0.16001222, 0.56822348)
(0.53726786, 0.28205743, 0.80224234, 0.75831771, 0.59791529, 0.21013494, 0.74496126, 0.36255282, 0.17183052, 0.24665894)
(0.20288405, 0.66668713, 0.75066972, 0.65117127, 0.50100046, 0.68416566, 0.82812971, 0.56158066, 0.50771886, 0.50738621)
(0.39162251, 0.85988021, 0.47755733, 0.70385599, 0.31991297, 0.55478823, 0.54581642, 0.15221223, 0.50328505, 0.77507359)
(0.44411868, 0.87158477, 0.49628147, 0.75094754, 0.25452158, 0.52697664, 0.53339618, 0.12090632, 0.51817250, 0.79465872)
(0.27006456, 0.66608077, 0.41418967, 0.47877669, 0.70221424, 0.56327802, 0.56448340, 0.40608215, 0.34312069, 0.56660563)
(0.34006026, 0.84969914, 0.43830389, 0.42457688, 0.56426376, 0.67436051, 0.51513988, 0.23972449, 0.54146361, 0.74440449)
(0.20007239, 0.75182676, 0.88026303, 0.44849935, 0.42049408, 0.85028702, 0.89617276, 0.64674562, 0.81336552, 0.56113988)
(0.39215714, 0.42219064, 0.75060922, 0.86847365, 0.47462448, 0.27518883, 0.76105428, 0.38678861, 0.19325787, 0.36677846)
(0.24379371, 0.42261901, 0.74359852, 0.75760323, 0.63546389, 0.44448373, 0.80872947, 0.59037817, 0.23911801, 0.31419781)
(0.65458900, 0.65961558, 0.55880862, 0.62250108, 0.54096586, 0.28234610, 0.46747333, 0.14443521, 0.24105041, 0.57254893)
(0.43857041, 0.77824152, 0.51244372, 0.58365548, 0.38475606, 0.57515240, 0.54604149, 0.25068235, 0.56662369, 0.71241641)
(0.45075145, 0.38900927, 0.62742752, 0.62920642, 0.63008589, 0.33237624, 0.63939899, 0.43522674, 0.25562295, 0.36519808)
(0.45848769, 0.61056960, 0.66779816, 0.34656981, 0.53288448, 0.65602934, 0.64426506, 0.50250649, 0.67542189, 0.55102897)
(0.25159419, 0.71856582, 0.51947778, 0.52063990, 0.59822971, 0.63776582, 0.65125817, 0.42193654, 0.45965722, 0.60708553)
(0.37713760, 0.62443984, 0.66292566, 0.46990675, 0.48204219, 0.65114468, 0.68948001, 0.51166409, 0.63922250, 0.56428313)
(0.18636143, 0.67604309, 0.45177779, 0.46889585, 0.76942730, 0.61435521, 0.64002860, 0.47313106, 0.30747989, 0.52548206)
(0.26145259, 0.82244247, 0.40603924, 0.81430429, 0.52825010, 0.42167005, 0.56819016, 0.16037169, 0.18472685, 0.68968809)
(0.35469249, 0.74247152, 0.38114610, 0.57186949, 0.56953460, 0.51634312, 0.49090517, 0.26375473, 0.36489016, 0.66625112)
(0.35325018, 0.34882665, 0.84172636, 0.80754626, 0.47114104, 0.40915927, 0.84225059, 0.58255708, 0.33807594, 0.28892374)
(0.50682443, 0.49304184, 0.76959002, 0.86230743, 0.33810204, 0.29641256, 0.73578691, 0.30149540, 0.30038163, 0.45311838)
(0.53858680, 0.63048905, 0.70528346, 0.81568450, 0.28922486, 0.38964546, 0.65839398, 0.27813122, 0.42767864, 0.58631337)
(0.68638647, 0.27833799, 0.90380400, 0.75355262, 0.32656139, 0.36025807, 0.79629129, 0.52897304, 0.56210041, 0.27504683)
(0.37366560, 0.39603496, 0.51951420, 0.42258641, 0.88861769, 0.32908669, 0.55123717, 0.42037919, 0.13114946, 0.25908843)
(0.40289968, 0.32983619, 0.93654269, 0.51572567, 0.41170597, 0.67548060, 0.91287112, 0.77468687, 0.72574502, 0.26190966)
(0.13197827, 0.49742264, 0.87612152, 0.39387307, 0.69941217, 0.80532789, 0.91536617, 0.83823776, 0.62425745, 0.32089496)
(0.50435179, 0.46236649, 0.90665954, 0.49052137, 0.32978901, 0.67689604, 0.85342985, 0.65893304, 0.80166852, 0.40426376)
(0.22404335, 0.62554783, 0.79374039, 0.37720868, 0.59843165, 0.77872521, 0.83196861, 0.69466251, 0.69013721, 0.47634840)
(0.61243320, 0.47906673, 0.81491327, 0.81536096, 0.28977162, 0.35265383, 0.72319156, 0.35403726, 0.46523905, 0.45461047)
(0.33408195, 0.44184718, 0.81059062, 0.74286354, 0.46305326, 0.51305068, 0.82151419, 0.59965563, 0.43616381, 0.36700538)
(0.27045560, 0.70896792, 0.48512474, 0.61146033, 0.58301246, 0.56215465, 0.62485057, 0.37021539, 0.36713967, 0.60492635)
(0.15261078, 0.92819083, 0.33265740, 0.83328885, 0.56325442, 0.51998788, 0.58398932, 0.09504734, 0.15587153, 0.79063773)
(0.54858065, 0.64541346, 0.66531867, 0.67262387, 0.34005153, 0.49489543, 0.61038846, 0.33469656, 0.56468040, 0.60569978)
(0.41524079, 0.59567875, 0.84979814, 0.35859105, 0.43772933, 0.75561160, 0.81012845, 0.63241774, 0.80980122, 0.49529985)
(0.11401638, 0.80638772, 0.48555520, 0.38793358, 0.78864509, 0.75947440, 0.71424365, 0.46863481, 0.40290949, 0.59601140)
(0.65980381, 0.71114105, 0.50580180, 0.53708369, 0.45976049, 0.44723237, 0.42888048, 0.21223526, 0.46758971, 0.62320477)
(0.15024643, 0.91242003, 0.45300922, 0.72271800, 0.52309173, 0.66297060, 0.67474991, 0.17649196, 0.33605212, 0.76675373)
(0.15503678, 0.73968613, 0.62113142, 0.47974950, 0.65217608, 0.74379188, 0.77092028, 0.53813046, 0.50308114, 0.56725848)
(0.12135720, 0.78799886, 0.74744111, 0.58077788, 0.55914247, 0.79384816, 0.85796618, 0.55121595, 0.55783355, 0.57595354)
(0.20655032, 0.55984461, 0.76844639, 0.32616624, 0.69288963, 0.75819361, 0.82129848, 0.73327786, 0.62667382, 0.42059672)
(0.46692494, 0.57787246, 0.74692708, 0.46086937, 0.42570120, 0.64667642, 0.71258897, 0.53311408, 0.70784712, 0.52767682)
(0.11694107, 0.80166578, 0.45680967, 0.55022341, 0.77011043, 0.67023665, 0.69575059, 0.39317998, 0.26629591, 0.59632343)
(0.11003581, 0.70984614, 0.64348155, 0.37840933, 0.77430284, 0.78493631, 0.80780864, 0.65352809, 0.47928822, 0.49345514)
(0.26912272, 0.72944963, 0.47525391, 0.73827338, 0.56495887, 0.47577447, 0.61911219, 0.29195288, 0.25577909, 0.60818595)
(0.08251975, 0.96372807, 0.35111496, 0.89141840, 0.58024716, 0.57502329, 0.67130518, 0.06988310, 0.11330909, 0.82704997)
(0.27396378, 0.87837929, 0.63850057, 0.75182009, 0.29715249, 0.65683848, 0.71865708, 0.20594604, 0.55844522, 0.75446808)
(0.36018202, 0.84079975, 0.71776474, 0.89191949, 0.21453376, 0.50678921, 0.74021024, 0.17835580, 0.43370914, 0.71962732)
(0.38988274, 0.61729282, 0.72821242, 0.83426178, 0.35520080, 0.43837509, 0.74275869, 0.35407224, 0.36907655, 0.53011966)
(0.48173651, 0.26649046, 0.84860867, 0.69871801, 0.48620644, 0.39175338, 0.81486112, 0.59748644, 0.39966232, 0.24796487)
(0.22808047, 0.57631385, 0.62201935, 0.38201419, 0.70788282, 0.68334395, 0.72921169, 0.63861436, 0.50784016, 0.46736565)
(0.41044945, 0.83142090, 0.49454379, 0.46101183, 0.47208571, 0.65642220, 0.52751809, 0.24144849, 0.59969211, 0.74213767)
(0.50029546, 0.62776417, 0.44553852, 0.63656354, 0.63266003, 0.28958130, 0.45309687, 0.18037981, 0.16931562, 0.58100152)
(0.43568331, 0.70009530, 0.83150554, 0.72169501, 0.23742159, 0.63459283, 0.80053312, 0.40360758, 0.70544916, 0.59464508)
(0.28242975, 0.84284222, 0.34520704, 0.53823799, 0.59516376, 0.59493244, 0.48871025, 0.20465395, 0.37747008, 0.73633462)
(0.45222816, 0.87578607, 0.45798624, 0.91214854, 0.32614261, 0.27398539, 0.47406712, 0.05526865, 0.14355345, 0.78152996)
(0.54963738, 0.61788601, 0.87827986, 0.89103252, 0.16873612, 0.42739034, 0.81216478, 0.30928835, 0.53469223, 0.53413469)
(0.38094240, 0.63016963, 0.74535710, 0.14736460, 0.73436439, 0.76314420, 0.70529175, 0.59764326, 0.71857727, 0.47148466)
(0.16381526, 0.92248631, 0.42886800, 0.70338279, 0.50184369, 0.66823012, 0.64417171, 0.15323646, 0.36425820, 0.79017746)
(0.94110382, 0.51352972, 0.85870880, 0.26573911, 0.50275630, 0.42334250, 0.51319981, 0.30497864, 0.74470729, 0.29830822)
(0.30081803, 0.72143418, 0.66477293, 0.29792160, 0.61873126, 0.75998151, 0.70500475, 0.51890171, 0.68349320, 0.58461988)
(0.32686901, 0.78495371, 0.48457727, 0.65417534, 0.45398414, 0.56036043, 0.59058690, 0.25951776, 0.43720597, 0.68904704)
(0.52545089, 0.36905667, 0.89054435, 0.85140872, 0.29294762, 0.36316961, 0.83379185, 0.47437444, 0.43902239, 0.33962157)
(0.21837795, 0.44883612, 0.71787316, 0.85051388, 0.67779773, 0.33004111, 0.80341309, 0.48560995, 0.11765864, 0.30304068)
(0.09516657, 0.94075119, 0.44892496, 0.71109569, 0.57489055, 0.73284817, 0.72035044, 0.16914402, 0.32589093, 0.78930819)
(0.20835897, 0.71753210, 0.64247507, 0.82261831, 0.53126740, 0.50804436, 0.76082557, 0.35629645, 0.24250834, 0.54583347)
(0.27582857, 0.82389492, 0.49587294, 0.83046103, 0.43840614, 0.46219340, 0.62967551, 0.18258160, 0.25275162, 0.69330549)
(0.35006863, 0.56532097, 0.68052453, 0.79429650, 0.48245284, 0.42095035, 0.72074139, 0.40692985, 0.29694325, 0.47367752)
(0.34663051, 0.74131382, 0.75915217, 0.83399343, 0.28227642, 0.54455566, 0.77700275, 0.31507376, 0.48403302, 0.61504865)
(0.54708648, 0.69804287, 0.53118044, 0.14353074, 0.75316924, 0.66817111, 0.46703520, 0.37137339, 0.59946591, 0.55199003)
(0.22725491, 0.66237485, 0.41390702, 0.62215465, 0.73751855, 0.47696620, 0.58804411, 0.36697584, 0.19804418, 0.52956045)
(0.26525849, 0.63666952, 0.91133952, 0.73218143, 0.28988343, 0.71950889, 0.91179293, 0.61198801, 0.69954687, 0.46434429)
(0.24315742, 0.66967934, 0.62311876, 0.61460418, 0.55520952, 0.62127042, 0.73057157, 0.48240465, 0.43688509, 0.54718608)
(0.73535877, 0.82721788, 0.49410167, 0.61685121, 0.36293575, 0.42277575, 0.36918411, 0.10077161, 0.46307412, 0.71407849)
(0.20562124, 0.78647554, 0.82090354, 0.77051371, 0.32837489, 0.71325624, 0.86769319, 0.43297642, 0.58466858, 0.59845227)
(0.58473331, 0.81007230, 0.57243335, 0.59185928, 0.28612703, 0.56955928, 0.50823367, 0.18493348, 0.65703219, 0.75000274)
(0.09495255, 0.55479527, 0.71759027, 0.50147694, 0.80586118, 0.72046095, 0.86003643, 0.74613488, 0.34392723, 0.35092965)
(0.48812428, 0.75051987, 0.45094737, 0.41319063, 0.52041703, 0.59000665, 0.46231103, 0.26522058, 0.55408531, 0.68368065)
(0.38737884, 0.77873337, 0.73066384, 0.58438718, 0.30716598, 0.69584376, 0.73256439, 0.35132539, 0.72783697, 0.67524886)
(0.28285623, 0.82593173, 0.42997956, 0.60277808, 0.51900029, 0.59782916, 0.56486952, 0.23955892, 0.42199564, 0.71839958)
(0.14852436, 0.66514260, 0.74504781, 0.22344463, 0.80229467, 0.82357931, 0.82781899, 0.71879774, 0.61747408, 0.43492857)
(0.44252422, 0.42983446, 0.89935899, 0.86351359, 0.28434682, 0.42892212, 0.86445194, 0.49678624, 0.45950332, 0.35792914)
(0.57155561, 0.19755059, 0.92265654, 0.70353085, 0.41229823, 0.39517638, 0.86668187, 0.64889455, 0.48876369, 0.19048592)
(0.55300844, 0.59599531, 0.71763688, 0.53997284, 0.37967902, 0.56879240, 0.64768326, 0.43089807, 0.66422194, 0.55696613)
(0.31342223, 0.67881745, 0.44987303, 0.76900232, 0.60041535, 0.37185293, 0.56801605, 0.26152146, 0.17711377, 0.56914502)
(0.24682976, 0.70353580, 0.54615039, 0.65516150, 0.57264906, 0.56951731, 0.67910039, 0.39716291, 0.35551479, 0.58018816)
(0.45570794, 0.63572198, 0.52437162, 0.19953634, 0.74612260, 0.64348096, 0.52154595, 0.44272709, 0.55271167, 0.51853180)
(0.58309358, 0.61268663, 0.89296883, 0.70879608, 0.19628796, 0.60553443, 0.81269616, 0.44285083, 0.77498305, 0.52623653)
(0.39630610, 0.56481838, 0.88719761, 0.45753881, 0.37039122, 0.74184710, 0.85546452, 0.66093749, 0.80648822, 0.46563581)
(0.35038570, 0.53861886, 0.43250787, 0.63567203, 0.77412361, 0.31543788, 0.51088732, 0.33202672, 0.12461805, 0.44206595)
(0.37433988, 0.51884866, 0.91753441, 0.65450227, 0.29537851, 0.68627161, 0.89577782, 0.66428316, 0.75000393, 0.41347313)
(0.38729900, 0.59777093, 0.39858148, 0.65956587, 0.77447182, 0.26695016, 0.45904738, 0.21864621, 0.09120835, 0.49776992)
(0.30121651, 0.81849396, 0.57203704, 0.50195456, 0.46122149, 0.70371610, 0.65001291, 0.31961849, 0.62059319, 0.70769280)
(0.37256840, 0.74540532, 0.63091189, 0.50243551, 0.42484194, 0.67411363, 0.66213274, 0.38164607, 0.65908861, 0.65796268)
(0.23435773, 0.75686985, 0.56268299, 0.53079498, 0.55453342, 0.68071032, 0.68891644, 0.41520268, 0.51534057, 0.63264453)
(0.22887272, 0.42336199, 0.91589266, 0.73413461, 0.44531977, 0.64934808, 0.92387331, 0.75482708, 0.53764153, 0.29464012)
(0.10459720, 0.71854973, 0.67400002, 0.60979438, 0.71035802, 0.71743983, 0.83260471, 0.57984531, 0.33889329, 0.48542330)
(0.37243629, 0.88684589, 0.47838056, 0.51379162, 0.39633486, 0.68016851, 0.53834683, 0.17238842, 0.62032372, 0.79642749)
(0.58926982, 0.41667378, 0.90818435, 0.83366323, 0.22513494, 0.42107818, 0.83421522, 0.46407157, 0.57839578, 0.38329238)
(0.58319855, 0.46921170, 0.58406419, 0.53110254, 0.62508953, 0.31350216, 0.53438956, 0.29567981, 0.26950237, 0.44078010)
(0.45635426, 0.54757261, 0.59746569, 0.77590710, 0.64145774, 0.21444893, 0.59603065, 0.18623410, 0.10257618, 0.44631189)
(0.30132702, 0.71755451, 0.69184774, 0.64527494, 0.40483502, 0.64847690, 0.74744272, 0.42662239, 0.57534236, 0.60522294)
(0.28640157, 0.69914150, 0.78355223, 0.84796894, 0.34087378, 0.54187489, 0.81749654, 0.37694710, 0.41209337, 0.54707056)
(0.38479027, 0.81837475, 0.53502476, 0.66940081, 0.33815530, 0.57848215, 0.59462094, 0.21531372, 0.54527277, 0.73200762)
(0.55887103, 0.64371228, 0.48198551, 0.54378837, 0.46439621, 0.47708872, 0.46933192, 0.30959630, 0.49336150, 0.61361992)
(0.36489543, 0.78528440, 0.60352242, 0.69861263, 0.33869490, 0.58416456, 0.65708292, 0.26877603, 0.54158604, 0.69070804)
(0.41320229, 0.44954854, 0.91868699, 0.64067262, 0.32366577, 0.65107721, 0.88929778, 0.68219543, 0.72227901, 0.36620796)
(0.12748449, 0.56758761, 0.80019379, 0.56037277, 0.64911991, 0.74423462, 0.88283050, 0.75262493, 0.49324560, 0.39410070)
(0.27634174, 0.46928751, 0.70234501, 0.62032187, 0.59127647, 0.55521172, 0.76801747, 0.62603307, 0.40678144, 0.40021899)
(0.66948837, 0.31345281, 0.84033507, 0.75021428, 0.52401847, 0.21191016, 0.71947515, 0.30289933, 0.23432986, 0.27317652)
(0.84641147, 0.52889848, 0.90339619, 0.65192682, 0.24744044, 0.45967591, 0.68713742, 0.37955654, 0.77709103, 0.41255930)
(0.32655928, 0.69989932, 0.93445385, 0.34469801, 0.38600489, 0.86010391, 0.90349978, 0.69017386, 0.89274251, 0.50529885)
(0.22746788, 0.76523197, 0.76392633, 0.60031503, 0.41597712, 0.74959898, 0.81943655, 0.48217207, 0.65657496, 0.60762805)
(0.20475285, 0.74791020, 0.65664035, 0.44769022, 0.57988960, 0.75626433, 0.76032776, 0.51766658, 0.61101413, 0.59772032)
(0.20241126, 0.85477865, 0.49733612, 0.64416146, 0.51339835, 0.65877974, 0.66749781, 0.25780055, 0.42650834, 0.71472120)
(0.19932470, 0.83816117, 0.76187950, 0.78013343, 0.33736366, 0.70382887, 0.83347416, 0.34396040, 0.54101193, 0.66447651)
(0.20929886, 0.88801658, 0.60194188, 0.73596478, 0.37104258, 0.68065524, 0.73128945, 0.21757977, 0.49715742, 0.74811906)
(0.36490980, 0.60082543, 0.68679643, 0.77150279, 0.42164925, 0.47803751, 0.72222155, 0.40599701, 0.38905919, 0.51981503)
(0.16085747, 0.91960829, 0.50691426, 0.58220220, 0.50927234, 0.75731087, 0.68271548, 0.21460187, 0.52091324, 0.78574371)
(0.18243477, 0.72752696, 0.55190521, 0.32758611, 0.75618988, 0.74288535, 0.70187181, 0.53381103, 0.50072902, 0.55096787)
(0.54898429, 0.29552114, 0.81775373, 0.73685592, 0.45904005, 0.32393214, 0.75269628, 0.49909139, 0.37039879, 0.29980624)
(0.81290197, 0.32065263, 0.91860396, 0.75274301, 0.31542072, 0.29760441, 0.76234084, 0.38318142, 0.58348274, 0.27022192)
(0.87292975, 0.30067745, 0.93412888, 0.51947379, 0.36515355, 0.41100544, 0.72947007, 0.52934778, 0.75510287, 0.22848071)
(0.28189456, 0.88191670, 0.40188682, 0.89886373, 0.44233093, 0.35003445, 0.54241443, 0.08374767, 0.13322282, 0.75149560)
(0.27350122, 0.87431043, 0.56075329, 0.76558644, 0.33709228, 0.60497755, 0.67361927, 0.18176599, 0.46149969, 0.75226879)
(0.46652332, 0.64439398, 0.76767617, 0.48130307, 0.37377891, 0.67723501, 0.72749883, 0.48826525, 0.74732727, 0.57336575)
(0.63251913, 0.49207020, 0.62130576, 0.57309991, 0.61346424, 0.27155724, 0.53428560, 0.23102479, 0.23451713, 0.43733454)
(0.63738370, 0.71284729, 0.54361355, 0.66872287, 0.46203122, 0.33135194, 0.46084791, 0.14929645, 0.30665147, 0.63212067)
(0.35533553, 0.95104545, 0.48347342, 0.76263690, 0.20176497, 0.63433087, 0.55887866, 0.06397701, 0.58695149, 0.87810242)
(0.10220226, 0.68156713, 0.73745263, 0.49207586, 0.70364118, 0.78426880, 0.86272514, 0.69677562, 0.48773098, 0.46136907)
(0.72121096, 0.54071909, 0.59130329, 0.28727588, 0.61477268, 0.49332517, 0.45158011, 0.39695430, 0.56625587, 0.46569836)
(0.39871407, 0.64363629, 0.71939331, 0.33106831, 0.53142256, 0.71585804, 0.70725572, 0.54026240, 0.71786791, 0.55340379)
(0.39759669, 0.63303483, 0.38555083, 0.37858084, 0.75494665, 0.50757962, 0.46387592, 0.35285714, 0.31125659, 0.52930868)
(0.45382458, 0.41501373, 0.78580952, 0.74693066, 0.40868700, 0.42681929, 0.76325881, 0.50449121, 0.43825412, 0.39156726)
(0.52165854, 0.46149948, 0.92986864, 0.28515601, 0.42369753, 0.75669283, 0.86287671, 0.71921664, 0.86424959, 0.37253150)
(0.44122487, 0.67616034, 0.47320110, 0.33602631, 0.64549524, 0.59691423, 0.49956718, 0.37552220, 0.51779002, 0.59745979)
(0.28904802, 0.31594187, 0.80091268, 0.45717633, 0.73858607, 0.55185628, 0.81031775, 0.70967531, 0.40103528, 0.24034864)
(0.36329296, 0.89132810, 0.36774695, 0.67552823, 0.36760640, 0.55677933, 0.47364879, 0.10820752, 0.44159162, 0.80642992)
(0.15551326, 0.70493889, 0.65785366, 0.40859592, 0.68385607, 0.76602429, 0.78898972, 0.61256272, 0.54873484, 0.53059274)
(0.38032386, 0.48777828, 0.77196950, 0.50032526, 0.47361594, 0.63425851, 0.77716583, 0.63583654, 0.64010668, 0.44331765)
(0.63470292, 0.84329724, 0.58227456, 0.42510572, 0.33767748, 0.64430624, 0.46778914, 0.17287253, 0.73141581, 0.76932985)
(0.55509120, 0.31877792, 0.91624600, 0.75427532, 0.29019094, 0.46619383, 0.85860080, 0.59696329, 0.60796309, 0.30308190)
(0.72132385, 0.59885323, 0.57059270, 0.14307466, 0.71819866, 0.56291693, 0.41081902, 0.34215972, 0.58632898, 0.48983178)
(0.61459273, 0.43247235, 0.82698154, 0.65600425, 0.34929693, 0.47607467, 0.72898340, 0.50994271, 0.62904304, 0.41194487)
(0.21683484, 0.64479995, 0.43942139, 0.61650300, 0.74426258, 0.48832470, 0.61281198, 0.40158427, 0.20298806, 0.50986671)
(0.28829741, 0.80276233, 0.80859882, 0.75912428, 0.26402777, 0.69523221, 0.82751375, 0.36478418, 0.65692848, 0.65493000)
(0.40887907, 0.88968569, 0.45706514, 0.46061337, 0.43073756, 0.68513620, 0.49461448, 0.16273986, 0.62165290, 0.80043268)
(0.38116050, 0.68870264, 0.86531514, 0.36759135, 0.43327728, 0.79380339, 0.82412940, 0.59575874, 0.82520092, 0.53833026)
(0.48109406, 0.76267827, 0.41079545, 0.46835688, 0.51529968, 0.55308199, 0.43902174, 0.22790365, 0.49067849, 0.69435751)
(0.43863809, 0.39911872, 0.87391317, 0.81782341, 0.34764019, 0.43340835, 0.84204417, 0.53134269, 0.45156950, 0.34257796)
(0.23805414, 0.73326689, 0.44897708, 0.48208827, 0.66442627, 0.62905997, 0.60670614, 0.39577609, 0.40730295, 0.61303008)
(0.59292948, 0.44994837, 0.55044931, 0.49540257, 0.78480971, 0.20776016, 0.48646131, 0.20342773, 0.10452005, 0.37681377)
(0.62929082, 0.61932641, 0.57365388, 0.13045037, 0.74091226, 0.62737995, 0.45996973, 0.38751057, 0.61210030, 0.49435622)
(0.16327575, 0.69238669, 0.67847770, 0.15535043, 0.85137290, 0.81857777, 0.77253389, 0.66701186, 0.59086055, 0.45308682)
(0.13190864, 0.91135240, 0.61174357, 0.68944627, 0.45409077, 0.76082855, 0.78139687, 0.25130019, 0.50059271, 0.75045788)
(0.13263007, 0.58437443, 0.79250574, 0.67772174, 0.62714005, 0.68571353, 0.87784767, 0.69098008, 0.38970724, 0.39310539)
(0.16513373, 0.82320744, 0.80235165, 0.68937069, 0.38093460, 0.77973282, 0.86826342, 0.45394894, 0.63551450, 0.62936205)
(0.29501563, 0.82482952, 0.40369871, 0.81955534, 0.49152884, 0.40610948, 0.54533792, 0.14528634, 0.19587186, 0.70472509)
(0.55714530, 0.56631309, 0.53307199, 0.59790301, 0.64349592, 0.28439456, 0.49470624, 0.21168023, 0.18726167, 0.50005293)
(0.20851323, 0.95771569, 0.70256251, 0.90526783, 0.16416956, 0.67142940, 0.79198855, 0.08542641, 0.50929558, 0.84765702)
(0.32359242, 0.67403382, 0.71249884, 0.79735851, 0.38664585, 0.52016073, 0.75424397, 0.37616864, 0.40941349, 0.55825144)
(0.36859855, 0.67789173, 0.53232437, 0.59860420, 0.50537211, 0.54491103, 0.59667063, 0.37147677, 0.45571637, 0.61048418)
(0.52010465, 0.54497778, 0.66924304, 0.74734986, 0.44785869, 0.35931242, 0.63340682, 0.33376297, 0.33494279, 0.49293581)
(0.59707326, 0.34994695, 0.77125132, 0.69970262, 0.48280180, 0.30009001, 0.69373548, 0.38583681, 0.34494874, 0.34417483)
(0.40633938, 0.35116810, 0.86539072, 0.43253160, 0.53763974, 0.62364936, 0.83732414, 0.71898693, 0.62414247, 0.29831186)
(0.16783589, 0.60116547, 0.69132054, 0.18724957, 0.85862148, 0.77159685, 0.77537167, 0.70380753, 0.53138655, 0.39061445)
(0.67903918, 0.78661555, 0.56828779, 0.28498366, 0.44295803, 0.64280576, 0.43668178, 0.22004350, 0.72354877, 0.70361096)
(0.56876349, 0.43178400, 0.82761198, 0.67525178, 0.33937952, 0.48540702, 0.75319499, 0.51731801, 0.61365879, 0.41420922)
(0.21247302, 0.72967178, 0.62763029, 0.62999082, 0.54091012, 0.65584087, 0.74861228, 0.44904771, 0.44947356, 0.58372110)
(0.60945845, 0.67513323, 0.46422952, 0.49337009, 0.47788447, 0.47896138, 0.42809591, 0.26749837, 0.49987617, 0.62096548)
(0.72441685, 0.26083136, 0.85578465, 0.57999414, 0.49433365, 0.33721003, 0.71771359, 0.49123594, 0.50077450, 0.24146578)
(0.58116537, 0.35912862, 0.94014025, 0.64386249, 0.25765413, 0.58792698, 0.88158876, 0.65431404, 0.76807654, 0.32146668)
(0.80873448, 0.29222152, 0.90749007, 0.69859958, 0.38204148, 0.29075876, 0.74426544, 0.39898565, 0.55324870, 0.24794561)
(0.40616065, 0.76544106, 0.69333559, 0.29722175, 0.52465636, 0.76447469, 0.66950601, 0.43050420, 0.75702852, 0.63914102)
(0.16822340, 0.93701905, 0.22419649, 0.53419322, 0.78447777, 0.61182761, 0.42303002, 0.09577813, 0.18358091, 0.79115272)
(0.17654261, 0.48203671, 0.89248621, 0.54356587, 0.57599455, 0.74909759, 0.91537797, 0.79953241, 0.60398537, 0.32364333)
(0.41791138, 0.71801466, 0.37419796, 0.36484611, 0.70231694, 0.55294037, 0.44081762, 0.28484914, 0.37790248, 0.60740435)
(0.10969389, 0.79207939, 0.61546850, 0.60514635, 0.67206639, 0.72970682, 0.80105615, 0.47761068, 0.36810669, 0.57785237)
(0.53366673, 0.80719376, 0.67694205, 0.40059483, 0.36871704, 0.71096003, 0.60179991, 0.29621744, 0.77525973, 0.71906346)
(0.32504818, 0.68676376, 0.40070206, 0.50516593, 0.64881563, 0.53635842, 0.51988459, 0.34760752, 0.36030766, 0.60553658)
(0.48327622, 0.48617995, 0.72187376, 0.67418933, 0.42110252, 0.46615347, 0.69480288, 0.47703305, 0.48864204, 0.46300006)
(0.69451302, 0.67695332, 0.85791850, 0.75939935, 0.17695251, 0.52930427, 0.72617829, 0.31919894, 0.75222772, 0.58458984)
(0.29849997, 0.72395527, 0.93065578, 0.67860609, 0.23244281, 0.78669292, 0.91647214, 0.56979781, 0.81687671, 0.53840888)
(0.47189152, 0.49579099, 0.49271646, 0.53068936, 0.66593462, 0.35836330, 0.51831424, 0.35591421, 0.25329235, 0.47468272)
(0.14941812, 0.66313034, 0.91162074, 0.69530618, 0.40696084, 0.78635859, 0.93445933, 0.70404327, 0.65843558, 0.43453178)
(0.43724728, 0.67679435, 0.52120554, 0.54495704, 0.47000259, 0.55145878, 0.55454320, 0.35628483, 0.52710378, 0.63308316)
(0.24645886, 0.97304529, 0.45895150, 0.85282415, 0.22144768, 0.62878591, 0.59558851, 0.04197684, 0.44101778, 0.90136719)
(0.36126694, 0.55770665, 0.80490744, 0.75021350, 0.36112106, 0.55403352, 0.80897945, 0.50510520, 0.52458525, 0.46657977)
(0.24399695, 0.58826917, 0.63699883, 0.29683813, 0.74605501, 0.70204794, 0.71835798, 0.63564557, 0.53467494, 0.45856944)
(0.68501997, 0.63132364, 0.62955236, 0.34553987, 0.48612434, 0.56703621, 0.49968490, 0.37084201, 0.67726779, 0.55900908)
(0.27332184, 0.58788478, 0.73542607, 0.39823928, 0.58549517, 0.72023714, 0.77967560, 0.65396810, 0.64540339, 0.48356879)
(0.24820042, 0.83050483, 0.59909701, 0.53335011, 0.48113495, 0.72305435, 0.69336498, 0.33949512, 0.59955633, 0.70030552)
(0.55785471, 0.64403635, 0.62030447, 0.63882035, 0.36606348, 0.49261022, 0.57306856, 0.33420300, 0.56102198, 0.61037683)
(0.58046448, 0.52629638, 0.85012186, 0.63431472, 0.28551114, 0.56732947, 0.76796341, 0.50212044, 0.72140855, 0.47586903)
(0.76198226, 0.60311764, 0.67724693, 0.38522089, 0.47040141, 0.51613331, 0.49083915, 0.36418298, 0.66674978, 0.50349528)
(0.77904624, 0.78698993, 0.64180720, 0.69520885, 0.34113538, 0.34135810, 0.45240483, 0.10252050, 0.43462408, 0.65949601)
(0.39487100, 0.80364722, 0.69060391, 0.47749281, 0.36934417, 0.72954929, 0.68696409, 0.34527460, 0.74515158, 0.70080680)
(0.37806305, 0.53300911, 0.91820663, 0.62139302, 0.29880583, 0.70591819, 0.89397317, 0.66780102, 0.77281421, 0.42494938)
(0.20703939, 0.48926494, 0.82152206, 0.71258998, 0.55597019, 0.60695231, 0.86444634, 0.68404430, 0.41089809, 0.35604417)
(0.30290899, 0.88795722, 0.47718397, 0.60039854, 0.38934579, 0.66137123, 0.58384669, 0.17604226, 0.55983680, 0.78870869)
(0.31134742, 0.77777201, 0.63467014, 0.91987514, 0.38462281, 0.35155857, 0.70049322, 0.17857108, 0.17554872, 0.62230790)
(0.19277036, 0.65487373, 0.93689853, 0.78614956, 0.28851372, 0.75257266, 0.94365311, 0.65189302, 0.68172842, 0.43094593)
(0.48917240, 0.70129341, 0.52916813, 0.51567322, 0.43503729, 0.56488532, 0.53174627, 0.32321268, 0.58073884, 0.66009557)
(0.33330992, 0.42508683, 0.82707900, 0.86681002, 0.43660486, 0.37123299, 0.83633888, 0.49102589, 0.27197105, 0.33878440)
(0.63528299, 0.23418412, 0.86686790, 0.66514039, 0.45423183, 0.34259027, 0.77224898, 0.54914975, 0.44791970, 0.24170770)
(0.45616856, 0.36229435, 0.83758807, 0.88656741, 0.40122744, 0.26262197, 0.80537629, 0.41147041, 0.23150690, 0.32062209)
(0.19253623, 0.62879163, 0.67135143, 0.52073383, 0.62057668, 0.69409692, 0.78245687, 0.61740267, 0.49232018, 0.49485010)
(0.13992015, 0.69229490, 0.58809549, 0.53673232, 0.73414218, 0.67575032, 0.75999647, 0.54227859, 0.33995202, 0.50091189)
(0.56359661, 0.42584997, 0.62535036, 0.58554035, 0.66309983, 0.26311016, 0.56981814, 0.28249410, 0.19458717, 0.38527572)
(0.43661013, 0.82831943, 0.49283242, 0.67166668, 0.31635287, 0.54848653, 0.53611475, 0.17461964, 0.53794813, 0.75541657)
(0.31775865, 0.84590030, 0.53548336, 0.79014254, 0.34195244, 0.53391224, 0.63634282, 0.17895503, 0.40232947, 0.73392200)
(0.11066325, 0.81336653, 0.51829386, 0.53865063, 0.72372621, 0.72537142, 0.74507731, 0.43073606, 0.35139778, 0.60954207)
(0.58322525, 0.74009627, 0.38118371, 0.60640115, 0.57739383, 0.33676201, 0.35485527, 0.12438624, 0.21263935, 0.67292613)
(0.39827046, 0.84628433, 0.37996000, 0.87992257, 0.50936061, 0.22909829, 0.43054786, 0.05465043, 0.07771825, 0.73839456)
(0.24057156, 0.80812967, 0.41269267, 0.87330520, 0.57543945, 0.34134838, 0.58259732, 0.14552845, 0.10637619, 0.64636034)
(0.71817833, 0.66686827, 0.81550831, 0.21435794, 0.44119695, 0.70835912, 0.62060994, 0.40431800, 0.85014510, 0.56283957)
(0.39238304, 0.53975636, 0.65048027, 0.29549009, 0.65543038, 0.63996297, 0.65423143, 0.57855636, 0.59957623, 0.47323370)
(0.41582873, 0.57383847, 0.84646946, 0.73016232, 0.29578161, 0.58769411, 0.82329112, 0.50679153, 0.63121778, 0.48275608)
(0.27829483, 0.69331497, 0.56297177, 0.52749974, 0.55115873, 0.64051044, 0.66937667, 0.44818562, 0.50782299, 0.59648788)
(0.30814934, 0.62057960, 0.42377433, 0.55951744, 0.67623991, 0.48741674, 0.55179828, 0.39214936, 0.29131579, 0.54329646)
(0.61634618, 0.84334809, 0.49493590, 0.53570813, 0.31459245, 0.57375073, 0.42415798, 0.13857213, 0.63789511, 0.78368747)
(0.28458828, 0.95808172, 0.60476065, 0.60813832, 0.24885951, 0.78863466, 0.66637444, 0.10702561, 0.74234962, 0.87431026)
(0.78891611, 0.53305423, 0.63778806, 0.37104672, 0.65268034, 0.32144189, 0.45017782, 0.24155745, 0.35820952, 0.42264411)
(0.52107322, 0.82099116, 0.65046221, 0.51035601, 0.30234918, 0.66970730, 0.59828305, 0.24464357, 0.74525052, 0.74354720)
(0.10298495, 0.61725247, 0.77851301, 0.28850076, 0.81453228, 0.82587302, 0.87519467, 0.78610891, 0.56129313, 0.38015398)
(0.43490031, 0.40599105, 0.55066890, 0.47680816, 0.69264483, 0.41845405, 0.58278376, 0.48260042, 0.33846083, 0.37707701)
(0.16833471, 0.70877242, 0.51511621, 0.53346759, 0.71507484, 0.64535075, 0.69921660, 0.47816312, 0.33753729, 0.54687113)
(0.21705356, 0.53282756, 0.73788786, 0.60802865, 0.58369309, 0.63672835, 0.81311333, 0.65975147, 0.45670065, 0.42298841)
(0.33776203, 0.46226025, 0.86913037, 0.67366320, 0.38795605, 0.62151521, 0.86706483, 0.66787612, 0.61378884, 0.38263905)
(0.30868080, 0.74591589, 0.81823736, 0.84930056, 0.25989738, 0.58761698, 0.83295912, 0.35050103, 0.52004474, 0.59416229)
(0.54701573, 0.70589846, 0.72316271, 0.89702564, 0.22160062, 0.32508418, 0.67481792, 0.17454901, 0.34784621, 0.63643354)
(0.82171947, 0.89967793, 0.84703761, 0.91046250, 0.06658624, 0.44154444, 0.61659324, 0.07105146, 0.73771650, 0.80104339)
(0.30603701, 0.74520040, 0.31900883, 0.64661592, 0.69124377, 0.42045093, 0.45380735, 0.21465349, 0.18904808, 0.63765615)
(0.19735758, 0.83449239, 0.35635313, 0.41758892, 0.75650841, 0.66112268, 0.54202491, 0.28174058, 0.33883139, 0.67560059)
(0.81152576, 0.41555989, 0.90055096, 0.29280028, 0.45439708, 0.57327110, 0.69856668, 0.55213588, 0.81009281, 0.31463879)
(0.28645805, 0.47194564, 0.63513595, 0.62746722, 0.63669926, 0.50161892, 0.72041994, 0.57002550, 0.33020216, 0.40160605)
(0.51505268, 0.36229900, 0.90053368, 0.66177320, 0.31962538, 0.55208880, 0.85288507, 0.63789630, 0.67081589, 0.33205795)
(0.74340153, 0.39613158, 0.85115749, 0.69137645, 0.34959161, 0.36607239, 0.70054406, 0.40851688, 0.59169650, 0.35745177)
(0.25409910, 0.86190718, 0.41996977, 0.80762756, 0.49578407, 0.47536772, 0.57603699, 0.14965925, 0.22756827, 0.73214120)
(0.48155525, 0.79008216, 0.42693576, 0.55621493, 0.41459647, 0.54426330, 0.45786390, 0.19494364, 0.51585990, 0.73007876)
(0.12788020, 0.89193028, 0.37321982, 0.85383737, 0.64887798, 0.47464371, 0.63989091, 0.13800961, 0.10724118, 0.70653427)
(0.48315752, 0.67476076, 0.43620330, 0.66698891, 0.61602366, 0.32945433, 0.44562656, 0.19549499, 0.19296704, 0.59806114)
(0.52246708, 0.38765997, 0.91838658, 0.82444024, 0.25751260, 0.45523620, 0.86409897, 0.53974605, 0.57049310, 0.34215465)
(0.20900148, 0.72752798, 0.61680096, 0.46445593, 0.60285151, 0.72524142, 0.73517215, 0.51039493, 0.55731815, 0.58647388)
(0.20612982, 0.70801425, 0.75492865, 0.34549788, 0.60746402, 0.80199182, 0.81330860, 0.62994254, 0.70206380, 0.54207712)
(0.53155202, 0.80765080, 0.81777179, 0.81624842, 0.14296804, 0.58377188, 0.74987823, 0.22378245, 0.71467829, 0.71462327)
(0.37377390, 0.92871481, 0.37691981, 0.79704773, 0.27762032, 0.51378173, 0.47405499, 0.06245352, 0.39249352, 0.84875107)
(0.41399789, 0.79980659, 0.79671341, 0.84005839, 0.18477240, 0.58154517, 0.77801561, 0.25726026, 0.61796135, 0.68546194)
(0.65354764, 0.88558227, 0.48605356, 0.66230673, 0.24270053, 0.52328229, 0.39738950, 0.08575789, 0.60214257, 0.81867075)
(0.35735273, 0.75946534, 0.48591661, 0.41700038, 0.58267629, 0.64704335, 0.55164820, 0.34473428, 0.54187566, 0.66510278)
(0.39415681, 0.62313282, 0.78868705, 0.55815136, 0.37126836, 0.66736811, 0.77784395, 0.52987754, 0.70110470, 0.54102671)
(0.61175132, 0.59089994, 0.66517556, 0.77932763, 0.47983590, 0.21703728, 0.57567847, 0.13450724, 0.17857447, 0.52074981)
(0.49253061, 0.69109935, 0.38046604, 0.37495023, 0.64212745, 0.52623290, 0.41829088, 0.27188727, 0.41194487, 0.61149257)
(0.39443356, 0.70086467, 0.70360535, 0.72191250, 0.34622815, 0.56207275, 0.71120811, 0.36186242, 0.54098767, 0.60845536)
(0.49405330, 0.52213138, 0.62254655, 0.70617872, 0.51056850, 0.34915382, 0.61053401, 0.33544177, 0.29766163, 0.48270380)
(0.49694932, 0.78212148, 0.64364773, 0.70373178, 0.24842492, 0.55478400, 0.62313884, 0.22539583, 0.63144141, 0.71233875)
(0.41264868, 0.67779398, 0.75716317, 0.91976416, 0.26537415, 0.34478238, 0.76024383, 0.22838305, 0.27668068, 0.57098281)
(0.51063406, 0.75890487, 0.74183315, 0.60004616, 0.25331688, 0.64680779, 0.69072139, 0.30919230, 0.75254995, 0.68145561)
(0.66343874, 0.76978803, 0.59992915, 0.42791301, 0.36191782, 0.60321271, 0.47858864, 0.23702958, 0.71884513, 0.70122409)
(0.25685459, 0.86707389, 0.31124374, 0.82668042, 0.57650697, 0.37980559, 0.48075601, 0.10007706, 0.12992404, 0.73733842)
(0.21991135, 0.78272170, 0.62623394, 0.66188067, 0.48417595, 0.66256171, 0.74140286, 0.37994519, 0.47487408, 0.63742000)
(0.77111822, 0.82833505, 0.64001679, 0.50804991, 0.27361110, 0.57285970, 0.43832445, 0.15966892, 0.75033128, 0.73123503)
(0.69024950, 0.61579871, 0.42185166, 0.33742177, 0.74536437, 0.34732693, 0.32790965, 0.19606839, 0.22997288, 0.52156717)
(0.25535345, 0.54870301, 0.77578729, 0.64812827, 0.49326193, 0.63347667, 0.82289445, 0.62658554, 0.51473701, 0.44186345)
(0.18306813, 0.52384537, 0.79663438, 0.66268075, 0.57751518, 0.65118790, 0.86054111, 0.69465220, 0.43911892, 0.38586524)
(0.17416334, 0.54267234, 0.61763376, 0.70389259, 0.74275279, 0.49068055, 0.76197678, 0.53977960, 0.18336302, 0.38057485)
(0.12121136, 0.84719259, 0.53771347, 0.42786106, 0.70411503, 0.78833854, 0.73734963, 0.42589256, 0.49427977, 0.65584469)
(0.63303524, 0.33440056, 0.66503304, 0.45351893, 0.73331076, 0.25323191, 0.56424618, 0.31948724, 0.20406568, 0.29819420)
(0.32129195, 0.77726865, 0.56271601, 0.49972454, 0.47953919, 0.67506039, 0.63592863, 0.35214701, 0.59846073, 0.67808682)
(0.39430016, 0.90777797, 0.35839123, 0.75133252, 0.31555957, 0.50976765, 0.45006409, 0.07718222, 0.39900559, 0.82792532)
(0.19423828, 0.94474858, 0.35954791, 0.81178892, 0.43305349, 0.57062781, 0.57115477, 0.07819673, 0.26350027, 0.83604556)
(0.28914797, 0.65886176, 0.69639987, 0.83688265, 0.43518803, 0.47087443, 0.76177216, 0.36351281, 0.30018377, 0.52626991)
(0.22585118, 0.95565599, 0.53794831, 0.44378075, 0.43699503, 0.82792819, 0.63801301, 0.14793240, 0.70374084, 0.85753459)
(0.47049344, 0.44254005, 0.52227670, 0.49270684, 0.71393567, 0.34962046, 0.53790361, 0.38480678, 0.24409379, 0.40145862)
(0.29655528, 0.78435981, 0.58425879, 0.94125336, 0.41668001, 0.27317721, 0.67693186, 0.13397810, 0.10311089, 0.62248039)
(0.24856713, 0.64386922, 0.40238473, 0.45103720, 0.77270776, 0.54906744, 0.55800742, 0.42535204, 0.28463092, 0.52506900)
(0.13215694, 0.75476414, 0.72015351, 0.56607187, 0.59109789, 0.76903290, 0.83873141, 0.56597358, 0.52212369, 0.55421042)
(0.40004554, 0.87668592, 0.59558445, 0.77668786, 0.22233658, 0.57404912, 0.63258404, 0.14143550, 0.57443595, 0.78452545)
(0.24337938, 0.98185652, 0.76556110, 0.90234178, 0.07427166, 0.76101959, 0.80511010, 0.04448676, 0.74221879, 0.91388220)
(0.54066086, 0.90466738, 0.59266388, 0.74072719, 0.16874985, 0.57921922, 0.54843044, 0.09330732, 0.66853005, 0.83394301)
(0.24694771, 0.65443313, 0.46078220, 0.57761675, 0.68242621, 0.53557688, 0.61484784, 0.41755906, 0.29473054, 0.54494923)
(0.16860494, 0.69775319, 0.75977010, 0.72613692, 0.51895446, 0.67112094, 0.84623235, 0.53211105, 0.42183706, 0.50384718)
(0.40837663, 0.73856771, 0.75445092, 0.70588923, 0.27274930, 0.62422764, 0.74770749, 0.35481325, 0.65802586, 0.64292395)
(0.39596826, 0.85892433, 0.40723541, 0.46886018, 0.49510279, 0.63803679, 0.46844900, 0.18109849, 0.53514886, 0.76883942)
(0.37946275, 0.45058545, 0.82405931, 0.34943616, 0.56115055, 0.68373501, 0.80247086, 0.69594294, 0.68656933, 0.38434055)
(0.72148305, 0.80364156, 0.61335856, 0.75571722, 0.26744094, 0.40056083, 0.46882159, 0.12177715, 0.51525432, 0.71313798)
(0.45649192, 0.91452533, 0.57984024, 0.61385149, 0.23502162, 0.67855203, 0.57204747, 0.12242813, 0.71483749, 0.83573645)
(0.23271984, 0.58487242, 0.59216070, 0.71585608, 0.65610099, 0.47895503, 0.71543950, 0.46663627, 0.23016115, 0.45543569)
(0.36790210, 0.62906384, 0.35922155, 0.66008848, 0.79377139, 0.28718293, 0.43085104, 0.22369292, 0.08873020, 0.51052630)
(0.69081414, 0.71092659, 0.61432576, 0.67386854, 0.39322594, 0.37229112, 0.48640159, 0.17619295, 0.42786211, 0.62148172)
(0.30197093, 0.71687567, 0.61492580, 0.54245138, 0.48329103, 0.66054863, 0.68943083, 0.43223324, 0.57532579, 0.61831713)
(0.18131624, 0.96581727, 0.38860199, 0.66842771, 0.39654586, 0.72728664, 0.58344430, 0.07749520, 0.48631462, 0.87970895)
(0.60849690, 0.65435731, 0.68005472, 0.76674050, 0.29385880, 0.40757522, 0.60694945, 0.26090395, 0.49971667, 0.60417521)
(0.26155546, 0.70984691, 0.76867259, 0.68694049, 0.40043217, 0.66983151, 0.81175154, 0.47506735, 0.57297248, 0.56274819)
(0.27732158, 0.67661881, 0.68327320, 0.67973012, 0.45918271, 0.60970908, 0.75533938, 0.45569304, 0.48061669, 0.55711538)
(0.56175458, 0.21207309, 0.94583738, 0.62552565, 0.38136801, 0.51256692, 0.89807904, 0.72400045, 0.63046670, 0.18656819)
(0.39183801, 0.46210226, 0.81547618, 0.84075487, 0.40220824, 0.39260960, 0.80590236, 0.46344662, 0.33344221, 0.38549569)
(0.63571119, 0.66653931, 0.67351073, 0.63154739, 0.35418004, 0.48347786, 0.56048155, 0.29523343, 0.58577216, 0.60504735)
(0.56748140, 0.61908537, 0.53225976, 0.46558940, 0.47952998, 0.52395815, 0.49860510, 0.36791328, 0.56897557, 0.59236258)
(0.14003482, 0.77457154, 0.74210030, 0.57149154, 0.54461354, 0.78142911, 0.84462911, 0.54557461, 0.57536149, 0.57706749)
(0.20466307, 0.94660443, 0.27431774, 0.64942211, 0.52718079, 0.63541108, 0.47206020, 0.07963037, 0.32543904, 0.85017604)
(0.14288311, 0.81579518, 0.48047206, 0.75595862, 0.69119364, 0.54034340, 0.69008243, 0.27413023, 0.17589621, 0.61044198)
(0.40707242, 0.49673364, 0.62129122, 0.48348758, 0.54021949, 0.56087375, 0.65420651, 0.55910212, 0.53792489, 0.48545364)
(0.58094710, 0.29970446, 0.95121509, 0.73472863, 0.24518186, 0.52620661, 0.89972639, 0.65711522, 0.70974594, 0.26991928)
(0.56893629, 0.46808159, 0.87708110, 0.87364918, 0.23159203, 0.35701811, 0.80517447, 0.37316158, 0.45784596, 0.42585805)
(0.85879320, 0.39256945, 0.89467150, 0.30198136, 0.46640694, 0.51622051, 0.65825480, 0.53339154, 0.78818142, 0.27777827)
(0.28777906, 0.54216963, 0.83858287, 0.62554836, 0.42374408, 0.67164063, 0.85426819, 0.65859318, 0.62840593, 0.43712085)
(0.27120492, 0.86426735, 0.43499270, 0.71130580, 0.45129818, 0.56760859, 0.58338422, 0.17505248, 0.37154055, 0.74889886)
(0.34148294, 0.55298543, 0.84618759, 0.28700814, 0.56266177, 0.76894712, 0.82355279, 0.70462108, 0.77403629, 0.43985736)
(0.23681888, 0.60923213, 0.81146157, 0.59611821, 0.46164671, 0.71069998, 0.84988838, 0.64391601, 0.62141025, 0.47666609)
(0.44468576, 0.56307358, 0.72181475, 0.22336102, 0.66112256, 0.68664831, 0.66918671, 0.58050078, 0.68205678, 0.46525973)
(0.29698539, 0.70568520, 0.55401772, 0.79855716, 0.49672815, 0.44851336, 0.66017008, 0.29548511, 0.26095405, 0.58713824)
(0.39354578, 0.63375783, 0.53599238, 0.63306606, 0.48465833, 0.50376028, 0.59689510, 0.38204351, 0.43195316, 0.58721262)
(0.18396802, 0.68043357, 0.72810066, 0.35731515, 0.66298723, 0.78555399, 0.80882084, 0.65431315, 0.63739705, 0.50923032)
(0.53109026, 0.65370715, 0.63895714, 0.43235612, 0.43613717, 0.61578107, 0.59183562, 0.40411383, 0.68065161, 0.60864544)
(0.20615487, 0.64114630, 0.49732614, 0.43030238, 0.74534261, 0.63856113, 0.66052336, 0.52978218, 0.38301399, 0.50884241)
(0.53641367, 0.35763830, 0.89170218, 0.86733550, 0.29368964, 0.32942820, 0.83189070, 0.45365682, 0.39944634, 0.33025920)
(0.60613430, 0.68285888, 0.61075068, 0.21502367, 0.59478492, 0.65333873, 0.50627661, 0.36992294, 0.69034475, 0.59091860)
(0.30926889, 0.60706013, 0.77053207, 0.86457586, 0.38400474, 0.44882023, 0.80754268, 0.38869607, 0.31327906, 0.47982886)
(0.29874811, 0.79464769, 0.61333871, 0.67792678, 0.39008623, 0.62795955, 0.69168156, 0.30694667, 0.53011233, 0.68085909)
(0.49938142, 0.54503775, 0.58381373, 0.60188258, 0.44817960, 0.47153184, 0.58473182, 0.41916206, 0.49309483, 0.54483521)
(0.24394017, 0.71030903, 0.69457966, 0.51184136, 0.50789487, 0.72277427, 0.76904321, 0.52089769, 0.61693871, 0.58029240)
(0.23736435, 0.27221704, 0.91710550, 0.81478530, 0.56647664, 0.47003818, 0.92525983, 0.74793452, 0.28941709, 0.17397934)
(0.10534631, 0.63960969, 0.79708540, 0.70956767, 0.64399964, 0.70519191, 0.89217013, 0.66981822, 0.34959912, 0.40278405)
(0.24397886, 0.55459231, 0.44542107, 0.73631585, 0.82749766, 0.28046539, 0.58593923, 0.32318774, 0.06552340, 0.38192591)
(0.32941946, 0.67160100, 0.45996743, 0.42764005, 0.64909923, 0.59785813, 0.55897397, 0.41656372, 0.45525926, 0.58960539)
(0.38413286, 0.93722445, 0.40950707, 0.68422550, 0.27080366, 0.62064821, 0.48615566, 0.07115868, 0.55153573, 0.86219490)
(0.28253376, 0.96791673, 0.49377424, 0.78801650, 0.20136005, 0.67673045, 0.59952825, 0.05412165, 0.57880074, 0.89735073)
(0.31804752, 0.72912967, 0.45997509, 0.38636717, 0.68282384, 0.63072765, 0.55030143, 0.37736326, 0.45833987, 0.61332315)
(0.10709155, 0.61582041, 0.79685777, 0.69174945, 0.65259892, 0.70575780, 0.89150679, 0.69234598, 0.36026353, 0.39220640)
(0.49258539, 0.77433324, 0.53512925, 0.38518259, 0.48729444, 0.64894688, 0.51411831, 0.29193652, 0.64943802, 0.69698584)
(0.17302786, 0.97716433, 0.71717030, 0.84413826, 0.14245558, 0.79604596, 0.80774343, 0.07217306, 0.69872338, 0.89236307)
(0.34688243, 0.87463605, 0.61136621, 0.76240385, 0.25076383, 0.60907620, 0.66986489, 0.16659921, 0.57207578, 0.76930004)
(0.24239936, 0.94720685, 0.55632788, 0.78869712, 0.24615598, 0.67880082, 0.67652166, 0.09622613, 0.54651701, 0.84764022)
(0.19800878, 0.67881829, 0.64143944, 0.69166756, 0.58845723, 0.59857208, 0.76511127, 0.47367477, 0.33833489, 0.52092046)
(0.30114904, 0.61895317, 0.66510701, 0.48785228, 0.53072304, 0.66580886, 0.72666824, 0.55847961, 0.59039295, 0.53741151)
(0.59308010, 0.46850404, 0.93126220, 0.60809940, 0.23490539, 0.63044047, 0.85978252, 0.59954751, 0.81662190, 0.41014048)
(0.30186269, 0.36866799, 0.78516173, 0.74436671, 0.61229646, 0.42446327, 0.81174630, 0.60981005, 0.27209392, 0.28109437)
(0.65319860, 0.77779454, 0.38249391, 0.37716547, 0.52571082, 0.50264555, 0.33515313, 0.15118806, 0.47116768, 0.68925375)
(0.71480972, 0.55008107, 0.96472299, 0.27108493, 0.29657003, 0.78230953, 0.86419362, 0.62448394, 0.93205452, 0.40356031)
(0.06956017, 0.76833636, 0.70573181, 0.42413130, 0.77779049, 0.83076370, 0.86698616, 0.66674525, 0.47116089, 0.49789602)
(0.12942052, 0.96524972, 0.21995093, 0.90255356, 0.63060868, 0.40393865, 0.47707173, 0.03135443, 0.05737519, 0.84490252)
(0.43205726, 0.82300997, 0.41220286, 0.44042107, 0.52439183, 0.61541837, 0.45309445, 0.20710546, 0.52706587, 0.73617125)
(0.14365791, 0.76195908, 0.50499690, 0.43775499, 0.75063795, 0.71347392, 0.70434481, 0.47450247, 0.39430365, 0.57479870)
(0.63420999, 0.66256505, 0.53344578, 0.53755218, 0.44976228, 0.46663371, 0.46919122, 0.27941662, 0.51610059, 0.59918064)
(0.36624563, 0.77383214, 0.39316213, 0.34680629, 0.68129575, 0.62310201, 0.46729037, 0.28661990, 0.46158257, 0.66411072)
(0.23898101, 0.50274342, 0.76112735, 0.64101380, 0.55915177, 0.60967547, 0.81859559, 0.65820837, 0.45052761, 0.40267888)
(0.35923997, 0.25147673, 0.84311712, 0.76279986, 0.62025374, 0.33528316, 0.84233922, 0.61650908, 0.22698033, 0.19107878)
(0.52033067, 0.23205777, 0.87387067, 0.73190260, 0.47912779, 0.34226432, 0.82467151, 0.58043009, 0.36840197, 0.21782050)
(0.12676293, 0.77953744, 0.77640027, 0.20664947, 0.76644325, 0.87785882, 0.85080117, 0.67907429, 0.71500039, 0.52255255)
(0.71130419, 0.64028412, 0.65604639, 0.61556745, 0.41973650, 0.37768704, 0.52137065, 0.22553004, 0.47145742, 0.55326557)
(0.49626175, 0.91576272, 0.43208185, 0.80125004, 0.21485752, 0.48601696, 0.44966942, 0.06241198, 0.46413490, 0.84728003)
(0.43390486, 0.57886553, 0.57773906, 0.68119460, 0.45277286, 0.45338669, 0.61566502, 0.38464934, 0.40983647, 0.55178535)
(0.32681555, 0.75966638, 0.60713267, 0.44823995, 0.49055672, 0.70570362, 0.66373461, 0.40140569, 0.64768153, 0.65821439)
(0.15020540, 0.96359855, 0.20820372, 0.86240542, 0.62480181, 0.43919033, 0.44246981, 0.03442009, 0.08064043, 0.85306710)
(0.48915860, 0.38959026, 0.78988516, 0.84050769, 0.42511177, 0.27570292, 0.75818521, 0.37523365, 0.26125866, 0.35972482)
(0.25020167, 0.73174989, 0.86393338, 0.51302660, 0.37471989, 0.80677289, 0.87363935, 0.59427005, 0.78846985, 0.56741750)
(0.27406207, 0.55013198, 0.74786681, 0.46981791, 0.56031048, 0.68916535, 0.79165608, 0.66516370, 0.60558236, 0.45872918)
(0.67903501, 0.56461376, 0.62132031, 0.50766265, 0.53123283, 0.39286590, 0.50991625, 0.29685763, 0.43404618, 0.48864853)
(0.24457404, 0.87565309, 0.54058099, 0.62516981, 0.41635826, 0.68840915, 0.66257238, 0.22987823, 0.54883200, 0.75349373)
(0.18907107, 0.75668180, 0.48500374, 0.27091864, 0.83460259, 0.72515494, 0.63540816, 0.46261668, 0.40984261, 0.54671222)
(0.47753167, 0.72787440, 0.45363429, 0.57303023, 0.42494187, 0.51805037, 0.48744723, 0.25087658, 0.50144613, 0.68411255)
(0.21464178, 0.64157456, 0.55446392, 0.46331188, 0.71477258, 0.63977969, 0.68878800, 0.52909184, 0.39886552, 0.50540614)
(0.57707709, 0.64173037, 0.89444399, 0.88391817, 0.15255496, 0.45601770, 0.81880885, 0.31020668, 0.59080219, 0.54573029)
(0.65807652, 0.64444315, 0.56198096, 0.53173745, 0.49128085, 0.42617851, 0.47064969, 0.26763609, 0.46038106, 0.56910813)
(0.08741724, 0.83099961, 0.39061677, 0.47539687, 0.84667730, 0.69810379, 0.67949474, 0.37499061, 0.22131927, 0.59515446)
(0.41388181, 0.78161454, 0.41753417, 0.63650608, 0.42329961, 0.51131195, 0.49388063, 0.20397216, 0.43885294, 0.71437031)
(0.21993624, 0.92237228, 0.56745112, 0.81734294, 0.30395457, 0.63530588, 0.70586735, 0.13179949, 0.43942747, 0.79779983)
(0.27572021, 0.69351745, 0.41498008, 0.77683491, 0.67453849, 0.34938493, 0.55639440, 0.24099763, 0.12579115, 0.55121565)
(0.15723413, 0.61039132, 0.78421205, 0.66211480, 0.57567102, 0.69162953, 0.86326689, 0.66005558, 0.44701040, 0.43315461)
(0.15982775, 0.83049285, 0.41702387, 0.78928155, 0.65730286, 0.49640334, 0.64328718, 0.22004884, 0.15614899, 0.64922822)
(0.27742445, 0.59779096, 0.58844572, 0.60535312, 0.59375662, 0.56209129, 0.69092733, 0.50112069, 0.38605106, 0.50709325)
(0.25099370, 0.69965261, 0.51472366, 0.63715363, 0.59015405, 0.56126851, 0.65721911, 0.38976419, 0.34425533, 0.58268613)
(0.58789986, 0.50106019, 0.91232085, 0.69820851, 0.22586975, 0.57997584, 0.83641946, 0.53395408, 0.75761980, 0.43664727)
(0.25931492, 0.66343474, 0.74247617, 0.61138999, 0.45388272, 0.67892212, 0.79871684, 0.53568262, 0.58233088, 0.53775221)
(0.40619472, 0.91143805, 0.52251911, 0.73945743, 0.22464709, 0.59679151, 0.56709129, 0.10343130, 0.59029108, 0.83099264)
(0.27985534, 0.56236207, 0.55006301, 0.61666965, 0.64298379, 0.50755668, 0.66373616, 0.49162731, 0.31077251, 0.47830021)
(0.26189026, 0.88924348, 0.52146804, 0.79879880, 0.34864581, 0.57411700, 0.65288240, 0.15056996, 0.39278489, 0.76754194)
(0.26716486, 0.85867023, 0.43415225, 0.57571459, 0.49649742, 0.64193457, 0.57452369, 0.21856737, 0.47458839, 0.74796891)
(0.32659194, 0.74846339, 0.64614862, 0.54355597, 0.42457625, 0.67918378, 0.69798762, 0.39524880, 0.63604492, 0.64658147)
(0.20808072, 0.95633692, 0.67443776, 0.94013464, 0.17120253, 0.58720589, 0.77951914, 0.07106393, 0.36477605, 0.84246206)
(0.41645813, 0.60558760, 0.84751016, 0.83259326, 0.25535518, 0.51895529, 0.82456493, 0.41626808, 0.53809440, 0.50373095)
(0.40118876, 0.87257618, 0.60508734, 0.51944876, 0.32958362, 0.71182543, 0.61779362, 0.21657544, 0.71669078, 0.77939963)
(0.22470519, 0.80289960, 0.44846135, 0.82622403, 0.56487536, 0.43241423, 0.62243474, 0.19953911, 0.16920720, 0.64799601)
(0.27847177, 0.82538992, 0.60857248, 0.69706184, 0.37488005, 0.63872081, 0.70123470, 0.27245322, 0.52356887, 0.70188361)
(0.20676443, 0.56451726, 0.60235870, 0.37888637, 0.74999684, 0.67519146, 0.72766322, 0.64680362, 0.46034604, 0.44837967)
(0.44015160, 0.87113082, 0.69433898, 0.76626736, 0.17867664, 0.61666620, 0.68393993, 0.16197357, 0.68450528, 0.77667522)
(0.66466826, 0.81511790, 0.48346484, 0.75574011, 0.46651009, 0.23758948, 0.38161349, 0.05353288, 0.16043654, 0.71658695)
(0.53033000, 0.38397950, 0.79474199, 0.79557997, 0.39103794, 0.32785046, 0.74090105, 0.42650631, 0.36543369, 0.37925699)
(0.47713110, 0.66665387, 0.58020061, 0.40251514, 0.50964254, 0.62097698, 0.56802440, 0.40790719, 0.63081193, 0.61135030)
(0.44939190, 0.37045360, 0.89584619, 0.72427845, 0.33392757, 0.53725952, 0.86519337, 0.64059871, 0.60236418, 0.32447705)
(0.22869152, 0.75718451, 0.68835175, 0.60568011, 0.46202046, 0.70846117, 0.77385110, 0.45188963, 0.57682437, 0.61464190)
(0.45618942, 0.96766114, 0.64425117, 0.89760464, 0.08602199, 0.58517063, 0.62019449, 0.03612027, 0.63696492, 0.90602851)
(0.13894197, 0.89500302, 0.63549262, 0.87602884, 0.42478386, 0.60755771, 0.79613584, 0.20228121, 0.26550263, 0.70846236)
(0.24619597, 0.47926950, 0.88842094, 0.69652820, 0.43802226, 0.66100389, 0.90013558, 0.71781397, 0.57313913, 0.35378709)
(0.16847059, 0.76848465, 0.88207144, 0.51386923, 0.41594654, 0.84932983, 0.90733129, 0.63914841, 0.78354359, 0.56182784)
(0.42256668, 0.31522143, 0.89560038, 0.81464338, 0.39285457, 0.41725749, 0.86927462, 0.60459346, 0.41761136, 0.26532659)
(0.34854981, 0.79878008, 0.51252818, 0.54200995, 0.44900683, 0.63459158, 0.58767390, 0.28259251, 0.56375331, 0.70871443)
(0.60970861, 0.48427445, 0.78641570, 0.83300477, 0.36651820, 0.25448084, 0.69900066, 0.23563188, 0.28277293, 0.44175190)
(0.45110956, 0.50509584, 0.86645657, 0.59144121, 0.33118895, 0.63472432, 0.82981205, 0.60637575, 0.72475833, 0.44485503)
(0.40386155, 0.86295456, 0.63953215, 0.48628336, 0.33855954, 0.73251003, 0.64083695, 0.24713430, 0.74476266, 0.76521176)
(0.46350563, 0.24434762, 0.92182738, 0.69952190, 0.40205669, 0.49318922, 0.89237046, 0.70481253, 0.53734916, 0.21209057)
(0.50509685, 0.43239185, 0.71304572, 0.58188456, 0.45085600, 0.48905262, 0.68348438, 0.52872980, 0.53937858, 0.43752390)
(0.27862725, 0.85434872, 0.44258270, 0.56688839, 0.48771372, 0.64398944, 0.57333982, 0.22368820, 0.49229994, 0.74680257)
(0.23832116, 0.76445991, 0.46539634, 0.78217441, 0.65360147, 0.42425349, 0.60538107, 0.23712055, 0.15698260, 0.58955097)
(0.67078400, 0.53813279, 0.83734453, 0.75213867, 0.25182301, 0.45227030, 0.71593529, 0.39045268, 0.64634079, 0.48567468)
(0.08924856, 0.83995038, 0.46006668, 0.44292471, 0.80236632, 0.75727022, 0.72469252, 0.42288762, 0.33357599, 0.61583084)
(0.41634545, 0.67522901, 0.71807510, 0.50172377, 0.39616540, 0.67323893, 0.71057308, 0.46134400, 0.70591259, 0.59961808)
(0.14531246, 0.96086657, 0.42548761, 0.89207691, 0.38259465, 0.57814074, 0.66058129, 0.06442544, 0.21855494, 0.84855294)
(0.24539058, 0.60675609, 0.63562262, 0.29006186, 0.73750168, 0.71320391, 0.71755052, 0.62543899, 0.55414009, 0.47366750)
(0.32435095, 0.57039595, 0.49959853, 0.75421476, 0.64038390, 0.33174768, 0.59832847, 0.33150107, 0.15910222, 0.48360509)
(0.37810212, 0.68640035, 0.61576080, 0.57408595, 0.42757821, 0.60843033, 0.65820485, 0.40234178, 0.58263725, 0.61658508)
(0.44021702, 0.74059886, 0.79187399, 0.76373392, 0.22324777, 0.59971994, 0.76686651, 0.32893518, 0.66054279, 0.64129120)
(0.60573667, 0.49509281, 0.88222545, 0.59740871, 0.28418937, 0.58618122, 0.79176176, 0.54258198, 0.76226008, 0.44327679)
(0.30606973, 0.67771840, 0.57269663, 0.20016676, 0.77732837, 0.72429186, 0.62783027, 0.51835954, 0.57254189, 0.51736104)
(0.34441304, 0.85137302, 0.44516498, 0.57814062, 0.42529052, 0.61759168, 0.54009718, 0.19575742, 0.52457201, 0.76050186)
(0.19321512, 0.88674504, 0.42077208, 0.71413964, 0.52993834, 0.60730481, 0.61971790, 0.18165609, 0.31684637, 0.75018030)
(0.16840561, 0.72276014, 0.76251280, 0.31121096, 0.66502815, 0.82618487, 0.83178705, 0.65941566, 0.69460881, 0.52713966)
(0.30760744, 0.51693422, 0.53941137, 0.78926766, 0.76535195, 0.22170016, 0.62333757, 0.27248004, 0.06250697, 0.37506837)
(0.80939078, 0.30806839, 0.95251793, 0.76890206, 0.22773659, 0.38921523, 0.82375395, 0.51598495, 0.72572935, 0.26274627)
(0.39427570, 0.78650433, 0.58574313, 0.31434208, 0.56912857, 0.72666639, 0.59260893, 0.36328745, 0.67642987, 0.66969812)
(0.35202944, 0.76095128, 0.45571646, 0.47448665, 0.54749340, 0.61663657, 0.54133397, 0.31857148, 0.51208830, 0.67944598)
(0.43114424, 0.54668444, 0.71011806, 0.71941388, 0.39684665, 0.48597828, 0.71117234, 0.44678438, 0.47274134, 0.50165659)
(0.24778363, 0.88728905, 0.53230810, 0.67026556, 0.38315842, 0.67012954, 0.66076368, 0.19523777, 0.52642536, 0.76667666)
(0.14146078, 0.57584596, 0.65962881, 0.67478609, 0.74360156, 0.57222486, 0.80267292, 0.58806944, 0.22422358, 0.38539937)
(0.16619870, 0.73813790, 0.83161414, 0.76025832, 0.41819540, 0.71432269, 0.88582081, 0.52376628, 0.51969033, 0.52347004)
(0.65512413, 0.70171684, 0.53428394, 0.33533058, 0.48610336, 0.57729775, 0.44356984, 0.28431457, 0.64262140, 0.63373715)
(0.42612070, 0.66643775, 0.82344007, 0.88288444, 0.22653750, 0.46475056, 0.80103713, 0.31626156, 0.46350715, 0.56032360)
(0.15615082, 0.66223878, 0.79512769, 0.52464944, 0.56305516, 0.77674311, 0.86599654, 0.68557847, 0.60838699, 0.48618332)
(0.27991101, 0.50675958, 0.80416334, 0.63873881, 0.47837687, 0.62907469, 0.83347297, 0.65658289, 0.54419279, 0.41550094)
(0.31868154, 0.51007593, 0.82205760, 0.73924619, 0.41064534, 0.56775415, 0.83548009, 0.58120579, 0.50331622, 0.41415387)
(0.29553589, 0.86983097, 0.32813573, 0.73623902, 0.55454588, 0.46393728, 0.46535209, 0.12411782, 0.22420967, 0.75472844)
(0.08837779, 0.92595381, 0.44631812, 0.78886491, 0.61662930, 0.66668105, 0.73197860, 0.17983712, 0.21406832, 0.75048518)
(0.19002907, 0.90231705, 0.45809639, 0.70397592, 0.50230277, 0.64559108, 0.63910973, 0.17930242, 0.37006995, 0.76945037)
(0.42725098, 0.72997749, 0.54506791, 0.59660715, 0.38910961, 0.56451094, 0.58412123, 0.30034694, 0.56180632, 0.67064708)
(0.20443705, 0.73986584, 0.68102527, 0.37651613, 0.61560678, 0.78157640, 0.77110445, 0.56046361, 0.65102410, 0.58142877)
(0.07805150, 0.92614466, 0.47132498, 0.91800433, 0.61569268, 0.51373249, 0.75899249, 0.12704366, 0.08613975, 0.71487987)
(0.11938602, 0.78686798, 0.44380346, 0.72388035, 0.75841999, 0.54089969, 0.69233733, 0.31933239, 0.14528145, 0.57101923)
(0.20706996, 0.63205683, 0.84344947, 0.36361355, 0.58069062, 0.81246108, 0.86888528, 0.73012197, 0.73820895, 0.46148273)
(0.19862482, 0.76373494, 0.76354128, 0.80740839, 0.40500510, 0.63653255, 0.83706194, 0.40569967, 0.42586452, 0.57678664)
(0.14753781, 0.70844954, 0.80705786, 0.42533848, 0.59537548, 0.82314312, 0.87251562, 0.68559527, 0.68036062, 0.50687611)
(0.27232355, 0.66225576, 0.51037902, 0.78720629, 0.59414107, 0.40790212, 0.64426357, 0.31713989, 0.19197810, 0.53974098)
(0.20192301, 0.69723761, 0.48316392, 0.45937130, 0.73441315, 0.63779569, 0.64794153, 0.46532989, 0.36490405, 0.55015337)
(0.29771951, 0.80183518, 0.63689804, 0.41925466, 0.49551111, 0.75427401, 0.69106668, 0.39721844, 0.68726933, 0.68084419)
(0.46981707, 0.55751818, 0.45354590, 0.62121153, 0.79668343, 0.21484224, 0.46132305, 0.18089736, 0.07294336, 0.45186752)
(0.50735599, 0.63697171, 0.35785648, 0.41103089, 0.69647485, 0.44901243, 0.39377967, 0.27957353, 0.30598155, 0.57095957)
(0.11609694, 0.75525510, 0.65720594, 0.44360256, 0.69701433, 0.78925925, 0.81343627, 0.59428000, 0.51557148, 0.54984593)
(0.32413581, 0.48611405, 0.49277666, 0.65708691, 0.77407587, 0.31226268, 0.58107221, 0.38809979, 0.12343550, 0.38216490)
(0.18836023, 0.53876942, 0.77067018, 0.74659646, 0.59954154, 0.57472581, 0.84346807, 0.61051172, 0.31430525, 0.37742189)
(0.30039158, 0.52077007, 0.66012132, 0.57435817, 0.56696063, 0.57848775, 0.72780198, 0.59199893, 0.46029937, 0.45869377)
(0.27155194, 0.57541579, 0.65783852, 0.72469276, 0.55407894, 0.51026714, 0.74415821, 0.48426768, 0.32084855, 0.46741629)
(0.27629495, 0.70829403, 0.71964109, 0.28972358, 0.61969191, 0.78304750, 0.75358188, 0.57488537, 0.70996296, 0.55868876)
(0.64289051, 0.59338689, 0.73021197, 0.76336479, 0.31451494, 0.37824422, 0.63272786, 0.27885401, 0.49013537, 0.54135960)
(0.38487142, 0.72480768, 0.39578673, 0.68042010, 0.52617544, 0.43364817, 0.48879969, 0.23175552, 0.29832771, 0.66072839)
(0.29700026, 0.81749606, 0.39672977, 0.51288056, 0.58523875, 0.61240149, 0.52027029, 0.25442636, 0.43091157, 0.71427232)
(0.16377859, 0.60435951, 0.55740112, 0.41125119, 0.78883362, 0.67184669, 0.72671324, 0.61784995, 0.37778926, 0.45205912)
(0.38073507, 0.66428620, 0.86367559, 0.68037003, 0.26973423, 0.68045628, 0.84482074, 0.49831849, 0.72694224, 0.54121959)
(0.03834915, 0.94646317, 0.25656247, 0.74626148, 0.87948650, 0.62817025, 0.66445535, 0.13094735, 0.05928719, 0.71959805)
(0.18279283, 0.81225270, 0.48870218, 0.61332983, 0.60691798, 0.65086657, 0.67340565, 0.33284673, 0.37472102, 0.66250169)
(0.20682506, 0.77001691, 0.51265097, 0.79181039, 0.57477337, 0.49586079, 0.68148595, 0.28091016, 0.21532060, 0.60788214)
(0.49536043, 0.59824353, 0.56493175, 0.71427596, 0.49008244, 0.33202788, 0.56459624, 0.24409935, 0.26643625, 0.55740994)
(0.14839733, 0.72494185, 0.60261095, 0.82945722, 0.65136087, 0.49167207, 0.76893705, 0.36204398, 0.15415822, 0.51288337)
(0.11725898, 0.79327083, 0.62105292, 0.43903595, 0.70850855, 0.78945440, 0.78920853, 0.53128141, 0.50498492, 0.58287138)
(0.24244627, 0.67928177, 0.54369599, 0.54401797, 0.61159825, 0.62428719, 0.67692310, 0.46548134, 0.42708060, 0.56736887)
(0.30927709, 0.32240281, 0.85569203, 0.76486075, 0.52740723, 0.46014312, 0.86659378, 0.66657704, 0.34292910, 0.24942219)
(0.73227584, 0.62644649, 0.57313657, 0.57688522, 0.69272542, 0.17069128, 0.41793826, 0.08120710, 0.10063925, 0.50007296)
(0.19023827, 0.93420482, 0.48499560, 0.36448064, 0.61811453, 0.81655473, 0.62095761, 0.21390380, 0.60513461, 0.80473900)
(0.74018037, 0.63130671, 0.73539990, 0.21396357, 0.51220477, 0.64532059, 0.53965771, 0.39596832, 0.77903986, 0.52476960)
(0.15031536, 0.75014788, 0.43516099, 0.39567238, 0.85189748, 0.65065759, 0.63676447, 0.41836202, 0.25187463, 0.52673972)
(0.55566132, 0.42940232, 0.83848602, 0.36432141, 0.45819870, 0.62256646, 0.75701153, 0.61830235, 0.73715317, 0.40066409)
(0.30454424, 0.61927092, 0.65374571, 0.84369314, 0.49388301, 0.39330488, 0.72692966, 0.34506536, 0.22272381, 0.49776107)
(0.16848008, 0.95824009, 0.36126325, 0.58626568, 0.50876999, 0.73898792, 0.56345803, 0.10251958, 0.45838517, 0.86140436)
(0.60927176, 0.57511604, 0.63115507, 0.65128243, 0.43894824, 0.38232598, 0.56025690, 0.29036343, 0.43133524, 0.53744990)
(0.57968640, 0.30605742, 0.90412450, 0.74488091, 0.31048343, 0.43587264, 0.83685309, 0.57756615, 0.58065003, 0.30240059)
(0.13291688, 0.77651531, 0.74214989, 0.83177811, 0.51628202, 0.62932086, 0.85428172, 0.41334081, 0.28991166, 0.54552758)
(0.30989555, 0.86524892, 0.45062882, 0.62080151, 0.42272916, 0.61706120, 0.56395894, 0.18744266, 0.49588969, 0.76519334)
(0.23233172, 0.80206960, 0.67218536, 0.61318111, 0.43392691, 0.71727037, 0.75699610, 0.39266589, 0.59532219, 0.66258568)
(0.23515333, 0.89437884, 0.51817852, 0.90308660, 0.36367103, 0.45849887, 0.66536427, 0.11590010, 0.21199988, 0.75503725)
(0.49722987, 0.41583991, 0.67726332, 0.70037776, 0.51656085, 0.32256544, 0.66131413, 0.37878326, 0.29728258, 0.40599534)
(0.60306019, 0.45581621, 0.56725109, 0.44362453, 0.68411934, 0.33053020, 0.50457454, 0.32305914, 0.27123675, 0.41664588)
(0.71288407, 0.59615278, 0.76367152, 0.69505495, 0.32084852, 0.42637169, 0.60404849, 0.31990868, 0.59006935, 0.52603704)
(0.52531159, 0.75293833, 0.52979916, 0.76688069, 0.34702089, 0.41064027, 0.51219821, 0.18757485, 0.38897324, 0.69349349)
(0.38854355, 0.64677393, 0.54443991, 0.63082123, 0.47398922, 0.51834160, 0.60510319, 0.38039386, 0.44949517, 0.59584850)
(0.21168429, 0.53147072, 0.84241021, 0.67699051, 0.48982686, 0.67002928, 0.87809122, 0.69378620, 0.52883607, 0.39560688)
(0.13345878, 0.83320934, 0.80890590, 0.77696514, 0.39855850, 0.75411665, 0.88598645, 0.43551809, 0.52130061, 0.61217505)
(0.41231391, 0.72255158, 0.71566200, 0.62832659, 0.32077563, 0.63502896, 0.71511465, 0.37561634, 0.66744429, 0.63748014)
(0.40449557, 0.61722910, 0.80083501, 0.64911848, 0.32784212, 0.62565553, 0.78888589, 0.49344996, 0.66172111, 0.53069085)
(0.52819699, 0.49477422, 0.90617383, 0.65210581, 0.26352501, 0.61209065, 0.84591430, 0.58269703, 0.75407964, 0.43035179)
(0.64399928, 0.56240183, 0.67343366, 0.13651609, 0.69084573, 0.63050640, 0.52470464, 0.45177525, 0.68096983, 0.46874237)
(0.28539616, 0.45343572, 0.92775810, 0.43291822, 0.47245932, 0.77845907, 0.91844827, 0.79967189, 0.77651274, 0.32779220)
(0.30898392, 0.86051178, 0.52871352, 0.68874854, 0.35667670, 0.61646515, 0.62732440, 0.19589877, 0.51719147, 0.75300652)
(0.21159774, 0.76882255, 0.67594504, 0.71073598, 0.46610793, 0.65232128, 0.77736557, 0.40108916, 0.45446542, 0.60929793)
(0.41725037, 0.59528422, 0.63035297, 0.32440493, 0.60088128, 0.64998525, 0.63501841, 0.52268445, 0.62545693, 0.52807850)
(0.25170204, 0.64988321, 0.55765516, 0.40960857, 0.66855425, 0.66866291, 0.67427379, 0.53467947, 0.50253606, 0.54004347)
(0.17190118, 0.93465072, 0.39812320, 0.92128849, 0.45441991, 0.42431659, 0.61611575, 0.06670363, 0.11549649, 0.79619038)
(0.43657124, 0.47402799, 0.63728917, 0.73396504, 0.49571070, 0.36690041, 0.65811229, 0.41013974, 0.31361607, 0.45346877)
(0.78100836, 0.66901344, 0.67239451, 0.49712896, 0.38898119, 0.48383704, 0.48404017, 0.28333765, 0.66063672, 0.55761814)
(0.15289438, 0.87157267, 0.37966761, 0.57420897, 0.68050891, 0.66324514, 0.61092860, 0.24591525, 0.31083241, 0.71606559)
(0.31502205, 0.50418836, 0.65005577, 0.41598967, 0.64485651, 0.61991769, 0.70372802, 0.62563521, 0.52305561, 0.44842827)
(0.34442213, 0.89175302, 0.85339117, 0.94669378, 0.10993470, 0.55111176, 0.84505945, 0.14288029, 0.51860702, 0.75005430)
(0.36287001, 0.83599287, 0.46381170, 0.62687439, 0.39697102, 0.58459496, 0.54747915, 0.19961430, 0.50881290, 0.74900055)
(0.50037259, 0.45184055, 0.84594798, 0.73245734, 0.31905749, 0.49917898, 0.79544389, 0.52590787, 0.58358175, 0.41781038)
(0.16624387, 0.73510540, 0.81503451, 0.93137169, 0.41938797, 0.48739895, 0.87748349, 0.34782210, 0.19814736, 0.49284881)
(0.36812705, 0.37864062, 0.58296835, 0.62447494, 0.75957346, 0.30128422, 0.63102371, 0.44869483, 0.15417887, 0.30970457)
(0.15300094, 0.68375969, 0.51571375, 0.39907190, 0.78899765, 0.69305176, 0.70455641, 0.55461061, 0.37658814, 0.50445175)
(0.74428654, 0.56634253, 0.58746600, 0.44409865, 0.67694932, 0.26029727, 0.43714681, 0.16833349, 0.22399214, 0.45774505)
(0.42338789, 0.73993880, 0.43809956, 0.60268533, 0.44799787, 0.51540738, 0.50389600, 0.25215456, 0.45755234, 0.68394250)
(0.31998950, 0.65796030, 0.36225322, 0.65414554, 0.71279103, 0.38931221, 0.48157948, 0.28112078, 0.17418677, 0.56116086)
(0.73337710, 0.70615339, 0.55541372, 0.57664323, 0.53821546, 0.28037515, 0.41672879, 0.11226268, 0.25985867, 0.59233403)
(0.75782031, 0.36709589, 0.75609249, 0.35725665, 0.60596085, 0.40000856, 0.57521439, 0.46000031, 0.54113877, 0.30471799)
(0.29595640, 0.64101285, 0.56599969, 0.87811244, 0.54364437, 0.29218137, 0.66919494, 0.24752961, 0.12204324, 0.51764941)
(0.23518145, 0.72888249, 0.56520230, 0.52365589, 0.57858098, 0.67118371, 0.68975073, 0.44610438, 0.49916229, 0.60730261)
(0.60802412, 0.53498757, 0.53397942, 0.51594752, 0.63808978, 0.30156311, 0.47932634, 0.23566450, 0.24162535, 0.49499694)
(0.62328416, 0.89130878, 0.54706240, 0.71742725, 0.19934928, 0.53046501, 0.46181291, 0.08723126, 0.62461311, 0.82395214)
(0.15650138, 0.87450564, 0.63222384, 0.61770964, 0.48127505, 0.76259518, 0.77185839, 0.32915208, 0.55402756, 0.71280497)
(0.14865282, 0.81201500, 0.36074975, 0.82356650, 0.73968816, 0.39944106, 0.60641575, 0.18650530, 0.08087713, 0.60434270)
(0.22505465, 0.90139627, 0.27439815, 0.58642733, 0.65043032, 0.58778846, 0.45575806, 0.12995091, 0.27055773, 0.77766925)
(0.17214054, 0.73489082, 0.61931890, 0.68762738, 0.59202963, 0.62979621, 0.76766920, 0.44015482, 0.33968961, 0.55871135)
(0.15308410, 0.63444990, 0.56419659, 0.51793927, 0.75326961, 0.64974761, 0.74340159, 0.57581025, 0.32920685, 0.46714017)
(0.68513054, 0.42450804, 0.66732049, 0.56206584, 0.79442483, 0.13742526, 0.52055812, 0.12914950, 0.06413361, 0.30647075)
(0.31081763, 0.65689963, 0.55889410, 0.42397460, 0.60792673, 0.65191472, 0.64182162, 0.49181539, 0.54437023, 0.56961852)
(0.18786491, 0.82101458, 0.44183683, 0.51253790, 0.66157407, 0.67334831, 0.62653494, 0.32870552, 0.39625922, 0.67315918)
(0.05636099, 0.94004309, 0.59743786, 0.59799302, 0.63330042, 0.85200912, 0.83394629, 0.30737695, 0.46664008, 0.75422376)
(0.41297933, 0.75925201, 0.76573479, 0.50525105, 0.33700535, 0.72991705, 0.74114108, 0.40967193, 0.77402407, 0.65398556)
(0.55488253, 0.54104847, 0.82885140, 0.13497500, 0.65138125, 0.72699010, 0.70159286, 0.60028011, 0.79417408, 0.43195876)
(0.24349146, 0.52860600, 0.39417556, 0.63451290, 0.91156769, 0.25985444, 0.52735710, 0.30248901, 0.04426826, 0.31752893)
(0.41527128, 0.83795130, 0.48235452, 0.59774673, 0.35362068, 0.59737676, 0.53540862, 0.18690713, 0.57244617, 0.76056409)
(0.34647530, 0.71886784, 0.44652796, 0.58659381, 0.53773975, 0.53728402, 0.54999596, 0.31739137, 0.40905812, 0.64592826)
(0.37958285, 0.84443378, 0.54567266, 0.73998427, 0.30107686, 0.55716074, 0.60527843, 0.17806672, 0.51099843, 0.75177312)
(0.23625199, 0.78549081, 0.60634792, 0.61662114, 0.48616174, 0.67409241, 0.71580797, 0.37732413, 0.51461196, 0.65331739)
(0.55145907, 0.65595633, 0.61376107, 0.57249665, 0.40020746, 0.52537125, 0.55953991, 0.34147578, 0.58314967, 0.61822581)
(0.06853706, 0.93186855, 0.27229112, 0.73995280, 0.81711268, 0.59312189, 0.61679530, 0.13175729, 0.08973943, 0.73208487)
(0.35957167, 0.97290784, 0.69360495, 0.95946902, 0.07232495, 0.52709383, 0.71094465, 0.02921950, 0.47945270, 0.90427709)
(0.19831401, 0.74823010, 0.76365381, 0.72094178, 0.42931408, 0.68866628, 0.83692533, 0.46597019, 0.51379186, 0.56842041)
(0.47970143, 0.72939831, 0.38640675, 0.44848678, 0.55584294, 0.53217238, 0.42845765, 0.24369632, 0.44941175, 0.66469479)
(0.48582894, 0.41280487, 0.55509102, 0.49235323, 0.68195486, 0.36437306, 0.55917835, 0.42005187, 0.29170102, 0.39084747)
(0.80897170, 0.61181957, 0.82693696, 0.78902668, 0.32483280, 0.25077751, 0.61530942, 0.13793457, 0.39941925, 0.48174366)
(0.21218763, 0.70502341, 0.48256502, 0.56361365, 0.66948116, 0.59864038, 0.65235120, 0.42276022, 0.33632123, 0.57343566)
(0.44788891, 0.85847843, 0.53159416, 0.92816049, 0.25295842, 0.29309529, 0.55485314, 0.07136579, 0.18628295, 0.76866734)
(0.70897561, 0.63789976, 0.55240315, 0.10406083, 0.76086706, 0.60776579, 0.39839399, 0.32674402, 0.60178429, 0.49895611)
(0.25052726, 0.59739298, 0.42487156, 0.49503571, 0.77324688, 0.50808054, 0.57151681, 0.44782424, 0.24858762, 0.48960420)
(0.13848576, 0.57704508, 0.72246289, 0.59103513, 0.68757504, 0.68262750, 0.83978432, 0.68422377, 0.38624448, 0.40882209)
(0.32680011, 0.63998002, 0.51891536, 0.28192809, 0.73408628, 0.65701109, 0.59346581, 0.49515587, 0.51289064, 0.52626181)
(0.15745431, 0.95619422, 0.27011666, 0.82234514, 0.53665257, 0.54298425, 0.51604348, 0.05865189, 0.16714135, 0.85193932)
(0.41767558, 0.72003305, 0.89925367, 0.37341344, 0.33184046, 0.82355440, 0.85061443, 0.58005422, 0.88511074, 0.57412767)
(0.54193127, 0.74157822, 0.87680715, 0.29256797, 0.35109171, 0.81070620, 0.78260088, 0.48518819, 0.89233667, 0.60578513)
(0.78117543, 0.65973204, 0.54001546, 0.34769329, 0.65049022, 0.37621799, 0.36714336, 0.18654728, 0.35440221, 0.50617927)
(0.57387125, 0.74251872, 0.41464707, 0.44390106, 0.49339157, 0.51902020, 0.40203184, 0.20952047, 0.49714041, 0.68113410)
(0.43052688, 0.42536795, 0.60098571, 0.64574480, 0.60954583, 0.34759116, 0.63093078, 0.42552969, 0.26323703, 0.40104052)
(0.29760176, 0.77928704, 0.46707526, 0.59398878, 0.52701819, 0.59037369, 0.58515507, 0.29618630, 0.43415198, 0.67867482)
(0.69474906, 0.60122764, 0.68829334, 0.75271857, 0.50306994, 0.19227339, 0.54779160, 0.10548668, 0.17063539, 0.50107926)
(0.06926534, 0.81375849, 0.56102049, 0.79889542, 0.77331918, 0.59267765, 0.80855119, 0.36619896, 0.11632744, 0.53039569)
(0.29477665, 0.37590316, 0.66132832, 0.70139760, 0.71244305, 0.35777178, 0.73374611, 0.53931689, 0.18548830, 0.29601792)
(0.24608752, 0.88251328, 0.75298375, 0.88376117, 0.22682694, 0.61957145, 0.81390625, 0.19791107, 0.47200277, 0.73017430)
(0.63539964, 0.62370467, 0.74925220, 0.82615334, 0.29256481, 0.32573515, 0.65038109, 0.21571581, 0.39653423, 0.55640692)
(0.16489017, 0.78039849, 0.50033677, 0.52704471, 0.68345606, 0.67962652, 0.68767321, 0.40996185, 0.38416046, 0.61437863)
(0.09727146, 0.93811440, 0.34536427, 0.49901146, 0.74807477, 0.75691533, 0.61719882, 0.18394373, 0.31391755, 0.78219515)
(0.58041126, 0.49839917, 0.71141797, 0.71660805, 0.38753134, 0.38479564, 0.64690048, 0.36774662, 0.45483854, 0.48278204)
(0.37158689, 0.33417016, 0.69580603, 0.61852521, 0.68242633, 0.38669911, 0.72453088, 0.56239766, 0.26846442, 0.28150740)
(0.22304736, 0.77273268, 0.39994493, 0.48211077, 0.69465476, 0.62457889, 0.57402837, 0.34040609, 0.36180714, 0.63943183)
(0.32667392, 0.78330278, 0.51417184, 0.87739313, 0.44705018, 0.35544413, 0.60854685, 0.16681243, 0.17604925, 0.65082449)
(0.23734705, 0.96510434, 0.39156628, 0.75491136, 0.30622643, 0.65924329, 0.55114496, 0.05691491, 0.46139988, 0.88684177)
(0.71212733, 0.60063922, 0.88284987, 0.64299321, 0.24849224, 0.55807459, 0.73530573, 0.40266517, 0.76850915, 0.49803272)
(0.74722570, 0.33419359, 0.76004428, 0.39231944, 0.63357562, 0.34842542, 0.59436440, 0.42620137, 0.45007336, 0.27719635)
(0.21717134, 0.72441238, 0.52596051, 0.90004390, 0.59776771, 0.31463546, 0.68704635, 0.21295103, 0.09107760, 0.53847098)
(0.32548454, 0.87617886, 0.42043605, 0.79527342, 0.38064423, 0.48456270, 0.54178828, 0.12159876, 0.31628191, 0.77542877)
(0.35933438, 0.49027458, 0.69919175, 0.70640409, 0.49015519, 0.47978419, 0.73655742, 0.51097924, 0.39751697, 0.43461040)
(0.35972282, 0.77823466, 0.65111959, 0.61790526, 0.34825224, 0.65014380, 0.68845993, 0.32221633, 0.63648957, 0.67943418)
(0.06849108, 0.88404095, 0.62056375, 0.65065265, 0.67098355, 0.78794742, 0.83640760, 0.39682096, 0.35961103, 0.65162307)
(0.18827198, 0.89956266, 0.41163507, 0.64997262, 0.55935198, 0.64953125, 0.60407984, 0.18382703, 0.35753450, 0.76817167)
(0.10096598, 0.73069912, 0.73985541, 0.67885977, 0.64552605, 0.72971350, 0.86861038, 0.58596730, 0.36261708, 0.48368311)
(0.44154984, 0.89551127, 0.69802487, 0.77285266, 0.15756789, 0.63346660, 0.68482256, 0.13575189, 0.70818949, 0.80336690)
(0.55974936, 0.88773572, 0.53223431, 0.48988429, 0.30443329, 0.66323763, 0.47476450, 0.13414855, 0.71074528, 0.81454557)
(0.37008843, 0.74325508, 0.31853291, 0.71330726, 0.65493160, 0.34637356, 0.40090606, 0.16976064, 0.15141940, 0.65760028)
(0.41532549, 0.48162594, 0.89488834, 0.14433827, 0.67944926, 0.78041273, 0.82295418, 0.74320394, 0.80515927, 0.34580567)
(0.26963106, 0.64680243, 0.60623235, 0.49331629, 0.57563430, 0.65738463, 0.70204371, 0.52545339, 0.52950746, 0.55233908)
(0.26151371, 0.75372976, 0.68772990, 0.51252812, 0.47043401, 0.73384386, 0.75293052, 0.46549278, 0.65190876, 0.62496752)
(0.22004282, 0.93097347, 0.73861605, 0.81401837, 0.20442429, 0.73546708, 0.80652994, 0.16289888, 0.64213341, 0.80248398)
(0.39495069, 0.64836115, 0.77470642, 0.84818226, 0.30942219, 0.46860218, 0.76795709, 0.35140011, 0.42145404, 0.54299992)
(0.73952049, 0.71467561, 0.68697762, 0.67067391, 0.28459907, 0.46193233, 0.51902020, 0.23560278, 0.64848787, 0.63393116)
(0.14619054, 0.74618459, 0.73620546, 0.42949516, 0.62147075, 0.80583400, 0.83553481, 0.61076456, 0.62732571, 0.55089134)
(0.39381871, 0.90755409, 0.44683701, 0.69474608, 0.27642563, 0.59197032, 0.51786625, 0.10110045, 0.54578924, 0.82774109)
(0.34122443, 0.89073354, 0.61119801, 0.86478335, 0.22548164, 0.53170592, 0.67369789, 0.12537920, 0.44199598, 0.78130043)
(0.36899751, 0.93068969, 0.67882556, 0.84864730, 0.13768272, 0.62340403, 0.70349401, 0.09350215, 0.64003772, 0.83716387)
(0.24518582, 0.61924189, 0.84711903, 0.21096699, 0.67696631, 0.82712001, 0.84769720, 0.73568743, 0.77062219, 0.43471006)
(0.53803533, 0.72963285, 0.51994634, 0.60885227, 0.36198616, 0.50984472, 0.50309277, 0.24471137, 0.55085027, 0.68733191)
(0.16520472, 0.70856023, 0.85498077, 0.64006454, 0.43331131, 0.77968955, 0.89782095, 0.63320059, 0.65218902, 0.50899857)
(0.26925653, 0.52232856, 0.79395783, 0.70009571, 0.47955784, 0.59483480, 0.82987350, 0.61297899, 0.47632152, 0.41613305)
(0.43545076, 0.34968126, 0.63401163, 0.60609394, 0.69027054, 0.32320169, 0.64617127, 0.47030219, 0.22790672, 0.31460521)
(0.66964275, 0.64985049, 0.79825848, 0.77854282, 0.22348419, 0.45888767, 0.67277652, 0.30319598, 0.63558865, 0.57941681)
(0.19360605, 0.85487962, 0.64190662, 0.41794732, 0.55399126, 0.80909234, 0.74339348, 0.40289715, 0.66833377, 0.69845164)
(0.26246893, 0.82183611, 0.60488397, 0.86870158, 0.38179752, 0.48484668, 0.70875496, 0.20596331, 0.27682093, 0.67523503)
(0.27965021, 0.67413914, 0.55062193, 0.36682555, 0.66405392, 0.68188286, 0.64980930, 0.50494027, 0.54186273, 0.56264168)
(0.79626083, 0.47860712, 0.82266808, 0.66369802, 0.51552975, 0.22901018, 0.61168522, 0.18944545, 0.28145134, 0.34787682)
(0.11944432, 0.82675022, 0.74802369, 0.56470388, 0.53342479, 0.81781524, 0.85669941, 0.51386476, 0.60928136, 0.61811405)
(0.19192632, 0.77370834, 0.52297354, 0.76391703, 0.58638316, 0.53553933, 0.69730616, 0.30811855, 0.24006213, 0.60701716)
(0.32488343, 0.58927661, 0.63157636, 0.70477664, 0.51143241, 0.50293380, 0.69963020, 0.44872281, 0.36859787, 0.50942522)
(0.43029773, 0.65782005, 0.84051692, 0.57074046, 0.29792294, 0.69684154, 0.80667025, 0.50624359, 0.77213389, 0.56099063)
(0.66992569, 0.78299254, 0.34692293, 0.51060641, 0.54908496, 0.37940919, 0.29406247, 0.09910716, 0.28080264, 0.70223594)
(0.55905807, 0.61138552, 0.82727093, 0.27230114, 0.46557373, 0.72790402, 0.72502857, 0.54370654, 0.81937617, 0.51366192)
(0.34764677, 0.61352885, 0.60751575, 0.48461246, 0.52796161, 0.62509644, 0.66628957, 0.50919574, 0.56830049, 0.55613351)
(0.25403231, 0.95998704, 0.41890565, 0.79117322, 0.28887236, 0.62680602, 0.56458509, 0.06030984, 0.43890101, 0.87795883)
(0.54523641, 0.55462396, 0.54215813, 0.50615621, 0.49599907, 0.49129277, 0.52463001, 0.42243493, 0.52859539, 0.54644591)
(0.47337466, 0.60586822, 0.45776927, 0.35622498, 0.63466936, 0.54773754, 0.48823115, 0.39945236, 0.48466337, 0.56089246)
(0.25178742, 0.70579845, 0.53801483, 0.50928426, 0.59422714, 0.64931405, 0.66473949, 0.44845495, 0.48236015, 0.59687424)
(0.17192821, 0.63143605, 0.58185250, 0.49194553, 0.71760422, 0.66832024, 0.74167275, 0.59131461, 0.39643744, 0.48499167)
(0.15415083, 0.71754390, 0.57803082, 0.50492430, 0.69247097, 0.70328790, 0.74932432, 0.52565849, 0.41434562, 0.54263008)
(0.54037422, 0.66410804, 0.73335415, 0.70683157, 0.28894681, 0.52120680, 0.66938263, 0.33628684, 0.60962903, 0.60805100)
(0.24113394, 0.63324875, 0.56797183, 0.85919791, 0.62349027, 0.33324322, 0.69992429, 0.30580753, 0.11812598, 0.47570911)
(0.57259148, 0.56178111, 0.70212054, 0.33528227, 0.50604028, 0.61709946, 0.61414433, 0.48718175, 0.70038807, 0.51689124)
(0.50114971, 0.69676965, 0.51554030, 0.77202564, 0.53258824, 0.25460243, 0.50370538, 0.12299694, 0.14650312, 0.60859108)
(0.73170620, 0.76916808, 0.48553222, 0.51661146, 0.46871865, 0.41001034, 0.36777952, 0.13114198, 0.41921994, 0.65089160)
(0.25269043, 0.90589595, 0.28509027, 0.69882751, 0.54097539, 0.53511667, 0.46051714, 0.10194009, 0.25865373, 0.79934931)
(0.29178247, 0.84263849, 0.47658923, 0.68405211, 0.43354049, 0.58553028, 0.59954429, 0.20978412, 0.43217063, 0.73210609)
(0.31452519, 0.88515520, 0.40370333, 0.83900660, 0.38778773, 0.44010642, 0.53188276, 0.10089681, 0.24672385, 0.78198415)
(0.53550428, 0.75932568, 0.45080730, 0.58392912, 0.38989115, 0.50647408, 0.44933677, 0.20179065, 0.51278090, 0.71403116)
(0.20692660, 0.71840352, 0.75448996, 0.24712124, 0.68413520, 0.82464457, 0.80569190, 0.63844717, 0.71585292, 0.52689141)
(0.62605399, 0.70493066, 0.54947388, 0.53641725, 0.40738130, 0.50631750, 0.46793339, 0.26697004, 0.57851809, 0.64866066)
(0.36953160, 0.70675713, 0.38975126, 0.41824093, 0.68703997, 0.55492526, 0.47642449, 0.32233110, 0.38202301, 0.60970217)
(0.34987137, 0.57773715, 0.89944923, 0.69452888, 0.28952786, 0.67759436, 0.88478065, 0.60716343, 0.71248841, 0.45472723)
(0.67397481, 0.36732119, 0.68552005, 0.41531724, 0.64717817, 0.35175040, 0.56943810, 0.40716591, 0.39117151, 0.32702687)
(0.65109754, 0.52299917, 0.73017359, 0.60033560, 0.37493163, 0.47665450, 0.61903596, 0.42844895, 0.62777901, 0.49010855)
(0.22877684, 0.64112592, 0.71170378, 0.64999652, 0.52108306, 0.64308661, 0.79414403, 0.54125911, 0.46762604, 0.50301510)
(0.20705897, 0.64732742, 0.42451215, 0.81646889, 0.79892766, 0.28121260, 0.59790790, 0.25817546, 0.05601741, 0.44179913)
(0.37840825, 0.46361217, 0.67080402, 0.78902006, 0.50932389, 0.35251939, 0.70910060, 0.42599481, 0.25904292, 0.41888598)
(0.59655625, 0.39623842, 0.68257111, 0.62835950, 0.64331764, 0.22873764, 0.59944421, 0.25661042, 0.17955586, 0.35658434)
(0.61214793, 0.79179054, 0.53608418, 0.48650843, 0.35154217, 0.58400851, 0.46117240, 0.20122874, 0.66216415, 0.73499858)
(0.52862746, 0.60327643, 0.80537069, 0.59389967, 0.29872406, 0.61017752, 0.74202573, 0.46432969, 0.72848994, 0.54623592)
(0.75518996, 0.54959518, 0.61677575, 0.39602005, 0.61141121, 0.35862300, 0.46110517, 0.26849329, 0.40780088, 0.45598647)
(0.85042644, 0.48622677, 0.89876688, 0.74658924, 0.25270581, 0.33769935, 0.70041293, 0.28104690, 0.67221320, 0.38040444)
(0.64234334, 0.65513402, 0.74164844, 0.59971243, 0.30195329, 0.55774516, 0.62764066, 0.35667405, 0.71315426, 0.58667403)
(0.25772512, 0.85249716, 0.54484385, 0.63912326, 0.41648528, 0.66313881, 0.66462535, 0.24649490, 0.52825940, 0.73033494)
(0.82225734, 0.60857612, 0.81944215, 0.20907724, 0.46250710, 0.64616954, 0.57191461, 0.40759212, 0.83777297, 0.46136805)
(0.04492001, 0.94415540, 0.64050591, 0.56245244, 0.67528462, 0.87700510, 0.85953605, 0.34422746, 0.48530996, 0.74069083)
(0.22517698, 0.70390809, 0.49268544, 0.47094676, 0.66922039, 0.64779526, 0.64794385, 0.45650864, 0.43029580, 0.58064395)
(0.22117308, 0.53141469, 0.74852359, 0.54347646, 0.59525073, 0.66969442, 0.81544822, 0.68622386, 0.51204419, 0.42405179)
(0.30606350, 0.66398114, 0.43874750, 0.61036462, 0.62276620, 0.49483493, 0.56812954, 0.35781884, 0.30675334, 0.57952684)
(0.32208338, 0.67036390, 0.37785429, 0.61268067, 0.73174417, 0.41410288, 0.48931268, 0.28685835, 0.18641528, 0.55049664)
(0.20697695, 0.56993705, 0.64381486, 0.45866728, 0.70217913, 0.66322786, 0.75376201, 0.63772601, 0.44968271, 0.44648325)
(0.09281787, 0.86411136, 0.64691311, 0.43555164, 0.68788898, 0.83867627, 0.81783813, 0.47929579, 0.55720305, 0.64344615)
(0.16970067, 0.69736332, 0.68887824, 0.63789767, 0.58761400, 0.68016857, 0.80526918, 0.53631622, 0.42298687, 0.52000564)
(0.61553502, 0.51424801, 0.63666815, 0.63033623, 0.57080150, 0.28057566, 0.55123407, 0.23118924, 0.24492732, 0.45907331)
(0.31569341, 0.60246003, 0.52355301, 0.81717926, 0.61246413, 0.29882523, 0.61954534, 0.27909383, 0.12824009, 0.49492046)
(0.58599120, 0.70456576, 0.64553779, 0.39814323, 0.41038471, 0.63288099, 0.56023234, 0.34651247, 0.72280514, 0.64856368)
(0.32970276, 0.65341681, 0.65535158, 0.55046421, 0.47079793, 0.63990694, 0.70997512, 0.48166898, 0.58208770, 0.57024056)
(0.66322500, 0.30747616, 0.90739352, 0.42281282, 0.42371497, 0.55445933, 0.80365384, 0.64828050, 0.72877699, 0.27559471)
(0.34761667, 0.63703567, 0.46440980, 0.40624529, 0.65671891, 0.58902788, 0.55649728, 0.43977219, 0.46167150, 0.56731355)
(0.16184857, 0.96437389, 0.31624264, 0.85444850, 0.43870342, 0.56019455, 0.55768591, 0.05101888, 0.20186555, 0.86719537)
(0.26527986, 0.58372903, 0.46908864, 0.81183255, 0.79535633, 0.23203872, 0.58159673, 0.25340834, 0.05098534, 0.40556127)
(0.43196151, 0.37717646, 0.79926926, 0.85934711, 0.46811402, 0.27582157, 0.77961665, 0.42558163, 0.21700533, 0.32579744)
(0.70116597, 0.63897443, 0.54075605, 0.42996520, 0.54877317, 0.43003100, 0.43472227, 0.25579390, 0.45706028, 0.54042399)
(0.68876886, 0.83720487, 0.61888796, 0.54455340, 0.26114213, 0.59709108, 0.47512692, 0.16393600, 0.73908728, 0.76412320)
(0.17811142, 0.90516251, 0.38702899, 0.72249854, 0.54720771, 0.60755050, 0.60434091, 0.15518051, 0.28724042, 0.77020144)
(0.28288054, 0.65712804, 0.78287596, 0.77978730, 0.39254001, 0.58009547, 0.81417477, 0.45571533, 0.46410140, 0.51488286)
(0.22732219, 0.67937672, 0.58813012, 0.51635689, 0.60512793, 0.66520536, 0.71420181, 0.50485909, 0.47843185, 0.55721718)
(0.15247938, 0.75568986, 0.35014987, 0.61476791, 0.81073755, 0.51402450, 0.58621937, 0.30784711, 0.14373387, 0.56358421)
(0.19011351, 0.74504918, 0.66936368, 0.67890131, 0.52190137, 0.66305339, 0.78636265, 0.44816887, 0.43336499, 0.57686180)
(0.29475230, 0.93009555, 0.49074748, 0.87450355, 0.25973305, 0.51393014, 0.61072534, 0.07708209, 0.34290850, 0.82886356)
(0.28184101, 0.64974916, 0.59275693, 0.52282715, 0.56218278, 0.63552207, 0.68795133, 0.49704686, 0.50836092, 0.55837154)
(0.35685053, 0.71604478, 0.54565108, 0.43013376, 0.54857558, 0.65638751, 0.60367912, 0.40873873, 0.58411783, 0.63303339)
(0.30173403, 0.64583075, 0.46178058, 0.46406773, 0.65247887, 0.58349413, 0.58352780, 0.44187629, 0.42207494, 0.56669843)
(0.21145403, 0.59500843, 0.46352673, 0.56476212, 0.78260070, 0.49609527, 0.62792301, 0.46169010, 0.20409428, 0.45941132)
(0.80950212, 0.44642112, 0.93924147, 0.58091712, 0.24665815, 0.54704732, 0.78951633, 0.52343798, 0.84008783, 0.34604597)
(0.18883768, 0.82410181, 0.47367734, 0.50723058, 0.62577575, 0.69842410, 0.65199679, 0.34349439, 0.45167363, 0.68057913)
(0.27003250, 0.41950977, 0.87466705, 0.54499900, 0.50297821, 0.68914157, 0.88816833, 0.76158613, 0.62047982, 0.32880676)
(0.11024326, 0.93036270, 0.33409029, 0.54726690, 0.72422099, 0.72057062, 0.60005021, 0.17638120, 0.29089284, 0.77858466)
(0.07837978, 0.76589227, 0.78063929, 0.65628374, 0.64286894, 0.78899378, 0.89774889, 0.62140745, 0.42004472, 0.49506441)
(0.30584735, 0.68286890, 0.84168154, 0.37984225, 0.49148777, 0.79154885, 0.83020210, 0.61872357, 0.77822983, 0.52492118)
(0.18403505, 0.79273766, 0.35976955, 0.49663052, 0.75841451, 0.60953230, 0.56602478, 0.31072605, 0.27272162, 0.63169557)
(0.32922354, 0.69419938, 0.41145727, 0.50269818, 0.61918765, 0.55260235, 0.52895755, 0.35099676, 0.39676932, 0.61990511)
(0.64564061, 0.77393532, 0.81182927, 0.93481749, 0.12014233, 0.32722244, 0.70436203, 0.12731901, 0.44695583, 0.68789643)
(0.19234984, 0.66829914, 0.75986832, 0.86286211, 0.50059569, 0.50940025, 0.83668858, 0.42203572, 0.24142392, 0.47118044)
(0.14769562, 0.82958794, 0.34741536, 0.68877226, 0.74244553, 0.53238785, 0.59684485, 0.23234202, 0.15814234, 0.64613193)
(0.24364983, 0.68136436, 0.57972842, 0.44774818, 0.63771385, 0.67993873, 0.69006431, 0.51324743, 0.51461333, 0.56030124)
(0.24848509, 0.58176488, 0.68119001, 0.54931074, 0.56656814, 0.64865482, 0.76344663, 0.60696816, 0.50587213, 0.48562002)
(0.41098562, 0.90010500, 0.77062142, 0.44459575, 0.26315424, 0.81922096, 0.73202842, 0.25019225, 0.86003256, 0.79033124)
(0.68250227, 0.48003665, 0.83623260, 0.61402613, 0.33134264, 0.50266159, 0.70500028, 0.48150617, 0.69645196, 0.42987028)
(0.52803814, 0.55865139, 0.61978430, 0.75551724, 0.66142154, 0.19854714, 0.56662768, 0.15916751, 0.09815190, 0.43841666)
(0.31605273, 0.90125757, 0.40411407, 0.57643187, 0.41993290, 0.64884722, 0.51711893, 0.14054486, 0.52126449, 0.80792099)
(0.24410166, 0.69198871, 0.66552299, 0.36755836, 0.61813504, 0.74621207, 0.74295861, 0.56686819, 0.63431168, 0.55786705)
(0.42622200, 0.82779860, 0.72714281, 0.74450898, 0.21172710, 0.62503493, 0.71509564, 0.23105447, 0.68000257, 0.72758657)
(0.37940720, 0.82759559, 0.52529162, 0.66345280, 0.34280291, 0.58451259, 0.58783233, 0.20898712, 0.54509944, 0.74054474)
(0.55051613, 0.75111103, 0.50973839, 0.66011757, 0.33939326, 0.48231480, 0.48916054, 0.20884919, 0.51700014, 0.70469838)
(0.29415703, 0.78535050, 0.50184387, 0.92056531, 0.47776058, 0.26705658, 0.61142498, 0.12604198, 0.08999128, 0.63670057)
(0.36959448, 0.95203274, 0.82327300, 0.83395654, 0.09225315, 0.74538094, 0.80062038, 0.09978119, 0.80931437, 0.85623562)
(0.28121343, 0.72400731, 0.78799099, 0.50725192, 0.42116475, 0.75893694, 0.80983067, 0.53456736, 0.72685605, 0.58813012)
(0.41446793, 0.83707756, 0.61740941, 0.57655227, 0.30737302, 0.66643322, 0.63325083, 0.23434933, 0.68959516, 0.74816602)
(0.20004030, 0.82075858, 0.51374155, 0.82565123, 0.52268893, 0.50364393, 0.68772262, 0.22716056, 0.21765935, 0.65513760)
(0.39090917, 0.62917262, 0.58177650, 0.48377427, 0.50482959, 0.60817450, 0.62618619, 0.46173623, 0.57858437, 0.58252037)
(0.28789535, 0.68442577, 0.55944282, 0.66114032, 0.52872545, 0.55185288, 0.66833776, 0.39246720, 0.38606358, 0.58126879)
(0.33503205, 0.94305629, 0.41409811, 0.74681330, 0.26587570, 0.60474616, 0.51768452, 0.06806247, 0.50009274, 0.86438274)
(0.65954453, 0.25299564, 0.83391309, 0.60588038, 0.51820207, 0.32524902, 0.72406036, 0.49656108, 0.42457905, 0.24755958)
(0.51983774, 0.30248401, 0.90842462, 0.83683956, 0.32701650, 0.36468339, 0.85482568, 0.54414225, 0.44264314, 0.27898651)
(0.43917614, 0.34573731, 0.86756021, 0.61384720, 0.41593182, 0.56171894, 0.84446400, 0.67494202, 0.59870994, 0.31302214)
(0.64639562, 0.36649650, 0.75071555, 0.63355350, 0.56839120, 0.26615819, 0.63896644, 0.32000133, 0.28355548, 0.33519995)
(0.78852850, 0.52141875, 0.82042229, 0.70393705, 0.36102501, 0.31591633, 0.63030291, 0.24536462, 0.50757217, 0.42627820)
(0.28461772, 0.92899847, 0.52049643, 0.54395115, 0.36731654, 0.74607551, 0.61104178, 0.15159573, 0.65659201, 0.83169407)
(0.25308686, 0.84628904, 0.49956575, 0.64610851, 0.46357197, 0.63487917, 0.63522243, 0.24194370, 0.46237567, 0.72431964)
(0.48688269, 0.58493567, 0.76795793, 0.80606717, 0.29246011, 0.44463277, 0.73379195, 0.36451119, 0.47835809, 0.53130722)
(0.24544871, 0.64302158, 0.65083289, 0.82921809, 0.54296756, 0.44591650, 0.75050205, 0.37961379, 0.21689098, 0.49463454)
(0.52814567, 0.54007846, 0.82803833, 0.90019494, 0.27144679, 0.30602112, 0.76822329, 0.29452384, 0.32241333, 0.46565536)
(0.29397106, 0.65263873, 0.59049195, 0.61579478, 0.53507394, 0.58004105, 0.68302882, 0.45138815, 0.43792570, 0.55929840)
(0.24730527, 0.76938480, 0.74517262, 0.92779207, 0.34170693, 0.43440157, 0.80883008, 0.24081914, 0.22414593, 0.58511746)
(0.38464978, 0.44185862, 0.94205183, 0.87881112, 0.24405870, 0.52058268, 0.91846216, 0.57969087, 0.54889756, 0.32458779)
(0.15990616, 0.92466778, 0.43255034, 0.91555953, 0.45853594, 0.45291975, 0.65722835, 0.08657115, 0.12938681, 0.77382040)
(0.23516573, 0.82083976, 0.38575062, 0.70652509, 0.58965576, 0.51865655, 0.56859624, 0.21323219, 0.25053069, 0.69006592)
(0.49645630, 0.78327471, 0.67836332, 0.69661993, 0.28403050, 0.57203215, 0.63348204, 0.25132284, 0.62158400, 0.70134985)
(0.73594129, 0.44461834, 0.91851145, 0.56284988, 0.27654582, 0.56554097, 0.78839827, 0.55547398, 0.81395173, 0.37269339)
(0.40000319, 0.41721508, 0.69293535, 0.67253524, 0.52358747, 0.44160414, 0.71456087, 0.53479093, 0.38803768, 0.39342722)
(0.13563634, 0.73417801, 0.77070183, 0.70873326, 0.54373324, 0.71259224, 0.86529219, 0.54314911, 0.43119887, 0.51126403)
(0.23734124, 0.74965876, 0.74133241, 0.78781778, 0.39494321, 0.61439198, 0.80598652, 0.39220950, 0.44638234, 0.58747816)
(0.69674844, 0.59922224, 0.69949317, 0.65971845, 0.37187245, 0.39565051, 0.57069492, 0.27359053, 0.53333062, 0.53461081)
(0.27389264, 0.52287549, 0.87260294, 0.84223682, 0.37720770, 0.54447889, 0.88411939, 0.56230628, 0.42653242, 0.37885088)
(0.55602551, 0.67118102, 0.47553286, 0.44548193, 0.48571417, 0.53083998, 0.46140414, 0.30063701, 0.54447776, 0.63602668)
(0.32832548, 0.70645642, 0.61213017, 0.49686879, 0.48878816, 0.66592562, 0.67291725, 0.43811944, 0.60663676, 0.61797076)
(0.51978838, 0.25219876, 0.84347731, 0.68550223, 0.50274056, 0.36043906, 0.79487842, 0.57186747, 0.38066673, 0.24093206)
(0.47766590, 0.84295195, 0.70093018, 0.66122520, 0.21121454, 0.65006131, 0.67159986, 0.20620129, 0.73867643, 0.75518698)
(0.43282717, 0.40990001, 0.91265845, 0.62656736, 0.33165810, 0.63144404, 0.88343614, 0.68546021, 0.71281606, 0.34689707)
(0.08896556, 0.74654108, 0.54753625, 0.50464112, 0.82110602, 0.71041447, 0.77279097, 0.53517562, 0.27036572, 0.50131834)
(0.29473943, 0.70534229, 0.52089411, 0.48156700, 0.57828426, 0.63878852, 0.62557596, 0.42491624, 0.50993747, 0.61342740)
(0.26333806, 0.90829939, 0.40267745, 0.64623594, 0.43039948, 0.63212109, 0.55319685, 0.13666683, 0.45269212, 0.80417204)
(0.65874213, 0.33566791, 0.75288010, 0.57785726, 0.58376628, 0.28524745, 0.64077270, 0.36477473, 0.32443383, 0.31043059)
(0.34961432, 0.49041268, 0.89303404, 0.48568040, 0.41014493, 0.72841692, 0.87774956, 0.72110933, 0.76248068, 0.39867717)
(0.07515900, 0.84638923, 0.70198292, 0.72712636, 0.62687802, 0.75725448, 0.86899865, 0.44938502, 0.33395353, 0.58944470)
(0.27234298, 0.45533019, 0.85023117, 0.67194206, 0.46557602, 0.62425387, 0.86962777, 0.69562656, 0.53643876, 0.36212367)
(0.06656335, 0.77832150, 0.75963289, 0.59370035, 0.69126397, 0.81476170, 0.89639539, 0.64164025, 0.43009168, 0.50096756)
(0.44339845, 0.35894126, 0.90764546, 0.73838317, 0.32583633, 0.53833526, 0.87840998, 0.65218914, 0.60298795, 0.30904159)
(0.44871214, 0.41820011, 0.79790878, 0.84994346, 0.39180955, 0.32183722, 0.77504092, 0.41576418, 0.29642612, 0.38039145)
(0.56495470, 0.52437687, 0.70985556, 0.72967911, 0.37398195, 0.39697409, 0.64514893, 0.36966532, 0.45045137, 0.50504142)
(0.25929290, 0.72220653, 0.57606649, 0.43258625, 0.59828788, 0.70049334, 0.67901289, 0.47032946, 0.56601453, 0.60289866)
(0.25756091, 0.52559376, 0.82153124, 0.82197690, 0.47347203, 0.51266271, 0.85126209, 0.54765368, 0.33937955, 0.38047424)
(0.23714823, 0.82742006, 0.39320540, 0.32630593, 0.75645202, 0.69679272, 0.53653276, 0.30716294, 0.42905980, 0.67041254)
(0.63808066, 0.56063598, 0.83453500, 0.75305742, 0.24523392, 0.47719243, 0.72840768, 0.39475617, 0.65138096, 0.50460750)
(0.12216476, 0.74906510, 0.71021587, 0.57892913, 0.62439287, 0.75830334, 0.83983576, 0.56647795, 0.47165677, 0.53597498)
(0.20159481, 0.81642932, 0.44438496, 0.93125594, 0.60682970, 0.26033628, 0.62483573, 0.11537079, 0.05018121, 0.61251646)
(0.33808157, 0.94780052, 0.46453479, 0.45154285, 0.41742671, 0.76339412, 0.51845437, 0.11255006, 0.66420263, 0.86160874)
(0.17677948, 0.58657700, 0.70418441, 0.77878231, 0.63424075, 0.52558935, 0.81406450, 0.52741700, 0.22774215, 0.41090989)
(0.37317011, 0.67182535, 0.40217870, 0.50141436, 0.62961513, 0.51518309, 0.49455258, 0.33709818, 0.37314656, 0.60607100)
(0.25841591, 0.61004299, 0.74337226, 0.68515372, 0.47981733, 0.61724061, 0.80220824, 0.54133636, 0.47767597, 0.48494771)
(0.70213282, 0.38281590, 0.88192928, 0.87847078, 0.36998698, 0.16680062, 0.76028228, 0.18966633, 0.20909323, 0.32427669)
(0.64863217, 0.69235706, 0.81633914, 0.77051544, 0.19225490, 0.51347673, 0.70203984, 0.29672024, 0.69867933, 0.61417085)
(0.32332048, 0.80538398, 0.33853617, 0.69511312, 0.55881864, 0.45330125, 0.47052506, 0.17197400, 0.25367835, 0.71195787)
(0.65038186, 0.38386106, 0.83487093, 0.73105693, 0.34209242, 0.38381961, 0.72455555, 0.46339628, 0.54309833, 0.37687510)
(0.06735148, 0.95206648, 0.36355829, 0.87684685, 0.66520524, 0.58100325, 0.70318764, 0.09918781, 0.09709046, 0.78092796)
(0.20193596, 0.66858679, 0.56325477, 0.68531936, 0.64535588, 0.54753256, 0.71426475, 0.43956217, 0.26765350, 0.52064830)
(0.13128707, 0.91688037, 0.50036538, 0.59111452, 0.54788435, 0.76219416, 0.71072257, 0.23179457, 0.47689068, 0.76863647)
(0.22398335, 0.54466480, 0.90549451, 0.80560648, 0.36850038, 0.64667600, 0.91660935, 0.65066659, 0.53460062, 0.37612960)
(0.15263630, 0.73998332, 0.58981794, 0.51706916, 0.67172503, 0.71368629, 0.75490522, 0.50781786, 0.43289804, 0.56371659)
(0.48904833, 0.48535860, 0.65093869, 0.49206403, 0.58212310, 0.49974656, 0.62050438, 0.49604389, 0.47472891, 0.44304022)
(0.17246892, 0.75078964, 0.50922632, 0.91829967, 0.66074371, 0.29683903, 0.69960672, 0.19590247, 0.05970997, 0.52281415)
(0.16708049, 0.78358030, 0.67810613, 0.53411418, 0.54645872, 0.76548475, 0.79511601, 0.49240103, 0.58019042, 0.61326808)
(0.39117825, 0.71347815, 0.51875639, 0.39630961, 0.57129997, 0.64242679, 0.56186295, 0.38962141, 0.57611859, 0.63492423)
(0.34205535, 0.75534970, 0.39907151, 0.61874378, 0.54430926, 0.51151782, 0.51491314, 0.25683358, 0.35496247, 0.67391354)
(0.70943695, 0.54958135, 0.53404289, 0.39190155, 0.69269305, 0.30720681, 0.41828963, 0.22249848, 0.26166019, 0.47516045)
(0.22969192, 0.65027624, 0.77205759, 0.64260536, 0.46093497, 0.68487793, 0.82941383, 0.57327354, 0.56121618, 0.50833768)
(0.13565060, 0.83723581, 0.59613633, 0.75085276, 0.55512941, 0.65792042, 0.77977622, 0.32767403, 0.31622759, 0.64173996)
(0.31925756, 0.54668015, 0.86687583, 0.66158342, 0.36537194, 0.66477329, 0.86600190, 0.63865119, 0.65814263, 0.43878174)
(0.28549954, 0.69505572, 0.51838726, 0.46075445, 0.60209149, 0.64482903, 0.62969482, 0.44445175, 0.50698221, 0.60016161)
(0.37516627, 0.70574588, 0.91134173, 0.36169735, 0.34195140, 0.83885199, 0.87513405, 0.62684017, 0.89015567, 0.55055279)
(0.30555141, 0.47231016, 0.77400786, 0.91797578, 0.50322014, 0.25693664, 0.80756009, 0.36262718, 0.12411169, 0.34999794)
(0.75938469, 0.49453679, 0.80945683, 0.69155765, 0.34876782, 0.35169300, 0.64409655, 0.30015543, 0.56380516, 0.42716074)
(0.13989328, 0.80110788, 0.72920495, 0.69168693, 0.52108014, 0.73133022, 0.83814377, 0.46041933, 0.47075048, 0.59403807)
(0.17838439, 0.63421667, 0.56583822, 0.42975271, 0.73946226, 0.68190169, 0.72279906, 0.59599745, 0.42418638, 0.49067664)
(0.40654069, 0.43813783, 0.89270741, 0.65999293, 0.34195542, 0.61389858, 0.87000895, 0.65813732, 0.66990411, 0.37076300)
(0.32089779, 0.76777685, 0.60219038, 0.17774743, 0.77593446, 0.77121663, 0.61871415, 0.44823483, 0.62835705, 0.56867021)
(0.65299195, 0.63402843, 0.58757120, 0.61122531, 0.55148590, 0.31053266, 0.47958976, 0.18006089, 0.26433617, 0.53817683)
(0.21735801, 0.85003692, 0.82747531, 0.76677239, 0.26077631, 0.75340533, 0.86416990, 0.35845369, 0.67488933, 0.67926967)
(0.68716520, 0.62140054, 0.68987864, 0.69052947, 0.36662704, 0.37602171, 0.56593990, 0.24149926, 0.49196020, 0.55463469)
(0.05465484, 0.76403099, 0.54758710, 0.38678935, 0.88651574, 0.78905249, 0.81257117, 0.62226218, 0.28853363, 0.46656960)
(0.30713445, 0.53467739, 0.93632138, 0.48938838, 0.37338454, 0.79106730, 0.91977960, 0.75990456, 0.82415712, 0.39352363)
(0.34747910, 0.63563043, 0.35290724, 0.52319294, 0.75855541, 0.43144858, 0.46101213, 0.31783468, 0.20735045, 0.53926271)
(0.31186837, 0.85145003, 0.58189136, 0.94900602, 0.32947537, 0.30560958, 0.66490036, 0.09831436, 0.13038170, 0.70180446)
(0.21003218, 0.92213947, 0.42771351, 0.65462863, 0.44947425, 0.67463064, 0.60434765, 0.14352575, 0.45175502, 0.80767888)
(0.25319740, 0.87749761, 0.56032020, 0.83787304, 0.34587529, 0.55243534, 0.68616009, 0.16527411, 0.35041642, 0.74591941)
(0.28762344, 0.70285159, 0.58977282, 0.63955051, 0.51311988, 0.58676183, 0.67968065, 0.40126160, 0.44124150, 0.59581065)
(0.35600868, 0.63241404, 0.74323851, 0.79280877, 0.36201859, 0.51428610, 0.76504958, 0.40266448, 0.44486719, 0.53187394)
(0.06709658, 0.85618967, 0.56757069, 0.67339379, 0.73227721, 0.73519057, 0.81687969, 0.40470633, 0.25023896, 0.60733277)
(0.61913460, 0.45557272, 0.87966841, 0.60019940, 0.30060628, 0.56384194, 0.78556669, 0.56000686, 0.74894935, 0.41306511)
(0.50278473, 0.43663824, 0.54135418, 0.49867851, 0.72153193, 0.31131604, 0.53552663, 0.33996150, 0.20890382, 0.39112455)
(0.08477884, 0.83340925, 0.74217564, 0.70566702, 0.59697771, 0.77187842, 0.87644947, 0.48537153, 0.40352187, 0.57957053)
(0.20095368, 0.74630612, 0.74190307, 0.70720559, 0.45283651, 0.68142051, 0.82079101, 0.46431032, 0.49987128, 0.57261360)
(0.47348753, 0.58040094, 0.83863187, 0.81670994, 0.27363554, 0.48866618, 0.79424316, 0.41571084, 0.52928108, 0.49396136)
(0.16321057, 0.89986402, 0.45550317, 0.64477539, 0.54415035, 0.68947834, 0.65989637, 0.21090209, 0.39912176, 0.75775510)
(0.52228457, 0.17180948, 0.91650319, 0.78110731, 0.51098007, 0.28491068, 0.86843359, 0.60425276, 0.29076672, 0.14791040)
(0.06659456, 0.75725877, 0.50628370, 0.55867255, 0.86983258, 0.67456388, 0.77404857, 0.50608677, 0.16629422, 0.47614521)
(0.76367569, 0.57662064, 0.90926254, 0.12837763, 0.47333866, 0.76029342, 0.71749002, 0.52307671, 0.90685868, 0.44895843)
(0.39271286, 0.86147290, 0.48930258, 0.73268658, 0.30345508, 0.54067498, 0.55847228, 0.14520144, 0.48869061, 0.77470207)
(0.59790564, 0.35938933, 0.88886404, 0.91402054, 0.33361942, 0.18584569, 0.81643260, 0.26066688, 0.20770353, 0.30835709)
(0.16792001, 0.71858317, 0.60900861, 0.47201037, 0.65646893, 0.72777635, 0.75664204, 0.54345816, 0.49562249, 0.55767435)
(0.64050734, 0.58516026, 0.70936733, 0.72441250, 0.34662947, 0.39278209, 0.61281329, 0.29925713, 0.49699685, 0.53668416)
(0.17346905, 0.77523834, 0.55325097, 0.47165084, 0.64488989, 0.72837996, 0.71674424, 0.45709682, 0.49849358, 0.61704373)
(0.45246691, 0.40230450, 0.87254608, 0.45945469, 0.43289298, 0.64677125, 0.83676451, 0.68816191, 0.71558386, 0.35730901)
(0.10379550, 0.90810418, 0.39791805, 0.68163347, 0.68235749, 0.67275429, 0.67570430, 0.20896775, 0.24081336, 0.73363811)
(0.30187255, 0.79183394, 0.79151207, 0.69926238, 0.28862211, 0.70886338, 0.81064188, 0.38365200, 0.68444693, 0.65377629)
(0.46021861, 0.64916003, 0.90967244, 0.76151425, 0.19109361, 0.64598680, 0.86767435, 0.46577355, 0.75223440, 0.52093405)
(0.54076236, 0.43081051, 0.75984216, 0.81711835, 0.46468803, 0.23880632, 0.70568788, 0.27027214, 0.21206732, 0.38857609)
(0.35462466, 0.55885941, 0.66052508, 0.31823426, 0.64434630, 0.66203982, 0.68385589, 0.59370255, 0.60608405, 0.48208341)
(0.59493971, 0.44322929, 0.78529608, 0.84079272, 0.43040684, 0.19916461, 0.70210528, 0.19814678, 0.18717608, 0.40127197)
(0.51657993, 0.55732954, 0.76555544, 0.54758036, 0.36083081, 0.59305912, 0.71374887, 0.49376655, 0.68987155, 0.51944524)
(0.41724810, 0.57597518, 0.51519537, 0.47101995, 0.55110902, 0.55194885, 0.56854296, 0.46370780, 0.51370287, 0.55870020)
(0.55786389, 0.35850769, 0.80428571, 0.79785514, 0.40653211, 0.28542730, 0.74578238, 0.37844750, 0.32601437, 0.35289970)
(0.72297204, 0.69202495, 0.64353710, 0.63095111, 0.38203469, 0.39373279, 0.50203657, 0.20023252, 0.50417608, 0.59690559)
(0.28127450, 0.59729093, 0.73335922, 0.66251934, 0.47430322, 0.61178583, 0.78614271, 0.54421306, 0.49964038, 0.48991713)
(0.31394240, 0.54931545, 0.88438624, 0.40367621, 0.51754963, 0.75909388, 0.86547446, 0.71639609, 0.74912995, 0.40908933)
(0.37647349, 0.55328804, 0.61530375, 0.52804011, 0.51524490, 0.57482612, 0.66412663, 0.52677542, 0.53195000, 0.51955128)
(0.49279207, 0.78986865, 0.38628405, 0.51566893, 0.47933763, 0.53200722, 0.41622931, 0.18395136, 0.46822250, 0.72209823)
(0.47245082, 0.37894142, 0.78692538, 0.82517129, 0.43594965, 0.30145305, 0.75735307, 0.42638499, 0.28212193, 0.35462341)
(0.29196078, 0.77281129, 0.74862427, 0.38262397, 0.47560856, 0.79803532, 0.77001214, 0.50022817, 0.76632535, 0.63585025)
(0.73204434, 0.23584516, 0.87078518, 0.59687877, 0.50925314, 0.30678824, 0.73239535, 0.48217550, 0.46348548, 0.21655066)
(0.36148593, 0.93173957, 0.32675883, 0.58735609, 0.40210548, 0.62711102, 0.42228276, 0.07780996, 0.48113379, 0.85057718)
(0.22946237, 0.58197892, 0.71063805, 0.42772529, 0.62622637, 0.71440077, 0.78513336, 0.67062390, 0.58039165, 0.46826762)
(0.32149154, 0.67771143, 0.64004487, 0.73700726, 0.43801346, 0.53236991, 0.70771474, 0.37889051, 0.40997028, 0.57588476)
(0.29876560, 0.92688143, 0.39886114, 0.60460198, 0.38420126, 0.66567284, 0.52100152, 0.10991539, 0.53039551, 0.83730692)
(0.74561161, 0.87698507, 0.79661638, 0.82458198, 0.10586252, 0.53038436, 0.61079437, 0.11378840, 0.76613730, 0.78709698)
(0.32483891, 0.34262359, 0.76262188, 0.82482851, 0.61983544, 0.29062223, 0.79141146, 0.50651419, 0.16138849, 0.26751113)
(0.19099063, 0.87007052, 0.42129591, 0.81278926, 0.54417038, 0.50876033, 0.62582022, 0.16585983, 0.20081061, 0.71815062)
(0.38330576, 0.86896884, 0.42991698, 0.70292485, 0.33444661, 0.54379302, 0.51702189, 0.13149661, 0.46677357, 0.78398508)
(0.66308326, 0.66854614, 0.48898140, 0.55587870, 0.60437948, 0.28635892, 0.40169528, 0.13743897, 0.21451721, 0.59119654)
(0.42135507, 0.62715000, 0.90009767, 0.86488169, 0.19390662, 0.54648918, 0.87009865, 0.41514930, 0.59846193, 0.49912095)
(0.56518179, 0.26367459, 0.79761195, 0.64300084, 0.55338508, 0.32191449, 0.72783005, 0.51236027, 0.34249651, 0.25964656)
(0.10677365, 0.82449043, 0.45036864, 0.72980851, 0.73879868, 0.58227706, 0.71038115, 0.30280954, 0.16194764, 0.60719121)
(0.04675513, 0.91138536, 0.60593820, 0.67322475, 0.71887559, 0.80564809, 0.85344297, 0.36903843, 0.29923952, 0.66468251)
(0.23014721, 0.73998344, 0.64589173, 0.57783312, 0.51499164, 0.68972754, 0.74416560, 0.45693249, 0.53795612, 0.60466850)
(0.47754273, 0.38886422, 0.93459451, 0.78443748, 0.25478891, 0.54602522, 0.89521009, 0.63019359, 0.65855438, 0.32544500)
(0.61741394, 0.30830076, 0.94582939, 0.89110106, 0.22603066, 0.32251939, 0.87709212, 0.47820130, 0.47485983, 0.27836037)
(0.14370102, 0.58663136, 0.81759226, 0.53145283, 0.61435491, 0.76189119, 0.88273466, 0.74941617, 0.55912298, 0.41278371)
(0.20541506, 0.95715195, 0.24826346, 0.86796194, 0.51814377, 0.43372628, 0.44203734, 0.03827897, 0.11848637, 0.85719544)
(0.38636389, 0.54106039, 0.95731604, 0.77713364, 0.19862550, 0.68485391, 0.93389225, 0.64353496, 0.77184898, 0.39502102)
(0.46380544, 0.52087307, 0.82857209, 0.68230605, 0.32314801, 0.56361264, 0.79237813, 0.52999103, 0.63362271, 0.46499312)
(0.27794930, 0.79534924, 0.58560961, 0.70249993, 0.42179391, 0.60632402, 0.68689907, 0.29820737, 0.46216902, 0.67441666)
(0.33947706, 0.62295550, 0.90129685, 0.56162953, 0.31651983, 0.75417995, 0.88351721, 0.63580722, 0.79581153, 0.49136657)
(0.55219227, 0.71330500, 0.63466460, 0.36892736, 0.44801712, 0.65190655, 0.56543601, 0.35988873, 0.71609306, 0.64657056)
(0.30070841, 0.75159436, 0.73017818, 0.86566865, 0.32565561, 0.50859571, 0.77641529, 0.28965622, 0.36987096, 0.60649604)
(0.39608970, 0.66005129, 0.45937729, 0.52920741, 0.53176236, 0.53493345, 0.53591090, 0.36476117, 0.46293020, 0.61896008)
(0.12871221, 0.79053497, 0.52477002, 0.82584006, 0.67234659, 0.50541258, 0.73948538, 0.29622990, 0.13764755, 0.57102233)
(0.32679704, 0.74938142, 0.35661331, 0.65748698, 0.59965205, 0.45254248, 0.48487830, 0.22648300, 0.25913468, 0.66197813)
(0.20796736, 0.49230930, 0.87329417, 0.84630859, 0.48077399, 0.54264647, 0.89980620, 0.62150013, 0.33056617, 0.32224771)
(0.45744988, 0.94328386, 0.68914783, 0.71709305, 0.13813597, 0.70808822, 0.65743381, 0.08996777, 0.78319252, 0.86609715)
(0.28738973, 0.97217023, 0.75970900, 0.74882072, 0.11743309, 0.81689322, 0.77943343, 0.07968261, 0.82911110, 0.89476168)
(0.30424583, 0.64591622, 0.40430182, 0.48324153, 0.70987797, 0.52805346, 0.53211445, 0.39078739, 0.31901556, 0.55489653)
(0.19435208, 0.68276495, 0.68001395, 0.22997634, 0.76789922, 0.79251522, 0.76624602, 0.64170027, 0.61701143, 0.49180824)
(0.48999524, 0.61922747, 0.49468318, 0.30961540, 0.64966470, 0.57703739, 0.49761781, 0.41004223, 0.52545547, 0.55579513)
(0.24340877, 0.56525499, 0.64536637, 0.60338300, 0.61096692, 0.59055752, 0.74551690, 0.57188892, 0.39417425, 0.46026123)
(0.45335060, 0.60944909, 0.63860482, 0.74115747, 0.39597005, 0.44608387, 0.64289337, 0.35552657, 0.41992331, 0.56249452)
(0.55520564, 0.67964280, 0.37145412, 0.34592628, 0.66287637, 0.49421898, 0.37934864, 0.24913098, 0.38414416, 0.59986001)
(0.68188310, 0.44996175, 0.62532026, 0.45056546, 0.65975845, 0.30060050, 0.51428527, 0.28505769, 0.28741527, 0.39489451)
(0.47106728, 0.44517949, 0.52199751, 0.50151968, 0.72496688, 0.33100599, 0.53558987, 0.36454672, 0.21771039, 0.39824966)
(0.67323774, 0.43812630, 0.87656426, 0.58655304, 0.31764263, 0.53713202, 0.75900346, 0.54821497, 0.74508381, 0.39311188)
(0.41919959, 0.71914285, 0.42881981, 0.49179026, 0.53029865, 0.55708963, 0.49161178, 0.29899305, 0.48268396, 0.66286141)
(0.25192794, 0.77192384, 0.67455411, 0.91131234, 0.38961142, 0.42492208, 0.76229167, 0.23058319, 0.20815562, 0.60173041)
(0.68210775, 0.84229839, 0.53006083, 0.56965351, 0.29052135, 0.54579127, 0.41295326, 0.13273890, 0.65136433, 0.76998955)
(0.78160757, 0.18789221, 0.90857720, 0.53915495, 0.52017367, 0.30862683, 0.75871223, 0.53200614, 0.49721748, 0.16511907)
(0.33936515, 0.64462638, 0.77809238, 0.54985201, 0.40092307, 0.69035470, 0.78988963, 0.54156005, 0.68582422, 0.54605824)
(0.13670623, 0.88797301, 0.32895961, 0.63927102, 0.71115184, 0.61826110, 0.58756155, 0.19466560, 0.21855064, 0.72513366)
(0.60369617, 0.82503533, 0.68147403, 0.90194851, 0.16181074, 0.36978883, 0.59555340, 0.11048836, 0.43115470, 0.75370365)
(0.22763684, 0.71913910, 0.58552533, 0.41052184, 0.63887191, 0.71964747, 0.70164716, 0.50730431, 0.55771512, 0.58396816)
(0.16989200, 0.65042913, 0.64735663, 0.51390731, 0.66485769, 0.69835693, 0.77852094, 0.60596758, 0.45152226, 0.49615714)
(0.47394273, 0.87106872, 0.68303192, 0.62523687, 0.21625243, 0.67820805, 0.65315306, 0.18393311, 0.75640333, 0.78357816)
(0.16829072, 0.83388674, 0.44464016, 0.90989196, 0.60657603, 0.35005665, 0.65890366, 0.14434373, 0.07763129, 0.63176763)
(0.23661208, 0.83179742, 0.46384156, 0.62692678, 0.53409642, 0.62195015, 0.61946899, 0.26157400, 0.40634423, 0.70581305)
(0.11129993, 0.97067195, 0.40453056, 0.89745069, 0.41229632, 0.60767365, 0.67805433, 0.05629534, 0.19387214, 0.86209488)
(0.42158580, 0.78167045, 0.53477073, 0.66078049, 0.34284639, 0.55048400, 0.57897884, 0.23518841, 0.54152286, 0.70980370)
(0.34429651, 0.81946224, 0.72274232, 0.92455453, 0.23375873, 0.43589440, 0.75372136, 0.16993938, 0.31565046, 0.68543833)
(0.47284049, 0.67171586, 0.45465931, 0.38042167, 0.58629137, 0.57014334, 0.48069233, 0.34334597, 0.51732367, 0.61602604)
(0.12556903, 0.84640497, 0.66363794, 0.28570950, 0.72598797, 0.85865945, 0.79515034, 0.52562106, 0.65432608, 0.62407547)
(0.25724366, 0.77786225, 0.58856648, 0.55395979, 0.48910549, 0.68426430, 0.69181997, 0.38063031, 0.56099355, 0.65775651)
(0.49646923, 0.55309457, 0.63279837, 0.71896315, 0.39693600, 0.41468972, 0.62456363, 0.36597639, 0.42432424, 0.54006231)
(0.41192949, 0.58368927, 0.78487217, 0.64086217, 0.39987960, 0.58851928, 0.76503605, 0.50089270, 0.59273916, 0.49343660)
(0.30086160, 0.57273126, 0.89901119, 0.69115311, 0.32351938, 0.69402319, 0.89511371, 0.64509583, 0.69261193, 0.43767843)
(0.10262287, 0.88417572, 0.53617740, 0.91919899, 0.59846216, 0.46627200, 0.76759791, 0.16552387, 0.09227467, 0.65221965)
(0.89330250, 0.43016094, 0.87763876, 0.22561477, 0.51286602, 0.52138466, 0.58831728, 0.49296123, 0.79694498, 0.28104630)
(0.30167079, 0.66618669, 0.51777464, 0.24924074, 0.76751494, 0.68416411, 0.60002661, 0.49465111, 0.51290530, 0.52652299)
(0.42543525, 0.59428865, 0.56522214, 0.62489605, 0.46418738, 0.49813795, 0.60592860, 0.40799484, 0.46287248, 0.56540996)
(0.36951876, 0.87185574, 0.37919340, 0.51631331, 0.49536747, 0.62078422, 0.46020633, 0.16048352, 0.48725808, 0.77970666)
(0.31414959, 0.90017247, 0.72605658, 0.51296771, 0.30051118, 0.80255139, 0.74186337, 0.25446981, 0.79632628, 0.78190356)
(0.25195849, 0.81516969, 0.47685727, 0.82387483, 0.49258372, 0.45805526, 0.62787157, 0.19470091, 0.22180021, 0.67580301)
(0.46322459, 0.72137827, 0.81771994, 0.91399652, 0.17828746, 0.42497471, 0.78487945, 0.23186888, 0.44057074, 0.61736935)
(0.84031117, 0.23892766, 0.91341817, 0.44806823, 0.48323724, 0.36999407, 0.72012132, 0.54362106, 0.64012575, 0.19070955)
(0.21707958, 0.67258149, 0.56060106, 0.28190377, 0.77126592, 0.72441977, 0.68562174, 0.56446725, 0.50993782, 0.51382512)
(0.43467587, 0.57913578, 0.66247219, 0.73770988, 0.40013608, 0.45626613, 0.67438555, 0.39094499, 0.42759585, 0.53502154)
(0.54990011, 0.67097783, 0.50368661, 0.50667840, 0.43976906, 0.52511442, 0.48586595, 0.30783775, 0.56195545, 0.64269125)
(0.15137528, 0.91960025, 0.74822807, 0.91129982, 0.29090381, 0.63633853, 0.84138978, 0.17403753, 0.34890446, 0.74448955)
(0.35316101, 0.58547026, 0.61501312, 0.76032126, 0.49851450, 0.42972860, 0.67852247, 0.38672438, 0.30356863, 0.50910395)
(0.26192808, 0.76876450, 0.74344480, 0.91212279, 0.32916364, 0.46568984, 0.80214220, 0.25427571, 0.27314350, 0.59663200)
(0.78836960, 0.32066503, 0.92505163, 0.76625407, 0.27343455, 0.34361112, 0.78238446, 0.45446482, 0.63600194, 0.28488931)
(0.48374128, 0.89672458, 0.31375661, 0.79171079, 0.55524772, 0.32111886, 0.32282767, 0.05467509, 0.14020929, 0.77485353)
(0.36623600, 0.65689474, 0.76147401, 0.82323176, 0.31919092, 0.50494677, 0.77566230, 0.36648154, 0.44687837, 0.54991084)
(0.31034365, 0.40699020, 0.75900972, 0.78087997, 0.54756027, 0.41424495, 0.79473311, 0.55637479, 0.28235057, 0.33459958)
(0.61007243, 0.35435173, 0.61371142, 0.42990020, 0.81745732, 0.20847444, 0.52156544, 0.25643256, 0.11978532, 0.28175327)
(0.45960149, 0.38010910, 0.79969573, 0.52526385, 0.47728977, 0.55372268, 0.77405399, 0.63318497, 0.58253884, 0.35973552)
(0.36223084, 0.68042994, 0.86184376, 0.83777899, 0.22967406, 0.58451825, 0.85145855, 0.40406677, 0.58893162, 0.54292101)
(0.48455983, 0.72609645, 0.42570651, 0.26655313, 0.68464023, 0.60614902, 0.43778095, 0.29832426, 0.49905211, 0.61886972)
(0.24967659, 0.75549585, 0.52500582, 0.73707956, 0.52659935, 0.53071785, 0.66591454, 0.30667016, 0.30644336, 0.62244296)
(0.53483313, 0.38715810, 0.93374646, 0.74198008, 0.25084275, 0.55261058, 0.88105661, 0.62444866, 0.70066297, 0.33643779)
(0.89142466, 0.29324013, 0.91203034, 0.41818145, 0.48873731, 0.35684088, 0.67889464, 0.45615473, 0.67122632, 0.19979902)
(0.43360737, 0.44017515, 0.52436328, 0.54735947, 0.78184056, 0.28207916, 0.54668045, 0.33593109, 0.13790432, 0.35954186)
(0.65315092, 0.45753703, 0.79347891, 0.76281041, 0.34578264, 0.34046206, 0.69144458, 0.34045285, 0.47011310, 0.42831665)
(0.46453440, 0.30105504, 0.72754514, 0.63829887, 0.63405728, 0.33410761, 0.70820051, 0.52770680, 0.27462158, 0.27425778)
(0.64255410, 0.68666911, 0.49241295, 0.68142158, 0.68461174, 0.15522081, 0.39671734, 0.05958996, 0.06593443, 0.58150005)
(0.60850012, 0.77082348, 0.62211341, 0.78411353, 0.24642967, 0.43942946, 0.54464155, 0.18108673, 0.52301753, 0.71117431)
(0.37916276, 0.62037611, 0.75215572, 0.46205857, 0.44173408, 0.69065046, 0.75150633, 0.55641478, 0.70798510, 0.54456437)
(0.23763956, 0.67676640, 0.46303752, 0.44517618, 0.70710111, 0.62268925, 0.61725897, 0.45955440, 0.39615047, 0.55889672)
(0.37218052, 0.74024290, 0.64447886, 0.61985844, 0.36864239, 0.62441707, 0.68028271, 0.35132653, 0.60894537, 0.65222895)
(0.52188152, 0.73033023, 0.65346849, 0.47911134, 0.36381367, 0.64227051, 0.60705763, 0.34042510, 0.71602356, 0.67040104)
(0.84566206, 0.18898833, 0.94297189, 0.67483503, 0.43567073, 0.24052109, 0.79191512, 0.43866223, 0.51232749, 0.15231016)
(0.55164260, 0.50736600, 0.58667821, 0.64334506, 0.63853055, 0.24338023, 0.54192287, 0.20699340, 0.16193038, 0.45297375)
(0.40138674, 0.85747635, 0.32697815, 0.62503850, 0.45904750, 0.52018619, 0.41459486, 0.12440224, 0.38348758, 0.77634138)
(0.46573463, 0.83150363, 0.64359564, 0.57570040, 0.27955735, 0.65998101, 0.62786561, 0.22942567, 0.71898878, 0.74865156)
(0.26820439, 0.80491525, 0.31547728, 0.58845019, 0.67863679, 0.51464587, 0.47411090, 0.21196219, 0.24924167, 0.68198997)
(0.80799210, 0.63630974, 0.80339026, 0.64758515, 0.27345607, 0.45419553, 0.58584809, 0.29037350, 0.71527690, 0.52892703)
(0.38816029, 0.56842494, 0.49211037, 0.32085967, 0.71932459, 0.57566512, 0.54622066, 0.48029754, 0.46560034, 0.49794537)
(0.17905250, 0.67846906, 0.81402582, 0.77860886, 0.45844615, 0.65853971, 0.87360674, 0.53648549, 0.43615085, 0.47805059)
(0.38048550, 0.59488982, 0.58907121, 0.24796540, 0.71558440, 0.65551484, 0.60879886, 0.53139049, 0.57128888, 0.49628159)
(0.24229020, 0.65269148, 0.63867801, 0.43495432, 0.61199868, 0.70211416, 0.73363000, 0.57158083, 0.56714976, 0.53746814)
(0.10728909, 0.63003421, 0.71397698, 0.50011653, 0.73071086, 0.75352114, 0.85104203, 0.71056789, 0.44153222, 0.43182462)
(0.63136154, 0.85971814, 0.43888909, 0.52350587, 0.35316405, 0.54580909, 0.37191537, 0.10847473, 0.57115239, 0.78861338)
(0.57857704, 0.57157826, 0.60303617, 0.55469102, 0.44486976, 0.48692456, 0.54881984, 0.40011063, 0.55710995, 0.55020332)
(0.36338767, 0.66960663, 0.71619022, 0.83262521, 0.37061360, 0.46086887, 0.73334616, 0.33390850, 0.36481604, 0.55573708)
(0.29319263, 0.75215656, 0.48737472, 0.28975561, 0.71811843, 0.70322526, 0.58016902, 0.41121277, 0.53382987, 0.61251128)
(0.34920368, 0.57238179, 0.53206605, 0.43766692, 0.61703730, 0.58721447, 0.61212146, 0.51784998, 0.49559012, 0.52757531)
(0.38268086, 0.70169121, 0.49797499, 0.41051525, 0.58503163, 0.62387300, 0.55340743, 0.39054614, 0.54285234, 0.62694389)
(0.76702023, 0.30657145, 0.87511361, 0.42047933, 0.47232100, 0.45391250, 0.70526642, 0.56462932, 0.67317921, 0.26166201)
(0.28017607, 0.75583965, 0.69687563, 0.84100926, 0.36869112, 0.52427030, 0.76167345, 0.30147967, 0.36101031, 0.61065525)
(0.30304450, 0.72516197, 0.55073392, 0.62017548, 0.49370825, 0.59278691, 0.64972627, 0.36882982, 0.46388650, 0.62899798)
(0.16012138, 0.68408883, 0.76644152, 0.67781311, 0.53831267, 0.70174879, 0.85318637, 0.58261281, 0.46187770, 0.49179038)
(0.76660693, 0.65379047, 0.69189984, 0.61296058, 0.41209623, 0.35217941, 0.51605380, 0.18829946, 0.47063503, 0.53856564)
(0.53039175, 0.81243002, 0.47119302, 0.31558496, 0.53379250, 0.65039611, 0.43992603, 0.21939321, 0.62511665, 0.71846473)
(0.39573461, 0.66763806, 0.74043435, 0.66291308, 0.33719009, 0.60987294, 0.74470341, 0.42710868, 0.62279999, 0.58296865)
(0.27589595, 0.90263367, 0.55229998, 0.59535611, 0.36195105, 0.71784484, 0.64817995, 0.18932292, 0.62647712, 0.79389721)
(0.37021694, 0.31575209, 0.78512555, 0.59254241, 0.66605854, 0.44897684, 0.78778857, 0.64462566, 0.33369651, 0.25307533)
(0.73829317, 0.24992774, 0.85278022, 0.55188578, 0.53882623, 0.31383938, 0.70844704, 0.47127032, 0.46063524, 0.22289048)
(0.49870387, 0.27990791, 0.94879478, 0.75417811, 0.28346261, 0.52892917, 0.91426510, 0.69649845, 0.64813024, 0.23898052)
(0.70939893, 0.44088575, 0.92313683, 0.88405186, 0.17691536, 0.33977723, 0.81287175, 0.36440420, 0.57113111, 0.39302263)
(0.41493344, 0.55438882, 0.93427545, 0.84053189, 0.20143938, 0.59188080, 0.90459794, 0.52904755, 0.66481704, 0.41952106)
(0.18497416, 0.86413771, 0.47671300, 0.60536557, 0.55917913, 0.68136716, 0.65848625, 0.26555669, 0.42500520, 0.72161198)
(0.27344972, 0.39961591, 0.90171880, 0.65455788, 0.44346496, 0.65551639, 0.90827245, 0.75602782, 0.59063458, 0.30490783)
(0.46214473, 0.85220599, 0.66035038, 0.78961587, 0.19290313, 0.56020212, 0.64831758, 0.16022424, 0.61895776, 0.76532733)
(0.41773573, 0.76765519, 0.58763558, 0.88734490, 0.30328450, 0.35915023, 0.62676328, 0.16255805, 0.26564947, 0.67930776)
(0.59588814, 0.50815815, 0.47639760, 0.44343477, 0.81916493, 0.23464651, 0.41213086, 0.19864509, 0.10765576, 0.41163263)
(0.50171262, 0.86045831, 0.34796983, 0.81269699, 0.44518435, 0.30052131, 0.35184965, 0.05865729, 0.16277063, 0.78615403)
(0.35010237, 0.49109074, 0.69998032, 0.57203650, 0.51251471, 0.57344711, 0.73843729, 0.59773266, 0.51661044, 0.44994846)
(0.27321094, 0.39036056, 0.71834087, 0.66719049, 0.68070078, 0.45641941, 0.77868193, 0.61734623, 0.26949325, 0.30392858)
(0.07839184, 0.83575231, 0.66737819, 0.76663405, 0.64878398, 0.70478630, 0.85271275, 0.41696638, 0.25508025, 0.57667017)
(0.71214062, 0.49283341, 0.69270754, 0.63889319, 0.63499564, 0.17796148, 0.54109538, 0.13402918, 0.14146377, 0.39541212)
(0.26355347, 0.71677160, 0.51731473, 0.50397348, 0.58690912, 0.64324903, 0.64410126, 0.42295140, 0.48462138, 0.61333692)
(0.32827172, 0.58675879, 0.58660692, 0.54897380, 0.55216503, 0.57805330, 0.66515839, 0.50727844, 0.47495061, 0.52748942)
(0.77516204, 0.56413412, 0.81703860, 0.70432222, 0.28523088, 0.40092352, 0.63886660, 0.30045143, 0.64689785, 0.48037544)
(0.20697193, 0.82735431, 0.38767737, 0.61844885, 0.63957119, 0.58861679, 0.58168918, 0.25125849, 0.29621351, 0.68826240)
(0.32246950, 0.62675470, 0.81616521, 0.67970276, 0.35598081, 0.64876246, 0.82747525, 0.53207213, 0.62361890, 0.51017845)
(0.50227535, 0.45396763, 0.48874071, 0.48709941, 0.86807221, 0.20986521, 0.46383125, 0.22552441, 0.07150444, 0.32652038)
(0.40983513, 0.63039875, 0.42607066, 0.26515973, 0.78475910, 0.56621045, 0.47827202, 0.39131635, 0.39058602, 0.51294202)
(0.46263021, 0.55454201, 0.83306509, 0.44340000, 0.39819568, 0.68925172, 0.78563792, 0.59677869, 0.76849222, 0.48545477)
(0.30126965, 0.91270524, 0.45340157, 0.64763790, 0.36066258, 0.64889514, 0.56399655, 0.13403629, 0.53583533, 0.81835401)
(0.45981973, 0.65068018, 0.58160442, 0.54193145, 0.42474774, 0.56603956, 0.59484804, 0.38545197, 0.58846337, 0.61500412)
(0.43158135, 0.67609030, 0.74681324, 0.45886156, 0.39304808, 0.69915718, 0.72357893, 0.48023498, 0.74722648, 0.59752065)
(0.13977110, 0.72669929, 0.63732249, 0.31771046, 0.75862843, 0.79295850, 0.78087133, 0.61987305, 0.54979640, 0.52646273)
(0.18479297, 0.61640215, 0.67696983, 0.29815221, 0.75693142, 0.75423837, 0.77670312, 0.68101126, 0.55741638, 0.45347267)
(0.18560961, 0.45417920, 0.93007696, 0.88804358, 0.42315468, 0.56112927, 0.94133723, 0.67770690, 0.35211205, 0.26606074)
(0.29960129, 0.71220374, 0.64257300, 0.76462770, 0.43289205, 0.53272736, 0.71589977, 0.35132575, 0.38616911, 0.59349340)
(0.46008009, 0.49243885, 0.58812553, 0.68396252, 0.58301926, 0.31803980, 0.60136461, 0.32445151, 0.23212363, 0.45462811)
(0.34929973, 0.85415071, 0.68967873, 0.92476976, 0.21472248, 0.44177410, 0.72960716, 0.13629733, 0.32433689, 0.73040372)
(0.32136914, 0.67534250, 0.66930121, 0.64517498, 0.42976695, 0.60952455, 0.72601962, 0.43887758, 0.53385884, 0.57910389)
(0.19544624, 0.83552670, 0.72251141, 0.67538428, 0.40486860, 0.73992121, 0.80338472, 0.38010606, 0.59127653, 0.67381477)
(0.45801866, 0.44173357, 0.58023256, 0.56348974, 0.56026232, 0.43392748, 0.60417432, 0.48522452, 0.40467042, 0.44636106)
(0.39760786, 0.94505620, 0.55118060, 0.69343466, 0.20602539, 0.68032759, 0.57792872, 0.08364043, 0.67938924, 0.87024969)
(0.50943524, 0.80182147, 0.32068583, 0.54304117, 0.50863558, 0.48139256, 0.35942364, 0.14113329, 0.37534192, 0.73324478)
(0.15002771, 0.75803459, 0.60665953, 0.62058854, 0.63545132, 0.68021548, 0.76815408, 0.46009234, 0.37522197, 0.57247651)
(0.40578538, 0.76591158, 0.43346450, 0.51004428, 0.49193075, 0.57809746, 0.50165200, 0.26158354, 0.50580716, 0.69742209)
(0.44487399, 0.48528513, 0.85361123, 0.72631949, 0.32234716, 0.54876959, 0.82014173, 0.55416632, 0.60548252, 0.42551085)
(0.61395258, 0.43305492, 0.60734767, 0.49943700, 0.67276847, 0.28208435, 0.53325474, 0.28431717, 0.22995771, 0.39475194)
(0.58537692, 0.64145082, 0.72568434, 0.18215628, 0.60383773, 0.70025593, 0.60213327, 0.46038300, 0.75595874, 0.53824902)
(0.77319241, 0.44177371, 0.79278719, 0.52514464, 0.43984085, 0.40665188, 0.61865079, 0.39701614, 0.61285639, 0.36897597)
(0.28696331, 0.87310904, 0.62016273, 0.92094582, 0.27548426, 0.44705757, 0.70937818, 0.12870380, 0.26039970, 0.73784977)
(0.24295419, 0.72242290, 0.83246809, 0.64093834, 0.36600673, 0.74411279, 0.85943800, 0.53636533, 0.68391865, 0.55981272)
(0.58897108, 0.39599720, 0.91839588, 0.70635581, 0.25960243, 0.53558022, 0.84719449, 0.58892900, 0.71475208, 0.35830751)
(0.16936369, 0.60781652, 0.76045293, 0.36564356, 0.69037634, 0.77976418, 0.83662701, 0.73012888, 0.60931981, 0.44040367)
(0.28030413, 0.80367643, 0.58937645, 0.68183899, 0.41209662, 0.62467808, 0.68609488, 0.29636973, 0.49725574, 0.68419951)
(0.35689336, 0.73043400, 0.42208150, 0.54352552, 0.54504484, 0.55132872, 0.52247334, 0.30501568, 0.43263379, 0.66121966)
(0.43354607, 0.66478318, 0.46525061, 0.44671690, 0.56262219, 0.56266630, 0.50965708, 0.36861455, 0.50591022, 0.61925203)
(0.33956999, 0.58754164, 0.43156141, 0.73217666, 0.79676038, 0.22418970, 0.50632983, 0.20430911, 0.05939905, 0.45215532)
(0.60416174, 0.53618252, 0.56988847, 0.57699877, 0.61276025, 0.27842239, 0.50784922, 0.21222469, 0.22235633, 0.48436823)
(0.50365502, 0.82451725, 0.55976021, 0.61775666, 0.28476655, 0.58580244, 0.54784745, 0.18683833, 0.63969475, 0.75681353)
(0.25519916, 0.88209927, 0.73417908, 0.67722476, 0.28490126, 0.75240320, 0.78278804, 0.26992813, 0.70020562, 0.74581480)
(0.18274233, 0.85328263, 0.41678300, 0.63435835, 0.62661141, 0.62090605, 0.61749703, 0.24533448, 0.31052062, 0.70399100)
(0.63815522, 0.18634756, 0.89810973, 0.75633919, 0.51907945, 0.22199298, 0.80770409, 0.47523656, 0.27310586, 0.17675450)
(0.44996902, 0.41845348, 0.52635372, 0.49753043, 0.78914160, 0.29510871, 0.53895205, 0.35705441, 0.15911765, 0.34450689)
(0.42818996, 0.46277401, 0.87827110, 0.47852966, 0.40199780, 0.68073988, 0.84551907, 0.68083727, 0.75011486, 0.39902741)
(0.38184693, 0.64934194, 0.89166737, 0.54891872, 0.29362893, 0.74975437, 0.86451823, 0.58683830, 0.81343746, 0.52584845)
(0.46517414, 0.54009622, 0.89469445, 0.83953261, 0.22864372, 0.51280940, 0.85309857, 0.46439075, 0.58301103, 0.44659659)
(0.31968844, 0.84789622, 0.55038929, 0.87473345, 0.32384637, 0.45006275, 0.64565885, 0.14778151, 0.28772777, 0.73001903)
(0.40962961, 0.54560965, 0.57520926, 0.71489131, 0.50023371, 0.40390241, 0.62624359, 0.38733512, 0.32392520, 0.51169175)
(0.40358058, 0.75282198, 0.49229360, 0.46529695, 0.50473690, 0.61871088, 0.54108953, 0.31970331, 0.56456596, 0.68176395)
(0.62080115, 0.59096730, 0.53927100, 0.47171009, 0.51990926, 0.46146750, 0.48445266, 0.34345803, 0.49736205, 0.54064143)
(0.39436418, 0.40377054, 0.54636043, 0.57644695, 0.80551112, 0.27204624, 0.57783115, 0.37346295, 0.12102351, 0.31626424)
(0.56708759, 0.37985831, 0.89540690, 0.42488879, 0.39155489, 0.62598348, 0.82347453, 0.65944785, 0.76398402, 0.34971961)
(0.54877597, 0.67517793, 0.80414897, 0.81845337, 0.20828231, 0.48364937, 0.73476702, 0.29986507, 0.58525187, 0.60478961)
(0.58290619, 0.54347211, 0.87200230, 0.76898921, 0.22376250, 0.51461709, 0.79307961, 0.43989432, 0.66778386, 0.48238769)
(0.46206555, 0.57706261, 0.60762733, 0.80234808, 0.58208477, 0.21933533, 0.60470742, 0.17206123, 0.11458607, 0.48120588)
(0.26425365, 0.67903137, 0.76484323, 0.68136382, 0.41071063, 0.66051865, 0.81150377, 0.50115007, 0.56294745, 0.54133177)
(0.14491773, 0.68638217, 0.60992455, 0.72744203, 0.68160439, 0.57333583, 0.77726436, 0.46939474, 0.22279949, 0.48950899)
(0.42238617, 0.61483455, 0.48143962, 0.48196337, 0.55007106, 0.54233849, 0.53699100, 0.41411048, 0.49326509, 0.58945686)
(0.91806543, 0.34820774, 0.94848818, 0.42754734, 0.33917749, 0.46184397, 0.71756661, 0.51132601, 0.83686841, 0.22545615)
(0.71952391, 0.76528841, 0.68674183, 0.35866278, 0.37285078, 0.63174689, 0.50077039, 0.26151928, 0.77705210, 0.67554247)
(0.61229831, 0.53339368, 0.77120626, 0.78784144, 0.29523164, 0.38049412, 0.68338144, 0.33457261, 0.49524474, 0.50264466)
(0.23908748, 0.55180299, 0.66792566, 0.48880228, 0.62699276, 0.65934765, 0.75888002, 0.64549220, 0.50437790, 0.46116039)
(0.11968846, 0.97264254, 0.44673860, 0.84127659, 0.36774462, 0.69450587, 0.69307399, 0.06523509, 0.33112109, 0.87239671)
(0.47979170, 0.79861379, 0.57040405, 0.58438241, 0.32560444, 0.59838063, 0.56677449, 0.23366833, 0.63920939, 0.73080510)
(0.34116375, 0.92945898, 0.61838061, 0.87681746, 0.17110549, 0.56547487, 0.67445987, 0.08576271, 0.50477630, 0.83209580)
(0.17131887, 0.50112855, 0.83987808, 0.63091463, 0.57673997, 0.69110948, 0.88845038, 0.75109583, 0.49607968, 0.35889593)
(0.13274412, 0.73369050, 0.48163396, 0.42759997, 0.81870449, 0.68240333, 0.69074613, 0.48908797, 0.30170277, 0.52500868)
(0.26551092, 0.55200166, 0.72588438, 0.78802365, 0.53696412, 0.48090249, 0.78720438, 0.49284974, 0.28788501, 0.42406878)
(0.12999354, 0.84061825, 0.66499406, 0.50042468, 0.59831452, 0.80401057, 0.80178279, 0.45968965, 0.57684177, 0.64848083)
(0.14985631, 0.69458234, 0.65624809, 0.54007584, 0.66403174, 0.71287149, 0.79415601, 0.57425076, 0.43619758, 0.51261550)
(0.40895879, 0.48798406, 0.89432752, 0.59842670, 0.33468956, 0.66267383, 0.86749005, 0.65661860, 0.73513734, 0.40979409)
(0.43165708, 0.48358235, 0.89721477, 0.87289596, 0.25907817, 0.45052579, 0.86492312, 0.46998343, 0.47698820, 0.39439276)
(0.39372170, 0.49522913, 0.90085530, 0.81168550, 0.28556451, 0.55285919, 0.87574637, 0.56093287, 0.57883030, 0.39270642)
(0.21776307, 0.75908047, 0.61255151, 0.45012468, 0.58930415, 0.73811138, 0.72265559, 0.47550440, 0.58490533, 0.61641574)
(0.36298612, 0.59759039, 0.90571731, 0.64273697, 0.28488177, 0.71170914, 0.88483387, 0.61561829, 0.76380754, 0.47394577)
(0.67663002, 0.76343966, 0.48195291, 0.55864984, 0.38802332, 0.47247082, 0.39937505, 0.17946528, 0.53494352, 0.68224871)
(0.47926050, 0.72868007, 0.38245296, 0.50403607, 0.52372426, 0.50979406, 0.42790446, 0.23374139, 0.43511292, 0.67463440)
(0.52693880, 0.55449063, 0.69096535, 0.67928267, 0.41509154, 0.45140728, 0.64015049, 0.39684454, 0.47535443, 0.51400083)
(0.17759790, 0.64198250, 0.80042565, 0.70513278, 0.50513524, 0.68347096, 0.86518151, 0.60550016, 0.47474214, 0.46150342)
(0.59500551, 0.63190347, 0.68878776, 0.75074577, 0.34953886, 0.40228471, 0.59748995, 0.28008232, 0.44506547, 0.57668489)
(0.49441501, 0.43392757, 0.87867790, 0.83485377, 0.28165182, 0.42405501, 0.83036506, 0.47377762, 0.49155971, 0.38643396)
(0.31738150, 0.58906025, 0.83693069, 0.74117535, 0.36106241, 0.61086744, 0.84264743, 0.54336566, 0.56480533, 0.46785954)
(0.20146559, 0.67666781, 0.46502864, 0.61811155, 0.73532552, 0.52153838, 0.63809264, 0.40203738, 0.22147658, 0.52412057)
(0.22853163, 0.79222894, 0.67035186, 0.63421661, 0.43747261, 0.70391983, 0.76283544, 0.39619425, 0.56609881, 0.64997405)
(0.36955947, 0.51248157, 0.52667689, 0.61257142, 0.61966687, 0.43424502, 0.60149157, 0.45555103, 0.30998659, 0.47037134)
(0.68987304, 0.79780632, 0.48587361, 0.65319139, 0.41827196, 0.36116552, 0.38807255, 0.09890053, 0.33941829, 0.69550812)
(0.38456109, 0.69944936, 0.92094684, 0.16701822, 0.52635604, 0.87600517, 0.86750972, 0.68465823, 0.90213048, 0.49377331)
(0.29645777, 0.93482196, 0.41683137, 0.72205865, 0.32271421, 0.61791372, 0.54132581, 0.08843158, 0.47712883, 0.84576374)
(0.09973317, 0.55904996, 0.82694781, 0.36575875, 0.77556652, 0.81878901, 0.90304208, 0.82510042, 0.56278300, 0.34504244)
(0.20136273, 0.65353417, 0.66758162, 0.68406349, 0.58278191, 0.60861474, 0.77950352, 0.51099676, 0.36039484, 0.49955651)
(0.34088400, 0.53455704, 0.81459177, 0.64608097, 0.40335134, 0.62284148, 0.82158422, 0.60488385, 0.60601014, 0.45188734)
(0.26426741, 0.75622714, 0.59147358, 0.63525057, 0.47662628, 0.63330245, 0.69935137, 0.37173557, 0.48452437, 0.63647932)
(0.26890740, 0.57871217, 0.77256542, 0.76438189, 0.46648565, 0.55586743, 0.81523973, 0.52154964, 0.40453747, 0.44921058)
(0.12824373, 0.73937213, 0.83097559, 0.68140858, 0.48433742, 0.77384031, 0.89863580, 0.60571128, 0.55705857, 0.51173562)
(0.87324643, 0.50046778, 0.84518456, 0.56160176, 0.41374320, 0.31777269, 0.59753716, 0.23636761, 0.56997263, 0.35867563)
(0.13918269, 0.93433893, 0.26594037, 0.88854963, 0.65688688, 0.39060450, 0.52333724, 0.05857969, 0.06296057, 0.77789003)
(0.46416622, 0.50093436, 0.73766989, 0.86343157, 0.39965034, 0.27520266, 0.72620106, 0.28639928, 0.23109093, 0.44415972)
(0.44807795, 0.72006720, 0.61419529, 0.50456131, 0.40979698, 0.63096339, 0.61457115, 0.36128044, 0.65263999, 0.65519929)
(0.22377704, 0.81167710, 0.79556471, 0.62022436, 0.37570959, 0.77485949, 0.83497161, 0.44568959, 0.69619340, 0.64245814)
(0.32620096, 0.57981110, 0.67274755, 0.54286927, 0.50411916, 0.62181187, 0.72552407, 0.55659860, 0.55814058, 0.51422578)
(0.17871885, 0.75080192, 0.73246485, 0.43086317, 0.57525498, 0.79807580, 0.81533748, 0.58171052, 0.66309458, 0.57888329)
(0.44312623, 0.54023314, 0.83457583, 0.17725493, 0.63811380, 0.74800682, 0.76130956, 0.65962332, 0.77938342, 0.42418987)
(0.27408600, 0.91197473, 0.25611681, 0.55717295, 0.63011038, 0.58363599, 0.40179721, 0.09998214, 0.28917676, 0.79608631)
(0.45685405, 0.60716522, 0.42062557, 0.35084739, 0.70342720, 0.51967633, 0.46580037, 0.37669864, 0.39555979, 0.53560245)
(0.28421742, 0.64688891, 0.46243006, 0.59654403, 0.63771421, 0.51489592, 0.59855556, 0.39898583, 0.31395364, 0.55768341)
(0.30845818, 0.61746943, 0.52142453, 0.49551973, 0.60461789, 0.59006554, 0.62801719, 0.48112258, 0.45813087, 0.54985130)
(0.11769765, 0.77088648, 0.48746333, 0.42040670, 0.79393697, 0.72665358, 0.71416825, 0.48806059, 0.35742670, 0.56198156)
(0.59508705, 0.55100447, 0.83229268, 0.86009520, 0.22132787, 0.37006304, 0.74803680, 0.31493735, 0.48369232, 0.50801563)
(0.35096163, 0.69092155, 0.86197561, 0.64795727, 0.28287914, 0.71482092, 0.85022932, 0.50778723, 0.74708778, 0.55796635)
(0.27310804, 0.57167572, 0.74752039, 0.49931407, 0.52972591, 0.68926686, 0.79366153, 0.64534873, 0.61026859, 0.47804534)
(0.51223636, 0.56122798, 0.92761934, 0.78753626, 0.18640336, 0.59465289, 0.87668234, 0.50464404, 0.73262322, 0.45396429)
(0.27212626, 0.50428146, 0.82400060, 0.80699450, 0.45729306, 0.52056879, 0.85129303, 0.56526089, 0.37253413, 0.37706572)
(0.40937319, 0.68533975, 0.70129961, 0.76686227, 0.32013440, 0.52169710, 0.70983136, 0.34263864, 0.50566202, 0.60396987)
(0.40445921, 0.31364107, 0.93747479, 0.65007895, 0.35684964, 0.62292337, 0.91721338, 0.75500256, 0.67613006, 0.25528386)
(0.21428110, 0.80278200, 0.42589411, 0.66350949, 0.60717201, 0.56819600, 0.61332357, 0.27338958, 0.29321778, 0.66505444)
(0.46886861, 0.50612164, 0.91848773, 0.66006535, 0.26445365, 0.64583981, 0.87524134, 0.61475700, 0.75957996, 0.42059132)
(0.07642424, 0.85485238, 0.43941310, 0.85148388, 0.78346765, 0.48529312, 0.73352385, 0.22148879, 0.06810800, 0.58790690)
(0.76658529, 0.59191668, 0.86617589, 0.72143996, 0.22150639, 0.47892660, 0.69572669, 0.35768563, 0.73683184, 0.49914274)
(0.46708867, 0.40076941, 0.63531226, 0.63562983, 0.57571715, 0.35384536, 0.64210969, 0.43950805, 0.30830014, 0.39180765)
(0.44894013, 0.84110260, 0.31745309, 0.48454422, 0.54382682, 0.54884875, 0.37684172, 0.13843751, 0.40792066, 0.75087547)
(0.60760009, 0.52583712, 0.85604286, 0.71807915, 0.26921684, 0.51072377, 0.76166767, 0.45571017, 0.66463459, 0.46842468)
(0.43864530, 0.61337686, 0.77198213, 0.55469906, 0.36558646, 0.64206564, 0.74759811, 0.50487131, 0.69783276, 0.54667485)
(0.28605631, 0.61767840, 0.60577983, 0.55717909, 0.56330699, 0.60786998, 0.69717550, 0.51161665, 0.47123411, 0.53067589)
(0.23175061, 0.95343077, 0.28366932, 0.81424451, 0.40823883, 0.52929300, 0.47484758, 0.04880071, 0.24120216, 0.86498576)
(0.34486860, 0.26250458, 0.94395894, 0.81166273, 0.38817781, 0.50426841, 0.93272823, 0.73735899, 0.46857825, 0.19105485)
(0.51956159, 0.65956986, 0.84062552, 0.32405341, 0.42725599, 0.74808794, 0.75266343, 0.53114921, 0.82570940, 0.53983551)
(0.07103807, 0.77924120, 0.68474114, 0.77270150, 0.71699697, 0.67276728, 0.86512578, 0.49023235, 0.19532256, 0.49234775)
(0.43817225, 0.62598467, 0.76827180, 0.55201864, 0.36611331, 0.64648765, 0.74304301, 0.49484730, 0.70056665, 0.55577970)
(0.61352086, 0.70838970, 0.48626918, 0.57941526, 0.44896439, 0.44441232, 0.43300325, 0.22012404, 0.44948307, 0.64494103)
(0.34511772, 0.63924944, 0.77890217, 0.60908622, 0.37923732, 0.66065860, 0.79117721, 0.51794422, 0.65191299, 0.53975844)
(0.41895694, 0.37844133, 0.88095874, 0.50276333, 0.43848613, 0.63853240, 0.85700494, 0.70921594, 0.68131137, 0.32876360)
(0.39944634, 0.45906061, 0.82776350, 0.36014777, 0.53181607, 0.68259859, 0.80044168, 0.68495965, 0.70597011, 0.39718428)
(0.62934744, 0.29200405, 0.92489284, 0.74644905, 0.28748128, 0.43513906, 0.84842592, 0.58467364, 0.62588924, 0.28107113)
(0.47286296, 0.19732186, 0.87290996, 0.71675414, 0.60144746, 0.30732363, 0.83538228, 0.60436738, 0.26125607, 0.16240616)
(0.14242251, 0.79762626, 0.54094821, 0.55509537, 0.65928948, 0.71056026, 0.73455924, 0.42395321, 0.40234718, 0.61982131)
(0.63069242, 0.54733253, 0.68506193, 0.77683085, 0.53579438, 0.17693356, 0.57740211, 0.11792351, 0.13307178, 0.47234982)
(0.33111683, 0.67000818, 0.63437784, 0.59728587, 0.45500684, 0.61394554, 0.69646990, 0.44231632, 0.54507744, 0.58630270)
(0.11931997, 0.76315975, 0.80842674, 0.31372920, 0.67199868, 0.86955220, 0.87970591, 0.69775480, 0.72356731, 0.52753544)
(0.34602568, 0.82788432, 0.77333397, 0.70470542, 0.24223287, 0.69931757, 0.78062701, 0.30083808, 0.71383315, 0.70327795)
(0.39164206, 0.73067373, 0.90564352, 0.71673602, 0.19534877, 0.72522724, 0.87743008, 0.45565033, 0.79793751, 0.58011860)
(0.36809272, 0.49571106, 0.50641429, 0.67210931, 0.80196834, 0.25666013, 0.55401635, 0.30506307, 0.08732738, 0.37023011)
(0.63460368, 0.26979917, 0.94042099, 0.56436682, 0.33231816, 0.54937631, 0.86940759, 0.68390560, 0.73249924, 0.24716191)
(0.15328072, 0.91005433, 0.32556263, 0.67751104, 0.65821254, 0.60660219, 0.56466901, 0.14995195, 0.22768523, 0.76535857)
(0.44666249, 0.83768475, 0.62884510, 0.75416327, 0.22490555, 0.56438279, 0.63483471, 0.17742935, 0.60722387, 0.75264585)
(0.64316756, 0.49952170, 0.75775522, 0.70382571, 0.34350720, 0.41208020, 0.65481341, 0.38728267, 0.55504960, 0.47438666)
(0.27501419, 0.30125237, 0.93131244, 0.60332972, 0.51185971, 0.65485948, 0.92992854, 0.81347185, 0.56997281, 0.21519130)
(0.46174407, 0.79137856, 0.56843901, 0.62277442, 0.31647673, 0.57998651, 0.57974505, 0.23308158, 0.61361098, 0.72322088)
(0.09894429, 0.80149961, 0.37096331, 0.52542228, 0.84953004, 0.63686430, 0.65219575, 0.36316511, 0.17586903, 0.57121575)
(0.21311305, 0.92416042, 0.59412462, 0.88680118, 0.29225671, 0.57755119, 0.72344220, 0.11894521, 0.33941028, 0.79459518)
(0.45407212, 0.60718751, 0.76549304, 0.73944378, 0.30860671, 0.52690494, 0.74353141, 0.41306120, 0.56335735, 0.54206908)
(0.42080706, 0.82294470, 0.51911348, 0.38860333, 0.51200986, 0.68664092, 0.53118044, 0.27607349, 0.63891202, 0.72789389)
(0.12735580, 0.79918951, 0.65438730, 0.78148091, 0.57353216, 0.63859642, 0.81512880, 0.38285196, 0.27845865, 0.58022696)
(0.11785018, 0.78490001, 0.57236129, 0.59723061, 0.68587524, 0.70634675, 0.77391738, 0.45706904, 0.34182528, 0.58085716)
(0.59530419, 0.49488387, 0.52832472, 0.51940590, 0.74572390, 0.22121824, 0.46909079, 0.19020595, 0.12053361, 0.43641612)
(0.22277656, 0.85968590, 0.31761009, 0.60057324, 0.65786093, 0.56918645, 0.50453711, 0.18544659, 0.26827079, 0.72928876)
(0.14231120, 0.87081856, 0.69193786, 0.79457921, 0.43210530, 0.69555020, 0.82209766, 0.30109206, 0.40856844, 0.68057585)
(0.58699018, 0.86552048, 0.80580276, 0.89101541, 0.09360182, 0.51258779, 0.71623212, 0.12073700, 0.67121392, 0.78379071)
(0.35364908, 0.78613186, 0.35872933, 0.43646628, 0.70153546, 0.55510724, 0.44455203, 0.23813775, 0.33979049, 0.66462255)
(0.53423589, 0.54876661, 0.83256125, 0.76955199, 0.27094057, 0.48864347, 0.76803553, 0.42773068, 0.58201790, 0.49202207)
(0.47271791, 0.48088863, 0.87898505, 0.36735010, 0.43806228, 0.70806044, 0.82434338, 0.67538726, 0.79524916, 0.41235930)
(0.60769981, 0.64492190, 0.47246486, 0.50179255, 0.53741449, 0.42477673, 0.43295676, 0.25183794, 0.39867643, 0.59187967)
(0.24870206, 0.53842062, 0.67697281, 0.74115950, 0.59824133, 0.49199054, 0.76560420, 0.51872009, 0.27448532, 0.41986158)
(0.20217153, 0.66014743, 0.79947543, 0.87303072, 0.44651926, 0.52658904, 0.85718185, 0.43917984, 0.28181046, 0.46560687)
(0.32071736, 0.88418752, 0.79430813, 0.93749040, 0.15639891, 0.51948553, 0.80826235, 0.14251600, 0.42695200, 0.74236685)
(0.63944978, 0.60948497, 0.70156348, 0.76129228, 0.36505455, 0.32965693, 0.60179150, 0.22104093, 0.38352999, 0.54753470)
(0.21749811, 0.84578168, 0.70787722, 0.56157368, 0.40664536, 0.77732295, 0.78347141, 0.37358782, 0.68367964, 0.69564182)
(0.17752855, 0.76882577, 0.75743657, 0.65359980, 0.45958850, 0.74039513, 0.83862573, 0.49279195, 0.56883752, 0.58564490)
(0.45100343, 0.65675354, 0.62302446, 0.34362867, 0.54621714, 0.66062135, 0.60956907, 0.45442337, 0.66068584, 0.58507079)
(0.22827190, 0.61439198, 0.65760410, 0.56001663, 0.58872628, 0.65087181, 0.75843745, 0.57919300, 0.47039792, 0.49924263)
(0.64374036, 0.33642185, 0.85909051, 0.32575509, 0.51741016, 0.55375689, 0.73811901, 0.61960638, 0.69164652, 0.30509102)
(0.26848766, 0.93192858, 0.32204577, 0.79929000, 0.40010196, 0.51285470, 0.48903596, 0.06808493, 0.27064130, 0.83693880)
(0.48430499, 0.46282414, 0.62849998, 0.69708121, 0.59649801, 0.28730276, 0.61745137, 0.31066847, 0.20721212, 0.41760337)
(0.14721934, 0.69682282, 0.80431890, 0.29519340, 0.69084126, 0.84323847, 0.86470526, 0.72295076, 0.70530009, 0.48007831)
(0.20519167, 0.87419999, 0.60231119, 0.56152785, 0.44695133, 0.75514364, 0.72228169, 0.29454991, 0.61422235, 0.73593503)
(0.44928613, 0.82463998, 0.73821998, 0.84871411, 0.17908819, 0.53642744, 0.71804875, 0.19113721, 0.57670760, 0.72828335)
(0.12951711, 0.51661032, 0.94639736, 0.61705971, 0.49868584, 0.81313169, 0.95774621, 0.84722239, 0.68079871, 0.30382279)
(0.31765044, 0.59311908, 0.71556336, 0.53830796, 0.48181814, 0.65172839, 0.75765598, 0.57121766, 0.60054952, 0.51390105)
(0.65806282, 0.63327456, 0.53298426, 0.58567947, 0.61299920, 0.24949127, 0.44107106, 0.13358410, 0.18353607, 0.55439305)
(0.21705343, 0.97056961, 0.59547186, 0.71333915, 0.22442038, 0.78675580, 0.70056516, 0.08178207, 0.68957311, 0.88995999)
(0.51047111, 0.60043007, 0.59903044, 0.71152264, 0.41068646, 0.41449967, 0.58395052, 0.32788104, 0.41033340, 0.57195157)
(0.15588084, 0.61458623, 0.70698011, 0.78401870, 0.66810656, 0.52599055, 0.81913841, 0.51051366, 0.20146994, 0.40801436)
(0.18446146, 0.62479270, 0.80508548, 0.75841922, 0.50180930, 0.64068699, 0.86634409, 0.57758647, 0.41271707, 0.43944797)
(0.40128437, 0.73718250, 0.78596330, 0.79436237, 0.24038465, 0.58206779, 0.77598929, 0.33374843, 0.60261601, 0.62792641)
(0.46784779, 0.65145129, 0.73677289, 0.74638087, 0.28428710, 0.52117819, 0.71750420, 0.35729957, 0.56646544, 0.58890402)
(0.49851242, 0.36371866, 0.73819077, 0.69795424, 0.48109868, 0.36951882, 0.70548683, 0.49258927, 0.38300946, 0.36695692)
(0.55375260, 0.60992390, 0.74553519, 0.76881379, 0.27934074, 0.45341611, 0.68366694, 0.34081328, 0.53691185, 0.56735277)
(0.74003363, 0.65604585, 0.72545075, 0.30820799, 0.44066805, 0.61873204, 0.53832287, 0.36577776, 0.77281886, 0.55105323)
(0.64323354, 0.61261052, 0.75434363, 0.56152642, 0.33466405, 0.55763012, 0.63628286, 0.40238741, 0.71275383, 0.54962850)
(0.23598683, 0.79320681, 0.58808714, 0.76701766, 0.45950770, 0.57077312, 0.71488690, 0.29412490, 0.35258767, 0.64688790)
(0.31795493, 0.71663582, 0.39801851, 0.72349179, 0.59708703, 0.40728813, 0.52718830, 0.23847450, 0.21113998, 0.61631948)
(0.26887640, 0.48713151, 0.46643355, 0.66003793, 0.87818652, 0.26947868, 0.57350022, 0.35219443, 0.06275205, 0.31078947)
(0.32549220, 0.72872126, 0.58419204, 0.62049359, 0.44615376, 0.60458732, 0.66071904, 0.36631182, 0.51722383, 0.63746333)
(0.28073508, 0.74871129, 0.68799955, 0.72403032, 0.39029801, 0.61990833, 0.75587100, 0.37544191, 0.50270331, 0.61889738)
(0.72904557, 0.34978202, 0.77726042, 0.37810817, 0.56536245, 0.42958906, 0.60873717, 0.51296276, 0.57212335, 0.30578801)
(0.22800025, 0.53515291, 0.91159230, 0.84292859, 0.35501745, 0.61538517, 0.91999650, 0.62926781, 0.49295655, 0.36230478)
(0.50323939, 0.78188896, 0.80835885, 0.76678306, 0.20507710, 0.59850538, 0.74244857, 0.27344665, 0.69142377, 0.67636484)
(0.51827949, 0.50500238, 0.83534551, 0.69550371, 0.29992577, 0.53602749, 0.77914768, 0.50339496, 0.64002800, 0.46286592)
(0.74968523, 0.69078028, 0.71077323, 0.67169040, 0.31338662, 0.43321121, 0.52832901, 0.23498112, 0.60293984, 0.59687424)
(0.24296878, 0.73280627, 0.74264860, 0.42860907, 0.50717878, 0.77969223, 0.79330474, 0.55490226, 0.70917720, 0.59203243)
(0.36748651, 0.51532483, 0.94827121, 0.76752079, 0.22868493, 0.66927499, 0.92821670, 0.65492284, 0.73982370, 0.38134661)
(0.39833444, 0.54351711, 0.55692291, 0.60097557, 0.52879357, 0.49124709, 0.61501575, 0.45965740, 0.42118505, 0.51919055)
(0.69171870, 0.26104680, 0.84118831, 0.46919376, 0.53219396, 0.39792487, 0.70824480, 0.55672282, 0.53012556, 0.24622604)
(0.34779540, 0.48862702, 0.91403848, 0.58589780, 0.34962782, 0.71008289, 0.89838558, 0.71170366, 0.75270611, 0.38707668)
(0.33275008, 0.48214453, 0.90768200, 0.89886826, 0.28962520, 0.45976311, 0.89819360, 0.50366330, 0.40569699, 0.35618946)
(0.38406104, 0.56684810, 0.72145981, 0.23282719, 0.66825271, 0.70239735, 0.70132446, 0.60849220, 0.67353928, 0.46509305)
(0.21228315, 0.92987967, 0.35917211, 0.88382506, 0.43870324, 0.44816637, 0.55757052, 0.06948312, 0.15989682, 0.81202251)
(0.15374877, 0.74513167, 0.54274559, 0.84204865, 0.66573620, 0.44971067, 0.73031038, 0.30539936, 0.12593506, 0.53546757)
(0.85898244, 0.40135825, 0.92302328, 0.70536488, 0.26810992, 0.35842669, 0.72850776, 0.37576076, 0.71320832, 0.31517309)
(0.11314597, 0.55387658, 0.48551670, 0.70337975, 0.90606588, 0.37667817, 0.70799500, 0.45539570, 0.05093972, 0.30900428)
(0.31150600, 0.62466335, 0.88398570, 0.71445656, 0.31434870, 0.67950535, 0.87795162, 0.57483339, 0.66953236, 0.47864988)
(0.44527799, 0.91403228, 0.80098855, 0.65479326, 0.14376885, 0.76446342, 0.75832075, 0.16726083, 0.85083908, 0.81390882)
(0.21704343, 0.89677161, 0.38218814, 0.67427534, 0.56054693, 0.59525847, 0.55875194, 0.15518557, 0.31045333, 0.76917285)
(0.36518225, 0.44791034, 0.77770919, 0.69258350, 0.45718113, 0.52521014, 0.78843307, 0.59241378, 0.48119479, 0.39848319)
(0.22674884, 0.67508823, 0.63092130, 0.61219668, 0.56473219, 0.63479626, 0.74427670, 0.49284384, 0.43465784, 0.54282814)
(0.05279737, 0.94587141, 0.28947648, 0.83788079, 0.80257666, 0.56249017, 0.66694611, 0.10628822, 0.06109580, 0.74219930)
(0.66343135, 0.67824316, 0.54267740, 0.34530467, 0.49233747, 0.56275409, 0.44780973, 0.30456692, 0.63430667, 0.61069381)
(0.61847752, 0.73330045, 0.35619956, 0.41290709, 0.58735031, 0.45769379, 0.33548772, 0.17246592, 0.37606701, 0.65434140)
(0.21282150, 0.73347586, 0.53980368, 0.44000968, 0.66063517, 0.69711977, 0.68121797, 0.46877152, 0.49217245, 0.59201580)
(0.10366952, 0.74335283, 0.71875298, 0.57820821, 0.65429187, 0.77066994, 0.85563684, 0.60387981, 0.44944093, 0.51578230)
(0.11664303, 0.98572832, 0.33792111, 0.75585014, 0.39647469, 0.75112122, 0.59714615, 0.04000285, 0.39136416, 0.91946030)
(0.41215017, 0.37528914, 0.53595984, 0.49668440, 0.81986016, 0.30200800, 0.55835068, 0.41574013, 0.15612996, 0.29563195)
(0.32862791, 0.61619478, 0.49630460, 0.35516718, 0.69626343, 0.61769187, 0.58724540, 0.49119848, 0.47927591, 0.53234690)
(0.50683236, 0.50383884, 0.82658064, 0.49585176, 0.37728685, 0.62892944, 0.77010649, 0.57992846, 0.73424691, 0.46337569)
(0.70584148, 0.81363958, 0.49715185, 0.57061023, 0.34270510, 0.48934242, 0.38098001, 0.14033724, 0.57188332, 0.72641915)
(0.09682770, 0.74700397, 0.46988690, 0.59046859, 0.82558268, 0.62651891, 0.72433966, 0.45084149, 0.18145496, 0.51318175)
(0.21888147, 0.86321771, 0.83260083, 0.84836102, 0.23088928, 0.70544839, 0.86681867, 0.30136931, 0.59642476, 0.68871659)
(0.50041997, 0.76483560, 0.50931102, 0.48219010, 0.43021750, 0.59800094, 0.50211596, 0.26436931, 0.60621536, 0.70556664)
(0.51894236, 0.47765943, 0.70215738, 0.66619438, 0.41381645, 0.44370127, 0.66355342, 0.45287880, 0.48997825, 0.47500676)
(0.59969497, 0.35691947, 0.87946260, 0.81837225, 0.30853575, 0.34462869, 0.79338437, 0.45760095, 0.45907131, 0.34625176)
(0.33042634, 0.74529564, 0.40380633, 0.57609433, 0.57636958, 0.53355330, 0.52095491, 0.28495392, 0.37037084, 0.66085672)
(0.23728690, 0.69134867, 0.80882603, 0.39419574, 0.51193434, 0.80189824, 0.83683783, 0.64103192, 0.75078589, 0.54169667)
(0.48726863, 0.67449158, 0.75407124, 0.31334510, 0.47374156, 0.72404468, 0.69164175, 0.48767075, 0.77644372, 0.58131504)
(0.20503958, 0.63877016, 0.72984976, 0.31593817, 0.68906862, 0.77324408, 0.79951507, 0.67241842, 0.63603026, 0.47588804)
(0.19125472, 0.92363620, 0.42450115, 0.64208710, 0.47891423, 0.68874729, 0.61326271, 0.15182984, 0.44310889, 0.80477250)
(0.47398612, 0.67106020, 0.91032010, 0.68358076, 0.19816373, 0.69586164, 0.86208022, 0.48186508, 0.81107014, 0.54563373)
(0.54330301, 0.52794778, 0.90661073, 0.65496671, 0.23581111, 0.62228429, 0.84339523, 0.55111164, 0.77721870, 0.45845225)
(0.44926625, 0.64648175, 0.54605585, 0.39162967, 0.61977053, 0.58203405, 0.54422379, 0.40580046, 0.51902038, 0.56345701)
(0.29555789, 0.62139809, 0.90631413, 0.41300389, 0.42440432, 0.80955458, 0.89111733, 0.70962524, 0.82272726, 0.46375021)
(0.49488270, 0.76205271, 0.76738214, 0.25468391, 0.47585896, 0.77922088, 0.68624884, 0.42671385, 0.82280380, 0.63471395)
(0.65475053, 0.86833793, 0.44909683, 0.79617333, 0.36049911, 0.29009691, 0.36443403, 0.04501438, 0.21858822, 0.77840489)
(0.31890601, 0.77586490, 0.53798944, 0.93240434, 0.47332585, 0.21607551, 0.61958879, 0.09993204, 0.06833015, 0.62224901)
(0.24364600, 0.75293791, 0.80202490, 0.26866141, 0.59481615, 0.84201598, 0.81766111, 0.61044931, 0.78520626, 0.56607795)
(0.40099376, 0.69909662, 0.32516173, 0.51930308, 0.71400607, 0.43436891, 0.41148156, 0.24437933, 0.23341712, 0.60954380)
(0.42801869, 0.73871112, 0.48842388, 0.35255313, 0.60554916, 0.63336158, 0.50901496, 0.33903113, 0.56193876, 0.64878887)
(0.46052897, 0.68322712, 0.71139222, 0.42569712, 0.42082405, 0.68912810, 0.67982280, 0.45328566, 0.73565823, 0.60809141)
(0.35693854, 0.89804578, 0.29125938, 0.73729759, 0.46286440, 0.46183524, 0.40071857, 0.07914092, 0.26461905, 0.80780524)
(0.41121346, 0.75498444, 0.36823091, 0.61755157, 0.50064600, 0.48005068, 0.45157447, 0.21101043, 0.37071675, 0.69738531)
(0.40219459, 0.92343396, 0.61896664, 0.87629712, 0.15516070, 0.53815311, 0.64180791, 0.08185410, 0.52491993, 0.83531833)
(0.78175116, 0.67982775, 0.60749859, 0.50479251, 0.55145735, 0.30165192, 0.42752585, 0.13530689, 0.32295531, 0.53846967)
(0.43925309, 0.86258608, 0.46756062, 0.72018242, 0.28096914, 0.53057134, 0.51595646, 0.12798211, 0.51065671, 0.78734851)
(0.80470866, 0.71098721, 0.86566198, 0.89088178, 0.17220387, 0.28218511, 0.67929196, 0.12258270, 0.48952132, 0.57312536)
(0.27298823, 0.63347971, 0.58446229, 0.67340469, 0.57005399, 0.53370887, 0.69132411, 0.44145498, 0.34147134, 0.52888173)
(0.68381202, 0.49001443, 0.88117176, 0.71805310, 0.25151125, 0.48952007, 0.76057440, 0.45988351, 0.70854348, 0.43193775)
(0.39352605, 0.81767356, 0.55759895, 0.50317615, 0.41118166, 0.66844195, 0.59055662, 0.27271044, 0.64366889, 0.72921348)
(0.44820738, 0.77792913, 0.57052135, 0.66209871, 0.31360739, 0.55706084, 0.59192353, 0.23834902, 0.58081609, 0.70913512)
(0.23106806, 0.70644313, 0.33552736, 0.80424327, 0.79887092, 0.27130875, 0.49142414, 0.18738760, 0.05198122, 0.52463359)
(0.19161694, 0.40449178, 0.68178165, 0.79915446, 0.76315427, 0.34025204, 0.79289335, 0.53940123, 0.10696114, 0.26668018)
(0.19215968, 0.65128714, 0.65898305, 0.56589770, 0.61408073, 0.67407161, 0.77595001, 0.57160139, 0.44938418, 0.50636214)
(0.75388312, 0.48466551, 0.91131264, 0.56224322, 0.27001584, 0.56697184, 0.76802570, 0.51325619, 0.81815070, 0.39573511)
(0.08556500, 0.68421537, 0.71945739, 0.59864426, 0.73732847, 0.74393868, 0.86674035, 0.66578609, 0.34484524, 0.43802977)
(0.46408704, 0.51115113, 0.92903149, 0.32062933, 0.41163099, 0.77929270, 0.87511098, 0.72106922, 0.86573863, 0.39944047)
(0.48398700, 0.51121992, 0.94043660, 0.52965176, 0.26817548, 0.72646731, 0.89439893, 0.67273533, 0.85096562, 0.41499230)
(0.74366909, 0.23036829, 0.89960057, 0.69051814, 0.44445840, 0.27759367, 0.76840049, 0.46005294, 0.46071488, 0.21238238)
(0.77746558, 0.75992620, 0.54794264, 0.55662173, 0.51645255, 0.29847234, 0.37745908, 0.08928863, 0.28698474, 0.61702597)
(0.13747127, 0.66524589, 0.74042779, 0.65252537, 0.63172168, 0.69231582, 0.84598935, 0.60829902, 0.39112356, 0.46000475)
(0.70159370, 0.57306999, 0.85130429, 0.83124167, 0.20442653, 0.39397353, 0.71642631, 0.31414336, 0.60059106, 0.51086718)
(0.22037269, 0.84775800, 0.80547160, 0.82170767, 0.26599842, 0.69853342, 0.85143024, 0.31823117, 0.57796407, 0.67583853)
(0.33696944, 0.79070514, 0.30239972, 0.59035534, 0.64839894, 0.47621548, 0.42102119, 0.18679792, 0.25894654, 0.69245130)
(0.41265726, 0.74246699, 0.46262091, 0.52522755, 0.47056428, 0.57197064, 0.52422214, 0.28734276, 0.52234656, 0.68191028)
(0.37804663, 0.65565109, 0.74921513, 0.74351376, 0.33067262, 0.56483972, 0.75916326, 0.41242585, 0.54709929, 0.56357515)
(0.28882581, 0.79745197, 0.29333079, 0.37713253, 0.83888632, 0.54386771, 0.42413142, 0.21722542, 0.20305771, 0.60343194)
(0.48613054, 0.52047253, 0.73694265, 0.28203234, 0.57730478, 0.64972001, 0.67674184, 0.57924908, 0.69454491, 0.46773154)
(0.77762371, 0.44883320, 0.93464333, 0.58717811, 0.24365854, 0.56105113, 0.79841805, 0.54020619, 0.83756685, 0.36112335)
(0.17813009, 0.89290255, 0.34775186, 0.55195343, 0.65218747, 0.66466057, 0.55749285, 0.19856279, 0.34142858, 0.75830472)
(0.39103082, 0.60188162, 0.75484085, 0.81921887, 0.34632856, 0.46743628, 0.76112276, 0.38999858, 0.41539344, 0.51549894)
(0.15414356, 0.81992531, 0.61873257, 0.73312706, 0.52940983, 0.66111732, 0.78003013, 0.34924093, 0.36068410, 0.63336754)
(0.73475975, 0.54344910, 0.81133258, 0.75737649, 0.28982976, 0.36830530, 0.66225690, 0.29448369, 0.57128525, 0.47612530)
(0.76287383, 0.69591606, 0.83290720, 0.84024811, 0.19801566, 0.37568423, 0.64217305, 0.20070447, 0.57183498, 0.58799171)
(0.15980946, 0.56239396, 0.68886125, 0.32630736, 0.78889829, 0.73897660, 0.79907256, 0.72297823, 0.50090581, 0.40492415)
(0.30330244, 0.81068105, 0.36498168, 0.62378407, 0.55729800, 0.53433353, 0.50575036, 0.21159360, 0.33448026, 0.71157998)
(0.06224658, 0.88720065, 0.45588958, 0.55639780, 0.80122143, 0.75885797, 0.75776160, 0.35308108, 0.25480658, 0.65227818)
(0.21032856, 0.82669759, 0.36665374, 0.57268721, 0.66258657, 0.59768403, 0.56021780, 0.25145614, 0.30469403, 0.68985116)
(0.18877207, 0.91431808, 0.33540919, 0.63144511, 0.58745897, 0.63638192, 0.54336333, 0.14550154, 0.32200870, 0.79276741)
(0.30218053, 0.82847071, 0.40717405, 0.68596745, 0.49003595, 0.53072089, 0.54508686, 0.19526902, 0.34681502, 0.72378176)
(0.41593546, 0.53706837, 0.78803593, 0.81166226, 0.40967646, 0.42360485, 0.76874512, 0.42734060, 0.36239532, 0.43674278)
(0.07781547, 0.84391767, 0.71991527, 0.73298812, 0.60809731, 0.75857902, 0.87459439, 0.45372993, 0.34979168, 0.58642751)
(0.17105089, 0.79595649, 0.42509127, 0.40437359, 0.75187659, 0.69735622, 0.62607586, 0.38622186, 0.39061984, 0.62652528)
(0.82109857, 0.75792056, 0.75325835, 0.61204374, 0.27804926, 0.47648236, 0.49231642, 0.19502814, 0.69956625, 0.63081735)
(0.56039786, 0.49354380, 0.73366076, 0.80558097, 0.40278852, 0.27737576, 0.67432231, 0.25821611, 0.27880397, 0.46349603)
(0.59512293, 0.60817987, 0.67983174, 0.73360211, 0.33873758, 0.41180408, 0.60745454, 0.30657491, 0.48554009, 0.56817001)
(0.43604511, 0.94134969, 0.47145754, 0.85030943, 0.17626387, 0.51041043, 0.50891614, 0.05105279, 0.47320205, 0.87083328)
(0.31950301, 0.70199454, 0.70749938, 0.65330178, 0.38917911, 0.63867247, 0.75093079, 0.43278280, 0.58373755, 0.59510684)
(0.27049986, 0.73552591, 0.52009720, 0.41258040, 0.62962091, 0.68400395, 0.63040543, 0.43295684, 0.53246981, 0.61905956)
(0.46921074, 0.54398042, 0.73868883, 0.48256996, 0.43502966, 0.61391050, 0.70731133, 0.54474109, 0.67467719, 0.50878066)
(0.07872496, 0.87192428, 0.45956686, 0.73108250, 0.73921555, 0.65053928, 0.74765044, 0.28858113, 0.17306599, 0.64536136)
(0.23201646, 0.78911233, 0.45774102, 0.38588968, 0.69011861, 0.69748759, 0.60201907, 0.37935716, 0.48044500, 0.64816606)
(0.67358530, 0.52036542, 0.82361346, 0.29660624, 0.45621422, 0.64681655, 0.67648643, 0.52179265, 0.79720962, 0.44730958)
(0.22719684, 0.79953802, 0.52344662, 0.55782247, 0.55079323, 0.67156714, 0.66440970, 0.34798029, 0.48289809, 0.67029935)
(0.44132516, 0.61481220, 0.42615312, 0.44460216, 0.61558539, 0.51412690, 0.48450696, 0.37332407, 0.42445812, 0.57540286)
(0.37056074, 0.53672677, 0.67159593, 0.36077815, 0.60634488, 0.64321625, 0.68844455, 0.59844744, 0.60625273, 0.47993800)
(0.45940003, 0.74566573, 0.57189548, 0.42278153, 0.46430835, 0.65306425, 0.56848693, 0.34453085, 0.65813333, 0.67619449)
(0.07191616, 0.83363515, 0.50694561, 0.41525418, 0.82741499, 0.78858662, 0.76933831, 0.48869216, 0.34479138, 0.58216387)
(0.77566779, 0.38002944, 0.89342582, 0.50864506, 0.36749232, 0.49340439, 0.72333395, 0.54326379, 0.75638568, 0.32095903)
(0.23328130, 0.69435292, 0.50509781, 0.37319639, 0.71365535, 0.68184566, 0.64551806, 0.49262804, 0.47672924, 0.56144381)
(0.35215524, 0.55886942, 0.48415428, 0.72601199, 0.75009847, 0.25192958, 0.55463523, 0.24739304, 0.08581340, 0.43579575)
(0.41211939, 0.64643139, 0.70790881, 0.92733455, 0.34892717, 0.23590213, 0.72075015, 0.17061472, 0.14759515, 0.53783637)
(0.18314770, 0.40162015, 0.84984881, 0.78754056, 0.67585093, 0.49476010, 0.88845855, 0.67992127, 0.22268760, 0.23462036)
(0.13753627, 0.77712256, 0.81457603, 0.56766146, 0.49716988, 0.81547081, 0.88186252, 0.59346706, 0.65574437, 0.56670856)
(0.04319036, 0.90825874, 0.38429531, 0.68514824, 0.85095406, 0.69336033, 0.74994832, 0.26409328, 0.11510620, 0.65047663)
(0.21009269, 0.88571262, 0.56521052, 0.86467159, 0.37901354, 0.54579210, 0.71364695, 0.16307588, 0.28497201, 0.73733974)
(0.63695723, 0.66286379, 0.92651045, 0.12342336, 0.47762048, 0.83704489, 0.80129480, 0.58077133, 0.92401367, 0.49196953)
(0.47395602, 0.45882130, 0.51958317, 0.51798248, 0.70883363, 0.33106667, 0.53430003, 0.35426024, 0.21888293, 0.41637507)
(0.91483045, 0.45753896, 0.85372889, 0.49648014, 0.60619110, 0.18051134, 0.54318917, 0.12976320, 0.28630745, 0.27541447)
(0.22595960, 0.53716052, 0.85380208, 0.77358323, 0.44705606, 0.61297411, 0.88222575, 0.62831366, 0.45983449, 0.38788804)
(0.25023016, 0.66924012, 0.66044807, 0.58192807, 0.52397996, 0.65819252, 0.75006759, 0.51034164, 0.51505071, 0.55023402)
(0.67764860, 0.73619020, 0.63301313, 0.81135947, 0.45546901, 0.17845070, 0.49705803, 0.05795048, 0.13223900, 0.61909467)
(0.38870341, 0.40756691, 0.80689603, 0.80400234, 0.46072555, 0.39288372, 0.80068028, 0.51559305, 0.32966989, 0.34455630)
(0.38134181, 0.36526158, 0.56567395, 0.50747675, 0.77828026, 0.36246508, 0.61077583, 0.48120323, 0.22597866, 0.30398694)
(0.17490101, 0.97414875, 0.20913510, 0.72005761, 0.53805763, 0.62625575, 0.41321105, 0.03782173, 0.23755589, 0.89843380)
(0.36320710, 0.75014961, 0.50946242, 0.57307875, 0.44815537, 0.58947682, 0.58709908, 0.30821034, 0.52670342, 0.67385143)
(0.42967504, 0.87530881, 0.56678772, 0.52792233, 0.33071467, 0.68479872, 0.57409185, 0.19192280, 0.69250619, 0.78971618)
(0.36103556, 0.54200929, 0.63058305, 0.52290559, 0.52629632, 0.58486420, 0.68161559, 0.55393976, 0.53230327, 0.50511640)
(0.40683886, 0.57745165, 0.89470696, 0.56164348, 0.31063718, 0.71293753, 0.86264122, 0.62211972, 0.78803331, 0.47519669)
(0.45681271, 0.62076885, 0.88491112, 0.27410150, 0.44622830, 0.79599345, 0.82322437, 0.63603151, 0.85909331, 0.49544048)
(0.46249598, 0.63316286, 0.85869247, 0.81426692, 0.22306383, 0.54496986, 0.81802136, 0.40361744, 0.61402684, 0.53297806)
(0.37589943, 0.44181746, 0.55214930, 0.61907393, 0.67045259, 0.37167376, 0.61821520, 0.46199074, 0.23965080, 0.39795992)
(0.54388875, 0.77016902, 0.61906874, 0.45421216, 0.36588767, 0.64665192, 0.56272602, 0.29086423, 0.71915710, 0.70734215)
(0.37494045, 0.95102489, 0.71549416, 0.89104170, 0.09648401, 0.62659758, 0.72583294, 0.06635143, 0.66104937, 0.86617428)
(0.24267139, 0.97162330, 0.46085906, 0.69464868, 0.26594636, 0.73773140, 0.59077108, 0.06130491, 0.60774541, 0.90158641)
(0.08033117, 0.78476697, 0.65916181, 0.60264713, 0.72229761, 0.75940335, 0.84392595, 0.54680604, 0.34098789, 0.53112882)
(0.63468480, 0.63074213, 0.95330662, 0.24159101, 0.32012299, 0.83195060, 0.86191082, 0.61700940, 0.93610603, 0.46336398)
(0.68611169, 0.28506434, 0.86388040, 0.70582956, 0.41429287, 0.32027113, 0.74857128, 0.46567553, 0.47844726, 0.27681527)
(0.43191731, 0.77259070, 0.78224897, 0.37642649, 0.38020846, 0.78163236, 0.73961341, 0.43674269, 0.82492697, 0.65656066)
(0.69819504, 0.68944776, 0.51876974, 0.45365250, 0.46460393, 0.48400944, 0.41993549, 0.25319988, 0.55736709, 0.60084325)
(0.05653919, 0.92759305, 0.56804013, 0.69167650, 0.65654349, 0.79855424, 0.82838315, 0.29545552, 0.33021793, 0.72081935)
(0.37900513, 0.77144635, 0.61524373, 0.51138735, 0.42921734, 0.67192632, 0.64002353, 0.35064277, 0.64582640, 0.67875814)
(0.18678701, 0.75588238, 0.75949061, 0.78159481, 0.43778992, 0.65222424, 0.83811474, 0.43580180, 0.43129253, 0.56545913)
(0.50863099, 0.58582383, 0.58681118, 0.67479157, 0.42105398, 0.43387246, 0.57760108, 0.35292858, 0.43964806, 0.56945723)
(0.39623752, 0.34214899, 0.87514675, 0.63378882, 0.43476960, 0.56965578, 0.86228293, 0.69885325, 0.57133710, 0.29742154)
(0.37332916, 0.94195938, 0.31553450, 0.69358534, 0.32743275, 0.57660466, 0.41327566, 0.05479144, 0.43921137, 0.86768484)
(0.30545670, 0.65232474, 0.56302196, 0.58888900, 0.53936952, 0.57998210, 0.66085708, 0.44279829, 0.44792932, 0.56923753)
(0.34677526, 0.68124068, 0.44491193, 0.68600124, 0.62777495, 0.41605952, 0.53398645, 0.28305051, 0.22882105, 0.57280892)
(0.32105121, 0.68301076, 0.79032767, 0.73962098, 0.32664537, 0.62395078, 0.80945069, 0.44537875, 0.58298278, 0.55869281)
(0.41573337, 0.58525240, 0.72740543, 0.33074117, 0.54596627, 0.69040304, 0.70808023, 0.57574844, 0.70092309, 0.51161838)
(0.12366587, 0.75040632, 0.71266264, 0.65642995, 0.60712671, 0.72387326, 0.84189433, 0.53389323, 0.40858239, 0.53163022)
(0.27603403, 0.61481369, 0.86701554, 0.62497795, 0.37256518, 0.72102028, 0.87494719, 0.63448739, 0.69523966, 0.47732630)
(0.51186216, 0.68003672, 0.80411744, 0.71666032, 0.23149268, 0.58502334, 0.74956745, 0.36799598, 0.69432533, 0.60449821)
(0.76467180, 0.73359108, 0.87775338, 0.70875984, 0.15826975, 0.57334864, 0.70504391, 0.27986443, 0.82680339, 0.61541498)
(0.67202204, 0.60223711, 0.59484887, 0.48654172, 0.47275594, 0.47163424, 0.49802184, 0.34367552, 0.56377381, 0.53712106)
(0.27458176, 0.66179878, 0.51405007, 0.44797984, 0.64285392, 0.63472247, 0.63399184, 0.47914127, 0.47619808, 0.56585383)
(0.18612032, 0.66887331, 0.74644428, 0.69328666, 0.53348500, 0.66144753, 0.83025181, 0.54886717, 0.43491444, 0.49247405)
(0.43986878, 0.78135031, 0.58999544, 0.38937479, 0.47672352, 0.69341207, 0.58317190, 0.33550152, 0.68641275, 0.69196492)
(0.54375243, 0.39305747, 0.89811367, 0.83818591, 0.26288038, 0.40115345, 0.83644098, 0.47896877, 0.50993502, 0.36046731)
(0.22257183, 0.77478272, 0.72396564, 0.51465726, 0.47647873, 0.76775241, 0.79129392, 0.48935536, 0.66759288, 0.62291008)
(0.23674804, 0.60520518, 0.75480956, 0.55377829, 0.51861405, 0.69639719, 0.81368333, 0.63197184, 0.58224577, 0.48664469)
(0.16736992, 0.81499165, 0.58169961, 0.59551877, 0.56400633, 0.71327853, 0.74393862, 0.38680345, 0.46618867, 0.65202248)
(0.83597678, 0.79459453, 0.71885157, 0.12975092, 0.48558280, 0.70484018, 0.42846549, 0.23249394, 0.84588146, 0.64755863)
(0.17451985, 0.81495166, 0.43612736, 0.39896956, 0.74023896, 0.71242243, 0.62535435, 0.37236866, 0.41615799, 0.64620817)
(0.36570165, 0.89294648, 0.28334901, 0.59961545, 0.50915283, 0.54303712, 0.38540217, 0.09739834, 0.34980974, 0.80168551)
(0.15858087, 0.64326620, 0.50044805, 0.66455293, 0.77404785, 0.50550127, 0.69482672, 0.44971877, 0.16689049, 0.46502879)
(0.21997160, 0.60699654, 0.65521425, 0.55067402, 0.60628170, 0.65382195, 0.76061910, 0.59340370, 0.46212575, 0.49039748)
(0.29345241, 0.67671782, 0.94925636, 0.41420192, 0.32174039, 0.86293274, 0.93008298, 0.72419101, 0.89825475, 0.48491541)
(0.52442318, 0.54044569, 0.52710599, 0.54232252, 0.63198990, 0.38432631, 0.50696516, 0.34224221, 0.29979590, 0.48403743)
(0.26268005, 0.62853867, 0.72665244, 0.82134598, 0.46471822, 0.49782068, 0.79183018, 0.42363244, 0.30767289, 0.48812148)
(0.16435117, 0.74600482, 0.42806792, 0.39301026, 0.79504514, 0.67494935, 0.63524961, 0.43860635, 0.34206420, 0.56690925)
(0.18488435, 0.90754992, 0.29707050, 0.55757463, 0.67296410, 0.63993102, 0.50232506, 0.15573034, 0.29656142, 0.77877563)
(0.53010690, 0.47977802, 0.88373303, 0.92078060, 0.22668904, 0.30311307, 0.82532710, 0.32872692, 0.34975284, 0.41536325)
(0.39913175, 0.78358394, 0.58800781, 0.60973352, 0.34807912, 0.61341667, 0.62605530, 0.27483609, 0.61202163, 0.70155483)
(0.29762182, 0.78148657, 0.43957490, 0.58585483, 0.53364837, 0.58214831, 0.56990278, 0.28168595, 0.42114404, 0.68207753)
(0.17571031, 0.74199528, 0.72577077, 0.31734914, 0.66185594, 0.81738633, 0.80797350, 0.61688834, 0.67929643, 0.55386800)
(0.11542490, 0.85481900, 0.33039787, 0.78905219, 0.79994988, 0.45200968, 0.60208982, 0.17613365, 0.07449227, 0.62603188)
(0.13317336, 0.63765770, 0.85012656, 0.51721400, 0.57208371, 0.80633968, 0.90304947, 0.75363421, 0.63734037, 0.43904766)
(0.26173148, 0.52407634, 0.87784743, 0.43034366, 0.51440805, 0.76741832, 0.88172311, 0.75572282, 0.73566324, 0.39772427)
(0.49812007, 0.46792728, 0.50733972, 0.50075394, 0.72433013, 0.31321216, 0.50957239, 0.32145083, 0.19974819, 0.42528057)
(0.33589610, 0.64373952, 0.56587189, 0.42068890, 0.58689427, 0.64514297, 0.63687956, 0.49179670, 0.56319165, 0.56940132)
(0.45811325, 0.89034510, 0.68024504, 0.73530722, 0.17126907, 0.63802445, 0.66365635, 0.14078374, 0.71691620, 0.80230927)
(0.50537753, 0.77812111, 0.58443677, 0.50684923, 0.38549152, 0.62216544, 0.55226624, 0.27730179, 0.65724677, 0.70965177)
(0.82392257, 0.61696690, 0.59355205, 0.37528399, 0.75441051, 0.21603268, 0.36449420, 0.10433529, 0.15210724, 0.43355054)
(0.12253779, 0.79228061, 0.75125605, 0.70362753, 0.52810037, 0.74345648, 0.86258632, 0.49563965, 0.45381615, 0.56887925)
(0.42066732, 0.87506157, 0.77731711, 0.94491261, 0.12922896, 0.44642818, 0.75984561, 0.11377987, 0.41808808, 0.76046515)
(0.23399201, 0.79523891, 0.60081649, 0.46960750, 0.54010457, 0.73895198, 0.70433474, 0.41343778, 0.60543311, 0.66201621)
(0.48489982, 0.80516034, 0.48776808, 0.50771224, 0.40329447, 0.60338944, 0.49443331, 0.21765836, 0.60048348, 0.73732287)
(0.28972328, 0.59278572, 0.72349721, 0.84534270, 0.47312081, 0.43129280, 0.77784467, 0.40599918, 0.25917575, 0.46336311)
(0.24207312, 0.73372710, 0.61303121, 0.49170384, 0.55107957, 0.70698243, 0.71524233, 0.47003829, 0.57234114, 0.60972255)
(0.24916284, 0.79195952, 0.51223326, 0.11736856, 0.88262868, 0.78556520, 0.58597475, 0.43450251, 0.52712762, 0.54504496)
(0.38763008, 0.55955702, 0.78478032, 0.65009159, 0.37640223, 0.59532511, 0.78441060, 0.53600150, 0.60446376, 0.48895603)
(0.45845896, 0.64430422, 0.81465751, 0.18369983, 0.59783655, 0.77900428, 0.74068928, 0.58431047, 0.80497956, 0.50611097)
(0.33390036, 0.70558029, 0.52996945, 0.67680126, 0.48910895, 0.52205378, 0.62002176, 0.33390328, 0.39299360, 0.61966705)
(0.19493023, 0.48275924, 0.89964890, 0.49893335, 0.53210694, 0.77429312, 0.91778833, 0.80666947, 0.67979193, 0.33957818)
(0.51487291, 0.43965948, 0.76480877, 0.78483641, 0.38911533, 0.35832715, 0.71799892, 0.41856271, 0.38168025, 0.42190877)
(0.30003801, 0.42798242, 0.63393557, 0.79634702, 0.67340320, 0.29186019, 0.71384633, 0.43433854, 0.13346574, 0.33902824)
(0.21276182, 0.74482208, 0.41516504, 0.46956539, 0.71822733, 0.62653726, 0.59431416, 0.38372150, 0.35455236, 0.60625321)
(0.46270078, 0.55722040, 0.87340754, 0.75753647, 0.26038092, 0.56917435, 0.83230460, 0.49988499, 0.64820904, 0.46897864)
(0.25596032, 0.78744000, 0.63820070, 0.92432886, 0.39440909, 0.38378891, 0.73904419, 0.19191860, 0.16915841, 0.61920792)
(0.26179865, 0.78389788, 0.56830537, 0.48573008, 0.53221267, 0.70490193, 0.66900861, 0.38826710, 0.57925308, 0.66446853)
(0.34642029, 0.60633433, 0.87494683, 0.72143805, 0.29267603, 0.65204436, 0.86604297, 0.54923028, 0.66815925, 0.48144990)
(0.67050517, 0.46154383, 0.59821886, 0.48844209, 0.76574081, 0.18814196, 0.47971350, 0.16023557, 0.10452538, 0.37324831)
(0.31374252, 0.69736683, 0.62465352, 0.62716585, 0.45619041, 0.61013633, 0.69553506, 0.41657966, 0.51587158, 0.60259938)
(0.40073833, 0.53040701, 0.85685658, 0.27176085, 0.54333889, 0.75414866, 0.81225419, 0.69331765, 0.79119778, 0.43174168)
(0.19394112, 0.72008538, 0.65782398, 0.69532853, 0.56206417, 0.62189025, 0.77222127, 0.44749862, 0.37338772, 0.55085659)
(0.21572253, 0.60806131, 0.70162600, 0.60902488, 0.56835318, 0.65013963, 0.79262924, 0.59300160, 0.45923817, 0.47845128)
(0.48888189, 0.55488378, 0.93177301, 0.80395901, 0.20399767, 0.58456570, 0.88454562, 0.51597172, 0.69701177, 0.42944303)
(0.08829633, 0.74831492, 0.60406262, 0.57119060, 0.77718073, 0.71831590, 0.80714798, 0.54963368, 0.28625035, 0.50201315)
(0.20855543, 0.82038778, 0.43795410, 0.87777621, 0.56493479, 0.37765259, 0.62613583, 0.15769306, 0.11677068, 0.65030301)
(0.59033036, 0.76298845, 0.49866569, 0.37957728, 0.45890072, 0.59704930, 0.44437486, 0.23435441, 0.62816244, 0.69727111)
(0.42807454, 0.45418376, 0.91869152, 0.94007111, 0.24759702, 0.31868219, 0.88699067, 0.39119855, 0.30180013, 0.34517744)
(0.60629779, 0.39244393, 0.88595003, 0.83554518, 0.25935537, 0.36343110, 0.80145109, 0.43611684, 0.50333887, 0.37596399)
(0.27287596, 0.76152158, 0.63251364, 0.77152586, 0.42050403, 0.55709124, 0.72342962, 0.31586924, 0.38882577, 0.62765837)
(0.73676699, 0.39105088, 0.90859729, 0.74293828, 0.25762838, 0.42207384, 0.77672690, 0.47945654, 0.68351930, 0.34975389)
(0.30057612, 0.55033034, 0.42306414, 0.67732209, 0.81637138, 0.29120344, 0.52743995, 0.31672803, 0.08445835, 0.41111457)
(0.15418966, 0.73549533, 0.63923585, 0.55920076, 0.63695908, 0.71360552, 0.78177983, 0.51798427, 0.44391590, 0.55414748)
(0.46150401, 0.75915235, 0.38859671, 0.49376470, 0.52301592, 0.53777659, 0.43466336, 0.22453739, 0.45660239, 0.69268262)
(0.17724410, 0.77070367, 0.50751740, 0.52628016, 0.66036123, 0.67921478, 0.68673825, 0.41799650, 0.41009492, 0.61631674)
(0.73592848, 0.50414813, 0.85658354, 0.63579977, 0.29366037, 0.49291807, 0.70041996, 0.44527918, 0.72666556, 0.43542695)
(0.34692451, 0.63485026, 0.41058564, 0.50235647, 0.65760374, 0.51150352, 0.51933795, 0.37910888, 0.35040519, 0.56870908)
(0.31903279, 0.55743510, 0.69206399, 0.42219663, 0.57218176, 0.66880727, 0.73408127, 0.62154514, 0.61074585, 0.48805776)
(0.28811502, 0.75376278, 0.49196112, 0.53344327, 0.54577619, 0.62565273, 0.60967314, 0.35322833, 0.48378447, 0.65458107)
(0.60761106, 0.15477170, 0.95756364, 0.68142742, 0.37674618, 0.43298510, 0.90774041, 0.71859860, 0.57170254, 0.14433560)
(0.35708338, 0.67999512, 0.70141834, 0.62351990, 0.38725314, 0.62911803, 0.73106748, 0.43736374, 0.60546058, 0.59075010)
(0.27233359, 0.84543151, 0.61029524, 0.52574348, 0.43369004, 0.73303163, 0.68885028, 0.31057277, 0.64558733, 0.72270525)
(0.35764381, 0.79696208, 0.53026348, 0.64562792, 0.41505283, 0.58204901, 0.59640855, 0.25832185, 0.50071084, 0.70514596)
(0.16916722, 0.73729116, 0.69982421, 0.57849938, 0.55783314, 0.73339343, 0.80925906, 0.53026932, 0.52419174, 0.56268924)
(0.24050128, 0.78375584, 0.50363642, 0.67322201, 0.53379136, 0.58707148, 0.65366811, 0.30800182, 0.36794478, 0.65546036)
(0.36815697, 0.93762517, 0.35220769, 0.68671894, 0.32364669, 0.59375691, 0.44510201, 0.06557661, 0.47105089, 0.86029857)
(0.67021489, 0.65850729, 0.70295006, 0.76610225, 0.34264451, 0.33678469, 0.58054721, 0.19532616, 0.40249509, 0.57933766)
(0.61975014, 0.89442211, 0.49633819, 0.53294247, 0.28082618, 0.61397225, 0.41497341, 0.09953333, 0.67435288, 0.82885242)
(0.70847481, 0.49708536, 0.65818596, 0.55284888, 0.63379323, 0.23684895, 0.51917547, 0.18654948, 0.21222031, 0.41119871)
(0.13272046, 0.88121045, 0.46128058, 0.29930767, 0.78524446, 0.80370992, 0.66213155, 0.35769641, 0.48574543, 0.68626720)
(0.27108485, 0.49434328, 0.68175864, 0.61356932, 0.59637928, 0.56217426, 0.75605100, 0.61075264, 0.40467006, 0.41906422)
(0.41679779, 0.65750235, 0.74339408, 0.80491364, 0.29551813, 0.49598017, 0.74358785, 0.34402901, 0.48404732, 0.57472849)
(0.56142354, 0.92383903, 0.65302908, 0.52662838, 0.22696257, 0.72356957, 0.55595195, 0.12265177, 0.79990757, 0.84654623)
(0.17982590, 0.48648822, 0.71671164, 0.33695292, 0.79862034, 0.69487488, 0.79880404, 0.72390312, 0.47070473, 0.35001433)
(0.69862574, 0.63138235, 0.71887481, 0.73737842, 0.33644181, 0.35376102, 0.58547562, 0.21700600, 0.47330543, 0.55696005)
(0.23312545, 0.84615576, 0.62760890, 0.54145026, 0.44182083, 0.74738628, 0.72423208, 0.33256871, 0.63749856, 0.71131718)
(0.62234145, 0.81784356, 0.61248851, 0.64273900, 0.24550344, 0.55393934, 0.52154106, 0.17390038, 0.67730945, 0.74968714)
(0.24420984, 0.65484804, 0.58297193, 0.26752633, 0.75823957, 0.72012180, 0.68244791, 0.57145649, 0.53889447, 0.50645357)
(0.60322618, 0.68781203, 0.67841268, 0.81164724, 0.28288686, 0.36999318, 0.60276449, 0.20777883, 0.42828429, 0.62739718)
(0.90884238, 0.23083715, 0.95325494, 0.56572473, 0.40363568, 0.29845071, 0.76251775, 0.44780192, 0.67166489, 0.15597899)
(0.56552702, 0.35918400, 0.91414642, 0.69581240, 0.28240651, 0.52505749, 0.85200232, 0.60785782, 0.68361056, 0.33482063)
(0.46200377, 0.68715513, 0.87458819, 0.51332760, 0.27401683, 0.74742234, 0.82310784, 0.50827235, 0.83892113, 0.57439083)
(0.42151618, 0.83308983, 0.32713059, 0.42664346, 0.70640028, 0.52496904, 0.37827405, 0.15468118, 0.29579842, 0.69387358)
(0.60933810, 0.75612807, 0.69813055, 0.84729135, 0.21151692, 0.40451446, 0.60783136, 0.17771113, 0.48748642, 0.68792319)
(0.25840208, 0.75464684, 0.50643581, 0.18462116, 0.82265443, 0.74862140, 0.59840679, 0.45499578, 0.52799511, 0.55880189)
(0.46887490, 0.64226186, 0.42781970, 0.43407124, 0.58290333, 0.52495962, 0.47021514, 0.34163320, 0.45906556, 0.60146654)
(0.46942103, 0.85364383, 0.60676521, 0.68513042, 0.23561920, 0.59877264, 0.60243118, 0.16850066, 0.65577501, 0.77430969)
(0.52443904, 0.56001312, 0.76541036, 0.89879525, 0.35388103, 0.21681108, 0.71878266, 0.17573231, 0.17952126, 0.48100027)
(0.19780721, 0.91953510, 0.49509439, 0.78198224, 0.39156175, 0.63274312, 0.66935247, 0.13872463, 0.38444808, 0.79173315)
(0.27749845, 0.58084881, 0.75272375, 0.42789000, 0.55183715, 0.71892697, 0.79236555, 0.65856218, 0.65613896, 0.48262498)
(0.56295931, 0.50506586, 0.51566648, 0.51350224, 0.67354226, 0.29608294, 0.48479703, 0.25863186, 0.20939976, 0.47939050)
(0.28668648, 0.85960400, 0.51803708, 0.52054989, 0.45996118, 0.70079696, 0.61627287, 0.25329134, 0.59140313, 0.74892282)
(0.14030121, 0.63068473, 0.79336894, 0.70811468, 0.58625501, 0.68313402, 0.87504405, 0.63756484, 0.39559576, 0.42461607)
(0.34063607, 0.97241580, 0.61905080, 0.82775784, 0.11598273, 0.69822156, 0.65951580, 0.04652261, 0.69823498, 0.90846294)
(0.19797622, 0.71264482, 0.73835605, 0.65267164, 0.48956349, 0.69783568, 0.82141656, 0.51830000, 0.51921940, 0.54494029)
(0.12799969, 0.80377954, 0.63133723, 0.65251422, 0.60702103, 0.71252108, 0.79783547, 0.43356258, 0.38912398, 0.60197687)
(0.24932425, 0.82825631, 0.27072608, 0.69785815, 0.70313495, 0.42569995, 0.43898898, 0.14813063, 0.14700837, 0.69766188)
(0.23332675, 0.75812525, 0.62230194, 0.60122997, 0.49850151, 0.67748386, 0.73244536, 0.41722262, 0.51804507, 0.62456626)
(0.48591673, 0.78731668, 0.69305253, 0.57449299, 0.28006455, 0.65568787, 0.65878272, 0.28423935, 0.73508734, 0.70707959)
(0.09482312, 0.83992499, 0.37781560, 0.40048891, 0.85067290, 0.72635698, 0.65871769, 0.37446618, 0.26836410, 0.61183316)
(0.49714935, 0.67832088, 0.64899421, 0.89329624, 0.51643974, 0.14495409, 0.61283827, 0.07234908, 0.06086599, 0.53542441)
(0.42675909, 0.78209960, 0.50182986, 0.65532714, 0.38088638, 0.53359115, 0.54374272, 0.23095447, 0.49952921, 0.71252298)
(0.32450941, 0.72177470, 0.63652241, 0.40377718, 0.52989537, 0.71898001, 0.68407935, 0.46787357, 0.66245198, 0.61765087)
(0.39866695, 0.58851939, 0.78859317, 0.22326592, 0.61858082, 0.74621278, 0.74817204, 0.62723106, 0.74927413, 0.47281766)
(0.12090302, 0.78069991, 0.58446079, 0.42662606, 0.76699597, 0.75748563, 0.76079416, 0.51052219, 0.41970479, 0.55649501)
(0.57072151, 0.49223009, 0.81176794, 0.74539512, 0.29373798, 0.45445764, 0.73800206, 0.43560919, 0.57516825, 0.46664593)
(0.40376982, 0.57319194, 0.64214832, 0.48061565, 0.49204513, 0.60719138, 0.66709673, 0.52226019, 0.60330987, 0.53838712)
(0.54718983, 0.32200259, 0.79992175, 0.79577929, 0.55555260, 0.19523215, 0.73879892, 0.29563609, 0.15920854, 0.28117505)
(0.34936085, 0.86187309, 0.63746178, 0.57233554, 0.32015279, 0.71145517, 0.67492819, 0.24100320, 0.69919622, 0.75654370)
(0.28681505, 0.72423184, 0.38803488, 0.83906168, 0.71393043, 0.24035174, 0.50116003, 0.14306751, 0.05726664, 0.56328058)
(0.36456072, 0.58028996, 0.43540451, 0.70315909, 0.77530128, 0.24281102, 0.49938694, 0.21765639, 0.07752091, 0.46728173)
(0.57519901, 0.44398847, 0.90183967, 0.26531157, 0.46164569, 0.70596051, 0.80797493, 0.67199850, 0.83151835, 0.37800863)
(0.50773841, 0.82737458, 0.60659921, 0.63736719, 0.26046896, 0.59528649, 0.58065218, 0.19340600, 0.66748077, 0.75581223)
(0.56708944, 0.53101218, 0.52398759, 0.53282809, 0.61597139, 0.32690281, 0.49514881, 0.26602328, 0.26687860, 0.50579429)
(0.25413334, 0.96900004, 0.39345297, 0.84212524, 0.24769637, 0.59734261, 0.55068028, 0.04034602, 0.39266589, 0.89497292)
(0.21581215, 0.81795293, 0.56252110, 0.71035296, 0.48925245, 0.62353981, 0.70447111, 0.29926050, 0.39685258, 0.67335188)
(0.29008612, 0.49464586, 0.78808212, 0.49258441, 0.53308111, 0.67723757, 0.81808120, 0.69388336, 0.61276758, 0.41713068)
(0.30482176, 0.80323577, 0.41355014, 0.60869020, 0.52451837, 0.56417334, 0.54492277, 0.24138457, 0.39606202, 0.70427370)
(0.72039706, 0.45722181, 0.76682353, 0.68018168, 0.46836054, 0.26773581, 0.62078679, 0.23886192, 0.35152358, 0.39638701)
(0.08229522, 0.73595953, 0.66639054, 0.71947008, 0.73563933, 0.66845244, 0.84880435, 0.53425378, 0.21582545, 0.46699053)
(0.45508030, 0.76576328, 0.53830677, 0.45138115, 0.45373100, 0.63670415, 0.54609698, 0.30674955, 0.63241935, 0.69702035)
(0.32089183, 0.90356886, 0.56486994, 0.90254319, 0.24104729, 0.47135237, 0.65061367, 0.09791804, 0.32347193, 0.79463953)
(0.37721166, 0.30734468, 0.94987994, 0.87274170, 0.30462041, 0.46877182, 0.93066537, 0.66322118, 0.48125917, 0.22779544)
(0.56511903, 0.53346658, 0.88159323, 0.10470042, 0.65986121, 0.76892400, 0.74994963, 0.64524728, 0.84194738, 0.39730015)
(0.78217256, 0.77925390, 0.66071677, 0.67792302, 0.29410660, 0.41441482, 0.46978816, 0.14307044, 0.57645547, 0.66103208)
(0.28845575, 0.52372283, 0.73613691, 0.88466161, 0.50284350, 0.33143538, 0.79151791, 0.38780901, 0.17043881, 0.40179715)
(0.51352417, 0.82969666, 0.42284819, 0.41369066, 0.48292309, 0.61016607, 0.42011932, 0.17691880, 0.56990451, 0.74808145)
(0.21881634, 0.82033747, 0.74123579, 0.56728059, 0.41238078, 0.77716029, 0.80455065, 0.42550054, 0.68632579, 0.66354555)
(0.22688399, 0.44124374, 0.83265203, 0.60774392, 0.56070805, 0.64920563, 0.87052852, 0.73726553, 0.50272906, 0.34048778)
(0.45239440, 0.76491868, 0.54290712, 0.38176161, 0.51689643, 0.66035903, 0.53956926, 0.32680586, 0.63875723, 0.68110859)
(0.30019492, 0.82612735, 0.63587183, 0.78233141, 0.32485953, 0.58876860, 0.71276510, 0.24185960, 0.47383413, 0.70223105)
(0.45728141, 0.57157362, 0.91031498, 0.63066638, 0.26860464, 0.67769313, 0.86567801, 0.58227867, 0.77744079, 0.46305147)
(0.23294209, 0.85486490, 0.42860785, 0.72671539, 0.52755904, 0.55611938, 0.59663337, 0.19670433, 0.29948840, 0.72547960)
(0.34837747, 0.65258694, 0.62673336, 0.65251869, 0.44821030, 0.56359577, 0.68534029, 0.42153284, 0.48670185, 0.57508183)
(0.13358384, 0.84880006, 0.61175573, 0.47435749, 0.62576342, 0.79612005, 0.76927114, 0.42899340, 0.55559975, 0.66485554)
(0.80363160, 0.36130440, 0.90632147, 0.67695719, 0.32202131, 0.38156161, 0.72734493, 0.46126583, 0.66295624, 0.30854955)
(0.28752974, 0.72328156, 0.81953359, 0.62394339, 0.34513482, 0.73073864, 0.83636594, 0.50150770, 0.70485634, 0.57898599)
(0.61019796, 0.68051821, 0.44602367, 0.53819227, 0.52792722, 0.39541966, 0.40900615, 0.19648431, 0.34944570, 0.62730587)
(0.43783936, 0.58965451, 0.54586798, 0.62953138, 0.46676785, 0.47886109, 0.58768338, 0.39233130, 0.44374144, 0.56863219)
(0.30308023, 0.79612827, 0.46490550, 0.65964782, 0.47903588, 0.56024987, 0.59018588, 0.25055510, 0.40439120, 0.69183910)
(0.63211763, 0.54126918, 0.92758691, 0.83952022, 0.15739889, 0.49910420, 0.84508777, 0.42152211, 0.70343155, 0.45660758)
(0.36956733, 0.74069804, 0.63882703, 0.93966788, 0.36831132, 0.22733560, 0.67965943, 0.12082356, 0.10556651, 0.60374850)
(0.24082480, 0.67087138, 0.88933235, 0.60589027, 0.35614914, 0.77504963, 0.89795256, 0.63929290, 0.74570900, 0.50180393)
(0.14218302, 0.79761243, 0.44016346, 0.58729124, 0.72105271, 0.63802081, 0.67071378, 0.35626444, 0.27382648, 0.61830735)
(0.74407464, 0.28657654, 0.90215886, 0.68852115, 0.34486449, 0.37557882, 0.76411605, 0.53299314, 0.62040794, 0.27287266)
(0.65169799, 0.33887315, 0.68697584, 0.41861916, 0.67271686, 0.33290878, 0.57979769, 0.40852806, 0.35070488, 0.30396721)
(0.43813911, 0.70146203, 0.51969469, 0.66861939, 0.40924156, 0.49219486, 0.55982929, 0.29087213, 0.45775709, 0.65218866)
(0.62174833, 0.90381128, 0.64957726, 0.62471348, 0.17171684, 0.64378136, 0.54023647, 0.10570677, 0.77411985, 0.83520508)
(0.39527953, 0.43534985, 0.63719660, 0.73029155, 0.56844831, 0.34839976, 0.67643917, 0.44340804, 0.25558668, 0.39830109)
(0.31385899, 0.72104740, 0.69363409, 0.65970087, 0.38641512, 0.63905609, 0.74398404, 0.41068736, 0.57648784, 0.61173433)
(0.32647607, 0.93133038, 0.48802552, 0.90902656, 0.24333121, 0.44732720, 0.58576989, 0.06272432, 0.27996153, 0.83660841)
(0.67501819, 0.18787178, 0.94264871, 0.80928868, 0.32868275, 0.29832178, 0.86073571, 0.56456524, 0.46829692, 0.19166325)
(0.55930632, 0.57508874, 0.77398348, 0.71438146, 0.30188313, 0.49437433, 0.70219499, 0.40525773, 0.59461218, 0.53160954)
(0.82503188, 0.48872331, 0.89364594, 0.73311394, 0.24943201, 0.38421252, 0.70096993, 0.34322402, 0.69496763, 0.39912796)
(0.23757018, 0.68501705, 0.61635208, 0.29043487, 0.71572894, 0.74331218, 0.70785409, 0.56899726, 0.58675814, 0.53439862)
(0.80272406, 0.81618953, 0.51164305, 0.40915096, 0.49002588, 0.44910458, 0.31258956, 0.10803962, 0.48135078, 0.67176360)
(0.42785931, 0.85867518, 0.50505960, 0.75022286, 0.27185434, 0.52419311, 0.55198741, 0.13708402, 0.50326091, 0.77834076)
(0.22802491, 0.70029193, 0.71461749, 0.30939347, 0.65394187, 0.78395832, 0.77479142, 0.60581142, 0.67155719, 0.53670114)
(0.42869022, 0.45035550, 0.70426100, 0.81202799, 0.58768719, 0.26034319, 0.69981033, 0.34037647, 0.15670972, 0.36238423)
(0.44871137, 0.41715151, 0.52819806, 0.48687720, 0.73620689, 0.35323644, 0.54889083, 0.41972908, 0.24217844, 0.37281185)
(0.61888415, 0.57303309, 0.92969799, 0.80765676, 0.15457880, 0.55228627, 0.85214412, 0.43561262, 0.75104731, 0.47687957)
(0.25676990, 0.63775140, 0.57076693, 0.81618488, 0.58719552, 0.39974988, 0.69539368, 0.34251171, 0.17922664, 0.50295097)
(0.13095589, 0.63726765, 0.66487676, 0.12720437, 0.92101789, 0.79875833, 0.76971883, 0.70025057, 0.47997963, 0.36225986)
(0.09949636, 0.88023233, 0.67948675, 0.37407085, 0.67360514, 0.86732608, 0.82377511, 0.48200828, 0.64355868, 0.66395688)
(0.82546848, 0.31737825, 0.89957643, 0.46733952, 0.43172076, 0.43191022, 0.70026314, 0.54249072, 0.70898736, 0.25615400)
(0.67304587, 0.29463837, 0.93365729, 0.61821240, 0.30291194, 0.51412165, 0.84838474, 0.63834685, 0.73607355, 0.27052376)
(0.16524351, 0.74355370, 0.64206386, 0.37241772, 0.68566602, 0.78029442, 0.76931989, 0.57160223, 0.58227992, 0.56556475)
(0.43027157, 0.81177002, 0.48074308, 0.68577713, 0.33392057, 0.52458239, 0.53423458, 0.18233280, 0.49839938, 0.73974097)
(0.20417519, 0.95206028, 0.45380795, 0.75284141, 0.34867108, 0.67383951, 0.62557721, 0.09055632, 0.45094061, 0.85220021)
(0.17378943, 0.49757141, 0.79088062, 0.64628637, 0.61529297, 0.64655733, 0.86147326, 0.71436197, 0.41713566, 0.36418852)
(0.16550051, 0.91644990, 0.35311654, 0.68153751, 0.57817656, 0.63326353, 0.58508474, 0.14614956, 0.29391390, 0.78492600)
(0.46817255, 0.85672331, 0.47833633, 0.50045675, 0.42275503, 0.63018394, 0.48118341, 0.17800897, 0.59271073, 0.77192175)
(0.53523189, 0.71253818, 0.74525899, 0.57570726, 0.33829424, 0.61557525, 0.66443133, 0.35414875, 0.69473201, 0.62568140)
(0.52864647, 0.21890830, 0.91277176, 0.72784579, 0.40783650, 0.40386674, 0.86708242, 0.64440334, 0.47353905, 0.20772050)
(0.36615244, 0.69322574, 0.68739808, 0.87092638, 0.34729528, 0.41480565, 0.72239375, 0.27331829, 0.30344728, 0.58403385)
(0.37419412, 0.61966014, 0.75639522, 0.41278949, 0.46851552, 0.71101820, 0.75392753, 0.57586682, 0.72571385, 0.53975660)
(0.44109550, 0.43435842, 0.68925261, 0.78225911, 0.51881921, 0.29213828, 0.69618410, 0.36049643, 0.22543024, 0.39654022)
(0.04340447, 0.96224648, 0.50635618, 0.63622767, 0.67627937, 0.84750468, 0.81042290, 0.21671918, 0.36566392, 0.79939729)
(0.35638613, 0.60525388, 0.41304436, 0.67211920, 0.66753733, 0.36038655, 0.50311512, 0.30152577, 0.18480681, 0.53781921)
(0.19233820, 0.85255539, 0.46834046, 0.38589624, 0.69262356, 0.74420375, 0.62608159, 0.33376524, 0.49442720, 0.69318229)
(0.71188986, 0.86958897, 0.65282899, 0.82282358, 0.17311087, 0.43537769, 0.49217379, 0.09275992, 0.57827282, 0.79079741)
(0.29771706, 0.75525016, 0.72226351, 0.82183772, 0.33153537, 0.55836785, 0.77483863, 0.31578085, 0.43714464, 0.61618966)
(0.24851750, 0.88428462, 0.54994851, 0.81970358, 0.34790522, 0.57268316, 0.68188703, 0.16254167, 0.37434134, 0.75422668)
(0.25388008, 0.77871835, 0.66115838, 0.73816025, 0.41480213, 0.61797100, 0.74637425, 0.34705251, 0.45929426, 0.63924426)
(0.33976269, 0.48424909, 0.60531735, 0.77120739, 0.58963764, 0.34118339, 0.68006694, 0.41161406, 0.20356980, 0.42075866)
(0.47012660, 0.58141506, 0.85259086, 0.59586197, 0.29913679, 0.64897537, 0.80814242, 0.53975064, 0.74713075, 0.50621080)
(0.33552140, 0.59577024, 0.79312909, 0.53485590, 0.42539254, 0.68546826, 0.80285048, 0.59462315, 0.67906219, 0.50492018)
(0.27109775, 0.54510456, 0.66767889, 0.59325677, 0.57321227, 0.59401566, 0.74646449, 0.59044057, 0.44510323, 0.46226346)
(0.31499442, 0.66926420, 0.60632730, 0.44596267, 0.55306071, 0.67148799, 0.67377490, 0.49481964, 0.59325540, 0.58243716)
(0.53868395, 0.67416811, 0.80336714, 0.83861995, 0.19867584, 0.46869132, 0.74229336, 0.28998396, 0.56186622, 0.60549432)
(0.22899312, 0.91425395, 0.59517157, 0.76038706, 0.30493733, 0.67921782, 0.71388644, 0.16121291, 0.53180873, 0.79041624)
(0.41178375, 0.61589700, 0.46276808, 0.58309537, 0.53815281, 0.47916251, 0.53419614, 0.36980730, 0.39970246, 0.58633530)
(0.24182248, 0.89542240, 0.42890650, 0.64741838, 0.45758662, 0.64027333, 0.58839226, 0.16673192, 0.44189501, 0.78054017)
(0.20161155, 0.63474101, 0.72873658, 0.36298349, 0.65737945, 0.76426804, 0.80361795, 0.67344832, 0.62648189, 0.48357397)
(0.67854357, 0.78415120, 0.51903248, 0.66642505, 0.37662765, 0.39465407, 0.42401376, 0.12606011, 0.41410148, 0.68858773)
(0.30537626, 0.58142865, 0.75967550, 0.51071352, 0.48368376, 0.68451756, 0.79041141, 0.61999702, 0.64256799, 0.49433249)
(0.42391637, 0.78592485, 0.50032514, 0.59807551, 0.38912165, 0.57019013, 0.54433191, 0.24204378, 0.54734886, 0.71658367)
(0.51197952, 0.38908091, 0.61713368, 0.57869822, 0.71930754, 0.25967342, 0.58824503, 0.32680091, 0.16513139, 0.34075803)
(0.22822218, 0.61152416, 0.63445926, 0.71539384, 0.60359013, 0.53095543, 0.74574882, 0.48187539, 0.28954351, 0.47778931)
(0.34691814, 0.71123135, 0.83015692, 0.86192876, 0.24755637, 0.55036020, 0.82855439, 0.35383499, 0.51117027, 0.57081455)
(0.47706828, 0.50843781, 0.58080423, 0.68083340, 0.58685398, 0.30389428, 0.58462560, 0.28811061, 0.21797568, 0.46670169)
(0.15591340, 0.78547305, 0.55820847, 0.58731252, 0.62785220, 0.69193244, 0.73852533, 0.41987187, 0.39979929, 0.61336023)
(0.30762979, 0.66723603, 0.41419429, 0.58682334, 0.64666426, 0.49324003, 0.54563338, 0.34881285, 0.29734576, 0.58143574)
(0.72892290, 0.56487274, 0.53623980, 0.34290460, 0.70126539, 0.35057044, 0.40296912, 0.24553314, 0.30555233, 0.46184936)
(0.22845460, 0.64406812, 0.77662480, 0.75643957, 0.46228108, 0.61125410, 0.83233225, 0.51412308, 0.43238020, 0.48461175)
(0.24086912, 0.87526000, 0.40309340, 0.63089997, 0.51725739, 0.61790472, 0.56911165, 0.18875691, 0.39463449, 0.75746191)
(0.34887311, 0.72428614, 0.43699038, 0.50055748, 0.56623274, 0.57898301, 0.53436118, 0.33579782, 0.46143785, 0.65269578)
(0.15077972, 0.80587798, 0.84448141, 0.75863385, 0.36330375, 0.76564938, 0.89844263, 0.48134604, 0.59298670, 0.58446330)
(0.25535250, 0.52300805, 0.67152452, 0.78829837, 0.62203443, 0.41365576, 0.75656444, 0.46960574, 0.20103449, 0.39328411)
(0.50329757, 0.68341643, 0.47417688, 0.48578757, 0.50558257, 0.52787781, 0.48042583, 0.30458510, 0.50859249, 0.63839090)
(0.50362641, 0.66312873, 0.64975053, 0.34269419, 0.50503641, 0.65949160, 0.60430586, 0.43156028, 0.69688231, 0.59459543)
(0.16046414, 0.80589592, 0.41571498, 0.58872527, 0.70530683, 0.62339234, 0.63752842, 0.32337329, 0.27985102, 0.63963228)
(0.44368741, 0.51161247, 0.61610645, 0.56009907, 0.48283860, 0.51811641, 0.63723892, 0.50035489, 0.51721263, 0.50554812)
(0.54539436, 0.38785586, 0.80481887, 0.58380085, 0.39991885, 0.50986189, 0.74780029, 0.57251471, 0.61290109, 0.38643631)
(0.44868770, 0.43764204, 0.50412589, 0.47044516, 0.72700012, 0.37759596, 0.53075653, 0.42480826, 0.26880839, 0.39577195)
(0.09260290, 0.93948603, 0.34138459, 0.68237257, 0.68709999, 0.69236088, 0.64270216, 0.15124057, 0.22800580, 0.78751755)
(0.19490442, 0.79422295, 0.87511158, 0.86852652, 0.26970556, 0.68232173, 0.90281725, 0.40475965, 0.53144097, 0.57731867)
(0.14997947, 0.72860801, 0.47167033, 0.47720569, 0.76649928, 0.66400516, 0.68136668, 0.47165486, 0.32390282, 0.55037290)
(0.30282035, 0.58272177, 0.64719594, 0.50815213, 0.55057305, 0.63413972, 0.71545267, 0.57177800, 0.54241788, 0.51332790)
(0.58501118, 0.67622513, 0.75621086, 0.40593305, 0.37197885, 0.67444760, 0.65544635, 0.41018391, 0.78167021, 0.60062611)
(0.40202153, 0.73547250, 0.65925372, 0.54769021, 0.42820361, 0.64416254, 0.65883255, 0.37867227, 0.62671453, 0.63988250)
(0.40761024, 0.85946518, 0.52176285, 0.51514030, 0.37505186, 0.66789949, 0.55671108, 0.20347224, 0.64723003, 0.77387416)
(0.67296684, 0.70371526, 0.79420578, 0.90215170, 0.20312895, 0.27496257, 0.67728257, 0.12950362, 0.35980639, 0.60951501)
(0.56536096, 0.45859000, 0.52529109, 0.43459767, 0.68982220, 0.34168643, 0.49163601, 0.33368212, 0.27499598, 0.43798882)
(0.71687448, 0.64963537, 0.55596232, 0.50592375, 0.57238847, 0.31939983, 0.43213624, 0.16745938, 0.30755237, 0.54824442)
(0.34521112, 0.66130883, 0.72233760, 0.79260570, 0.42334500, 0.48785114, 0.73967558, 0.36987451, 0.37321743, 0.53090173)
(0.56036007, 0.48988959, 0.82029289, 0.64042503, 0.32773525, 0.53442466, 0.74654818, 0.51400733, 0.66154188, 0.45845285)
(0.31500918, 0.78139019, 0.67656785, 0.76558882, 0.33337918, 0.59204930, 0.73296213, 0.30332947, 0.50105715, 0.66134071)
(0.39896956, 0.62392485, 0.70148975, 0.71560460, 0.39547759, 0.52473843, 0.70953649, 0.41603336, 0.48911887, 0.54605675)
(0.27323452, 0.63671893, 0.54219455, 0.34585068, 0.70368230, 0.66832936, 0.64875704, 0.53618640, 0.50897080, 0.52849823)
(0.12605920, 0.76021087, 0.76298714, 0.67603755, 0.54383892, 0.74740219, 0.86682314, 0.54407108, 0.47037628, 0.53675550)
(0.31600931, 0.96039009, 0.40158978, 0.71546984, 0.26351276, 0.65755111, 0.50953323, 0.05505155, 0.54182178, 0.88939679)
(0.24008733, 0.78403032, 0.42963424, 0.55744231, 0.61711681, 0.61080575, 0.59142435, 0.31688991, 0.38039941, 0.66343659)
(0.40269640, 0.73429614, 0.85347492, 0.77139068, 0.20617655, 0.64513546, 0.83169293, 0.37838268, 0.70224297, 0.60694110)
(0.50680429, 0.78260601, 0.50272143, 0.48979414, 0.40270740, 0.60007018, 0.49729106, 0.23658250, 0.61628670, 0.72223121)
(0.13138281, 0.96587569, 0.28702265, 0.71122110, 0.56799883, 0.67311335, 0.54239345, 0.07184336, 0.26776606, 0.86724663)
(0.22103137, 0.48964462, 0.74194562, 0.78634667, 0.64837861, 0.44993746, 0.81033498, 0.55042112, 0.20863491, 0.33663830)
(0.19627364, 0.83621210, 0.85779160, 0.39725351, 0.42563242, 0.87819964, 0.87683189, 0.55396378, 0.84084505, 0.64614719)
(0.28291038, 0.40167373, 0.76572669, 0.76499504, 0.57966256, 0.43964565, 0.80799645, 0.59308583, 0.28183037, 0.31712186)
(0.55986482, 0.64172792, 0.45032987, 0.42860994, 0.53312242, 0.50482452, 0.44356939, 0.31009349, 0.49432033, 0.60538602)
(0.66936713, 0.85816723, 0.41325575, 0.66200280, 0.31374541, 0.45195439, 0.34467313, 0.08862031, 0.48032022, 0.78193194)
(0.18400054, 0.67702150, 0.59168261, 0.60504079, 0.65107328, 0.63011098, 0.74150658, 0.50385040, 0.35196045, 0.52220964)
(0.43102038, 0.85829657, 0.46071953, 0.48548058, 0.42316338, 0.64810246, 0.49424851, 0.18346532, 0.60172367, 0.77443606)
(0.64873147, 0.70428020, 0.57343167, 0.69980305, 0.47760725, 0.28490955, 0.47337541, 0.12631948, 0.24702226, 0.61311102)
(0.48950306, 0.67120290, 0.80047870, 0.70329905, 0.24799326, 0.59339809, 0.75616413, 0.38723412, 0.68798369, 0.59297746)
(0.06421324, 0.87785643, 0.61906254, 0.89418292, 0.66181058, 0.58412051, 0.84491885, 0.26064497, 0.10934222, 0.60013950)
(0.17988002, 0.75083876, 0.63597226, 0.33914521, 0.68804729, 0.78504086, 0.75498772, 0.55791855, 0.60507828, 0.57483017)
(0.66192424, 0.53641260, 0.79370409, 0.80760962, 0.30259845, 0.32984984, 0.68359447, 0.27485287, 0.44773969, 0.48254868)
(0.24314076, 0.69021249, 0.71874994, 0.52389532, 0.50616258, 0.72008854, 0.78371537, 0.54965305, 0.61631638, 0.56051332)
(0.34306762, 0.97052032, 0.50382006, 0.84815967, 0.14326005, 0.62085783, 0.57841051, 0.03786863, 0.56753325, 0.90779632)
(0.45766428, 0.70743638, 0.83775681, 0.77307343, 0.21326382, 0.60175979, 0.79743135, 0.36982876, 0.68152016, 0.60191518)
(0.23990554, 0.67567968, 0.51158917, 0.51852357, 0.64704019, 0.61500692, 0.65504497, 0.45947292, 0.40463185, 0.56318533)
(0.72337461, 0.70323247, 0.75496322, 0.80255574, 0.24935982, 0.37287071, 0.59793866, 0.18961471, 0.52345908, 0.60834253)
(0.11626454, 0.94623405, 0.39116755, 0.83163440, 0.54164761, 0.61021096, 0.66130555, 0.10367215, 0.19633272, 0.80869550)
(0.38846907, 0.48785874, 0.82982624, 0.78736252, 0.36177036, 0.49972627, 0.81942964, 0.52044415, 0.48086935, 0.41229972)
(0.11906330, 0.82986480, 0.67925131, 0.43203396, 0.63850260, 0.82949322, 0.81778395, 0.51942647, 0.61182827, 0.62481618)
(0.36664125, 0.29773676, 0.79367942, 0.73532164, 0.61226666, 0.35485634, 0.80114859, 0.58719063, 0.25059059, 0.24170366)
(0.33444956, 0.64444315, 0.72577417, 0.41475320, 0.50036854, 0.71720362, 0.74634814, 0.56629515, 0.69689703, 0.55377698)
(0.58879113, 0.73470438, 0.56612945, 0.74625289, 0.32037997, 0.41293359, 0.51647633, 0.19442491, 0.45316839, 0.68087101)
(0.31901944, 0.62713069, 0.69319415, 0.63274068, 0.45376715, 0.60702991, 0.74204344, 0.49420324, 0.53102028, 0.53568673)
(0.22518554, 0.85812229, 0.71965730, 0.85895652, 0.29816645, 0.61384475, 0.80250889, 0.23729049, 0.42418706, 0.69550467)
(0.33860263, 0.87796527, 0.36997816, 0.43396452, 0.57461423, 0.66010302, 0.46038491, 0.17538872, 0.49089372, 0.77327615)
(0.16657475, 0.82144314, 0.86559951, 0.57968336, 0.37008405, 0.84467828, 0.89918041, 0.54292786, 0.76976728, 0.61686283)
(0.83413434, 0.54860008, 0.84664470, 0.09971328, 0.60089070, 0.66861635, 0.56800437, 0.45972160, 0.83606577, 0.39167199)
(0.29217193, 0.73069274, 0.64060801, 0.53588331, 0.47087541, 0.68328393, 0.71176934, 0.43560928, 0.60307348, 0.62218326)
(0.16472971, 0.70432800, 0.46922398, 0.70749342, 0.73938131, 0.49421123, 0.67140108, 0.36849886, 0.16258596, 0.52314246)
(0.07580254, 0.98411882, 0.33226585, 0.76884264, 0.51783448, 0.75853264, 0.64951473, 0.05325180, 0.28806099, 0.90044802)
(0.34730017, 0.64082688, 0.69164556, 0.45732623, 0.48429430, 0.68417811, 0.72152966, 0.53309894, 0.66251534, 0.56378686)
(0.16784325, 0.57810062, 0.80082184, 0.79476458, 0.58298063, 0.57657450, 0.86558306, 0.58637416, 0.29138172, 0.38158584)
(0.48583502, 0.80023068, 0.71080810, 0.91297334, 0.18002655, 0.39671895, 0.68657309, 0.14777386, 0.39259607, 0.71323490)
(0.44219038, 0.46343800, 0.57333571, 0.65194350, 0.65621823, 0.29845917, 0.59553748, 0.33168864, 0.18750891, 0.41358131)
(0.47083244, 0.89619535, 0.70971870, 0.69022059, 0.16853628, 0.67936862, 0.67727864, 0.14826359, 0.76874667, 0.80748868)
(0.43973452, 0.69142753, 0.73819578, 0.69319677, 0.29517749, 0.58810824, 0.72408104, 0.37423855, 0.63193369, 0.61363280)
(0.28485757, 0.45552644, 0.72297215, 0.64316618, 0.57588857, 0.54350513, 0.77820188, 0.62774146, 0.40389833, 0.38782296)
(0.72920197, 0.67903596, 0.52257490, 0.41734490, 0.56591648, 0.42048749, 0.39541242, 0.20974897, 0.42374468, 0.55659270)
(0.46636543, 0.40642461, 0.69421536, 0.71023029, 0.49666479, 0.36823791, 0.68467849, 0.46679580, 0.34689662, 0.39936912)
(0.26327488, 0.67809772, 0.54967332, 0.57393408, 0.57708490, 0.60525489, 0.67267054, 0.44481295, 0.42890516, 0.57376170)
(0.63821465, 0.67867976, 0.55323732, 0.65429294, 0.54351968, 0.28103900, 0.45977125, 0.13562037, 0.21577516, 0.58292735)
(0.19627470, 0.86829358, 0.44778126, 0.65679616, 0.54359758, 0.63938260, 0.63482195, 0.22715031, 0.37273121, 0.73010147)
(0.64824879, 0.24342589, 0.84493047, 0.51104879, 0.52715462, 0.39193800, 0.73738188, 0.56865609, 0.49383074, 0.23828889)
(0.27324167, 0.91556722, 0.54463160, 0.69348490, 0.30905572, 0.68051612, 0.64869249, 0.14832996, 0.58030617, 0.81031889)
(0.33591977, 0.75626296, 0.55649936, 0.57897323, 0.44184631, 0.62143308, 0.63162124, 0.33517176, 0.55271167, 0.66683221)
(0.55052650, 0.74248618, 0.46935588, 0.48130554, 0.52122527, 0.51293588, 0.43873075, 0.23129928, 0.47389856, 0.66145498)
(0.46851766, 0.57342261, 0.79807758, 0.79192472, 0.30040330, 0.47893697, 0.76450211, 0.40888157, 0.50891387, 0.50506604)
(0.31609887, 0.54545867, 0.73540801, 0.54355252, 0.50708848, 0.63724375, 0.76970512, 0.61490703, 0.57781476, 0.47185087)
(0.36653897, 0.37065122, 0.77663004, 0.76233417, 0.52853435, 0.39745414, 0.78654987, 0.55829155, 0.31452930, 0.32045639)
(0.45744878, 0.76631701, 0.67612684, 0.48744202, 0.35230798, 0.68447232, 0.65515226, 0.33971280, 0.73474258, 0.68512088)
(0.29333845, 0.53430551, 0.71788311, 0.53991634, 0.53487504, 0.63645422, 0.76849127, 0.63201427, 0.54886901, 0.46292824)
(0.65080035, 0.66106248, 0.72942913, 0.67555064, 0.28537399, 0.50222081, 0.61265451, 0.32022938, 0.65518272, 0.59983033)
(0.39862034, 0.88564086, 0.40705085, 0.78062129, 0.31023231, 0.48626354, 0.48945051, 0.09725520, 0.38667527, 0.80285752)
(0.30196565, 0.80953497, 0.56941134, 0.81204486, 0.37709448, 0.50991857, 0.66875142, 0.21915480, 0.34881285, 0.68795931)
(0.39134851, 0.56779051, 0.93874997, 0.57349807, 0.26750943, 0.75504792, 0.90981805, 0.67554253, 0.83810383, 0.44020408)
(0.28816709, 0.78606963, 0.81606513, 0.55510068, 0.33856022, 0.77967256, 0.82855147, 0.45866147, 0.76856351, 0.63493907)
(0.25534016, 0.75175428, 0.77585250, 0.32308567, 0.54865348, 0.81929535, 0.80025095, 0.57316303, 0.76726162, 0.58913690)
(0.64133084, 0.59398633, 0.81622213, 0.64060438, 0.27297235, 0.55137390, 0.70644492, 0.41646209, 0.72915953, 0.52653837)
(0.56788582, 0.36683702, 0.59790468, 0.43517983, 0.73054624, 0.30534616, 0.54477888, 0.36373672, 0.24260098, 0.33534777)
(0.24913202, 0.85433084, 0.62468576, 0.69260615, 0.36613753, 0.67767984, 0.72248095, 0.26300773, 0.55346942, 0.72266006)
(0.30399793, 0.66032279, 0.83259851, 0.85811990, 0.31394431, 0.53958285, 0.84300041, 0.41328335, 0.44317043, 0.50780600)
(0.55442595, 0.55132765, 0.66636586, 0.50807542, 0.43329480, 0.54544061, 0.61280566, 0.45813802, 0.62991774, 0.52707201)
(0.21262948, 0.69880879, 0.60014457, 0.47423917, 0.62531143, 0.69831359, 0.72474837, 0.51890391, 0.51279956, 0.56245065)
(0.44746518, 0.69209695, 0.53611696, 0.47401080, 0.47438142, 0.59733295, 0.55853373, 0.36591649, 0.59099507, 0.64441442)
(0.14452080, 0.84080303, 0.40255505, 0.47844765, 0.73677278, 0.69679183, 0.63141620, 0.32713637, 0.34616143, 0.66802770)
(0.22863874, 0.65336609, 0.42741913, 0.71627921, 0.74394464, 0.40250304, 0.59639817, 0.33048779, 0.13524140, 0.50035781)
(0.60832453, 0.59283400, 0.64197415, 0.66267592, 0.39061731, 0.42268097, 0.57352835, 0.32040837, 0.50247920, 0.55666995)
(0.24081020, 0.76881450, 0.70352334, 0.50989491, 0.47765675, 0.75235873, 0.77008742, 0.47236466, 0.65917599, 0.62689465)
(0.44478181, 0.66241556, 0.80383074, 0.85887629, 0.25498900, 0.46615696, 0.77290475, 0.32526055, 0.46831855, 0.56111562)
(0.52895159, 0.68763220, 0.67096496, 0.64676082, 0.30021638, 0.54604089, 0.62980396, 0.32175946, 0.63782984, 0.64139551)
(0.40263370, 0.54798365, 0.70237619, 0.76265514, 0.44634038, 0.43591043, 0.71372026, 0.42031941, 0.36529687, 0.47610396)
(0.17143905, 0.93546027, 0.71265429, 0.88920397, 0.24103697, 0.67768759, 0.81989616, 0.14441174, 0.44513896, 0.79106849)
(0.58771402, 0.57191896, 0.64557427, 0.54813582, 0.41499013, 0.51278234, 0.58075809, 0.41693330, 0.61016262, 0.54431736)
(0.48823246, 0.85612458, 0.67737997, 0.47902438, 0.29092419, 0.72392559, 0.63154727, 0.23502663, 0.78721207, 0.76723593)
(0.69813311, 0.51330239, 0.58757800, 0.43772042, 0.66680175, 0.29836550, 0.47014967, 0.23958443, 0.27054903, 0.43928254)
(0.31009394, 0.41150707, 0.79312241, 0.82451099, 0.50131220, 0.39934543, 0.81967235, 0.53599370, 0.27621794, 0.33173823)
(0.33115777, 0.74510843, 0.68156666, 0.24316102, 0.65228295, 0.77803928, 0.68953806, 0.49445716, 0.70656192, 0.58222032)
(0.25675842, 0.75688636, 0.72502768, 0.47006521, 0.46960250, 0.76670569, 0.77742738, 0.49825150, 0.70143539, 0.62126303)
(0.79707956, 0.50178683, 0.65126580, 0.29869497, 0.65904641, 0.39135793, 0.45213893, 0.32944947, 0.46573007, 0.39127949)
(0.70613110, 0.30442858, 0.89725351, 0.76836687, 0.31878346, 0.34117708, 0.77894270, 0.48121896, 0.55212426, 0.29460025)
(0.41443714, 0.85750371, 0.34821299, 0.45856097, 0.53529185, 0.60340530, 0.41148147, 0.15203758, 0.47208640, 0.76598060)
(0.24101362, 0.49523562, 0.79783905, 0.78746545, 0.52934319, 0.52223986, 0.84342998, 0.59056854, 0.32684943, 0.36360502)
(0.17024221, 0.89298880, 0.46770129, 0.91516286, 0.48863313, 0.41995424, 0.67257625, 0.11349549, 0.11968669, 0.72107244)
(0.22842024, 0.78347069, 0.50422961, 0.65010816, 0.55744749, 0.60430264, 0.65717584, 0.32583123, 0.37609863, 0.65159118)
(0.66025287, 0.45513076, 0.83925861, 0.78831446, 0.27786914, 0.37628257, 0.72761011, 0.38950279, 0.54864073, 0.42940101)
(0.07662972, 0.82642955, 0.61561251, 0.42523131, 0.77110654, 0.82036901, 0.81936294, 0.54245102, 0.45544112, 0.57707942)
(0.07621791, 0.92945319, 0.43046853, 0.50661546, 0.73124808, 0.80073631, 0.71714681, 0.26318532, 0.37361822, 0.75283831)
(0.06586371, 0.87747884, 0.27851215, 0.71234745, 0.88537908, 0.53032041, 0.62350005, 0.19472811, 0.05919123, 0.61300099)
(0.19280297, 0.75939500, 0.60196358, 0.39592966, 0.64862847, 0.75861430, 0.73061144, 0.50482100, 0.57844377, 0.60002065)
(0.07515962, 0.73771387, 0.66466111, 0.48490033, 0.79232436, 0.78077847, 0.84535515, 0.63994014, 0.36993751, 0.47348410)
(0.13913560, 0.74471259, 0.50138843, 0.56435531, 0.76759148, 0.62930375, 0.70020819, 0.43147826, 0.25790980, 0.54300815)
(0.45229766, 0.48665798, 0.58793306, 0.67447287, 0.53076464, 0.36070794, 0.61397356, 0.37171128, 0.30326346, 0.47292769)
(0.28546888, 0.68440926, 0.76171809, 0.72345817, 0.37936798, 0.62848300, 0.80422801, 0.45747364, 0.53919894, 0.55189741)
(0.57261306, 0.57803816, 0.63563073, 0.14240769, 0.72846067, 0.64096534, 0.53127509, 0.46229723, 0.64316195, 0.46900424)
(0.23731938, 0.70329809, 0.54657173, 0.56403613, 0.59387612, 0.62941372, 0.68236494, 0.44315043, 0.42984405, 0.58453894)
(0.22748370, 0.78610593, 0.59584075, 0.19020613, 0.78408062, 0.80390733, 0.67877865, 0.49134871, 0.62146646, 0.57856321)
(0.12154083, 0.74802756, 0.75853640, 0.54087162, 0.58601278, 0.79769039, 0.86223984, 0.61984664, 0.57362461, 0.54152131)
(0.65152681, 0.50818676, 0.61420035, 0.49540150, 0.55399150, 0.38882110, 0.52745378, 0.34042701, 0.42885736, 0.46391165)
(0.10821735, 0.53899258, 0.67219305, 0.76055700, 0.82506138, 0.48052964, 0.82561821, 0.57507771, 0.10682997, 0.30268979)
(0.19057222, 0.75235975, 0.71983767, 0.51172936, 0.52659559, 0.76573485, 0.80760729, 0.53027999, 0.62288481, 0.58718348)
(0.15193532, 0.69073164, 0.62918711, 0.52074140, 0.67648453, 0.71101689, 0.77992141, 0.57676512, 0.43356752, 0.51674652)
(0.21152265, 0.50114673, 0.67900354, 0.68166727, 0.67374831, 0.52544373, 0.78171521, 0.59022081, 0.27217355, 0.37402648)
(0.33270958, 0.53029186, 0.82531899, 0.47476417, 0.46471399, 0.70477331, 0.82634711, 0.67612958, 0.70662606, 0.44910049)
(0.30443582, 0.52582467, 0.56798226, 0.66644824, 0.63160360, 0.45060408, 0.66558158, 0.47595403, 0.27395752, 0.45089576)
(0.26738018, 0.50389171, 0.66432220, 0.77536678, 0.61000830, 0.41490808, 0.75069708, 0.48250589, 0.21714580, 0.39418033)
(0.51022321, 0.83527923, 0.43692496, 0.33733648, 0.53060919, 0.64677370, 0.42455271, 0.18947254, 0.59860122, 0.74050409)
(0.08893594, 0.85528922, 0.46460527, 0.53589529, 0.76338691, 0.73722398, 0.73238027, 0.37809753, 0.30539590, 0.64121681)
(0.11991043, 0.95178050, 0.44068971, 0.86574048, 0.46095681, 0.61325878, 0.69424605, 0.09401170, 0.21693487, 0.81909811)
(0.38053662, 0.58773994, 0.58776689, 0.24703360, 0.72309798, 0.65029514, 0.60757065, 0.53343987, 0.56205630, 0.48868042)
(0.22099647, 0.79748201, 0.87855673, 0.76701826, 0.26154226, 0.75532484, 0.89661479, 0.44988260, 0.69299757, 0.60121900)
(0.25603214, 0.56693661, 0.71956062, 0.21527694, 0.76906359, 0.73879200, 0.75297660, 0.68147039, 0.61179388, 0.41845217)
(0.43676507, 0.79335874, 0.49698925, 0.34145883, 0.57258964, 0.66723830, 0.50490022, 0.29193997, 0.60812390, 0.69484454)
(0.42609695, 0.43528613, 0.85921770, 0.50877535, 0.40985641, 0.64706177, 0.83546633, 0.67397964, 0.70647085, 0.38754669)
(0.23195453, 0.94908279, 0.49257514, 0.87118369, 0.27274227, 0.57496107, 0.64497429, 0.07132292, 0.35159454, 0.84680670)
(0.09498323, 0.88065916, 0.45241448, 0.48567158, 0.74610674, 0.76598734, 0.71375167, 0.34471491, 0.36865067, 0.68351912)
(0.56758684, 0.63202912, 0.57993132, 0.32520613, 0.53983927, 0.59677047, 0.52023387, 0.39646104, 0.63798559, 0.58367407)
(0.20616989, 0.83235312, 0.44424957, 0.75281686, 0.55966264, 0.53919846, 0.63353068, 0.22452442, 0.25374451, 0.68537921)
(0.31161040, 0.73013365, 0.88575852, 0.71659052, 0.25006264, 0.72928143, 0.87935084, 0.48595649, 0.74149513, 0.56579089)
(0.15854570, 0.76527345, 0.43628997, 0.46950510, 0.75384033, 0.66630381, 0.64971292, 0.41365659, 0.33456388, 0.59310353)
(0.57895988, 0.61337018, 0.57124776, 0.66472775, 0.52509636, 0.31103203, 0.51339996, 0.20209804, 0.25813887, 0.55554599)
(0.54543537, 0.75799620, 0.40851229, 0.70564979, 0.53239489, 0.29976505, 0.39094895, 0.10650098, 0.18335010, 0.69455278)
(0.22543506, 0.47545353, 0.81432503, 0.68856686, 0.53914118, 0.60985839, 0.85669214, 0.68781835, 0.44569734, 0.36503947)
(0.84990060, 0.32796711, 0.94340265, 0.64641821, 0.28142181, 0.41376039, 0.77062172, 0.50991815, 0.76525456, 0.26175389)
(0.30667716, 0.31552330, 0.95719314, 0.86472702, 0.33891883, 0.53076762, 0.94675606, 0.72788858, 0.48449627, 0.20795898)
(0.12427239, 0.74645835, 0.63781041, 0.49578309, 0.68641537, 0.75777125, 0.79984498, 0.56444412, 0.46387598, 0.54716986)
(0.12098335, 0.75817657, 0.82814831, 0.41190737, 0.59466398, 0.85826701, 0.89268070, 0.68807626, 0.71506274, 0.53152597)
(0.77086043, 0.58157533, 0.84264988, 0.48556885, 0.32640094, 0.56361806, 0.64755297, 0.41137362, 0.79523683, 0.47431135)
(0.69197369, 0.62237036, 0.70634401, 0.70305693, 0.34280795, 0.38658014, 0.57992291, 0.25128609, 0.51970404, 0.55497372)
(0.58648127, 0.33869094, 0.71381646, 0.59439898, 0.59138513, 0.29588380, 0.64043045, 0.38766369, 0.29994750, 0.33397585)
(0.10833281, 0.92082268, 0.49403518, 0.76114130, 0.55388331, 0.69069356, 0.73768669, 0.19528002, 0.29748669, 0.75552940)
(0.50306541, 0.59683108, 0.63831812, 0.72061795, 0.36627978, 0.44027790, 0.62324286, 0.34751311, 0.46128002, 0.57316083)
(0.41411144, 0.74965298, 0.74680102, 0.45721212, 0.36440861, 0.73534459, 0.72726238, 0.42180508, 0.77618784, 0.65084302)
(0.26534075, 0.84088242, 0.30185294, 0.60787708, 0.64321202, 0.52747577, 0.46483177, 0.17542829, 0.26077294, 0.72279310)
(0.32108167, 0.72536784, 0.68708438, 0.87121856, 0.37807333, 0.43681321, 0.73167413, 0.27295598, 0.28690356, 0.58710843)
(0.32174933, 0.84687787, 0.41476089, 0.61624670, 0.44962183, 0.58631641, 0.53449023, 0.18849483, 0.45436370, 0.75054008)
(0.45997831, 0.74071348, 0.83510929, 0.27290761, 0.43679669, 0.80686712, 0.76652515, 0.50646013, 0.85517132, 0.60177857)
(0.09000333, 0.82373184, 0.58353382, 0.43846515, 0.75909460, 0.79609805, 0.79180467, 0.50250822, 0.43731728, 0.58997184)
(0.24753600, 0.90674186, 0.59872025, 0.91465288, 0.27565140, 0.49971348, 0.71384704, 0.11428329, 0.28006941, 0.77314132)
(0.26725930, 0.65510750, 0.67017883, 0.68382806, 0.49672452, 0.59090048, 0.75096929, 0.46909016, 0.43307665, 0.53573859)
(0.48041463, 0.93190342, 0.73196441, 0.96248156, 0.08246274, 0.40952799, 0.69620264, 0.05005865, 0.41278404, 0.85057265)
(0.44615129, 0.40368810, 0.79432851, 0.73293269, 0.42632276, 0.43901449, 0.77213079, 0.53060937, 0.44479981, 0.37411866)
(0.36030456, 0.58051944, 0.68752170, 0.17657396, 0.75584453, 0.71093190, 0.67379373, 0.60124552, 0.63698953, 0.44788814)
(0.44426066, 0.76707470, 0.62784421, 0.58610708, 0.35780990, 0.61978024, 0.62227064, 0.30267453, 0.63956136, 0.68726712)
(0.51249456, 0.83491522, 0.51583970, 0.52748138, 0.34064537, 0.61680716, 0.50064903, 0.18421982, 0.64626956, 0.76582080)
(0.25585422, 0.73474586, 0.32932702, 0.52724481, 0.77304101, 0.49968871, 0.48878875, 0.28077048, 0.20785545, 0.58826029)
(0.16682628, 0.77808607, 0.62021124, 0.38107851, 0.67499876, 0.78351086, 0.75322521, 0.52088141, 0.58150160, 0.59777832)
(0.37163895, 0.55267274, 0.75914884, 0.79345465, 0.38893509, 0.47514883, 0.77371931, 0.44593081, 0.41063792, 0.47182399)
(0.71653640, 0.44488588, 0.85729235, 0.16071680, 0.57717252, 0.64405584, 0.66781080, 0.57802415, 0.79911691, 0.36786512)
(0.08718532, 0.97827405, 0.23521249, 0.86416769, 0.60567296, 0.58406943, 0.55431539, 0.03872796, 0.10767218, 0.88139248)
(0.17924154, 0.61863613, 0.84575939, 0.62586176, 0.47909409, 0.74300277, 0.88924980, 0.68935835, 0.60469866, 0.44804621)
(0.45675954, 0.45469254, 0.83497393, 0.70256692, 0.35374063, 0.53215945, 0.80000567, 0.56818050, 0.58773798, 0.41372165)
(0.05871412, 0.74235851, 0.66329205, 0.48648089, 0.82322764, 0.79527086, 0.86202765, 0.66705078, 0.33885130, 0.45588815)
(0.10240775, 0.87349385, 0.31730130, 0.79221112, 0.79395705, 0.47368956, 0.61379349, 0.16377859, 0.07558979, 0.64964092)
(0.55102241, 0.79506046, 0.68136007, 0.92037129, 0.18613347, 0.31482056, 0.63270748, 0.11056312, 0.31991014, 0.71737272)
(0.34286529, 0.47570890, 0.88671768, 0.58928436, 0.38217849, 0.68125015, 0.87878764, 0.69884264, 0.70438987, 0.39056298)
(0.45277467, 0.50471234, 0.90068674, 0.89578468, 0.23938380, 0.41878471, 0.86203736, 0.42751935, 0.44809562, 0.40760335)
(0.28090826, 0.60694033, 0.70107257, 0.29284656, 0.67287445, 0.73143470, 0.74355102, 0.63485724, 0.63845998, 0.48258972)
(0.20422664, 0.75000209, 0.43217888, 0.37037078, 0.77825707, 0.66914463, 0.60165048, 0.41347525, 0.37628329, 0.58393538)
(0.15144269, 0.92414516, 0.43716636, 0.73752850, 0.50341624, 0.65963596, 0.66276377, 0.15088734, 0.33154330, 0.78594160)
(0.18472126, 0.58598977, 0.86387044, 0.80287391, 0.45488989, 0.63607180, 0.89962536, 0.61523658, 0.42889670, 0.39456832)
(0.07664964, 0.86346459, 0.64636123, 0.57422221, 0.67072219, 0.80955505, 0.83829695, 0.45972362, 0.44078684, 0.63240945)
(0.27231500, 0.90967852, 0.57241160, 0.72975051, 0.29062709, 0.66745102, 0.67395872, 0.15245335, 0.56759787, 0.79817528)
(0.24933913, 0.56557727, 0.77858508, 0.79248834, 0.48717239, 0.53650451, 0.82745147, 0.52770591, 0.35234830, 0.42596444)
(0.19454221, 0.78007007, 0.80260658, 0.89747202, 0.34908950, 0.57034177, 0.86196297, 0.33493692, 0.33155823, 0.57053661)
(0.33256578, 0.79768723, 0.61009932, 0.77367407, 0.34200665, 0.55142671, 0.67982966, 0.24915357, 0.45061514, 0.68794644)
(0.32047167, 0.67880923, 0.83547443, 0.64883083, 0.32609507, 0.70032275, 0.83933920, 0.51868320, 0.69740719, 0.54789495)
(0.54481095, 0.62946874, 0.75842559, 0.21126679, 0.57085234, 0.71493483, 0.65721852, 0.50459909, 0.76969069, 0.52747971)
(0.26220837, 0.52440614, 0.74543297, 0.82316202, 0.52549398, 0.44557476, 0.80535382, 0.49116501, 0.25538310, 0.39826453)
(0.22784694, 0.57820952, 0.59515053, 0.65132284, 0.66223884, 0.53163284, 0.71873033, 0.51610380, 0.28448516, 0.45712841)
(0.10254364, 0.93656403, 0.80223924, 0.51532090, 0.47730139, 0.89335746, 0.87602383, 0.36267504, 0.74308330, 0.74894798)
(0.08913547, 0.74610394, 0.36901277, 0.71106774, 0.89735073, 0.44993100, 0.65384340, 0.31565177, 0.05432767, 0.46068430)
(0.43996608, 0.62742907, 0.78824002, 0.72346556, 0.29210898, 0.56735569, 0.76727551, 0.42674038, 0.61369604, 0.54811567)
(0.36558858, 0.72952801, 0.66989475, 0.73727494, 0.34118956, 0.56426495, 0.70628232, 0.33326674, 0.51684737, 0.63417971)
(0.46978426, 0.78860778, 0.36876717, 0.39986736, 0.57788384, 0.57383764, 0.40903649, 0.20362949, 0.46602333, 0.70079112)
(0.14956240, 0.79715657, 0.47552007, 0.60779327, 0.68092883, 0.64609617, 0.69012952, 0.36504498, 0.30550581, 0.62353027)
(0.40911922, 0.82124358, 0.66849953, 0.51642394, 0.33881614, 0.70882666, 0.66549498, 0.29562047, 0.73160475, 0.72381854)
(0.41888079, 0.32237652, 0.91745543, 0.78391862, 0.33754897, 0.50434887, 0.89410883, 0.66329193, 0.54124862, 0.27133274)
(0.60374898, 0.50391287, 0.49878964, 0.38176546, 0.66277814, 0.40558636, 0.45464537, 0.35763699, 0.37624484, 0.47699642)
(0.11948013, 0.80412930, 0.59094739, 0.43389803, 0.70641470, 0.78616655, 0.77309060, 0.50475043, 0.50164908, 0.60132515)
(0.18243825, 0.67102849, 0.65585077, 0.76936716, 0.61299771, 0.53792673, 0.77850634, 0.44434011, 0.24323574, 0.49034199)
(0.24762577, 0.67199570, 0.30863306, 0.47120294, 0.87469804, 0.43618795, 0.46543586, 0.29983568, 0.11873575, 0.49026141)
(0.47635722, 0.83696133, 0.67387253, 0.55398273, 0.27144638, 0.68383813, 0.64335215, 0.23611084, 0.75219399, 0.75048125)
(0.22915904, 0.59994489, 0.69491696, 0.65010887, 0.57573605, 0.60673118, 0.77964538, 0.55744755, 0.40609705, 0.46739191)
(0.56041682, 0.54593086, 0.70557213, 0.66528636, 0.36198148, 0.47407022, 0.64626640, 0.41570383, 0.56168252, 0.52427441)
(0.42366087, 0.44619319, 0.84390551, 0.84642136, 0.36329848, 0.39206597, 0.81862944, 0.46616468, 0.36788300, 0.37629306)
(0.13884921, 0.80500156, 0.39641449, 0.67103529, 0.74068594, 0.56483376, 0.64332384, 0.29394877, 0.18292643, 0.61631811)
(0.45118552, 0.63432914, 0.72989166, 0.81641454, 0.32189038, 0.44376969, 0.71259934, 0.33228019, 0.42710683, 0.55816531)
(0.44829988, 0.45514804, 0.57671374, 0.64995426, 0.68622220, 0.27559653, 0.59043646, 0.31311974, 0.15939298, 0.39616340)
(0.71745163, 0.65749836, 0.68814355, 0.68330514, 0.36642838, 0.36627525, 0.54298949, 0.20595139, 0.48216659, 0.57062089)
(0.22789924, 0.46282941, 0.78919190, 0.50974780, 0.63156706, 0.66561234, 0.83760148, 0.72822821, 0.51068217, 0.36041850)
(0.56839401, 0.71530735, 0.59064454, 0.68792117, 0.32066092, 0.47927395, 0.54301649, 0.25343806, 0.54571635, 0.67077249)
(0.16644247, 0.94229978, 0.44188654, 0.75140601, 0.42719263, 0.67154640, 0.65080488, 0.11486395, 0.38128057, 0.82295996)
(0.24850929, 0.80534232, 0.40944433, 0.60998350, 0.58879215, 0.58237368, 0.57439822, 0.26606104, 0.34861839, 0.68692243)
(0.26277709, 0.64028966, 0.70242721, 0.75455785, 0.48366019, 0.54830277, 0.77402276, 0.45040619, 0.37190297, 0.50915551)
(0.29748398, 0.68783772, 0.73048192, 0.31144378, 0.58500409, 0.76984680, 0.75537604, 0.57836008, 0.71734303, 0.55432177)
(0.40351272, 0.60053980, 0.79578346, 0.27372521, 0.55359834, 0.74691057, 0.75976503, 0.61833251, 0.76432616, 0.49647686)
(0.21957044, 0.81236768, 0.41150588, 0.51521528, 0.64518327, 0.64341861, 0.58442843, 0.30401230, 0.39091122, 0.68199664)
(0.25563151, 0.86091715, 0.75768048, 0.83422452, 0.24860285, 0.65601200, 0.81149256, 0.24943557, 0.54488981, 0.71092945)
(0.54727268, 0.59876961, 0.47837347, 0.48302272, 0.51770937, 0.48657525, 0.47400528, 0.35994977, 0.48952213, 0.57756698)
(0.45942134, 0.84276056, 0.39858624, 0.42498624, 0.50689191, 0.62062854, 0.42721659, 0.17466713, 0.54294825, 0.75687176)
(0.41905320, 0.91157585, 0.59272617, 0.70800620, 0.20731086, 0.64302814, 0.61001855, 0.11898746, 0.67211145, 0.82891959)
(0.60332555, 0.58168763, 0.66199380, 0.53309292, 0.40943533, 0.52595598, 0.58223027, 0.41356486, 0.63531286, 0.54455966)
(0.29357246, 0.56044960, 0.89177012, 0.29767004, 0.64905465, 0.78621006, 0.86787337, 0.72858661, 0.72681499, 0.36542711)
(0.51910198, 0.32551616, 0.93058234, 0.52205986, 0.38701925, 0.61629081, 0.88037342, 0.71931881, 0.72725201, 0.27806911)
(0.16510081, 0.87653202, 0.35766929, 0.90740168, 0.66113544, 0.32459798, 0.58087707, 0.09590767, 0.05587796, 0.67564726)
(0.24834931, 0.73307204, 0.64189517, 0.81268907, 0.46684340, 0.51617986, 0.74046707, 0.33138707, 0.30238366, 0.58337075)
(0.22805864, 0.68342763, 0.86926591, 0.75298250, 0.33511576, 0.70189548, 0.89153016, 0.54680532, 0.61366314, 0.50024217)
(0.28399819, 0.75145930, 0.39775535, 0.65325284, 0.61275184, 0.49267733, 0.54503667, 0.26502147, 0.27056226, 0.64060503)
(0.31824714, 0.66758293, 0.81931520, 0.83346844, 0.31107265, 0.55818617, 0.82881212, 0.41639000, 0.48456427, 0.52780813)
(0.11571120, 0.60997063, 0.78039879, 0.58169848, 0.65733171, 0.74631697, 0.87830633, 0.72624218, 0.46160930, 0.41739476)
(0.22124162, 0.74778414, 0.50836623, 0.55023783, 0.61524898, 0.64200103, 0.66023010, 0.40184283, 0.42099556, 0.61838037)
(0.38921076, 0.66185510, 0.84907061, 0.64101452, 0.28788045, 0.68544620, 0.82931900, 0.50266409, 0.73523629, 0.54906464)
(0.28316876, 0.66715586, 0.64825952, 0.39823157, 0.58417434, 0.71079493, 0.71629316, 0.54614359, 0.62332779, 0.56025082)
(0.51876622, 0.85200745, 0.48144898, 0.69687742, 0.26855049, 0.51841474, 0.48051661, 0.12403767, 0.54133368, 0.78632909)
(0.23024064, 0.85514474, 0.62357843, 0.69001436, 0.39821473, 0.68425244, 0.72655565, 0.27830997, 0.53377885, 0.71842551)
(0.24024473, 0.83139843, 0.84713143, 0.60650361, 0.30115268, 0.81259787, 0.86479962, 0.44353858, 0.78592056, 0.66096210)
(0.17784330, 0.69810331, 0.42160285, 0.47115883, 0.78589720, 0.60816306, 0.62215030, 0.44172475, 0.27946046, 0.53818214)
(0.46373001, 0.76943457, 0.41038734, 0.78052348, 0.53747010, 0.27921757, 0.42912191, 0.10175689, 0.14233978, 0.68746042)
(0.38772431, 0.71869123, 0.78219950, 0.23636396, 0.56051379, 0.79614812, 0.74384838, 0.54025847, 0.79572338, 0.57318735)
(0.42179146, 0.34895653, 0.89583385, 0.79133207, 0.35381451, 0.47565091, 0.87043315, 0.61690187, 0.50232017, 0.29936215)
(0.34652656, 0.81746489, 0.49148396, 0.71958017, 0.39660385, 0.53356081, 0.58280957, 0.20586871, 0.42027238, 0.72130656)
(0.20838031, 0.89461440, 0.69784886, 0.80104828, 0.29329053, 0.69186962, 0.79286236, 0.21868934, 0.52874047, 0.74566543)
(0.27174515, 0.90392703, 0.62532622, 0.53751963, 0.36377993, 0.77071041, 0.69312775, 0.22754455, 0.70296925, 0.78787857)
(0.07459571, 0.97148830, 0.33476043, 0.80630648, 0.60831189, 0.68934625, 0.66106570, 0.07842503, 0.18524961, 0.85383832)
(0.73463249, 0.82609075, 0.66295332, 0.59408045, 0.24057335, 0.56466657, 0.48205876, 0.16860360, 0.74621487, 0.74218214)
(0.29531401, 0.50853878, 0.87372106, 0.77882385, 0.37374994, 0.59144562, 0.87840706, 0.61328799, 0.52738810, 0.38942701)
(0.68024099, 0.72223771, 0.53321725, 0.52699399, 0.39143732, 0.49605516, 0.43421131, 0.23714739, 0.59022778, 0.64889657)
(0.44606507, 0.38968778, 0.58651125, 0.53335083, 0.66146666, 0.39322031, 0.60816789, 0.48520070, 0.32286149, 0.36751238)
(0.21701702, 0.55952060, 0.73420221, 0.77573740, 0.57639784, 0.52200890, 0.81258368, 0.53573805, 0.28108540, 0.40997851)
(0.40330958, 0.91715884, 0.56207639, 0.78819454, 0.19284675, 0.58633161, 0.59989852, 0.09632569, 0.58945644, 0.83393592)
(0.17216364, 0.62921512, 0.51105022, 0.50008225, 0.76740277, 0.61626589, 0.69502932, 0.54013419, 0.30750361, 0.47729897)
(0.37960279, 0.80594862, 0.36918557, 0.38999629, 0.63681281, 0.61178529, 0.44331318, 0.22985490, 0.45273954, 0.70154124)
(0.51959783, 0.64584422, 0.56208587, 0.33519554, 0.55999428, 0.60816503, 0.52828646, 0.40316039, 0.62133795, 0.59024560)
(0.66010565, 0.80855423, 0.59156895, 0.39488214, 0.35280433, 0.63285100, 0.46608457, 0.20135148, 0.73916590, 0.73898333)
(0.12188739, 0.89225411, 0.60677266, 0.76899958, 0.49823219, 0.70254469, 0.79204375, 0.26486668, 0.36055532, 0.70873803)
(0.13747071, 0.68845195, 0.85624844, 0.83465397, 0.46788409, 0.66739422, 0.90889132, 0.55897951, 0.38039801, 0.44298801)
(0.62341577, 0.68579483, 0.53904212, 0.61831468, 0.46035737, 0.40098298, 0.46417153, 0.21715879, 0.40006456, 0.61716425)
(0.69071275, 0.67166603, 0.60721016, 0.57308739, 0.39311025, 0.45869079, 0.49567029, 0.26687247, 0.57336777, 0.59414107)
(0.43269688, 0.31307128, 0.84114933, 0.48780257, 0.55835670, 0.54568177, 0.80911243, 0.68618715, 0.53293276, 0.27618507)
(0.11960911, 0.91346025, 0.58128560, 0.52971041, 0.57598710, 0.81158149, 0.75730324, 0.30199003, 0.55053258, 0.75106663)
(0.75187069, 0.46154967, 0.63802993, 0.30630946, 0.67963690, 0.37815535, 0.46879068, 0.35222134, 0.43740094, 0.37759516)
(0.29086956, 0.64065915, 0.57585186, 0.44029325, 0.61212695, 0.65178412, 0.66673154, 0.51872957, 0.53206134, 0.55144566)
(0.60002023, 0.51882845, 0.51542336, 0.42797312, 0.66567916, 0.37250730, 0.46416375, 0.31807876, 0.30902639, 0.47515130)
(0.24224043, 0.67744505, 0.38499066, 0.49630412, 0.76781601, 0.53222871, 0.54739285, 0.37671444, 0.25128794, 0.54669893)
(0.65919495, 0.44867724, 0.67843032, 0.58043313, 0.57998538, 0.28226438, 0.57144970, 0.26880765, 0.28925875, 0.40057635)
(0.68496782, 0.50273263, 0.76471317, 0.64393842, 0.36514065, 0.43426290, 0.63038224, 0.40521532, 0.59874511, 0.46360356)
(0.26691532, 0.67629755, 0.47486591, 0.42085484, 0.68269277, 0.63205343, 0.60782921, 0.45876905, 0.44637483, 0.57070452)
(0.37783217, 0.52528179, 0.81553596, 0.24333774, 0.62056714, 0.73319173, 0.77816230, 0.68266857, 0.73773754, 0.42519110)
(0.38206571, 0.54017735, 0.70306683, 0.84572089, 0.45247501, 0.34356034, 0.72655660, 0.35916466, 0.24161445, 0.45589617)
(0.41681364, 0.83005697, 0.67393726, 0.69639522, 0.24298018, 0.62891430, 0.68005031, 0.22441593, 0.67147756, 0.73528039)
(0.28806332, 0.63528579, 0.60152042, 0.51951128, 0.55574316, 0.63379240, 0.69216812, 0.51061422, 0.51640546, 0.55098790)
(0.18368261, 0.77385211, 0.66652113, 0.64653522, 0.52153450, 0.69653964, 0.78265214, 0.43990010, 0.47976497, 0.60547900)
(0.12749250, 0.92362010, 0.34922987, 0.58817101, 0.66672868, 0.70431530, 0.60395801, 0.17842261, 0.31487420, 0.78196424)
(0.88612783, 0.53485847, 0.91849780, 0.67732018, 0.21514161, 0.43034154, 0.68068606, 0.34046033, 0.80099827, 0.40292019)
(0.32102498, 0.74770600, 0.63130736, 0.38169456, 0.54322976, 0.73432386, 0.67670071, 0.44952819, 0.67095095, 0.63313007)
(0.19468270, 0.74052119, 0.62285864, 0.52466744, 0.58344370, 0.71587145, 0.74851322, 0.49018234, 0.52332211, 0.59197271)
(0.46155697, 0.83235419, 0.42763713, 0.49186310, 0.45108163, 0.60261899, 0.45566246, 0.18411590, 0.54898500, 0.75518245)
(0.41176817, 0.54588288, 0.91619718, 0.88065463, 0.22339368, 0.51179701, 0.88639355, 0.47707450, 0.53999710, 0.42024606)
(0.78298467, 0.62588626, 0.59508401, 0.17610840, 0.63481992, 0.56402928, 0.40469661, 0.33197439, 0.64728832, 0.50731444)
(0.62787598, 0.82392609, 0.81895351, 0.65399623, 0.15818828, 0.66465312, 0.70071793, 0.22552633, 0.83088356, 0.73408920)
(0.46031952, 0.61632407, 0.79992336, 0.73524255, 0.28420842, 0.55442035, 0.76778942, 0.42663056, 0.61205101, 0.54007363)
(0.66778433, 0.53802031, 0.56345606, 0.45781425, 0.63832957, 0.32571569, 0.47000942, 0.25376287, 0.29847842, 0.47383782)
(0.37852076, 0.22571579, 0.88531315, 0.76519054, 0.57594937, 0.35938418, 0.87348115, 0.65573037, 0.27239108, 0.17054680)
(0.40316680, 0.72515887, 0.64333355, 0.51886714, 0.41257364, 0.65407509, 0.65713757, 0.38661408, 0.65665853, 0.64548218)
(0.31458712, 0.67930335, 0.59904420, 0.50516951, 0.51813900, 0.64990211, 0.67311442, 0.46313086, 0.56772244, 0.59428102)
(0.24892384, 0.77410150, 0.61137593, 0.66164255, 0.46234760, 0.64340973, 0.71934128, 0.36394975, 0.48258272, 0.64375818)
(0.70456600, 0.31094608, 0.91944784, 0.69947314, 0.29708818, 0.43696123, 0.81167620, 0.56502211, 0.67877406, 0.29001397)
(0.31867170, 0.79436225, 0.70453733, 0.72937506, 0.30799171, 0.64008617, 0.74755323, 0.31447071, 0.58939189, 0.67470193)
(0.27421591, 0.93726867, 0.32618630, 0.53218448, 0.51933044, 0.67756826, 0.45838422, 0.10058454, 0.45004323, 0.84276921)
(0.91107416, 0.54342693, 0.84597087, 0.40869483, 0.43030789, 0.39443544, 0.54979861, 0.26934880, 0.69424069, 0.35469094)
(0.44313535, 0.39452657, 0.56292999, 0.53134626, 0.72821558, 0.33423319, 0.57837576, 0.42766571, 0.22667791, 0.35288420)
(0.41477787, 0.63592011, 0.69116324, 0.57546556, 0.40144506, 0.61014599, 0.69631159, 0.45596135, 0.62523055, 0.57422048)
(0.58038634, 0.68078911, 0.42544669, 0.57893145, 0.56353295, 0.34243771, 0.40179023, 0.16357382, 0.25399002, 0.63707280)
(0.39637646, 0.88337409, 0.36407608, 0.62121707, 0.40188068, 0.56643385, 0.44469258, 0.11664793, 0.45905101, 0.80048543)
(0.63225687, 0.55581552, 0.50130790, 0.40380898, 0.63489777, 0.40812168, 0.44135609, 0.31650326, 0.37337753, 0.50639057)
(0.20685714, 0.56291896, 0.72555465, 0.35421419, 0.70207852, 0.73438042, 0.79896057, 0.70764583, 0.57698292, 0.43001151)
(0.07423737, 0.94225627, 0.53976429, 0.86983526, 0.56999046, 0.65243810, 0.78971857, 0.15002684, 0.18088832, 0.75670165)
(0.17004563, 0.92466319, 0.24416363, 0.58424276, 0.74123311, 0.59371620, 0.45252159, 0.11103896, 0.19567925, 0.78484964)
(0.32637519, 0.42529365, 0.55307537, 0.68322164, 0.78412056, 0.28210318, 0.62490422, 0.41370669, 0.10789562, 0.32498622)
(0.44665876, 0.56110311, 0.86346900, 0.71576363, 0.28460208, 0.59325808, 0.82681996, 0.52510875, 0.66357660, 0.47472551)
(0.21761665, 0.70536321, 0.75683641, 0.55584413, 0.48739630, 0.73899257, 0.81861210, 0.56193465, 0.62448049, 0.55513567)
(0.17512952, 0.75273168, 0.70757711, 0.72713685, 0.50270170, 0.66435033, 0.81553525, 0.45118162, 0.41543430, 0.56738234)
(0.21540575, 0.70628995, 0.74997282, 0.54666269, 0.48887968, 0.74200809, 0.81764895, 0.56175542, 0.62714279, 0.55729008)
(0.48811734, 0.59104788, 0.50727874, 0.60524595, 0.46835488, 0.45307210, 0.53008026, 0.35831496, 0.44006160, 0.58809149)
(0.49336836, 0.67551488, 0.57453150, 0.35576430, 0.53991807, 0.62948352, 0.54938167, 0.39633650, 0.63696170, 0.61042249)
(0.41494823, 0.81943351, 0.43618378, 0.64809567, 0.37174860, 0.53688395, 0.50521874, 0.17688252, 0.48534557, 0.74636698)
(0.58056515, 0.52952421, 0.93095458, 0.78651714, 0.17231277, 0.56660366, 0.86494637, 0.48851678, 0.74800283, 0.44673041)
(0.21480197, 0.79746228, 0.69672430, 0.76660132, 0.40935862, 0.64184612, 0.78944576, 0.35269222, 0.44742039, 0.63364327)
(0.45982420, 0.67446810, 0.61957896, 0.52256888, 0.40258566, 0.60298908, 0.62148505, 0.38583511, 0.64001465, 0.62633467)
(0.67604792, 0.25452593, 0.94131315, 0.61063027, 0.32681289, 0.49506405, 0.85944289, 0.65593487, 0.70848042, 0.23504828)
(0.11889604, 0.83914435, 0.64113384, 0.58890468, 0.59863806, 0.76948202, 0.80374962, 0.43083301, 0.48059499, 0.64060235)
(0.56756711, 0.55065846, 0.62252176, 0.63366902, 0.44261944, 0.42555282, 0.57530409, 0.36636308, 0.46555230, 0.52903348)
(0.21270393, 0.73626000, 0.79182869, 0.71920830, 0.40915704, 0.69515300, 0.84283656, 0.48850650, 0.55389327, 0.56007016)
(0.30446255, 0.45882773, 0.72947675, 0.83438170, 0.55205506, 0.35366857, 0.77677602, 0.46378678, 0.20307958, 0.36323410)
(0.71056348, 0.54843885, 0.65799075, 0.53942049, 0.50916898, 0.35921812, 0.52784610, 0.27025774, 0.43248057, 0.47408649)
(0.52582502, 0.30873168, 0.87875623, 0.44237450, 0.49032840, 0.56488281, 0.81506765, 0.67889977, 0.63781309, 0.28148562)
(0.16221946, 0.96145397, 0.31364268, 0.85244119, 0.45371404, 0.55270588, 0.55540162, 0.05395314, 0.19376093, 0.86106086)
(0.20591249, 0.94642544, 0.71680421, 0.92556137, 0.18218894, 0.62296760, 0.80341065, 0.09871533, 0.41946644, 0.82126296)
(0.24665882, 0.87875092, 0.55379617, 0.65184909, 0.38515979, 0.68236446, 0.67674327, 0.21652229, 0.55017716, 0.75543708)
(0.46836823, 0.82195514, 0.60284108, 0.59591466, 0.29692602, 0.62454474, 0.59628946, 0.22190841, 0.67149431, 0.74487936)
(0.31144258, 0.59345990, 0.43675345, 0.73952430, 0.76641387, 0.27884939, 0.53228003, 0.26817879, 0.08568079, 0.45499983)
(0.28858522, 0.59427965, 0.68186539, 0.32939595, 0.65271389, 0.70855004, 0.73220795, 0.62416935, 0.61766225, 0.48676425)
(0.49393740, 0.61777002, 0.76048034, 0.54047829, 0.34627098, 0.62942266, 0.71665221, 0.46332952, 0.71568906, 0.56072444)
(0.35141936, 0.59813082, 0.71532470, 0.92994344, 0.45944533, 0.22462931, 0.74412203, 0.22321284, 0.10320277, 0.45330185)
(0.47480211, 0.25643495, 0.88877100, 0.60607368, 0.48344967, 0.49476752, 0.85195208, 0.69160783, 0.51524746, 0.22672433)
(0.33388999, 0.89153802, 0.64814866, 0.89919806, 0.20568573, 0.50916463, 0.70704383, 0.12068626, 0.40080163, 0.77640897)
(0.15519525, 0.58881533, 0.50431567, 0.53926539, 0.82461846, 0.55254245, 0.69312149, 0.53528959, 0.20268236, 0.41960487)
(0.68293196, 0.48415697, 0.83896583, 0.85107183, 0.31256267, 0.25145403, 0.71990329, 0.22739255, 0.34233114, 0.42452118)
(0.32361281, 0.40410048, 0.66526419, 0.59489310, 0.66509682, 0.46912900, 0.72145671, 0.59347081, 0.32643569, 0.34789139)
(0.37671551, 0.88657308, 0.52947831, 0.51728529, 0.37729114, 0.69638330, 0.57016909, 0.18940049, 0.65663737, 0.79416907)
(0.24592909, 0.72314537, 0.71203548, 0.72865659, 0.43108535, 0.62725168, 0.78677171, 0.42809910, 0.47155988, 0.57643360)
(0.09472285, 0.90968269, 0.49222970, 0.76123196, 0.61851060, 0.67817497, 0.74850500, 0.22094941, 0.24841163, 0.72318363)
(0.16797183, 0.84664363, 0.46089911, 0.86269373, 0.58557993, 0.44863531, 0.66916615, 0.17765741, 0.13518168, 0.66171587)
(0.52985293, 0.62610972, 0.72136688, 0.72868997, 0.29395697, 0.49091440, 0.67350024, 0.35278043, 0.56657875, 0.58562434)
(0.26616439, 0.94993609, 0.66853172, 0.88743657, 0.15923102, 0.63722438, 0.74311620, 0.08148269, 0.53524929, 0.84789681)
(0.38003045, 0.84684974, 0.51200515, 0.78854781, 0.30915427, 0.50181830, 0.58459258, 0.15309583, 0.41988900, 0.75323725)
(0.50653481, 0.83385390, 0.53018600, 0.70418155, 0.25929198, 0.52660352, 0.52679378, 0.15016617, 0.56746900, 0.76770270)
(0.38232294, 0.90834671, 0.27328390, 0.53575730, 0.53372580, 0.57178527, 0.35961932, 0.08504280, 0.37335178, 0.81437832)
(0.20738080, 0.67424661, 0.53231233, 0.44709846, 0.69298232, 0.66786611, 0.68419003, 0.51969850, 0.44268468, 0.54259682)
(0.29237100, 0.67142707, 0.33396399, 0.61989683, 0.78673232, 0.38617724, 0.46740654, 0.26870659, 0.13531934, 0.53820223)
(0.18690120, 0.65684849, 0.64328259, 0.72576624, 0.62171501, 0.56118917, 0.77122217, 0.47326288, 0.27423343, 0.48830202)
(0.23198466, 0.56407565, 0.76810592, 0.68139678, 0.51768398, 0.62232929, 0.82679838, 0.60889095, 0.45648772, 0.43690622)
(0.08020663, 0.96672976, 0.33701050, 0.80565274, 0.59941441, 0.67578876, 0.66100699, 0.08432739, 0.18744023, 0.84266585)
(0.47966790, 0.69216335, 0.66659546, 0.50360042, 0.38971683, 0.63510460, 0.63930446, 0.39445624, 0.68675900, 0.63200426)
(0.27292541, 0.37878150, 0.85592562, 0.33344916, 0.68563348, 0.69681859, 0.85398299, 0.76882118, 0.60369623, 0.28269503)
(0.41719842, 0.78278172, 0.55136961, 0.45869380, 0.45687097, 0.65924901, 0.57236731, 0.31120497, 0.63620073, 0.70163804)
(0.59710884, 0.66349453, 0.70003361, 0.68957114, 0.30176556, 0.49521622, 0.61533749, 0.31496575, 0.60484022, 0.61136574)
(0.35460210, 0.35421285, 0.87282115, 0.77397740, 0.43244606, 0.48847884, 0.86753350, 0.64516670, 0.43948391, 0.28823876)
(0.11955252, 0.91581231, 0.29533148, 0.54587519, 0.77737916, 0.66361493, 0.55253738, 0.16959962, 0.21714288, 0.74788886)
(0.19736619, 0.77382404, 0.74587917, 0.47216266, 0.50670505, 0.79618257, 0.81471360, 0.53615981, 0.68900228, 0.60941535)
(0.50394595, 0.73172712, 0.66587883, 0.89819884, 0.28867164, 0.29723340, 0.63771790, 0.14970812, 0.24716094, 0.64038604)
(0.51339704, 0.66854459, 0.61094517, 0.49954230, 0.40586367, 0.59022194, 0.58413488, 0.37443191, 0.64829940, 0.63125747)
(0.55807745, 0.63893491, 0.77338254, 0.48173979, 0.35094514, 0.64632952, 0.68920481, 0.44413206, 0.75675696, 0.57455623)
(0.34668806, 0.28009626, 0.92934632, 0.68780345, 0.44784892, 0.57603580, 0.91870236, 0.76880860, 0.53876072, 0.21325591)
(0.48301464, 0.48536322, 0.50253242, 0.57722229, 0.81674254, 0.20964736, 0.49735352, 0.21710682, 0.07465365, 0.38113239)
(0.12071246, 0.71110004, 0.64115620, 0.44997796, 0.72414571, 0.76158881, 0.80234742, 0.62078285, 0.46678728, 0.51262206)
(0.28017336, 0.51368517, 0.77963752, 0.64693189, 0.49479979, 0.60972631, 0.81686354, 0.63259727, 0.50789750, 0.42197609)
(0.43037537, 0.57740784, 0.58336973, 0.67308074, 0.45766747, 0.46415651, 0.61892843, 0.39834818, 0.42043599, 0.54849011)
(0.38954252, 0.66102761, 0.40132084, 0.68145734, 0.59307867, 0.38271278, 0.47648761, 0.25875601, 0.23062469, 0.60686064)
(0.31229469, 0.84106988, 0.47420964, 0.45675051, 0.53351325, 0.68543249, 0.56492609, 0.26826128, 0.56067002, 0.73474085)
(0.54171395, 0.77243721, 0.54543698, 0.52030110, 0.35537970, 0.58824962, 0.51393461, 0.23807524, 0.64384151, 0.71860760)
(0.34827939, 0.61980534, 0.63253671, 0.22120279, 0.72923034, 0.70181429, 0.65237832, 0.55835998, 0.60756487, 0.49197727)
(0.16643952, 0.78647888, 0.47564337, 0.69726813, 0.65499055, 0.57551670, 0.67945439, 0.32464454, 0.24478735, 0.61553997)
(0.33143696, 0.79465145, 0.66011906, 0.62280411, 0.35803351, 0.66850132, 0.70322371, 0.32603806, 0.63401890, 0.68533933)
(0.25559425, 0.70951909, 0.47771302, 0.51029253, 0.63451540, 0.61488330, 0.61827379, 0.41303256, 0.41789430, 0.60143340)
(0.53494537, 0.31811085, 0.90252459, 0.68280274, 0.33102819, 0.50738508, 0.85139692, 0.63362050, 0.62880486, 0.30104843)
(0.42169940, 0.49963644, 0.67745370, 0.75791043, 0.48604777, 0.38212547, 0.68955195, 0.41516197, 0.31194490, 0.44700584)
(0.10362042, 0.61067498, 0.66045946, 0.35947728, 0.85060185, 0.74740076, 0.81893450, 0.70843625, 0.37758055, 0.38397202)
(0.62036264, 0.44502380, 0.80686355, 0.74566078, 0.32801044, 0.39927348, 0.70784146, 0.43073791, 0.53339767, 0.43234769)
(0.28228140, 0.75580043, 0.48946622, 0.44012639, 0.60823828, 0.66516632, 0.60222369, 0.38484010, 0.51380831, 0.64659423)
(0.36548555, 0.35065663, 0.61830980, 0.56203574, 0.74191272, 0.37202060, 0.66523308, 0.51888818, 0.24049097, 0.29329047)
(0.64166468, 0.67562646, 0.86926651, 0.82083100, 0.16076013, 0.50716871, 0.76431727, 0.30940777, 0.69751132, 0.58630860)
(0.33745712, 0.88297993, 0.35131976, 0.47791004, 0.55017459, 0.63913292, 0.45048794, 0.15571468, 0.46435699, 0.78275275)
(0.71700650, 0.37289304, 0.93794495, 0.53836948, 0.29309222, 0.57567239, 0.83147681, 0.62160963, 0.81282997, 0.31462166)
(0.20392166, 0.79241627, 0.49188080, 0.58481848, 0.59733784, 0.64861459, 0.66238153, 0.35033113, 0.40497842, 0.65407968)
(0.22654848, 0.83126307, 0.38311830, 0.45282850, 0.68601412, 0.65643972, 0.54680955, 0.27871493, 0.39216751, 0.69464046)
(0.08693288, 0.81340861, 0.76947916, 0.69042063, 0.58474326, 0.78146648, 0.88860261, 0.52694821, 0.43473461, 0.55486596)
(0.25518179, 0.71242094, 0.62381208, 0.56631279, 0.51617128, 0.66692179, 0.72166538, 0.46032453, 0.53029644, 0.59502256)
(0.90591019, 0.56609040, 0.93947154, 0.37441072, 0.27303845, 0.60352749, 0.69598228, 0.40991533, 0.90395737, 0.36743534)
(0.18949644, 0.72701955, 0.70389748, 0.71818829, 0.50864822, 0.64853615, 0.80666214, 0.46470019, 0.41342580, 0.55218422)
(0.22032800, 0.62625289, 0.78636771, 0.47939658, 0.57560074, 0.73778260, 0.83088768, 0.65305769, 0.61681509, 0.47142828)
(0.38153338, 0.69956374, 0.49004534, 0.43244386, 0.57081127, 0.61359662, 0.55158263, 0.38555011, 0.53412431, 0.63155639)
(0.14577931, 0.90122861, 0.53521210, 0.89235091, 0.46821928, 0.52767617, 0.73580569, 0.14930020, 0.18131404, 0.72445852)
(0.09615359, 0.93824834, 0.44606543, 0.72628999, 0.58626360, 0.71751875, 0.71639025, 0.17008822, 0.29996419, 0.78460902)
(0.14764984, 0.78013968, 0.56630486, 0.46068674, 0.67463666, 0.74823344, 0.74210578, 0.48257127, 0.48928812, 0.60334432)
(0.53935081, 0.56155652, 0.83585775, 0.80819935, 0.23689671, 0.46417439, 0.77309877, 0.38566661, 0.56572807, 0.50902349)
(0.44237655, 0.46226814, 0.95021951, 0.83775455, 0.21058318, 0.57504320, 0.91664869, 0.60286385, 0.67189914, 0.35191065)
(0.27309307, 0.83457619, 0.51564234, 0.63293660, 0.44298866, 0.63553953, 0.63635862, 0.25248680, 0.49518949, 0.71838439)
(0.07399777, 0.52665764, 0.81457788, 0.24846889, 0.88926607, 0.82506132, 0.90215248, 0.84415370, 0.49286333, 0.28274852)
(0.47635403, 0.41038957, 0.88945413, 0.76782185, 0.30508199, 0.50292146, 0.84553981, 0.57282871, 0.58525151, 0.36501792)
(0.28969285, 0.68039846, 0.82071948, 0.39680436, 0.46195838, 0.79028660, 0.82811999, 0.61963677, 0.77920949, 0.54772890)
(0.42139658, 0.72550708, 0.49648613, 0.47891110, 0.50463068, 0.59678453, 0.53603745, 0.33542615, 0.55180717, 0.66448873)
(0.51811463, 0.31291980, 0.89014679, 0.81145889, 0.34518936, 0.37710011, 0.83621317, 0.54218769, 0.45117915, 0.29519874)
(0.53113610, 0.48196033, 0.81112182, 0.67607456, 0.32864764, 0.51549602, 0.75149256, 0.50499630, 0.61780000, 0.45641568)
(0.36790407, 0.54063910, 0.62319863, 0.70197058, 0.50348032, 0.45878127, 0.68058699, 0.44443545, 0.36070850, 0.48859560)
(0.13685419, 0.83570427, 0.58435827, 0.64885229, 0.58551699, 0.71140474, 0.76619488, 0.37008524, 0.40285608, 0.65185547)
(0.76140380, 0.46380520, 0.91254795, 0.60145432, 0.25959939, 0.54106444, 0.76900148, 0.51245624, 0.80694067, 0.38423663)
(0.74934292, 0.48854461, 0.88876778, 0.82135141, 0.21417551, 0.36918592, 0.74397153, 0.34661812, 0.62275195, 0.42887509)
(0.28251237, 0.57040614, 0.66625154, 0.70968175, 0.54134589, 0.52229929, 0.74322343, 0.49596307, 0.35142833, 0.46991128)
(0.32793298, 0.43858892, 0.80758536, 0.83454102, 0.45371541, 0.40941408, 0.82387072, 0.51225793, 0.30590972, 0.35388377)
(0.23896413, 0.92792344, 0.35072756, 0.70950240, 0.44397455, 0.60097098, 0.52733052, 0.09936135, 0.35790718, 0.82510740)
(0.10351285, 0.83087492, 0.55303055, 0.53940600, 0.69949049, 0.75560284, 0.77077389, 0.43570942, 0.39470097, 0.62438047)
(0.45193726, 0.72775567, 0.70052797, 0.39886963, 0.44179526, 0.71038079, 0.66573650, 0.42184910, 0.73960423, 0.63216174)
(0.40364528, 0.53318542, 0.91213113, 0.80550355, 0.24814026, 0.58449197, 0.88491493, 0.54733688, 0.63660550, 0.41835397)
(0.59602571, 0.70578349, 0.44643345, 0.33288673, 0.57209188, 0.54657358, 0.40955257, 0.25657719, 0.52231592, 0.62983978)
(0.27281874, 0.48846507, 0.80171818, 0.52020746, 0.53145593, 0.67663932, 0.83407688, 0.70492893, 0.59589726, 0.40288410)
(0.26702037, 0.95922208, 0.22270694, 0.77308273, 0.44191206, 0.52508825, 0.37900126, 0.03705588, 0.23579049, 0.88212776)
(0.42520204, 0.82503736, 0.71432215, 0.93335629, 0.19391215, 0.38495958, 0.71066302, 0.13372160, 0.31934217, 0.71327233)
(0.73805106, 0.34794253, 0.91932207, 0.74739426, 0.27366030, 0.40429917, 0.79163527, 0.50456768, 0.66188854, 0.31391633)
(0.67276698, 0.44360408, 0.76081502, 0.63470685, 0.44054919, 0.37601528, 0.63507479, 0.39062634, 0.49419829, 0.40901983)
(0.37095875, 0.35752892, 0.86797774, 0.75680655, 0.41250417, 0.50052869, 0.86158597, 0.64134002, 0.47491872, 0.30212441)
(0.35435489, 0.76329637, 0.65577602, 0.81548923, 0.31989107, 0.51138413, 0.70587468, 0.25959510, 0.42158708, 0.65375715)
(0.17185788, 0.73780960, 0.74657786, 0.76822835, 0.49463516, 0.64522094, 0.83596736, 0.46100488, 0.38869089, 0.53961796)
(0.59237880, 0.50089657, 0.75095618, 0.61010849, 0.36920640, 0.50108063, 0.67032337, 0.47034645, 0.62973416, 0.47701949)
(0.53249311, 0.40706640, 0.90946245, 0.42796504, 0.37141156, 0.66942871, 0.85019231, 0.68401957, 0.79735875, 0.36050233)
(0.17451622, 0.59794921, 0.49751616, 0.66331208, 0.79154807, 0.46415395, 0.67940342, 0.45713678, 0.14781891, 0.43035722)
(0.66214353, 0.56845164, 0.62671071, 0.13834754, 0.70481396, 0.60600704, 0.48167726, 0.41098088, 0.64348954, 0.46930826)
(0.18138169, 0.70738739, 0.46192235, 0.67894846, 0.71728820, 0.51242077, 0.65627450, 0.36952403, 0.19588678, 0.54312849)
(0.30386159, 0.89505988, 0.52491528, 0.94516993, 0.31438777, 0.32608896, 0.62362033, 0.07084187, 0.13743508, 0.76037186)
(0.22921208, 0.72817802, 0.40829489, 0.58448219, 0.70099515, 0.54056782, 0.58043146, 0.33892167, 0.26487526, 0.59414053)
(0.17194144, 0.76225626, 0.56452966, 0.60381550, 0.62911493, 0.66049141, 0.72860837, 0.42122355, 0.38059136, 0.59457076)
(0.27014431, 0.64990735, 0.64627731, 0.85753310, 0.51437867, 0.39946353, 0.73664683, 0.33026251, 0.19622912, 0.50397056)
(0.55344486, 0.62242490, 0.72954124, 0.34295264, 0.46328527, 0.66392523, 0.64639223, 0.46892953, 0.74513465, 0.55810833)
(0.41486096, 0.73485559, 0.46667275, 0.47857478, 0.51077127, 0.58983618, 0.52006692, 0.31208530, 0.53159839, 0.67237169)
(0.32611677, 0.90930206, 0.51400751, 0.67057204, 0.31276405, 0.65396124, 0.59368819, 0.14032659, 0.58138907, 0.81516582)
(0.79012388, 0.58653539, 0.83654159, 0.65037298, 0.25984958, 0.47700197, 0.64008546, 0.35687643, 0.74325794, 0.49508575)
(0.21901430, 0.32873118, 0.94962507, 0.64654452, 0.47814548, 0.70719385, 0.95211506, 0.84322625, 0.60689527, 0.21413262)
(0.46341440, 0.78020602, 0.67865562, 0.68964392, 0.25387701, 0.59211200, 0.66540670, 0.25736731, 0.65886414, 0.69992381)
(0.25672343, 0.84224141, 0.66958606, 0.85781217, 0.32008573, 0.55830050, 0.75521892, 0.22054015, 0.37664583, 0.69407976)
(0.32333565, 0.64326638, 0.77834761, 0.84174031, 0.34808898, 0.50192833, 0.80321145, 0.38975558, 0.39877793, 0.51580089)
(0.18944687, 0.93396050, 0.60563117, 0.56172246, 0.39742595, 0.80387849, 0.72304720, 0.20198387, 0.66782743, 0.81160152)
(0.45057443, 0.37808660, 0.58282578, 0.54151672, 0.73688376, 0.31419459, 0.58870435, 0.41917822, 0.20764700, 0.33381966)
(0.63363683, 0.43294480, 0.76010269, 0.70217478, 0.39713508, 0.36165950, 0.66967887, 0.38089994, 0.47849146, 0.41759893)
(0.17643867, 0.50904959, 0.94001430, 0.53533953, 0.48200110, 0.81071293, 0.94581199, 0.82929200, 0.73944467, 0.32487649)
(0.42507213, 0.67432547, 0.86842746, 0.85917336, 0.19805066, 0.54226565, 0.83901912, 0.36481291, 0.58605814, 0.55313474)
(0.26890743, 0.64246136, 0.74642462, 0.83838981, 0.42938578, 0.50031126, 0.80175203, 0.40886822, 0.32290828, 0.49724248)
(0.20463721, 0.76613218, 0.73262095, 0.64321178, 0.44695440, 0.72223628, 0.81207502, 0.46530893, 0.57526630, 0.60215664)
(0.49396369, 0.44049963, 0.59502310, 0.57646066, 0.53535223, 0.40959713, 0.59985065, 0.44453883, 0.40371397, 0.45301101)
(0.30388084, 0.60419595, 0.66584575, 0.56577343, 0.52072871, 0.62005162, 0.72653478, 0.53747958, 0.52526259, 0.52068001)
(0.70367599, 0.82325035, 0.68413842, 0.61679447, 0.22495818, 0.57753456, 0.52570814, 0.18259431, 0.75311720, 0.74433488)
(0.52289665, 0.57884991, 0.59952563, 0.69321901, 0.41999614, 0.39796293, 0.58454430, 0.31812742, 0.40304768, 0.56143421)
(0.14581303, 0.65465289, 0.70750451, 0.55512184, 0.64264005, 0.72339052, 0.82670093, 0.64117146, 0.46102977, 0.47874850)
(0.25164062, 0.52711964, 0.87055194, 0.21317577, 0.69892281, 0.80383652, 0.85998857, 0.78246450, 0.74955910, 0.36796594)
(0.26314181, 0.90327740, 0.39604494, 0.75410604, 0.42405331, 0.55380529, 0.55680722, 0.11980719, 0.33503342, 0.79307711)
(0.24371161, 0.53391331, 0.71255547, 0.34186667, 0.69422501, 0.70476210, 0.77182275, 0.69116992, 0.57657343, 0.42867377)
(0.06176808, 0.94165665, 0.31047645, 0.79602963, 0.77189445, 0.60814172, 0.66855294, 0.12542956, 0.09514089, 0.75009549)
(0.48482972, 0.79961962, 0.52139789, 0.65646529, 0.30666167, 0.53845519, 0.53388292, 0.19265395, 0.56527543, 0.73731226)
(0.37880594, 0.62054539, 0.46083808, 0.44232464, 0.62474698, 0.55723917, 0.53909904, 0.42654419, 0.45408154, 0.57113189)
(0.33255601, 0.83161438, 0.79647946, 0.78250057, 0.21687388, 0.67502701, 0.80361527, 0.28961480, 0.67274958, 0.70024145)
(0.14908728, 0.67589146, 0.62019610, 0.39853367, 0.73931366, 0.74300879, 0.77005529, 0.62678808, 0.48136052, 0.50018167)
(0.63309211, 0.51621860, 0.76927537, 0.76751310, 0.32283661, 0.36944911, 0.67310625, 0.33235350, 0.48810872, 0.48252630)
(0.31916660, 0.77935451, 0.42823711, 0.50378740, 0.60165894, 0.59643787, 0.53010911, 0.29287830, 0.42797562, 0.67558259)
(0.58711690, 0.79085898, 0.43276617, 0.35450813, 0.51226890, 0.58383340, 0.39695588, 0.19065410, 0.56452531, 0.70687258)
(0.18964650, 0.63246018, 0.72655803, 0.68340713, 0.58461964, 0.62901157, 0.81428361, 0.56007075, 0.38476330, 0.46263078)
(0.53619081, 0.38473988, 0.85449880, 0.76310742, 0.32924193, 0.42534974, 0.79267794, 0.50798744, 0.52081525, 0.37194771)
(0.35179102, 0.59180439, 0.70020223, 0.52716827, 0.47093195, 0.63683951, 0.73195612, 0.54700541, 0.60881388, 0.52678037)
(0.70118320, 0.76608670, 0.35115153, 0.43378881, 0.58572656, 0.39429286, 0.28264388, 0.11168191, 0.30404446, 0.67443931)
(0.40843254, 0.55141658, 0.85348570, 0.67437559, 0.32030573, 0.61778504, 0.83022398, 0.56493270, 0.66578746, 0.46845016)
(0.30766505, 0.64714903, 0.57507139, 0.46704143, 0.56985933, 0.64318305, 0.66154224, 0.49565080, 0.54473764, 0.56838822)
(0.13265906, 0.68082136, 0.82601315, 0.59953696, 0.53441572, 0.78248829, 0.89280641, 0.68627596, 0.58724737, 0.47761533)
(0.09275069, 0.89482456, 0.52420998, 0.55701244, 0.67149961, 0.78272313, 0.75848544, 0.33533010, 0.41451374, 0.70590645)
(0.53941572, 0.44425705, 0.88853103, 0.68323237, 0.28161421, 0.55317348, 0.82565868, 0.56862676, 0.69562596, 0.40642533)
(0.44843221, 0.61184192, 0.89242393, 0.41274139, 0.35875034, 0.75989181, 0.84013343, 0.61922437, 0.84108478, 0.49565360)
(0.17130163, 0.65492713, 0.46607494, 0.53197545, 0.78251797, 0.57657486, 0.65906435, 0.47868723, 0.24506499, 0.49576819)
(0.26622948, 0.72180402, 0.73695576, 0.55823427, 0.43953061, 0.72201264, 0.78705275, 0.49879661, 0.65064186, 0.59005409)
(0.47501597, 0.54492944, 0.80503088, 0.52069968, 0.37229118, 0.63365358, 0.76277131, 0.55879587, 0.71949911, 0.49622324)
(0.34517637, 0.74318427, 0.49275893, 0.50541127, 0.52158016, 0.61622846, 0.57559288, 0.34437504, 0.52408767, 0.66275197)
(0.63314700, 0.53999794, 0.81427079, 0.82952482, 0.25474244, 0.36590731, 0.71090132, 0.32002276, 0.49648145, 0.49883530)
(0.43277457, 0.58446306, 0.57258379, 0.39742938, 0.56246012, 0.59823698, 0.59499007, 0.48663080, 0.57952595, 0.54836833)
(0.20304728, 0.82834131, 0.58138430, 0.79581106, 0.46230033, 0.57903504, 0.72989869, 0.26140997, 0.31867486, 0.66717899)
(0.70276242, 0.58559316, 0.73240089, 0.49896586, 0.39777106, 0.52114105, 0.57653636, 0.39251637, 0.68324327, 0.51281536)
(0.41666341, 0.84439325, 0.62022972, 0.93915379, 0.21590658, 0.33542377, 0.64882565, 0.09842342, 0.23643719, 0.74332780)
(0.74504846, 0.51185358, 0.75442064, 0.56911659, 0.40083358, 0.42177615, 0.59757286, 0.36069962, 0.61512953, 0.44163370)
(0.36244237, 0.82466501, 0.71568584, 0.79506564, 0.23879817, 0.60134983, 0.73559785, 0.24053489, 0.58527803, 0.71237719)
(0.48062822, 0.90373552, 0.43309081, 0.77960831, 0.23240039, 0.49630004, 0.46204603, 0.07474158, 0.47317094, 0.83311301)
(0.27382553, 0.62209302, 0.89483207, 0.40757895, 0.51500148, 0.79409277, 0.88132995, 0.69989604, 0.76346922, 0.43740940)
(0.48631281, 0.72339606, 0.60551757, 0.44823468, 0.42208013, 0.64156044, 0.58660775, 0.35552433, 0.67931628, 0.66446143)
(0.40077057, 0.72183430, 0.60534370, 0.38899928, 0.51805013, 0.68662208, 0.62035930, 0.41691688, 0.66131836, 0.63468492)
(0.47752789, 0.69339901, 0.60410815, 0.52755088, 0.38921669, 0.59519500, 0.60040396, 0.35326442, 0.63975954, 0.64572644)
(0.42839864, 0.57148373, 0.87624335, 0.87212676, 0.23965901, 0.47715956, 0.84600163, 0.41717607, 0.49693909, 0.46660510)
(0.44654211, 0.48636073, 0.91134399, 0.78488535, 0.25466329, 0.56609017, 0.87412256, 0.56625426, 0.64817208, 0.40000388)
(0.19256878, 0.83048296, 0.48971567, 0.95799035, 0.57234687, 0.21824709, 0.66246581, 0.09221895, 0.03557534, 0.60909325)
(0.17503932, 0.67985755, 0.37851116, 0.48254809, 0.83470923, 0.54749537, 0.58096933, 0.41087094, 0.19545032, 0.50921792)
(0.09350962, 0.60264844, 0.84749150, 0.49142921, 0.69114685, 0.81403250, 0.91633689, 0.80343133, 0.55507421, 0.37651557)
(0.25942978, 0.89896441, 0.66175693, 0.73411620, 0.26881748, 0.70199531, 0.74116677, 0.19393475, 0.62329996, 0.77459109)
(0.09403203, 0.57978356, 0.86188698, 0.73105109, 0.63193810, 0.72093081, 0.92532718, 0.74837643, 0.37495989, 0.34044659)
(0.50275934, 0.75544411, 0.50343710, 0.46743619, 0.44470522, 0.59589452, 0.49684355, 0.27144694, 0.60180247, 0.69798297)
(0.48333949, 0.26966748, 0.72678119, 0.51889193, 0.71516830, 0.35169572, 0.69171882, 0.53429115, 0.28772703, 0.22910739)
(0.47378275, 0.79341644, 0.70432097, 0.64997774, 0.24621344, 0.63074648, 0.67689627, 0.26266986, 0.71337605, 0.70986319)
(0.19770859, 0.43293950, 0.86712044, 0.58554757, 0.57955623, 0.69022095, 0.89889437, 0.77935946, 0.52994490, 0.31224552)
(0.28386274, 0.67237425, 0.41767794, 0.67273873, 0.65912020, 0.44110608, 0.56160438, 0.31630659, 0.21812582, 0.56432331)
(0.63344538, 0.32923648, 0.95917052, 0.58337158, 0.24946976, 0.61609799, 0.89836806, 0.68827593, 0.82090914, 0.28761804)
(0.15540914, 0.87257689, 0.50274885, 0.69708884, 0.54417270, 0.66561306, 0.70788127, 0.25182542, 0.35631275, 0.71166515)
(0.38777149, 0.67719287, 0.51690114, 0.43035638, 0.57012337, 0.61412865, 0.56816810, 0.41202232, 0.54493570, 0.61081070)
(0.36510140, 0.72240883, 0.86584359, 0.78704017, 0.21958654, 0.65057403, 0.85168427, 0.41247976, 0.68030167, 0.58090413)
(0.38975132, 0.74699521, 0.53683400, 0.47468051, 0.48400500, 0.63867396, 0.58183903, 0.34658763, 0.59503454, 0.67139912)
(0.48648486, 0.68759215, 0.69593620, 0.50119448, 0.36700082, 0.64664811, 0.66195911, 0.40382984, 0.71445590, 0.62699872)
(0.26364616, 0.63130319, 0.84130186, 0.85284531, 0.35753116, 0.55328387, 0.86288172, 0.46694899, 0.41559803, 0.46626168)
(0.50435770, 0.82010931, 0.50462651, 0.52465737, 0.35440311, 0.60690832, 0.50062478, 0.19515949, 0.63024259, 0.75367713)
(0.21218774, 0.71694547, 0.61427289, 0.49032435, 0.59366673, 0.70991242, 0.73402947, 0.50764775, 0.53788519, 0.58037156)
(0.60755199, 0.63067669, 0.54244167, 0.25159883, 0.68014461, 0.55526853, 0.45868298, 0.35514256, 0.51809609, 0.52546483)
(0.51786882, 0.60877246, 0.81926382, 0.22927800, 0.52259588, 0.74238026, 0.73170763, 0.56638461, 0.80951709, 0.50776851)
(0.19611843, 0.79724640, 0.64680314, 0.32659328, 0.65605724, 0.80659276, 0.74584520, 0.50395393, 0.65541416, 0.61958104)
(0.50790423, 0.52979559, 0.78471112, 0.55135810, 0.37689334, 0.58751339, 0.73122507, 0.52831787, 0.67912632, 0.49294883)
(0.38119408, 0.66829276, 0.40862313, 0.75403368, 0.69253349, 0.24560635, 0.47062510, 0.15062089, 0.08843741, 0.57082832)
(0.29653960, 0.54195023, 0.66173154, 0.36195442, 0.65693879, 0.66401678, 0.71653050, 0.63410741, 0.56834114, 0.46422720)
(0.65255260, 0.90150058, 0.63366598, 0.50888848, 0.24130158, 0.67210537, 0.49017912, 0.12050204, 0.77825946, 0.82823867)
(0.21700747, 0.73024213, 0.54384047, 0.65857697, 0.59024179, 0.59006679, 0.69327831, 0.39129999, 0.34334853, 0.58939862)
(0.31158629, 0.65352917, 0.46562552, 0.33767062, 0.72709382, 0.62554067, 0.56931823, 0.45593679, 0.45247862, 0.54814088)
(0.29678535, 0.85320967, 0.54498821, 0.91796845, 0.34004349, 0.37603828, 0.65047657, 0.11748190, 0.18770614, 0.72083241)
(0.20497543, 0.96302217, 0.36065415, 0.55847627, 0.46291205, 0.74681896, 0.53110385, 0.08533196, 0.51498580, 0.87803924)
(0.27218503, 0.66057730, 0.52996916, 0.57510382, 0.59437120, 0.58227766, 0.65358371, 0.44444934, 0.40214109, 0.56469542)
(0.09848210, 0.90624386, 0.49430430, 0.66644597, 0.62188673, 0.73539561, 0.74433547, 0.26122472, 0.34285751, 0.72921258)
(0.40960121, 0.66468543, 0.68102467, 0.60657430, 0.38522935, 0.60376751, 0.69020712, 0.42264727, 0.61188275, 0.59706289)
(0.72089660, 0.68400949, 0.66348046, 0.63821238, 0.33685011, 0.44276482, 0.52207184, 0.24420433, 0.59748060, 0.60068470)
(0.28661966, 0.53578365, 0.69925141, 0.30878851, 0.69228029, 0.69040859, 0.73875248, 0.66297477, 0.59015691, 0.43849194)
(0.17164214, 0.87844014, 0.74942684, 0.64357501, 0.36896908, 0.79877847, 0.83078510, 0.35421258, 0.67300254, 0.71210510)
(0.30252320, 0.51247030, 0.71328086, 0.29405591, 0.69930404, 0.68235588, 0.73665297, 0.66528183, 0.59529549, 0.41894877)
(0.28759405, 0.69927162, 0.55303466, 0.88713270, 0.50829828, 0.31775975, 0.66922921, 0.21693327, 0.13458297, 0.56036574)
(0.45557094, 0.64128786, 0.72652382, 0.65294266, 0.33712637, 0.57538879, 0.70689493, 0.41595814, 0.62077165, 0.57909083)
(0.26256350, 0.62812477, 0.53629053, 0.74399370, 0.61902678, 0.44317406, 0.66596836, 0.38150465, 0.21849653, 0.51031911)
(0.16707611, 0.67990506, 0.45439431, 0.67736530, 0.76740283, 0.48706776, 0.65772307, 0.38617703, 0.15588664, 0.50228190)
(0.65599203, 0.63192391, 0.48786283, 0.20822819, 0.66557664, 0.55985183, 0.40902436, 0.32417902, 0.54432005, 0.54818511)
(0.36031535, 0.66877639, 0.54556960, 0.76270038, 0.47125199, 0.43675226, 0.62444276, 0.30687964, 0.30719149, 0.58789998)
(0.66847306, 0.51260513, 0.82948005, 0.31975129, 0.44294807, 0.63603556, 0.68598145, 0.52744126, 0.79085058, 0.44648123)
(0.49674356, 0.81284708, 0.56867117, 0.48986793, 0.36314479, 0.64539558, 0.54742777, 0.24092861, 0.68230152, 0.74060106)
(0.15472095, 0.91451049, 0.46548745, 0.54660213, 0.56820339, 0.75234407, 0.65939838, 0.22420825, 0.48471674, 0.77730572)
(0.27995053, 0.64023632, 0.54652888, 0.58121109, 0.58736610, 0.57514310, 0.66243207, 0.45996055, 0.40316677, 0.54924631)
(0.37685427, 0.84256876, 0.80619442, 0.60353178, 0.22849667, 0.75960553, 0.79183424, 0.31065956, 0.81042916, 0.71933478)
(0.18683386, 0.71332735, 0.67184812, 0.46451956, 0.60032976, 0.74897546, 0.78215641, 0.56805426, 0.57888794, 0.56030315)
(0.28752831, 0.72088772, 0.82670492, 0.66391242, 0.32983717, 0.71558630, 0.84273535, 0.48809251, 0.68498111, 0.57109928)
(0.30168927, 0.48518652, 0.72339857, 0.69243890, 0.53900075, 0.52191389, 0.77303928, 0.57606494, 0.38710594, 0.40540245)
(0.41319016, 0.59247708, 0.73693490, 0.78992689, 0.34673315, 0.47347036, 0.74083340, 0.39440590, 0.44485682, 0.52358204)
(0.72917485, 0.70934170, 0.64326727, 0.63845634, 0.35863465, 0.41454700, 0.49500814, 0.20295717, 0.54007757, 0.61434919)
(0.10924724, 0.96075398, 0.30631337, 0.82099217, 0.57887942, 0.60932964, 0.59854174, 0.07408442, 0.16885674, 0.84222251)
(0.17496313, 0.92547011, 0.45813742, 0.91211730, 0.44271117, 0.46111390, 0.65456849, 0.08899123, 0.14796424, 0.77923906)
(0.18917969, 0.74918836, 0.52808744, 0.43316275, 0.68025798, 0.71130890, 0.68969673, 0.46946746, 0.48104396, 0.59598202)
(0.43595836, 0.56053090, 0.63035041, 0.45546082, 0.49846667, 0.59689182, 0.64274627, 0.51543570, 0.61049819, 0.53683692)
(0.30781889, 0.78282219, 0.54872173, 0.36895347, 0.59003186, 0.72212094, 0.62118137, 0.38953018, 0.61600822, 0.66463220)
(0.47108701, 0.56831825, 0.84122193, 0.83487535, 0.26293865, 0.46944076, 0.80021805, 0.40729931, 0.51030868, 0.48892823)
(0.39768720, 0.62312883, 0.81165165, 0.64275962, 0.32408428, 0.64060175, 0.79880929, 0.50321501, 0.67785615, 0.53202927)
(0.27561307, 0.66858804, 0.69382364, 0.63012546, 0.46509162, 0.64148432, 0.76221669, 0.48805267, 0.53110754, 0.55191916)
(0.23044881, 0.88663960, 0.49527445, 0.84690148, 0.40153876, 0.52149266, 0.65455145, 0.14400417, 0.27228704, 0.75251377)
(0.30375540, 0.94184303, 0.26709050, 0.65534282, 0.44913074, 0.58832246, 0.40012056, 0.06214389, 0.35836872, 0.85863912)
(0.27151388, 0.65595961, 0.49091929, 0.37882710, 0.70371145, 0.64392447, 0.61641735, 0.48870319, 0.46387368, 0.54823685)
(0.41891301, 0.77063721, 0.70965576, 0.64294535, 0.28488061, 0.64383441, 0.70621604, 0.31555641, 0.68825209, 0.67849249)
(0.42979059, 0.56696701, 0.70955735, 0.57178110, 0.41232926, 0.58513838, 0.70912200, 0.50575012, 0.61127675, 0.52550822)
(0.21498165, 0.60688394, 0.76154524, 0.69229180, 0.51582360, 0.63680172, 0.82982641, 0.58087915, 0.44899309, 0.45913604)
(0.14894322, 0.95687526, 0.28923216, 0.85798627, 0.51857531, 0.52198547, 0.54478878, 0.05584832, 0.14653327, 0.84759241)
(0.16187465, 0.78266358, 0.51405883, 0.36794633, 0.73670667, 0.75073951, 0.69276178, 0.47185203, 0.48602518, 0.60318768)
(0.42810458, 0.34913805, 0.86458504, 0.28981194, 0.63308221, 0.64395005, 0.80967987, 0.71188766, 0.65304869, 0.28191769)
(0.61201537, 0.58122170, 0.83446801, 0.87203699, 0.21680556, 0.35068709, 0.74006081, 0.27745178, 0.45612299, 0.52342904)
(0.38341731, 0.71096611, 0.58199573, 0.14967884, 0.78226274, 0.73687321, 0.57896078, 0.45778590, 0.62529856, 0.53738034)
(0.52389783, 0.43453988, 0.80900747, 0.88304067, 0.43602994, 0.20771427, 0.75560832, 0.25417230, 0.16880217, 0.36032152)
(0.28607619, 0.63119376, 0.75840980, 0.78601480, 0.41779432, 0.55006564, 0.80106282, 0.45588389, 0.41731527, 0.50109160)
(0.32354683, 0.93403578, 0.82693249, 0.81081903, 0.11865792, 0.75605434, 0.82405710, 0.14833570, 0.79377669, 0.81951165)
(0.13627425, 0.82610798, 0.77591771, 0.69884819, 0.45226035, 0.76959634, 0.86501390, 0.45791984, 0.55091244, 0.61677665)
(0.37051934, 0.75741792, 0.55457968, 0.81522572, 0.37611979, 0.44093299, 0.62383664, 0.22200048, 0.32528162, 0.66415781)
(0.24497846, 0.74280620, 0.84432697, 0.86758298, 0.29121035, 0.60513020, 0.87014759, 0.38897893, 0.47115862, 0.55521536)
(0.55153769, 0.75009274, 0.49306539, 0.76823115, 0.47958109, 0.25812241, 0.45541462, 0.09059732, 0.16620363, 0.67280251)
(0.15820131, 0.55095041, 0.72234833, 0.73559272, 0.68791550, 0.55304909, 0.82840616, 0.59407353, 0.23418367, 0.36693993)
(0.22738934, 0.86949152, 0.69723624, 0.49371871, 0.42057461, 0.80335599, 0.76464105, 0.34975058, 0.72366929, 0.72596997)
(0.30164587, 0.70959753, 0.54734349, 0.43498644, 0.58411908, 0.66954851, 0.63670218, 0.44361797, 0.55742562, 0.61175478)
(0.57849115, 0.51089358, 0.67967224, 0.44327196, 0.47650865, 0.54765093, 0.60920918, 0.48992068, 0.64057988, 0.48703811)
(0.15971754, 0.82794452, 0.72880203, 0.72010088, 0.43926695, 0.73001152, 0.83124179, 0.40115142, 0.50958019, 0.64047408)
(0.37615708, 0.64905220, 0.49004981, 0.59569842, 0.52140993, 0.51577407, 0.57280141, 0.37361276, 0.42261267, 0.59952223)
(0.46583927, 0.88984132, 0.58164167, 0.46567315, 0.33380958, 0.71736073, 0.55829030, 0.18188091, 0.73854053, 0.80440176)
(0.66625959, 0.61836314, 0.86875004, 0.49481386, 0.28328753, 0.64900744, 0.73627019, 0.44893613, 0.82407171, 0.52701765)
(0.39364633, 0.42854249, 0.75345069, 0.67537093, 0.46569538, 0.49856788, 0.76348680, 0.57226789, 0.46866885, 0.39431652)
(0.27680326, 0.78032482, 0.45874083, 0.40724277, 0.65332735, 0.66995102, 0.57320511, 0.35703245, 0.48914334, 0.65775740)
(0.72887278, 0.84834713, 0.85659575, 0.81975853, 0.09827944, 0.56633574, 0.69648194, 0.15728816, 0.80736876, 0.74740529)
(0.56991225, 0.67226464, 0.69719660, 0.23445703, 0.55208564, 0.69039178, 0.59210503, 0.42372194, 0.74774712, 0.57914883)
(0.43034753, 0.74407333, 0.68228436, 0.39735216, 0.45708656, 0.71604073, 0.65848637, 0.41453928, 0.72827387, 0.64449263)
(0.13576373, 0.75229347, 0.65111327, 0.45384070, 0.66989064, 0.77427256, 0.79705155, 0.56748331, 0.52714258, 0.56210291)
(0.49343970, 0.74725437, 0.78310025, 0.72780794, 0.21208055, 0.60336113, 0.73760206, 0.30735168, 0.70345098, 0.66204429)
(0.13518992, 0.73833930, 0.78723907, 0.62580180, 0.53105861, 0.76770556, 0.87201804, 0.59117419, 0.54786205, 0.52750713)
(0.48074996, 0.87480348, 0.64924753, 0.65259689, 0.21866775, 0.64865625, 0.62257326, 0.16457112, 0.72088927, 0.79128271)
(0.32003585, 0.81878299, 0.40897313, 0.69622296, 0.48422348, 0.51055849, 0.53620601, 0.19379187, 0.33741790, 0.71954995)
(0.31419757, 0.74600631, 0.83820170, 0.68127221, 0.28285545, 0.71843284, 0.84267896, 0.44953638, 0.71760499, 0.59965622)
(0.21273303, 0.64613432, 0.46635485, 0.64768153, 0.72162384, 0.48868269, 0.63819081, 0.40709028, 0.20693813, 0.50948596)
(0.11578753, 0.88921988, 0.51187402, 0.66034514, 0.60007733, 0.72184712, 0.73994261, 0.27955201, 0.36511561, 0.71410996)
(0.37871900, 0.68054342, 0.72544742, 0.41303891, 0.46571693, 0.71972966, 0.72427893, 0.51119834, 0.72471422, 0.58699262)
(0.14801265, 0.78590435, 0.52166414, 0.72150213, 0.65237153, 0.58991146, 0.72289008, 0.34785503, 0.23867741, 0.59704638)
(0.11804392, 0.82718116, 0.54311007, 0.45338583, 0.71006995, 0.77333146, 0.74627006, 0.44972992, 0.46413070, 0.63100553)
(0.07433720, 0.83182144, 0.58664346, 0.40655965, 0.78654599, 0.82094240, 0.80855131, 0.53301775, 0.44337291, 0.58328152)
(0.61655796, 0.40106308, 0.92721331, 0.72846472, 0.23993677, 0.52708304, 0.84949803, 0.57725841, 0.72871840, 0.35727906)
(0.15814061, 0.48554328, 0.92685318, 0.69525576, 0.54171079, 0.71607661, 0.93881744, 0.79097074, 0.52559304, 0.28400537)
(0.22641836, 0.69805944, 0.79914016, 0.93819541, 0.42951533, 0.38551497, 0.84128058, 0.30031285, 0.16018322, 0.46663749)
(0.78470910, 0.29722494, 0.88517642, 0.60548234, 0.41759706, 0.35432279, 0.71832520, 0.47732550, 0.60310012, 0.26045713)
(0.47314855, 0.46802235, 0.66311789, 0.76506257, 0.53571403, 0.27096257, 0.65667713, 0.29124591, 0.20123954, 0.42449901)
(0.35638884, 0.48816580, 0.81635344, 0.34184358, 0.58907598, 0.69980484, 0.79631543, 0.69666767, 0.68753761, 0.40499187)
(0.50668824, 0.49237865, 0.62987447, 0.71153527, 0.53044671, 0.29757920, 0.61223084, 0.28544170, 0.24358985, 0.46205753)
(0.20619646, 0.64957762, 0.75439513, 0.84333539, 0.50089473, 0.51829857, 0.82773536, 0.44491959, 0.26751402, 0.46919122)
(0.30997288, 0.59339428, 0.90986443, 0.90955907, 0.24956837, 0.51655412, 0.90258849, 0.46000388, 0.44612786, 0.42536983)
(0.87514901, 0.61537910, 0.76970446, 0.42973009, 0.45689407, 0.40075237, 0.49386063, 0.23711492, 0.61886609, 0.43745589)
(0.26694828, 0.62133068, 0.77247077, 0.34912804, 0.58794898, 0.76130742, 0.80064648, 0.66201216, 0.70089704, 0.49245346)
(0.13324420, 0.50204742, 0.77585506, 0.62569308, 0.71322060, 0.65181565, 0.86791134, 0.72524476, 0.34045482, 0.33132955)
(0.21368116, 0.72556621, 0.54707658, 0.46158695, 0.64374876, 0.69176948, 0.68770748, 0.47545582, 0.49326670, 0.59011501)
(0.42605141, 0.44730541, 0.79114455, 0.20941511, 0.69545215, 0.66939962, 0.72664511, 0.65603083, 0.67068881, 0.36135250)
(0.04743816, 0.75943005, 0.82556164, 0.56736994, 0.72027773, 0.85388935, 0.93138814, 0.74177760, 0.46691495, 0.44543523)
(0.17836165, 0.67068428, 0.70907074, 0.67313713, 0.57405752, 0.65525955, 0.81369621, 0.54243231, 0.40158889, 0.49550861)
(0.38060468, 0.45179218, 0.80476892, 0.81105596, 0.40216485, 0.42657840, 0.80524182, 0.49111819, 0.37843129, 0.38868776)
(0.48110452, 0.58820021, 0.75610852, 0.74153334, 0.31497467, 0.50063461, 0.72407782, 0.40802336, 0.54477352, 0.53635788)
(0.26460415, 0.55210936, 0.69888484, 0.68724334, 0.55973989, 0.55293697, 0.76761442, 0.54940951, 0.37654728, 0.44398072)
(0.15010498, 0.70887077, 0.71895075, 0.75157464, 0.57173079, 0.63803345, 0.83453500, 0.49672073, 0.32640266, 0.50263816)
(0.52439344, 0.63833237, 0.83412474, 0.53449559, 0.29916486, 0.67284185, 0.76335180, 0.47872648, 0.78750682, 0.55786103)
(0.28615156, 0.70771492, 0.46946114, 0.29054436, 0.75449830, 0.67318511, 0.57586002, 0.43965062, 0.47690359, 0.56934136)
(0.68976879, 0.15833458, 0.91646153, 0.70778787, 0.50555110, 0.23981160, 0.81380361, 0.51318073, 0.33325726, 0.15459470)
(0.26298878, 0.60817480, 0.59602070, 0.27887040, 0.75676495, 0.69206709, 0.68095750, 0.59209985, 0.52155107, 0.47647548)
(0.62584412, 0.50323945, 0.89056456, 0.65332508, 0.25404069, 0.56755805, 0.79668522, 0.51743734, 0.75883663, 0.44242373)
(0.39250267, 0.61466444, 0.68740487, 0.75441480, 0.41954225, 0.47946432, 0.69925565, 0.39552331, 0.41177824, 0.53174043)
(0.50075364, 0.58935535, 0.81907916, 0.72599918, 0.26879445, 0.54738683, 0.77085191, 0.43704915, 0.63823527, 0.52470648)
(0.44471624, 0.41610265, 0.82749379, 0.63194513, 0.39280644, 0.55418897, 0.80517393, 0.61391038, 0.60221303, 0.38570720)
(0.47164753, 0.76066095, 0.61618143, 0.68293536, 0.28779656, 0.55168086, 0.61541528, 0.25163758, 0.60230595, 0.69436324)
(0.23652297, 0.76003873, 0.78535062, 0.77861428, 0.34408414, 0.65949076, 0.83750767, 0.40844151, 0.52916604, 0.59127080)
(0.77533019, 0.42576846, 0.92737168, 0.22719119, 0.44771698, 0.65478933, 0.75570494, 0.59762472, 0.86382926, 0.33287060)
(0.38556826, 0.62813717, 0.72717714, 0.78624231, 0.35756597, 0.49707961, 0.74014866, 0.38850898, 0.44761226, 0.54246682)
(0.27708369, 0.77801663, 0.68254215, 0.45041329, 0.47506055, 0.75878835, 0.73741573, 0.44568962, 0.69668132, 0.65088135)
(0.31916839, 0.83663601, 0.65114391, 0.61564082, 0.33143526, 0.69387496, 0.70382565, 0.27740091, 0.66232395, 0.72306621)
(0.67752618, 0.75133133, 0.71255928, 0.70684373, 0.23527633, 0.50800484, 0.57755625, 0.23153374, 0.67630494, 0.67709792)
(0.49023670, 0.76801646, 0.58949083, 0.90736544, 0.49431601, 0.14743336, 0.55856723, 0.04943305, 0.05477246, 0.61692524)
(0.36435363, 0.82162619, 0.41665190, 0.56754607, 0.45012438, 0.58625114, 0.51199889, 0.20649947, 0.49219263, 0.73891938)
(0.16408785, 0.73589611, 0.80434948, 0.83301365, 0.43884072, 0.63774443, 0.87352836, 0.45856678, 0.37441054, 0.51840764)
(0.20828573, 0.67063153, 0.44221294, 0.47688016, 0.74990571, 0.59631443, 0.62030131, 0.45372811, 0.31405583, 0.53533596)
(0.36926505, 0.94643623, 0.53035688, 0.84688723, 0.17042173, 0.56996655, 0.59389913, 0.06059568, 0.52425921, 0.86758721)
(0.23629041, 0.66373223, 0.70707798, 0.60583675, 0.50513554, 0.67204273, 0.78593957, 0.53889829, 0.52964783, 0.53290838)
(0.20599189, 0.54019445, 0.80346394, 0.61558801, 0.54994583, 0.67476994, 0.85427397, 0.69532734, 0.51126373, 0.40685388)
(0.18684253, 0.79032093, 0.63524216, 0.12434901, 0.85384554, 0.84329867, 0.71873456, 0.55233467, 0.63191563, 0.53224212)
(0.13615254, 0.64126217, 0.69076729, 0.58856785, 0.68065870, 0.69509822, 0.82348210, 0.63376468, 0.38488886, 0.45594326)
(0.32383677, 0.84068972, 0.41296026, 0.62011200, 0.46360660, 0.57772481, 0.52922952, 0.19491351, 0.43940854, 0.74515861)
(0.21252839, 0.79221344, 0.50706381, 0.54706329, 0.58421725, 0.67161745, 0.66416234, 0.36296982, 0.45798004, 0.65867323)
(0.49239242, 0.79172266, 0.31148857, 0.46896994, 0.58498263, 0.50106126, 0.35845897, 0.15658171, 0.36047629, 0.70715487)
(0.81227112, 0.49757507, 0.92780155, 0.60362977, 0.22989023, 0.54552186, 0.76637310, 0.47503150, 0.83960724, 0.38751143)
(0.14851627, 0.76147574, 0.66460997, 0.83630681, 0.56841511, 0.55351293, 0.80482793, 0.36360553, 0.21642575, 0.54630530)
(0.26485157, 0.44432503, 0.85474885, 0.75362861, 0.46771225, 0.57102585, 0.87281966, 0.66881090, 0.45238966, 0.34210548)
(0.22180368, 0.93343651, 0.48167893, 0.58789939, 0.42268032, 0.73784262, 0.62146491, 0.15091647, 0.56966764, 0.82618213)
(0.61587322, 0.50873268, 0.75661850, 0.55214399, 0.38327947, 0.52748913, 0.66233760, 0.48180425, 0.66892755, 0.47501177)
(0.65051955, 0.90493441, 0.73558408, 0.91632181, 0.08664037, 0.43882644, 0.61416936, 0.06668803, 0.59255421, 0.83271778)
(0.36854589, 0.50577915, 0.92963719, 0.57563466, 0.31636912, 0.73030645, 0.90677381, 0.71152318, 0.79671115, 0.39649904)
(0.10848516, 0.71817070, 0.67617959, 0.61217701, 0.69435030, 0.72078520, 0.83270890, 0.58199918, 0.35424319, 0.49137047)
(0.66219509, 0.56662446, 0.62683290, 0.68067801, 0.65061849, 0.16557156, 0.50470626, 0.10035197, 0.09769116, 0.46152508)
(0.46491057, 0.83112401, 0.59045982, 0.60336006, 0.29660130, 0.62190688, 0.58665293, 0.21070734, 0.66269451, 0.75368977)
(0.47355270, 0.91104358, 0.51279008, 0.48592934, 0.32772642, 0.69764847, 0.50447714, 0.12695116, 0.69786870, 0.82974917)
(0.69160783, 0.63237190, 0.60707855, 0.09926564, 0.74552137, 0.64429784, 0.44482106, 0.36820558, 0.65578789, 0.49029854)
(0.24116954, 0.90199739, 0.36604682, 0.80746216, 0.46980157, 0.49634349, 0.54607511, 0.10786995, 0.23064588, 0.78580439)
(0.62211198, 0.43639940, 0.89812195, 0.76086777, 0.24748427, 0.47602436, 0.81049407, 0.49245405, 0.66181213, 0.39239001)
(0.17590342, 0.96284813, 0.27010441, 0.53346229, 0.61332619, 0.71851802, 0.46439201, 0.07966277, 0.36763960, 0.86975360)
(0.91632056, 0.66877979, 0.79093832, 0.43089956, 0.46622482, 0.33016992, 0.45864540, 0.14445536, 0.55372566, 0.44376552)
(0.31152323, 0.66433591, 0.62416595, 0.70417458, 0.47335383, 0.54327011, 0.69975972, 0.40606844, 0.41117710, 0.56634051)
(0.38166767, 0.61242050, 0.90761626, 0.62340683, 0.27323523, 0.72205794, 0.88148123, 0.60442573, 0.78823793, 0.48901337)
(0.25284773, 0.57211888, 0.67067033, 0.62081265, 0.57447153, 0.59729421, 0.75666153, 0.57027495, 0.42243400, 0.46911696)
(0.60531998, 0.56064790, 0.91449302, 0.87241584, 0.15652624, 0.45027003, 0.83579594, 0.36614698, 0.62163585, 0.48170039)
(0.44993207, 0.64698142, 0.51044005, 0.39019969, 0.57124054, 0.59217513, 0.53279680, 0.40663052, 0.55980581, 0.59912717)
(0.29572076, 0.52042520, 0.89582717, 0.68304032, 0.35770527, 0.67857182, 0.89494854, 0.68181896, 0.66630614, 0.40178558)
(0.15068647, 0.80612493, 0.61184973, 0.40042943, 0.67176968, 0.79200864, 0.75831348, 0.49160695, 0.57004517, 0.61821479)
(0.28692657, 0.62898058, 0.56482381, 0.57871997, 0.57652414, 0.57903230, 0.67123479, 0.47442338, 0.42064473, 0.54203701)
(0.40904438, 0.76872426, 0.35046023, 0.56671637, 0.53740841, 0.50293386, 0.43271866, 0.20512354, 0.37770882, 0.70152628)
(0.30738783, 0.69786608, 0.62676942, 0.70375180, 0.44658509, 0.56420386, 0.70522135, 0.38327226, 0.43844038, 0.59231633)
(0.17056958, 0.74884403, 0.57708299, 0.21459477, 0.83680224, 0.78760469, 0.70960456, 0.55083942, 0.51315182, 0.51837963)
(0.36718559, 0.75694662, 0.79110140, 0.70821255, 0.26536572, 0.66591281, 0.79000485, 0.37546229, 0.68505710, 0.63983899)
(0.10294050, 0.82442421, 0.64797562, 0.57238799, 0.63990951, 0.77838141, 0.82125854, 0.47567388, 0.45426935, 0.60887432)
(0.23402178, 0.56037825, 0.73150408, 0.23494348, 0.77013642, 0.74332380, 0.77388209, 0.70106667, 0.60002953, 0.40775043)
(0.10796610, 0.73836660, 0.58513242, 0.55813605, 0.74990356, 0.70483285, 0.78476465, 0.53168100, 0.31463155, 0.51667792)
(0.61340952, 0.54688650, 0.76879698, 0.84649909, 0.34247935, 0.25348979, 0.67970502, 0.19581324, 0.27696562, 0.49096659)
(0.40459728, 0.86761343, 0.41691038, 0.57407713, 0.38621494, 0.60425615, 0.48516047, 0.14840476, 0.53889906, 0.78638715)
(0.43568611, 0.62709892, 0.71656984, 0.88469124, 0.32634756, 0.34014767, 0.71539623, 0.26804709, 0.28221336, 0.54503202)
(0.24182875, 0.97730356, 0.34993011, 0.85792196, 0.25214550, 0.59070837, 0.51508826, 0.02875117, 0.34952331, 0.91288310)
(0.22732015, 0.90624768, 0.53457600, 0.31970379, 0.62499124, 0.81378007, 0.63219583, 0.27656183, 0.64881229, 0.76369977)
(0.30581567, 0.46915197, 0.77097327, 0.81670070, 0.48861575, 0.42646551, 0.80631804, 0.50923848, 0.29263937, 0.37599039)
(0.72538632, 0.79278928, 0.52303666, 0.58776462, 0.33524796, 0.47289497, 0.39924946, 0.15383500, 0.58020735, 0.69922662)
(0.74349862, 0.21783280, 0.95476604, 0.57788700, 0.33751413, 0.47549134, 0.86240631, 0.66455716, 0.72873574, 0.19289605)
(0.19047505, 0.68959737, 0.78465098, 0.61756003, 0.47699696, 0.73354632, 0.85024697, 0.58966625, 0.58899564, 0.52265167)
(0.29283726, 0.85444134, 0.39493257, 0.71141094, 0.48113224, 0.52864867, 0.53646374, 0.16754960, 0.32901329, 0.74720252)
(0.56644368, 0.88596052, 0.37488490, 0.54671991, 0.37259877, 0.55273271, 0.35892892, 0.08977734, 0.52134472, 0.81411922)
(0.11845575, 0.81317377, 0.63777614, 0.67330956, 0.60271853, 0.71602184, 0.81023681, 0.42600948, 0.37285966, 0.60297811)
(0.22358073, 0.70766503, 0.61544424, 0.45104310, 0.60357708, 0.71640408, 0.72778624, 0.52199012, 0.56287587, 0.57674927)
(0.46085215, 0.86128759, 0.48705712, 0.62811655, 0.30060551, 0.58764118, 0.51292378, 0.14638525, 0.59059316, 0.78757858)
(0.58155417, 0.55153596, 0.85380423, 0.84809887, 0.21581848, 0.40930349, 0.77370274, 0.34711245, 0.52876967, 0.49988291)
(0.14727959, 0.88263881, 0.35817951, 0.65245748, 0.68493974, 0.61262017, 0.60059297, 0.19936486, 0.23381354, 0.72036928)
(0.60290569, 0.41384491, 0.55709362, 0.44317165, 0.84690368, 0.18294384, 0.47411406, 0.19444421, 0.07863759, 0.31381825)
(0.39706591, 0.61224782, 0.89005023, 0.75864440, 0.24841791, 0.63090283, 0.86432469, 0.51543313, 0.68360406, 0.48930559)
(0.33816192, 0.81664306, 0.58740610, 0.25280011, 0.65137357, 0.77018267, 0.61045152, 0.37206590, 0.67388034, 0.66409659)
(0.27151456, 0.59606904, 0.51302665, 0.83003175, 0.67328441, 0.28507039, 0.63413185, 0.28948987, 0.09624364, 0.46111166)
(0.25745606, 0.77588427, 0.37341926, 0.82354462, 0.64439243, 0.33979446, 0.53143561, 0.16456765, 0.10553565, 0.62295812)
(0.66965622, 0.82135105, 0.48887101, 0.44827238, 0.37616298, 0.56509173, 0.39293623, 0.15167278, 0.63026351, 0.74417722)
(0.66277945, 0.61210275, 0.77443838, 0.70124882, 0.27378139, 0.48662832, 0.65405649, 0.35819581, 0.65741277, 0.55186582)
(0.26384827, 0.94531679, 0.59208626, 0.91008151, 0.20381089, 0.55071616, 0.69112837, 0.07254819, 0.37620243, 0.84211332)
(0.10171045, 0.69207489, 0.75834054, 0.62628371, 0.66406494, 0.74674302, 0.87375355, 0.65366316, 0.40518576, 0.45758113)
(0.13740073, 0.73368776, 0.73416758, 0.41532710, 0.65878361, 0.80651373, 0.83637482, 0.63810748, 0.60720873, 0.53210121)
(0.46645442, 0.86980432, 0.47649679, 0.54673111, 0.33586192, 0.62886572, 0.49555579, 0.14960396, 0.62489593, 0.79389071)
(0.28064817, 0.69282180, 0.73628402, 0.44956255, 0.50097907, 0.74261469, 0.77285057, 0.55688512, 0.68787163, 0.57136208)
(0.66885948, 0.52945733, 0.78708225, 0.78994524, 0.31211710, 0.33495137, 0.67500335, 0.27946138, 0.46342972, 0.47885147)
(0.45015839, 0.70189029, 0.81222516, 0.30441785, 0.44396231, 0.77602077, 0.75566608, 0.52155805, 0.82461178, 0.58461565)
(0.53369904, 0.56027961, 0.81644249, 0.72142696, 0.27468714, 0.52380353, 0.75542420, 0.43877125, 0.62963557, 0.51149207)
(0.54473883, 0.53972048, 0.58770728, 0.66697985, 0.57606536, 0.28491592, 0.54777068, 0.23112243, 0.21795635, 0.49285761)
(0.31832266, 0.48156214, 0.83436102, 0.74860591, 0.41790918, 0.55874801, 0.84341878, 0.60472137, 0.49255827, 0.39126679)
(0.32032979, 0.58649945, 0.69952649, 0.78515488, 0.45982215, 0.47722328, 0.75177360, 0.43103245, 0.34218138, 0.48656452)
(0.20043130, 0.81406605, 0.66999561, 0.27113238, 0.68897718, 0.82835066, 0.74947107, 0.50075126, 0.68151152, 0.61534488)
(0.59541243, 0.81421256, 0.63678265, 0.58505511, 0.25449705, 0.60012662, 0.55422604, 0.19880585, 0.71806860, 0.75016046)
(0.32334721, 0.63492924, 0.47121722, 0.58830571, 0.59704995, 0.51258284, 0.58600336, 0.39912349, 0.35683587, 0.56740409)
(0.27461940, 0.65165412, 0.76256716, 0.66882062, 0.41906968, 0.65005714, 0.80796617, 0.51672286, 0.56054085, 0.52468747)
(0.42553332, 0.69126326, 0.69416273, 0.73721802, 0.31133547, 0.53973061, 0.69836807, 0.34389463, 0.54796618, 0.61709327)
(0.59018421, 0.57770181, 0.48078728, 0.51999319, 0.65117699, 0.30684924, 0.43678737, 0.21642034, 0.21887901, 0.54298711)
(0.55354524, 0.67584008, 0.33263713, 0.35343271, 0.71669585, 0.45385563, 0.34983021, 0.22684011, 0.29993570, 0.58700424)
(0.13778959, 0.84671748, 0.47532102, 0.64915860, 0.64015961, 0.66555893, 0.70127475, 0.30646461, 0.31603369, 0.67273986)
(0.46888375, 0.78913170, 0.36070657, 0.53908205, 0.49592564, 0.51512253, 0.40977839, 0.17830971, 0.42616802, 0.72026765)
(0.70634866, 0.41174674, 0.75676107, 0.60342181, 0.50555480, 0.31109408, 0.62091482, 0.32363018, 0.40660462, 0.36620390)
(0.79867011, 0.75706303, 0.77862006, 0.78785986, 0.20033334, 0.40867266, 0.56744474, 0.16396438, 0.64924037, 0.64469445)
(0.42009377, 0.36966044, 0.56197178, 0.46990559, 0.75672209, 0.38020882, 0.59277815, 0.47769246, 0.26976812, 0.31925052)
(0.40784955, 0.70188904, 0.64249337, 0.26285672, 0.61553591, 0.72015071, 0.63130492, 0.46380258, 0.68593568, 0.58574343)
(0.43779969, 0.44631299, 0.90930021, 0.69302535, 0.30325660, 0.60612619, 0.87559122, 0.64284021, 0.68933129, 0.37469724)
(0.66631401, 0.35966238, 0.69521201, 0.44621569, 0.63440996, 0.34489658, 0.58639294, 0.40873531, 0.37807757, 0.32453707)
(0.41121140, 0.86717600, 0.34723255, 0.44885299, 0.53682756, 0.61529773, 0.40968186, 0.14621271, 0.48050421, 0.77406943)
(0.81005400, 0.23160180, 0.90585911, 0.50612646, 0.47685927, 0.35408965, 0.73308706, 0.53643465, 0.59736586, 0.19707730)
(0.09271368, 0.80881035, 0.50348300, 0.58411086, 0.76859748, 0.69801456, 0.75256944, 0.42779657, 0.25961810, 0.58175051)
(0.44060278, 0.49319860, 0.60878700, 0.76833165, 0.79484677, 0.15474088, 0.59265548, 0.17078441, 0.04424535, 0.33621159)
(0.08482812, 0.94339871, 0.54832530, 0.93283039, 0.48586214, 0.56022924, 0.79285687, 0.11193056, 0.12556589, 0.75877768)
(0.30481461, 0.83986998, 0.67171705, 0.55646139, 0.36454532, 0.73372203, 0.71720600, 0.31223667, 0.69556010, 0.71960729)
(0.67850447, 0.46518171, 0.79664445, 0.79470432, 0.40625930, 0.23924398, 0.67262208, 0.21751422, 0.29356256, 0.41178763)
(0.12609707, 0.94562489, 0.40314338, 0.87507260, 0.49382266, 0.56633085, 0.66512889, 0.09172208, 0.17343281, 0.80863649)
(0.22433402, 0.62966222, 0.80955708, 0.66035026, 0.44650322, 0.69142234, 0.85392261, 0.60811692, 0.57489258, 0.48203453)
(0.35139224, 0.49817929, 0.79371673, 0.60528171, 0.44608828, 0.61034077, 0.80285949, 0.62572193, 0.59034348, 0.43436465)
(0.31977716, 0.71803653, 0.82766348, 0.66903585, 0.30723909, 0.70320749, 0.83308095, 0.46998847, 0.69806147, 0.57943970)
(0.22562821, 0.68185300, 0.74974483, 0.40959513, 0.55885297, 0.77309287, 0.80722690, 0.62169015, 0.68315727, 0.53949106)
(0.27293637, 0.63222146, 0.62891531, 0.43153548, 0.60201102, 0.68176174, 0.71213013, 0.56509167, 0.57012111, 0.53562361)
(0.52236533, 0.77241737, 0.73556757, 0.46234900, 0.31151283, 0.70847440, 0.66930729, 0.33806199, 0.79542255, 0.68940258)
(0.24729061, 0.59472305, 0.59872550, 0.71655256, 0.62059486, 0.48949048, 0.71424806, 0.45827407, 0.25878409, 0.47439525)
(0.20870803, 0.68453753, 0.53576708, 0.69758147, 0.64051491, 0.53008914, 0.69309962, 0.40368918, 0.25365385, 0.53851241)
(0.35051501, 0.62018758, 0.47626278, 0.47579142, 0.60752714, 0.56325102, 0.56963557, 0.44274279, 0.45284799, 0.56888473)
(0.35695294, 0.91872150, 0.42015558, 0.67952794, 0.30596870, 0.61085379, 0.51314068, 0.09664015, 0.52754587, 0.83596319)
(0.74928361, 0.53274238, 0.82252330, 0.77717745, 0.29723018, 0.32213724, 0.66779989, 0.24862640, 0.51490283, 0.45906606)
(0.16517331, 0.91199458, 0.33313841, 0.81857562, 0.57920498, 0.50493968, 0.57449591, 0.10866621, 0.15710716, 0.76931262)
(0.19834980, 0.74742365, 0.74011594, 0.74123758, 0.44602025, 0.66359669, 0.82365531, 0.44813836, 0.46395171, 0.57064623)
(0.11923078, 0.79568261, 0.77096814, 0.52351594, 0.57021326, 0.82115680, 0.86713582, 0.57441097, 0.61666739, 0.57630318)
(0.52625602, 0.82051194, 0.56685734, 0.56125063, 0.30058575, 0.60824877, 0.53840947, 0.19764718, 0.67145061, 0.75433815)
(0.17501801, 0.88994318, 0.36756909, 0.83530855, 0.58539057, 0.46762767, 0.59264332, 0.12501478, 0.14278036, 0.73346263)
(0.25922832, 0.70161974, 0.47453910, 0.58093286, 0.61439896, 0.57209265, 0.62184852, 0.38839722, 0.36433250, 0.59580570)
(0.68244505, 0.29592055, 0.82128572, 0.68519235, 0.55964077, 0.21370564, 0.69365817, 0.30493316, 0.25006741, 0.26720440)
(0.18519871, 0.76645774, 0.75831133, 0.73845148, 0.43034524, 0.69111943, 0.84037590, 0.45043540, 0.49322936, 0.57930416)
(0.24476041, 0.66462320, 0.62071675, 0.41812047, 0.62479383, 0.70319188, 0.71901625, 0.55649161, 0.56602103, 0.54751509)
(0.58362335, 0.42177734, 0.68716174, 0.60247070, 0.47715351, 0.40286067, 0.62715572, 0.44118398, 0.47738585, 0.42362455)
(0.24754427, 0.86077917, 0.70938104, 0.54383731, 0.39671040, 0.77923685, 0.76223844, 0.34296185, 0.70666826, 0.71873134)
(0.42545372, 0.37333196, 0.80978590, 0.84598380, 0.42990538, 0.31660244, 0.79339242, 0.45883676, 0.27667013, 0.33605492)
(0.35548499, 0.55200571, 0.95826161, 0.75688601, 0.21022892, 0.71258610, 0.93881166, 0.66566467, 0.78355688, 0.39463165)
(0.50231600, 0.67065400, 0.76742053, 0.89020008, 0.22217453, 0.37604165, 0.72979558, 0.23853792, 0.39743605, 0.59785235)
(0.43873996, 0.65970904, 0.54517412, 0.53110987, 0.45357651, 0.56484264, 0.57712042, 0.37908158, 0.56118757, 0.62164474)
(0.65833622, 0.51378965, 0.77648640, 0.82814193, 0.42898086, 0.19706042, 0.65423495, 0.15435369, 0.19524562, 0.44223574)
(0.09948079, 0.55988836, 0.74237901, 0.69322705, 0.76078248, 0.63233012, 0.86992466, 0.67717063, 0.23138629, 0.33535793)
(0.38144901, 0.45905864, 0.81344104, 0.72712469, 0.41558990, 0.52254641, 0.80858457, 0.57522905, 0.49764985, 0.39457539)
(0.50357354, 0.62792897, 0.41006249, 0.35257238, 0.66161925, 0.51749164, 0.43829468, 0.33481550, 0.41900927, 0.56513906)
(0.26495108, 0.86632818, 0.34520724, 0.63754374, 0.56685668, 0.56164145, 0.50278401, 0.16813830, 0.31757921, 0.75438124)
(0.71365404, 0.36426908, 0.72087651, 0.38993850, 0.62382579, 0.37817150, 0.57632774, 0.43843645, 0.47138262, 0.31407231)
(0.19966795, 0.82060272, 0.46488205, 0.48999703, 0.63904727, 0.69114113, 0.63247460, 0.33982036, 0.44789416, 0.67878568)
(0.30213913, 0.62440556, 0.87181669, 0.69859880, 0.32038099, 0.68396872, 0.87376845, 0.57666814, 0.67030805, 0.48575792)
(0.71328765, 0.67867786, 0.56402397, 0.58348221, 0.56502974, 0.26757112, 0.43386307, 0.12222411, 0.23228242, 0.56966686)
(0.24640630, 0.62309122, 0.56686354, 0.49891523, 0.63991559, 0.63094473, 0.68903315, 0.53765607, 0.44699058, 0.52247375)
(0.41615576, 0.92283422, 0.24703619, 0.41670319, 0.62200713, 0.59648854, 0.31208399, 0.06972578, 0.35411802, 0.81486654)
(0.46022260, 0.85063708, 0.56545132, 0.76416993, 0.23540665, 0.52860594, 0.57809532, 0.14673729, 0.55241579, 0.77345967)
(0.24286270, 0.65266365, 0.93819541, 0.71344101, 0.26708078, 0.77281588, 0.93560719, 0.65876228, 0.76613373, 0.45686838)
(0.08445075, 0.94275725, 0.51616758, 0.75521207, 0.54465580, 0.74630070, 0.77175075, 0.18177561, 0.33076638, 0.78193837)
(0.34820926, 0.48541528, 0.45953906, 0.61258042, 0.84437054, 0.26540855, 0.52109778, 0.32261181, 0.08232289, 0.35201034)
(0.28425881, 0.60154897, 0.53168851, 0.75337422, 0.64413798, 0.39161649, 0.64567786, 0.36457950, 0.18520898, 0.48073816)
(0.73166633, 0.61902148, 0.74793363, 0.66290885, 0.31268039, 0.44728431, 0.58312261, 0.31130415, 0.63996321, 0.54452622)
(0.38629609, 0.54928249, 0.66319168, 0.29291457, 0.64985561, 0.65348327, 0.66659570, 0.58326542, 0.61447442, 0.47648761)
(0.59960550, 0.43733403, 0.56660861, 0.48200208, 0.78125781, 0.21637286, 0.49578390, 0.21718945, 0.11600234, 0.36214358)
(0.45955065, 0.63712472, 0.48202068, 0.72773945, 0.64772522, 0.23773390, 0.49656668, 0.14602828, 0.11086624, 0.54891139)
(0.29908767, 0.89480966, 0.52429777, 0.56456918, 0.38450620, 0.70495033, 0.61423874, 0.19091406, 0.61854029, 0.79125720)
(0.46697494, 0.64686507, 0.49320140, 0.30487970, 0.64845610, 0.59972155, 0.50460351, 0.40230146, 0.54254711, 0.57561541)
(0.21077771, 0.76634628, 0.50775278, 0.43134475, 0.66102976, 0.70409209, 0.65865165, 0.42994037, 0.49292907, 0.62443995)
(0.41914240, 0.82589751, 0.42892718, 0.64536613, 0.37806374, 0.53670418, 0.49417844, 0.16999431, 0.47993374, 0.75154060)
(0.62254655, 0.61866647, 0.71588731, 0.68670541, 0.31101054, 0.47889793, 0.62058640, 0.34874612, 0.60655206, 0.57150245)
(0.27982593, 0.73737019, 0.70297474, 0.70882970, 0.39765996, 0.63142246, 0.76246583, 0.40283281, 0.52310956, 0.60821545)
(0.27198401, 0.37539691, 0.88546026, 0.35974145, 0.64520580, 0.71363801, 0.88161969, 0.79203641, 0.63052970, 0.27509755)
(0.33805197, 0.77482599, 0.50902849, 0.57237697, 0.45373189, 0.60998207, 0.59684002, 0.29839355, 0.52883500, 0.68686342)
(0.16294524, 0.70804256, 0.66273403, 0.54362136, 0.62040502, 0.72040761, 0.79196942, 0.55753362, 0.47908556, 0.53804654)
(0.23197922, 0.80515283, 0.63354611, 0.47865024, 0.52909476, 0.75001734, 0.72261196, 0.41574275, 0.62197340, 0.66327834)
(0.18556204, 0.72169280, 0.56170881, 0.57719111, 0.64687872, 0.64841276, 0.71794015, 0.45995793, 0.38076797, 0.56679106)
(0.17813063, 0.92528677, 0.70025605, 0.90942037, 0.26599395, 0.61865073, 0.80514336, 0.14586906, 0.35823247, 0.77476853)
(0.21858399, 0.72499245, 0.53101909, 0.75613606, 0.59127945, 0.50504208, 0.68643105, 0.33437806, 0.23812239, 0.57387143)
(0.45051292, 0.69959575, 0.77288145, 0.14799258, 0.65953475, 0.79062039, 0.69741690, 0.52648038, 0.78949040, 0.53631133)
(0.23588149, 0.92600375, 0.59095997, 0.58981341, 0.34930870, 0.76803428, 0.69177538, 0.18162009, 0.66713846, 0.81344724)
(0.44043437, 0.41190037, 0.55088443, 0.53138334, 0.70646048, 0.35599589, 0.57323629, 0.43685353, 0.25332499, 0.37685919)
(0.08691342, 0.77136356, 0.63064337, 0.51748163, 0.74948448, 0.77006280, 0.82444978, 0.56665832, 0.37994808, 0.52613294)
(0.42916676, 0.52766776, 0.91631156, 0.45674959, 0.34415981, 0.74391812, 0.87655914, 0.68595767, 0.83160985, 0.42955533)
(0.14754786, 0.86409825, 0.39472571, 0.52898520, 0.72266722, 0.67567164, 0.61459732, 0.27111891, 0.31146851, 0.69424349)
(0.67997199, 0.71666920, 0.59774995, 0.64246762, 0.34037426, 0.45983323, 0.48366174, 0.23227735, 0.57622093, 0.64945549)
(0.60193455, 0.79743397, 0.57109839, 0.55068088, 0.30369774, 0.57932150, 0.49941006, 0.19970733, 0.67404974, 0.73809004)
(0.45974669, 0.68530715, 0.51531011, 0.47992358, 0.47958669, 0.57774746, 0.53763515, 0.35525429, 0.57036346, 0.64404535)
(0.14794147, 0.96584743, 0.26981634, 0.80093449, 0.51930743, 0.59299493, 0.52078557, 0.05352223, 0.20217426, 0.87035340)
(0.17902179, 0.65654200, 0.52043360, 0.42497706, 0.75316447, 0.66988093, 0.69287103, 0.55539691, 0.39630109, 0.50770360)
(0.18149093, 0.74498361, 0.41739559, 0.56276518, 0.75033021, 0.57464349, 0.61558753, 0.35903862, 0.24374381, 0.57824492)
(0.28842857, 0.83012134, 0.55257750, 0.51585317, 0.46927851, 0.69980741, 0.64140356, 0.30259570, 0.59891808, 0.71704835)
(0.51844615, 0.77398789, 0.53829914, 0.51867193, 0.36222130, 0.59415984, 0.52300340, 0.24256806, 0.63863516, 0.71788675)
(0.16011754, 0.57722872, 0.82605839, 0.72941220, 0.54637581, 0.66475546, 0.88513100, 0.66698307, 0.41906783, 0.39470008)
(0.80435759, 0.41988778, 0.82745057, 0.48936096, 0.43279982, 0.42410973, 0.62988502, 0.43128005, 0.66225904, 0.33907416)
(0.28902155, 0.94910461, 0.38158482, 0.56949508, 0.39863732, 0.70497376, 0.49940342, 0.08721441, 0.54887944, 0.86552268)
(0.12075132, 0.82949233, 0.62074679, 0.53572255, 0.62712771, 0.77781773, 0.79063493, 0.45359465, 0.49854749, 0.63567841)
(0.33340704, 0.61140996, 0.61070162, 0.70673031, 0.49824309, 0.50060010, 0.68264627, 0.41988051, 0.37173215, 0.53261787)
(0.29311857, 0.70384735, 0.49104798, 0.57079667, 0.60365683, 0.56446499, 0.60062653, 0.37349153, 0.38652334, 0.60127652)
(0.08336328, 0.77721822, 0.63577276, 0.57728004, 0.74058312, 0.75357038, 0.83014435, 0.54825169, 0.33617875, 0.52780950)
(0.51376861, 0.35866994, 0.63847202, 0.55840570, 0.67307681, 0.30696514, 0.61091399, 0.40454903, 0.24487956, 0.33908606)
(0.39438623, 0.54712123, 0.77695721, 0.24242945, 0.63093346, 0.71649677, 0.74036157, 0.64151657, 0.71427071, 0.44829792)
(0.65372127, 0.37992227, 0.66466355, 0.43035749, 0.64823472, 0.34927082, 0.56349075, 0.39839926, 0.36814764, 0.34482360)
(0.26463023, 0.79117656, 0.60492140, 0.35721418, 0.59398198, 0.76464796, 0.68289608, 0.43424663, 0.65345573, 0.65250999)
(0.23506883, 0.68323797, 0.67798096, 0.38449153, 0.61435336, 0.74526930, 0.75651968, 0.58130336, 0.62887853, 0.54771960)
(0.21319686, 0.71383089, 0.73200232, 0.69598126, 0.46969715, 0.66409606, 0.81108874, 0.48568437, 0.48622215, 0.55128956)
(0.74456680, 0.82458514, 0.43829766, 0.59325552, 0.46471959, 0.33936295, 0.31762496, 0.06840415, 0.29637995, 0.71126121)
(0.43143454, 0.38589209, 0.88097161, 0.80775857, 0.35061687, 0.45255929, 0.85053277, 0.56200242, 0.47600761, 0.33103767)
(0.43463930, 0.89924759, 0.76325303, 0.76138788, 0.14066461, 0.68226224, 0.73806930, 0.15276708, 0.76909161, 0.79910338)
(0.49110860, 0.81770051, 0.53557980, 0.60618168, 0.31381935, 0.58106321, 0.53425330, 0.19466296, 0.61435300, 0.75013107)
(0.17183444, 0.88504243, 0.54248679, 0.74175721, 0.46632299, 0.66099298, 0.71991414, 0.22413272, 0.38640442, 0.73163962)
(0.37127709, 0.66733187, 0.43398285, 0.54244715, 0.57393509, 0.52109379, 0.52657354, 0.35324195, 0.40539724, 0.61346841)
(0.55849493, 0.84106201, 0.65031743, 0.74344695, 0.18832605, 0.54416865, 0.59070247, 0.15042210, 0.65740335, 0.77183610)
(0.31245083, 0.94212049, 0.57491839, 0.88821548, 0.18330172, 0.55582184, 0.65747851, 0.07032275, 0.44623542, 0.84754175)
(0.18833180, 0.80186206, 0.43824852, 0.49162045, 0.67922646, 0.67166859, 0.62716752, 0.35446349, 0.39564916, 0.65366292)
(0.53138959, 0.56815374, 0.76971132, 0.60723913, 0.32730141, 0.56545806, 0.71273988, 0.46290034, 0.67247939, 0.52907509)
(0.22998814, 0.56639171, 0.57359350, 0.37363237, 0.77385134, 0.64107782, 0.69004482, 0.60039455, 0.40833190, 0.43914679)
(0.72612709, 0.17135112, 0.91821790, 0.49748099, 0.52670348, 0.36026835, 0.79490721, 0.61061627, 0.51541358, 0.15871991)
(0.62696600, 0.68527794, 0.56274432, 0.63165194, 0.38926595, 0.45066583, 0.48765114, 0.25858766, 0.51991433, 0.63325387)
(0.22199644, 0.92406738, 0.77107865, 0.86315030, 0.19321211, 0.70309472, 0.82604754, 0.16909018, 0.58956689, 0.78699428)
(0.50097132, 0.55787539, 0.71570927, 0.23650438, 0.61428553, 0.66292208, 0.64459771, 0.54505450, 0.69568819, 0.48741516)
(0.13070665, 0.78222585, 0.62848526, 0.64913964, 0.62021589, 0.70099956, 0.79624420, 0.45414251, 0.37172088, 0.58101183)
(0.23811342, 0.71190023, 0.68713504, 0.64099026, 0.47940153, 0.66368324, 0.77313262, 0.47063676, 0.51407033, 0.57312036)
(0.25954235, 0.92217404, 0.64378071, 0.66029823, 0.27817163, 0.75005186, 0.71896136, 0.17515659, 0.68563926, 0.81002581)
(0.48164845, 0.72495586, 0.85946763, 0.84029996, 0.16937213, 0.56122172, 0.81105685, 0.31695274, 0.65429491, 0.61400062)
(0.31203040, 0.56874222, 0.50574911, 0.19779804, 0.85565126, 0.61909908, 0.56600970, 0.50695097, 0.41750333, 0.41854009)
(0.19881828, 0.94223851, 0.27764884, 0.84589440, 0.51038766, 0.46632838, 0.49077356, 0.05730049, 0.14823787, 0.83426517)
(0.32889572, 0.30811548, 0.82759428, 0.78280592, 0.56718594, 0.38517368, 0.83923215, 0.61421680, 0.26789749, 0.24241404)
(0.42349315, 0.56886423, 0.87304121, 0.22650018, 0.54553920, 0.78544092, 0.81615788, 0.68218380, 0.82779092, 0.44220293)
(0.63754964, 0.77450114, 0.59424150, 0.40728918, 0.37436655, 0.61927497, 0.48429626, 0.23943120, 0.71964741, 0.71140289)
(0.60573936, 0.73361284, 0.62391073, 0.39457121, 0.40232256, 0.62717682, 0.52834314, 0.30517739, 0.72118640, 0.67614824)
(0.34739015, 0.80744505, 0.34830388, 0.66208291, 0.51671439, 0.48656860, 0.46825922, 0.17621724, 0.31647602, 0.72359306)
(0.62202221, 0.51090163, 0.69907689, 0.68822110, 0.41977739, 0.36039218, 0.61436498, 0.31786266, 0.43389556, 0.48135155)
(0.58773333, 0.68464673, 0.87453604, 0.73524153, 0.17397794, 0.60419691, 0.78791589, 0.36565533, 0.77424830, 0.59479582)
(0.40104103, 0.57804900, 0.56594306, 0.78278810, 0.72604895, 0.24589930, 0.57600164, 0.24005869, 0.08962838, 0.41312614)
(0.40496004, 0.58214307, 0.81077617, 0.22549213, 0.60125899, 0.75442004, 0.76415002, 0.64140868, 0.76815927, 0.46516278)
(0.91434079, 0.28108576, 0.94245404, 0.41959924, 0.41685876, 0.39367604, 0.71157420, 0.50914407, 0.76379985, 0.18420233)
(0.23288722, 0.89537662, 0.48755851, 0.69013494, 0.41348314, 0.64951938, 0.64022642, 0.17441005, 0.46069950, 0.77321750)
(0.14875066, 0.68849772, 0.80117661, 0.54138523, 0.54778463, 0.78515196, 0.87267494, 0.66840541, 0.61392331, 0.49994695)
(0.79738879, 0.85380006, 0.78960007, 0.82623345, 0.12669981, 0.46918625, 0.56237715, 0.11579301, 0.72418642, 0.75387836)
(0.26528037, 0.54865372, 0.84529954, 0.57490385, 0.45098928, 0.70893550, 0.86323828, 0.69176173, 0.65889680, 0.43556648)
(0.07739273, 0.78631806, 0.79343116, 0.54793125, 0.63242495, 0.83937758, 0.90095133, 0.65113950, 0.55517662, 0.52799547)
(0.54966867, 0.49021849, 0.50696647, 0.43733439, 0.68481141, 0.37875417, 0.48220024, 0.35610461, 0.30251163, 0.45310259)
(0.16778985, 0.53176647, 0.78885913, 0.57984191, 0.62123901, 0.69390470, 0.86095017, 0.72466552, 0.47898534, 0.38856542)
(0.56362915, 0.75564116, 0.76662970, 0.83055449, 0.17564666, 0.48981908, 0.69469827, 0.22236100, 0.60571599, 0.68568188)
(0.25245538, 0.64286453, 0.69291031, 0.37435195, 0.61554372, 0.73353887, 0.75852233, 0.61235285, 0.63316703, 0.52047956)
(0.37932950, 0.90378571, 0.68366522, 0.51737714, 0.27923676, 0.77096003, 0.68253946, 0.20454408, 0.78750515, 0.80208260)
(0.21305731, 0.59374970, 0.68965566, 0.87365943, 0.60100722, 0.37898445, 0.78823912, 0.39228606, 0.13835873, 0.41583204)
(0.65389907, 0.84669638, 0.63158226, 0.65247852, 0.21827148, 0.56564111, 0.51229948, 0.14794651, 0.70684630, 0.77397859)
(0.44699460, 0.60351592, 0.89978200, 0.79174978, 0.21338658, 0.59674948, 0.86242944, 0.47678378, 0.68288869, 0.48658875)
(0.37185565, 0.94579494, 0.51424468, 0.84917909, 0.17649820, 0.55689794, 0.58067709, 0.05881837, 0.50207901, 0.86754811)
(0.23889644, 0.57518446, 0.79534477, 0.74447018, 0.47739065, 0.60000676, 0.84158105, 0.57150233, 0.43530932, 0.43256024)
(0.49118853, 0.64348364, 0.41809776, 0.65655506, 0.76634657, 0.21795662, 0.41636974, 0.13221550, 0.07378042, 0.52532172)
(0.27167019, 0.89185143, 0.74065673, 0.69372612, 0.24820061, 0.75003707, 0.78354049, 0.23908143, 0.71881217, 0.76065332)
(0.11106694, 0.92423540, 0.34373012, 0.65710407, 0.68625891, 0.67266119, 0.62237638, 0.16762958, 0.24087393, 0.76936144)
(0.54516107, 0.50875574, 0.85767943, 0.36065242, 0.42388681, 0.68824255, 0.77542526, 0.60987383, 0.79783529, 0.44405028)
(0.30997169, 0.71086705, 0.53871542, 0.56386173, 0.51171154, 0.60747772, 0.63782740, 0.38870636, 0.49506629, 0.62291157)
(0.30847329, 0.59911430, 0.49297693, 0.80781800, 0.75058055, 0.23447852, 0.58005786, 0.22481379, 0.06329714, 0.43235442)
(0.43547431, 0.80893594, 0.41914171, 0.57116228, 0.41399443, 0.55831301, 0.47777331, 0.18901072, 0.50772601, 0.73974192)
(0.71932387, 0.70424432, 0.73977971, 0.49414772, 0.32117742, 0.58795118, 0.56546885, 0.31030113, 0.76718611, 0.61105633)
(0.34200853, 0.80293667, 0.61180669, 0.78946686, 0.32495540, 0.53910941, 0.67787617, 0.23327650, 0.44429389, 0.69407713)
(0.36173972, 0.65804946, 0.65710944, 0.78421497, 0.41338238, 0.47344199, 0.69597858, 0.35046417, 0.37305883, 0.56413120)
(0.40754285, 0.87638664, 0.54488605, 0.75067091, 0.24840137, 0.56432891, 0.58917743, 0.13703847, 0.55467546, 0.78994751)
(0.44963741, 0.82000726, 0.57067215, 0.58799994, 0.32147145, 0.61842561, 0.58151227, 0.22375321, 0.64501542, 0.74411458)
(0.23260467, 0.84981006, 0.52616113, 0.56019247, 0.48555902, 0.69982058, 0.65977460, 0.28310996, 0.54357928, 0.72333145)
(0.16469929, 0.74444544, 0.75163126, 0.66415387, 0.50259930, 0.72439784, 0.84205514, 0.52072644, 0.51042759, 0.55280995)
(0.47506207, 0.88474643, 0.62660718, 0.68293417, 0.20556167, 0.63055670, 0.61146057, 0.14221340, 0.69962126, 0.80400288)
(0.29737109, 0.41306001, 0.80414522, 0.77474099, 0.52514768, 0.46783599, 0.82867008, 0.60028887, 0.33509877, 0.32377529)
(0.31189862, 0.60537648, 0.58022773, 0.56933200, 0.55646551, 0.57592922, 0.67031670, 0.48984113, 0.44971761, 0.53334934)
(0.59268153, 0.62048614, 0.53194177, 0.62656665, 0.57198822, 0.27938321, 0.47942054, 0.16611338, 0.21227342, 0.56235898)
(0.55018860, 0.57816613, 0.94152254, 0.43901339, 0.26900324, 0.76855958, 0.87383211, 0.62632257, 0.89260280, 0.45623726)
(0.33406875, 0.59378213, 0.42175406, 0.40076965, 0.74773806, 0.53232646, 0.52696824, 0.43325335, 0.34292445, 0.50857729)
(0.51277584, 0.47741765, 0.80898356, 0.77124852, 0.31605071, 0.44160220, 0.75858730, 0.44786361, 0.51078373, 0.45016313)
(0.46045995, 0.57597941, 0.62409234, 0.75216317, 0.39905301, 0.40789068, 0.63772976, 0.34636545, 0.38416794, 0.54803449)
(0.28739235, 0.90208149, 0.52786434, 0.88148743, 0.29278317, 0.49224761, 0.64239508, 0.10771696, 0.30942422, 0.78612745)
(0.69385672, 0.76365483, 0.50127172, 0.66987538, 0.53455520, 0.24107282, 0.38468602, 0.07178553, 0.17191996, 0.65827328)
(0.31746557, 0.39994305, 0.73499966, 0.82316452, 0.57618427, 0.32973808, 0.77643317, 0.48831278, 0.19434759, 0.32528618)
(0.48928845, 0.40179101, 0.83734059, 0.23040132, 0.63295919, 0.65439039, 0.75345612, 0.66570634, 0.70250225, 0.33585674)
(0.40220824, 0.73661858, 0.48087054, 0.50488931, 0.48938739, 0.58914608, 0.53965586, 0.31570196, 0.53622574, 0.67325944)
(0.12480138, 0.76047933, 0.59592617, 0.36103892, 0.75677383, 0.78621429, 0.77037174, 0.57264382, 0.50353324, 0.55464828)
(0.42575705, 0.83843935, 0.33301792, 0.46225581, 0.55720031, 0.57451409, 0.39745596, 0.15694697, 0.43314722, 0.74661583)
(0.81115639, 0.46165544, 0.76216853, 0.50529313, 0.55910647, 0.28327385, 0.55387914, 0.24217045, 0.39039594, 0.35833377)
(0.53381169, 0.55510479, 0.70427662, 0.72622770, 0.34686086, 0.43656665, 0.65890616, 0.37741044, 0.49145362, 0.53399408)
(0.11807634, 0.68917084, 0.67632115, 0.59242249, 0.69696707, 0.71271789, 0.82579815, 0.60539216, 0.36569387, 0.47748515)
(0.40433255, 0.48868805, 0.70121557, 0.67602247, 0.46064484, 0.49177906, 0.71760535, 0.50997669, 0.45861483, 0.45215300)
(0.68130100, 0.56817263, 0.74731356, 0.20775211, 0.54331738, 0.64157802, 0.58526099, 0.46036342, 0.75905979, 0.49630865)
(0.67661417, 0.61342108, 0.84164810, 0.55023259, 0.28490469, 0.60897714, 0.70643139, 0.42631012, 0.79327476, 0.52128071)
(0.26745537, 0.75759292, 0.46006683, 0.56997967, 0.57615560, 0.59915596, 0.60221112, 0.33589646, 0.41127059, 0.65056092)
(0.21329658, 0.72744399, 0.76980776, 0.52109468, 0.47922650, 0.76820809, 0.82717401, 0.56515342, 0.66983491, 0.57153755)
(0.37264067, 0.38235679, 0.92636055, 0.78631413, 0.31573573, 0.57158601, 0.90838474, 0.68115592, 0.59526730, 0.30223382)
(0.37432685, 0.50781745, 0.94030315, 0.56488347, 0.31033388, 0.74440086, 0.91442955, 0.72263449, 0.81564945, 0.38929150)
(0.09256737, 0.84543991, 0.49232745, 0.43918815, 0.77463663, 0.77586091, 0.74037194, 0.43252787, 0.38797975, 0.62817252)
(0.19474404, 0.92933869, 0.36418596, 0.72196227, 0.49218994, 0.61614889, 0.56980991, 0.11332883, 0.32070380, 0.81376982)
(0.70518678, 0.81375974, 0.62755454, 0.46812671, 0.30772233, 0.60397363, 0.46752957, 0.18938427, 0.74573720, 0.73408896)
(0.32491833, 0.69871938, 0.78984714, 0.75971711, 0.30975297, 0.61708415, 0.80792636, 0.42138880, 0.57747984, 0.57284564)
(0.25488394, 0.68276614, 0.61218637, 0.44166312, 0.59531593, 0.69780731, 0.70861852, 0.52450699, 0.57081205, 0.56983685)
(0.74779147, 0.49144819, 0.85111725, 0.76588535, 0.27653143, 0.36757466, 0.69783258, 0.33590224, 0.59531349, 0.43138903)
(0.26550791, 0.90551394, 0.55942947, 0.82396352, 0.29253802, 0.58883542, 0.67560023, 0.13404682, 0.42890245, 0.78672087)
(0.02946687, 0.91370475, 0.47046241, 0.56542301, 0.88572395, 0.79132986, 0.81555456, 0.35922453, 0.16124098, 0.61677098)
(0.15539123, 0.78647053, 0.52109784, 0.70720732, 0.64468348, 0.59422642, 0.71655536, 0.34486476, 0.25661260, 0.60311449)
(0.31483975, 0.94447696, 0.76647913, 0.50434977, 0.23974663, 0.85108542, 0.76143104, 0.18670005, 0.85614288, 0.83970815)
(0.41001904, 0.79640383, 0.54560649, 0.69386959, 0.32885864, 0.54792249, 0.59193569, 0.22193491, 0.52802175, 0.71743822)
(0.53984702, 0.45849636, 0.93200690, 0.83660245, 0.19671634, 0.50314486, 0.87661308, 0.50808668, 0.64936668, 0.38724592)
(0.24358219, 0.90726840, 0.50209403, 0.86000711, 0.34219858, 0.52890050, 0.65055948, 0.11651137, 0.30231464, 0.78320557)
(0.27320507, 0.61882025, 0.61725473, 0.40112153, 0.64206457, 0.67707866, 0.70144320, 0.57535839, 0.55261445, 0.51863533)
(0.78178442, 0.29216641, 0.85082889, 0.63014644, 0.62550944, 0.16920586, 0.66818762, 0.23217358, 0.20006205, 0.22410530)
(0.25246298, 0.76906669, 0.86508393, 0.85371113, 0.24411094, 0.65563774, 0.88238662, 0.39159465, 0.57055795, 0.58322245)
(0.18695763, 0.83723563, 0.70978796, 0.41981086, 0.53064644, 0.82582176, 0.79086691, 0.46322641, 0.71041697, 0.66880643)
(0.22979513, 0.65711683, 0.70591497, 0.66831487, 0.53206778, 0.62324369, 0.78322774, 0.51042998, 0.43873504, 0.51105922)
(0.39211625, 0.60400331, 0.87403500, 0.59494561, 0.30969408, 0.69703877, 0.84935063, 0.58017850, 0.75634438, 0.49877343)
(0.23961239, 0.74919486, 0.55977017, 0.61148721, 0.53957528, 0.63348174, 0.68959016, 0.38963690, 0.44470400, 0.62302232)
(0.32128528, 0.79130220, 0.41150895, 0.59657633, 0.52466142, 0.55787873, 0.53337324, 0.24810944, 0.40415430, 0.69948184)
(0.77946460, 0.46946692, 0.85222757, 0.60068309, 0.32073393, 0.45933047, 0.66595161, 0.43984258, 0.72307032, 0.40301162)
(0.45153761, 0.51900077, 0.74386090, 0.26695138, 0.60452223, 0.66527826, 0.69408005, 0.60367602, 0.68960905, 0.45519027)
(0.14481689, 0.65011406, 0.58815706, 0.51962036, 0.74404043, 0.67135519, 0.76104295, 0.58549815, 0.34743586, 0.47332808)
(0.59014094, 0.39456779, 0.86284816, 0.24880163, 0.54147959, 0.63770670, 0.75185537, 0.64273494, 0.75205147, 0.34958610)
(0.32583922, 0.83765417, 0.58229387, 0.73071933, 0.32845283, 0.59611523, 0.65973240, 0.21681468, 0.51507169, 0.72857887)
(0.64884061, 0.43285665, 0.85983247, 0.86488771, 0.28183150, 0.27166647, 0.76392537, 0.29206586, 0.38151401, 0.39574820)
(0.58546478, 0.90015566, 0.56488001, 0.44547939, 0.30882156, 0.69389296, 0.47462496, 0.13240814, 0.74943697, 0.82377338)
(0.39351946, 0.94585305, 0.66953588, 0.84437466, 0.11934280, 0.63659149, 0.68026733, 0.07342631, 0.67715812, 0.86420697)
(0.10281126, 0.81919831, 0.68803084, 0.39846274, 0.69788182, 0.83797389, 0.83151662, 0.56635576, 0.58956176, 0.59151769)
(0.21092933, 0.71307856, 0.42751119, 0.19707428, 0.88768017, 0.69673979, 0.57809824, 0.46123016, 0.35758743, 0.49695840)
(0.33355445, 0.55828601, 0.82133597, 0.58611846, 0.40948522, 0.66793448, 0.82638371, 0.62336075, 0.66138637, 0.46840400)
(0.35430452, 0.84833157, 0.57853061, 0.80810624, 0.28689837, 0.53061569, 0.64564615, 0.17014691, 0.44768581, 0.74321085)
(0.69280374, 0.57550675, 0.57921928, 0.41899887, 0.56052887, 0.44103277, 0.46834144, 0.33432019, 0.49123541, 0.49980339)
(0.57278579, 0.82661361, 0.54418445, 0.56469440, 0.29838723, 0.58609527, 0.49052325, 0.17154659, 0.65599436, 0.76507825)
(0.50646067, 0.45951399, 0.90126163, 0.49143526, 0.33903706, 0.66835529, 0.84657574, 0.65425569, 0.79137731, 0.40358713)
(0.34322178, 0.82330060, 0.41854909, 0.68687612, 0.44147083, 0.52284944, 0.53143853, 0.18628868, 0.38487557, 0.73032945)
(0.13042019, 0.66014117, 0.63127273, 0.62597442, 0.73060143, 0.63811511, 0.79393405, 0.55790699, 0.27423042, 0.45296091)
(0.19779439, 0.77165198, 0.44398499, 0.69634628, 0.64252168, 0.53629255, 0.63782555, 0.30130100, 0.23954874, 0.61954612)
(0.55972767, 0.47902527, 0.69799954, 0.75950527, 0.46814591, 0.26776072, 0.64130664, 0.25053918, 0.24955596, 0.45359656)
(0.20563842, 0.57404798, 0.72710884, 0.51826549, 0.60308743, 0.69519162, 0.80823392, 0.67267770, 0.52686530, 0.45530123)
(0.30832091, 0.52304161, 0.69864327, 0.66499275, 0.52626705, 0.54372078, 0.75244558, 0.55276090, 0.42128423, 0.44499835)
(0.46486288, 0.54825914, 0.60314256, 0.72315347, 0.54154563, 0.34749055, 0.60327566, 0.32942963, 0.26097795, 0.48339295)
(0.32644603, 0.39493078, 0.79011428, 0.72504520, 0.51304919, 0.48538303, 0.81346738, 0.61540508, 0.38691178, 0.33319399)
(0.26800111, 0.59985954, 0.53840393, 0.52245939, 0.64912844, 0.58476120, 0.65898770, 0.51503599, 0.39791799, 0.51134455)
(0.24801441, 0.76398510, 0.39795342, 0.86814523, 0.67203009, 0.27635652, 0.54601771, 0.14861389, 0.06564175, 0.58603007)
(0.29787534, 0.78325075, 0.40457040, 0.56495100, 0.57313532, 0.57418966, 0.53814381, 0.27389982, 0.39300296, 0.68588233)
(0.39494759, 0.50555325, 0.89974540, 0.61071920, 0.32339060, 0.67534918, 0.87481683, 0.65887457, 0.74433845, 0.41899750)
(0.16712603, 0.95176703, 0.59034276, 0.84780705, 0.27854982, 0.68540806, 0.75023991, 0.10410749, 0.44111434, 0.83166707)
(0.18251584, 0.75910550, 0.58270550, 0.59655833, 0.59183007, 0.67597616, 0.73752254, 0.43305054, 0.42570564, 0.60112888)
(0.06704107, 0.81950426, 0.50406402, 0.58359444, 0.82082820, 0.71450597, 0.77877277, 0.44830003, 0.21285665, 0.55732602)
(0.35398248, 0.54514956, 0.59251910, 0.31376487, 0.69287920, 0.62130666, 0.63248360, 0.56500202, 0.53617948, 0.47450539)
(0.20636870, 0.74088991, 0.51525801, 0.68431699, 0.60952735, 0.56674600, 0.68210143, 0.36321798, 0.29314917, 0.59276569)
(0.46419403, 0.94029874, 0.71295047, 0.84252703, 0.10125720, 0.62966067, 0.68080688, 0.07480098, 0.72310549, 0.86042893)
(0.42032263, 0.78073728, 0.49916050, 0.45478681, 0.49737883, 0.63360757, 0.52941799, 0.29468337, 0.58445656, 0.70267224)
(0.50604486, 0.75805992, 0.69388586, 0.83263624, 0.21636768, 0.46479151, 0.66261071, 0.21201773, 0.51152498, 0.69079226)
(0.77043128, 0.84495485, 0.82234210, 0.36542898, 0.23243611, 0.73766899, 0.59689039, 0.21437304, 0.89759433, 0.73135155)
(0.26414141, 0.49884692, 0.70756775, 0.61774075, 0.57729656, 0.58132577, 0.77568364, 0.62701821, 0.43040830, 0.41945767)
(0.30235943, 0.96788567, 0.29581627, 0.78016597, 0.29573792, 0.58357382, 0.42721882, 0.03385075, 0.38259634, 0.90200204)
(0.22575374, 0.65784287, 0.51222736, 0.54924196, 0.66932601, 0.59415448, 0.66517812, 0.47133833, 0.35171777, 0.53841460)
(0.16625762, 0.84780079, 0.54728401, 0.86234879, 0.51181495, 0.51483548, 0.73105395, 0.21067843, 0.19388483, 0.66184348)
(0.25434673, 0.73671544, 0.43835139, 0.52418435, 0.65094793, 0.59570092, 0.58576411, 0.36223006, 0.37417459, 0.62172043)
(0.20428151, 0.85210371, 0.64342481, 0.43962523, 0.51950854, 0.79983616, 0.74196154, 0.38868099, 0.67384523, 0.70300138)
(0.88996989, 0.42420834, 0.92138463, 0.58044112, 0.29391149, 0.41268694, 0.69184667, 0.40403515, 0.77760953, 0.30671102)
(0.32827786, 0.80530185, 0.86893183, 0.92949563, 0.15905623, 0.54083800, 0.86635947, 0.24151474, 0.48904359, 0.63728958)
(0.14810036, 0.76189327, 0.49680254, 0.52596247, 0.74894643, 0.65758646, 0.68962896, 0.42518589, 0.31004363, 0.57137001)
(0.41904053, 0.59817803, 0.95237535, 0.38895991, 0.30909246, 0.82565188, 0.91361564, 0.71477437, 0.90363574, 0.44290307)
(0.26588142, 0.83718544, 0.56774092, 0.71123785, 0.39643908, 0.62083298, 0.68178135, 0.24652006, 0.47208533, 0.71147531)
(0.21450080, 0.67544812, 0.41713178, 0.53518373, 0.74963593, 0.54725152, 0.59548032, 0.40668321, 0.25629646, 0.54186291)
(0.39596418, 0.58682376, 0.90854049, 0.59601521, 0.28115320, 0.71958286, 0.88011199, 0.62052536, 0.79608601, 0.47405466)
(0.35734135, 0.67453104, 0.53730661, 0.76947451, 0.47137880, 0.43204814, 0.62134600, 0.29715666, 0.29697624, 0.59221071)
(0.13740708, 0.88061267, 0.28226364, 0.76871830, 0.75252545, 0.46809730, 0.54425687, 0.13711193, 0.09635697, 0.69525117)
(0.73245269, 0.77640653, 0.73063123, 0.82468742, 0.21523619, 0.38684765, 0.55165768, 0.14671852, 0.53039014, 0.68036842)
(0.49038202, 0.44931158, 0.60660672, 0.64825243, 0.63108891, 0.28924963, 0.59626478, 0.31565344, 0.20623556, 0.40976039)
(0.35786471, 0.54461527, 0.94552833, 0.76209867, 0.23372409, 0.68141884, 0.92520154, 0.64532697, 0.73966831, 0.39980969)
(0.24385922, 0.87247300, 0.62753630, 0.59483272, 0.38043684, 0.73800516, 0.71966326, 0.27129829, 0.64224321, 0.74398857)
(0.33941475, 0.68396455, 0.59113485, 0.41621795, 0.56253338, 0.67333394, 0.64641285, 0.46888250, 0.60266054, 0.59498292)
(0.61246538, 0.46447247, 0.50477356, 0.37903544, 0.82124865, 0.26371267, 0.42637172, 0.24235706, 0.14593385, 0.36845475)
(0.26349324, 0.80861855, 0.42688736, 0.56909370, 0.57073820, 0.60876018, 0.57332402, 0.27513641, 0.40777650, 0.69605023)
(0.20716408, 0.62706542, 0.74794316, 0.77121496, 0.52919090, 0.57477349, 0.82278055, 0.51229674, 0.33868897, 0.45997196)
(0.62521458, 0.20442767, 0.92331523, 0.66786504, 0.37733421, 0.41219717, 0.85226369, 0.63712895, 0.56147349, 0.20918716)
(0.31505492, 0.61778581, 0.70921367, 0.79221988, 0.43815148, 0.49470362, 0.75726599, 0.41667506, 0.36268198, 0.50771791)
(0.60734504, 0.75993955, 0.75137740, 0.78197819, 0.19089252, 0.51260746, 0.65634274, 0.22947851, 0.65827948, 0.68900323)
(0.63555783, 0.76042336, 0.72307587, 0.50423652, 0.28682670, 0.64336151, 0.59983116, 0.28795508, 0.77863461, 0.68798208)
(0.16023077, 0.66696775, 0.50887495, 0.47128969, 0.77433830, 0.64816499, 0.69663233, 0.53218806, 0.32562894, 0.49862596)
(0.10475218, 0.79556835, 0.68571842, 0.52708369, 0.66490048, 0.79001987, 0.83251315, 0.54139066, 0.49015117, 0.57031918)
(0.70721656, 0.55835527, 0.62884921, 0.38641852, 0.52404010, 0.49781874, 0.49241206, 0.39783078, 0.59663296, 0.48712602)
(0.26672453, 0.88557816, 0.55258423, 0.59683061, 0.38350788, 0.70745319, 0.65704751, 0.21546167, 0.60538328, 0.77158606)
(0.67571366, 0.61724555, 0.73431689, 0.47781587, 0.37989458, 0.57065713, 0.59380370, 0.39337486, 0.72727191, 0.54219425)
(0.23876666, 0.57525438, 0.61469156, 0.41250134, 0.69163865, 0.66436797, 0.72076553, 0.61915034, 0.49069443, 0.47004104)
(0.36561373, 0.68017316, 0.50542897, 0.37922552, 0.61880553, 0.63430417, 0.57017821, 0.42541483, 0.54183364, 0.59980822)
(0.21871990, 0.75713456, 0.53649509, 0.60084951, 0.57297343, 0.63878107, 0.68747991, 0.38780132, 0.41896477, 0.62259835)
(0.16541734, 0.55490375, 0.60888034, 0.70416623, 0.76003456, 0.48677391, 0.75858688, 0.53020310, 0.16825226, 0.38004810)
(0.17841430, 0.74285537, 0.61246139, 0.78406268, 0.59373504, 0.53740913, 0.75384879, 0.36071596, 0.23708203, 0.55262905)
(0.59701520, 0.68168765, 0.73274666, 0.35799956, 0.40704611, 0.67215097, 0.62510848, 0.39585882, 0.77496237, 0.60476238)
(0.64623946, 0.31819746, 0.79371417, 0.66493696, 0.54156154, 0.26308572, 0.68451363, 0.36082226, 0.30320516, 0.29836035)
(0.30723825, 0.76673663, 0.75989205, 0.75918669, 0.29959932, 0.63929898, 0.79144424, 0.36167508, 0.58445388, 0.63482428)
(0.34555581, 0.62291563, 0.55098003, 0.55068159, 0.53328085, 0.57140571, 0.63189685, 0.45403525, 0.48053515, 0.56642777)
(0.18216105, 0.92304367, 0.45484263, 0.70468664, 0.45593491, 0.67207611, 0.64701378, 0.14964741, 0.40886003, 0.79693753)
(0.35392299, 0.90141958, 0.85469437, 0.93503851, 0.10013390, 0.59143388, 0.84329188, 0.14299557, 0.59387439, 0.76880145)
(0.26356161, 0.80116212, 0.59123558, 0.43565366, 0.53870302, 0.74016386, 0.67880321, 0.39460188, 0.62693834, 0.67556292)
(0.58947241, 0.72544622, 0.50500351, 0.46636271, 0.42322114, 0.55104667, 0.45893607, 0.25579953, 0.59979874, 0.67776036)
(0.69490683, 0.94391942, 0.70971471, 0.61469853, 0.12791748, 0.69612235, 0.52837783, 0.06953318, 0.84407747, 0.88071805)
(0.21127927, 0.87323010, 0.73769867, 0.76438004, 0.30508071, 0.71990621, 0.81121647, 0.28282571, 0.58805084, 0.71890599)
(0.38159689, 0.67979497, 0.45055318, 0.25498202, 0.81098938, 0.59596306, 0.49415445, 0.37706330, 0.37455410, 0.51993340)
(0.33594415, 0.75985533, 0.46488315, 0.81454039, 0.48117763, 0.38824964, 0.57097232, 0.19288169, 0.21576779, 0.65047163)
(0.66065705, 0.85144609, 0.44806135, 0.62913990, 0.32794529, 0.47599238, 0.36530575, 0.10057337, 0.50779051, 0.77465671)
(0.72358543, 0.75038284, 0.70607352, 0.83380544, 0.32429606, 0.23812670, 0.54259598, 0.08128954, 0.26300555, 0.63513321)
(0.63298106, 0.42246628, 0.58907002, 0.45650625, 0.78247005, 0.21233393, 0.49528283, 0.21218339, 0.12100228, 0.34604612)
(0.26220870, 0.63885993, 0.41501966, 0.31562701, 0.82550436, 0.59955007, 0.55369896, 0.45229837, 0.32957298, 0.49423516)
(0.40861860, 0.90440899, 0.58907819, 0.83365273, 0.18796690, 0.54498023, 0.61971110, 0.10209813, 0.53691429, 0.81596482)
(0.32436779, 0.43843508, 0.74779004, 0.64247102, 0.53010792, 0.54015326, 0.78320736, 0.62663114, 0.44498622, 0.38491210)
(0.25497922, 0.63916516, 0.72896117, 0.76555312, 0.46983168, 0.56213331, 0.79462707, 0.46634510, 0.38485232, 0.50091106)
(0.22273490, 0.74527991, 0.44531912, 0.56135416, 0.65566230, 0.59708107, 0.61789399, 0.36262405, 0.34298602, 0.61560470)
(0.39737475, 0.51051486, 0.82543111, 0.73969781, 0.35677999, 0.54421347, 0.81163591, 0.53823727, 0.54814941, 0.43702659)
(0.31195286, 0.82545084, 0.48425052, 0.49739993, 0.50386280, 0.66653961, 0.57944196, 0.27668887, 0.55358028, 0.72313553)
(0.10951653, 0.96307921, 0.49335709, 0.88219392, 0.41068494, 0.64936966, 0.73071635, 0.08469664, 0.24660353, 0.83977491)
(0.28844139, 0.65409291, 0.63783646, 0.29107398, 0.68797457, 0.72227955, 0.69463974, 0.56670195, 0.60736102, 0.52248532)
(0.60084343, 0.53085959, 0.63982016, 0.60863692, 0.43229267, 0.43114877, 0.57911736, 0.37476134, 0.51845223, 0.51216739)
(0.49502966, 0.51706135, 0.84056258, 0.64310837, 0.31061161, 0.58051729, 0.79287648, 0.53542006, 0.68318695, 0.46714994)
(0.33597007, 0.80699337, 0.54893398, 0.79925787, 0.36170223, 0.50062531, 0.63672590, 0.20950291, 0.37107104, 0.70001644)
(0.17954715, 0.85996395, 0.43184036, 0.49069393, 0.64805603, 0.70793331, 0.61944169, 0.29277971, 0.43462732, 0.71550769)
(0.43748292, 0.60525239, 0.76068741, 0.52635843, 0.39168888, 0.64355904, 0.73725718, 0.51475358, 0.69346124, 0.54132289)
(0.12449306, 0.79197705, 0.55179834, 0.42891872, 0.73487490, 0.76140654, 0.74702543, 0.49059767, 0.45154169, 0.59051901)
(0.42480090, 0.62409848, 0.92356509, 0.81109232, 0.18864198, 0.62798268, 0.89098114, 0.48894247, 0.71337670, 0.48228645)
(0.62389505, 0.35751855, 0.94280726, 0.74165243, 0.23154286, 0.51767427, 0.87266189, 0.60159510, 0.72820795, 0.31757784)
(0.43710777, 0.63398594, 0.67214322, 0.44958934, 0.45267260, 0.64971942, 0.66709983, 0.48075691, 0.67776501, 0.58044696)
(0.48684776, 0.74301952, 0.66239613, 0.29462388, 0.57746863, 0.69855678, 0.59250093, 0.37785712, 0.68975693, 0.60871279)
(0.47661504, 0.37619573, 0.60329145, 0.54830235, 0.68747836, 0.33210531, 0.60007381, 0.42976937, 0.25319129, 0.34980041)
(0.48794666, 0.47221950, 0.47302765, 0.48849988, 0.78336084, 0.28131801, 0.47831941, 0.28788221, 0.14636981, 0.41087598)
(0.21307518, 0.68422431, 0.81349087, 0.76899403, 0.41091940, 0.65310985, 0.86132663, 0.50829971, 0.48902535, 0.50388062)
(0.41689813, 0.56245357, 0.64745021, 0.73658907, 0.45620409, 0.43169108, 0.66806185, 0.39755693, 0.36744770, 0.50697768)
(0.19115366, 0.79805136, 0.71952772, 0.37550136, 0.58411306, 0.82030004, 0.79371893, 0.52947849, 0.70259696, 0.62127346)
(0.28596649, 0.89398086, 0.40035194, 0.71972096, 0.41609910, 0.56521499, 0.54458064, 0.12982607, 0.37888590, 0.78899252)
(0.13778055, 0.77017468, 0.68862808, 0.39988762, 0.66012758, 0.80978465, 0.81298882, 0.58591676, 0.60885662, 0.57425523)
(0.39907435, 0.84906393, 0.70227635, 0.54990965, 0.28527150, 0.72784859, 0.69828582, 0.26502800, 0.76300907, 0.74581826)
(0.32500291, 0.75529766, 0.36556160, 0.51620102, 0.63865101, 0.54456472, 0.48690632, 0.27305618, 0.35101628, 0.65605217)
(0.76533741, 0.40800393, 0.85383040, 0.70928782, 0.34780753, 0.33499348, 0.69682950, 0.35290265, 0.56785268, 0.35555062)
(0.27817518, 0.57012254, 0.94613820, 0.28554165, 0.50369483, 0.85987318, 0.92530417, 0.80541342, 0.87119293, 0.37894088)
(0.43760219, 0.75950706, 0.52508235, 0.48329416, 0.44862610, 0.61914349, 0.54962999, 0.30398023, 0.60530233, 0.69287020)
(0.05170806, 0.68403149, 0.88972819, 0.18745682, 0.86518168, 0.91933858, 0.94451928, 0.87658626, 0.68678194, 0.33279073)
(0.29086828, 0.57054228, 0.73741663, 0.50999886, 0.51467139, 0.67476147, 0.78128195, 0.62746280, 0.60769737, 0.48599252)
(0.21838136, 0.55472875, 0.46307850, 0.45103854, 0.81970263, 0.53044271, 0.61500841, 0.51154727, 0.24704580, 0.43004251)
(0.39678773, 0.39903781, 0.56054920, 0.56779647, 0.72057730, 0.35090807, 0.60498357, 0.46011844, 0.22581224, 0.35206360)
(0.30135334, 0.73235399, 0.52374434, 0.40157920, 0.64347768, 0.66784936, 0.60648173, 0.41670102, 0.51981652, 0.61253005)
(0.62919414, 0.58640128, 0.61494327, 0.58681881, 0.43333110, 0.43462664, 0.54140931, 0.32666776, 0.52017629, 0.54607558)
(0.27278614, 0.66813409, 0.73300964, 0.64099115, 0.44008642, 0.65740347, 0.78703827, 0.50643736, 0.56201428, 0.54494631)
(0.10888010, 0.80267096, 0.65816420, 0.58339465, 0.63907099, 0.76477981, 0.82261980, 0.49633750, 0.44131693, 0.58713663)
(0.38675538, 0.33280936, 0.89416051, 0.81418574, 0.49207228, 0.39831743, 0.86763179, 0.60769570, 0.32771489, 0.23950678)
(0.38947248, 0.70139825, 0.50418109, 0.40678027, 0.57162499, 0.62833917, 0.55705029, 0.39085376, 0.55923355, 0.63054514)
(0.28218609, 0.49753892, 0.89614534, 0.88404226, 0.35874429, 0.49447069, 0.89803356, 0.54988736, 0.37732983, 0.34527043)
(0.07268988, 0.89287359, 0.46885848, 0.65341771, 0.73143482, 0.72796458, 0.75801575, 0.30543441, 0.24979305, 0.67963666)
(0.41993791, 0.94759333, 0.27537164, 0.62665308, 0.41802570, 0.57108247, 0.33543044, 0.04584020, 0.39411521, 0.87072283)
(0.56842798, 0.69605786, 0.82399899, 0.21563271, 0.47592574, 0.76864856, 0.70822716, 0.48044941, 0.84788185, 0.57393426)
(0.62523556, 0.76197505, 0.68479341, 0.36418054, 0.36948809, 0.67594117, 0.56321752, 0.30098331, 0.78432131, 0.68803972)
(0.69361418, 0.34308684, 0.74286735, 0.45860332, 0.59632581, 0.36155897, 0.61455691, 0.44344133, 0.44525889, 0.30471519)
(0.57824308, 0.31521413, 0.91034335, 0.68670094, 0.30920130, 0.49478817, 0.84654403, 0.61668682, 0.65029854, 0.30427635)
(0.28688586, 0.59999955, 0.62454998, 0.30197433, 0.70328063, 0.69062352, 0.69132197, 0.59632272, 0.56760073, 0.48903054)
(0.60410440, 0.69208652, 0.48703182, 0.18557365, 0.68496311, 0.61672455, 0.42288506, 0.31715143, 0.57764381, 0.58351922)
(0.37562951, 0.79234660, 0.49610841, 0.64783710, 0.41849616, 0.55673045, 0.56342220, 0.24303377, 0.47924578, 0.70924896)
(0.78870112, 0.42396244, 0.94022018, 0.75321352, 0.20334832, 0.45543399, 0.80553317, 0.47041690, 0.76603478, 0.34806907)
(0.51208520, 0.31965521, 0.76357275, 0.44080174, 0.64979511, 0.44445834, 0.69377571, 0.57815778, 0.43757918, 0.28575557)
(0.20135513, 0.80923462, 0.52507192, 0.30044574, 0.73395783, 0.77019626, 0.65902084, 0.43185470, 0.55036855, 0.63269937)
(0.32258138, 0.62363935, 0.86677235, 0.63481510, 0.34290239, 0.70204479, 0.86048973, 0.59103984, 0.70568120, 0.49483073)
(0.34079844, 0.76236624, 0.84909010, 0.57553613, 0.28656662, 0.76833391, 0.83755302, 0.46818525, 0.79974097, 0.62202001)
(0.37084961, 0.47837964, 0.76267684, 0.83638054, 0.43658233, 0.37123388, 0.77724451, 0.42914531, 0.28559244, 0.40560660)
(0.30172673, 0.62568814, 0.50565594, 0.47254151, 0.62616861, 0.59772861, 0.61726689, 0.48051193, 0.45793405, 0.55344611)
(0.86854076, 0.35948262, 0.90129375, 0.59435290, 0.38723606, 0.32340610, 0.69506204, 0.35105196, 0.63339633, 0.26208752)
(0.23888122, 0.71900934, 0.81079918, 0.55860698, 0.41570523, 0.76277018, 0.84491718, 0.56010348, 0.70114970, 0.56423301)
(0.56985652, 0.68767756, 0.45141685, 0.58212471, 0.49739626, 0.41899741, 0.43143508, 0.21771894, 0.36851412, 0.63823074)
(0.25720048, 0.71129686, 0.78675169, 0.45577461, 0.46362898, 0.77753925, 0.81782645, 0.57936132, 0.73270351, 0.57295656)
(0.35308436, 0.70737422, 0.62544638, 0.59433013, 0.42394704, 0.62025523, 0.67500591, 0.39663282, 0.57629603, 0.62474597)
(0.33337235, 0.89398783, 0.57647061, 0.77843988, 0.25736845, 0.59992719, 0.64761734, 0.14136131, 0.53444386, 0.79080874)
(0.63586801, 0.75710899, 0.61198890, 0.46078053, 0.35025755, 0.60304117, 0.50790805, 0.25824344, 0.71642613, 0.69609523)
(0.41353655, 0.71401310, 0.75362438, 0.36544636, 0.44247821, 0.75137562, 0.72716802, 0.48982587, 0.77980000, 0.61058414)
(0.30651921, 0.72346956, 0.52379310, 0.69047564, 0.49906346, 0.52951479, 0.63277304, 0.32551384, 0.37100619, 0.62364703)
(0.06061628, 0.60727650, 0.71009082, 0.34517753, 0.89262468, 0.79846233, 0.87647736, 0.78521013, 0.35318568, 0.33390018)
(0.13676883, 0.71686190, 0.77594024, 0.64466369, 0.55677903, 0.74242210, 0.86578500, 0.59360749, 0.49450099, 0.50570416)
(0.63938314, 0.55394197, 0.95187956, 0.79286599, 0.14086621, 0.58696812, 0.87987918, 0.47830284, 0.80402672, 0.44514978)
(0.41543904, 0.89771432, 0.71035182, 0.74536252, 0.17048731, 0.66732103, 0.70343930, 0.15040775, 0.72748053, 0.80011004)
(0.38997170, 0.65164065, 0.78578061, 0.85885739, 0.28329182, 0.47115755, 0.78629249, 0.34038991, 0.42674863, 0.54635525)
(0.37076750, 0.79487872, 0.63789433, 0.77460384, 0.29805765, 0.55275464, 0.68084729, 0.24402176, 0.50340158, 0.69394934)
(0.42516258, 0.66416252, 0.63199466, 0.87949324, 0.45892695, 0.25939852, 0.64148104, 0.18291830, 0.14462347, 0.54508746)
(0.67419136, 0.67384028, 0.91273791, 0.86891240, 0.12422676, 0.48763561, 0.80807978, 0.29500908, 0.70741218, 0.56484431)
(0.55018419, 0.41991943, 0.55083126, 0.43680984, 0.71163839, 0.33214325, 0.51864773, 0.35642490, 0.26201701, 0.39010939)
(0.35258186, 0.60027045, 0.60669410, 0.82568401, 0.49865085, 0.35568902, 0.67316741, 0.32048777, 0.21851270, 0.50929594)
(0.70750594, 0.51909810, 0.58186460, 0.38408113, 0.64123362, 0.36860800, 0.46467882, 0.30617628, 0.38483188, 0.45052248)
(0.32571876, 0.86590320, 0.68597406, 0.97938973, 0.23167114, 0.23579548, 0.73283184, 0.06895019, 0.09639066, 0.70561391)
(0.24693845, 0.53748119, 0.83468556, 0.54482341, 0.49457854, 0.71537727, 0.86090887, 0.71196812, 0.64206421, 0.42388767)
(0.41796514, 0.80519539, 0.76678795, 0.68014127, 0.23331594, 0.67229962, 0.74793899, 0.29475719, 0.73219061, 0.69842345)
(0.66153210, 0.83475798, 0.50797802, 0.57662439, 0.30390880, 0.53586912, 0.41103417, 0.13657324, 0.62399596, 0.76603824)
(0.39445153, 0.76725459, 0.75191742, 0.75769824, 0.24846321, 0.60728258, 0.75370401, 0.31022856, 0.62662888, 0.66308379)
(0.43770319, 0.55504411, 0.82232869, 0.18351136, 0.63706183, 0.74720836, 0.75311875, 0.64739585, 0.77230281, 0.43764094)
(0.24903448, 0.63588023, 0.48996079, 0.76529258, 0.67250860, 0.39123529, 0.63727480, 0.34052947, 0.15606917, 0.49978778)
(0.66569144, 0.57074982, 0.68536037, 0.64238387, 0.39430764, 0.40969679, 0.57599121, 0.31568295, 0.53104591, 0.52191019)
(0.51759595, 0.49271131, 0.84527928, 0.24916914, 0.53950423, 0.70034540, 0.75819874, 0.64168215, 0.78411394, 0.41886133)
(0.67405111, 0.32194403, 0.90900713, 0.80939835, 0.28295666, 0.34795496, 0.80420339, 0.48294985, 0.54034466, 0.31082022)
(0.27690631, 0.80457699, 0.53794718, 0.93999422, 0.47303298, 0.25660786, 0.64603257, 0.11525732, 0.07700755, 0.62676233)
(0.38101688, 0.66880751, 0.87647408, 0.58919412, 0.28906059, 0.73160064, 0.85111773, 0.54626513, 0.78793758, 0.54529679)
(0.27661040, 0.64460552, 0.54214752, 0.52955139, 0.60105109, 0.60525376, 0.65748942, 0.47788528, 0.44333962, 0.55594963)
(0.50987333, 0.42799684, 0.58570808, 0.57318109, 0.70702720, 0.27296680, 0.56549096, 0.30978772, 0.17335473, 0.37761354)
(0.11938244, 0.79004025, 0.72819507, 0.64608574, 0.56546420, 0.75935692, 0.85236102, 0.51114452, 0.47179100, 0.57064599)
(0.36139971, 0.83043391, 0.64450240, 0.66841811, 0.29234806, 0.64801264, 0.68319488, 0.24595618, 0.64202935, 0.72717750)
(0.14179096, 0.82369292, 0.67410320, 0.57642591, 0.54093486, 0.77511489, 0.80901110, 0.44988143, 0.55053842, 0.63887811)
(0.49816829, 0.71172279, 0.53066009, 0.72311556, 0.35764635, 0.44515526, 0.53731781, 0.24232168, 0.43808946, 0.67184556)
(0.34903011, 0.88757491, 0.44196087, 0.73799837, 0.32876527, 0.55037290, 0.54438496, 0.12185483, 0.44401065, 0.79440045)
(0.57150882, 0.61671752, 0.70308977, 0.46112141, 0.39983314, 0.60366601, 0.62345010, 0.42465505, 0.70380312, 0.57254529)
(0.58001852, 0.42349195, 0.91682732, 0.66019821, 0.26147425, 0.57335037, 0.84665853, 0.59562582, 0.74887031, 0.37913412)
(0.28894597, 0.65696579, 0.60634750, 0.46260306, 0.56765491, 0.66813123, 0.69025642, 0.51592296, 0.56620830, 0.56626916)
(0.25129965, 0.81841123, 0.66523486, 0.81590450, 0.35839349, 0.58460385, 0.75551307, 0.26847464, 0.40644339, 0.67016745)
(0.55815136, 0.72788876, 0.46738854, 0.51709163, 0.42320570, 0.52333218, 0.45052606, 0.23901582, 0.54454154, 0.68629479)
(0.37642679, 0.41921589, 0.79214662, 0.30156171, 0.65040624, 0.65221459, 0.76593637, 0.68018383, 0.62443727, 0.35098419)
(0.14795643, 0.88695204, 0.40663344, 0.65647745, 0.61995035, 0.65456623, 0.64313745, 0.21903118, 0.30433202, 0.73341441)
(0.13149400, 0.77771741, 0.60151869, 0.50652063, 0.67120528, 0.75021690, 0.77508235, 0.50155008, 0.46004507, 0.58581084)
(0.24831018, 0.59495145, 0.61935151, 0.53348958, 0.60936844, 0.62968487, 0.72379345, 0.57226640, 0.45763791, 0.49881798)
(0.43342975, 0.62460840, 0.65559930, 0.62751329, 0.39216247, 0.55457008, 0.66631621, 0.41995803, 0.56538880, 0.57746035)
(0.16912356, 0.88903463, 0.44827932, 0.54866648, 0.58601236, 0.71866411, 0.64390308, 0.24730651, 0.44989467, 0.74834824)
(0.18734410, 0.67269897, 0.64266586, 0.58983368, 0.61510587, 0.66540235, 0.77066880, 0.53847820, 0.42048302, 0.51756996)
(0.24214740, 0.68326342, 0.62231654, 0.51805913, 0.56101143, 0.67919451, 0.72728938, 0.50963670, 0.53232485, 0.56690407)
(0.58161622, 0.36387745, 0.94185406, 0.73249340, 0.24605536, 0.53833747, 0.87967050, 0.62341517, 0.71295339, 0.32105550)
(0.45443064, 0.51362377, 0.81831032, 0.82044959, 0.31187317, 0.43857375, 0.78851300, 0.42866400, 0.45636487, 0.45317605)
(0.25300217, 0.61561126, 0.75704104, 0.57088083, 0.48806503, 0.68862909, 0.81022465, 0.60559762, 0.59303731, 0.49928042)
(0.72095734, 0.30185288, 0.82577419, 0.43165877, 0.55301738, 0.40691113, 0.66387379, 0.54117298, 0.54389369, 0.27064267)
(0.62021685, 0.59768873, 0.68842971, 0.70351481, 0.35884339, 0.42183885, 0.59263176, 0.32410932, 0.50567675, 0.55406404)
(0.27101260, 0.70721596, 0.78049308, 0.53843218, 0.42919073, 0.74098563, 0.81157941, 0.54100221, 0.69133103, 0.57203323)
(0.18218906, 0.77926522, 0.65306276, 0.69031787, 0.51308519, 0.67109007, 0.78010732, 0.41004032, 0.43168265, 0.60834819)
(0.22794487, 0.82879269, 0.57217467, 0.89983374, 0.43545687, 0.43087956, 0.70512152, 0.17893881, 0.18262580, 0.66142786)
(0.33098173, 0.36889490, 0.59382534, 0.66031504, 0.79026818, 0.28012928, 0.65614432, 0.45125040, 0.11819862, 0.28094938)
(0.36505273, 0.74200851, 0.48540330, 0.50969297, 0.51461887, 0.60301000, 0.55910772, 0.33187738, 0.52037561, 0.66685373)
(0.75469601, 0.69864351, 0.62904233, 0.32427958, 0.45265853, 0.57404852, 0.45018771, 0.29325780, 0.71047425, 0.59694171)
(0.16541988, 0.94053817, 0.34627354, 0.90473640, 0.48581165, 0.44083080, 0.58175617, 0.06197378, 0.11582229, 0.81105536)
(0.10275494, 0.67084765, 0.72637773, 0.36874622, 0.76849240, 0.80953461, 0.85385346, 0.73071331, 0.53123945, 0.44692561)
(0.34495321, 0.36581299, 0.85875434, 0.67565203, 0.45742819, 0.55998158, 0.86156917, 0.69115824, 0.51123291, 0.30820650)
(0.44635269, 0.55258453, 0.91076881, 0.09095880, 0.69655406, 0.82672620, 0.82407969, 0.72602123, 0.86131686, 0.37343448)
(0.26268178, 0.73170459, 0.39832151, 0.43361282, 0.71518165, 0.60489744, 0.54563749, 0.36231244, 0.36923185, 0.60996968)
(0.44026986, 0.40197060, 0.74970657, 0.80159146, 0.47049639, 0.32773441, 0.73827881, 0.44533139, 0.28326914, 0.37211210)
(0.29049456, 0.73768717, 0.52994263, 0.35516188, 0.64473438, 0.70330578, 0.62288624, 0.43747768, 0.56948209, 0.61785430)
(0.33281094, 0.64758193, 0.80340719, 0.86772919, 0.33301428, 0.48174426, 0.81149375, 0.37793067, 0.38105300, 0.50790578)
(0.56688929, 0.77164710, 0.60135746, 0.45839548, 0.35695675, 0.63062596, 0.53825718, 0.26751614, 0.71072555, 0.71397406)
(0.14119415, 0.84186661, 0.35457501, 0.86527699, 0.73525620, 0.36460921, 0.60417461, 0.14434098, 0.06103468, 0.62254906)
(0.18320934, 0.70852065, 0.61963880, 0.34803522, 0.70859039, 0.75807917, 0.74674696, 0.58143646, 0.56051618, 0.54257876)
(0.17951612, 0.82904387, 0.55360806, 0.59693056, 0.55230373, 0.70193177, 0.71598744, 0.34704953, 0.46605295, 0.67567164)
(0.42507222, 0.70447975, 0.63367498, 0.29649282, 0.59038270, 0.70528549, 0.61777312, 0.44240931, 0.67715639, 0.59225881)
(0.13705264, 0.90876138, 0.46123746, 0.67615581, 0.57223529, 0.69420987, 0.68342841, 0.20931450, 0.35376689, 0.75750929)
(0.24808599, 0.65213770, 0.67071939, 0.60216033, 0.58212852, 0.62093157, 0.74675775, 0.50075936, 0.44248623, 0.51215082)
(0.48449653, 0.69927967, 0.85914648, 0.68365103, 0.21402581, 0.66092449, 0.80765283, 0.41116443, 0.77184731, 0.59631675)
(0.49918404, 0.52511263, 0.90781528, 0.09969596, 0.66872531, 0.80251944, 0.80650389, 0.70839471, 0.85897827, 0.37291592)
(0.78742975, 0.30600324, 0.80990046, 0.39683840, 0.61929506, 0.33747554, 0.62184471, 0.43674317, 0.47718582, 0.24194902)
(0.48927146, 0.67024970, 0.72679311, 0.42117471, 0.40748364, 0.68466580, 0.67964786, 0.45622772, 0.74908817, 0.60008943)
(0.56099951, 0.43083671, 0.84544069, 0.79479378, 0.28837329, 0.40584287, 0.77514094, 0.44432396, 0.51495355, 0.41638038)
(0.52895224, 0.82515246, 0.37657428, 0.78880870, 0.52899909, 0.24922919, 0.35999805, 0.05990037, 0.11802959, 0.74275964)
(0.49185681, 0.63974178, 0.76945716, 0.09925541, 0.74992996, 0.76765144, 0.66069710, 0.55158079, 0.76381838, 0.46959972)
(0.30168819, 0.84061718, 0.51533127, 0.57211775, 0.42678320, 0.66093332, 0.61585599, 0.24907060, 0.56491113, 0.73597425)
(0.08445225, 0.87369066, 0.53024399, 0.33521628, 0.80053383, 0.83505243, 0.76105303, 0.45329508, 0.47651878, 0.64182919)
(0.32602480, 0.94156671, 0.28444162, 0.62576896, 0.42395696, 0.60926729, 0.40388989, 0.06381031, 0.41182321, 0.86078489)
(0.21588752, 0.59465784, 0.68711931, 0.46804443, 0.62850100, 0.69847709, 0.77791834, 0.64905214, 0.53527766, 0.47706652)
(0.27520081, 0.87412065, 0.50252569, 0.52005017, 0.47274774, 0.70546049, 0.60919696, 0.23515642, 0.57726443, 0.76097804)
(0.49392030, 0.30164969, 0.85840917, 0.85025299, 0.42181885, 0.27807850, 0.81046563, 0.47892851, 0.27830413, 0.27818215)
(0.14418425, 0.61628568, 0.77173483, 0.74258405, 0.61312872, 0.63528049, 0.86247325, 0.60489798, 0.32056144, 0.41030151)
(0.27504835, 0.92376751, 0.61550707, 0.92796987, 0.21353064, 0.49554503, 0.71017003, 0.08871462, 0.31151429, 0.80507958)
(0.33961415, 0.73086637, 0.56556296, 0.51142389, 0.48880732, 0.64428633, 0.63212913, 0.38563138, 0.57598096, 0.64528906)
(0.71216697, 0.40398481, 0.79607785, 0.65340632, 0.46306661, 0.31465262, 0.65261412, 0.34126019, 0.43282315, 0.35735247)
(0.30456197, 0.85130906, 0.51974171, 0.67065287, 0.38205746, 0.61761713, 0.62229759, 0.21061732, 0.50988281, 0.74339938)
(0.16775146, 0.74386287, 0.67926282, 0.59036291, 0.56444037, 0.72290736, 0.80036157, 0.50936240, 0.49606255, 0.56888652)
(0.16663089, 0.96578401, 0.53967589, 0.81153160, 0.28150973, 0.71808964, 0.70894700, 0.08107327, 0.48841786, 0.86746025)
(0.71532047, 0.56231755, 0.70738494, 0.59869838, 0.41835567, 0.39923137, 0.56558025, 0.30510664, 0.53488344, 0.49086648)
(0.49405685, 0.28954458, 0.86929339, 0.78530437, 0.40276662, 0.36920783, 0.82654876, 0.55852067, 0.40793395, 0.27461421)
(0.50649011, 0.65635175, 0.76912934, 0.13025969, 0.68030995, 0.76388222, 0.66726577, 0.52833873, 0.77968591, 0.50824058)
(0.24101898, 0.80863625, 0.50871712, 0.59723526, 0.52201468, 0.64604920, 0.64900053, 0.30995238, 0.46223071, 0.68361777)
(0.17930607, 0.62714708, 0.43418729, 0.72753453, 0.82191390, 0.37435004, 0.62769443, 0.35302362, 0.08482283, 0.43233749)
(0.24187668, 0.88408780, 0.53010207, 0.77642703, 0.37678424, 0.60082006, 0.66852075, 0.17397976, 0.40568462, 0.75596970)
(0.45004401, 0.67507160, 0.48664424, 0.56388134, 0.44762781, 0.52256596, 0.53148699, 0.32305214, 0.50766015, 0.64202815)
(0.64517349, 0.53275287, 0.85879850, 0.55461359, 0.30312952, 0.59370178, 0.74594849, 0.50061297, 0.77462959, 0.46468598)
(0.48373237, 0.40944919, 0.54725844, 0.46675986, 0.67769557, 0.39308929, 0.55464607, 0.44814846, 0.33304694, 0.39088333)
(0.66855913, 0.48363766, 0.87895846, 0.14333361, 0.59609193, 0.70289314, 0.71214777, 0.59778726, 0.82746184, 0.37904716)
(0.33512142, 0.71932781, 0.71301496, 0.70319515, 0.34974533, 0.61603665, 0.74912423, 0.39130753, 0.57009846, 0.61253959)
(0.31664637, 0.36823046, 0.87865001, 0.82067752, 0.43778807, 0.47041059, 0.87923557, 0.63015103, 0.38663822, 0.28319564)
(0.53244174, 0.70192236, 0.73220873, 0.91576612, 0.27351928, 0.25372067, 0.68306726, 0.13716662, 0.21616924, 0.60144323)
(0.23845696, 0.65532970, 0.40472144, 0.79450053, 0.76543128, 0.29187471, 0.55976373, 0.24454014, 0.07075299, 0.48201415)
(0.26305968, 0.66214859, 0.78394192, 0.74954575, 0.39526743, 0.62083662, 0.82803178, 0.48291609, 0.50290382, 0.51642400)
(0.64512020, 0.31881392, 0.75728649, 0.57677025, 0.57730621, 0.29857907, 0.65390545, 0.39725581, 0.34518567, 0.30155900)
(0.10028265, 0.82352698, 0.53528804, 0.21007574, 0.86870825, 0.83621609, 0.74299473, 0.53559309, 0.48369789, 0.56062710)
(0.32055914, 0.73608023, 0.76746029, 0.24796827, 0.58248341, 0.81038874, 0.76325488, 0.55361885, 0.77900511, 0.57781488)
(0.22644573, 0.76948470, 0.42538038, 0.38731748, 0.72383529, 0.67082846, 0.58622152, 0.37892413, 0.42399624, 0.62641901)
(0.68702006, 0.63288254, 0.64673281, 0.71418130, 0.54813063, 0.20028244, 0.50981301, 0.10097126, 0.15321322, 0.51785469)
(0.50727177, 0.91706246, 0.59028482, 0.67420882, 0.18989418, 0.64200413, 0.55812567, 0.09953129, 0.71031410, 0.84340584)
(0.49092108, 0.69732744, 0.82179749, 0.73459923, 0.21933791, 0.60130876, 0.77260405, 0.36806253, 0.70272863, 0.60811198)
(0.34001195, 0.74467140, 0.52509063, 0.48939356, 0.50614375, 0.64189589, 0.60349858, 0.36080673, 0.56339651, 0.66042173)
(0.16216975, 0.73560953, 0.43984243, 0.32511753, 0.83113337, 0.69789571, 0.64040625, 0.47175863, 0.35401854, 0.53993595)
(0.27633885, 0.61758518, 0.50222200, 0.34395656, 0.73867947, 0.63972169, 0.61889720, 0.52667803, 0.45309794, 0.51186544)
(0.09623288, 0.89877677, 0.63141042, 0.77575570, 0.53019738, 0.72856402, 0.82233953, 0.28773448, 0.34393203, 0.69728649)
(0.21953952, 0.85153395, 0.61362660, 0.76162446, 0.39863750, 0.63864869, 0.73623425, 0.25791675, 0.43654639, 0.70518440)
(0.05509096, 0.80190319, 0.76223320, 0.71346778, 0.70296621, 0.78002566, 0.90593857, 0.58296186, 0.30321798, 0.49147779)
(0.31230983, 0.87920433, 0.60640359, 0.84849077, 0.26826814, 0.54575884, 0.68191880, 0.15110984, 0.42418948, 0.76287997)
(0.84237492, 0.37240198, 0.93759114, 0.63842243, 0.26873234, 0.44333944, 0.76261300, 0.49592152, 0.78353471, 0.29433143)
(0.19196475, 0.70295030, 0.62151492, 0.53106821, 0.60954088, 0.69592685, 0.75385040, 0.52066016, 0.47979385, 0.55463505)
(0.26876825, 0.77216840, 0.54386562, 0.80461222, 0.47593200, 0.48475099, 0.66469514, 0.25687844, 0.27446792, 0.63841486)
(0.28411847, 0.60514373, 0.69895875, 0.65248120, 0.49468705, 0.60072446, 0.76303452, 0.52283967, 0.47587594, 0.50075394)
(0.51029176, 0.40292826, 0.59475017, 0.54600829, 0.69817942, 0.29834759, 0.57508731, 0.35769725, 0.21019958, 0.36654016)
(0.20994215, 0.72029960, 0.60540348, 0.33090985, 0.69574440, 0.75332361, 0.72001868, 0.54653299, 0.57982600, 0.56204998)
(0.69982189, 0.23188019, 0.87022573, 0.62554729, 0.48838812, 0.31593204, 0.74889225, 0.50302643, 0.45511955, 0.22186986)
(0.70689189, 0.34120184, 0.74162257, 0.41052645, 0.61778736, 0.37165168, 0.59909719, 0.45378637, 0.46352687, 0.29677203)
(0.23788761, 0.68948972, 0.50765091, 0.46060169, 0.65794921, 0.64930832, 0.65083182, 0.47052637, 0.45390552, 0.57373625)
(0.66234612, 0.57610285, 0.53453875, 0.51782060, 0.65790731, 0.26016518, 0.44349760, 0.17074072, 0.19431628, 0.50952613)
(0.37674442, 0.71924222, 0.38351506, 0.64562231, 0.54991621, 0.45098820, 0.48361200, 0.24641100, 0.31109002, 0.65755105)
(0.45003870, 0.67908567, 0.69160885, 0.64729440, 0.32891822, 0.58156258, 0.68407887, 0.37715733, 0.62412822, 0.61752117)
(0.63383126, 0.85356379, 0.64429790, 0.47047824, 0.26997459, 0.66751182, 0.52242798, 0.17889501, 0.78104293, 0.78390962)
(0.32154024, 0.78887028, 0.39027885, 0.40959129, 0.65989149, 0.62174636, 0.49420035, 0.28657189, 0.43891460, 0.67955601)
(0.45432171, 0.38583153, 0.75437331, 0.52519310, 0.51456374, 0.52462876, 0.73739588, 0.60799289, 0.52944887, 0.37010649)
(0.25093964, 0.63568950, 0.63130987, 0.44218251, 0.61070263, 0.68801701, 0.72607112, 0.57484335, 0.55540121, 0.53001803)
(0.34597704, 0.67835969, 0.65924025, 0.62836760, 0.42161795, 0.60817987, 0.70416397, 0.42864963, 0.55648607, 0.59348243)
(0.41851142, 0.90402186, 0.46978807, 0.78436220, 0.23473552, 0.52809006, 0.52726579, 0.08915864, 0.49098566, 0.82446581)
(0.36033905, 0.51123542, 0.65996790, 0.73944676, 0.51253176, 0.42868832, 0.70749879, 0.45613772, 0.32145363, 0.45081612)
(0.10230143, 0.46026433, 0.87502205, 0.29574609, 0.84972417, 0.80282241, 0.91676921, 0.85499203, 0.52329421, 0.24496128)
(0.19003071, 0.68994302, 0.68722779, 0.50488126, 0.58155459, 0.73293281, 0.79121470, 0.58281338, 0.56062275, 0.54259008)
(0.42381302, 0.66630226, 0.38127586, 0.36467040, 0.73276007, 0.52151662, 0.44682783, 0.32262617, 0.34062266, 0.56169021)
(0.88617343, 0.63512665, 0.69884151, 0.29845950, 0.56884110, 0.41104457, 0.40493128, 0.22815491, 0.57715595, 0.44298995)
(0.35569817, 0.80921465, 0.65059561, 0.21278626, 0.64222580, 0.79839599, 0.64581692, 0.40834346, 0.73665535, 0.64706004)
(0.26315752, 0.69874191, 0.58854026, 0.90017533, 0.51153529, 0.32754973, 0.70655298, 0.23477100, 0.12943351, 0.54235685)
(0.30330858, 0.68760717, 0.49822095, 0.64965802, 0.55342400, 0.52171236, 0.61694133, 0.35737550, 0.35300565, 0.59577411)
(0.39579606, 0.59044009, 0.61497551, 0.56908780, 0.47057566, 0.56269765, 0.65565532, 0.46789756, 0.53348285, 0.54869479)
(0.15798627, 0.97245771, 0.44415915, 0.80224198, 0.33432925, 0.70078069, 0.64699036, 0.06218253, 0.41356441, 0.88496333)
(0.32644972, 0.84016883, 0.66427410, 0.74911886, 0.27889919, 0.62827355, 0.71628493, 0.23419943, 0.57942712, 0.72407728)
(0.59123796, 0.55687690, 0.46474668, 0.45592213, 0.66895539, 0.34586954, 0.42639783, 0.26408878, 0.25945854, 0.52990121)
(0.37468359, 0.64974296, 0.84726596, 0.71704173, 0.28072193, 0.64357126, 0.83528143, 0.48353627, 0.67133206, 0.52971131)
(0.58580327, 0.31347531, 0.72452104, 0.57927561, 0.62133086, 0.29046276, 0.64915609, 0.40719414, 0.28476834, 0.30339155)
(0.15412793, 0.75320649, 0.31277555, 0.76534611, 0.85091037, 0.34835988, 0.54640722, 0.20885560, 0.05186370, 0.51482350)
(0.21078058, 0.83971369, 0.59810776, 0.74533010, 0.44360134, 0.63500810, 0.72868848, 0.27954453, 0.41315573, 0.69057691)
(0.25152582, 0.65776598, 0.75458592, 0.48874694, 0.49955180, 0.73570389, 0.80493426, 0.60096556, 0.66033852, 0.53443891)
(0.23926970, 0.57831794, 0.57214296, 0.40820274, 0.70872778, 0.65065253, 0.69373941, 0.60113180, 0.46478501, 0.47975230)
(0.45152605, 0.67106253, 0.82011342, 0.59297043, 0.29380965, 0.67419761, 0.78049570, 0.46350679, 0.75328994, 0.57874584)
(0.20275930, 0.56236464, 0.77478468, 0.66572863, 0.55019099, 0.64539081, 0.84040731, 0.64612585, 0.45087680, 0.42413285)
(0.32705322, 0.62888849, 0.70200586, 0.81827289, 0.41415951, 0.46799541, 0.75247478, 0.37660363, 0.33897242, 0.52022320)
(0.64558214, 0.57426929, 0.59265357, 0.58674532, 0.58761966, 0.28405312, 0.50020021, 0.19255683, 0.24035443, 0.49657243)
(0.30460081, 0.85619265, 0.23023008, 0.67649257, 0.70242465, 0.40567768, 0.35670814, 0.10519651, 0.14481966, 0.74102372)
(0.09320560, 0.89724010, 0.43453002, 0.77024555, 0.67375386, 0.63051546, 0.71871334, 0.21677540, 0.18410148, 0.70176470)
(0.13350315, 0.98916060, 0.35375595, 0.86369729, 0.29820931, 0.69190562, 0.59300059, 0.02418674, 0.32986498, 0.93326741)
(0.39560598, 0.77631539, 0.72308272, 0.88496304, 0.23674986, 0.46315348, 0.73573810, 0.21304029, 0.40647066, 0.66573668)
(0.43715128, 0.78055853, 0.63513893, 0.48883089, 0.37058115, 0.67754453, 0.63312185, 0.31815186, 0.70705235, 0.69889528)
(0.25037122, 0.79429114, 0.80950373, 0.63481748, 0.33596006, 0.76163268, 0.83960253, 0.44255644, 0.71190304, 0.63307977)
(0.31430790, 0.53438902, 0.86799192, 0.53318870, 0.42005646, 0.71730918, 0.86483270, 0.69214123, 0.72074968, 0.43201688)
(0.26425654, 0.64127666, 0.62520808, 0.65644413, 0.54516357, 0.57731640, 0.72295487, 0.47207934, 0.39819342, 0.53027254)
(0.42614135, 0.69249415, 0.46946490, 0.32296228, 0.67491102, 0.60468626, 0.49726653, 0.36803409, 0.50047797, 0.59547609)
(0.22725920, 0.86474895, 0.76634079, 0.71862209, 0.28779921, 0.74973369, 0.82171178, 0.31323478, 0.67020047, 0.71166432)
(0.19477856, 0.65814024, 0.41909504, 0.79855090, 0.80058986, 0.31368989, 0.60783052, 0.27539083, 0.06490786, 0.45148134)
(0.23435831, 0.89037144, 0.23605524, 0.70263982, 0.67758477, 0.46104324, 0.40946528, 0.10222845, 0.15608166, 0.76909512)
(0.45615008, 0.47590148, 0.75129414, 0.71544242, 0.40529332, 0.46139938, 0.73235220, 0.48339909, 0.47108516, 0.44427040)
(0.25700513, 0.29883203, 0.93360728, 0.54042888, 0.56757790, 0.67862767, 0.93140936, 0.82951957, 0.57724983, 0.20451233)
(0.71352029, 0.69774383, 0.77744567, 0.36698142, 0.35797405, 0.65864295, 0.59969628, 0.34848014, 0.81735128, 0.59352505)
(0.49248081, 0.73468274, 0.68595886, 0.73816556, 0.26808545, 0.53255987, 0.65534741, 0.27747658, 0.59078908, 0.66830647)
(0.39571497, 0.36864132, 0.57290572, 0.50250834, 0.75151581, 0.38014606, 0.61275601, 0.48939237, 0.26034278, 0.31755629)
(0.07077133, 0.77654797, 0.41034165, 0.52595299, 0.89300370, 0.64553618, 0.70969146, 0.43522218, 0.13623461, 0.50012523)
(0.41141489, 0.74343228, 0.47800034, 0.32994691, 0.63718879, 0.64269108, 0.50624210, 0.34274054, 0.55147314, 0.64415514)
(0.23481742, 0.74238086, 0.80758566, 0.15800712, 0.73656774, 0.86024779, 0.81407714, 0.64473599, 0.77240181, 0.50184798)
(0.25536096, 0.71027941, 0.52402043, 0.63343912, 0.56885928, 0.57540756, 0.66192597, 0.38641730, 0.37170050, 0.59437883)
(0.24885353, 0.80464566, 0.60484338, 0.50899404, 0.51960146, 0.72119409, 0.69473368, 0.38474184, 0.59030414, 0.67276388)
(0.72721106, 0.25816768, 0.85937256, 0.54062384, 0.48559472, 0.37009582, 0.71720749, 0.53338945, 0.54436636, 0.24265689)
(0.51918119, 0.77253950, 0.35037282, 0.48034441, 0.53323901, 0.50386095, 0.37845692, 0.17641844, 0.41311270, 0.70121658)
(0.34394529, 0.68537015, 0.50775617, 0.61558402, 0.51730978, 0.53758872, 0.59785241, 0.36172038, 0.42196184, 0.61377126)
(0.48571932, 0.76843917, 0.77922374, 0.80692613, 0.19318384, 0.55540681, 0.73658705, 0.26058644, 0.63461071, 0.67801446)
(0.13902980, 0.91529727, 0.36295351, 0.65525496, 0.62935042, 0.66429973, 0.61189491, 0.17252022, 0.28887123, 0.77234948)
(0.39364219, 0.92835343, 0.54217070, 0.82655871, 0.18575139, 0.56088406, 0.58990014, 0.07873669, 0.53700578, 0.84610808)
(0.33510503, 0.68310750, 0.67981845, 0.87172842, 0.40659600, 0.40336034, 0.72373450, 0.29084027, 0.25667581, 0.55470026)
(0.44710067, 0.52901769, 0.83424425, 0.79095930, 0.29746982, 0.49929029, 0.80429924, 0.46449947, 0.53479737, 0.46035060)
(0.25925103, 0.83028424, 0.46823692, 0.61261535, 0.50004089, 0.62441254, 0.61113536, 0.25384712, 0.44651154, 0.71243352)
(0.15319799, 0.90750122, 0.58210403, 0.75092393, 0.43124351, 0.70267791, 0.75327706, 0.21317837, 0.42988458, 0.75332600)
(0.38226551, 0.91686291, 0.48161587, 0.72490072, 0.24736872, 0.60230368, 0.54843736, 0.09831177, 0.56567252, 0.83626002)
(0.63727695, 0.54708028, 0.85123199, 0.18450095, 0.54497421, 0.71420068, 0.70238572, 0.56252408, 0.82612371, 0.44167158)
(0.24898437, 0.68317580, 0.68362480, 0.60981184, 0.50537252, 0.65884167, 0.76131868, 0.50003964, 0.52048111, 0.55462903)
(0.68695015, 0.58284104, 0.68124855, 0.64194769, 0.41885832, 0.36899078, 0.55960798, 0.26062047, 0.46778131, 0.51802582)
(0.66417778, 0.92864871, 0.44367972, 0.64593709, 0.26543358, 0.52978706, 0.33943757, 0.04929516, 0.56144023, 0.85753441)
(0.38024780, 0.60113865, 0.43090203, 0.61610001, 0.60843152, 0.43037263, 0.51945513, 0.35304925, 0.29327509, 0.55880034)
(0.10562186, 0.80833459, 0.47841242, 0.42264691, 0.80101347, 0.74365973, 0.71565312, 0.45592600, 0.35077238, 0.58903688)
(0.23766655, 0.76850098, 0.57962877, 0.78948289, 0.48670456, 0.53011334, 0.70885718, 0.29721794, 0.29858190, 0.62020981)
(0.35835022, 0.67101920, 0.52761322, 0.61240667, 0.50473362, 0.53725237, 0.60365546, 0.37448525, 0.44095185, 0.60568702)
(0.22520465, 0.67046380, 0.73796707, 0.44407991, 0.55573469, 0.75469929, 0.80167049, 0.61668009, 0.65215558, 0.53412133)
(0.70815265, 0.93418586, 0.80596066, 0.80070740, 0.07186612, 0.63220406, 0.63643306, 0.07240448, 0.84568346, 0.85880774)
(0.24973367, 0.79956371, 0.64592087, 0.67089868, 0.41512915, 0.66820478, 0.73871434, 0.34699029, 0.53348219, 0.66555220)
(0.51611936, 0.58784592, 0.66289282, 0.54368538, 0.41422942, 0.55266297, 0.62499201, 0.43536890, 0.61540395, 0.56019580)
(0.34037751, 0.59028381, 0.76556259, 0.39430231, 0.51608396, 0.71675521, 0.77209228, 0.62537324, 0.70651531, 0.50337827)
(0.22970329, 0.55366445, 0.81310242, 0.77783382, 0.49099246, 0.57743514, 0.85347259, 0.58164877, 0.39141160, 0.40250403)
(0.36907324, 0.50771177, 0.87413460, 0.83394754, 0.34290275, 0.49650049, 0.85825688, 0.51560807, 0.45204240, 0.38847470)
(0.45428136, 0.45400822, 0.91033274, 0.85901749, 0.25321424, 0.46515784, 0.87217522, 0.50166029, 0.52156097, 0.37378019)
(0.20546709, 0.90571851, 0.32666844, 0.61006582, 0.59153748, 0.62681544, 0.52353811, 0.15046506, 0.32940447, 0.78729814)
(0.16303608, 0.81085968, 0.69243449, 0.47979915, 0.55724496, 0.79819614, 0.79952651, 0.48777267, 0.63148445, 0.63286471)
(0.34117663, 0.73863441, 0.39046541, 0.42978978, 0.66981781, 0.57913512, 0.49093348, 0.31164035, 0.40105480, 0.63801187)
(0.31882367, 0.42161494, 0.90180176, 0.72825128, 0.38484487, 0.60783231, 0.89662093, 0.69575286, 0.57917744, 0.32832459)
(0.75116068, 0.32270905, 0.90868145, 0.66908729, 0.32081974, 0.41641209, 0.76782864, 0.53694332, 0.68107641, 0.29518652)
(0.10406706, 0.94758993, 0.51071835, 0.95788050, 0.44402751, 0.45266625, 0.75330412, 0.07251672, 0.08612786, 0.77618790)
(0.08453199, 0.72704220, 0.78796089, 0.49344492, 0.67789382, 0.82929987, 0.89419091, 0.71353918, 0.55058014, 0.48021033)
(0.09831084, 0.69276226, 0.57438010, 0.77075785, 0.79751152, 0.51206243, 0.78419906, 0.44277471, 0.10885803, 0.43554422)
(0.29736185, 0.57480228, 0.71464741, 0.41371322, 0.57327306, 0.69482356, 0.75737059, 0.63523781, 0.63018674, 0.48864940)
(0.43983990, 0.79980099, 0.46116653, 0.44507980, 0.50092983, 0.62401235, 0.48870113, 0.24853276, 0.56739283, 0.71981120)
(0.25734556, 0.59977734, 0.88587600, 0.80834705, 0.33182216, 0.63318568, 0.89509952, 0.56707948, 0.54982752, 0.43554342)
(0.39369845, 0.71230370, 0.73151070, 0.70153666, 0.30561781, 0.60534787, 0.73871309, 0.37442848, 0.61627984, 0.62114990)
(0.12162858, 0.58207715, 0.66680360, 0.54747176, 0.77507704, 0.66666150, 0.81609094, 0.66228586, 0.31161904, 0.39041761)
(0.25723028, 0.67821938, 0.78894413, 0.50038499, 0.46436393, 0.75079918, 0.82190990, 0.59308565, 0.69414854, 0.54481703)
(0.71029413, 0.51153523, 0.59183109, 0.49649614, 0.74840325, 0.18099463, 0.45120972, 0.12985918, 0.10753199, 0.40978014)
(0.81670994, 0.56718218, 0.83543533, 0.65060914, 0.28964970, 0.42256409, 0.62395495, 0.31472307, 0.70091510, 0.46312279)
(0.59399271, 0.84949642, 0.57920569, 0.53714830, 0.27697635, 0.62252903, 0.50051761, 0.16182195, 0.71053958, 0.78318280)
(0.16313645, 0.60996789, 0.63346314, 0.53526604, 0.70293128, 0.66698223, 0.77757663, 0.62106967, 0.38763773, 0.45838127)
(0.66073048, 0.31243783, 0.91420752, 0.82298011, 0.26952022, 0.34898743, 0.81911880, 0.49050736, 0.54172617, 0.30406281)
(0.28330925, 0.66740054, 0.57156444, 0.46880478, 0.58608407, 0.65580606, 0.66903555, 0.49108168, 0.53354150, 0.57357615)
(0.21872973, 0.76138532, 0.57365674, 0.63101971, 0.54103118, 0.64313579, 0.71163499, 0.38922960, 0.43177280, 0.62173575)
(0.63477331, 0.54541469, 0.72594321, 0.72856635, 0.34943053, 0.38328409, 0.63459861, 0.31789246, 0.49437073, 0.50713241)
(0.54086846, 0.49753290, 0.57614511, 0.63718063, 0.71992713, 0.20348427, 0.53307766, 0.18031614, 0.10170568, 0.41075236)
(0.21112594, 0.63740015, 0.64402390, 0.80199879, 0.59895545, 0.46745589, 0.76335657, 0.40601510, 0.20419590, 0.47108582)
(0.34270096, 0.50409997, 0.49927056, 0.68393499, 0.76682395, 0.28094006, 0.57432765, 0.33228552, 0.10465055, 0.39426157)
(0.52665764, 0.71151030, 0.65104610, 0.57857144, 0.35357416, 0.57889378, 0.59991133, 0.32532701, 0.64544815, 0.65394336)
(0.18297395, 0.52421755, 0.81184840, 0.76442754, 0.57695436, 0.58615071, 0.86770648, 0.63951695, 0.33322531, 0.35719070)
(0.25214472, 0.76668638, 0.65621156, 0.49260002, 0.49877772, 0.73531991, 0.73458862, 0.44966498, 0.63625437, 0.63682199)
(0.22221228, 0.79419601, 0.56278843, 0.64230514, 0.51234990, 0.64825219, 0.70152211, 0.34439838, 0.44500536, 0.65622908)
(0.16865620, 0.78773862, 0.85971665, 0.72501296, 0.34531072, 0.77756816, 0.90032029, 0.50994104, 0.65400785, 0.57391423)
(0.46216515, 0.58417112, 0.86630690, 0.79020780, 0.24138139, 0.54928946, 0.82734352, 0.45210126, 0.62264538, 0.49324849)
(0.13202585, 0.78106391, 0.65618509, 0.75031793, 0.59196121, 0.64761889, 0.80989093, 0.41909936, 0.29952130, 0.56700391)
(0.45807427, 0.40041846, 0.89428723, 0.44967723, 0.42066446, 0.66552424, 0.85450459, 0.70444876, 0.74447131, 0.34659711)
(0.42606431, 0.88741201, 0.58469933, 0.74202299, 0.21404409, 0.59336799, 0.60907394, 0.13061644, 0.61957657, 0.80258483)
(0.46668860, 0.77597886, 0.31731775, 0.54921997, 0.55074191, 0.47254524, 0.37913254, 0.16619000, 0.34232533, 0.70962238)
(0.23818660, 0.82427526, 0.75202131, 0.66588706, 0.34181762, 0.74043357, 0.80855572, 0.37433282, 0.65911460, 0.67317528)
(0.82835031, 0.65481591, 0.76218915, 0.61971277, 0.37037629, 0.34712353, 0.53541553, 0.17666765, 0.53245890, 0.50949568)
(0.31123945, 0.88942909, 0.55782056, 0.52965730, 0.38499415, 0.72586608, 0.62834001, 0.21258514, 0.65954888, 0.78459156)
(0.46115091, 0.37336245, 0.73534584, 0.75298440, 0.51970392, 0.32301015, 0.71850252, 0.45765913, 0.28285646, 0.34870777)
(0.15979892, 0.87297547, 0.44969755, 0.76869404, 0.57506651, 0.57938677, 0.66736513, 0.20341885, 0.23960567, 0.71049583)
(0.39118883, 0.54491496, 0.49650678, 0.58661240, 0.60560799, 0.45163155, 0.56662256, 0.43035120, 0.34060106, 0.50828606)
(0.25445884, 0.62042445, 0.53939003, 0.41682965, 0.69021267, 0.64160794, 0.66156834, 0.54144078, 0.46023133, 0.51738530)
(0.17271811, 0.55072469, 0.68047637, 0.69617289, 0.70603180, 0.54159957, 0.79573143, 0.57591194, 0.23659249, 0.37998503)
(0.26936182, 0.96797019, 0.46089318, 0.47972059, 0.40761563, 0.79781580, 0.54890960, 0.08855505, 0.66466463, 0.88998455)
(0.51039201, 0.38022697, 0.74509054, 0.76043469, 0.51350731, 0.28277361, 0.70833641, 0.37636444, 0.25503418, 0.35169268)
(0.12125356, 0.90173113, 0.43251351, 0.77584732, 0.60719609, 0.61364299, 0.68888360, 0.18580541, 0.21594548, 0.73054636)
(0.15425546, 0.53001970, 0.87766254, 0.75129139, 0.51708138, 0.67695630, 0.91460687, 0.72477859, 0.45231086, 0.34871221)
(0.16137554, 0.72823364, 0.64196408, 0.43099016, 0.65911460, 0.76046789, 0.77735674, 0.57097107, 0.54843169, 0.55843490)
(0.19692901, 0.82989973, 0.58416677, 0.68345082, 0.48677042, 0.66704488, 0.72970021, 0.31560612, 0.44026318, 0.67789501)
(0.09059310, 0.60505450, 0.73853320, 0.34153140, 0.83936453, 0.79530042, 0.86540937, 0.77073735, 0.45384118, 0.36649063)
(0.15697029, 0.83017099, 0.49761602, 0.42862502, 0.71163762, 0.74087149, 0.67857891, 0.38791776, 0.45048165, 0.65184516)
(0.43558809, 0.53180259, 0.92828459, 0.80272847, 0.23012359, 0.59160054, 0.89282256, 0.55627054, 0.67012817, 0.40984470)
(0.30808797, 0.70717615, 0.69362110, 0.76841819, 0.39196256, 0.55771005, 0.74710006, 0.37338319, 0.44193208, 0.58716917)
(0.32266384, 0.49638855, 0.93166095, 0.31747964, 0.49650872, 0.81140137, 0.90660954, 0.79396957, 0.83673650, 0.35963342)
(0.73310763, 0.52314621, 0.63900155, 0.43969119, 0.58083338, 0.36452881, 0.49734542, 0.29398718, 0.42582470, 0.44504958)
(0.69672066, 0.59925777, 0.72606444, 0.72108620, 0.35179245, 0.35692862, 0.59361428, 0.24149367, 0.48217452, 0.53155720)
(0.24084574, 0.48856282, 0.89425242, 0.59975761, 0.44407827, 0.72312844, 0.90614772, 0.75487030, 0.66330439, 0.36566180)
(0.55789500, 0.49924013, 0.87867844, 0.68579268, 0.26011762, 0.56260514, 0.80865365, 0.52258682, 0.71288043, 0.44964337)
(0.15912397, 0.94294482, 0.56547093, 0.61051184, 0.41869566, 0.79248762, 0.71850914, 0.17809406, 0.60125333, 0.82077134)
(0.23392686, 0.90723324, 0.69774681, 0.88139302, 0.23671523, 0.61793333, 0.78341156, 0.15714702, 0.44488674, 0.76672214)
(0.25467530, 0.65474772, 0.74268693, 0.22026388, 0.71079475, 0.79123795, 0.77559531, 0.64998817, 0.69240880, 0.48342082)
(0.28044930, 0.92975992, 0.74328971, 0.80434275, 0.16827947, 0.72236955, 0.78204310, 0.14510152, 0.69882900, 0.81513160)
(0.69086051, 0.50704670, 0.84687394, 0.82028896, 0.24528959, 0.35891649, 0.72357714, 0.32518363, 0.54707748, 0.45928153)
(0.59489769, 0.66212702, 0.60252279, 0.13873278, 0.71371102, 0.67278790, 0.49826476, 0.40125343, 0.66031218, 0.53057116)
(0.47792214, 0.53993696, 0.50803328, 0.62801516, 0.66709292, 0.27913022, 0.51930821, 0.23695900, 0.16193493, 0.48846677)
(0.21379134, 0.77568805, 0.79464769, 0.58681595, 0.40486342, 0.77694935, 0.84346265, 0.50240350, 0.69187856, 0.60628140)
(0.54770017, 0.38918269, 0.63141525, 0.54226333, 0.61501551, 0.33594456, 0.59248430, 0.39371395, 0.31068760, 0.38510460)
(0.55846989, 0.65099549, 0.48004332, 0.37865555, 0.53849429, 0.54654074, 0.46062908, 0.32883441, 0.54834646, 0.60973680)
(0.66550487, 0.88578451, 0.43011031, 0.56343794, 0.30738565, 0.53393322, 0.34733567, 0.08133096, 0.57687777, 0.81498057)
(0.21609987, 0.69256586, 0.54097223, 0.64231950, 0.63238806, 0.57179111, 0.68935287, 0.42285827, 0.31501177, 0.55349857)
(0.18088248, 0.88664597, 0.58870524, 0.78094912, 0.41071984, 0.65503097, 0.74460971, 0.21777184, 0.39925945, 0.73260200)
(0.28918904, 0.31641144, 0.71995670, 0.53710443, 0.77966440, 0.44969225, 0.76241672, 0.63841349, 0.26625726, 0.23794928)
(0.52436006, 0.69458860, 0.64239603, 0.80561733, 0.29044262, 0.41193908, 0.61039013, 0.23873159, 0.43198580, 0.64505821)
(0.45702675, 0.64239025, 0.67103833, 0.23958361, 0.62451047, 0.69660950, 0.63051355, 0.49633339, 0.68946177, 0.54228973)
(0.35212696, 0.63724875, 0.76207018, 0.72131062, 0.37000334, 0.58058935, 0.77533531, 0.45521554, 0.53913414, 0.53344798)
(0.43527615, 0.60726315, 0.87862289, 0.18965240, 0.55695695, 0.80843651, 0.81455183, 0.66551620, 0.84814113, 0.46274251)
(0.46343106, 0.83312988, 0.61218774, 0.92516041, 0.23458181, 0.33223093, 0.60842711, 0.10660721, 0.25440130, 0.73414820)
(0.26394972, 0.56668192, 0.53248203, 0.69718510, 0.68342340, 0.42460772, 0.65690237, 0.42788613, 0.20150326, 0.45500991)
(0.39298889, 0.47975636, 0.92087799, 0.67689413, 0.29620811, 0.65626347, 0.89637786, 0.66818899, 0.72779453, 0.38559690)
(0.36600116, 0.86284089, 0.66817790, 0.56005502, 0.29880473, 0.72517014, 0.68963313, 0.24414445, 0.73489308, 0.75776494)
(0.64331597, 0.58709550, 0.75283551, 0.08569881, 0.73074871, 0.70394039, 0.57671994, 0.48964614, 0.75237548, 0.45040861)
(0.56149852, 0.59883910, 0.57234812, 0.52735740, 0.44899580, 0.50758499, 0.53311396, 0.38757110, 0.57071322, 0.57781070)
(0.42083722, 0.68455672, 0.53956920, 0.39026687, 0.55693674, 0.63311958, 0.56518507, 0.40774849, 0.59452438, 0.61769992)
(0.22814642, 0.71341842, 0.82516724, 0.77471256, 0.35704553, 0.66811067, 0.86386287, 0.47992977, 0.54171962, 0.53529119)
(0.49824190, 0.25756529, 0.84941596, 0.72338825, 0.49033052, 0.35393625, 0.80798769, 0.57094371, 0.36479691, 0.24132825)
(0.61473709, 0.38668549, 0.92382061, 0.73038924, 0.25431243, 0.51019329, 0.84468728, 0.57640535, 0.70383608, 0.34893185)
(0.35714090, 0.51421309, 0.87879300, 0.80672377, 0.32072854, 0.55256063, 0.86645693, 0.55063564, 0.53527880, 0.40304601)
(0.29270744, 0.89694691, 0.40186593, 0.70180690, 0.40337336, 0.57959116, 0.54095215, 0.12787977, 0.40935108, 0.79509902)
(0.04749302, 0.86903203, 0.70781153, 0.55801702, 0.72579628, 0.85297620, 0.89058435, 0.54348171, 0.42941928, 0.58843070)
(0.51432508, 0.70546323, 0.72242236, 0.62675387, 0.27710265, 0.59663469, 0.67715293, 0.33863440, 0.69834077, 0.64482397)
(0.36696881, 0.92022276, 0.63351500, 0.88156331, 0.16232558, 0.54757154, 0.67621219, 0.08989546, 0.50731188, 0.82225800)
(0.25675482, 0.43171221, 0.53447390, 0.69039345, 0.86570495, 0.26848239, 0.63903272, 0.40731674, 0.06755306, 0.27316180)
(0.20020375, 0.85497075, 0.36033127, 0.52564633, 0.67185843, 0.64171171, 0.55131984, 0.24085395, 0.34183881, 0.71744525)
(0.20858197, 0.62517542, 0.56631929, 0.56739902, 0.67781746, 0.60190320, 0.71060705, 0.52685988, 0.34508148, 0.49435529)
(0.34726548, 0.85064399, 0.57110298, 0.77814853, 0.29675257, 0.55739421, 0.64239681, 0.17837358, 0.48069254, 0.74601120)
(0.33041993, 0.53427511, 0.70956498, 0.52782905, 0.51094872, 0.62632370, 0.74899322, 0.60846585, 0.57430816, 0.47751644)
(0.54528111, 0.43261871, 0.61908090, 0.57161474, 0.57791942, 0.34982127, 0.58271319, 0.37550691, 0.33129692, 0.42708912)
(0.52140254, 0.89290559, 0.62828672, 0.83689320, 0.24417342, 0.47284719, 0.56123292, 0.09488819, 0.44562519, 0.78855091)
(0.69453198, 0.79357713, 0.71591669, 0.57192522, 0.24646248, 0.60573858, 0.55975634, 0.22948715, 0.77553457, 0.71179879)
(0.54287773, 0.34281462, 0.91537780, 0.70664614, 0.29276559, 0.52140689, 0.86145318, 0.62456197, 0.66272765, 0.31745982)
(0.29422584, 0.63563615, 0.52241826, 0.60504556, 0.59022892, 0.53879154, 0.63841736, 0.43118691, 0.36618215, 0.55088228)
(0.87729704, 0.48478684, 0.81153345, 0.42318431, 0.55706358, 0.31329179, 0.53933072, 0.24794060, 0.47994003, 0.32533783)
(0.29956502, 0.50183874, 0.94523150, 0.59446919, 0.33073267, 0.76452398, 0.93244177, 0.76377636, 0.79585111, 0.36529931)
(0.51473558, 0.55344629, 0.93738902, 0.86893111, 0.16089959, 0.53183031, 0.88792282, 0.45835555, 0.66258478, 0.44099441)
(0.30225089, 0.61078697, 0.55031741, 0.50474930, 0.59380108, 0.60055512, 0.65124834, 0.50249839, 0.47063333, 0.54086924)
(0.15410821, 0.54084796, 0.87905121, 0.74129236, 0.58298510, 0.65355825, 0.91171414, 0.69564688, 0.39016363, 0.31914738)
(0.24789152, 0.66986239, 0.78335017, 0.71285343, 0.41187724, 0.65388924, 0.83185804, 0.50851089, 0.53459644, 0.51963007)
(0.25421244, 0.93164974, 0.45127556, 0.44898406, 0.50142193, 0.76290518, 0.56642377, 0.16321777, 0.60563695, 0.82796633)
(0.26640254, 0.73906541, 0.76783073, 0.71403116, 0.35463658, 0.67109895, 0.81356359, 0.43309888, 0.58563513, 0.59351754)
(0.23428400, 0.68729872, 0.60375029, 0.62545824, 0.56375951, 0.61572856, 0.72323430, 0.45899761, 0.41341007, 0.55880350)
(0.19840980, 0.73470145, 0.64183372, 0.52004439, 0.57460737, 0.72187716, 0.75694454, 0.50362879, 0.54264116, 0.58627754)
(0.17553243, 0.73879808, 0.66306442, 0.77610856, 0.54740930, 0.59025908, 0.79012167, 0.40638188, 0.29837096, 0.55169249)
(0.24739237, 0.88924676, 0.56049246, 0.49932179, 0.46299309, 0.75610191, 0.66071820, 0.25378773, 0.63362879, 0.76650012)
(0.13171841, 0.58633715, 0.78776264, 0.57801378, 0.63759261, 0.73433179, 0.87434596, 0.72855800, 0.48114786, 0.41059723)
(0.33727196, 0.48185456, 0.76128376, 0.78165734, 0.46352661, 0.45718351, 0.78726387, 0.51173246, 0.35870299, 0.40395316)
(0.36741689, 0.71770465, 0.54390216, 0.50600189, 0.51052988, 0.61912990, 0.59803057, 0.37978277, 0.55024731, 0.64010340)
(0.26982689, 0.57354701, 0.70844573, 0.38041544, 0.62278706, 0.70840973, 0.76336288, 0.65595949, 0.61500913, 0.47281212)
(0.39869937, 0.36443287, 0.85423672, 0.75828862, 0.40755808, 0.47511497, 0.84185922, 0.60636747, 0.46734452, 0.31840530)
(0.79484522, 0.23036133, 0.93309200, 0.52986491, 0.40239662, 0.41569394, 0.78980565, 0.59974200, 0.68975133, 0.20056118)
(0.21012120, 0.89396834, 0.50534803, 0.54381382, 0.48891431, 0.73475909, 0.65185416, 0.23445706, 0.55768454, 0.76773977)
(0.26363370, 0.61321336, 0.75643218, 0.49670452, 0.51114535, 0.71356821, 0.80188793, 0.62772113, 0.64030331, 0.50447345)
(0.34809485, 0.66941994, 0.69872880, 0.65719593, 0.39220998, 0.60749429, 0.73348784, 0.43773654, 0.56652570, 0.57913065)
(0.14275219, 0.72897470, 0.55366790, 0.53427869, 0.71425915, 0.68523854, 0.74201137, 0.50186425, 0.35663059, 0.54482698)
(0.77014720, 0.79015917, 0.60712910, 0.53398877, 0.31035215, 0.52065104, 0.42156628, 0.18076338, 0.68673551, 0.68813807)
(0.36955175, 0.60282278, 0.65909988, 0.36583862, 0.57264805, 0.67148858, 0.68249005, 0.55390865, 0.63809580, 0.53061306)
(0.21700653, 0.65420890, 0.55969769, 0.74422705, 0.63781881, 0.48309848, 0.70427638, 0.40008393, 0.21605627, 0.50805402)
(0.34506363, 0.73257959, 0.56442547, 0.76299465, 0.42064124, 0.49090871, 0.64137805, 0.28443214, 0.36670017, 0.63672161)
(0.39156997, 0.73894310, 0.39035445, 0.45414388, 0.59750152, 0.56517869, 0.47001553, 0.28066000, 0.44016433, 0.66151637)
(0.57410681, 0.58399463, 0.74177414, 0.22597924, 0.56279832, 0.67327255, 0.63501537, 0.50365704, 0.74830157, 0.51295435)
(0.39805064, 0.92755902, 0.68080896, 0.62354285, 0.20319802, 0.74561268, 0.67552829, 0.13860570, 0.78173274, 0.83754444)
(0.57405043, 0.81764781, 0.55544001, 0.65517724, 0.26908004, 0.53519648, 0.50365841, 0.16422994, 0.61283851, 0.75631869)
(0.15150197, 0.94311237, 0.41736469, 0.62255895, 0.50281751, 0.73503178, 0.63530546, 0.14029625, 0.45148516, 0.82480794)
(0.19023260, 0.69135714, 0.61364490, 0.44453490, 0.65882957, 0.71886623, 0.74416149, 0.56144589, 0.51522207, 0.54524112)
(0.30110112, 0.72086889, 0.89514405, 0.93188107, 0.19846043, 0.51782715, 0.89351743, 0.32806998, 0.43300387, 0.53110570)
(0.44147724, 0.40718386, 0.65374482, 0.69765437, 0.57549626, 0.32795009, 0.66734594, 0.42263225, 0.25923592, 0.38099265)
(0.42072806, 0.70951825, 0.79118007, 0.22788717, 0.54815114, 0.79049826, 0.73822337, 0.53363693, 0.80588466, 0.57071424)
(0.49022341, 0.64896053, 0.74032503, 0.33073339, 0.48354664, 0.70224118, 0.68076581, 0.49647614, 0.75272936, 0.56231153)
(0.21501176, 0.73513103, 0.54372114, 0.54498816, 0.61093682, 0.65781796, 0.68771350, 0.43529281, 0.44325247, 0.60173565)
(0.57834804, 0.41291502, 0.86283928, 0.75085169, 0.30044410, 0.44786000, 0.78482425, 0.49814582, 0.58350742, 0.39274693)
(0.29677925, 0.64650959, 0.64279300, 0.69705826, 0.48863232, 0.55359185, 0.72053772, 0.43730125, 0.41093165, 0.54345375)
(0.51135999, 0.56121051, 0.64963263, 0.69408691, 0.37962306, 0.44435686, 0.62881523, 0.37991437, 0.47790504, 0.54819441)
(0.53919482, 0.56198823, 0.76912755, 0.76046771, 0.30615568, 0.44997633, 0.70830840, 0.38415420, 0.52064544, 0.52132958)
(0.15878761, 0.68653637, 0.68750316, 0.49097636, 0.63662463, 0.74503678, 0.80570042, 0.61591047, 0.52647734, 0.51914412)
(0.39099747, 0.76379406, 0.47380212, 0.60794282, 0.43280825, 0.54916841, 0.54669738, 0.26092359, 0.48869649, 0.69307762)
(0.56097573, 0.49824491, 0.80224597, 0.62253553, 0.33576947, 0.53688222, 0.73131758, 0.50566602, 0.66419023, 0.46831086)
(0.57407755, 0.51413918, 0.84690452, 0.90017700, 0.24177377, 0.29420844, 0.77265584, 0.28403682, 0.35408673, 0.45912728)
(0.17598277, 0.36277544, 0.90811735, 0.58357751, 0.61915410, 0.70076132, 0.92944187, 0.83011186, 0.51032090, 0.23804639)
(0.29000661, 0.53115106, 0.43590790, 0.69318777, 0.84618992, 0.26029977, 0.53675723, 0.31144461, 0.06216202, 0.37058571)
(0.75444889, 0.29072636, 0.87754613, 0.64390343, 0.42211011, 0.33651525, 0.72560632, 0.46922147, 0.55436188, 0.26627180)
(0.30832821, 0.70157772, 0.52212596, 0.48302516, 0.56407690, 0.63458812, 0.61957598, 0.42166430, 0.52054685, 0.61708117)
(0.74762976, 0.52413762, 0.87747526, 0.71179289, 0.24673410, 0.47040841, 0.72128618, 0.40881014, 0.71879572, 0.44729024)
(0.09234765, 0.70114076, 0.72319371, 0.41317058, 0.75646633, 0.80975217, 0.85884696, 0.70905077, 0.50384200, 0.46434715)
(0.45290640, 0.34628195, 0.79470831, 0.75659454, 0.46693704, 0.37231949, 0.77062583, 0.52923888, 0.36280444, 0.32749000)
(0.38893151, 0.78028959, 0.62805051, 0.36604315, 0.50267035, 0.73143560, 0.63471997, 0.38307592, 0.70554185, 0.67303205)
(0.42529365, 0.93163991, 0.75798720, 0.79170591, 0.11333309, 0.69556999, 0.73579770, 0.10737615, 0.78114229, 0.84026951)
(0.13900121, 0.70560992, 0.84583998, 0.17106186, 0.78406429, 0.88347769, 0.88264477, 0.76551861, 0.74871445, 0.43218294)
(0.28389224, 0.56509429, 0.65726441, 0.27709711, 0.73094380, 0.69021744, 0.70806038, 0.63324857, 0.56580085, 0.45067799)
(0.34174874, 0.45632231, 0.78450704, 0.63088214, 0.46994334, 0.57791936, 0.80373454, 0.63425344, 0.52978551, 0.40268776)
(0.11229840, 0.90717113, 0.70257771, 0.72832352, 0.43258354, 0.78758979, 0.84243882, 0.30690438, 0.51836520, 0.72465801)
(0.35798237, 0.76771343, 0.34336418, 0.64976323, 0.56171978, 0.45731691, 0.45547831, 0.20073330, 0.28924900, 0.69226855)
(0.48082072, 0.79955041, 0.39417815, 0.63419831, 0.40217555, 0.48982662, 0.43552595, 0.16149214, 0.43903485, 0.73845208)
(0.14698613, 0.86422580, 0.51690525, 0.84485179, 0.55972773, 0.53290790, 0.71967578, 0.20448931, 0.18518300, 0.67548823)
(0.16368444, 0.65100354, 0.77640843, 0.53074735, 0.57695967, 0.75708610, 0.85219830, 0.67306674, 0.57884139, 0.48256239)
(0.25589719, 0.66063613, 0.73986644, 0.80897015, 0.44336295, 0.54005522, 0.79951400, 0.42958307, 0.35884556, 0.51247573)
(0.27113870, 0.89584774, 0.37504208, 0.64722580, 0.47025204, 0.60221946, 0.52525949, 0.14193094, 0.40280727, 0.79144007)
(0.55895585, 0.60728782, 0.70597464, 0.35541734, 0.47156242, 0.63960445, 0.62580472, 0.46362847, 0.72054631, 0.55053264)
(0.46588016, 0.96129143, 0.74059582, 0.88899475, 0.06888208, 0.63362217, 0.69980812, 0.04864782, 0.73805916, 0.89111543)
(0.41065559, 0.83476734, 0.52504689, 0.77023798, 0.29417062, 0.50616407, 0.57854342, 0.16169977, 0.46178842, 0.74967998)
(0.30315730, 0.74928522, 0.82507324, 0.68937975, 0.29641116, 0.71073753, 0.83588195, 0.44311371, 0.69379425, 0.60279769)
(0.39741796, 0.59661949, 0.62817937, 0.30980703, 0.62571985, 0.65906870, 0.64083958, 0.53521520, 0.61799705, 0.52034956)
(0.48059925, 0.66420954, 0.70430005, 0.68716848, 0.34751257, 0.53432709, 0.66838098, 0.36151347, 0.56833810, 0.59594995)
(0.72804695, 0.32901356, 0.73442483, 0.36825392, 0.68279684, 0.32764086, 0.57265162, 0.40560040, 0.39069939, 0.27241883)
(0.69400644, 0.68906528, 0.57222283, 0.53747815, 0.41699937, 0.46667790, 0.46498260, 0.25064421, 0.55777413, 0.60168952)
(0.25289842, 0.70651847, 0.82802689, 0.70153779, 0.34837887, 0.70311314, 0.85697395, 0.50820774, 0.63246614, 0.54434258)
(0.52326667, 0.51926404, 0.89708108, 0.32606637, 0.41175807, 0.74310225, 0.82343465, 0.65432829, 0.84462857, 0.42993832)
(0.14443283, 0.90861243, 0.51298833, 0.69099188, 0.49938622, 0.70911527, 0.71713257, 0.21088777, 0.41450852, 0.75714844)
(0.15307969, 0.96734804, 0.30944940, 0.85803866, 0.45531312, 0.56306648, 0.55496472, 0.04865384, 0.18949953, 0.87196928)
(0.08582100, 0.77855474, 0.75069803, 0.76194012, 0.65158266, 0.69725591, 0.87793738, 0.50188375, 0.27827960, 0.49950340)
(0.23826578, 0.65530217, 0.48411950, 0.50480318, 0.68786836, 0.59543312, 0.63452965, 0.46770233, 0.36631835, 0.54428416)
(0.71091920, 0.33379591, 0.83118540, 0.72084630, 0.51042646, 0.20993206, 0.69113928, 0.26238537, 0.26692635, 0.29155764)
(0.34225389, 0.59861982, 0.77834016, 0.79135698, 0.36856079, 0.52610433, 0.79544783, 0.44958612, 0.45511112, 0.49310490)
(0.08123883, 0.82644522, 0.80375147, 0.25842088, 0.76295513, 0.90162355, 0.89119714, 0.68655014, 0.70498699, 0.53842813)
(0.35846940, 0.56050843, 0.58914679, 0.69492376, 0.52737063, 0.45802104, 0.65793884, 0.43056458, 0.34070045, 0.50446868)
(0.23421142, 0.74500614, 0.51906383, 0.81697994, 0.55647278, 0.45034802, 0.67001563, 0.27136317, 0.19829778, 0.59304976)
(0.59669608, 0.71835440, 0.78488171, 0.88658983, 0.17259929, 0.38844880, 0.69877994, 0.20040947, 0.49013731, 0.64695603)
(0.39135447, 0.58764970, 0.50150824, 0.40498286, 0.62167192, 0.57613158, 0.56489629, 0.47347683, 0.50122327, 0.54515111)
(0.26401827, 0.65088838, 0.51503354, 0.70511270, 0.64033186, 0.46327057, 0.63989347, 0.37385342, 0.23475868, 0.52624035)
(0.22255753, 0.63158780, 0.62147760, 0.40966645, 0.67061222, 0.69937909, 0.73067087, 0.60178727, 0.52776468, 0.50981402)
(0.31305888, 0.94784248, 0.30787319, 0.58372140, 0.42384320, 0.65646839, 0.42696252, 0.06807505, 0.46759242, 0.86745203)
(0.11797665, 0.55562437, 0.69823295, 0.50590622, 0.78585869, 0.69320589, 0.83408433, 0.71214038, 0.34924307, 0.36935937)
(0.34667778, 0.71943140, 0.53521687, 0.31194636, 0.66884679, 0.68523121, 0.58586323, 0.42766836, 0.57158715, 0.59836465)
(0.16902894, 0.68864107, 0.53273839, 0.48470056, 0.72738862, 0.66772568, 0.70894229, 0.52104515, 0.37532419, 0.52721024)
(0.29359508, 0.88451278, 0.35139295, 0.74867082, 0.48512474, 0.49645454, 0.49334195, 0.11932246, 0.27186352, 0.77895164)
(0.37549710, 0.63180721, 0.51320618, 0.63158876, 0.51473504, 0.49619982, 0.59168667, 0.38007262, 0.39810857, 0.58026266)
(0.54788935, 0.69728225, 0.52224225, 0.54503930, 0.40079591, 0.52851701, 0.49994570, 0.28647852, 0.57463318, 0.66255540)
(0.21342438, 0.77700096, 0.79760778, 0.62317032, 0.39436901, 0.76518667, 0.84522355, 0.48903185, 0.67229021, 0.60410345)
(0.30004105, 0.58334386, 0.76063222, 0.70035052, 0.43942678, 0.59204030, 0.79817390, 0.53254658, 0.49939787, 0.47736973)
(0.11101648, 0.76925278, 0.50576496, 0.50576347, 0.77574009, 0.70428050, 0.73481542, 0.48001325, 0.31218854, 0.55748081)
(0.27494192, 0.42257452, 0.93882215, 0.64036000, 0.37215859, 0.71949989, 0.93555939, 0.78259921, 0.70938897, 0.30588284)
(0.37429807, 0.76099724, 0.39529756, 0.47415167, 0.61553198, 0.56379944, 0.47345012, 0.27175689, 0.41452819, 0.66973090)
(0.13272175, 0.96903348, 0.42928985, 0.84288931, 0.37292925, 0.66686851, 0.67093855, 0.06548344, 0.31232330, 0.86700439)
(0.41275313, 0.66697228, 0.88722783, 0.74323845, 0.22300920, 0.65859133, 0.85683298, 0.47110227, 0.72901297, 0.53764427)
(0.21433511, 0.78899229, 0.47335073, 0.83960891, 0.57276624, 0.42643732, 0.64727175, 0.21521130, 0.15910943, 0.62550581)
(0.61914021, 0.67366606, 0.67601615, 0.77226061, 0.28697082, 0.40550095, 0.59614849, 0.24208347, 0.49985400, 0.61775041)
(0.30681083, 0.42643988, 0.92949522, 0.72367352, 0.34346521, 0.65586048, 0.92237759, 0.73220849, 0.65074432, 0.32036674)
(0.32240582, 0.65826643, 0.69791830, 0.30908442, 0.60466915, 0.73817438, 0.72308165, 0.56950670, 0.68371743, 0.54048777)
(0.19538565, 0.86478215, 0.49608719, 0.55986381, 0.54991704, 0.70745641, 0.65796191, 0.28012550, 0.48564914, 0.72713864)
(0.27664131, 0.78535533, 0.54499829, 0.51482409, 0.50890034, 0.67856920, 0.64930773, 0.35505161, 0.55947977, 0.67367822)
(0.30618969, 0.43143427, 0.60969234, 0.69907480, 0.67554104, 0.37464529, 0.69491667, 0.50017196, 0.20778327, 0.36019480)
(0.43538761, 0.60213220, 0.91048795, 0.84778696, 0.20114698, 0.56237704, 0.87504798, 0.45626724, 0.62997437, 0.47494382)
(0.70342147, 0.55401516, 0.76205671, 0.79597086, 0.42090347, 0.21300353, 0.61627614, 0.14062041, 0.24049610, 0.46874824)
(0.46132740, 0.79765218, 0.72192186, 0.85506731, 0.19463420, 0.49793315, 0.70288229, 0.20004128, 0.52648860, 0.70947015)
(0.60536629, 0.61283457, 0.85942364, 0.69524384, 0.22705956, 0.57205760, 0.76509213, 0.41742551, 0.74095815, 0.53572911)
(0.65860677, 0.75068301, 0.62718314, 0.75082421, 0.27332693, 0.43169162, 0.51866490, 0.19262628, 0.53855807, 0.68487555)
(0.16261274, 0.49196032, 0.85506159, 0.51591337, 0.61969978, 0.74777293, 0.89825851, 0.79391307, 0.57177430, 0.34611005)
(0.30606294, 0.86729497, 0.39514688, 0.68575513, 0.45012394, 0.55387795, 0.52684271, 0.15524016, 0.38008505, 0.76573980)
(0.42372909, 0.73104447, 0.43968740, 0.40709984, 0.58238477, 0.59531945, 0.48607239, 0.31026143, 0.51261324, 0.65758544)
(0.34500399, 0.91161257, 0.76457542, 0.91837358, 0.12948516, 0.56948328, 0.78193611, 0.11552303, 0.52999419, 0.79379761)
(0.29515755, 0.86261517, 0.36240780, 0.48152155, 0.59191287, 0.63677937, 0.48697177, 0.19769944, 0.43640479, 0.75392884)
(0.37546456, 0.70295429, 0.85745758, 0.91030610, 0.20271510, 0.48686716, 0.84519571, 0.30574399, 0.45522186, 0.56134504)
(0.06932805, 0.88333195, 0.47416401, 0.76591283, 0.74318701, 0.64483947, 0.76640522, 0.27126980, 0.15082830, 0.64552444)
(0.12181973, 0.82075608, 0.36553597, 0.28862908, 0.88801163, 0.72240108, 0.60892481, 0.37624162, 0.27412379, 0.57969022)
(0.25666004, 0.79253799, 0.49826986, 0.76100552, 0.49857837, 0.51827496, 0.64289039, 0.25153065, 0.29594207, 0.66153288)
(0.21073376, 0.87476736, 0.32909203, 0.60551476, 0.63189620, 0.59791785, 0.52526146, 0.18292305, 0.29582801, 0.74760926)
(0.08923211, 0.78920430, 0.46597973, 0.79617298, 0.79715025, 0.50075275, 0.73497063, 0.31209943, 0.08816776, 0.52872837)
(0.48238462, 0.33488196, 0.80305660, 0.49917346, 0.52489305, 0.51847166, 0.76279932, 0.63367611, 0.53639567, 0.31629202)
(0.29322299, 0.61476809, 0.66637748, 0.49819136, 0.53342205, 0.66332656, 0.73248190, 0.56387383, 0.57919842, 0.53089893)
(0.19270572, 0.90598691, 0.75213999, 0.74694228, 0.27662882, 0.76759064, 0.82370174, 0.25443259, 0.65625715, 0.75698680)
(0.40293962, 0.63194698, 0.64672518, 0.61321062, 0.42024249, 0.57068545, 0.67098749, 0.43376493, 0.55619359, 0.57615423)
(0.62161028, 0.34979299, 0.90853560, 0.80645198, 0.26885810, 0.39539781, 0.82338262, 0.50272280, 0.56640524, 0.33237827)
(0.23750992, 0.50461257, 0.66385442, 0.48119479, 0.67397076, 0.63434029, 0.75773746, 0.66327685, 0.45704651, 0.41889212)
(0.28991801, 0.68046153, 0.69617236, 0.90580827, 0.46431467, 0.34612706, 0.75078785, 0.26667640, 0.16465937, 0.50612372)
(0.59202141, 0.71437937, 0.84022206, 0.93789142, 0.13128358, 0.32519951, 0.76013488, 0.16520640, 0.41390568, 0.63145399)
(0.40074033, 0.37719607, 0.75172651, 0.74224061, 0.50771964, 0.39466435, 0.75700444, 0.53477329, 0.34196839, 0.34786421)
(0.40109307, 0.93106312, 0.73113698, 0.78889340, 0.13346870, 0.68940789, 0.71977925, 0.11128823, 0.74885005, 0.83833593)
(0.70734441, 0.49606559, 0.71173197, 0.52295655, 0.45510766, 0.43560737, 0.57934862, 0.39559913, 0.58398145, 0.43973941)
(0.21710770, 0.56427175, 0.76916772, 0.69833708, 0.53667021, 0.61588877, 0.83277357, 0.60872263, 0.42208448, 0.42535660)
(0.32740179, 0.90097576, 0.27574986, 0.32990420, 0.75862354, 0.63847107, 0.37035507, 0.12308689, 0.32942706, 0.75310475)
(0.34252045, 0.94703227, 0.76135510, 0.89102858, 0.09855696, 0.65944165, 0.77377588, 0.08393142, 0.68065190, 0.85075074)
(0.34171984, 0.82383364, 0.47261542, 0.59840953, 0.43201873, 0.60334522, 0.56307578, 0.23169000, 0.51322019, 0.73265183)
(0.25414744, 0.72046912, 0.73278773, 0.88737607, 0.39365703, 0.47299030, 0.79657388, 0.31594193, 0.27079108, 0.55216110)
(0.45288217, 0.66855824, 0.39185974, 0.48075706, 0.58359939, 0.50329560, 0.45117274, 0.29865366, 0.40835488, 0.62264860)
(0.37807485, 0.61168808, 0.43906829, 0.71343613, 0.68810588, 0.28180575, 0.50661147, 0.21986802, 0.12011257, 0.52783889)
(0.23807308, 0.67627859, 0.79640990, 0.78903586, 0.40150306, 0.61361480, 0.84253567, 0.47501570, 0.45861199, 0.51112199)
(0.26851952, 0.71129107, 0.79231936, 0.54278356, 0.41758311, 0.74773145, 0.82028598, 0.54407543, 0.70262402, 0.57337141)
(0.67912930, 0.56039435, 0.80603427, 0.87037808, 0.35018742, 0.19395116, 0.67638314, 0.13192223, 0.21143629, 0.47228208)
(0.32898876, 0.64099979, 0.56552315, 0.55951905, 0.52763158, 0.58598226, 0.64946669, 0.45162144, 0.48597541, 0.57179761)
(0.63293034, 0.54945695, 0.75816149, 0.82822055, 0.37799314, 0.24132901, 0.65537524, 0.18013076, 0.25616443, 0.48632646)
(0.59065866, 0.35845849, 0.93034703, 0.72953314, 0.25532266, 0.51577222, 0.86377370, 0.60200149, 0.69671488, 0.32689035)
(0.34422359, 0.94935405, 0.32092783, 0.65881616, 0.34611329, 0.62002653, 0.42781210, 0.05647022, 0.46682397, 0.87450111)
(0.21080254, 0.43985525, 0.88486445, 0.16077942, 0.80882919, 0.80054754, 0.87689298, 0.81592017, 0.69302452, 0.26644465)
(0.17935391, 0.72566706, 0.48584929, 0.53449166, 0.70289677, 0.63510436, 0.67425555, 0.43922770, 0.33869997, 0.57127464)
(0.12711896, 0.76550555, 0.69690603, 0.55139261, 0.61670649, 0.76800019, 0.82950205, 0.54550648, 0.50241399, 0.55970412)
(0.26855451, 0.59257084, 0.58987796, 0.49274749, 0.61636919, 0.62726986, 0.69337273, 0.56305045, 0.47903129, 0.51107562)
(0.24648209, 0.69350094, 0.68668181, 0.77765036, 0.46913141, 0.55708647, 0.77127230, 0.40745375, 0.35923809, 0.54782152)
(0.48595998, 0.29045331, 0.80086583, 0.78037751, 0.56747955, 0.25182649, 0.76473171, 0.44664368, 0.20920180, 0.25497171)
(0.48998660, 0.44806957, 0.93497473, 0.21910495, 0.49736154, 0.77755392, 0.87003052, 0.75196159, 0.86399841, 0.34498766)
(0.16391645, 0.96271563, 0.62658954, 0.90831858, 0.22129889, 0.65741807, 0.77285236, 0.07782258, 0.39444190, 0.85085762)
(0.52898961, 0.76323575, 0.57430047, 0.83401376, 0.28094068, 0.38334081, 0.55118650, 0.16565232, 0.37318042, 0.70375407)
(0.23420548, 0.79707956, 0.45769379, 0.66892558, 0.56155854, 0.57412344, 0.62478250, 0.28065246, 0.33388209, 0.66832095)
(0.63095266, 0.49113905, 0.89533943, 0.84481734, 0.20325781, 0.41162625, 0.80270916, 0.39320379, 0.58736074, 0.44062915)
(0.17993677, 0.93650860, 0.20110933, 0.79715878, 0.69160342, 0.43097103, 0.40416533, 0.05665263, 0.09281566, 0.81196511)
(0.47790971, 0.47783780, 0.84350431, 0.73313135, 0.32464382, 0.51779479, 0.79956853, 0.52833515, 0.58295560, 0.42781717)
(0.38888696, 0.68894362, 0.51582414, 0.48850849, 0.51760566, 0.59809881, 0.57277614, 0.38611498, 0.54182261, 0.63080633)
(0.62347054, 0.51469332, 0.94223469, 0.40099230, 0.29226854, 0.73183084, 0.85607600, 0.62792838, 0.88524199, 0.41459739)
(0.27471679, 0.69108492, 0.55536658, 0.43198642, 0.61064386, 0.67460173, 0.65954638, 0.47979131, 0.54200548, 0.58581513)
(0.26624778, 0.74177510, 0.77928954, 0.53074646, 0.41146412, 0.75916529, 0.81271899, 0.51115948, 0.71436906, 0.59977573)
(0.70017225, 0.80536169, 0.48710111, 0.44055960, 0.40529341, 0.53677410, 0.37514398, 0.15589623, 0.59999228, 0.71541715)
(0.30928078, 0.48737723, 0.49379131, 0.69844031, 0.82057512, 0.25812611, 0.57929885, 0.34074393, 0.07352810, 0.34945732)
(0.43158838, 0.60810626, 0.71895635, 0.15854099, 0.71976435, 0.72533768, 0.66319543, 0.56510985, 0.69857585, 0.47525850)
(0.34487826, 0.68616933, 0.48910600, 0.47466284, 0.57617253, 0.60094184, 0.57429320, 0.40264282, 0.49661076, 0.61584634)
(0.71162963, 0.75306517, 0.63158375, 0.28843725, 0.44771740, 0.63118243, 0.46230936, 0.26388583, 0.74112421, 0.66079271)
(0.19277275, 0.57499641, 0.65143651, 0.44227678, 0.70691657, 0.68740225, 0.76762784, 0.66044784, 0.47176811, 0.44845179)
(0.44304019, 0.62892759, 0.75994658, 0.84056151, 0.31191221, 0.43378025, 0.73931485, 0.33409590, 0.41011584, 0.54117280)
(0.21263339, 0.95861632, 0.59535253, 0.92028385, 0.20155603, 0.58608341, 0.72424352, 0.06433456, 0.36244881, 0.85516083)
(0.25902858, 0.75718808, 0.63438863, 0.54118377, 0.48826742, 0.70074272, 0.72028410, 0.42933112, 0.59050643, 0.63487536)
(0.08447994, 0.84090126, 0.51442987, 0.54568791, 0.75486636, 0.74899852, 0.76736212, 0.42454627, 0.32055765, 0.61606735)
(0.45299131, 0.66564935, 0.88669902, 0.79924756, 0.19676372, 0.60428649, 0.84601384, 0.42071196, 0.69222146, 0.54393870)
(0.35313267, 0.61635804, 0.50610435, 0.30372208, 0.71851188, 0.62650609, 0.57369345, 0.48745540, 0.49847093, 0.52310890)
(0.21883924, 0.89435434, 0.52545643, 0.83241802, 0.38502961, 0.56698519, 0.68024862, 0.15367751, 0.32097429, 0.75867581)
(0.67228889, 0.57720625, 0.71361166, 0.17052910, 0.60930592, 0.64312100, 0.55270183, 0.44822401, 0.72702521, 0.48997763)
(0.34278136, 0.76740360, 0.75786489, 0.45059296, 0.40095016, 0.76806539, 0.75998789, 0.45589992, 0.77035952, 0.64653152)
(0.25085771, 0.81859559, 0.53931510, 0.43663478, 0.56448060, 0.73088038, 0.65006715, 0.35951632, 0.58729166, 0.69242221)
(0.20994660, 0.68524438, 0.56152421, 0.52671587, 0.63875246, 0.65359944, 0.70720625, 0.49461448, 0.42707908, 0.55335170)
(0.43426448, 0.77184576, 0.52106333, 0.88483685, 0.45331466, 0.21168379, 0.54451215, 0.07561594, 0.09327443, 0.66196525)
(0.24082948, 0.58264226, 0.69305390, 0.49490306, 0.58766460, 0.68057227, 0.77203888, 0.63716495, 0.54490316, 0.48254374)
(0.47669849, 0.39938456, 0.55290794, 0.47456422, 0.68936676, 0.38462436, 0.56203812, 0.45106149, 0.31625766, 0.37659058)
(0.41324848, 0.56304002, 0.72829193, 0.53555369, 0.42780536, 0.61426347, 0.72798103, 0.54079801, 0.63808203, 0.51664472)
(0.15364115, 0.94532150, 0.59556389, 0.95624769, 0.29856670, 0.48560596, 0.76428550, 0.07543761, 0.16150336, 0.79769379)
(0.14443731, 0.77042109, 0.62163842, 0.65966195, 0.60871553, 0.67952478, 0.78453255, 0.44516391, 0.36460978, 0.57814896)
(0.24566829, 0.78445089, 0.78640735, 0.83736843, 0.31093973, 0.62050050, 0.83294743, 0.34662569, 0.47851500, 0.61393017)
(0.68198568, 0.52139276, 0.73502362, 0.62832445, 0.37214077, 0.43350428, 0.61210179, 0.37934467, 0.59892124, 0.48094252)
(0.06563199, 0.76699066, 0.75783288, 0.49384829, 0.72501194, 0.83770984, 0.89326847, 0.68769246, 0.49446800, 0.49509367)
(0.22007298, 0.88045502, 0.42315680, 0.81883311, 0.49208233, 0.50160658, 0.60502410, 0.14361475, 0.22403033, 0.74399626)
(0.16350582, 0.96255898, 0.54599440, 0.75873733, 0.30008298, 0.74888670, 0.71480787, 0.09716347, 0.54330432, 0.86053914)
(0.18476559, 0.70913601, 0.84745246, 0.31975639, 0.58163100, 0.85008049, 0.87580544, 0.70362550, 0.77940714, 0.51025558)
(0.09603976, 0.73350728, 0.74865705, 0.15382047, 0.87241775, 0.87672371, 0.85451847, 0.73988950, 0.61868292, 0.43357760)
(0.44157991, 0.81397408, 0.44429651, 0.62741446, 0.37178701, 0.54073679, 0.49466372, 0.18039389, 0.50544804, 0.74473268)
(0.25232068, 0.96816504, 0.70491362, 0.65675640, 0.18618648, 0.83066815, 0.75213510, 0.10254101, 0.80369663, 0.88441545)
(0.34005126, 0.77756685, 0.83152544, 0.62701911, 0.27374968, 0.74636203, 0.82495975, 0.42544499, 0.77073443, 0.64141285)
(0.86401671, 0.45833167, 0.80795443, 0.44616523, 0.53199643, 0.32107985, 0.55842191, 0.27375507, 0.51211560, 0.32932171)
(0.41331047, 0.42842686, 0.74509495, 0.54338527, 0.48633456, 0.56270474, 0.75225246, 0.61500746, 0.55832082, 0.40718928)
(0.38635352, 0.89907855, 0.62452048, 0.71568143, 0.21621205, 0.65298790, 0.65291870, 0.14433143, 0.66970992, 0.80612350)
(0.20211521, 0.87654698, 0.86016232, 0.77673203, 0.22964944, 0.78920072, 0.88699305, 0.35007256, 0.72281373, 0.69980049)
(0.26195654, 0.83896363, 0.64280617, 0.37586054, 0.52950352, 0.79456502, 0.70526338, 0.38835725, 0.70591873, 0.70001024)
(0.56155133, 0.53835005, 0.67578161, 0.69331181, 0.38255996, 0.42040640, 0.62322885, 0.37449080, 0.48140228, 0.52180833)
(0.26579469, 0.88949627, 0.53128320, 0.53957635, 0.43274626, 0.72495747, 0.63433534, 0.22278737, 0.60967273, 0.77571970)
(0.26502940, 0.53590900, 0.91502559, 0.90508163, 0.30505252, 0.51837850, 0.91769713, 0.52944541, 0.39957413, 0.35923067)
(0.61490977, 0.42704526, 0.88043624, 0.69278944, 0.28683519, 0.50428754, 0.79077899, 0.53387713, 0.68509912, 0.39352062)
(0.40575954, 0.58496070, 0.44972226, 0.50102603, 0.58523488, 0.50663811, 0.52676129, 0.41718706, 0.42713806, 0.56502151)
(0.58538759, 0.47189832, 0.84865296, 0.87926966, 0.25736219, 0.30686453, 0.76933944, 0.32342276, 0.38621128, 0.43694678)
(0.24833284, 0.75272489, 0.61572963, 0.27368391, 0.68892598, 0.77458924, 0.69586313, 0.50611943, 0.63873428, 0.59077561)
(0.24684243, 0.82536882, 0.59274638, 0.29249555, 0.65621704, 0.79424459, 0.67417163, 0.41395804, 0.65635592, 0.66288179)
(0.37008536, 0.70190132, 0.64357620, 0.45821384, 0.46640536, 0.68237859, 0.67366546, 0.44577926, 0.66440547, 0.62074953)
(0.34055942, 0.94554770, 0.34843299, 0.71744299, 0.30282322, 0.59495473, 0.46078360, 0.05829067, 0.46071446, 0.86969751)
(0.50238901, 0.82492727, 0.52043086, 0.67056137, 0.28569624, 0.53870648, 0.51987690, 0.16443072, 0.57164162, 0.75928158)
(0.53905290, 0.39331669, 0.57887989, 0.47250542, 0.73375249, 0.29533100, 0.54431719, 0.34506258, 0.21148834, 0.35245886)
(0.20685540, 0.80487520, 0.56938267, 0.66317183, 0.51324892, 0.65218896, 0.71551931, 0.33899802, 0.42810228, 0.65786451)
(0.35706311, 0.94563830, 0.54543781, 0.85255635, 0.17120595, 0.57358068, 0.61179441, 0.06329184, 0.51984310, 0.86374301)
(0.39414027, 0.66806984, 0.64491725, 0.49202782, 0.46212870, 0.64389181, 0.66539085, 0.44843835, 0.63391560, 0.59677804)
(0.48074147, 0.55683076, 0.80431575, 0.34850460, 0.46940529, 0.69875437, 0.74743670, 0.59343362, 0.76705831, 0.48675680)
(0.12031922, 0.45499271, 0.90236056, 0.36516246, 0.72934455, 0.81634659, 0.93199909, 0.86515540, 0.62416494, 0.27439269)
(0.24793693, 0.86441624, 0.41094851, 0.71646857, 0.50319016, 0.55861092, 0.57605338, 0.17808440, 0.32041186, 0.74308115)
(0.44534418, 0.36614606, 0.88795835, 0.81216353, 0.35173938, 0.43591321, 0.85320741, 0.56372142, 0.46642932, 0.31528234)
(0.22458501, 0.66462487, 0.81329173, 0.77166557, 0.41511479, 0.63487083, 0.85659915, 0.51171899, 0.47712263, 0.49110615)
(0.25325072, 0.96301061, 0.69805694, 0.65467799, 0.20024298, 0.82091641, 0.74817377, 0.11369020, 0.78928882, 0.87400162)
(0.28328380, 0.90780729, 0.27155396, 0.73714930, 0.50860697, 0.49023923, 0.42717829, 0.08264746, 0.23742262, 0.81097299)
(0.33507559, 0.85971498, 0.59055817, 0.64856416, 0.31420386, 0.65970683, 0.65514404, 0.21357958, 0.62209231, 0.75659227)
(0.52058399, 0.80459166, 0.82107741, 0.92098385, 0.11904068, 0.44946635, 0.76609749, 0.16371293, 0.53003329, 0.70786065)
(0.56008774, 0.54479480, 0.64645320, 0.62107295, 0.41544741, 0.46457949, 0.59758002, 0.41048467, 0.52963841, 0.52936810)
(0.13946645, 0.97872567, 0.51535767, 0.94874823, 0.25086838, 0.57217956, 0.71450841, 0.03690841, 0.21536079, 0.89013112)
(0.23862657, 0.52667272, 0.75319785, 0.42690951, 0.62825412, 0.70641005, 0.80696058, 0.70884883, 0.58643323, 0.42407572)
(0.38541195, 0.65421534, 0.84495276, 0.67399704, 0.28702754, 0.66383803, 0.82864761, 0.49220285, 0.70481771, 0.54019529)
(0.85413933, 0.31237581, 0.92956442, 0.69400728, 0.32772094, 0.31199712, 0.75038540, 0.39920720, 0.64513642, 0.24720424)
(0.40389934, 0.39215112, 0.81066829, 0.82097453, 0.43790784, 0.36823007, 0.80019587, 0.49735463, 0.32157385, 0.34374812)
(0.11862407, 0.81681013, 0.55825776, 0.67105734, 0.65445489, 0.67741495, 0.76721799, 0.38209459, 0.30185172, 0.61240244)
(0.29483607, 0.56703550, 0.61253077, 0.48547691, 0.59682584, 0.62223077, 0.69551808, 0.57919508, 0.50647497, 0.50084680)
(0.30746377, 0.68281817, 0.65593421, 0.51025546, 0.48905468, 0.67686981, 0.71613097, 0.48666152, 0.61023653, 0.58650118)
(0.29533574, 0.59241056, 0.68355215, 0.47270811, 0.54758793, 0.67057765, 0.74125254, 0.59546131, 0.59328479, 0.51183468)
(0.42677715, 0.48513594, 0.64947647, 0.71592081, 0.53769386, 0.37931117, 0.66438222, 0.42628798, 0.29927984, 0.43319523)
(0.09990781, 0.73524261, 0.74405241, 0.57164735, 0.64612824, 0.78451562, 0.86940646, 0.63608462, 0.47643760, 0.50563544)
(0.19928464, 0.94919395, 0.54770648, 0.59371948, 0.37054762, 0.78683317, 0.67878753, 0.14354135, 0.64206100, 0.84445250)
(0.18494423, 0.67478800, 0.87776840, 0.86617672, 0.37188825, 0.62343311, 0.90738332, 0.50872982, 0.41590914, 0.45205921)
(0.71482378, 0.70821971, 0.91937268, 0.33027306, 0.25301069, 0.77864230, 0.77531791, 0.42584547, 0.91881257, 0.56726551)
(0.62557381, 0.39891326, 0.60504651, 0.44920295, 0.74509257, 0.24817780, 0.51628435, 0.26609579, 0.17426512, 0.34986055)
(0.54860091, 0.56150329, 0.72230148, 0.78593379, 0.38543862, 0.35693902, 0.65982950, 0.31352121, 0.35853931, 0.49851918)
(0.47473213, 0.33530590, 0.64086545, 0.55822372, 0.71503514, 0.31528413, 0.62600386, 0.45505819, 0.23262241, 0.29891494)
(0.59549344, 0.74102581, 0.53865433, 0.59966540, 0.37465152, 0.49734059, 0.47338942, 0.22686826, 0.55194587, 0.68775547)
(0.18047939, 0.84705949, 0.65618002, 0.91647267, 0.41922581, 0.47849151, 0.78090352, 0.19647922, 0.18866423, 0.65040696)
(0.21047214, 0.75180256, 0.78132671, 0.73137039, 0.40355647, 0.69040877, 0.83836818, 0.46416432, 0.53991765, 0.57557648)
(0.11268904, 0.71673173, 0.57659614, 0.22259934, 0.87604737, 0.79752326, 0.75918871, 0.64028776, 0.44323674, 0.46695399)
(0.45822883, 0.55844849, 0.81526333, 0.58452696, 0.34224406, 0.62287825, 0.78020442, 0.54233390, 0.70089287, 0.49979445)
(0.18979643, 0.68744862, 0.52828974, 0.45033190, 0.70903254, 0.67557687, 0.69180566, 0.51781923, 0.42539841, 0.54280895)
(0.45339170, 0.86477947, 0.32356924, 0.60046983, 0.45112285, 0.51570570, 0.38028488, 0.10771225, 0.40025404, 0.78471529)
(0.27326688, 0.72874177, 0.52460510, 0.43668652, 0.60808450, 0.67471874, 0.63620889, 0.43217248, 0.53068835, 0.61859411)
(0.28385201, 0.73183686, 0.38955072, 0.47293228, 0.68654132, 0.57765436, 0.52754581, 0.33633542, 0.35772577, 0.62155128)
(0.43789804, 0.46971589, 0.92838115, 0.56339765, 0.30780357, 0.69666207, 0.89302731, 0.69021672, 0.79560941, 0.38355356)
(0.66386265, 0.59568393, 0.58288783, 0.42682567, 0.48516816, 0.51032901, 0.48884958, 0.38142756, 0.60558438, 0.54057252)
(0.63435233, 0.49447790, 0.71911174, 0.70829475, 0.44250828, 0.31602573, 0.62063098, 0.28345275, 0.36744636, 0.45681748)
(0.41619441, 0.87860888, 0.42646286, 0.78650874, 0.29261801, 0.47953030, 0.49767175, 0.10095380, 0.39996186, 0.79846883)
(0.63991272, 0.63973182, 0.66223198, 0.70567864, 0.34614468, 0.40694126, 0.57263148, 0.26437512, 0.50321633, 0.58484650)
(0.34907046, 0.53121579, 0.55152863, 0.75889552, 0.60575849, 0.32699385, 0.62940943, 0.35293528, 0.18082364, 0.46272632)
(0.14729244, 0.93184930, 0.48836219, 0.34574965, 0.67374378, 0.83328933, 0.66044760, 0.25032067, 0.58250397, 0.78350550)
(0.81800336, 0.20921680, 0.89908975, 0.47422072, 0.56592524, 0.29916000, 0.72224844, 0.48330083, 0.49585739, 0.16431116)
(0.22434597, 0.76684624, 0.55892527, 0.71009821, 0.53807837, 0.58115584, 0.69642496, 0.33927462, 0.34618852, 0.62225646)
(0.23746923, 0.60399765, 0.71421564, 0.54847622, 0.54809916, 0.67721575, 0.78764373, 0.61413300, 0.54275966, 0.49244398)
(0.24571189, 0.83851457, 0.45225108, 0.64036393, 0.51278722, 0.61103565, 0.60907441, 0.23864113, 0.40399104, 0.71561939)
(0.53722429, 0.73061007, 0.43677387, 0.72778660, 0.59785616, 0.23870885, 0.41259679, 0.09331734, 0.11878941, 0.64804369)
(0.16466521, 0.74723858, 0.71318859, 0.73734015, 0.52824593, 0.65541041, 0.82099378, 0.45990831, 0.38393915, 0.55119282)
(0.38191471, 0.36766273, 0.86995655, 0.48462856, 0.49907705, 0.63487643, 0.85342866, 0.72440332, 0.63430750, 0.31142104)
(0.46828812, 0.64729440, 0.89649439, 0.93549186, 0.15941457, 0.40469572, 0.85571188, 0.28520408, 0.44040033, 0.52308059)
(0.37585205, 0.83900434, 0.51034236, 0.74315262, 0.32512203, 0.53258520, 0.58588767, 0.17202070, 0.46270624, 0.74665141)
(0.20171501, 0.69446951, 0.60716558, 0.81112778, 0.58817506, 0.48267323, 0.74335617, 0.36464301, 0.20383818, 0.52350670)
(0.59586978, 0.91917986, 0.74919355, 0.86540502, 0.09157901, 0.55179960, 0.64664721, 0.07614414, 0.70534116, 0.84353858)
(0.31035203, 0.93964410, 0.51689541, 0.78580421, 0.23472732, 0.62575740, 0.60993075, 0.08662494, 0.53651232, 0.85059357)
(0.14462040, 0.95842016, 0.50842661, 0.61113262, 0.41747034, 0.79994124, 0.69402194, 0.13515347, 0.58472937, 0.85101670)
(0.25886944, 0.77251929, 0.64691877, 0.94102466, 0.42154944, 0.31700006, 0.74071115, 0.17321420, 0.11912610, 0.58756161)
(0.17206857, 0.82413691, 0.41579190, 0.50941938, 0.69933897, 0.66710323, 0.61954468, 0.32145944, 0.35314667, 0.66625464)
(0.24619320, 0.69854516, 0.59351480, 0.74306434, 0.53578103, 0.53037304, 0.71289909, 0.37552649, 0.30863675, 0.56249982)
(0.21154329, 0.90810764, 0.59583050, 0.62203944, 0.37167057, 0.75047344, 0.71555108, 0.21552724, 0.62249905, 0.78207773)
(0.71641296, 0.56742823, 0.80586040, 0.73132133, 0.27287018, 0.43212512, 0.65324950, 0.35126653, 0.63356572, 0.50737268)
(0.14348048, 0.76470023, 0.59022313, 0.46696287, 0.70257103, 0.73904985, 0.75420839, 0.50101143, 0.45581210, 0.57226646)
(0.54505616, 0.62134862, 0.36962509, 0.39439073, 0.67026716, 0.44917306, 0.38725126, 0.28167596, 0.33598447, 0.57234305)
(0.26199639, 0.72000402, 0.82439822, 0.72368634, 0.32895088, 0.69219148, 0.85167319, 0.47918227, 0.62633908, 0.56026345)
(0.31681862, 0.68831491, 0.54855675, 0.51188171, 0.54083550, 0.62479091, 0.63520229, 0.43030065, 0.52299041, 0.60718191)
(0.26914561, 0.73309332, 0.58895999, 0.57124853, 0.50744325, 0.65306264, 0.69034773, 0.41582957, 0.52136987, 0.62274522)
(0.40979373, 0.53348988, 0.78849477, 0.22471911, 0.63781780, 0.71590376, 0.74051309, 0.64740753, 0.72327942, 0.43559223)
(0.59947729, 0.40160561, 0.90432245, 0.67972583, 0.27986857, 0.53238225, 0.82581466, 0.58117640, 0.71059072, 0.36700869)
(0.28908166, 0.49757057, 0.56089324, 0.72647256, 0.68985790, 0.36256993, 0.66403270, 0.43819234, 0.17244239, 0.39982322)
(0.74776798, 0.23036422, 0.88547868, 0.57266212, 0.47314751, 0.34608421, 0.74361867, 0.53165561, 0.53864306, 0.21409057)
(0.36555716, 0.61328977, 0.59350884, 0.76415712, 0.48131791, 0.42764232, 0.65670824, 0.35672879, 0.30777493, 0.53892851)
(0.39702910, 0.54866356, 0.56269562, 0.74171090, 0.58442730, 0.33055604, 0.61011428, 0.32732630, 0.20263019, 0.47894880)
(0.30226344, 0.92972660, 0.46410403, 0.80086803, 0.28240341, 0.57409906, 0.58243954, 0.08775575, 0.43321040, 0.83472490)
(0.23509698, 0.81146312, 0.40420029, 0.64892858, 0.60019195, 0.56063849, 0.57915223, 0.24982911, 0.30186525, 0.68316478)
(0.50301963, 0.56632572, 0.66937906, 0.80416203, 0.40361065, 0.31498984, 0.64967453, 0.26178622, 0.28365460, 0.52081662)
(0.25254920, 0.65090275, 0.70703083, 0.61050898, 0.49541193, 0.65843272, 0.77870309, 0.53602475, 0.53112394, 0.52987558)
(0.26358682, 0.71703756, 0.44534951, 0.57213688, 0.62838757, 0.56536978, 0.59395498, 0.36247161, 0.35161981, 0.61009264)
(0.13516374, 0.96629357, 0.49884212, 0.74184501, 0.36627075, 0.75817645, 0.70398217, 0.09629964, 0.48959586, 0.86322445)
(0.11186717, 0.82817829, 0.65500510, 0.57457554, 0.60970843, 0.78003603, 0.81849867, 0.46458685, 0.48493335, 0.62182122)
(0.31105748, 0.59956205, 0.40560871, 0.46226019, 0.75263095, 0.49750885, 0.52506047, 0.41129312, 0.27976444, 0.51074404)
(0.28930873, 0.76566225, 0.53847921, 0.49621266, 0.53684556, 0.66886067, 0.63456362, 0.37567851, 0.54797935, 0.65944111)
(0.45264670, 0.76074588, 0.69245344, 0.89460355, 0.23926614, 0.39738116, 0.68403125, 0.18755846, 0.35801670, 0.66914040)
(0.39681563, 0.74133861, 0.47279555, 0.42889497, 0.55654436, 0.61852300, 0.52667159, 0.33390552, 0.54196155, 0.66667652)
(0.40745389, 0.77283645, 0.48410454, 0.62207234, 0.41098028, 0.54581302, 0.54221392, 0.24851812, 0.49961764, 0.70363277)
(0.65674126, 0.60852474, 0.58873248, 0.52190125, 0.47368366, 0.44103846, 0.50200170, 0.31072998, 0.51296008, 0.54644054)
(0.27323544, 0.90038508, 0.78097719, 0.88445824, 0.17387439, 0.64325440, 0.81995976, 0.17237729, 0.56032240, 0.76076013)
(0.68460256, 0.73940474, 0.47160491, 0.57968456, 0.51322043, 0.33198422, 0.38202006, 0.11664876, 0.28758374, 0.64943433)
(0.46925253, 0.71861309, 0.37158644, 0.52450764, 0.53267235, 0.49375951, 0.42583084, 0.23576742, 0.40792590, 0.67041135)
(0.45702830, 0.56743407, 0.39697522, 0.46765801, 0.68874151, 0.43347782, 0.44838044, 0.36017263, 0.30193722, 0.53195620)
(0.62384719, 0.87741715, 0.60495138, 0.61723018, 0.20786528, 0.60560828, 0.50567317, 0.12142258, 0.72566408, 0.81043041)
(0.59294671, 0.60164362, 0.54592127, 0.51139694, 0.46901473, 0.48974174, 0.49805507, 0.37054697, 0.54659295, 0.57210505)
(0.42571601, 0.34065136, 0.89095968, 0.23009746, 0.66752195, 0.67693073, 0.82826269, 0.73777252, 0.69093990, 0.25712350)
(0.60427445, 0.77447712, 0.53378791, 0.73652375, 0.29201680, 0.43832996, 0.47851700, 0.16978520, 0.49364707, 0.71984494)
(0.58324248, 0.78325677, 0.44438869, 0.50082821, 0.41004944, 0.53370446, 0.41442448, 0.18033464, 0.54800034, 0.72616571)
(0.13090283, 0.78818935, 0.67045981, 0.54365110, 0.60727239, 0.77195090, 0.81317377, 0.51240635, 0.51543337, 0.59180480)
(0.69912577, 0.44256368, 0.91751134, 0.86345398, 0.19350544, 0.36375114, 0.80644602, 0.38849199, 0.58809298, 0.39546525)
(0.52535731, 0.84826851, 0.65153134, 0.58999407, 0.24102123, 0.64758992, 0.60281420, 0.19098882, 0.73938161, 0.77170658)
(0.66388845, 0.70494682, 0.68441355, 0.19780502, 0.53871191, 0.68248171, 0.52794659, 0.35346660, 0.76548189, 0.60519630)
(0.52563232, 0.26061159, 0.91519564, 0.71191013, 0.35158914, 0.46833527, 0.87076592, 0.65409160, 0.57071835, 0.24731447)
(0.22684436, 0.64758253, 0.59883130, 0.52886790, 0.61841542, 0.65013522, 0.72162181, 0.53417277, 0.45373377, 0.52885985)
(0.54992443, 0.81016320, 0.63920480, 0.44891918, 0.33308470, 0.67600161, 0.57159621, 0.25876537, 0.75567889, 0.73821312)
(0.87446201, 0.42653272, 0.89654177, 0.70694834, 0.38849995, 0.22478108, 0.67313862, 0.19308941, 0.44628787, 0.30069071)
(0.18627092, 0.94630641, 0.46439281, 0.38004684, 0.60772920, 0.81830561, 0.60579020, 0.18107916, 0.59626067, 0.82680255)
(0.28031954, 0.59069765, 0.53605580, 0.56351882, 0.63382536, 0.55158478, 0.65424454, 0.49475941, 0.36722428, 0.50805700)
(0.22192341, 0.64852750, 0.88632566, 0.65807033, 0.36795372, 0.75212687, 0.90251374, 0.64857632, 0.69296890, 0.47463480)
(0.53898340, 0.49510503, 0.52295089, 0.52602911, 0.69432312, 0.29568383, 0.50161254, 0.27343208, 0.19387396, 0.45176318)
(0.28018022, 0.77899909, 0.39991909, 0.42188263, 0.68359500, 0.62919968, 0.52807587, 0.31745276, 0.41504502, 0.65820158)
(0.20647849, 0.58362997, 0.52677101, 0.57921278, 0.74893153, 0.53083676, 0.67801893, 0.50940883, 0.24790777, 0.45080110)
(0.15733314, 0.86147326, 0.48906749, 0.82093143, 0.55487376, 0.54713637, 0.69875824, 0.20942242, 0.20734794, 0.68530709)
(0.20217882, 0.65123880, 0.74113750, 0.57087052, 0.52980548, 0.71297395, 0.82001233, 0.60844010, 0.55944663, 0.50815934)
(0.28140566, 0.65699631, 0.86224604, 0.93601537, 0.29091233, 0.43373111, 0.87521905, 0.34469128, 0.28282088, 0.47111079)
(0.18068206, 0.77643311, 0.51234913, 0.84339470, 0.60561937, 0.44952598, 0.69637263, 0.25497264, 0.14860150, 0.58977610)
(0.63346326, 0.61460668, 0.60652936, 0.65731889, 0.49229625, 0.30892682, 0.52105743, 0.19202588, 0.29996869, 0.54696888)
(0.10443439, 0.86959618, 0.65232944, 0.73629218, 0.54293567, 0.73398304, 0.82843465, 0.34840491, 0.37712887, 0.65892726)
(0.77078950, 0.52570939, 0.60021996, 0.30835664, 0.67627573, 0.37606451, 0.43203631, 0.29883295, 0.40846801, 0.42322230)
(0.23969519, 0.72900856, 0.59207743, 0.50242519, 0.55869758, 0.69294983, 0.70582283, 0.46215582, 0.54617089, 0.60788417)
(0.32121226, 0.84881991, 0.39140195, 0.57878256, 0.47899726, 0.59652758, 0.51188189, 0.18843400, 0.45526168, 0.75458038)
(0.18765977, 0.68540764, 0.59421170, 0.48933104, 0.65778846, 0.69263917, 0.73766768, 0.54236311, 0.46308720, 0.53922099)
(0.72832888, 0.72170204, 0.51847321, 0.60694075, 0.60174352, 0.21567370, 0.37986445, 0.07432195, 0.15098913, 0.60933131)
(0.40518743, 0.62982929, 0.68753910, 0.26448500, 0.61817890, 0.70753121, 0.67332697, 0.54017544, 0.68528426, 0.52896482)
(0.56110680, 0.71019447, 0.38887876, 0.59766561, 0.56535488, 0.34928355, 0.37797540, 0.14790553, 0.23610626, 0.66348898)
(0.41629937, 0.55941826, 0.46151251, 0.41710603, 0.64331323, 0.52608830, 0.52522141, 0.45104063, 0.44202170, 0.53099447)
(0.61850309, 0.56097114, 0.83516103, 0.90115368, 0.22566277, 0.27698857, 0.74826044, 0.21820104, 0.35755727, 0.50000942)
(0.70562392, 0.55618405, 0.78131622, 0.75732416, 0.32071650, 0.35054243, 0.64517421, 0.27083933, 0.50010777, 0.49087551)
(0.48684648, 0.84218651, 0.63377559, 0.58329147, 0.26580292, 0.65087074, 0.60946321, 0.20599145, 0.71922433, 0.76277369)
(0.33338916, 0.86608195, 0.60670537, 0.76307362, 0.27247521, 0.60404938, 0.67380065, 0.17965788, 0.54492372, 0.75666833)
(0.55457628, 0.61856884, 0.73192137, 0.47022378, 0.38160646, 0.62600535, 0.65836793, 0.44171789, 0.72422230, 0.56844735)
(0.26090872, 0.64541477, 0.55939013, 0.58208984, 0.59731328, 0.58805674, 0.68060571, 0.47118282, 0.39938951, 0.54315835)
(0.36265016, 0.90173841, 0.68185419, 0.68065250, 0.21474099, 0.70826697, 0.70334429, 0.16926455, 0.72902685, 0.79980379)
(0.19054598, 0.90041882, 0.44916829, 0.58114451, 0.51695043, 0.70689511, 0.63230079, 0.20580709, 0.47636217, 0.77170098)
(0.46948618, 0.72472465, 0.76249826, 0.66890275, 0.25782746, 0.62224948, 0.72887450, 0.35159206, 0.70385814, 0.64361012)
(0.13464405, 0.93589377, 0.61346275, 0.64151824, 0.41716942, 0.80081403, 0.77003491, 0.21383403, 0.59499091, 0.79705828)
(0.67828226, 0.35112518, 0.85477394, 0.79964691, 0.38619643, 0.24981453, 0.74454510, 0.31397951, 0.34813124, 0.32203579)
(0.71131635, 0.33209905, 0.92093790, 0.65613651, 0.29673389, 0.47557390, 0.80958164, 0.57875657, 0.72256225, 0.30153990)
(0.38380533, 0.85272676, 0.56535161, 0.84535074, 0.26392767, 0.48012766, 0.62206167, 0.14199592, 0.40123153, 0.75612682)
(0.09580880, 0.90834612, 0.38666722, 0.75628310, 0.69631803, 0.61821330, 0.67973238, 0.18363789, 0.16857074, 0.72116607)
(0.63129801, 0.67434675, 0.73268008, 0.67786312, 0.27396560, 0.51732981, 0.62681794, 0.31691423, 0.66526920, 0.61292315)
(0.69782120, 0.57888597, 0.62215018, 0.52956480, 0.53885067, 0.34903541, 0.50088251, 0.24280529, 0.37921119, 0.49528146)
(0.29234076, 0.58433038, 0.80747730, 0.37379631, 0.53894943, 0.75515091, 0.81846499, 0.68284029, 0.72660619, 0.47331035)
(0.30491281, 0.56696856, 0.76590765, 0.85203773, 0.43617862, 0.43349192, 0.80222094, 0.42409763, 0.28787291, 0.44320092)
(0.33954003, 0.55884302, 0.81080508, 0.87938809, 0.36216250, 0.41518879, 0.82265574, 0.40460050, 0.31308165, 0.44146591)
(0.39617243, 0.75573522, 0.41918895, 0.63477522, 0.45928624, 0.50207955, 0.50709867, 0.23200016, 0.40916741, 0.68926191)
(0.32995009, 0.71422487, 0.73380196, 0.72085458, 0.34083197, 0.61480021, 0.76628840, 0.39959484, 0.56677276, 0.60107893)
(0.15682235, 0.84288752, 0.42600563, 0.76615584, 0.63258910, 0.54128361, 0.65607715, 0.22671095, 0.19382547, 0.66892833)
(0.74073267, 0.43456724, 0.90819496, 0.81330246, 0.21398890, 0.38560459, 0.77511787, 0.41052580, 0.64891338, 0.38743243)
(0.33448750, 0.60329556, 0.42381394, 0.71617830, 0.72337300, 0.29976121, 0.51604509, 0.26138598, 0.11357094, 0.49927613)
(0.50873536, 0.42813691, 0.82411247, 0.86708689, 0.32761231, 0.30990812, 0.77509087, 0.38174635, 0.32995263, 0.39661312)
(0.59920961, 0.22086388, 0.93584138, 0.61886251, 0.36531883, 0.49258742, 0.87611854, 0.68844473, 0.63906276, 0.20979173)
(0.70882654, 0.81248045, 0.54696137, 0.71096313, 0.31627554, 0.40353137, 0.42392129, 0.11201254, 0.46134254, 0.71773314)
(0.33249566, 0.28954160, 0.90598047, 0.79784667, 0.44690058, 0.47193229, 0.90170968, 0.69393831, 0.40057686, 0.22308998)
(0.24776842, 0.81315547, 0.50115025, 0.81204247, 0.52375406, 0.46860099, 0.63485998, 0.20821495, 0.22286591, 0.66166461)
(0.45041093, 0.92477405, 0.64115489, 0.86688048, 0.12985709, 0.54812294, 0.63553876, 0.07707440, 0.59244305, 0.84395260)
(0.22591630, 0.56984270, 0.77672529, 0.49370599, 0.56095892, 0.72054321, 0.82885575, 0.69376373, 0.60584593, 0.45250016)
(0.43102250, 0.62954468, 0.88118243, 0.77607733, 0.22818242, 0.60688508, 0.84796160, 0.46442634, 0.67741340, 0.51279098)
(0.66692430, 0.72057974, 0.73769021, 0.74637246, 0.23185898, 0.48151955, 0.61013758, 0.24853149, 0.64283866, 0.64780986)
(0.38107413, 0.44272545, 0.84024686, 0.60648650, 0.41164625, 0.60903597, 0.83489174, 0.65540379, 0.62470049, 0.38924825)
(0.25240088, 0.74762166, 0.63325083, 0.40884715, 0.57959855, 0.74400234, 0.71508783, 0.48444921, 0.62997383, 0.61222911)
(0.10048573, 0.88755929, 0.55189556, 0.33586824, 0.75699645, 0.84198421, 0.75251442, 0.41880533, 0.53882390, 0.67682290)
(0.06863759, 0.86155909, 0.62779987, 0.64895058, 0.69791752, 0.77271825, 0.83962291, 0.43183592, 0.32836688, 0.61318237)
(0.20622610, 0.54200000, 0.70715618, 0.27043825, 0.78026611, 0.72792059, 0.77640337, 0.70543057, 0.55228126, 0.40057620)
(0.29823041, 0.47020322, 0.94646913, 0.77319872, 0.29021800, 0.67266178, 0.93585068, 0.72013962, 0.68333399, 0.33681330)
(0.42287129, 0.39182603, 0.53229171, 0.47432068, 0.77282739, 0.35586965, 0.56143713, 0.44498226, 0.23040633, 0.33383375)
(0.23812518, 0.84840888, 0.57419008, 0.80742484, 0.39526403, 0.56984055, 0.70613635, 0.21673723, 0.35382193, 0.70709229)
(0.26147237, 0.65827918, 0.74072069, 0.61077380, 0.45460540, 0.67567575, 0.79737431, 0.53738809, 0.58028269, 0.53501505)
(0.58660221, 0.60620165, 0.50837851, 0.30399191, 0.59140545, 0.55423093, 0.46719792, 0.37521327, 0.56115866, 0.56235480)
(0.74913323, 0.67412502, 0.55467629, 0.40714863, 0.52062601, 0.45756581, 0.41213042, 0.24350443, 0.52026862, 0.55376792)
(0.72272897, 0.43707156, 0.87054336, 0.81996632, 0.28777820, 0.30398169, 0.73923689, 0.31641072, 0.48292866, 0.38596776)
(0.37095469, 0.68563622, 0.84127301, 0.73456728, 0.26609904, 0.64588350, 0.83021319, 0.44761077, 0.67022729, 0.56040609)
(0.27655759, 0.56247211, 0.53758895, 0.57084835, 0.65915757, 0.53060049, 0.65591431, 0.50831461, 0.33547926, 0.48091534)
(0.44729921, 0.35311738, 0.77416033, 0.71537697, 0.47788796, 0.40196165, 0.76033312, 0.54097027, 0.39069247, 0.33644572)
(0.16290998, 0.74292588, 0.65532362, 0.80890983, 0.56576955, 0.56240630, 0.79338825, 0.38390499, 0.24384578, 0.54329079)
(0.27993259, 0.97252536, 0.27297997, 0.81131917, 0.29801229, 0.56498623, 0.42341751, 0.02736282, 0.32832393, 0.90861303)
(0.34878021, 0.58516037, 0.55794555, 0.78099614, 0.72468108, 0.29074141, 0.60356092, 0.29031038, 0.10742579, 0.41244742)
(0.40858710, 0.33743590, 0.63711917, 0.62380666, 0.71478218, 0.31212842, 0.65905219, 0.48250571, 0.20079227, 0.29315591)
(0.15106276, 0.73592794, 0.28770792, 0.61952275, 0.89967430, 0.40019402, 0.51302075, 0.24670240, 0.06058567, 0.49011526)
(0.52665406, 0.23894820, 0.88592935, 0.54125148, 0.51251084, 0.47787243, 0.82848519, 0.67775923, 0.51945543, 0.21707675)
(0.47268039, 0.24240099, 0.90107626, 0.78132278, 0.42935327, 0.37701347, 0.86638498, 0.62166399, 0.39608723, 0.21599913)
(0.58814365, 0.49506703, 0.52184558, 0.44416821, 0.65176916, 0.36097473, 0.48460940, 0.32685503, 0.31237781, 0.47296315)
(0.48811057, 0.58744478, 0.68350250, 0.26907560, 0.59364384, 0.66227841, 0.63327467, 0.51791483, 0.68225831, 0.51649499)
(0.18759036, 0.76803124, 0.75996405, 0.36588591, 0.57982278, 0.82651579, 0.82256705, 0.58882713, 0.72363424, 0.58726388)
(0.64187807, 0.25930160, 0.86920571, 0.75473684, 0.43375346, 0.27341801, 0.77387369, 0.44458964, 0.36822233, 0.25720257)
(0.48516738, 0.84599680, 0.61850411, 0.65172774, 0.24090359, 0.61232430, 0.60339546, 0.18049836, 0.68162680, 0.76878005)
(0.50508702, 0.36848444, 0.85459012, 0.64749998, 0.40144125, 0.50482458, 0.80439836, 0.60688907, 0.57382464, 0.34062010)
(0.71214128, 0.57014650, 0.61797756, 0.44748136, 0.52339602, 0.42846274, 0.49456862, 0.32457584, 0.51760358, 0.49419102)
(0.29722384, 0.81370163, 0.63659865, 0.65276337, 0.36468047, 0.66464132, 0.70534837, 0.30351996, 0.59362006, 0.69715786)
(0.24586987, 0.81285679, 0.63151681, 0.78070033, 0.40229833, 0.59278202, 0.73324811, 0.28363997, 0.40531737, 0.66882265)
(0.06344604, 0.93313628, 0.47799033, 0.59144258, 0.70136762, 0.80497628, 0.76872367, 0.26967669, 0.35395473, 0.74981713)
(0.51077938, 0.45363984, 0.81798315, 0.87892628, 0.33507264, 0.29002669, 0.76880050, 0.34348515, 0.29472816, 0.40543255)
(0.20332631, 0.66903687, 0.75775093, 0.31700054, 0.65628946, 0.79543340, 0.81488508, 0.66907614, 0.68148267, 0.49935520)
(0.11331615, 0.70742697, 0.77556592, 0.57139802, 0.61028814, 0.78241497, 0.87623143, 0.66115856, 0.52195638, 0.49048999)
(0.50572836, 0.41785651, 0.75706315, 0.81424069, 0.44895956, 0.27530548, 0.72240233, 0.33754188, 0.25434664, 0.38609731)
(0.57922596, 0.96298325, 0.66184527, 0.84678262, 0.09389874, 0.59370947, 0.55979240, 0.03917247, 0.70503950, 0.90325803)
(0.81163013, 0.67547393, 0.72222608, 0.54228276, 0.35331091, 0.46300006, 0.50448471, 0.25764579, 0.67184788, 0.54754704)
(0.43891838, 0.73309559, 0.37723944, 0.42289323, 0.61373293, 0.54708982, 0.43721122, 0.25771976, 0.42190701, 0.64995390)
(0.34888849, 0.61458260, 0.44044286, 0.58474070, 0.61750090, 0.47459021, 0.54807872, 0.38082752, 0.32388502, 0.55756348)
(0.32499859, 0.50962281, 0.53680825, 0.32752573, 0.75558054, 0.57545668, 0.60312277, 0.54867107, 0.44618234, 0.43954620)
(0.25453469, 0.71293306, 0.71218163, 0.45486385, 0.51180589, 0.74843365, 0.77133989, 0.54183120, 0.66964310, 0.58534944)
(0.45438924, 0.82682794, 0.59487987, 0.64913481, 0.27927360, 0.60146815, 0.59991443, 0.20584647, 0.64127028, 0.74865550)
(0.51463813, 0.84106404, 0.70040375, 0.61829001, 0.21674632, 0.65784228, 0.65142137, 0.20663565, 0.76014292, 0.75853366)
(0.39962396, 0.58738548, 0.43835342, 0.46091142, 0.63628286, 0.51349717, 0.51572776, 0.41704416, 0.40782008, 0.55064040)
(0.17624629, 0.84588349, 0.55017006, 0.57075411, 0.56343466, 0.72146910, 0.70717025, 0.33945063, 0.48815882, 0.69408846)
(0.59759271, 0.77369916, 0.43487155, 0.45461851, 0.44618946, 0.53379989, 0.40030149, 0.18548928, 0.53906238, 0.71060908)
(0.37615404, 0.81154948, 0.57702023, 0.63175428, 0.34567139, 0.61948138, 0.62505156, 0.25138983, 0.59630585, 0.72110868)
(0.14854968, 0.88638252, 0.51573455, 0.72554964, 0.52350003, 0.66999811, 0.71990854, 0.23480475, 0.35229069, 0.72468358)
(0.30660060, 0.48797759, 0.76933599, 0.66870236, 0.49176776, 0.56887847, 0.80186605, 0.61078107, 0.47642660, 0.41121095)
(0.30562609, 0.60533899, 0.45697546, 0.66497904, 0.65675336, 0.42495504, 0.58291668, 0.37182987, 0.22774628, 0.51748437)
(0.25357190, 0.60279220, 0.83932030, 0.30461600, 0.59445900, 0.80148351, 0.84827006, 0.72449100, 0.75630182, 0.45187718)
(0.26170105, 0.88340729, 0.55745161, 0.57265395, 0.39819002, 0.71993154, 0.66212296, 0.22842951, 0.61669099, 0.76742691)
(0.41742545, 0.89578587, 0.55997044, 0.50472492, 0.33050308, 0.71029913, 0.57229882, 0.17312686, 0.70955276, 0.80878311)
(0.44650736, 0.78855455, 0.59559059, 0.77850550, 0.27788448, 0.49737632, 0.61150467, 0.20414501, 0.49341872, 0.71362603)
(0.45007464, 0.79489517, 0.54114246, 0.66229349, 0.31605899, 0.55057722, 0.56735551, 0.21543176, 0.56592602, 0.72669232)
(0.25540262, 0.94692278, 0.75608760, 0.91789824, 0.13651314, 0.64425099, 0.80245358, 0.09649170, 0.53991574, 0.83372420)
(0.41994181, 0.66094083, 0.77515125, 0.86683184, 0.26956877, 0.44708842, 0.76549470, 0.31072661, 0.41910493, 0.56513202)
(0.29914182, 0.47082469, 0.84096742, 0.80688167, 0.42778766, 0.51482081, 0.85481417, 0.58058941, 0.40962043, 0.36321735)
(0.38635430, 0.84336931, 0.42604002, 0.78289771, 0.37565830, 0.45191953, 0.51029241, 0.13544138, 0.32806242, 0.75843698)
(0.72648758, 0.49800178, 0.92417866, 0.65746075, 0.21712944, 0.56273937, 0.80479652, 0.50421798, 0.81570768, 0.41210720)
(0.39619222, 0.65942240, 0.48383474, 0.32800195, 0.66994375, 0.61567545, 0.53202778, 0.42050737, 0.51827925, 0.57637554)
(0.25431588, 0.82248700, 0.81916863, 0.71533841, 0.27771229, 0.74628806, 0.84599823, 0.38456893, 0.69958860, 0.66276693)
(0.52270699, 0.58584601, 0.77921170, 0.29019237, 0.50344038, 0.69563359, 0.70031452, 0.54563755, 0.76674438, 0.50975931)
(0.18363811, 0.85985178, 0.47795543, 0.62423521, 0.55234170, 0.67116642, 0.66518223, 0.26376686, 0.41016465, 0.71489191)
(0.33868811, 0.66818219, 0.51482248, 0.51138806, 0.54960376, 0.59435993, 0.60211432, 0.42108122, 0.49749976, 0.60317194)
(0.16453394, 0.70118827, 0.41767195, 0.49418485, 0.82337612, 0.57956642, 0.61947095, 0.42084795, 0.21392582, 0.51518637)
(0.44180417, 0.33228528, 0.83394223, 0.69057542, 0.43563768, 0.46902144, 0.81651390, 0.61348987, 0.48193207, 0.30943576)
(0.35871315, 0.50145811, 0.57939744, 0.75887775, 0.66257042, 0.29112041, 0.63749743, 0.34579337, 0.14048953, 0.41032773)
(0.28699085, 0.69073564, 0.42879862, 0.81237519, 0.65156299, 0.31067851, 0.55519146, 0.21664682, 0.10685565, 0.55518746)
(0.30227959, 0.86093175, 0.43652847, 0.31381115, 0.67059278, 0.72451597, 0.52130204, 0.26245481, 0.54645151, 0.72823370)
(0.74942476, 0.73404181, 0.61696404, 0.70101362, 0.52740604, 0.19116664, 0.44534412, 0.06077880, 0.15031762, 0.58616060)
(0.18175626, 0.83166063, 0.60083956, 0.68732786, 0.49383086, 0.67992687, 0.74975872, 0.32962155, 0.43798122, 0.67071682)
(0.16570701, 0.87279671, 0.36657542, 0.77942896, 0.62868690, 0.51642585, 0.60103655, 0.16727133, 0.17080113, 0.71233475)
(0.72715598, 0.43562475, 0.93918478, 0.75062335, 0.20029046, 0.50066143, 0.83084923, 0.50779539, 0.77233112, 0.36413202)
(0.29687816, 0.55279565, 0.64188397, 0.38199016, 0.64918494, 0.65646905, 0.70616907, 0.61809230, 0.55413693, 0.47561321)
(0.27173156, 0.62109047, 0.57192034, 0.45029458, 0.62885600, 0.64550018, 0.67707413, 0.54258960, 0.50383878, 0.53338796)
(0.16277914, 0.86436766, 0.63517123, 0.41230020, 0.58708721, 0.82186359, 0.75834852, 0.41187787, 0.65103614, 0.69595402)
(0.37904266, 0.82911175, 0.46104041, 0.77020013, 0.36522412, 0.47536874, 0.54662430, 0.15965110, 0.36657292, 0.74085402)
(0.54260540, 0.65089923, 0.63594377, 0.63427913, 0.34721267, 0.51604593, 0.59557533, 0.34389281, 0.59264076, 0.61715448)
(0.27620170, 0.85202873, 0.51223618, 0.53636700, 0.45932886, 0.69107735, 0.62348461, 0.25814235, 0.57419956, 0.74026793)
(0.58568484, 0.37822530, 0.85924941, 0.84757847, 0.29404491, 0.31369200, 0.78125250, 0.40249625, 0.40866295, 0.37295723)
(0.19379285, 0.69594461, 0.49734479, 0.43442398, 0.72762084, 0.66715294, 0.66610008, 0.49654344, 0.40741187, 0.55025190)
(0.37441447, 0.55545777, 0.60262805, 0.65577471, 0.50672466, 0.49243414, 0.66058177, 0.45473447, 0.40504682, 0.50933552)
(0.16775703, 0.96807510, 0.35062084, 0.82813334, 0.39667329, 0.61354715, 0.57608581, 0.05281260, 0.27732277, 0.87743449)
(0.42117026, 0.79605442, 0.46878079, 0.23387724, 0.70226717, 0.68680775, 0.47830746, 0.29836333, 0.57130694, 0.66094387)
(0.35524622, 0.60810316, 0.78503621, 0.82915372, 0.34101608, 0.49475729, 0.79708946, 0.41202244, 0.42467704, 0.50119960)
(0.15576689, 0.78848690, 0.61035103, 0.63432115, 0.58566642, 0.69457966, 0.76933968, 0.42379990, 0.41330749, 0.60922122)
(0.20698062, 0.98390955, 0.58499002, 0.88045204, 0.13636230, 0.72133118, 0.70686567, 0.03531860, 0.58218455, 0.92144233)
(0.49028730, 0.58322096, 0.67608851, 0.83542353, 0.46090305, 0.26294425, 0.65186584, 0.21642679, 0.18716092, 0.49564469)
(0.22970268, 0.47884664, 0.92851609, 0.20911013, 0.70631343, 0.83340359, 0.91156018, 0.84147930, 0.78047401, 0.29594046)
(0.25776714, 0.54652005, 0.82543534, 0.85100013, 0.48376527, 0.47468325, 0.84958380, 0.50277770, 0.28462684, 0.37766731)
(0.77933240, 0.33980435, 0.93519807, 0.82387143, 0.22343415, 0.33703309, 0.80506724, 0.43802106, 0.63252622, 0.30300987)
(0.26851898, 0.46753028, 0.71450371, 0.47023845, 0.63868523, 0.63336051, 0.77513754, 0.67993748, 0.49946758, 0.39806679)
(0.05348489, 0.58650440, 0.83970296, 0.25969926, 0.89713031, 0.86242360, 0.92718130, 0.86047912, 0.48464292, 0.27879810)
(0.16940121, 0.77474111, 0.71637219, 0.70351791, 0.48686296, 0.69891262, 0.82232338, 0.45139271, 0.46729505, 0.58857143)
(0.36323830, 0.59600759, 0.41902626, 0.66264182, 0.66645235, 0.36100674, 0.50521129, 0.30830893, 0.19036579, 0.53397518)
(0.42264003, 0.62788039, 0.59156334, 0.36593962, 0.56787717, 0.63728362, 0.60654855, 0.47430545, 0.61405408, 0.56720930)
(0.23921004, 0.64387172, 0.65789223, 0.66652864, 0.54791135, 0.59763652, 0.75616533, 0.49477375, 0.39982411, 0.51489073)
(0.14653043, 0.78441608, 0.41722959, 0.55626243, 0.76251686, 0.61985242, 0.64291263, 0.35602251, 0.24745025, 0.59921592)
(0.33689037, 0.63743848, 0.43882561, 0.33597481, 0.75543523, 0.58549362, 0.52937669, 0.42995572, 0.39864254, 0.53262591)
(0.21423255, 0.70828176, 0.62999475, 0.49131244, 0.58446950, 0.71257246, 0.74340743, 0.52280307, 0.54938620, 0.57443410)
(0.13837320, 0.72176224, 0.51556909, 0.48363197, 0.76013869, 0.68508381, 0.71955156, 0.51028037, 0.34225157, 0.53411633)
(0.42186320, 0.41417989, 0.89099741, 0.64158016, 0.35021642, 0.60764551, 0.86642367, 0.66527534, 0.67119312, 0.35780066)
(0.41117242, 0.70436299, 0.73798811, 0.40168324, 0.43363670, 0.73144329, 0.71915334, 0.48258528, 0.75841916, 0.60931540)
(0.13641082, 0.85747331, 0.66758674, 0.48887819, 0.57220930, 0.81578213, 0.79698765, 0.43717331, 0.61521518, 0.67524904)
(0.20487030, 0.88418704, 0.46882963, 0.54779667, 0.52824163, 0.71188974, 0.63149625, 0.23932007, 0.50484884, 0.75583816)
(0.15170908, 0.84402996, 0.39452121, 0.50188035, 0.72092038, 0.68209779, 0.62111127, 0.30581897, 0.33656132, 0.67794198)
(0.30868292, 0.64283901, 0.78750879, 0.75283915, 0.36414611, 0.59618890, 0.81286746, 0.47000638, 0.52465159, 0.51898360)
(0.32916865, 0.62293828, 0.66441149, 0.83415824, 0.45809639, 0.41197312, 0.72181624, 0.34980500, 0.26478311, 0.51395249)
(0.38033143, 0.36225298, 0.69114423, 0.76672220, 0.66097921, 0.26359236, 0.71674395, 0.42755908, 0.14758660, 0.29758537)
(0.24219705, 0.56838101, 0.73024505, 0.89113790, 0.54556477, 0.35262647, 0.80203420, 0.38405555, 0.14728126, 0.40603328)
(0.65506327, 0.83573300, 0.83176059, 0.59859222, 0.16288997, 0.69613051, 0.69359422, 0.22733140, 0.85829335, 0.74554020)
(0.24897438, 0.52622646, 0.86008400, 0.42976847, 0.53546548, 0.76279837, 0.87327862, 0.75408340, 0.71315795, 0.40364331)
(0.49684656, 0.23418224, 0.88910216, 0.74254936, 0.46623588, 0.36795869, 0.84727639, 0.61405957, 0.38833120, 0.21250483)
(0.07586847, 0.92391586, 0.43476444, 0.64022309, 0.70840639, 0.74501091, 0.72792023, 0.23671506, 0.27731752, 0.73958147)
(0.36370194, 0.64706820, 0.57774806, 0.58063889, 0.48055574, 0.57422799, 0.64045286, 0.42708814, 0.51100093, 0.58802146)
(0.32014233, 0.64818799, 0.74337834, 0.36128646, 0.53948289, 0.74229991, 0.75954711, 0.59210730, 0.71275580, 0.53971201)
(0.36573249, 0.91022724, 0.37184963, 0.81779009, 0.32353517, 0.46407712, 0.47533372, 0.07303163, 0.31298441, 0.82507008)
(0.28033850, 0.71574396, 0.64494854, 0.75404578, 0.44422245, 0.55305618, 0.72936922, 0.36479712, 0.39204577, 0.58956444)
(0.48215279, 0.61447173, 0.90099639, 0.37604618, 0.35566500, 0.77499479, 0.83800489, 0.61596316, 0.86272252, 0.49374005)
(0.44034696, 0.68161088, 0.60058653, 0.86072743, 0.39467812, 0.27477446, 0.62313384, 0.15961261, 0.18164973, 0.60285163)
(0.63771337, 0.65803355, 0.36168405, 0.32847190, 0.68627572, 0.43999773, 0.33138826, 0.21906699, 0.33263600, 0.57991916)
(0.66482115, 0.56054688, 0.67410028, 0.61294252, 0.42707801, 0.40530112, 0.56556362, 0.31948122, 0.50864005, 0.50903529)
(0.42408156, 0.62202346, 0.44025823, 0.42508987, 0.61770666, 0.53806114, 0.50095898, 0.39107183, 0.45391878, 0.58052152)
(0.28117326, 0.94737506, 0.80001187, 0.80548853, 0.13374275, 0.76947063, 0.81455731, 0.13144326, 0.77438158, 0.83853751)
(0.53097516, 0.47725710, 0.51728797, 0.51795053, 0.73105973, 0.27339777, 0.50043678, 0.26685864, 0.16038479, 0.42843840)
(0.47575995, 0.64860165, 0.47936085, 0.52600938, 0.55064797, 0.49025184, 0.49646556, 0.33099172, 0.43405631, 0.60001493)
(0.20675075, 0.71043545, 0.80191749, 0.85850334, 0.43414208, 0.55228263, 0.84844518, 0.40972939, 0.32268766, 0.50094789)
(0.64983284, 0.54851145, 0.60755843, 0.52516603, 0.54416925, 0.37509868, 0.51752222, 0.29599431, 0.39515087, 0.48827764)
(0.21405351, 0.89400488, 0.66616666, 0.74427015, 0.32421243, 0.70934922, 0.76233327, 0.22930224, 0.56606686, 0.75527161)
(0.37540999, 0.68542719, 0.65559763, 0.88107216, 0.36999828, 0.36394203, 0.69625980, 0.24705872, 0.24778973, 0.58029008)
(0.14464624, 0.77182919, 0.61216038, 0.42631057, 0.68290496, 0.77302313, 0.76726049, 0.52839994, 0.53197843, 0.58534461)
(0.57128471, 0.61603773, 0.44472304, 0.42265940, 0.55780613, 0.48761961, 0.43622878, 0.32345966, 0.46979865, 0.58164644)
(0.18142931, 0.94638616, 0.27844205, 0.62010670, 0.57782924, 0.65809429, 0.48915386, 0.09266769, 0.32019120, 0.84387690)
(0.60851550, 0.48054996, 0.52499801, 0.41786557, 0.69588900, 0.33040848, 0.46924004, 0.30092490, 0.26790220, 0.44706061)
(0.35388049, 0.63736731, 0.58333367, 0.44765678, 0.54726034, 0.63682020, 0.64223790, 0.48701742, 0.57856107, 0.57431966)
(0.37550771, 0.52765775, 0.77481872, 0.77679467, 0.39188218, 0.48950550, 0.78231972, 0.48171777, 0.43928117, 0.45287916)
(0.19369666, 0.65282327, 0.44796962, 0.45218992, 0.79173267, 0.59575135, 0.62814087, 0.47799191, 0.28554875, 0.50267524)
(0.22549251, 0.62997675, 0.77516949, 0.35455769, 0.61519933, 0.77689534, 0.81957388, 0.68535447, 0.68539464, 0.48293599)
(0.40093336, 0.53201860, 0.78003770, 0.81484145, 0.37411729, 0.44048488, 0.77563018, 0.43478993, 0.39494991, 0.45538336)
(0.21480179, 0.94814485, 0.18912567, 0.79375827, 0.60814989, 0.44844699, 0.36660263, 0.04280453, 0.12414007, 0.85063773)
(0.77242762, 0.21180388, 0.91473627, 0.64670146, 0.43669087, 0.30673546, 0.77615136, 0.50844705, 0.52790588, 0.19185741)
(0.65323311, 0.62195820, 0.51370656, 0.54692435, 0.62843114, 0.27234265, 0.42852482, 0.15653303, 0.20294888, 0.55282211)
(0.23234352, 0.89466548, 0.64043260, 0.86800563, 0.29232094, 0.58732051, 0.74784333, 0.16449085, 0.38412255, 0.75454736)
(0.43466550, 0.74787199, 0.54764938, 0.37663314, 0.53483528, 0.66245288, 0.55379045, 0.35383910, 0.63142741, 0.66307080)
(0.67300755, 0.45268050, 0.80942494, 0.22322886, 0.57876045, 0.59996265, 0.64279211, 0.54538572, 0.72347713, 0.39178804)
(0.28558049, 0.76980835, 0.72896719, 0.53147179, 0.40955633, 0.74262750, 0.77041918, 0.44125709, 0.69781852, 0.63916165)
(0.24856372, 0.67141241, 0.54585296, 0.90966237, 0.61214030, 0.24509549, 0.67069340, 0.20537807, 0.06692836, 0.49913016)
(0.38987216, 0.68938017, 0.69240516, 0.62779582, 0.36678600, 0.61658508, 0.70830536, 0.40955693, 0.61674565, 0.61025041)
(0.21411037, 0.67773497, 0.53011107, 0.50384408, 0.66868436, 0.64106715, 0.68172187, 0.49030647, 0.40861857, 0.54966837)
(0.66874421, 0.71912247, 0.65829587, 0.75658435, 0.29318535, 0.39664152, 0.54645503, 0.19296691, 0.50119901, 0.64583260)
(0.46617699, 0.92026907, 0.55952805, 0.83856577, 0.15945648, 0.52477705, 0.56501436, 0.07400621, 0.55144441, 0.84630841)
(0.31779137, 0.76420468, 0.68118590, 0.30053854, 0.57507187, 0.78057069, 0.70509464, 0.47658187, 0.72606677, 0.62361676)
(0.06162611, 0.90696841, 0.61391187, 0.73771900, 0.63978887, 0.77044314, 0.84467810, 0.32886446, 0.30003831, 0.67787188)
(0.32319725, 0.41563556, 0.72628927, 0.78149885, 0.55300415, 0.38552004, 0.76934445, 0.51665515, 0.25818279, 0.35057038)
(0.48627019, 0.77812546, 0.42803261, 0.56796873, 0.41192684, 0.53074163, 0.45850012, 0.19978543, 0.50605738, 0.72228503)
(0.08115114, 0.85739493, 0.53002214, 0.48652169, 0.75308955, 0.78889072, 0.77569759, 0.43585724, 0.39078608, 0.63444513)
(0.26032493, 0.63456464, 0.80238551, 0.74315709, 0.40057334, 0.62699908, 0.84104937, 0.51772857, 0.51402265, 0.48922998)
(0.17121963, 0.65648383, 0.45576468, 0.21233813, 0.90390837, 0.69152027, 0.63001138, 0.53536934, 0.32361004, 0.43207967)
(0.64421761, 0.67940199, 0.59291703, 0.49886662, 0.39698938, 0.53528434, 0.49803424, 0.31234047, 0.64483833, 0.62468475)
(0.37207350, 0.59481150, 0.59543347, 0.30651131, 0.66091704, 0.65036517, 0.62950051, 0.53494167, 0.57897347, 0.51371986)
(0.08463468, 0.82166934, 0.50125945, 0.25560585, 0.88163453, 0.81408089, 0.74218130, 0.52090752, 0.39075848, 0.54868644)
(0.30153078, 0.90449530, 0.64117157, 0.58622795, 0.30633244, 0.75126165, 0.69322008, 0.20427510, 0.71315885, 0.79502392)
(0.36024901, 0.81408936, 0.68437034, 0.86533237, 0.25321984, 0.50415295, 0.72101659, 0.20223407, 0.42301896, 0.69803351)
(0.10052951, 0.53222555, 0.72552383, 0.60227281, 0.78931880, 0.66106290, 0.85989577, 0.71730459, 0.27354932, 0.33155560)
(0.69533050, 0.67043340, 0.68319196, 0.20810026, 0.52526683, 0.65224415, 0.51745164, 0.35977688, 0.75459677, 0.58374995)
(0.24880347, 0.86215919, 0.45027393, 0.60885602, 0.48988312, 0.64243597, 0.60057372, 0.21888228, 0.45738542, 0.74388146)
(0.22612919, 0.62348211, 0.76787001, 0.66583741, 0.49668145, 0.65427613, 0.82527465, 0.57996601, 0.50087434, 0.47946191)
(0.44178772, 0.21604757, 0.92112875, 0.80817884, 0.43511209, 0.36853263, 0.89486587, 0.65077674, 0.36612183, 0.18079554)
(0.66512978, 0.62774086, 0.59236723, 0.60681432, 0.57760316, 0.28063396, 0.47771746, 0.15918423, 0.22529539, 0.52256548)
(0.13381849, 0.76155561, 0.46699172, 0.49735439, 0.77058631, 0.67363387, 0.68937820, 0.44458944, 0.30589113, 0.56939000)
(0.40020916, 0.83011514, 0.55427140, 0.81081504, 0.28476879, 0.48626590, 0.60696572, 0.16276267, 0.42523918, 0.74035996)
(0.22813158, 0.68665528, 0.38826180, 0.54473931, 0.74842942, 0.52444386, 0.56434798, 0.36829796, 0.23951520, 0.55631977)
(0.20268883, 0.90782863, 0.41549847, 0.53164721, 0.55279237, 0.71209520, 0.58794278, 0.19357435, 0.47738704, 0.78672719)
(0.38068458, 0.64212942, 0.48823315, 0.60475057, 0.52333921, 0.50356340, 0.56929243, 0.37118813, 0.40949115, 0.59459811)
(0.20358576, 0.74136609, 0.72918904, 0.50874239, 0.52250183, 0.76142216, 0.80394799, 0.54122055, 0.63302797, 0.58242738)
(0.59788173, 0.61060363, 0.87014586, 0.66982812, 0.22089137, 0.59931695, 0.78201652, 0.43771631, 0.77126056, 0.53045750)
(0.38713840, 0.69243813, 0.87123102, 0.41213074, 0.35064572, 0.79471928, 0.83748132, 0.58259279, 0.84834486, 0.56589705)
(0.49868211, 0.52316725, 0.77987617, 0.87257516, 0.33154228, 0.31319517, 0.73806077, 0.31727150, 0.30349374, 0.46197119)
(0.37128535, 0.63472998, 0.79993463, 0.51626337, 0.38313797, 0.70225358, 0.79316252, 0.55444318, 0.73071933, 0.54397994)
(0.45816705, 0.42125481, 0.83671606, 0.85748386, 0.37101200, 0.33718520, 0.80184591, 0.43211856, 0.32104743, 0.36440825)
(0.53103936, 0.42870614, 0.61976570, 0.58122116, 0.71018124, 0.28234816, 0.57569689, 0.32684299, 0.18170699, 0.35755250)
(0.66982228, 0.64956892, 0.63440824, 0.63116056, 0.38583419, 0.43219987, 0.52400768, 0.27371374, 0.53709805, 0.58496237)
(0.55601615, 0.31973022, 0.64515680, 0.49084324, 0.79877216, 0.22039945, 0.57954264, 0.31726086, 0.13228174, 0.25982314)
(0.12236314, 0.79856032, 0.76946211, 0.75142676, 0.51958764, 0.71984446, 0.86765748, 0.46968058, 0.41900846, 0.56385404)
(0.17353448, 0.90386796, 0.63762140, 0.85792810, 0.35245946, 0.63146466, 0.77659351, 0.18603343, 0.35642043, 0.74634558)
(0.29541558, 0.66326720, 0.41571981, 0.57361346, 0.66069740, 0.50339818, 0.55364305, 0.36278957, 0.29791394, 0.57403219)
(0.29097143, 0.67572248, 0.46256438, 0.59117895, 0.60827690, 0.53599566, 0.59525812, 0.38164565, 0.35003710, 0.58719510)
(0.21626888, 0.63333809, 0.63874316, 0.29012766, 0.74497151, 0.73811525, 0.73740673, 0.63018626, 0.55832958, 0.48114195)
(0.68634033, 0.59570134, 0.90959984, 0.52496105, 0.24355222, 0.66577083, 0.78710157, 0.48146626, 0.85655427, 0.48782229)
(0.28944504, 0.69253761, 0.79567009, 0.81768066, 0.33233967, 0.57806569, 0.82596630, 0.40709794, 0.47488210, 0.54458618)
(0.12651123, 0.82379699, 0.52706540, 0.45572910, 0.70871156, 0.75947410, 0.73016477, 0.43395060, 0.45179802, 0.63304317)
(0.23425466, 0.64238167, 0.89340144, 0.59907329, 0.41720143, 0.76060104, 0.89873517, 0.65899009, 0.70283592, 0.45688531)
(0.75849080, 0.70245785, 0.81176883, 0.84034550, 0.21163560, 0.34968916, 0.63528877, 0.17419483, 0.53200847, 0.59140432)
(0.14065644, 0.55979478, 0.77761006, 0.72828519, 0.64806807, 0.62344629, 0.86776817, 0.65070832, 0.30333543, 0.36640537)
(0.14112814, 0.53037107, 0.79464471, 0.85624945, 0.65545493, 0.48468795, 0.87805289, 0.57368630, 0.16066796, 0.31673992)
(0.11928201, 0.70896101, 0.72671092, 0.64259875, 0.63365090, 0.72455025, 0.85192603, 0.59512609, 0.39976066, 0.48919323)
(0.20637231, 0.61937898, 0.58808583, 0.22400834, 0.83344996, 0.72053832, 0.69577569, 0.62041903, 0.48324928, 0.44480956)
(0.36143151, 0.62580800, 0.43275270, 0.44317362, 0.65941769, 0.54383427, 0.52717310, 0.40931383, 0.40665299, 0.56467426)
(0.27039394, 0.89531124, 0.89952463, 0.50769281, 0.22751868, 0.88467944, 0.88772744, 0.39421493, 0.90265989, 0.73323894)
(0.54458606, 0.63159287, 0.65432483, 0.79103386, 0.33631903, 0.36093211, 0.61656779, 0.24566978, 0.37484941, 0.59198320)
(0.56209069, 0.47648609, 0.84058398, 0.72912854, 0.29002225, 0.48751056, 0.76869643, 0.47710246, 0.61511672, 0.44403678)
(0.35870454, 0.49674922, 0.77243131, 0.45469189, 0.51712596, 0.65859568, 0.77884364, 0.65548277, 0.64633721, 0.43926740)
(0.47893757, 0.34686258, 0.85437173, 0.80663896, 0.38439679, 0.37328252, 0.81258708, 0.52008069, 0.40129599, 0.32168093)
(0.44715089, 0.65476745, 0.70458263, 0.27162990, 0.56934702, 0.71232724, 0.66533875, 0.50510985, 0.72157663, 0.55811024)
(0.37636319, 0.82546204, 0.66926736, 0.48240533, 0.37000239, 0.73381311, 0.67876095, 0.31781742, 0.73608577, 0.72046632)
(0.20278427, 0.66730911, 0.53901541, 0.21237843, 0.84561694, 0.73346245, 0.67014170, 0.57646328, 0.46549422, 0.47507384)
(0.13477089, 0.65981686, 0.63765585, 0.43637112, 0.73945057, 0.73914510, 0.79170293, 0.64883620, 0.45563903, 0.47970638)
(0.23507047, 0.68991882, 0.88954842, 0.61886328, 0.34620082, 0.77802730, 0.89964765, 0.62014157, 0.74455768, 0.51366109)
(0.16529803, 0.44252011, 0.86008620, 0.54281294, 0.63922256, 0.71761221, 0.90230471, 0.79973185, 0.51885027, 0.30733258)
(0.26576722, 0.61574769, 0.88599616, 0.79336172, 0.31665838, 0.64900500, 0.89392799, 0.56058514, 0.58442914, 0.45230716)
(0.08021780, 0.81897205, 0.80412453, 0.44305357, 0.63555372, 0.87511289, 0.90164304, 0.65041226, 0.66055959, 0.56383312)
(0.19676861, 0.61016643, 0.95766246, 0.54549730, 0.37297794, 0.84650826, 0.95381540, 0.79461205, 0.82869858, 0.38610157)
(0.50209343, 0.37303028, 0.83475995, 0.47703978, 0.45297593, 0.57622963, 0.78643900, 0.64154816, 0.64972836, 0.35392076)
(0.16384189, 0.77919185, 0.69640315, 0.52352720, 0.54723895, 0.77516711, 0.80735660, 0.51253700, 0.59566158, 0.60419661)
(0.21148507, 0.62217796, 0.67025697, 0.61356306, 0.59368837, 0.63478023, 0.77589405, 0.56199509, 0.41802844, 0.48474717)
(0.24463727, 0.66170835, 0.50809026, 0.40716788, 0.69747609, 0.65335089, 0.64499414, 0.50360197, 0.45756218, 0.54550558)
(0.48945278, 0.69248325, 0.75876755, 0.48639333, 0.34502468, 0.68519592, 0.70850790, 0.43062904, 0.76433617, 0.61501622)
(0.20944230, 0.64122295, 0.72971916, 0.38390800, 0.63106531, 0.76006776, 0.80187589, 0.65974522, 0.63307774, 0.49594641)
(0.60833180, 0.82777661, 0.55395359, 0.67557800, 0.26240727, 0.51710910, 0.48008326, 0.14794126, 0.60330641, 0.76234043)
(0.21763396, 0.77156007, 0.61470443, 0.66003639, 0.50055397, 0.65297806, 0.73884231, 0.38608551, 0.45335215, 0.62531137)
(0.15674064, 0.92062330, 0.32777238, 0.90917641, 0.59095770, 0.37239763, 0.56814909, 0.06852084, 0.07142462, 0.75869066)
(0.22673360, 0.57909745, 0.68308175, 0.38831064, 0.67308694, 0.71077418, 0.76760519, 0.66633129, 0.55974722, 0.46142003)
(0.45937389, 0.62508452, 0.82118303, 0.62267482, 0.30567056, 0.63786292, 0.78036237, 0.48651949, 0.71542513, 0.54268980)
(0.42335609, 0.41425774, 0.85530072, 0.21814126, 0.65706670, 0.69815910, 0.79250801, 0.70862955, 0.71379989, 0.32655826)
(0.28646559, 0.67212963, 0.58937675, 0.72501314, 0.51617807, 0.51698709, 0.68920493, 0.38277459, 0.33888870, 0.56148541)
(0.49729022, 0.76425636, 0.44765908, 0.71710813, 0.39061493, 0.42697823, 0.46755803, 0.17807975, 0.37842777, 0.70848656)
(0.35687608, 0.38790274, 0.92440730, 0.81857544, 0.32324284, 0.54644579, 0.90822482, 0.66342127, 0.54881454, 0.29916105)
(0.54667479, 0.69317025, 0.48999304, 0.49331892, 0.44343269, 0.53347290, 0.47301820, 0.28523213, 0.55934131, 0.66042143)
(0.31257865, 0.71087462, 0.40290377, 0.42238110, 0.69787133, 0.58379453, 0.51951838, 0.35576868, 0.38668764, 0.60553014)
(0.31837901, 0.75135964, 0.49539310, 0.89318919, 0.48208690, 0.28528944, 0.59616685, 0.15169007, 0.11435252, 0.62697786)
(0.18022400, 0.75139862, 0.59748846, 0.34088203, 0.70772535, 0.77071810, 0.73240179, 0.53675884, 0.56826729, 0.57643306)
(0.23892654, 0.98050594, 0.45908290, 0.87933052, 0.18228874, 0.63409358, 0.60175931, 0.03054038, 0.44595236, 0.91823906)
(0.74091595, 0.35704815, 0.73785847, 0.42878649, 0.64330977, 0.31292674, 0.57981002, 0.36579901, 0.37190428, 0.29930210)
(0.74081028, 0.61569405, 0.60492951, 0.41396412, 0.51171297, 0.46447247, 0.46029612, 0.31283388, 0.56475097, 0.51556498)
(0.38166717, 0.73335570, 0.36664203, 0.60298240, 0.54908252, 0.48073453, 0.46552956, 0.24142210, 0.34652829, 0.67302358)
(0.51150000, 0.82562399, 0.77566516, 0.45010534, 0.27351138, 0.75783926, 0.70326030, 0.30992875, 0.84231883, 0.72660464)
(0.25697911, 0.70288891, 0.81958687, 0.69063199, 0.35744208, 0.70055473, 0.84966075, 0.50937122, 0.63075739, 0.54616404)
(0.56326383, 0.59015292, 0.74537921, 0.78476125, 0.28879985, 0.41888466, 0.67838484, 0.33124796, 0.49623227, 0.55229867)
(0.29926994, 0.65165383, 0.65248841, 0.36448053, 0.60357583, 0.70958614, 0.70810199, 0.55831581, 0.62953109, 0.54720426)
(0.33011109, 0.95503163, 0.49391368, 0.80479771, 0.20314910, 0.61704469, 0.57798260, 0.06093273, 0.54021376, 0.87907231)
(0.55163175, 0.67428094, 0.60802531, 0.27533638, 0.56251770, 0.64678061, 0.53796899, 0.38986897, 0.67890912, 0.59808242)
(0.48026934, 0.84346145, 0.84060007, 0.47784999, 0.25527519, 0.79525059, 0.76768196, 0.33616382, 0.86595142, 0.71752799)
(0.13629910, 0.79344112, 0.43494824, 0.79581559, 0.73494309, 0.46395484, 0.66990435, 0.25731033, 0.11092065, 0.57775700)
(0.72307855, 0.54399210, 0.95200682, 0.91624272, 0.11007176, 0.38921878, 0.85716778, 0.32168776, 0.65654474, 0.44352502)
(0.18606612, 0.86178488, 0.52179772, 0.70919514, 0.49923217, 0.64626288, 0.69732487, 0.24946091, 0.38276765, 0.71140927)
(0.17362192, 0.91909122, 0.69831640, 0.75078917, 0.30822563, 0.75754678, 0.80237889, 0.21905820, 0.59768289, 0.77444386)
(0.45073953, 0.22705169, 0.78582686, 0.66753739, 0.71761841, 0.27156031, 0.75659275, 0.54823899, 0.18533471, 0.18220209)
(0.23418051, 0.56839913, 0.82018912, 0.79985368, 0.45528907, 0.57187092, 0.85984462, 0.55468082, 0.39340633, 0.41353840)
(0.23283985, 0.53856546, 0.57159770, 0.82389635, 0.72197855, 0.30182129, 0.70057756, 0.36663714, 0.09363959, 0.38094848)
(0.37811249, 0.62190628, 0.66473001, 0.31537682, 0.59961015, 0.69124389, 0.67636102, 0.54477501, 0.65638953, 0.53281111)
(0.26837444, 0.76952469, 0.43894562, 0.46590659, 0.63915718, 0.63578278, 0.57096273, 0.34474316, 0.44009849, 0.65469801)
(0.44569352, 0.44786790, 0.69732386, 0.75514805, 0.54191655, 0.33634791, 0.68878752, 0.42073616, 0.25959286, 0.38923189)
(0.31975043, 0.74004549, 0.62780505, 0.65474755, 0.42904231, 0.60915273, 0.68642277, 0.36700410, 0.52036661, 0.63722324)
(0.15792255, 0.84347665, 0.58591324, 0.62767595, 0.54691070, 0.71916211, 0.74873579, 0.35170361, 0.46021324, 0.67761964)
(0.45120525, 0.77180481, 0.49380922, 0.66037911, 0.35321307, 0.51734138, 0.53286332, 0.21895842, 0.50843370, 0.71181506)
(0.15223682, 0.91160309, 0.26722768, 0.55707884, 0.75367057, 0.62349117, 0.49653563, 0.14645126, 0.21509479, 0.75946701)
(0.62801868, 0.73789650, 0.45053828, 0.32359439, 0.52904457, 0.56253046, 0.39526674, 0.22500265, 0.56680578, 0.66337216)
(0.14376834, 0.79088640, 0.60314709, 0.33193737, 0.73970634, 0.80052638, 0.75480306, 0.53162372, 0.55705625, 0.58590865)
(0.36329475, 0.52900231, 0.53130013, 0.73858041, 0.71370429, 0.25791380, 0.59200519, 0.27536607, 0.10275746, 0.42336443)
(0.42890716, 0.77636784, 0.50427210, 0.58354789, 0.38947845, 0.57369179, 0.54703325, 0.25155425, 0.55893242, 0.71067160)
(0.38325900, 0.25956804, 0.94022095, 0.82575661, 0.36072731, 0.46730673, 0.92419922, 0.69955879, 0.46640390, 0.20130597)
(0.08881667, 0.78894883, 0.75254643, 0.45136559, 0.67257339, 0.84338337, 0.87432069, 0.64196157, 0.58750945, 0.54822642)
(0.17112479, 0.71768987, 0.64437205, 0.51507282, 0.62023145, 0.72565722, 0.77548039, 0.54481381, 0.50270349, 0.55618620)
(0.14709920, 0.76220489, 0.70985287, 0.50720066, 0.58480120, 0.78294098, 0.82288206, 0.56063700, 0.58298701, 0.57681048)
(0.57299840, 0.31265199, 0.88364339, 0.78166270, 0.33961865, 0.37450120, 0.80999464, 0.52401006, 0.48685247, 0.31093895)
(0.72757876, 0.62593549, 0.63547516, 0.51689184, 0.48097962, 0.41011488, 0.48905513, 0.26025230, 0.49211141, 0.52405703)
(0.28595829, 0.70113957, 0.62843418, 0.63755625, 0.48034072, 0.61357027, 0.71039414, 0.42611399, 0.48734075, 0.59230441)
(0.21683812, 0.73307550, 0.75773674, 0.61066765, 0.44495970, 0.73138046, 0.82297069, 0.51350504, 0.61365604, 0.57478833)
(0.29300746, 0.77298659, 0.35180467, 0.82239491, 0.63581324, 0.31363547, 0.47679266, 0.14775862, 0.10086718, 0.64586997)
(0.17483975, 0.68427855, 0.83147919, 0.78800035, 0.44828200, 0.66586810, 0.88240361, 0.54211169, 0.44694504, 0.47569007)
(0.20523609, 0.91411418, 0.64037865, 0.39157507, 0.50778228, 0.84220850, 0.72423345, 0.29800907, 0.72631699, 0.77602428)
(0.25418764, 0.69011617, 0.49923158, 0.51110852, 0.62990493, 0.61802566, 0.63729286, 0.43988514, 0.42792901, 0.58465141)
(0.20958145, 0.88643545, 0.30798486, 0.82989603, 0.60653752, 0.40896997, 0.51062644, 0.09844361, 0.11828810, 0.74083263)
(0.46707484, 0.67311120, 0.49097130, 0.54209799, 0.46887401, 0.52751911, 0.51875168, 0.33107552, 0.51150668, 0.63950497)
(0.57023990, 0.64874375, 0.65186286, 0.39178860, 0.44310394, 0.62115824, 0.57898802, 0.39693227, 0.70192105, 0.60045391)
(0.44480172, 0.44981205, 0.90616363, 0.58169442, 0.34330466, 0.65147567, 0.86880457, 0.67026365, 0.73713857, 0.37884080)
(0.57798356, 0.58154666, 0.91399038, 0.69424236, 0.19331093, 0.62242365, 0.84045750, 0.48956946, 0.79566455, 0.49543464)
(0.40418074, 0.67910987, 0.63229674, 0.82528728, 0.36088336, 0.42052647, 0.66878873, 0.27620813, 0.33984005, 0.60057509)
(0.69716281, 0.67184383, 0.56080508, 0.45390067, 0.45640296, 0.49859157, 0.44109255, 0.28924146, 0.58734316, 0.59315920)
(0.73027694, 0.32847849, 0.76767558, 0.39763620, 0.61291093, 0.37328410, 0.60710907, 0.46562311, 0.48782593, 0.28012222)
(0.12824874, 0.80427563, 0.60849166, 0.65221184, 0.61684060, 0.70365244, 0.78715950, 0.42220581, 0.36955300, 0.60481471)
(0.69441932, 0.32676756, 0.81095237, 0.65013587, 0.49972001, 0.28309083, 0.68297446, 0.36525548, 0.38723692, 0.30103490)
(0.32703513, 0.50162596, 0.79167426, 0.60808253, 0.45553347, 0.62007916, 0.81039035, 0.63761145, 0.58149314, 0.43327546)
(0.10491128, 0.80151981, 0.50503039, 0.52213097, 0.76024014, 0.71683937, 0.74030459, 0.44469249, 0.31977132, 0.58773530)
(0.22137722, 0.94272482, 0.58149457, 0.85801727, 0.24465398, 0.63245547, 0.71389741, 0.09616248, 0.44421709, 0.82932603)
(0.40789872, 0.55940896, 0.59151793, 0.73726350, 0.47678453, 0.40353069, 0.64025491, 0.37350774, 0.32436708, 0.51868814)
(0.47129628, 0.70843625, 0.42843083, 0.34077057, 0.62361491, 0.58535099, 0.45481032, 0.30859956, 0.50216329, 0.62963396)
(0.72034764, 0.49856848, 0.72001970, 0.62665367, 0.51338923, 0.27787638, 0.57307571, 0.22356145, 0.32894689, 0.42313895)
(0.48102254, 0.75835574, 0.73428333, 0.66848600, 0.24819776, 0.61712486, 0.69849813, 0.30153492, 0.70502090, 0.67710996)
(0.45465100, 0.58472782, 0.62001771, 0.23708420, 0.67834067, 0.64509416, 0.59327328, 0.50972348, 0.61569899, 0.50194532)
(0.35849446, 0.28705469, 0.93916112, 0.57279968, 0.45312917, 0.64604855, 0.92346650, 0.79712498, 0.64170074, 0.21768662)
(0.73134655, 0.60932034, 0.91500503, 0.22061402, 0.36520091, 0.76021183, 0.75492060, 0.50863057, 0.90707058, 0.48003447)
(0.33723181, 0.51319730, 0.68527663, 0.63128799, 0.51313579, 0.54620725, 0.73211485, 0.55657095, 0.45960543, 0.45704421)
(0.53692305, 0.67499399, 0.65817422, 0.77454275, 0.29232976, 0.43816045, 0.61734825, 0.26954648, 0.48415527, 0.63268143)
(0.11028920, 0.80656070, 0.68128490, 0.68344212, 0.59946221, 0.73010129, 0.83555120, 0.46148172, 0.38411367, 0.58324152)
(0.31100273, 0.80253702, 0.85323960, 0.35086647, 0.39964569, 0.85285747, 0.83542717, 0.52824754, 0.86147469, 0.64001441)
(0.18818440, 0.84329790, 0.70773244, 0.91925621, 0.36256149, 0.51011395, 0.81094390, 0.21439521, 0.23364362, 0.64720124)
(0.57991511, 0.78355300, 0.48172325, 0.49026129, 0.38853887, 0.56225199, 0.44100407, 0.19592357, 0.60124499, 0.73076046)
(0.23649168, 0.83218718, 0.53127164, 0.70844805, 0.46411994, 0.61136371, 0.67229050, 0.25869024, 0.40687019, 0.69869387)
(0.30002999, 0.84481913, 0.72490537, 0.88475072, 0.24470158, 0.54580122, 0.77242160, 0.20199955, 0.42325518, 0.70311642)
(0.35717207, 0.72641337, 0.63243711, 0.87850887, 0.35551727, 0.39407128, 0.69145060, 0.22812758, 0.26258999, 0.61604959)
(0.22304474, 0.62006313, 0.83270478, 0.44419193, 0.51619786, 0.78345150, 0.86251611, 0.70524651, 0.71852839, 0.47595814)
(0.50736976, 0.38900629, 0.55686760, 0.44278529, 0.73616338, 0.33945572, 0.54359317, 0.40093610, 0.25612795, 0.35162148)
(0.39136741, 0.32297614, 0.90197080, 0.37490168, 0.57381928, 0.65817553, 0.86859059, 0.76264066, 0.65319932, 0.25435469)
(0.50815916, 0.55197549, 0.90375066, 0.87659216, 0.19483565, 0.46325544, 0.85069042, 0.40599978, 0.55618870, 0.45966512)
(0.53014827, 0.63435578, 0.85256720, 0.22265908, 0.49031213, 0.77064073, 0.75845164, 0.56787288, 0.84502780, 0.51346058)
(0.26023465, 0.83175421, 0.60029632, 0.80120021, 0.37593505, 0.56995994, 0.71027201, 0.23624393, 0.38620511, 0.69590908)
(0.31545341, 0.67033470, 0.51196605, 0.42803454, 0.61609828, 0.63349801, 0.60825968, 0.45439416, 0.51351869, 0.58623010)
(0.11567879, 0.81566942, 0.45899504, 0.66297376, 0.73440677, 0.62373966, 0.70472527, 0.33991772, 0.21546939, 0.61101919)
(0.46574795, 0.60205913, 0.75968480, 0.44578597, 0.41497341, 0.67105299, 0.72228748, 0.52412939, 0.73357791, 0.54025286)
(0.40143111, 0.76152891, 0.52112788, 0.60970342, 0.39291632, 0.56900537, 0.57768190, 0.27268842, 0.54094303, 0.69137037)
(0.20991346, 0.79825014, 0.53806919, 0.57979661, 0.55860400, 0.67376363, 0.68603349, 0.36123678, 0.46398872, 0.66016454)
(0.31955120, 0.56965488, 0.88762385, 0.32206735, 0.51756716, 0.79877627, 0.86589277, 0.73115897, 0.80749613, 0.43139485)
(0.59806126, 0.39601365, 0.76624644, 0.75603777, 0.46954602, 0.25398207, 0.68603623, 0.28802371, 0.26814240, 0.37442815)
(0.33867913, 0.67939317, 0.54209644, 0.86944079, 0.52182227, 0.28050816, 0.61972332, 0.19804356, 0.12329490, 0.55909693)
(0.62811887, 0.75903875, 0.53348452, 0.71774751, 0.62760299, 0.28650373, 0.41113400, 0.11842158, 0.15615872, 0.56882060)
(0.13579549, 0.73630083, 0.38052356, 0.44455570, 0.85429716, 0.61715281, 0.61679280, 0.41294038, 0.20860556, 0.52888960)
(0.74549145, 0.48582444, 0.88137525, 0.79818070, 0.23204309, 0.38588440, 0.73093539, 0.37099773, 0.62992740, 0.42902768)
(0.25443441, 0.90720618, 0.39089221, 0.47527954, 0.55921203, 0.70388675, 0.52731961, 0.17778334, 0.50143558, 0.79811180)
(0.54184026, 0.47399071, 0.79679155, 0.54627120, 0.37690321, 0.56180656, 0.73282337, 0.54885691, 0.67968816, 0.45656806)
(0.16412731, 0.97397804, 0.28420383, 0.66825426, 0.49159607, 0.70303494, 0.49651960, 0.05433008, 0.36256975, 0.89634675)
(0.20353091, 0.64873469, 0.65235603, 0.51880229, 0.60822964, 0.69014013, 0.76545936, 0.58353972, 0.49914405, 0.51849794)
(0.67248827, 0.48721325, 0.77495217, 0.73611635, 0.37247297, 0.33645535, 0.65843505, 0.30914000, 0.45345926, 0.44398341)
(0.27994412, 0.68141216, 0.42400911, 0.78354871, 0.66606426, 0.34028551, 0.56015134, 0.24527259, 0.12427575, 0.54621387)
(0.35964274, 0.80704778, 0.47043085, 0.90675384, 0.49044594, 0.23076698, 0.53461051, 0.08195410, 0.07874750, 0.67040664)
(0.22093359, 0.81058156, 0.75594395, 0.76112825, 0.34761703, 0.68828732, 0.82136965, 0.36714295, 0.54679745, 0.64504921)
(0.57556319, 0.79918867, 0.87881243, 0.92538834, 0.09237261, 0.46655819, 0.80168462, 0.17159392, 0.61072034, 0.69475180)
(0.11940395, 0.93044633, 0.36532459, 0.74846745, 0.61282659, 0.63668245, 0.63819551, 0.13917732, 0.22325708, 0.78385180)
(0.23957121, 0.79355693, 0.73647028, 0.74662334, 0.35649166, 0.67059606, 0.80395955, 0.36762181, 0.53989947, 0.63799077)
(0.29966524, 0.63709420, 0.69993222, 0.36011055, 0.58408427, 0.72418022, 0.74059069, 0.59042233, 0.66313356, 0.53110147)
(0.24769239, 0.63561749, 0.62759268, 0.45773116, 0.60832399, 0.68203992, 0.72570276, 0.57103753, 0.54207957, 0.53005725)
(0.84991330, 0.71938133, 0.65468591, 0.25090250, 0.48214647, 0.55834293, 0.39032525, 0.24776393, 0.72772962, 0.56634420)
(0.30879125, 0.73056918, 0.41218796, 0.58885705, 0.58886212, 0.53296757, 0.54527920, 0.30645671, 0.35242090, 0.64166075)
(0.32692054, 0.69248700, 0.71825886, 0.81657475, 0.35926604, 0.51503825, 0.76022142, 0.34830099, 0.40757647, 0.57112247)
(0.27929100, 0.85055542, 0.44131666, 0.59942526, 0.47909629, 0.62365270, 0.57617027, 0.21728574, 0.46575785, 0.74181139)
(0.31237349, 0.64914805, 0.58586556, 0.52619660, 0.53300261, 0.62283850, 0.66905808, 0.47630179, 0.52568585, 0.57205909)
(0.22111841, 0.84010726, 0.81358886, 0.71199393, 0.29387683, 0.76628011, 0.85293871, 0.38576829, 0.69332057, 0.67305630)
(0.25003275, 0.68021780, 0.62760329, 0.81936085, 0.52508932, 0.46401942, 0.73093152, 0.35161221, 0.23925032, 0.53352779)
(0.55442297, 0.78293502, 0.50059223, 0.45976424, 0.40838239, 0.59365344, 0.46558341, 0.22114845, 0.62574655, 0.72429562)
(0.52646357, 0.76637995, 0.43455121, 0.45171306, 0.47659627, 0.56260407, 0.43487516, 0.22072664, 0.54056954, 0.70395786)
(0.61425936, 0.67708319, 0.55040956, 0.33450791, 0.50588149, 0.58572865, 0.47310448, 0.32474172, 0.63805819, 0.62160462)
(0.11733398, 0.61089051, 0.76163232, 0.71467698, 0.67608631, 0.65523058, 0.86994129, 0.64155495, 0.29321876, 0.38849998)
(0.43075937, 0.50433826, 0.79062331, 0.82961172, 0.37651968, 0.39639062, 0.77179092, 0.41963181, 0.36117467, 0.43318820)
(0.51983541, 0.53474188, 0.80157530, 0.77220398, 0.28762963, 0.46369663, 0.74876130, 0.41452783, 0.54127669, 0.49561599)
(0.42068049, 0.46788797, 0.73067796, 0.21984015, 0.71792489, 0.64111298, 0.67679524, 0.61631340, 0.62429696, 0.38498628)
(0.33507338, 0.67430282, 0.54958677, 0.43325469, 0.57441920, 0.64713311, 0.62377930, 0.45660836, 0.56048006, 0.59518290)
(0.64036673, 0.45983592, 0.62292248, 0.52397174, 0.63921905, 0.28117147, 0.53279746, 0.26258108, 0.24910384, 0.41187966)
(0.66192925, 0.68079144, 0.75472498, 0.49406528, 0.32394427, 0.61593962, 0.61821622, 0.35716692, 0.76837498, 0.59903890)
(0.53441465, 0.39685813, 0.90733206, 0.75830406, 0.27352461, 0.50289810, 0.84785169, 0.57334942, 0.63668114, 0.36199006)
(0.44677946, 0.74135894, 0.50168401, 0.67358577, 0.37946239, 0.49614844, 0.54206449, 0.24658793, 0.47245815, 0.68611854)
(0.17347132, 0.59510791, 0.72393608, 0.65164989, 0.62509829, 0.64266109, 0.82203084, 0.62242490, 0.37854609, 0.43359643)
(0.52397454, 0.55057549, 0.78903884, 0.82492626, 0.27600774, 0.40530354, 0.73718178, 0.35363388, 0.46400905, 0.50965905)
(0.15957795, 0.92490792, 0.36439171, 0.83926010, 0.53062302, 0.52843827, 0.60507584, 0.10347124, 0.17525147, 0.78717202)
(0.66853440, 0.88086838, 0.54852080, 0.71739322, 0.21197850, 0.50677758, 0.43615130, 0.09142432, 0.61568487, 0.80957592)
(0.30428830, 0.61012506, 0.69596952, 0.18960370, 0.75734860, 0.74090946, 0.71184379, 0.62224030, 0.63757813, 0.45767236)
(0.41592935, 0.57002836, 0.62505639, 0.67301041, 0.44714755, 0.48934498, 0.65523338, 0.42805690, 0.44953197, 0.53253651)
(0.36148506, 0.73548579, 0.48522699, 0.52973527, 0.50219488, 0.59287184, 0.56470966, 0.33148986, 0.51271027, 0.66296011)
(0.60620534, 0.64753342, 0.83914626, 0.27494478, 0.42163885, 0.73676157, 0.71648210, 0.49372354, 0.84374720, 0.54142469)
(0.31558889, 0.72013605, 0.53004259, 0.50745863, 0.56075549, 0.62438494, 0.61496991, 0.39371660, 0.50250322, 0.62486464)
(0.22815995, 0.72282076, 0.58390880, 0.61995310, 0.55554318, 0.63012743, 0.71424103, 0.42621878, 0.42529944, 0.58962822)
(0.50475740, 0.46634430, 0.92941183, 0.87859344, 0.19993633, 0.45821705, 0.88165694, 0.47228006, 0.56448442, 0.38415688)
(0.64133382, 0.39592370, 0.91904277, 0.38843000, 0.35967690, 0.64569426, 0.82459766, 0.64878404, 0.82258004, 0.35323989)
(0.21702115, 0.69475198, 0.56893224, 0.48121542, 0.63778871, 0.67907315, 0.70177561, 0.50318038, 0.48316976, 0.56488138)
(0.26733920, 0.67547202, 0.62553328, 0.53533661, 0.53856635, 0.66112304, 0.71541846, 0.49642709, 0.53652960, 0.56945121)
(0.37147203, 0.78872722, 0.50657606, 0.30333102, 0.63567317, 0.70182848, 0.54317218, 0.34132838, 0.60195220, 0.66973376)
(0.20828620, 0.96461827, 0.37352505, 0.86133015, 0.32670832, 0.56568915, 0.56923491, 0.04770308, 0.28178331, 0.87659371)
(0.23595713, 0.76711613, 0.53362375, 0.51266372, 0.56969136, 0.67930144, 0.66649878, 0.39699957, 0.50844777, 0.64471853)
(0.67087692, 0.76715809, 0.51724565, 0.50466859, 0.39671806, 0.51536578, 0.41522041, 0.19503932, 0.58361059, 0.68870103)
(0.13731267, 0.65978199, 0.69853938, 0.50955892, 0.66940272, 0.74221277, 0.82510966, 0.65753943, 0.48062932, 0.48055807)
(0.65883255, 0.20826451, 0.85710174, 0.56773853, 0.55186075, 0.32602963, 0.74544901, 0.54789114, 0.40201700, 0.20588884)
(0.31201875, 0.91266727, 0.49265793, 0.80066371, 0.30444348, 0.56236631, 0.59082043, 0.10979894, 0.42402440, 0.81315720)
(0.16835698, 0.42759311, 0.86700356, 0.52705389, 0.64971644, 0.71892965, 0.90487528, 0.80703223, 0.52300161, 0.29388818)
(0.32051185, 0.81980896, 0.51325476, 0.50344187, 0.47099227, 0.67234147, 0.59997779, 0.28434640, 0.58420610, 0.71964222)
(0.47174785, 0.40500560, 0.56884199, 0.53559661, 0.72303706, 0.31032240, 0.57101107, 0.38051000, 0.20562555, 0.36173654)
(0.22117116, 0.74777931, 0.81147081, 0.61526471, 0.39555448, 0.76040590, 0.85218227, 0.52602637, 0.67827332, 0.57915670)
(0.19345587, 0.72444487, 0.61191666, 0.63698977, 0.61497593, 0.62750065, 0.73853862, 0.44126248, 0.37246680, 0.55845082)
(0.42246905, 0.87162799, 0.38998058, 0.48089984, 0.46629515, 0.62864560, 0.44189161, 0.15086274, 0.53636342, 0.78653264)
(0.49621731, 0.50905675, 0.92928189, 0.79157364, 0.22735023, 0.56828558, 0.87917680, 0.54879791, 0.68074954, 0.40326110)
(0.46320248, 0.58801490, 0.57858211, 0.73866218, 0.50351661, 0.34360144, 0.58992594, 0.28444758, 0.26052266, 0.53152025)
(0.40006527, 0.33917761, 0.77694207, 0.50464082, 0.60243958, 0.51635289, 0.76714593, 0.64979625, 0.46379960, 0.30446166)
(0.36067232, 0.65321648, 0.61611319, 0.41169077, 0.54247892, 0.66739184, 0.65739781, 0.49461201, 0.62442827, 0.57996911)
(0.66484094, 0.59824485, 0.73090464, 0.77328640, 0.34701732, 0.31976122, 0.61656576, 0.21567865, 0.39885211, 0.53269446)
(0.33123937, 0.94933665, 0.30431297, 0.74924749, 0.31839705, 0.55978316, 0.42913660, 0.04797190, 0.38864374, 0.87457824)
(0.35424972, 0.75705564, 0.71821785, 0.75332779, 0.29790708, 0.59924954, 0.74443310, 0.32912615, 0.56795341, 0.64843196)
(0.22434321, 0.86929238, 0.50938725, 0.79795611, 0.43192109, 0.56437629, 0.66784132, 0.18535891, 0.32044467, 0.73151034)
(0.26349941, 0.89292347, 0.39207837, 0.76196110, 0.45695111, 0.53243440, 0.54900068, 0.12885971, 0.30007702, 0.78046906)
(0.38041976, 0.43616527, 0.87315065, 0.53952265, 0.40906942, 0.66193175, 0.86080849, 0.69803196, 0.69732833, 0.37383315)
(0.48786655, 0.35193563, 0.88514036, 0.73945409, 0.33443743, 0.48609322, 0.84411603, 0.60301197, 0.56807137, 0.32646042)
(0.43216005, 0.35281834, 0.73623353, 0.78675258, 0.60459524, 0.24438395, 0.73256618, 0.38582519, 0.16069365, 0.29832789)
(0.26833671, 0.60385287, 0.56965095, 0.41131628, 0.66446126, 0.65046453, 0.67601085, 0.56613016, 0.50219500, 0.51324314)
(0.35859373, 0.87808806, 0.33154157, 0.47791246, 0.56167531, 0.61405814, 0.42314777, 0.14328521, 0.43581536, 0.77754176)
(0.42578599, 0.61385649, 0.74577141, 0.79939532, 0.33057836, 0.47502568, 0.73692930, 0.37776318, 0.45647132, 0.53812373)
(0.49106547, 0.59900743, 0.59533525, 0.70545441, 0.39673519, 0.43347415, 0.59649777, 0.34289658, 0.43504807, 0.57902634)
(0.31819224, 0.71147817, 0.44764248, 0.55674344, 0.57255858, 0.55996591, 0.56618744, 0.34770119, 0.41009539, 0.63149083)
(0.50448716, 0.74760062, 0.52264315, 0.51045847, 0.39544365, 0.58272386, 0.51979083, 0.26876700, 0.61174089, 0.69719142)
(0.17355406, 0.61065698, 0.66209233, 0.59113663, 0.66577387, 0.64738148, 0.78744817, 0.60316211, 0.37468180, 0.45594096)
(0.36557180, 0.67828375, 0.65098083, 0.71340978, 0.39046225, 0.54450256, 0.69663990, 0.37237141, 0.48225719, 0.59401298)
(0.27727091, 0.55650896, 0.76588696, 0.26288235, 0.68939096, 0.74335742, 0.78290063, 0.69534451, 0.66552645, 0.43016535)
(0.57578236, 0.20605670, 0.89252520, 0.65751910, 0.47148582, 0.37511119, 0.82833374, 0.61568290, 0.44368926, 0.20103113)
(0.54861850, 0.51669657, 0.77571052, 0.67570251, 0.33491543, 0.50105029, 0.71116114, 0.46180478, 0.60095823, 0.48830584)
(0.24667284, 0.63112426, 0.80414838, 0.72321409, 0.42025423, 0.64539373, 0.84481394, 0.54818082, 0.52492952, 0.48374429)
(0.32115677, 0.72742236, 0.54604185, 0.50920713, 0.50877506, 0.64129061, 0.63064617, 0.38954723, 0.55361944, 0.63984835)
(0.31669968, 0.91672754, 0.65476483, 0.97075683, 0.17839809, 0.34621558, 0.71332145, 0.06100974, 0.18043508, 0.79497224)
(0.30779403, 0.58210820, 0.74119359, 0.56582987, 0.47449267, 0.65043724, 0.77851498, 0.58926135, 0.59394777, 0.49676645)
(0.67741436, 0.54030335, 0.79869276, 0.73575968, 0.28075975, 0.43252689, 0.67092156, 0.37593201, 0.61493868, 0.49699426)
(0.07331323, 0.96713644, 0.57318723, 0.62012321, 0.50259227, 0.85814506, 0.79538900, 0.17643040, 0.55622411, 0.83903438)
(0.19038630, 0.86098695, 0.31917912, 0.62358767, 0.68419284, 0.56957209, 0.53310043, 0.19193934, 0.23402065, 0.71617210)
(0.22396803, 0.85259664, 0.48602045, 0.46976590, 0.65663826, 0.69623846, 0.61105442, 0.28788930, 0.44626123, 0.69541132)
(0.31236881, 0.47224602, 0.82721967, 0.55672675, 0.46837571, 0.66051263, 0.84234440, 0.69236356, 0.62506562, 0.39918858)
(0.38226670, 0.61455661, 0.78552711, 0.85585010, 0.31078601, 0.45451081, 0.79050118, 0.36541200, 0.39800099, 0.51395690)
(0.73212504, 0.46606278, 0.86713964, 0.83924192, 0.27634513, 0.28018963, 0.73358202, 0.26249230, 0.45409077, 0.40391847)
(0.44677129, 0.47651428, 0.80027825, 0.84878540, 0.36658165, 0.35980052, 0.77493328, 0.40638801, 0.33485031, 0.41692063)
(0.30288383, 0.67692888, 0.83114380, 0.77959239, 0.30202469, 0.62784940, 0.84619135, 0.45834801, 0.58030605, 0.53420383)
(0.23170109, 0.79427844, 0.66889787, 0.86577648, 0.40032336, 0.51826763, 0.76606178, 0.26610991, 0.29002863, 0.62722182)
(0.37296599, 0.65927619, 0.95723969, 0.30752459, 0.33698013, 0.87419587, 0.92360049, 0.73285198, 0.92727101, 0.46820563)
(0.05471288, 0.97815084, 0.49423119, 0.70313716, 0.54976660, 0.84039348, 0.78099847, 0.11994618, 0.40706593, 0.86316103)
(0.74058044, 0.50850564, 0.81326544, 0.66273874, 0.31640461, 0.43291903, 0.64881998, 0.39033747, 0.65685570, 0.45195186)
(0.18989936, 0.64666641, 0.65676147, 0.83961815, 0.61188626, 0.45075247, 0.78064018, 0.40076998, 0.16743721, 0.46191558)
(0.65048522, 0.65945846, 0.54170585, 0.49834502, 0.45218915, 0.48939973, 0.45652974, 0.30124357, 0.55694079, 0.59936333)
(0.21764307, 0.73029023, 0.71863514, 0.36586946, 0.59592766, 0.78970128, 0.78557861, 0.58019370, 0.68567276, 0.57273781)
(0.27708632, 0.76002300, 0.68837893, 0.14370514, 0.77208799, 0.82274294, 0.70959961, 0.53527158, 0.70599413, 0.54326379)
(0.65055615, 0.76824820, 0.73941183, 0.58865088, 0.24537723, 0.61524582, 0.61137450, 0.26617688, 0.77100158, 0.68943238)
(0.49961525, 0.45638141, 0.52935594, 0.48702350, 0.62836438, 0.39852050, 0.53798056, 0.41349754, 0.34908503, 0.45301664)
(0.31003287, 0.67972463, 0.51193398, 0.31215790, 0.70721990, 0.67010152, 0.59874243, 0.46886668, 0.52244252, 0.56189024)
(0.17703997, 0.83736211, 0.81735498, 0.79350334, 0.31571570, 0.73557138, 0.87499350, 0.38398078, 0.57647079, 0.64135504)
(0.34609699, 0.71328676, 0.88739461, 0.89975643, 0.18903579, 0.55608869, 0.87589222, 0.35210326, 0.54006892, 0.55226713)
(0.31790453, 0.91874444, 0.60274130, 0.55663306, 0.31156820, 0.75420344, 0.65406710, 0.17304017, 0.71636462, 0.81911182)
(0.25130206, 0.55891079, 0.74363261, 0.81426513, 0.51509494, 0.48278224, 0.80807471, 0.49045393, 0.28028753, 0.42313734)
(0.18969491, 0.77478385, 0.69807279, 0.78290445, 0.46759638, 0.61883515, 0.80164719, 0.37943932, 0.37286729, 0.59161919)
(0.30356920, 0.69978547, 0.84821725, 0.79215354, 0.27287364, 0.64256656, 0.85712272, 0.44627786, 0.60807645, 0.54887539)
(0.21697219, 0.96035314, 0.56658506, 0.51130641, 0.36270991, 0.82749873, 0.67023271, 0.13169852, 0.72045517, 0.86716837)
(0.45589447, 0.63416827, 0.70603508, 0.73235625, 0.32663479, 0.50978452, 0.69506443, 0.37345922, 0.53110731, 0.57770133)
(0.25684860, 0.62217045, 0.76810271, 0.34442988, 0.60195142, 0.76305747, 0.80238593, 0.66476285, 0.69253969, 0.48802590)
(0.78829956, 0.36206335, 0.89741212, 0.72844964, 0.31239095, 0.33924535, 0.73933053, 0.40032768, 0.61114419, 0.31363732)
(0.19940555, 0.69284827, 0.50605279, 0.48376298, 0.69895184, 0.64875436, 0.67215723, 0.48398769, 0.39420962, 0.55463088)
(0.41569373, 0.87528813, 0.56114244, 0.65433252, 0.27859667, 0.62653977, 0.58797973, 0.16355801, 0.63157016, 0.79006290)
(0.85314780, 0.45699164, 0.79378539, 0.35591704, 0.53662729, 0.41213083, 0.55080295, 0.37707689, 0.62569296, 0.32995996)
(0.31713289, 0.77602983, 0.46874616, 0.50695169, 0.52888232, 0.62848884, 0.57323164, 0.31447375, 0.51077473, 0.68396264)
(0.28103831, 0.86547476, 0.50699174, 0.67303807, 0.39526695, 0.62761545, 0.62599248, 0.19992916, 0.49389598, 0.75218338)
(0.38459355, 0.86038691, 0.35938019, 0.62535232, 0.41965282, 0.54717910, 0.45471635, 0.13437681, 0.43482959, 0.77816129)
(0.17836514, 0.67564803, 0.57239199, 0.51631737, 0.68926245, 0.66636473, 0.73093081, 0.53349239, 0.39558604, 0.51996285)
(0.57701236, 0.84406698, 0.77520794, 0.85196269, 0.14272772, 0.51735896, 0.68161702, 0.14955741, 0.63760567, 0.75694251)
(0.53515851, 0.45873117, 0.95118976, 0.86576068, 0.17125328, 0.50969535, 0.90290272, 0.51644731, 0.66138154, 0.36643893)
(0.10957140, 0.77248180, 0.65681475, 0.15591693, 0.87941575, 0.85748851, 0.79689896, 0.64583868, 0.56328171, 0.48452488)
(0.22366634, 0.81549489, 0.76035643, 0.74781132, 0.33878806, 0.70227081, 0.82244724, 0.36848223, 0.57631367, 0.65280843)
(0.63772082, 0.72401321, 0.64283574, 0.80707860, 0.39656651, 0.28024673, 0.52401429, 0.12205002, 0.24756350, 0.62029076)
(0.27810186, 0.81003112, 0.41234288, 0.36753413, 0.69073731, 0.67496902, 0.53141338, 0.30935329, 0.46728495, 0.67944026)
(0.91146994, 0.43486977, 0.91450638, 0.14347045, 0.53042686, 0.58542591, 0.61605972, 0.51373273, 0.85766590, 0.26317567)
(0.24299541, 0.69649994, 0.61559916, 0.42429751, 0.60548019, 0.71435231, 0.71608639, 0.52718312, 0.58222073, 0.57438892)
(0.68918115, 0.45435062, 0.63321030, 0.37825844, 0.62133938, 0.40555906, 0.51367480, 0.40275231, 0.46523857, 0.40385151)
(0.43979925, 0.70251828, 0.83293414, 0.85497910, 0.20080517, 0.52521902, 0.80378723, 0.31957155, 0.56699997, 0.59429467)
(0.33991066, 0.71227103, 0.56643617, 0.25345182, 0.70004356, 0.71534199, 0.60893339, 0.46139655, 0.60481966, 0.57492030)
(0.20599566, 0.80488127, 0.38373289, 0.87500370, 0.66682458, 0.31832987, 0.57811540, 0.14406222, 0.07189580, 0.61239791)
(0.42491117, 0.78725970, 0.57715225, 0.90828598, 0.34249148, 0.30466637, 0.59595966, 0.13188420, 0.18695335, 0.67232215)
(0.24888030, 0.65535939, 0.48242936, 0.47667003, 0.68383425, 0.60516912, 0.62714499, 0.46927649, 0.39375567, 0.54882270)
(0.40091288, 0.37064448, 0.91368461, 0.81209260, 0.32504639, 0.50425017, 0.89012241, 0.62864530, 0.53084701, 0.30245048)
(0.47672167, 0.45074210, 0.88896435, 0.76783246, 0.29291308, 0.52313459, 0.84284228, 0.56040376, 0.60368443, 0.39152774)
(0.73093909, 0.52736264, 0.56809795, 0.31155947, 0.66769016, 0.40860832, 0.43162999, 0.32952467, 0.43494481, 0.43968815)
(0.19297744, 0.83503670, 0.34228745, 0.62716794, 0.68799627, 0.56133407, 0.55342150, 0.22430925, 0.23434794, 0.68628550)
(0.23499306, 0.78520083, 0.84534657, 0.71489322, 0.29888803, 0.74998236, 0.87109315, 0.45484737, 0.68973988, 0.60740674)
(0.25858429, 0.79868942, 0.76937169, 0.85667431, 0.29869959, 0.59067672, 0.81634754, 0.30255771, 0.44604787, 0.63444740)
(0.10874135, 0.88284576, 0.29481757, 0.85495353, 0.78525454, 0.39099228, 0.58496261, 0.11736518, 0.04916738, 0.65737998)
(0.24843995, 0.45153782, 0.57044601, 0.55974227, 0.79664516, 0.45301953, 0.67893910, 0.54330087, 0.21163131, 0.34026200)
(0.22402784, 0.82573533, 0.34022769, 0.48981187, 0.71454382, 0.61161041, 0.51654685, 0.25239110, 0.31259373, 0.68264610)
(0.23720595, 0.89386022, 0.43947402, 0.65645671, 0.45442119, 0.64102614, 0.60061008, 0.17062670, 0.43977243, 0.77626711)
(0.35709199, 0.72402680, 0.63830656, 0.80626327, 0.36464569, 0.48390639, 0.69002783, 0.28550667, 0.38207737, 0.62249899)
(0.67940497, 0.29604295, 0.90681064, 0.67163748, 0.32910869, 0.43825155, 0.80586571, 0.57870793, 0.65142065, 0.28468296)
(0.92966992, 0.85815924, 0.75477791, 0.56811124, 0.28617695, 0.37921333, 0.38438770, 0.06401911, 0.63614595, 0.63523078)
(0.71319616, 0.83861566, 0.40915117, 0.57546198, 0.41657794, 0.41949770, 0.31396148, 0.08719464, 0.40081480, 0.73498350)
(0.30945176, 0.84535056, 0.50557202, 0.81326902, 0.38866183, 0.49285424, 0.60982305, 0.16888037, 0.32184580, 0.73185498)
(0.30204391, 0.59325719, 0.60057956, 0.79573977, 0.56536853, 0.39456671, 0.68975961, 0.37043843, 0.21414603, 0.48308730)
(0.17734134, 0.66086543, 0.66875571, 0.80597436, 0.60746342, 0.51500767, 0.79202789, 0.44142830, 0.21326846, 0.47530583)
(0.16355738, 0.82473403, 0.56546801, 0.70096773, 0.54991090, 0.65596002, 0.74235678, 0.32953089, 0.36163718, 0.65248454)
(0.58399552, 0.82553041, 0.57826942, 0.54966444, 0.28292269, 0.60340035, 0.51215035, 0.17971137, 0.69314200, 0.76352668)
(0.33942589, 0.84895754, 0.71531761, 0.72953033, 0.24397917, 0.66843718, 0.74419540, 0.24210036, 0.66295958, 0.73107201)
(0.25637257, 0.86640948, 0.52085000, 0.57847488, 0.44644526, 0.69147795, 0.63927370, 0.24326663, 0.55726093, 0.74882084)
(0.65918171, 0.87894666, 0.74757183, 0.77860618, 0.12695970, 0.56953591, 0.61259127, 0.12068150, 0.75504208, 0.79732549)
(0.22892331, 0.47937620, 0.81523418, 0.52296054, 0.58440816, 0.68846595, 0.85448593, 0.73594391, 0.55923945, 0.37234512)
(0.89321530, 0.47418866, 0.76877016, 0.21557181, 0.63663739, 0.42277479, 0.46124026, 0.36473617, 0.63465929, 0.31462371)
(0.30512783, 0.96225721, 0.45492887, 0.57317215, 0.31196779, 0.74953395, 0.54458094, 0.07554885, 0.65409333, 0.88787615)
(0.10857637, 0.63609099, 0.55477506, 0.51717156, 0.83626717, 0.64583743, 0.76267749, 0.58921802, 0.23577477, 0.41976953)
(0.30741516, 0.65841228, 0.79559582, 0.76280600, 0.34486189, 0.60379589, 0.81960869, 0.45891061, 0.53716403, 0.52940971)
(0.36672300, 0.29232708, 0.68866038, 0.69909883, 0.79672015, 0.23895264, 0.70508158, 0.47898614, 0.10320400, 0.21217692)
(0.31460062, 0.69123268, 0.71364057, 0.84897721, 0.37560248, 0.47719944, 0.75935936, 0.33018422, 0.33927450, 0.56193429)
(0.19019563, 0.73118526, 0.60749942, 0.38658023, 0.67222703, 0.75137430, 0.73596907, 0.54143113, 0.56284827, 0.57269585)
(0.50492454, 0.35142839, 0.88352513, 0.50601417, 0.40861478, 0.59759086, 0.83539784, 0.67676687, 0.69073743, 0.32341608)
(0.16771506, 0.68389809, 0.64103305, 0.68727940, 0.64174098, 0.60333818, 0.77769035, 0.48621032, 0.29833278, 0.50070935)
(0.19668284, 0.75567538, 0.59941095, 0.69423538, 0.54741812, 0.62068504, 0.74344057, 0.39210200, 0.36612022, 0.59527999)
(0.20317842, 0.81101924, 0.38521406, 0.58091217, 0.66437405, 0.60007441, 0.58331388, 0.27948797, 0.30516395, 0.67122728)
(0.62708598, 0.78665352, 0.61611146, 0.70590919, 0.24952982, 0.49762246, 0.52751219, 0.18782732, 0.61768454, 0.72322536)
(0.79178542, 0.55439770, 0.79312837, 0.64129919, 0.37527907, 0.35964376, 0.59667057, 0.26443586, 0.55493188, 0.44935963)
(0.72384697, 0.23208442, 0.94054449, 0.76156235, 0.29679677, 0.36236346, 0.84206182, 0.57322550, 0.60762268, 0.22451442)
(0.14487658, 0.84929991, 0.67940146, 0.68538868, 0.47974741, 0.74374706, 0.81310141, 0.37501633, 0.49628958, 0.66526783)
(0.53203303, 0.49173433, 0.75686002, 0.73133469, 0.35848287, 0.42968166, 0.70208102, 0.42804262, 0.49009088, 0.47297192)
(0.16082315, 0.95497245, 0.67797387, 0.86305046, 0.23585512, 0.72057313, 0.79913479, 0.11555682, 0.50563246, 0.83324641)
(0.25615078, 0.65311033, 0.76318133, 0.50278544, 0.48662323, 0.73139489, 0.80942190, 0.60090065, 0.66128355, 0.53051728)
(0.12859750, 0.83980221, 0.62647909, 0.76991081, 0.54316968, 0.66323686, 0.80043358, 0.33372906, 0.31489259, 0.63520741)
(0.27217409, 0.54112387, 0.67085892, 0.56260580, 0.57071960, 0.61145210, 0.74780947, 0.60951716, 0.47849986, 0.46583441)
(0.45218563, 0.76101255, 0.43482020, 0.21624275, 0.74114293, 0.64687502, 0.44556475, 0.30069789, 0.50864983, 0.62220031)
(0.22276139, 0.70698833, 0.66198754, 0.62739342, 0.52096623, 0.66071332, 0.76502579, 0.47911379, 0.47883582, 0.56545520)
(0.82184064, 0.28236741, 0.91093802, 0.55721718, 0.47415677, 0.34102339, 0.71345884, 0.48716187, 0.56013954, 0.22302312)
(0.72792917, 0.55521178, 0.92191261, 0.60163009, 0.22036456, 0.60850102, 0.79395700, 0.48350161, 0.84321135, 0.44922739)
(0.23737104, 0.53775775, 0.66860390, 0.48643056, 0.64321196, 0.65253675, 0.75982076, 0.65225089, 0.48936906, 0.44697419)
(0.33739930, 0.57303554, 0.66913486, 0.26614657, 0.69040900, 0.68715692, 0.69006759, 0.60389674, 0.61284280, 0.47165474)
(0.43464503, 0.74427259, 0.61141914, 0.63779849, 0.33296272, 0.57930201, 0.62861115, 0.29513833, 0.60445499, 0.67477304)
(0.30257806, 0.76132417, 0.72042471, 0.65065897, 0.36015114, 0.67957443, 0.76381576, 0.39520538, 0.62780100, 0.63908798)
(0.33622739, 0.52239829, 0.84268320, 0.78862524, 0.36200523, 0.54623574, 0.84561509, 0.53933352, 0.49680522, 0.41649884)
(0.37196532, 0.45797119, 0.92927551, 0.84497231, 0.26945335, 0.55492222, 0.90750039, 0.60359347, 0.57696897, 0.34509569)
(0.41098723, 0.70897895, 0.60926747, 0.89204395, 0.34809157, 0.31654254, 0.64604765, 0.18807057, 0.21753857, 0.61935544)
(0.19181132, 0.86192179, 0.45160121, 0.82729220, 0.53568166, 0.49939337, 0.64529240, 0.17427342, 0.19744729, 0.70431894)
(0.45356938, 0.26055601, 0.85975766, 0.67873883, 0.50058645, 0.42605841, 0.83465654, 0.64005071, 0.41535345, 0.23263811)
(0.23352514, 0.61001581, 0.44652799, 0.61011112, 0.75017166, 0.46606618, 0.60539323, 0.41616237, 0.19719982, 0.48654342)
(0.71351355, 0.67537373, 0.77604055, 0.52798492, 0.30489647, 0.58348137, 0.60838479, 0.34163141, 0.77140272, 0.58057648)
(0.72211379, 0.62206835, 0.79019940, 0.61521643, 0.28589791, 0.52493167, 0.63130617, 0.36214924, 0.73216152, 0.54001915)
(0.30852428, 0.75677991, 0.49772727, 0.62258136, 0.50614721, 0.57522905, 0.60428208, 0.31439275, 0.43350264, 0.66068453)
(0.23615518, 0.62595862, 0.52825028, 0.63596708, 0.66278142, 0.52366251, 0.67041743, 0.45221314, 0.27768251, 0.50826275)
(0.24670488, 0.62188262, 0.82511932, 0.56852704, 0.44290948, 0.73052448, 0.85531908, 0.64248180, 0.66773576, 0.48714468)
(0.40018636, 0.85760504, 0.30038434, 0.44056705, 0.63347167, 0.56973147, 0.37627423, 0.13727006, 0.36155280, 0.74268806)
(0.22615480, 0.65949214, 0.49705181, 0.48174310, 0.69633645, 0.61885154, 0.65017909, 0.48652604, 0.38570580, 0.53987336)
(0.27560773, 0.52066398, 0.78395480, 0.73536098, 0.48475143, 0.55939525, 0.82156986, 0.57999074, 0.42363220, 0.41111159)
(0.56601155, 0.60921729, 0.62053323, 0.75790805, 0.66508758, 0.20055987, 0.53453654, 0.13766515, 0.09740786, 0.45515913)
(0.29926202, 0.47050563, 0.54069799, 0.73650080, 0.76031369, 0.28430575, 0.63324022, 0.38945150, 0.10170475, 0.35748237)
(0.24515821, 0.70810843, 0.46032628, 0.66243410, 0.63026410, 0.51530290, 0.61929101, 0.34695837, 0.27211848, 0.58644253)
(0.72532922, 0.63286978, 0.65527409, 0.55221802, 0.42131948, 0.43686652, 0.51058567, 0.28160885, 0.56254768, 0.54284567)
(0.03866582, 0.84176606, 0.58484226, 0.64149278, 0.85286027, 0.74884468, 0.85188812, 0.48244157, 0.16488221, 0.51782292)
(0.56532061, 0.54441917, 0.90518624, 0.83284616, 0.18310554, 0.49794829, 0.83617765, 0.42464969, 0.64790374, 0.47209877)
(0.24367760, 0.83588487, 0.65803581, 0.59776413, 0.39673501, 0.72885311, 0.74390978, 0.33198503, 0.63328803, 0.70005971)
(0.46980926, 0.59583867, 0.84024376, 0.91666031, 0.23495227, 0.34932616, 0.80211455, 0.29014876, 0.34739825, 0.50000751)
(0.51042265, 0.62067431, 0.37525654, 0.44074821, 0.65088469, 0.44992819, 0.40843910, 0.29638818, 0.33679980, 0.57871437)
(0.09052504, 0.75816453, 0.48228949, 0.53767920, 0.83603925, 0.66567516, 0.73554212, 0.47249052, 0.20846570, 0.51460069)
(0.57518965, 0.21802174, 0.86788189, 0.75040495, 0.51265126, 0.26449734, 0.79399830, 0.51112282, 0.29649755, 0.20992590)
(0.57885170, 0.79981631, 0.59716457, 0.74330163, 0.25206271, 0.48238191, 0.53576094, 0.17115423, 0.55719334, 0.73966563)
(0.39994895, 0.61622953, 0.63333470, 0.46957031, 0.48343986, 0.62885129, 0.65994352, 0.49159461, 0.62408304, 0.56926829)
(0.18663172, 0.60936075, 0.77256358, 0.66271162, 0.54478472, 0.67219013, 0.84484196, 0.62898928, 0.46571305, 0.45136860)
(0.75028491, 0.39614040, 0.79512781, 0.33676317, 0.53738761, 0.48607057, 0.61123180, 0.52556455, 0.65921319, 0.33009762)
(0.16357030, 0.94983268, 0.35546690, 0.66927004, 0.52468830, 0.68455166, 0.57157773, 0.10548509, 0.35999864, 0.84189111)
(0.24428563, 0.71512103, 0.56407982, 0.43635848, 0.61848497, 0.69564915, 0.68143463, 0.47971845, 0.54059350, 0.59231943)
(0.25805524, 0.94994497, 0.48411897, 0.72448421, 0.28587574, 0.68336296, 0.60995150, 0.08939940, 0.55282408, 0.86107403)
(0.06033535, 0.64137089, 0.73751903, 0.38348719, 0.85515493, 0.81720084, 0.88905180, 0.78461152, 0.40847051, 0.36772993)
(0.20470600, 0.66958255, 0.55486190, 0.68467391, 0.64976251, 0.53903645, 0.70678586, 0.42986882, 0.26072258, 0.52099282)
(0.32173476, 0.62587076, 0.76927304, 0.58275342, 0.41939008, 0.66872424, 0.79101908, 0.55088979, 0.63854831, 0.52758008)
(0.44230333, 0.67414707, 0.52206439, 0.47159541, 0.49610046, 0.58594507, 0.55156904, 0.37920752, 0.56869012, 0.63163304)
(0.69689202, 0.84072822, 0.73566842, 0.75959200, 0.15875174, 0.53511053, 0.58197832, 0.15134442, 0.72949988, 0.75738704)
(0.57397962, 0.59334481, 0.64792013, 0.59421939, 0.41107070, 0.49287662, 0.57908148, 0.38262209, 0.56259823, 0.56108195)
(0.32288614, 0.50847340, 0.90968704, 0.66942519, 0.33379263, 0.68481171, 0.89996672, 0.68846720, 0.70555466, 0.39668080)
(0.24319455, 0.77106869, 0.52193785, 0.26536369, 0.74970645, 0.74625289, 0.63045526, 0.44419643, 0.54773283, 0.60046941)
(0.26343828, 0.82419181, 0.78974926, 0.95781302, 0.23955892, 0.41612929, 0.83000654, 0.17233951, 0.22665961, 0.64019567)
(0.36493337, 0.77194881, 0.62453324, 0.61299837, 0.35934106, 0.63437945, 0.67004550, 0.31380162, 0.61657596, 0.67848438)
(0.25318831, 0.89814061, 0.45712513, 0.67475551, 0.41197798, 0.63775098, 0.60434669, 0.15910374, 0.46276951, 0.78494084)
(0.60937375, 0.33120388, 0.69482625, 0.46761087, 0.63222122, 0.35732156, 0.61159116, 0.45412722, 0.37854996, 0.31291428)
(0.57433236, 0.53528821, 0.58920187, 0.63468367, 0.61513275, 0.26601931, 0.53139019, 0.21090980, 0.19087996, 0.47280955)
(0.21904819, 0.78454679, 0.54023308, 0.52540028, 0.56710416, 0.69074279, 0.68067789, 0.38830647, 0.50601596, 0.65293801)
(0.49206224, 0.75998229, 0.45833126, 0.46667510, 0.46610868, 0.58109480, 0.47104836, 0.24945593, 0.56260979, 0.70183074)
(0.48994684, 0.39794654, 0.54586416, 0.45118305, 0.73628646, 0.34597719, 0.54340559, 0.40761781, 0.25516471, 0.35903159)
(0.32746750, 0.58962935, 0.93418163, 0.92120600, 0.19981657, 0.52725601, 0.92070514, 0.46235436, 0.49781755, 0.41696036)
(0.76534307, 0.55591965, 0.86755830, 0.16200075, 0.49277624, 0.70224351, 0.66074437, 0.50087386, 0.86549789, 0.44432548)
(0.43805996, 0.32723984, 0.57116002, 0.47269863, 0.88392973, 0.21924667, 0.56051058, 0.34720540, 0.08348991, 0.22253372)
(0.26964876, 0.74965125, 0.37832510, 0.45376214, 0.71436489, 0.58672798, 0.52375889, 0.32231307, 0.34113866, 0.62370026)
(0.15961520, 0.95092136, 0.27631751, 0.70618546, 0.59425145, 0.62064373, 0.50748169, 0.08363630, 0.23966920, 0.84360039)
(0.54463458, 0.69697648, 0.69123781, 0.39493266, 0.40938115, 0.66922349, 0.62006539, 0.39393294, 0.74772489, 0.62868369)
(0.09712894, 0.94968992, 0.42619190, 0.93796861, 0.53824252, 0.46828562, 0.70351928, 0.07203207, 0.08090612, 0.78425723)
(0.50283515, 0.39792556, 0.91794807, 0.58629960, 0.31183219, 0.62623566, 0.87299001, 0.66916269, 0.75323278, 0.34884426)
(0.27277789, 0.87157130, 0.51352090, 0.60134453, 0.42329535, 0.67577261, 0.62439424, 0.22149161, 0.55192494, 0.75925398)
(0.17531317, 0.95749402, 0.16397902, 0.73067254, 0.69493043, 0.50797933, 0.35609335, 0.04359204, 0.12072694, 0.85409045)
(0.85126227, 0.64699614, 0.66046220, 0.35595837, 0.56995201, 0.38102910, 0.41015086, 0.20166264, 0.49114102, 0.47467288)
(0.49135941, 0.79697627, 0.92720920, 0.68057364, 0.13653351, 0.76766402, 0.87224150, 0.38065866, 0.88481134, 0.65325516)
(0.35992426, 0.69682920, 0.67115921, 0.49470150, 0.43949428, 0.68078649, 0.70181197, 0.45299327, 0.66650349, 0.61121631)
(0.35797668, 0.90847802, 0.53643531, 0.43420592, 0.42636299, 0.75114250, 0.57165647, 0.18923882, 0.69182765, 0.80944586)
(0.23811617, 0.60685396, 0.77191550, 0.43781573, 0.55969697, 0.74552125, 0.81858069, 0.67401952, 0.65819544, 0.48365906)
(0.11358260, 0.79104632, 0.60452789, 0.68508869, 0.66277742, 0.67682987, 0.79414701, 0.43245953, 0.29376525, 0.57338357)
(0.39059073, 0.27991867, 0.85562438, 0.70839339, 0.51101851, 0.44161892, 0.84925067, 0.65621972, 0.38803259, 0.23760757)
(0.37993708, 0.60349894, 0.71813864, 0.83193558, 0.37388420, 0.42754278, 0.74274641, 0.35747668, 0.34609798, 0.51818043)
(0.62279272, 0.64218998, 0.69104826, 0.66218263, 0.31393588, 0.49346483, 0.59860897, 0.33454233, 0.62218511, 0.59443271)
(0.30887732, 0.86113644, 0.73820168, 0.50884539, 0.33958006, 0.78784734, 0.75570846, 0.32596493, 0.77506012, 0.73242611)
(0.16197841, 0.89114016, 0.50131214, 0.65908051, 0.52644068, 0.69565505, 0.69208342, 0.23510048, 0.41763866, 0.74271369)
(0.35055321, 0.59496206, 0.42169705, 0.46276844, 0.69383603, 0.51044035, 0.52427930, 0.41724166, 0.34706268, 0.53176832)
(0.28421256, 0.83810723, 0.47699720, 0.61391240, 0.45706564, 0.62470388, 0.60227007, 0.23510630, 0.48332667, 0.72807920)
(0.53601009, 0.89205074, 0.74522263, 0.79909939, 0.12044454, 0.60732973, 0.67823559, 0.12220590, 0.74387920, 0.80714583)
(0.06387630, 0.87712592, 0.50365299, 0.51702428, 0.78636575, 0.78805876, 0.78186840, 0.40861836, 0.32118660, 0.63996965)
(0.29202151, 0.42706704, 0.84236485, 0.39940792, 0.59745443, 0.69608855, 0.84813017, 0.74747157, 0.63045937, 0.34001395)
(0.33284691, 0.67977494, 0.81262338, 0.60226792, 0.34944806, 0.70408630, 0.81648207, 0.51722294, 0.70656019, 0.56140536)
(0.15666358, 0.69220620, 0.53040141, 0.64446414, 0.72861975, 0.57310623, 0.71637988, 0.44769403, 0.23026596, 0.51056093)
(0.71719980, 0.76271296, 0.59242105, 0.64578718, 0.31021902, 0.46392715, 0.45243767, 0.18648601, 0.59615958, 0.68134689)
(0.11629863, 0.86065376, 0.77302843, 0.73395348, 0.43783098, 0.78117597, 0.87553531, 0.41438928, 0.52746713, 0.64609051)
(0.17296062, 0.80101150, 0.59388351, 0.25487274, 0.75346059, 0.81356269, 0.72361839, 0.50964677, 0.60684824, 0.60050297)
(0.11196009, 0.68982208, 0.73190403, 0.58580786, 0.66259688, 0.74884379, 0.85639298, 0.64799756, 0.43156472, 0.47525325)
(0.72661930, 0.48520234, 0.81563503, 0.66653723, 0.32949862, 0.42696717, 0.65814304, 0.40885252, 0.63578421, 0.43684691)
(0.19261530, 0.75719219, 0.39948714, 0.55977219, 0.72051638, 0.58488107, 0.60061532, 0.34448233, 0.27212682, 0.60770345)
(0.29791942, 0.87685657, 0.34843203, 0.72337574, 0.48013020, 0.51303601, 0.49224484, 0.12835526, 0.29903373, 0.77476364)
(0.36503148, 0.70103914, 0.86975914, 0.49906442, 0.31647122, 0.77588826, 0.84613425, 0.55742264, 0.82447064, 0.57207489)
(0.72197562, 0.44877750, 0.88176417, 0.70687950, 0.27181029, 0.45474666, 0.74344194, 0.46185309, 0.69426012, 0.39877221)
(0.35795483, 0.73587483, 0.38990304, 0.62007362, 0.54859638, 0.48872414, 0.50022256, 0.25573665, 0.34085765, 0.66406202)
(0.23682860, 0.79783428, 0.82652950, 0.84696156, 0.27290967, 0.65187377, 0.86136037, 0.35550004, 0.52899605, 0.61639661)
(0.41380954, 0.38390604, 0.87779599, 0.84418458, 0.37029162, 0.40257311, 0.85177219, 0.53225291, 0.38817966, 0.31919861)
(0.86696124, 0.40284786, 0.80012417, 0.36825022, 0.61944902, 0.30209485, 0.54354089, 0.29534993, 0.45861125, 0.28608227)
(0.65578711, 0.66035104, 0.44589698, 0.30142465, 0.61267614, 0.50740093, 0.38326338, 0.26668614, 0.48492563, 0.58022982)
(0.80583626, 0.57818681, 0.63797760, 0.37075141, 0.62259024, 0.33968973, 0.43674353, 0.22601938, 0.39844614, 0.45035240)
(0.76607072, 0.85539681, 0.65506971, 0.40802431, 0.28473878, 0.63794529, 0.44003817, 0.14979963, 0.79775512, 0.76186889)
(0.53598863, 0.25180402, 0.72027659, 0.51324069, 0.75036997, 0.28822327, 0.65798753, 0.48062712, 0.23223694, 0.21220355)
(0.34669730, 0.83800972, 0.31987068, 0.72229391, 0.51172173, 0.44152352, 0.43912828, 0.12903225, 0.25416401, 0.74946833)
(0.23484926, 0.91186398, 0.54770082, 0.76288021, 0.32887894, 0.64944577, 0.68188226, 0.14920555, 0.48104009, 0.79040456)
(0.55040503, 0.63875937, 0.75343663, 0.44394931, 0.37460741, 0.66001624, 0.67693090, 0.44546705, 0.75659966, 0.57600600)
(0.10230390, 0.81298417, 0.55428714, 0.62732309, 0.70613796, 0.70245248, 0.77440608, 0.42134318, 0.29786116, 0.59543157)
(0.60807997, 0.64127141, 0.67757052, 0.55055922, 0.36467338, 0.54695755, 0.58584297, 0.36814576, 0.66678518, 0.59295058)
(0.28558573, 0.81086528, 0.82175356, 0.89544314, 0.22335693, 0.57821929, 0.84182334, 0.27181128, 0.47777286, 0.64374715)
(0.35612345, 0.80195111, 0.61171854, 0.42653972, 0.48911142, 0.72221851, 0.63759643, 0.35663539, 0.67108202, 0.69114804)
(0.55692524, 0.77553421, 0.56867856, 0.67209899, 0.28716084, 0.51188862, 0.52917475, 0.20287190, 0.58541793, 0.72072113)
(0.27536106, 0.61321867, 0.63244748, 0.58679914, 0.55151010, 0.60824001, 0.72219932, 0.52341455, 0.46231252, 0.51771790)
(0.16520409, 0.65465152, 0.39568129, 0.69068122, 0.85017252, 0.39489600, 0.60429323, 0.33671516, 0.08030565, 0.44282237)
(0.36891469, 0.71257424, 0.72721028, 0.51898378, 0.38909540, 0.70042127, 0.73713523, 0.45223224, 0.70917511, 0.61632675)
(0.27265182, 0.92496759, 0.44122812, 0.78913206, 0.33418098, 0.57562369, 0.58306473, 0.09769075, 0.39191386, 0.82242352)
(0.39679843, 0.60774130, 0.87016821, 0.13893597, 0.65876466, 0.81710476, 0.80648601, 0.68460524, 0.82927048, 0.43611497)
(0.36471185, 0.64400721, 0.52221829, 0.67151439, 0.51675582, 0.47642589, 0.59986413, 0.35906073, 0.36021784, 0.57823259)
(0.23998894, 0.98131138, 0.42665583, 0.80042475, 0.21654601, 0.69441223, 0.56476337, 0.03460125, 0.53009164, 0.92334473)
(0.32044098, 0.69163668, 0.39311460, 0.50715607, 0.67595482, 0.52270979, 0.51209229, 0.33276793, 0.32555041, 0.59836310)
(0.37591848, 0.47642115, 0.59504074, 0.74103612, 0.58993787, 0.33443901, 0.65118188, 0.39883998, 0.21627989, 0.42881116)
(0.09545378, 0.69026530, 0.67919618, 0.68705195, 0.76463979, 0.63885963, 0.83585280, 0.54713315, 0.21326964, 0.42617634)
(0.21411964, 0.72086519, 0.71180522, 0.70056367, 0.47611871, 0.65389580, 0.79940045, 0.46703240, 0.46578023, 0.56113762)
(0.21287067, 0.82595068, 0.42979684, 0.89481407, 0.56243032, 0.34720036, 0.61667740, 0.13947269, 0.09898173, 0.65249109)
(0.25273788, 0.74434173, 0.81924689, 0.43191740, 0.43888044, 0.81201017, 0.83870780, 0.57899010, 0.78265285, 0.59111768)
(0.38333115, 0.52407402, 0.93023634, 0.87779760, 0.22566332, 0.53955048, 0.90641165, 0.52124691, 0.56169611, 0.38857895)
(0.21011199, 0.89467633, 0.36331880, 0.77640080, 0.53340793, 0.52580667, 0.56429046, 0.13179721, 0.22662665, 0.76561892)
(0.30419379, 0.61980718, 0.80338860, 0.51939541, 0.43437889, 0.71693641, 0.81926775, 0.60992110, 0.69632536, 0.51239026)
(0.47704124, 0.30200434, 0.84504652, 0.87264538, 0.50151485, 0.20377171, 0.81067997, 0.37555909, 0.16077016, 0.24942830)
(0.56325424, 0.70001042, 0.64509803, 0.49307117, 0.36247104, 0.60772300, 0.58167648, 0.33798620, 0.69721013, 0.65448278)
(0.63180721, 0.37795696, 0.87359655, 0.80185825, 0.28325102, 0.37138417, 0.77822882, 0.45529252, 0.53363502, 0.36800545)
(0.15572761, 0.77121753, 0.50124353, 0.42661068, 0.79682159, 0.68691868, 0.67610210, 0.43075433, 0.32989699, 0.55896866)
(0.19529945, 0.57523257, 0.82774973, 0.73868436, 0.49651787, 0.64460999, 0.87417084, 0.63412905, 0.45066994, 0.41097265)
(0.28714886, 0.73778033, 0.79684323, 0.56326842, 0.37273008, 0.74887723, 0.81849849, 0.49889320, 0.72360826, 0.59894937)
(0.66146606, 0.39204481, 0.85278487, 0.75122309, 0.31354296, 0.38677642, 0.73891693, 0.45867750, 0.56328309, 0.37923035)
(0.22842039, 0.87939769, 0.52656037, 0.80133498, 0.40258175, 0.57859230, 0.67373055, 0.17761660, 0.34957516, 0.74488425)
(0.36386842, 0.67018622, 0.52166390, 0.81517446, 0.49940205, 0.35050538, 0.59749979, 0.24934429, 0.20306361, 0.57996368)
(0.46732026, 0.58842432, 0.75768787, 0.51121342, 0.38559887, 0.63505143, 0.72495121, 0.51207465, 0.70421129, 0.53632146)
(0.30415019, 0.52396220, 0.82572156, 0.69654959, 0.41727081, 0.61093873, 0.84158707, 0.61424220, 0.55269575, 0.42565086)
(0.23940296, 0.63352716, 0.58705223, 0.51277304, 0.62577242, 0.64087188, 0.70599943, 0.53779328, 0.45578855, 0.52559221)
(0.10894519, 0.76534575, 0.70849305, 0.60716558, 0.63808477, 0.75856316, 0.84648746, 0.55496770, 0.43514925, 0.53809941)
(0.24070260, 0.77237689, 0.61024797, 0.67388552, 0.47085926, 0.63592273, 0.72483695, 0.36277825, 0.45935798, 0.63636410)
(0.36766648, 0.83624887, 0.71848732, 0.82511902, 0.21561508, 0.58377588, 0.74042130, 0.21222931, 0.56558943, 0.72147155)
(0.43318310, 0.65289146, 0.43561852, 0.71399796, 0.65805906, 0.26759171, 0.47011632, 0.16523808, 0.12328263, 0.57294899)
(0.25931767, 0.78722841, 0.55982041, 0.57427663, 0.49602827, 0.66429532, 0.67073554, 0.35140771, 0.52539128, 0.66845596)
(0.26735565, 0.91447377, 0.46336961, 0.83293909, 0.33883864, 0.53504050, 0.60614568, 0.10322448, 0.33086467, 0.80315238)
(0.43643451, 0.53469062, 0.86177880, 0.61030120, 0.32242239, 0.64001471, 0.82920825, 0.58880472, 0.71912986, 0.46409905)
(0.38346198, 0.61526543, 0.88299596, 0.86876321, 0.22679622, 0.52994257, 0.86442327, 0.42168048, 0.53668332, 0.48751226)
(0.79373372, 0.93155158, 0.89050829, 0.74379557, 0.06598903, 0.69678944, 0.68125629, 0.09333964, 0.91358763, 0.84265834)
(0.23154110, 0.71776104, 0.48006019, 0.57301396, 0.63363838, 0.59654737, 0.63980424, 0.39855784, 0.36225167, 0.59697151)
(0.44668430, 0.44635886, 0.89978844, 0.77139038, 0.29085270, 0.54542726, 0.86246270, 0.58859426, 0.61631495, 0.37796915)
(0.60581136, 0.79823023, 0.46462873, 0.48299456, 0.39245787, 0.55190110, 0.41406438, 0.17190267, 0.58589989, 0.73694658)
(0.18909739, 0.70646852, 0.65643859, 0.67279738, 0.56890291, 0.63726431, 0.77870941, 0.47771910, 0.38504383, 0.54062504)
(0.38460624, 0.64839071, 0.78470939, 0.61434984, 0.34817874, 0.65403140, 0.77951360, 0.49087545, 0.67672449, 0.55564326)
(0.41613537, 0.90791529, 0.53920239, 0.49932986, 0.33607626, 0.71582484, 0.55303878, 0.15458244, 0.70353687, 0.82159990)
(0.23441669, 0.47964722, 0.81996036, 0.59448433, 0.54019701, 0.66319650, 0.85848075, 0.71908867, 0.53579223, 0.37635678)
(0.21786283, 0.61303306, 0.73293805, 0.24806641, 0.74081135, 0.77326703, 0.78737313, 0.69170225, 0.63573402, 0.44694954)
(0.27498141, 0.69133818, 0.76340109, 0.71168655, 0.38425189, 0.64366221, 0.80910426, 0.46514928, 0.55044007, 0.55417675)
(0.08114742, 0.65965873, 0.65605009, 0.42128700, 0.82974380, 0.76943451, 0.83887130, 0.70528889, 0.37443045, 0.41871139)
(0.20191514, 0.66369110, 0.75427610, 0.88505107, 0.49145499, 0.46785304, 0.83200163, 0.39135572, 0.20909071, 0.46840930)
(0.06158435, 0.89079040, 0.45369875, 0.48761225, 0.82079589, 0.78239614, 0.75161904, 0.36745825, 0.28609565, 0.65250862)
(0.46662152, 0.64800692, 0.48449150, 0.26261216, 0.69851780, 0.60641199, 0.49396962, 0.40343112, 0.52325296, 0.55680066)
(0.23773551, 0.72374099, 0.43098244, 0.52995288, 0.66851306, 0.59130055, 0.59797084, 0.37698731, 0.34986085, 0.60508788)
(0.17539603, 0.47567129, 0.85216868, 0.74683553, 0.55709606, 0.62058127, 0.89447820, 0.71574473, 0.39325443, 0.32713699)
(0.62939936, 0.43554133, 0.69414645, 0.64592499, 0.56852263, 0.25510129, 0.59746039, 0.25251600, 0.24512756, 0.39606339)
(0.24391563, 0.55500633, 0.71942294, 0.33864293, 0.68038672, 0.71848172, 0.77558064, 0.68829346, 0.59948444, 0.44227687)
(0.36186326, 0.72043562, 0.81043118, 0.66336393, 0.29005197, 0.68376034, 0.80762577, 0.43474936, 0.70544499, 0.59992599)
(0.34575608, 0.75332552, 0.57151830, 0.51330942, 0.46400237, 0.65443349, 0.63263851, 0.36165813, 0.59772760, 0.66441935)
(0.44640210, 0.83083516, 0.34456700, 0.62638009, 0.44425228, 0.49676409, 0.40794504, 0.13611089, 0.39565340, 0.75960118)
(0.17825609, 0.89813691, 0.31732497, 0.88828582, 0.61216098, 0.36174220, 0.54275888, 0.08101883, 0.07680038, 0.73437482)
(0.49107873, 0.79976815, 0.44600725, 0.52375156, 0.40952027, 0.57209057, 0.46502659, 0.19747661, 0.55662090, 0.73720109)
(0.30573103, 0.75588763, 0.52984226, 0.64916652, 0.47486952, 0.57835132, 0.63321251, 0.31837547, 0.44486022, 0.65549242)
(0.36582038, 0.70312619, 0.85124952, 0.34555611, 0.42269138, 0.80827326, 0.82153273, 0.59100771, 0.83909827, 0.56643766)
(0.25775748, 0.65222442, 0.65537107, 0.86398631, 0.50986797, 0.40477514, 0.75015128, 0.33548111, 0.19286717, 0.50268865)
(0.45094463, 0.54330498, 0.61709821, 0.69822329, 0.43884665, 0.43426499, 0.63609678, 0.39883587, 0.41021255, 0.52358067)
(0.26574248, 0.66428262, 0.66039264, 0.52444571, 0.52596796, 0.67776126, 0.73979032, 0.52796805, 0.56823301, 0.55840176)
(0.38132051, 0.57283860, 0.55384505, 0.62705278, 0.52444136, 0.49193716, 0.62004393, 0.43627167, 0.40295658, 0.53392386)
(0.45877343, 0.78073728, 0.67192793, 0.80270511, 0.23450685, 0.51198053, 0.66573107, 0.21983686, 0.53951651, 0.70217735)
(0.65604764, 0.61461747, 0.52482527, 0.52094793, 0.75237626, 0.23666209, 0.41329855, 0.13792211, 0.11685224, 0.46005118)
(0.34568432, 0.74875128, 0.40647963, 0.54695320, 0.56542128, 0.54887271, 0.51202291, 0.28633815, 0.40673006, 0.67006928)
(0.18342282, 0.85594934, 0.65187126, 0.34631389, 0.62421525, 0.82902223, 0.74860966, 0.43160138, 0.67559218, 0.67654479)
(0.27960378, 0.84686762, 0.38294396, 0.69176626, 0.52193815, 0.53232932, 0.53360182, 0.17994276, 0.31306198, 0.73680311)
(0.13506334, 0.87126851, 0.66172153, 0.60461104, 0.50367373, 0.78699362, 0.80299264, 0.37317431, 0.56242555, 0.69510722)
(0.25945529, 0.64423692, 0.65004176, 0.59283066, 0.53731644, 0.63269711, 0.73974264, 0.51547182, 0.48298106, 0.53329164)
(0.21813719, 0.70769030, 0.60391885, 0.52034938, 0.58864939, 0.68680978, 0.72610921, 0.49496007, 0.50537527, 0.57631928)
(0.66809440, 0.64357513, 0.55774587, 0.19543517, 0.62960684, 0.60024607, 0.44423279, 0.34931746, 0.63114846, 0.55880177)
(0.45697251, 0.58500373, 0.86540723, 0.80955404, 0.24563223, 0.53372198, 0.82647908, 0.44461542, 0.59347945, 0.49067974)
(0.16996327, 0.51899171, 0.89460534, 0.40754405, 0.60787195, 0.80994868, 0.91522568, 0.82167435, 0.70049530, 0.34839302)
(0.40671673, 0.42545399, 0.73130870, 0.80369097, 0.48583826, 0.34067273, 0.73847842, 0.44520190, 0.27159896, 0.38386777)
(0.51010478, 0.23864803, 0.94479722, 0.66925961, 0.35200536, 0.53653324, 0.90786409, 0.72919291, 0.63683116, 0.20595439)
(0.17231958, 0.84693754, 0.68769306, 0.41097185, 0.57266319, 0.82512575, 0.78215921, 0.45208496, 0.67933840, 0.66913301)
(0.17094462, 0.93470562, 0.37553173, 0.88437855, 0.52550429, 0.45840389, 0.58897197, 0.07483788, 0.12795122, 0.79249185)
(0.44532707, 0.75636923, 0.72489107, 0.80859327, 0.23210238, 0.52753651, 0.71352363, 0.26176831, 0.55519426, 0.66959983)
(0.37788135, 0.47316852, 0.75145280, 0.43509972, 0.53385848, 0.63473612, 0.75730622, 0.64428401, 0.62389559, 0.42965788)
(0.14881104, 0.92845136, 0.54706270, 0.48312935, 0.53776276, 0.81667089, 0.71075732, 0.24278584, 0.60537434, 0.79059803)
(0.53575569, 0.64011848, 0.82554859, 0.59630382, 0.27092743, 0.63631278, 0.75553042, 0.44268632, 0.76267713, 0.56732345)
(0.57319462, 0.87443799, 0.68189323, 0.43771681, 0.27867639, 0.72863567, 0.58203137, 0.20152897, 0.81610811, 0.79207551)
(0.54380918, 0.63949096, 0.50134432, 0.19061328, 0.73550993, 0.60763729, 0.46235707, 0.38860947, 0.53782457, 0.52830911)
(0.13626584, 0.72480476, 0.70639116, 0.67063612, 0.60372043, 0.69669646, 0.83327037, 0.53644764, 0.38741210, 0.51591599)
(0.69253325, 0.37206596, 0.72822344, 0.43043473, 0.57743448, 0.40298620, 0.59684497, 0.46722427, 0.50615984, 0.33311504)
(0.22227383, 0.85479349, 0.40959549, 0.87683308, 0.52534902, 0.38698509, 0.59314740, 0.12516625, 0.12893705, 0.70142370)
(0.24915159, 0.62492704, 0.65527320, 0.49794841, 0.57527536, 0.67656887, 0.74457484, 0.58058387, 0.54390323, 0.52285063)
(0.36249539, 0.54472744, 0.86716890, 0.52889758, 0.38036039, 0.70759630, 0.85176969, 0.65846592, 0.74737066, 0.45491278)
(0.15529478, 0.60009259, 0.70792747, 0.45656452, 0.69191438, 0.73607773, 0.82057023, 0.69944918, 0.50759888, 0.44548056)
(0.23688404, 0.69192684, 0.46155098, 0.58663791, 0.66279978, 0.55614048, 0.62257516, 0.39467612, 0.31031975, 0.57326275)
(0.43267426, 0.86274999, 0.51043576, 0.65439546, 0.30095908, 0.59060562, 0.54319358, 0.15768702, 0.58414263, 0.78343397)
(0.37117556, 0.65263414, 0.56686455, 0.64235252, 0.47132647, 0.52995408, 0.62877196, 0.38987768, 0.45110938, 0.59103483)
(0.60560799, 0.64683789, 0.57056236, 0.60878992, 0.39428788, 0.46942168, 0.51282537, 0.31024337, 0.54861963, 0.61112434)
(0.21533139, 0.66615158, 0.68507081, 0.67153478, 0.54325181, 0.62897408, 0.78243518, 0.50899363, 0.41713777, 0.51841182)
(0.15505883, 0.57604027, 0.78313780, 0.50173080, 0.63597643, 0.74848527, 0.86118984, 0.73720235, 0.54772842, 0.42084596)
(0.58040875, 0.59649771, 0.70357203, 0.69368136, 0.32169339, 0.47436514, 0.63628477, 0.36914417, 0.57818502, 0.56223553)
(0.08318118, 0.84180695, 0.51637268, 0.67497140, 0.73557305, 0.68749148, 0.77351820, 0.37185425, 0.22641312, 0.60956216)
(0.12722407, 0.78613549, 0.46141857, 0.90324813, 0.75194508, 0.32894978, 0.69684041, 0.19924609, 0.04622436, 0.51996654)
(0.62942004, 0.15844938, 0.93115824, 0.58397579, 0.50571650, 0.38235098, 0.85597891, 0.66620731, 0.47226536, 0.14627278)
(0.46486798, 0.45229200, 0.78887463, 0.79785246, 0.37061512, 0.39338210, 0.76108390, 0.44082719, 0.40056208, 0.41841274)
(0.27536705, 0.64454371, 0.62008882, 0.45644295, 0.58039421, 0.67475843, 0.70730156, 0.54198086, 0.56412095, 0.55019462)
(0.73014486, 0.76399887, 0.59078842, 0.68762356, 0.42954904, 0.29387960, 0.43996164, 0.09643777, 0.29713026, 0.64429826)
(0.30312765, 0.64415747, 0.48496443, 0.30987781, 0.74550265, 0.64340168, 0.58559114, 0.48461041, 0.46712321, 0.53011703)
(0.23906240, 0.72938728, 0.43446723, 0.51040047, 0.67375302, 0.60262483, 0.59459019, 0.37956390, 0.36448938, 0.60848594)
(0.37303817, 0.65733826, 0.74896246, 0.79762745, 0.32478276, 0.52015465, 0.76391077, 0.37428844, 0.47496748, 0.55743277)
(0.39669052, 0.73475379, 0.86895496, 0.54027951, 0.27464288, 0.76661962, 0.83606368, 0.49062705, 0.82982206, 0.60448259)
(0.27388224, 0.66270483, 0.41739234, 0.65446198, 0.68026817, 0.45031565, 0.56599337, 0.33592987, 0.21717085, 0.55237836)
(0.40439987, 0.78654408, 0.63834482, 0.59474611, 0.33499894, 0.64470613, 0.65505737, 0.29583356, 0.65999603, 0.69852680)
(0.34984013, 0.58080041, 0.46454436, 0.70992464, 0.69225091, 0.31509697, 0.54669440, 0.29163909, 0.13916284, 0.48418078)
(0.73937702, 0.56682092, 0.79908955, 0.76024085, 0.32312495, 0.32952043, 0.63850242, 0.24087714, 0.48615211, 0.48304740)
(0.65675533, 0.54861337, 0.84462637, 0.13932104, 0.57800001, 0.71434420, 0.67929995, 0.54671377, 0.83239019, 0.45481431)
(0.40425000, 0.89109385, 0.60333323, 0.76755762, 0.20731720, 0.59565043, 0.63263494, 0.13134570, 0.61102843, 0.80089295)
(0.38938197, 0.76136464, 0.41500741, 0.66606182, 0.46617818, 0.48176840, 0.50569695, 0.22052090, 0.37054628, 0.69205761)
(0.34436288, 0.65208387, 0.70558202, 0.56177860, 0.43244514, 0.65217888, 0.73691541, 0.49340981, 0.62315136, 0.56589192)
(0.35678580, 0.90062803, 0.46695003, 0.85751104, 0.28459710, 0.46175140, 0.55744541, 0.09041838, 0.32674810, 0.80666542)
(0.13663141, 0.85988623, 0.59845859, 0.68884766, 0.54181629, 0.71223664, 0.77419782, 0.32811585, 0.40765333, 0.67875397)
(0.19653532, 0.61031193, 0.75799596, 0.52961850, 0.57085311, 0.72226226, 0.82902396, 0.66805023, 0.56563753, 0.47209924)
(0.25763866, 0.63652301, 0.70945752, 0.31597129, 0.64807230, 0.74953318, 0.76261955, 0.63040310, 0.65417409, 0.50358874)
(0.36430350, 0.61128700, 0.82479286, 0.77363354, 0.30766967, 0.57533127, 0.82261652, 0.46827793, 0.56479239, 0.50248981)
(0.34414119, 0.75275552, 0.80830550, 0.52535993, 0.35751215, 0.75586188, 0.79778445, 0.47255418, 0.76878905, 0.61876416)
(0.55289716, 0.61865348, 0.58487302, 0.43915874, 0.46609023, 0.56504321, 0.54217476, 0.39645848, 0.62606388, 0.59300923)
(0.27257553, 0.61248207, 0.56218207, 0.69205517, 0.60108697, 0.49187088, 0.67747521, 0.43022910, 0.28486475, 0.50979322)
(0.18734773, 0.76295751, 0.64118713, 0.59894139, 0.54778737, 0.70284480, 0.76655203, 0.45466661, 0.49193469, 0.60256988)
(0.29049933, 0.44718194, 0.69575709, 0.82334363, 0.60209477, 0.33673999, 0.76058668, 0.46273610, 0.17358428, 0.35246044)
(0.64467335, 0.41455647, 0.81732845, 0.76255643, 0.34036863, 0.35001346, 0.71610194, 0.39210132, 0.48910120, 0.39917338)
(0.31314948, 0.95136654, 0.27779290, 0.81861567, 0.35923865, 0.48863125, 0.41121870, 0.04045354, 0.25944909, 0.87380403)
(0.18785740, 0.92499405, 0.48873627, 0.70913935, 0.41305441, 0.68663061, 0.66749811, 0.14969213, 0.45387295, 0.80038977)
(0.17608204, 0.51941431, 0.70460004, 0.48506212, 0.71150357, 0.67971689, 0.81057620, 0.70969486, 0.44364643, 0.39345041)
(0.19582006, 0.77675748, 0.47355163, 0.68677253, 0.61835307, 0.56721044, 0.66121626, 0.31742346, 0.27631488, 0.62445921)
(0.07968402, 0.59065968, 0.82371056, 0.72494489, 0.72508717, 0.69196779, 0.91374815, 0.71908218, 0.27176848, 0.32436031)
(0.26493639, 0.64477122, 0.67069483, 0.36943874, 0.62165689, 0.72172284, 0.73733056, 0.59249938, 0.62117863, 0.52811384)
(0.54323369, 0.55720186, 0.69957441, 0.55869734, 0.39062160, 0.54533541, 0.64804661, 0.45644966, 0.63784438, 0.52899462)
(0.26258650, 0.88536513, 0.33430985, 0.48535535, 0.62414163, 0.64522558, 0.47781417, 0.17505142, 0.39899546, 0.76959234)
(0.43702349, 0.90831918, 0.62615824, 0.80779064, 0.19420275, 0.57642317, 0.61941165, 0.10854215, 0.58534759, 0.81887966)
(0.25741440, 0.60727775, 0.94647855, 0.60369080, 0.31009874, 0.80346340, 0.93768072, 0.73304534, 0.81640995, 0.42368221)
(0.29149833, 0.84624094, 0.45407143, 0.54673284, 0.48080602, 0.65008384, 0.57448852, 0.23518153, 0.51839656, 0.74266320)
(0.18722384, 0.73542768, 0.63002473, 0.56092495, 0.58455759, 0.70174944, 0.75977105, 0.48848084, 0.48537511, 0.57940489)
(0.26124638, 0.55557859, 0.78913140, 0.52532399, 0.51229894, 0.69871455, 0.82589948, 0.67651886, 0.62085384, 0.45358685)
(0.70035493, 0.46533448, 0.79334378, 0.66107345, 0.35378239, 0.41316888, 0.65769184, 0.40688515, 0.60334426, 0.42994711)
(0.33466294, 0.61150116, 0.79814553, 0.38043237, 0.50151736, 0.74532288, 0.79512513, 0.63506860, 0.74331510, 0.50792068)
(0.57761323, 0.78548932, 0.50160497, 0.50041711, 0.37165722, 0.57186872, 0.45604715, 0.20296365, 0.62084866, 0.73388141)
(0.17404744, 0.73598254, 0.76274318, 0.42903423, 0.56789297, 0.80620295, 0.83639508, 0.61483753, 0.67926472, 0.55889124)
(0.30842867, 0.66407400, 0.63906282, 0.88269609, 0.50861526, 0.33094335, 0.70378429, 0.26473817, 0.15689363, 0.50738961)
(0.69920999, 0.70423120, 0.74419212, 0.84005147, 0.30390531, 0.27591985, 0.59175980, 0.12698258, 0.31689012, 0.59702945)
(0.14060463, 0.78005290, 0.88550907, 0.60026026, 0.41330755, 0.83915132, 0.91911608, 0.62024534, 0.73001534, 0.54894513)
(0.40566987, 0.52420765, 0.77989495, 0.78994846, 0.38505888, 0.45653456, 0.77375531, 0.45307404, 0.41762874, 0.44911858)
(0.46227574, 0.81311929, 0.54216337, 0.34088054, 0.51867878, 0.69177103, 0.52507585, 0.28046408, 0.66929168, 0.71570593)
(0.32951233, 0.65776604, 0.59674442, 0.20211285, 0.76039422, 0.71820456, 0.63311970, 0.53111374, 0.59217870, 0.50853527)
(0.26840523, 0.64094013, 0.72884315, 0.38286203, 0.57179099, 0.74180120, 0.77530998, 0.61783093, 0.67234373, 0.52306002)
(0.50844514, 0.82494211, 0.46886426, 0.66208982, 0.31747538, 0.51695013, 0.47542900, 0.15173040, 0.52284235, 0.76120943)
(0.59590119, 0.83517718, 0.68206894, 0.58864450, 0.21956418, 0.63204253, 0.59040725, 0.19008246, 0.76320463, 0.76580292)
(0.64906603, 0.46294296, 0.71491253, 0.67206818, 0.49534440, 0.28795603, 0.60967612, 0.26603034, 0.32572496, 0.42270645)
(0.41194871, 0.85067314, 0.47150183, 0.56108713, 0.37206495, 0.62069029, 0.52398646, 0.18158194, 0.58642930, 0.77028888)
(0.90831786, 0.46859816, 0.89101797, 0.19322070, 0.49807051, 0.56000298, 0.58669573, 0.46933624, 0.83439082, 0.29211733)
(0.45168087, 0.31106290, 0.88602901, 0.82432854, 0.38773757, 0.37874609, 0.85182792, 0.56520867, 0.39421207, 0.27438435)
(0.36434969, 0.84871954, 0.51517630, 0.81489855, 0.31382033, 0.48608026, 0.59565407, 0.14944567, 0.37985301, 0.75027418)
(0.77174294, 0.87684822, 0.63235247, 0.64601201, 0.20641227, 0.53872502, 0.42371431, 0.10270603, 0.72695661, 0.78908426)
(0.59046328, 0.76574808, 0.44654515, 0.48744342, 0.42884660, 0.52712113, 0.41371754, 0.19509064, 0.54064202, 0.70739001)
(0.40307885, 0.45520446, 0.47824153, 0.49752760, 0.77317029, 0.36134982, 0.52744865, 0.40995982, 0.20757785, 0.38378417)
(0.61349171, 0.51704538, 0.66057533, 0.63109869, 0.48420990, 0.36237222, 0.57718188, 0.31841159, 0.39756998, 0.48048681)
(0.26993039, 0.66771305, 0.75278848, 0.42906928, 0.51114774, 0.75125539, 0.79143208, 0.59755266, 0.69700307, 0.54834747)
(0.20043340, 0.54973018, 0.61418283, 0.51104218, 0.70177567, 0.62986314, 0.74648136, 0.62979203, 0.39547223, 0.44036838)
(0.19646260, 0.64865506, 0.83595985, 0.43295273, 0.54052007, 0.80279028, 0.87063181, 0.70934576, 0.71791804, 0.48258421)
(0.26194134, 0.68893719, 0.62743884, 0.66212976, 0.50392574, 0.60030961, 0.72811556, 0.43474376, 0.43427598, 0.56799465)
(0.53355819, 0.45489079, 0.67378592, 0.70339733, 0.56246376, 0.29195234, 0.62820798, 0.31632465, 0.24133673, 0.40909785)
(0.51706028, 0.53739852, 0.87941062, 0.81638271, 0.22519381, 0.49718419, 0.82313079, 0.43935397, 0.60157365, 0.46747410)
(0.08370909, 0.95890981, 0.46885613, 0.82547212, 0.51339418, 0.70469779, 0.74593645, 0.11690139, 0.25704867, 0.81874752)
(0.18450788, 0.73455018, 0.66479760, 0.66922748, 0.56413746, 0.65351015, 0.77960962, 0.45828420, 0.40823969, 0.56090683)
(0.49107775, 0.86364144, 0.72411996, 0.66472912, 0.18596028, 0.66900498, 0.68256712, 0.18622722, 0.76963860, 0.77399832)
(0.12305156, 0.93797767, 0.29783413, 0.64457446, 0.67753220, 0.66544247, 0.56551647, 0.12868920, 0.24086319, 0.80340540)
(0.15601347, 0.66081929, 0.61124367, 0.86735737, 0.69089305, 0.38935283, 0.77270532, 0.35307044, 0.09641231, 0.44034037)
(0.08899067, 0.77290612, 0.58191377, 0.72609985, 0.75358033, 0.62524301, 0.79881614, 0.43444321, 0.17743231, 0.51761872)
(0.08239307, 0.89986634, 0.71320742, 0.35300580, 0.68699485, 0.89284372, 0.84976780, 0.49367949, 0.67302418, 0.67150772)
(0.18004136, 0.68330234, 0.56507689, 0.53201371, 0.68260092, 0.65903723, 0.72526819, 0.51796269, 0.38515720, 0.52975225)
(0.37454781, 0.66173697, 0.67636949, 0.69338000, 0.38131317, 0.56162632, 0.70927191, 0.40283057, 0.52373952, 0.58283836)
(0.54526424, 0.54499418, 0.61006552, 0.64244884, 0.43295228, 0.42670590, 0.58377749, 0.37026250, 0.46725392, 0.53461063)
(0.44144839, 0.86095959, 0.43631518, 0.59689265, 0.35625517, 0.58533329, 0.48161000, 0.14497042, 0.54779637, 0.78437871)
(0.17802732, 0.92266369, 0.36571851, 0.62097102, 0.55787599, 0.67329669, 0.57588446, 0.14947174, 0.37322015, 0.80109882)
(0.16068876, 0.84572130, 0.53564143, 0.55638438, 0.59799480, 0.72539401, 0.71022052, 0.34656927, 0.46419835, 0.68569314)
(0.69074893, 0.89838243, 0.59715188, 0.60340124, 0.20604186, 0.60220689, 0.45026740, 0.09515455, 0.73494315, 0.82863063)
(0.43051800, 0.63583672, 0.41980901, 0.69632179, 0.71652454, 0.24544086, 0.45562914, 0.16160074, 0.09514682, 0.54724616)
(0.18879704, 0.76286060, 0.79271555, 0.83808041, 0.39058748, 0.62506104, 0.85801643, 0.39982966, 0.40167165, 0.55964255)
(0.32713750, 0.59327680, 0.79089087, 0.58682388, 0.41459507, 0.66461593, 0.80617738, 0.58317262, 0.64441925, 0.49994093)
(0.32629085, 0.88292170, 0.49911335, 0.51933515, 0.41898471, 0.69532794, 0.57809401, 0.20108373, 0.61406821, 0.78414130)
(0.49365202, 0.65028501, 0.84927315, 0.79033935, 0.21225370, 0.55483145, 0.79977101, 0.38519546, 0.65068674, 0.55917490)
(0.40579897, 0.40194848, 0.85810924, 0.77427137, 0.38227344, 0.48269647, 0.83818030, 0.58329380, 0.48618317, 0.34655115)
(0.22292621, 0.77042902, 0.51202428, 0.63079041, 0.56807160, 0.61544234, 0.66922486, 0.35103887, 0.38570434, 0.63661379)
(0.20216650, 0.66708255, 0.77724081, 0.69966829, 0.47756669, 0.67318952, 0.84356147, 0.55204648, 0.49234843, 0.49724638)
(0.27382314, 0.30064702, 0.94020158, 0.64311552, 0.47149166, 0.65731817, 0.93865186, 0.81779265, 0.58278877, 0.21238281)
(0.14351504, 0.94138402, 0.63654774, 0.94316316, 0.30942965, 0.54310238, 0.79053509, 0.09834118, 0.20513655, 0.78613091)
(0.37724689, 0.41845798, 0.78625250, 0.66679174, 0.45905110, 0.52817899, 0.79510874, 0.61099952, 0.49548730, 0.37783164)
(0.25244620, 0.63081217, 0.57090431, 0.83789837, 0.61810964, 0.35834816, 0.69294882, 0.32382521, 0.14109698, 0.48004150)
(0.59032053, 0.53334403, 0.80383945, 0.82148546, 0.28038186, 0.37139356, 0.71632940, 0.33638635, 0.45902017, 0.49553514)
(0.45643768, 0.71122551, 0.56031418, 0.56943262, 0.39785138, 0.56828427, 0.57626152, 0.32187310, 0.58353043, 0.65988141)
(0.67490190, 0.53330898, 0.76618922, 0.75106800, 0.33650917, 0.34987339, 0.65094566, 0.28669107, 0.48075625, 0.48269519)
(0.29694614, 0.73104310, 0.76301616, 0.48611513, 0.42101979, 0.75561559, 0.78834832, 0.51009345, 0.73104489, 0.60617805)
(0.28324109, 0.42228538, 0.91721809, 0.52619451, 0.44694063, 0.73248589, 0.91583097, 0.78481323, 0.71473026, 0.31716993)
(0.19588466, 0.67784899, 0.52936673, 0.61434799, 0.67668945, 0.58006603, 0.69482982, 0.45100072, 0.29448059, 0.53132141)
(0.90256065, 0.34089774, 0.91457850, 0.34173250, 0.45215157, 0.44052395, 0.65216583, 0.50936306, 0.77115083, 0.22777379)
(0.31763050, 0.50284457, 0.81355959, 0.67766708, 0.43184474, 0.59906203, 0.82956308, 0.61869723, 0.54712635, 0.41915423)
(0.40279678, 0.58732915, 0.42025629, 0.42442319, 0.69341147, 0.50387824, 0.49670875, 0.40291497, 0.36239120, 0.52787673)
(0.42875448, 0.84015971, 0.53445590, 0.64844465, 0.30531877, 0.58881754, 0.56814617, 0.18555428, 0.59335226, 0.76218307)
(0.25983816, 0.69084698, 0.41147229, 0.63324666, 0.71747762, 0.46308506, 0.55703056, 0.32072553, 0.20416899, 0.55491179)
(0.23297536, 0.64198023, 0.68288928, 0.65360057, 0.53931344, 0.62328321, 0.77417934, 0.52182293, 0.43424663, 0.50850177)
(0.35211110, 0.52715695, 0.86012137, 0.85098737, 0.31608954, 0.49163789, 0.85510331, 0.48425120, 0.44539905, 0.41867295)
(0.30540097, 0.47075793, 0.80692720, 0.67815185, 0.49759182, 0.57209927, 0.82342213, 0.63847214, 0.47841483, 0.38217324)
(0.35163113, 0.66486621, 0.59429646, 0.39996675, 0.56375837, 0.66899741, 0.64583945, 0.48235184, 0.61035383, 0.58476382)
(0.22323535, 0.59084040, 0.65365154, 0.63536114, 0.61541080, 0.59303594, 0.75905156, 0.55618960, 0.36704609, 0.46410567)
(0.32882342, 0.68725902, 0.82797533, 0.45603061, 0.38890076, 0.77048749, 0.82441944, 0.57487231, 0.78776681, 0.56619716)
(0.28785452, 0.66140985, 0.66746318, 0.82501304, 0.46014789, 0.46692613, 0.74189329, 0.36107382, 0.28802848, 0.53278774)
(0.11915763, 0.79225522, 0.60786778, 0.52224958, 0.67761880, 0.75684875, 0.78644294, 0.49453714, 0.44480887, 0.58947510)
(0.65436637, 0.56658638, 0.78790480, 0.79150164, 0.26916477, 0.38830057, 0.67656744, 0.31304774, 0.53536993, 0.51842213)
(0.65832418, 0.42768019, 0.69283748, 0.56227201, 0.55147827, 0.32372674, 0.59006053, 0.32888457, 0.36882275, 0.39141387)
(0.41235250, 0.39251110, 0.80640650, 0.54581678, 0.48110244, 0.57466692, 0.79857481, 0.65448290, 0.57586354, 0.35927123)
(0.45562091, 0.36430666, 0.89062500, 0.58615196, 0.38318002, 0.59870976, 0.85929054, 0.68512261, 0.66998470, 0.32393590)
(0.70282048, 0.20973389, 0.87448567, 0.59874225, 0.52774501, 0.30341032, 0.75021768, 0.51355410, 0.42170405, 0.19944708)
(0.28600076, 0.64922863, 0.45981452, 0.52375561, 0.65085310, 0.55692160, 0.59209651, 0.42444226, 0.36774442, 0.56377780)
(0.50672722, 0.64266306, 0.50991213, 0.56131434, 0.44954717, 0.49992436, 0.51423156, 0.33739755, 0.51146549, 0.62401348)
(0.05762171, 0.88230747, 0.64084345, 0.47205505, 0.73495269, 0.85591632, 0.85084945, 0.49691460, 0.48611835, 0.63524938)
(0.58005452, 0.39875108, 0.70991939, 0.64947152, 0.49940479, 0.33853850, 0.64620829, 0.38754669, 0.37522361, 0.39384407)
(0.26870656, 0.58089811, 0.68802750, 0.26842394, 0.72083527, 0.71989673, 0.73628181, 0.65112531, 0.60272992, 0.45471156)
(0.31846228, 0.74054182, 0.44523573, 0.57836688, 0.54487532, 0.56139284, 0.56460065, 0.31360102, 0.41475913, 0.65432501)
(0.50982171, 0.56230736, 0.67978829, 0.70149243, 0.35920489, 0.45953837, 0.65315890, 0.38974634, 0.50318742, 0.54406542)
(0.39031741, 0.59511143, 0.95082986, 0.57909471, 0.25580195, 0.77562332, 0.92024636, 0.67787355, 0.85483241, 0.44098356)
(0.36960596, 0.88299417, 0.59186679, 0.60458761, 0.29673767, 0.68574727, 0.63143998, 0.18701428, 0.67553085, 0.78814435)
(0.56917810, 0.60709339, 0.82310128, 0.86106843, 0.21117003, 0.39824572, 0.74848282, 0.29575589, 0.49359143, 0.54886460)
(0.52225637, 0.67265600, 0.45314178, 0.48207921, 0.49044210, 0.51745856, 0.46253139, 0.29609072, 0.50700617, 0.64102626)
(0.63478011, 0.36942375, 0.87530738, 0.74334300, 0.32018146, 0.40950593, 0.77421057, 0.50169754, 0.57418227, 0.35429204)
(0.38440171, 0.62995648, 0.66123402, 0.33156344, 0.59082741, 0.68670362, 0.67008448, 0.53058708, 0.65179569, 0.53843862)
(0.67605805, 0.61815321, 0.74375862, 0.76789409, 0.31128851, 0.36599267, 0.62182730, 0.24903892, 0.48121947, 0.54774737)
(0.67728794, 0.52586603, 0.79895151, 0.86613119, 0.41762909, 0.15367140, 0.66673183, 0.10819998, 0.14379402, 0.43770385)
(0.72849876, 0.65218455, 0.62266892, 0.53035086, 0.46253890, 0.40247792, 0.48259422, 0.23248522, 0.49040920, 0.55034113)
(0.69023108, 0.56094563, 0.79109150, 0.82386702, 0.34927496, 0.25198209, 0.65645802, 0.18013088, 0.30944166, 0.48037037)
(0.38807198, 0.78506738, 0.76568949, 0.62832135, 0.27936697, 0.69634318, 0.75674832, 0.35039482, 0.73398799, 0.67400950)
(0.48302943, 0.84936196, 0.60380596, 0.64403671, 0.25227159, 0.61257845, 0.58986771, 0.17877012, 0.67315298, 0.77246499)
(0.28128999, 0.68066704, 0.84707618, 0.71313715, 0.32401276, 0.68884593, 0.86105782, 0.51997405, 0.64756715, 0.52818346)
(0.10949616, 0.97045070, 0.27648780, 0.86050820, 0.58670992, 0.55786741, 0.55884242, 0.04809409, 0.12154198, 0.86153549)
(0.17490341, 0.54723179, 0.72997212, 0.29202473, 0.78059065, 0.74952245, 0.80988485, 0.73694396, 0.55050671, 0.39263424)
(0.33492410, 0.86709356, 0.45592183, 0.59789294, 0.40765211, 0.62469292, 0.55190134, 0.18249643, 0.52950519, 0.77329713)
(0.38026127, 0.65147310, 0.50868970, 0.42676678, 0.58168256, 0.60607684, 0.57185537, 0.43418181, 0.53369951, 0.59405679)
(0.48429167, 0.41546947, 0.51193231, 0.42118162, 0.77817363, 0.35160273, 0.50873607, 0.40320754, 0.23675534, 0.35424778)
(0.12707844, 0.96474928, 0.40656349, 0.90809035, 0.41859275, 0.56041670, 0.66094708, 0.05860632, 0.16978344, 0.85158330)
(0.55668426, 0.62976050, 0.90501904, 0.77820587, 0.16898654, 0.58941239, 0.83721316, 0.41751492, 0.74813181, 0.53258753)
(0.28827503, 0.72349328, 0.44673377, 0.62151283, 0.58823448, 0.53283906, 0.58254033, 0.32675615, 0.33856031, 0.62385577)
(0.08097158, 0.58805567, 0.94037670, 0.43304348, 0.67972183, 0.87587005, 0.96005154, 0.87579191, 0.68844819, 0.30065137)
(0.39408100, 0.65799820, 0.54140389, 0.60004961, 0.46429741, 0.54009831, 0.60050851, 0.37902588, 0.48888913, 0.60896868)
(0.23180340, 0.70259672, 0.35284635, 0.82953370, 0.78866702, 0.25004610, 0.50293630, 0.17859772, 0.04591440, 0.51724643)
(0.16746092, 0.96854502, 0.60700530, 0.77218127, 0.24484305, 0.77593201, 0.74318033, 0.09237271, 0.61751580, 0.87442094)
(0.58352041, 0.42631906, 0.62047076, 0.52348208, 0.60551095, 0.34137699, 0.56627876, 0.36201918, 0.32819125, 0.40927213)
(0.40410042, 0.72405577, 0.49527830, 0.59036618, 0.44082534, 0.54750586, 0.55734432, 0.30283695, 0.50419086, 0.66497505)
(0.69896895, 0.55858272, 0.54037005, 0.43108204, 0.68449062, 0.28924477, 0.42722690, 0.20451771, 0.23624510, 0.48264292)
(0.26375037, 0.53828496, 0.52917564, 0.62563074, 0.70262104, 0.46544245, 0.65438247, 0.48612759, 0.24169314, 0.44232160)
(0.53100109, 0.47104678, 0.92275530, 0.41115227, 0.35363933, 0.71173930, 0.85764706, 0.67502487, 0.83935142, 0.39346519)
(0.73938185, 0.62055439, 0.72177345, 0.72162789, 0.45829245, 0.23873556, 0.54849982, 0.12979308, 0.26112759, 0.50176609)
(0.41968620, 0.41155708, 0.88459152, 0.35685918, 0.50399488, 0.69520682, 0.84634548, 0.72235870, 0.74066377, 0.34330741)
(0.29595318, 0.71118331, 0.46917853, 0.68235445, 0.56287950, 0.49465302, 0.59876812, 0.31436470, 0.30499205, 0.60980844)
(0.21125241, 0.92530030, 0.45090729, 0.60456944, 0.44011492, 0.71348935, 0.61567336, 0.15409265, 0.52171504, 0.81397516)
(0.15527764, 0.62377298, 0.61407202, 0.57510525, 0.71859306, 0.64204127, 0.77129668, 0.58582509, 0.32638317, 0.45574403)
(0.31310207, 0.89354211, 0.29227728, 0.59985781, 0.53415704, 0.56752878, 0.42155507, 0.11448287, 0.34581789, 0.79626328)
(0.35265347, 0.78957617, 0.52174413, 0.75242889, 0.53061783, 0.45187414, 0.57396644, 0.20313619, 0.26462299, 0.64541703)
(0.46031553, 0.76366931, 0.57356179, 0.40605676, 0.47402972, 0.66572440, 0.56268400, 0.33324087, 0.66602671, 0.68487269)
(0.49776319, 0.71472883, 0.36679140, 0.29257616, 0.72539949, 0.54227388, 0.39476281, 0.25588226, 0.37869200, 0.59362626)
(0.39523339, 0.89249456, 0.29230925, 0.70908535, 0.42673770, 0.47903478, 0.38552725, 0.08070327, 0.31754085, 0.81344742)
(0.30138454, 0.72799611, 0.59784114, 0.18887201, 0.76339841, 0.76026589, 0.64110452, 0.49680522, 0.62181783, 0.55042577)
(0.12408955, 0.93841195, 0.53954154, 0.86988294, 0.41737998, 0.63633859, 0.75533229, 0.13038628, 0.26382071, 0.78783584)
(0.25370941, 0.97742212, 0.23957305, 0.67873371, 0.42074674, 0.65460241, 0.38376558, 0.03037301, 0.36416158, 0.91466773)
(0.51466000, 0.49794278, 0.90445125, 0.82118446, 0.22079016, 0.50516957, 0.85058731, 0.48034066, 0.61940885, 0.42584327)
(0.72824895, 0.64920360, 0.75165564, 0.76671505, 0.29880124, 0.34509891, 0.59925091, 0.19646263, 0.49180791, 0.56148428)
(0.42789605, 0.56932104, 0.57978076, 0.61721611, 0.46890184, 0.49894792, 0.61720431, 0.43125218, 0.46929833, 0.54620224)
(0.39586687, 0.71269298, 0.59775823, 0.51412195, 0.43608391, 0.63266730, 0.63171810, 0.38118818, 0.62078285, 0.64276427)
(0.71655959, 0.57799500, 0.67784154, 0.69658917, 0.60975695, 0.16455854, 0.51630908, 0.09373318, 0.11681076, 0.45357653)
(0.25318402, 0.59631592, 0.78395516, 0.80303049, 0.45063531, 0.54642969, 0.83047724, 0.49917862, 0.37347615, 0.45161283)
(0.43722537, 0.65166211, 0.66884375, 0.55145156, 0.39249581, 0.61153764, 0.67065167, 0.42918065, 0.64423960, 0.59801668)
(0.95290762, 0.36239174, 0.92701143, 0.25785720, 0.51740986, 0.38539538, 0.60515994, 0.39887673, 0.76700908, 0.18797830)
(0.53065753, 0.54811049, 0.54943156, 0.64985472, 0.63171351, 0.25187099, 0.52358711, 0.19160190, 0.15921888, 0.49151018)
(0.29111087, 0.70816427, 0.44949526, 0.39169458, 0.69858307, 0.62913972, 0.56499559, 0.40695694, 0.43978667, 0.59486502)
(0.38141763, 0.56728184, 0.88158745, 0.72539163, 0.28833422, 0.62832487, 0.86247140, 0.56247193, 0.66745770, 0.46012083)
(0.40045375, 0.95654416, 0.82556427, 0.88893968, 0.06496147, 0.70098567, 0.79928845, 0.07346764, 0.79036260, 0.86890107)
(0.40974721, 0.47691828, 0.87770009, 0.80311805, 0.31139058, 0.51927692, 0.85217422, 0.54174078, 0.53899282, 0.39358768)
(0.23879007, 0.74473113, 0.42164099, 0.45346719, 0.69464052, 0.62924868, 0.58013523, 0.37745646, 0.39212343, 0.61878937)
(0.60056859, 0.31381300, 0.89465868, 0.86881971, 0.30051148, 0.27425420, 0.81642127, 0.41736919, 0.37091544, 0.30867374)
(0.45675352, 0.32536638, 0.72669870, 0.70539922, 0.59313655, 0.30801231, 0.71495497, 0.48237514, 0.25358486, 0.29997087)
(0.41931969, 0.33703727, 0.87863338, 0.69891149, 0.39456588, 0.52544290, 0.86041498, 0.66390580, 0.54713351, 0.29743630)
(0.21746197, 0.51468736, 0.75900167, 0.80922544, 0.57831389, 0.48064077, 0.83024681, 0.54541653, 0.24366307, 0.36733368)
(0.15401903, 0.93034458, 0.24678732, 0.82769012, 0.68968385, 0.43424898, 0.48390761, 0.06850987, 0.08436967, 0.77967083)
(0.07384903, 0.95859486, 0.52080226, 0.91885304, 0.48689541, 0.62176293, 0.78935462, 0.09995526, 0.15008068, 0.79796654)
(0.42476133, 0.87060744, 0.48104262, 0.74872684, 0.43677762, 0.47345856, 0.49639818, 0.12073641, 0.32903931, 0.75284392)
(0.16100131, 0.71023142, 0.56299609, 0.22652192, 0.83858156, 0.77300268, 0.71592396, 0.59122795, 0.48970982, 0.49820700)
(0.63851798, 0.57664919, 0.88596284, 0.71503794, 0.20952626, 0.55863184, 0.78814960, 0.43782967, 0.75598556, 0.49618959)
(0.22626138, 0.92156518, 0.24574998, 0.68173814, 0.59915578, 0.54326111, 0.43124506, 0.08783675, 0.22427116, 0.81213260)
(0.49901253, 0.51529878, 0.51050037, 0.57741261, 0.69014364, 0.28929314, 0.51058567, 0.26320985, 0.17348720, 0.46630237)
(0.81491071, 0.58346021, 0.73455435, 0.56132370, 0.48499358, 0.29730421, 0.52012694, 0.17971650, 0.41421047, 0.45189226)
(0.66636682, 0.43278086, 0.76562828, 0.73961014, 0.50083649, 0.21922597, 0.64309692, 0.21112747, 0.23530470, 0.38185346)
(0.41744891, 0.80608892, 0.61227810, 0.77151793, 0.27163276, 0.53207821, 0.63786447, 0.20724283, 0.52313864, 0.71910483)
(0.12964749, 0.74721932, 0.54706478, 0.31775951, 0.80770046, 0.76903832, 0.73584557, 0.56207675, 0.45200026, 0.53419429)
(0.27226767, 0.60084903, 0.71163559, 0.41443598, 0.59127063, 0.70905304, 0.76392180, 0.63082540, 0.62164915, 0.49592072)
(0.23912632, 0.76649976, 0.48151216, 0.53068733, 0.59577757, 0.64402843, 0.63140309, 0.36659119, 0.44431266, 0.64727873)
(0.25679654, 0.71526426, 0.86107659, 0.66642886, 0.32750791, 0.74365932, 0.87501603, 0.54117709, 0.70605224, 0.54924971)
(0.32394791, 0.50806522, 0.94665104, 0.43102998, 0.39843294, 0.80326247, 0.92502636, 0.78320807, 0.84275120, 0.36345664)
(0.44391921, 0.82976949, 0.50379711, 0.61689526, 0.32528961, 0.58360666, 0.53854769, 0.18583567, 0.58511758, 0.75733954)
(0.27559596, 0.65443921, 0.72110856, 0.52148867, 0.49382469, 0.69764048, 0.77337617, 0.55907977, 0.62027448, 0.54461002)
(0.55112046, 0.56362927, 0.46264419, 0.31795210, 0.66711432, 0.50648046, 0.45383775, 0.38047752, 0.45335436, 0.51545018)
(0.13988078, 0.63967973, 0.67459369, 0.51923168, 0.69174451, 0.71826559, 0.81302357, 0.65067047, 0.43756455, 0.46658093)
(0.92249393, 0.23918262, 0.95467889, 0.44187886, 0.42124343, 0.35900909, 0.73889667, 0.51444179, 0.75009972, 0.15402727)
(0.28410149, 0.83810693, 0.67601627, 0.86616814, 0.29266647, 0.54081690, 0.74858636, 0.20867579, 0.38708240, 0.69760454)
(0.39749104, 0.72235245, 0.80860972, 0.70910364, 0.27106360, 0.64608616, 0.79028362, 0.39859679, 0.68095654, 0.60804975)
(0.34506321, 0.65109670, 0.46774605, 0.33861181, 0.70363015, 0.61592031, 0.55140704, 0.44202173, 0.47389776, 0.55868363)
(0.36720029, 0.67098552, 0.86797476, 0.53886342, 0.31276318, 0.74949318, 0.84725797, 0.56435066, 0.79913002, 0.55023581)
(0.14610091, 0.92534423, 0.54039705, 0.78131407, 0.42618665, 0.68519288, 0.73471653, 0.16599700, 0.38281953, 0.77944314)
(0.15285231, 0.74913800, 0.85076678, 0.37986994, 0.55045247, 0.86160487, 0.89038497, 0.68973702, 0.77207422, 0.53903407)
(0.36598113, 0.82880718, 0.36623651, 0.33794752, 0.67379546, 0.64437681, 0.43932095, 0.22251597, 0.46447656, 0.71012914)
(0.32747227, 0.45237789, 0.85715806, 0.84808356, 0.38874000, 0.45642775, 0.86000186, 0.53541321, 0.37661186, 0.35212162)
(0.39207718, 0.91483861, 0.48953384, 0.49654481, 0.36388606, 0.71105933, 0.52831280, 0.13932259, 0.66632575, 0.82805508)
(0.53917760, 0.75614941, 0.52792150, 0.63264054, 0.32926431, 0.51337034, 0.50841272, 0.21872656, 0.56249183, 0.70789266)
(0.18909730, 0.77347755, 0.55220646, 0.28724661, 0.75660062, 0.77257323, 0.68936694, 0.49537581, 0.54677147, 0.58612710)
(0.30358231, 0.70282459, 0.77168280, 0.33865249, 0.52268010, 0.78583896, 0.78223372, 0.57979959, 0.75927818, 0.56910801)
(0.54888260, 0.35912830, 0.66531801, 0.56698662, 0.62435520, 0.31396860, 0.61842108, 0.39913931, 0.28744653, 0.35030437)
(0.40611917, 0.64167273, 0.90044492, 0.56204605, 0.27648827, 0.74285340, 0.86653155, 0.58399886, 0.82056421, 0.52010465)
(0.76165676, 0.48842269, 0.79727924, 0.74293602, 0.46640545, 0.20075539, 0.62052780, 0.15193342, 0.25372797, 0.39351234)
(0.68153346, 0.68562704, 0.60566777, 0.54475760, 0.39945614, 0.48722956, 0.47808361, 0.28053305, 0.59557253, 0.61571264)
(0.33555719, 0.75018078, 0.62178111, 0.82254237, 0.37813237, 0.47676557, 0.68267226, 0.26441982, 0.34627873, 0.63655919)
(0.55002850, 0.72850370, 0.70163631, 0.73496932, 0.24051346, 0.52038485, 0.64425218, 0.26430136, 0.62481308, 0.67116296)
(0.13025855, 0.79528832, 0.60280031, 0.48621607, 0.66205978, 0.76782405, 0.77561879, 0.49233451, 0.49596763, 0.60439599)
(0.60807186, 0.81560439, 0.67167294, 0.42757332, 0.31056675, 0.68180364, 0.56286472, 0.24644184, 0.78872526, 0.74443233)
(0.55510569, 0.59264332, 0.54130942, 0.62784821, 0.54826057, 0.31825969, 0.51045030, 0.21814239, 0.26061496, 0.54946887)
(0.66687739, 0.89518160, 0.76430500, 0.91906554, 0.08401340, 0.43740585, 0.63434649, 0.07471613, 0.60886544, 0.81846309)
(0.09016553, 0.84398788, 0.42815790, 0.55727684, 0.79347211, 0.69631451, 0.70657325, 0.35804740, 0.23869550, 0.62312466)
(0.15036568, 0.83593869, 0.45546481, 0.44905975, 0.71988177, 0.72331148, 0.65956658, 0.36100617, 0.40771377, 0.66103363)
(0.59287202, 0.70701021, 0.56762087, 0.39212683, 0.44287226, 0.59633136, 0.49670863, 0.30613029, 0.66568339, 0.65872765)
(0.34143779, 0.91581357, 0.64339328, 0.90358233, 0.17669052, 0.52327985, 0.69474638, 0.09500585, 0.43614832, 0.80982769)
(0.16897282, 0.69260359, 0.59787512, 0.66924441, 0.65084565, 0.60492849, 0.75525177, 0.47389367, 0.29464191, 0.51999134)
(0.82961792, 0.42304096, 0.95357412, 0.59509343, 0.22598974, 0.54659510, 0.81200582, 0.53982627, 0.85807192, 0.31922659)
(0.53261364, 0.58004695, 0.73078769, 0.79776067, 0.32055420, 0.39536256, 0.67965478, 0.32977179, 0.43114120, 0.53717476)
(0.43565777, 0.40404594, 0.58581644, 0.58388323, 0.64032656, 0.37402749, 0.61459905, 0.47197229, 0.29314953, 0.38559690)
(0.20163371, 0.57137877, 0.88069761, 0.73479056, 0.41808259, 0.69070792, 0.90536475, 0.67539090, 0.56439203, 0.40494508)
(0.31260014, 0.72353846, 0.82511967, 0.85265619, 0.26267335, 0.57533121, 0.83862656, 0.36250964, 0.50881463, 0.57210833)
(0.26227176, 0.73944300, 0.45849630, 0.79622275, 0.59129065, 0.40878725, 0.60527843, 0.24306682, 0.17667413, 0.59895819)
(0.32014444, 0.36830217, 0.91202688, 0.81747437, 0.38072878, 0.52437925, 0.90569240, 0.66990435, 0.47330624, 0.27728915)
(0.60594779, 0.38204390, 0.72920644, 0.64926374, 0.54920447, 0.28873935, 0.64087027, 0.34211278, 0.29707828, 0.36127445)
(0.19495797, 0.84710431, 0.43288556, 0.50273854, 0.62882137, 0.69137746, 0.61478490, 0.29533589, 0.43641260, 0.70916820)
(0.15477280, 0.82905906, 0.66972667, 0.60091794, 0.51618767, 0.76125914, 0.79704225, 0.42226073, 0.54802221, 0.65342778)
(0.21891382, 0.64830440, 0.68357897, 0.50174594, 0.57636470, 0.70668364, 0.77564096, 0.59538245, 0.55745161, 0.52385664)
(0.69993228, 0.50565040, 0.92433745, 0.73729008, 0.19801804, 0.53430504, 0.81667262, 0.47667593, 0.77559155, 0.42019323)
(0.35161668, 0.36046743, 0.57105374, 0.51875407, 0.79841405, 0.35980177, 0.62740421, 0.49117661, 0.20378281, 0.28869051)
(0.14220883, 0.86922574, 0.67202497, 0.79197133, 0.44312519, 0.68831843, 0.81447685, 0.29542616, 0.39158016, 0.67986780)
(0.36342993, 0.66933197, 0.42824227, 0.57321042, 0.57980323, 0.50147581, 0.52719742, 0.33987692, 0.36916777, 0.60980237)
(0.35582697, 0.59647846, 0.93495095, 0.72037399, 0.26430485, 0.69928217, 0.91086209, 0.61155856, 0.74122721, 0.43357894)
(0.11357132, 0.75683385, 0.67907214, 0.79711646, 0.64571899, 0.60535747, 0.82930046, 0.43416774, 0.21551949, 0.51315826)
(0.36107093, 0.57892388, 0.51478249, 0.74572372, 0.59097779, 0.33939067, 0.59325528, 0.31337467, 0.19118601, 0.50821376)
(0.70136034, 0.44494241, 0.88239247, 0.54595000, 0.32099950, 0.55109596, 0.75259656, 0.54646957, 0.77186084, 0.38893962)
(0.34394157, 0.49281579, 0.85232681, 0.74721771, 0.37340495, 0.57201427, 0.84969950, 0.59597075, 0.54621148, 0.40372708)
(0.12514582, 0.78661627, 0.66481692, 0.55124301, 0.62837613, 0.76367742, 0.81293541, 0.50924164, 0.48394781, 0.58277828)
(0.51057947, 0.82221782, 0.54919022, 0.64673549, 0.28834167, 0.56000549, 0.53391373, 0.17959146, 0.60615206, 0.75506186)
(0.38713071, 0.31290892, 0.90230602, 0.57643503, 0.46425089, 0.60328144, 0.88510966, 0.74452496, 0.59921998, 0.25842962)
(0.05513746, 0.87100244, 0.71669072, 0.79579854, 0.65911978, 0.74335539, 0.88886505, 0.41034448, 0.24481319, 0.58258152)
(0.14108877, 0.73180991, 0.64591658, 0.50542682, 0.65664673, 0.74660003, 0.79474926, 0.56313622, 0.48278657, 0.54762220)
(0.36637759, 0.87919742, 0.40674734, 0.31860816, 0.62428629, 0.70665085, 0.46047953, 0.19457524, 0.55817324, 0.76243132)
(0.31356105, 0.74211377, 0.43614468, 0.39199224, 0.67592698, 0.63149834, 0.53699577, 0.36044472, 0.45749933, 0.63130569)
(0.38381168, 0.80307412, 0.49702764, 0.63795322, 0.38597915, 0.56854159, 0.56441301, 0.22993343, 0.51681185, 0.72222024)
(0.53752208, 0.71805573, 0.76915681, 0.73203707, 0.22471608, 0.56093740, 0.70412457, 0.30634096, 0.67464465, 0.64931315)
(0.65638137, 0.59552246, 0.50401145, 0.42580643, 0.62963057, 0.38683298, 0.42390534, 0.26213616, 0.34279758, 0.52380109)
(0.37124541, 0.82298058, 0.65581787, 0.64744818, 0.29334781, 0.65674460, 0.68738872, 0.25845319, 0.66262591, 0.72112405)
(0.42571014, 0.86100024, 0.33717057, 0.39170435, 0.59053361, 0.61601943, 0.39203733, 0.14862740, 0.46302187, 0.75716019)
(0.10160266, 0.75028151, 0.84385735, 0.79100651, 0.51119524, 0.73907375, 0.91539389, 0.57511926, 0.41121554, 0.47870860)
(0.39293757, 0.68813008, 0.50708121, 0.55475891, 0.54170716, 0.54190260, 0.55812132, 0.35025245, 0.44784051, 0.61508292)
(0.83085847, 0.31040350, 0.94116318, 0.66104817, 0.28487089, 0.40822208, 0.78019440, 0.52692145, 0.74737477, 0.25857142)
(0.72505713, 0.78365082, 0.62575483, 0.72859180, 0.26921225, 0.42905420, 0.47730517, 0.15361944, 0.57108331, 0.69803661)
(0.37574703, 0.69283885, 0.71586561, 0.72814256, 0.35056412, 0.56795681, 0.72929621, 0.38014069, 0.53569418, 0.59528452)
(0.48201072, 0.67727423, 0.81737143, 0.94294751, 0.19173372, 0.30862322, 0.78073752, 0.19680373, 0.29885367, 0.57498384)
(0.42458889, 0.78445125, 0.38290557, 0.46349651, 0.56650561, 0.56610811, 0.43967819, 0.22245701, 0.45134327, 0.70001060)
(0.11537965, 0.73952746, 0.74519771, 0.77878356, 0.59160185, 0.66453671, 0.86406869, 0.50509322, 0.29878950, 0.49781236)
(0.78856593, 0.50666159, 0.92719072, 0.11077426, 0.49805224, 0.74383968, 0.73085904, 0.57365799, 0.91043943, 0.38535267)
(0.24680465, 0.66913545, 0.71947426, 0.22065181, 0.72015166, 0.78978860, 0.76381284, 0.63404590, 0.67791986, 0.49613947)
(0.36538771, 0.65418273, 0.52688932, 0.44535315, 0.56596607, 0.61419940, 0.59435672, 0.44271672, 0.54136014, 0.59366757)
(0.42473009, 0.47705904, 0.59976387, 0.73430103, 0.65806150, 0.24561132, 0.62117064, 0.27008918, 0.12873350, 0.40306437)
(0.23963064, 0.88013166, 0.78230959, 0.58308208, 0.30816561, 0.81131387, 0.81819546, 0.33273011, 0.77428406, 0.73142380)
(0.21021795, 0.84599823, 0.54298329, 0.75261778, 0.47429892, 0.60321796, 0.69414705, 0.24698851, 0.35673645, 0.69991297)
(0.62763202, 0.21648240, 0.88892120, 0.72381467, 0.42530832, 0.31662220, 0.80204338, 0.54525721, 0.42159656, 0.22556531)
(0.71146101, 0.64348811, 0.68059528, 0.51429343, 0.37493491, 0.52144074, 0.52945882, 0.34052357, 0.68363392, 0.56724083)
(0.22480328, 0.70240647, 0.47863752, 0.52466857, 0.66778904, 0.61126399, 0.64014596, 0.42883798, 0.37190670, 0.57891923)
(0.36007819, 0.56548983, 0.55969608, 0.30643076, 0.70225441, 0.61801130, 0.60673034, 0.53731376, 0.52165484, 0.49076506)
(0.18898751, 0.82014990, 0.54847360, 0.43528160, 0.64354056, 0.74656016, 0.69034028, 0.39864209, 0.52906799, 0.65888339)
(0.40798321, 0.68070865, 0.76245439, 0.32242560, 0.49049842, 0.75022864, 0.73381209, 0.53034556, 0.77103317, 0.57542962)
(0.10055852, 0.75138175, 0.67883438, 0.65319836, 0.67889804, 0.71794742, 0.84040815, 0.54062974, 0.33220267, 0.51258731)
(0.52907068, 0.72072768, 0.86101443, 0.56833959, 0.22883935, 0.71529365, 0.78803062, 0.41127914, 0.83536088, 0.61701119)
(0.32353508, 0.65550232, 0.51296806, 0.14032392, 0.86466712, 0.69564271, 0.56013119, 0.48734957, 0.49037158, 0.46500546)
(0.20430587, 0.81801194, 0.38205287, 0.35372928, 0.77598011, 0.68600994, 0.55613595, 0.32263634, 0.37900546, 0.65125650)
(0.18319914, 0.81671125, 0.86029398, 0.86414790, 0.28261793, 0.69080734, 0.89614338, 0.38550717, 0.52064598, 0.60172641)
(0.58447087, 0.74091882, 0.58851373, 0.77576166, 0.28548083, 0.41757149, 0.53768933, 0.19526580, 0.46913362, 0.68811154)
(0.26478839, 0.69319791, 0.47593838, 0.48916510, 0.63654482, 0.61559504, 0.61467475, 0.42829019, 0.43264341, 0.59278810)
(0.35849327, 0.65174240, 0.67138040, 0.41297591, 0.51059252, 0.69079316, 0.69853401, 0.51985180, 0.66818732, 0.57310104)
(0.40177649, 0.76465631, 0.39240888, 0.64679420, 0.47035214, 0.48342147, 0.48032713, 0.20929870, 0.37625217, 0.70022172)
(0.34774241, 0.57072312, 0.84455156, 0.52548367, 0.39552909, 0.70721799, 0.83746785, 0.63766545, 0.73006219, 0.47724381)
(0.23834166, 0.61786968, 0.69157100, 0.58006018, 0.54568291, 0.65690744, 0.77529907, 0.57907289, 0.50475681, 0.50259542)
(0.44845369, 0.27773371, 0.86745930, 0.77966911, 0.44655496, 0.37426898, 0.84066850, 0.58772850, 0.37105194, 0.24955988)
(0.21391071, 0.45622772, 0.64208299, 0.65088737, 0.73355204, 0.48405123, 0.75651944, 0.59218401, 0.23004557, 0.34160906)
(0.44223541, 0.59971976, 0.54111338, 0.30045006, 0.65788352, 0.60983121, 0.55309731, 0.46702346, 0.55868322, 0.53258246)
(0.12335936, 0.62290275, 0.74463785, 0.45575589, 0.70494920, 0.77265638, 0.85539579, 0.72911209, 0.51942223, 0.43564990)
(0.30247709, 0.78482294, 0.78048420, 0.10419074, 0.79012150, 0.86205065, 0.74749452, 0.55083835, 0.77500248, 0.51945668)
(0.49984568, 0.76503193, 0.52292311, 0.62585163, 0.33957770, 0.53136337, 0.52643383, 0.22458476, 0.56066126, 0.71124762)
(0.19654816, 0.87478846, 0.42591557, 0.57455504, 0.59158045, 0.67044032, 0.60659605, 0.23542555, 0.40231538, 0.74047005)
(0.56634402, 0.66795063, 0.51546460, 0.27653846, 0.60818028, 0.59747702, 0.46726772, 0.35259181, 0.58992594, 0.59362102)
(0.62842494, 0.49043638, 0.79824048, 0.52783978, 0.37702274, 0.54775017, 0.69278806, 0.51142681, 0.70478964, 0.45008409)
(0.74817634, 0.24029222, 0.91773319, 0.63346469, 0.37309024, 0.38833803, 0.79104829, 0.57841647, 0.62951976, 0.22763351)
(0.43213972, 0.76646334, 0.66654873, 0.90486234, 0.26381290, 0.36832178, 0.67298645, 0.17299716, 0.29637951, 0.66684002)
(0.24085988, 0.63183194, 0.66800445, 0.47776371, 0.58312941, 0.69449031, 0.75540894, 0.59258252, 0.56268799, 0.52163827)
(0.62977034, 0.74582726, 0.40995839, 0.39770147, 0.51766568, 0.50705266, 0.36807108, 0.19000977, 0.48902810, 0.66967046)
(0.41781795, 0.87614179, 0.35062781, 0.52148932, 0.46935242, 0.59532398, 0.41504413, 0.12908107, 0.47916985, 0.79198569)
(0.13472091, 0.69976437, 0.62295252, 0.66232997, 0.70934826, 0.62253982, 0.78318137, 0.49712944, 0.26313090, 0.48972139)
(0.10010856, 0.87993658, 0.83104104, 0.79290116, 0.38055399, 0.80128241, 0.91003245, 0.41122842, 0.54466701, 0.64750457)
(0.56980485, 0.35361466, 0.78941041, 0.75418550, 0.42703274, 0.30473125, 0.72569096, 0.39794111, 0.35517409, 0.35527343)
(0.24904238, 0.60389501, 0.59837610, 0.36836132, 0.69626635, 0.67999470, 0.70094794, 0.59911108, 0.51873279, 0.49447802)
(0.60335618, 0.48707092, 0.91494536, 0.73753166, 0.21748932, 0.55036926, 0.83672214, 0.51753432, 0.73540288, 0.42226690)
(0.72705811, 0.50896436, 0.88217759, 0.13821208, 0.53111869, 0.70643467, 0.69301564, 0.55363047, 0.86136365, 0.42062140)
(0.35665414, 0.71248466, 0.91843724, 0.43566549, 0.30290893, 0.83128268, 0.88815385, 0.61955857, 0.88312942, 0.55371594)
(0.13032389, 0.71371639, 0.69584131, 0.52732944, 0.64540136, 0.75830775, 0.82782692, 0.61210924, 0.49272090, 0.52105176)
(0.41829953, 0.76496530, 0.58524901, 0.60929024, 0.35011849, 0.59698808, 0.61591977, 0.28316832, 0.60627949, 0.69105697)
(0.35331297, 0.72677749, 0.79325205, 0.72958589, 0.28098252, 0.64347702, 0.79916745, 0.40022030, 0.64354885, 0.60675925)
(0.45814237, 0.69199198, 0.61865824, 0.69448078, 0.34367630, 0.51729679, 0.62435931, 0.31594238, 0.53145444, 0.63938677)
(0.21956713, 0.70247477, 0.77297062, 0.73060066, 0.42793104, 0.66119337, 0.83556867, 0.49016413, 0.50111765, 0.53508192)
(0.24929473, 0.70452547, 0.66639656, 0.41295403, 0.57355475, 0.74008089, 0.74366963, 0.54265207, 0.63818526, 0.57790452)
(0.45300221, 0.53730029, 0.69841897, 0.85639054, 0.48228431, 0.24270415, 0.69046462, 0.23556124, 0.15749502, 0.44737664)
(0.22688136, 0.66653383, 0.63587433, 0.33493319, 0.68676567, 0.73619527, 0.73185605, 0.59147829, 0.58375132, 0.52607566)
(0.39241755, 0.87695980, 0.53937966, 0.55103844, 0.34469870, 0.67482889, 0.57637614, 0.18785623, 0.65488136, 0.78868878)
(0.23295726, 0.58883548, 0.73147857, 0.68082887, 0.53591591, 0.61051083, 0.80339414, 0.57180536, 0.42648271, 0.45876160)
(0.21055202, 0.87949854, 0.50352561, 0.93841571, 0.43792167, 0.34780008, 0.66575682, 0.09830093, 0.10357483, 0.70805144)
(0.25394416, 0.56275249, 0.83835655, 0.71862924, 0.43724388, 0.63383704, 0.86209178, 0.61532050, 0.52498358, 0.42475694)
(0.70151907, 0.70068866, 0.54273856, 0.49746418, 0.43722510, 0.47468615, 0.43711868, 0.23911071, 0.55460918, 0.60643101)
(0.28712177, 0.65447837, 0.42654166, 0.49746907, 0.67809224, 0.55302966, 0.56503451, 0.40911770, 0.35341552, 0.56690496)
(0.72292089, 0.34802103, 0.73093557, 0.40265411, 0.64166296, 0.34341979, 0.58250636, 0.40901357, 0.41644070, 0.29631108)
(0.07772880, 0.84111458, 0.43509951, 0.62105548, 0.81380123, 0.66483903, 0.72470075, 0.34909105, 0.17650066, 0.59879279)
(0.20857461, 0.82467133, 0.85539341, 0.80661362, 0.26380622, 0.73114359, 0.88399827, 0.39210477, 0.63335449, 0.63314903)
(0.53993434, 0.68255216, 0.61079329, 0.54392934, 0.36767647, 0.56476635, 0.57188880, 0.33464223, 0.64143056, 0.64610130)
(0.28066930, 0.70950574, 0.56633055, 0.54757929, 0.53069913, 0.63914675, 0.67050248, 0.42753989, 0.50972420, 0.61011779)
(0.76189190, 0.35177532, 0.90586364, 0.79299027, 0.28304455, 0.31753641, 0.76968873, 0.39421174, 0.56729168, 0.31526032)
(0.65685743, 0.59132290, 0.73967975, 0.26647201, 0.49477947, 0.64095438, 0.59604192, 0.44695172, 0.76034278, 0.52619231)
(0.57119876, 0.42236432, 0.54858613, 0.41923001, 0.72486377, 0.31656933, 0.50404876, 0.33083272, 0.24473274, 0.38869840)
(0.71085435, 0.72218978, 0.81650400, 0.66538298, 0.20810968, 0.57415098, 0.66096050, 0.29374874, 0.78417724, 0.62378478)
(0.55609155, 0.47029972, 0.80850649, 0.71732944, 0.32963279, 0.45985606, 0.73738497, 0.46354705, 0.56100899, 0.44839516)
(0.39485809, 0.72943276, 0.80707312, 0.78510022, 0.24218376, 0.60101885, 0.79315126, 0.35921031, 0.62479383, 0.61400503)
(0.59521234, 0.46731764, 0.52705914, 0.46345246, 0.75109267, 0.25195938, 0.46985844, 0.23510359, 0.15331265, 0.41878471)
(0.66266042, 0.30120534, 0.85473305, 0.76387042, 0.43472850, 0.25866446, 0.74978596, 0.37673217, 0.34633082, 0.28453743)
(0.36999246, 0.87482148, 0.49644905, 0.81632668, 0.29068977, 0.49415550, 0.57714868, 0.12275121, 0.39522234, 0.77927876)
(0.07727227, 0.82676256, 0.36048731, 0.67610633, 0.85873783, 0.56545573, 0.67505854, 0.29166061, 0.09485536, 0.56768060)
(0.33218282, 0.53956890, 0.69458473, 0.83800137, 0.47894683, 0.37115332, 0.74663454, 0.39051962, 0.23748590, 0.44992024)
(0.33263788, 0.69041264, 0.55290926, 0.50457031, 0.53012818, 0.62550366, 0.62881261, 0.42381442, 0.53901577, 0.61270761)
(0.46350685, 0.82325518, 0.34892836, 0.55331612, 0.47807282, 0.52253312, 0.39933363, 0.14839582, 0.42690083, 0.74778628)
(0.26112279, 0.83588320, 0.56697875, 0.54719752, 0.45466208, 0.70515579, 0.67069966, 0.30284497, 0.59180957, 0.71497273)
(0.29568121, 0.59614348, 0.60955727, 0.55643332, 0.55933660, 0.59969014, 0.69768107, 0.52603877, 0.47203597, 0.51832992)
(0.43213499, 0.83936870, 0.50105596, 0.76777565, 0.29058900, 0.49248439, 0.54784328, 0.14750268, 0.45591152, 0.76142979)
(0.45922813, 0.71213281, 0.72096902, 0.62528861, 0.30463618, 0.61940062, 0.69741035, 0.36593041, 0.68322092, 0.63857514)
(0.31135830, 0.69025540, 0.64948255, 0.42070749, 0.53766567, 0.70831090, 0.70211351, 0.50594366, 0.64559138, 0.59023535)
(0.31645182, 0.68370020, 0.92282933, 0.43214229, 0.33788964, 0.83362514, 0.90100628, 0.66932762, 0.86998588, 0.51625735)
(0.14813592, 0.49945509, 0.82123786, 0.73992813, 0.64440650, 0.60624713, 0.88436443, 0.69323587, 0.30856016, 0.31779501)
(0.13658522, 0.74570787, 0.66485739, 0.61103386, 0.62268943, 0.71704406, 0.81080562, 0.51889998, 0.41605040, 0.54704171)
(0.30778158, 0.77323693, 0.44133615, 0.56733215, 0.53330070, 0.58545190, 0.56457633, 0.29108551, 0.43836620, 0.67912656)
(0.28896108, 0.72334820, 0.90446198, 0.76062566, 0.24270037, 0.72492272, 0.89879477, 0.50303280, 0.72120613, 0.54074502)
(0.25279260, 0.58535552, 0.73541510, 0.52850962, 0.53494179, 0.68423480, 0.79503095, 0.63485044, 0.57761776, 0.48255742)
(0.32055518, 0.77063096, 0.40290606, 0.57874745, 0.55743802, 0.55175543, 0.52649575, 0.26920837, 0.38840580, 0.68218929)
(0.21643874, 0.68403125, 0.72004080, 0.51975846, 0.52828157, 0.73030639, 0.79918343, 0.57618380, 0.60252261, 0.54559714)
(0.38007990, 0.69682318, 0.52564144, 0.47474843, 0.51556820, 0.61572111, 0.58465993, 0.39064902, 0.56060785, 0.63404304)
(0.32553649, 0.71411020, 0.57629454, 0.51942843, 0.50375080, 0.64242035, 0.64705914, 0.41279274, 0.56218714, 0.62690997)
(0.13026391, 0.89481932, 0.37123266, 0.88845789, 0.66135162, 0.41065592, 0.62858731, 0.11370226, 0.07517723, 0.69792205)
(0.68931526, 0.55753672, 0.81428117, 0.73505551, 0.26618305, 0.44429007, 0.68038273, 0.36711997, 0.63716739, 0.50132591)
(0.48298165, 0.28963348, 0.90693134, 0.33258191, 0.57555193, 0.61953908, 0.84526598, 0.73305243, 0.66559654, 0.23630877)
(0.39555040, 0.67073131, 0.47881329, 0.42187443, 0.58639425, 0.59434998, 0.53881592, 0.39746433, 0.51855779, 0.61296052)
(0.57684427, 0.79210448, 0.52231950, 0.57121640, 0.32416022, 0.55177236, 0.47836158, 0.19007875, 0.61644405, 0.73684490)
(0.59755677, 0.47458613, 0.76124960, 0.81477839, 0.49898925, 0.20670773, 0.66910744, 0.20182280, 0.17052381, 0.39813861)
(0.16506815, 0.64823526, 0.52998060, 0.49927750, 0.75670689, 0.63874751, 0.71177930, 0.54248184, 0.32631502, 0.48571196)
(0.68854243, 0.56122357, 0.71744317, 0.66570377, 0.38574427, 0.38513437, 0.58978832, 0.29732785, 0.51673079, 0.50425303)
(0.22718889, 0.60476542, 0.76072347, 0.53388530, 0.53145915, 0.71021330, 0.82061321, 0.64788085, 0.59218299, 0.48159739)
(0.58779746, 0.54165578, 0.68155605, 0.51785767, 0.42616189, 0.52951270, 0.60834789, 0.45457891, 0.63468283, 0.51225233)
(0.25342706, 0.67530739, 0.42674792, 0.43194118, 0.72307247, 0.60065544, 0.58123136, 0.43051866, 0.37163892, 0.56240320)
(0.73792154, 0.21452390, 0.89608335, 0.61822140, 0.46303761, 0.32336223, 0.76553959, 0.52675897, 0.50519532, 0.20177029)
(0.28461105, 0.85278404, 0.40657714, 0.66400671, 0.48377901, 0.56731093, 0.55174959, 0.18510045, 0.37888637, 0.74411416)
(0.25253677, 0.86564624, 0.45802057, 0.55792171, 0.49867859, 0.67258406, 0.59667087, 0.23151605, 0.50498801, 0.75024009)
(0.33539861, 0.68799382, 0.71607554, 0.63415384, 0.38860568, 0.64133173, 0.74944603, 0.44619364, 0.60377091, 0.58719349)
(0.28379536, 0.87216419, 0.57439977, 0.91131359, 0.31203008, 0.43517488, 0.67699015, 0.12604859, 0.23973951, 0.73934925)
(0.20583497, 0.94002825, 0.45919734, 0.77613997, 0.35991585, 0.64273816, 0.63672948, 0.10250229, 0.40690789, 0.82912874)
(0.66918397, 0.55433655, 0.71614015, 0.65201122, 0.36059135, 0.43129951, 0.60361165, 0.35202342, 0.58123064, 0.51113290)
(0.56478345, 0.45273200, 0.79497641, 0.81061035, 0.49592751, 0.27128041, 0.71050221, 0.33035228, 0.23205066, 0.35592422)
(0.27086467, 0.51524526, 0.94746000, 0.72266728, 0.29726666, 0.72790444, 0.94016361, 0.73699158, 0.73377031, 0.35967469)
(0.54494065, 0.45409161, 0.55163825, 0.53440762, 0.77231008, 0.22583771, 0.51444691, 0.23197937, 0.11151351, 0.37507099)
(0.10771172, 0.74783975, 0.53465909, 0.52517396, 0.77562296, 0.70063478, 0.75675136, 0.51193994, 0.30173916, 0.52931321)
(0.31101376, 0.31142563, 0.83313674, 0.74347073, 0.67068279, 0.38864607, 0.83903742, 0.63529027, 0.22805162, 0.21084872)
(0.41370407, 0.68977779, 0.78399080, 0.62194836, 0.30731729, 0.66021293, 0.76746422, 0.43732241, 0.70840096, 0.59634882)
(0.24992412, 0.87329334, 0.50084585, 0.35522118, 0.63459563, 0.76282251, 0.60153621, 0.29320580, 0.58472139, 0.73199761)
(0.14701124, 0.63138890, 0.50875604, 0.62289268, 0.80837381, 0.52557313, 0.70159763, 0.48259482, 0.16700399, 0.44083664)
(0.16176338, 0.90167236, 0.56376964, 0.74686313, 0.44143650, 0.68690741, 0.73677295, 0.21221909, 0.41612622, 0.74965364)
(0.93077618, 0.40711305, 0.89137006, 0.20603442, 0.53963506, 0.46955928, 0.55200958, 0.46220142, 0.78685564, 0.24264659)
(0.52052706, 0.55522126, 0.78220099, 0.79036289, 0.28852749, 0.44087654, 0.73132920, 0.38062751, 0.50511014, 0.51422715)
(0.23896559, 0.54548407, 0.83877283, 0.64903915, 0.46002194, 0.67786837, 0.86850202, 0.67693156, 0.57873511, 0.41931224)
(0.64396387, 0.49988881, 0.89631397, 0.75204372, 0.22387251, 0.50646013, 0.79835439, 0.46487346, 0.70675474, 0.43631822)
(0.44437447, 0.47973183, 0.93124980, 0.51624447, 0.31614596, 0.72026002, 0.89257240, 0.70180511, 0.82096291, 0.39075676)
(0.22399671, 0.74917644, 0.64570916, 0.58279115, 0.50662488, 0.69631517, 0.75045770, 0.45079964, 0.53984863, 0.61065489)
(0.53099048, 0.51707047, 0.49076650, 0.55563247, 0.74607390, 0.23607774, 0.47360396, 0.20428927, 0.11656304, 0.45934460)
(0.36230946, 0.71840113, 0.58304459, 0.17744382, 0.75949585, 0.73732591, 0.59572852, 0.46005774, 0.62232161, 0.55021650)
(0.52369875, 0.32419741, 0.88237989, 0.78507960, 0.34366250, 0.40167233, 0.82737052, 0.54785138, 0.48633558, 0.31032395)
(0.35368609, 0.42756069, 0.52883953, 0.62072295, 0.79247081, 0.29078826, 0.58854419, 0.39813450, 0.12268374, 0.33489844)
(0.35359660, 0.59052038, 0.55040461, 0.62165004, 0.54168099, 0.50879794, 0.62978816, 0.43937910, 0.39567384, 0.53748173)
(0.24229580, 0.93970549, 0.38663194, 0.84274280, 0.36629763, 0.52721584, 0.55850381, 0.07198109, 0.27444142, 0.83777195)
(0.32301837, 0.67369246, 0.83334804, 0.26435494, 0.54956937, 0.81360179, 0.81508589, 0.64330816, 0.80591494, 0.51942176)
(0.17938153, 0.67649281, 0.59484154, 0.38179457, 0.72282815, 0.72674471, 0.73693907, 0.59020996, 0.49929374, 0.51949155)
(0.37121418, 0.66509205, 0.62617153, 0.56768298, 0.44300243, 0.61046517, 0.67018831, 0.43242276, 0.57774800, 0.59740204)
(0.88628054, 0.53264552, 0.85523337, 0.46877864, 0.38392538, 0.43115285, 0.58191031, 0.32813987, 0.72212410, 0.37104422)
(0.71322197, 0.57955408, 0.63143879, 0.39031407, 0.49347273, 0.51374120, 0.49447015, 0.39209935, 0.63537508, 0.50546712)
(0.78425723, 0.88018608, 0.58889914, 0.66709119, 0.21809146, 0.49556750, 0.38531083, 0.08629492, 0.66647917, 0.78792405)
(0.29163897, 0.61317992, 0.77630091, 0.61775619, 0.42882663, 0.66204911, 0.81027091, 0.56912667, 0.60283178, 0.50387400)
(0.43477175, 0.61337674, 0.70873666, 0.45688254, 0.44396037, 0.65370554, 0.69561607, 0.51187032, 0.69011432, 0.55832905)
(0.14957370, 0.92827153, 0.67431468, 0.72505462, 0.33922809, 0.77860504, 0.80252051, 0.21523362, 0.59258288, 0.78256583)
(0.12130119, 0.77506560, 0.76382917, 0.50391161, 0.58618850, 0.81830609, 0.86261225, 0.60612345, 0.61551166, 0.56454134)
(0.55701023, 0.62132108, 0.76564300, 0.85051024, 0.25467104, 0.37398180, 0.69937891, 0.27402255, 0.42920429, 0.56593847)
(0.14732285, 0.81991887, 0.78081030, 0.65571344, 0.43847173, 0.78749132, 0.86290658, 0.47777587, 0.61137271, 0.62053764)
(0.24826488, 0.66433120, 0.49244457, 0.36841872, 0.75147134, 0.64605856, 0.62249637, 0.48980492, 0.41785434, 0.52930629)
(0.45235515, 0.49669969, 0.62069398, 0.72488755, 0.48262838, 0.36360919, 0.64023012, 0.37332270, 0.31961697, 0.47948465)
(0.31440043, 0.79312271, 0.79788023, 0.74655855, 0.28364304, 0.67653543, 0.80572999, 0.35962960, 0.64464760, 0.65023649)
(0.39439866, 0.66744071, 0.48470131, 0.53716123, 0.50507319, 0.54882115, 0.55633235, 0.36716086, 0.49081996, 0.62235808)
(0.36990958, 0.75656432, 0.58972955, 0.72093314, 0.37215599, 0.54313004, 0.64198923, 0.28465173, 0.47649497, 0.66962969)
(0.21525475, 0.88548529, 0.58293337, 0.72173077, 0.38966209, 0.67463589, 0.71110755, 0.21893504, 0.49287650, 0.74999225)
(0.61223251, 0.58016914, 0.69359535, 0.70994765, 0.34942651, 0.41662875, 0.61279440, 0.33044976, 0.51189429, 0.54285121)
(0.46435961, 0.50895423, 0.70784438, 0.35995209, 0.55484855, 0.61722243, 0.67254174, 0.57485318, 0.64671344, 0.47241697)
(0.15929873, 0.88380188, 0.48342448, 0.47544828, 0.62452912, 0.76060122, 0.66729939, 0.30051363, 0.50262409, 0.73381197)
(0.62005043, 0.56862324, 0.72285789, 0.72216082, 0.33228934, 0.42175460, 0.62940502, 0.34926537, 0.53011811, 0.53256524)
(0.46365246, 0.69548917, 0.56080824, 0.50498295, 0.43806264, 0.59085447, 0.56922692, 0.35525626, 0.60393375, 0.64765453)
(0.75865394, 0.22585143, 0.90418112, 0.58564675, 0.42889702, 0.36863375, 0.76210660, 0.56988531, 0.59267193, 0.21430562)
(0.23204888, 0.59479070, 0.42757076, 0.50213891, 0.79798955, 0.50092345, 0.58206147, 0.45125756, 0.21788590, 0.47092041)
(0.19560017, 0.88343459, 0.49971122, 0.92286038, 0.45028695, 0.39952514, 0.67386365, 0.11417167, 0.12783836, 0.71564215)
(0.09944367, 0.71227920, 0.63851047, 0.23923083, 0.86050987, 0.81958658, 0.80530292, 0.68715876, 0.48598304, 0.45611238)
(0.50843185, 0.45498675, 0.84657121, 0.29241759, 0.51538980, 0.67574662, 0.77152562, 0.65283746, 0.76025087, 0.40030950)
(0.05592347, 0.94895041, 0.39844745, 0.91593587, 0.68060809, 0.53913277, 0.74541378, 0.10107364, 0.06663208, 0.75067914)
(0.45811346, 0.80102944, 0.30173808, 0.53483701, 0.56669092, 0.48459384, 0.36676994, 0.14872813, 0.33379743, 0.72312248)
(0.52150494, 0.45972151, 0.84972197, 0.86305022, 0.27252778, 0.35872209, 0.79481459, 0.38887608, 0.41760167, 0.42181432)
(0.18505470, 0.62189239, 0.59901112, 0.24364026, 0.83279192, 0.73088843, 0.72060066, 0.64002365, 0.47368661, 0.44160822)
(0.32918596, 0.76009756, 0.53657627, 0.80996442, 0.42903337, 0.44894046, 0.62803733, 0.23382060, 0.29245439, 0.65116543)
(0.46383202, 0.90248799, 0.27384251, 0.47534752, 0.55722708, 0.55598968, 0.32200158, 0.07828835, 0.36898139, 0.80107450)
(0.44690424, 0.76881295, 0.77413434, 0.69729722, 0.23416102, 0.64159805, 0.74445826, 0.31897661, 0.71459967, 0.67213035)
(0.46681097, 0.65897441, 0.46741369, 0.48177049, 0.51395679, 0.54049605, 0.50025553, 0.34588081, 0.51284045, 0.62795854)
(0.04606121, 0.88564152, 0.67669636, 0.58306754, 0.72688466, 0.84519506, 0.88112158, 0.49281996, 0.39509711, 0.61469728)
(0.46806204, 0.31649384, 0.80678278, 0.50894040, 0.55679888, 0.49950719, 0.76929480, 0.63891387, 0.49618483, 0.29098311)
(0.69524074, 0.26383287, 0.86533684, 0.62119305, 0.42908990, 0.37522516, 0.74270236, 0.54697472, 0.54775631, 0.26251394)
(0.31804034, 0.50864434, 0.57442093, 0.68820810, 0.63330221, 0.41659349, 0.66188741, 0.46222529, 0.25082532, 0.43475896)
(0.80824620, 0.85451543, 0.78653133, 0.90651548, 0.14499597, 0.28526962, 0.56356668, 0.05663514, 0.45251426, 0.73244196)
(0.37083775, 0.76147139, 0.62140626, 0.64208978, 0.36196852, 0.61109710, 0.66231817, 0.31651923, 0.58709449, 0.67234343)
(0.21240391, 0.90795290, 0.61039263, 0.91120106, 0.30128625, 0.52673680, 0.74177402, 0.12652673, 0.27217850, 0.76170415)
(0.33588910, 0.61408180, 0.88245690, 0.44032493, 0.39529109, 0.77672678, 0.86435163, 0.66762632, 0.80847907, 0.48932773)
(0.49322942, 0.40044025, 0.55371881, 0.45943785, 0.69453442, 0.37630400, 0.55309832, 0.43508068, 0.31065357, 0.37675554)
(0.26379701, 0.80847108, 0.47381172, 0.64568609, 0.50506938, 0.59382689, 0.61735648, 0.26547039, 0.40720221, 0.69051200)
(0.45468900, 0.34638023, 0.93957287, 0.67363894, 0.30217221, 0.61229420, 0.90952200, 0.71252161, 0.71252584, 0.28753486)
(0.30124882, 0.65148795, 0.55162650, 0.41821694, 0.61847931, 0.65187413, 0.64527905, 0.49845839, 0.53606433, 0.56342548)
(0.20299061, 0.79301834, 0.56961906, 0.40055543, 0.63452065, 0.75647724, 0.70089298, 0.44529414, 0.57638568, 0.63925052)
(0.46026072, 0.61848223, 0.56077391, 0.62599647, 0.43117672, 0.49560568, 0.58214426, 0.37405241, 0.49090245, 0.59480405)
(0.49272409, 0.64235461, 0.44815430, 0.60163349, 0.50127918, 0.43389651, 0.47085851, 0.28398639, 0.37989333, 0.62445784)
(0.38468814, 0.44006094, 0.81080484, 0.69796216, 0.41898155, 0.53681165, 0.80778414, 0.60165691, 0.52375090, 0.39097944)
(0.70506907, 0.55980122, 0.53330135, 0.43287694, 0.69728851, 0.26894930, 0.41783985, 0.18444566, 0.20945947, 0.48509932)
(0.24295139, 0.83851975, 0.57073587, 0.65285778, 0.43615308, 0.66385919, 0.68863302, 0.27972934, 0.51083630, 0.70914346)
(0.20714888, 0.89812672, 0.59381527, 0.70798260, 0.36767435, 0.70209843, 0.72466218, 0.20930527, 0.53372610, 0.76293951)
(0.24361943, 0.58973521, 0.52465439, 0.39692950, 0.73334718, 0.63228965, 0.65860003, 0.56625408, 0.42691663, 0.48714876)
(0.48099992, 0.82554841, 0.38447803, 0.43651617, 0.50840205, 0.59044814, 0.41200274, 0.17328496, 0.51366252, 0.74340504)
(0.31502518, 0.71491730, 0.61376101, 0.66175348, 0.44636565, 0.59085411, 0.68610322, 0.38356465, 0.48615429, 0.61677819)
(0.41119447, 0.58331084, 0.44767341, 0.63791627, 0.68312871, 0.34488040, 0.49668315, 0.29890975, 0.18830766, 0.51298332)
(0.42589760, 0.71754438, 0.53768635, 0.45213270, 0.50593495, 0.62226081, 0.56106293, 0.36507338, 0.59028512, 0.65119570)
(0.04157504, 0.96043825, 0.41564026, 0.79935157, 0.71498257, 0.73366088, 0.77706778, 0.14776500, 0.15539669, 0.78234470)
(0.59153330, 0.32794151, 0.71942776, 0.48825729, 0.57259029, 0.40032268, 0.63978922, 0.50871891, 0.44593471, 0.32809165)
(0.68812776, 0.57819653, 0.89708942, 0.80439299, 0.18158883, 0.48262602, 0.77970767, 0.37812072, 0.70716894, 0.49309894)
(0.10658202, 0.98509699, 0.64669174, 0.84838521, 0.20201297, 0.81710643, 0.80940354, 0.06012443, 0.59476006, 0.90592241)
(0.35792449, 0.93370026, 0.69380563, 0.78824359, 0.14937831, 0.68756324, 0.71531802, 0.10825849, 0.71365392, 0.83936721)
(0.45654395, 0.54778248, 0.79192913, 0.62010181, 0.35499579, 0.58658081, 0.76257598, 0.52443254, 0.64748430, 0.49484473)
(0.30532989, 0.67965913, 0.47543702, 0.78056473, 0.60030288, 0.37879428, 0.59403312, 0.27237868, 0.17930685, 0.55510658)
(0.54212642, 0.50454539, 0.85479409, 0.22810102, 0.54561079, 0.71017027, 0.75309342, 0.63497192, 0.79946381, 0.41955248)
(0.29509413, 0.70264649, 0.50283414, 0.50610864, 0.57434124, 0.61931443, 0.61595756, 0.41089335, 0.48286089, 0.61576897)
(0.40407780, 0.79630196, 0.51910871, 0.50110155, 0.43933913, 0.63705426, 0.55939651, 0.27706891, 0.60307127, 0.71679115)
(0.37255448, 0.52841157, 0.74588621, 0.54675055, 0.45924550, 0.61867040, 0.75811696, 0.59498966, 0.61250544, 0.47761250)
(0.61966014, 0.37397286, 0.93120909, 0.75837350, 0.24281800, 0.49249476, 0.85386682, 0.57180214, 0.69250292, 0.33714727)
(0.57637507, 0.39116868, 0.79746592, 0.82840061, 0.48503003, 0.19705391, 0.72226870, 0.23875822, 0.17256439, 0.34228894)
(0.84498924, 0.19480166, 0.91597760, 0.51757520, 0.55995983, 0.25945905, 0.73999971, 0.44541141, 0.47148165, 0.14614545)
(0.48401749, 0.61320084, 0.73936504, 0.70320910, 0.31715229, 0.52861768, 0.70789033, 0.40385687, 0.58391660, 0.56062645)
(0.51501399, 0.82619721, 0.78169936, 0.95800591, 0.12233901, 0.33120784, 0.73108751, 0.10416651, 0.33933058, 0.72690511)
(0.57645261, 0.23495468, 0.84232420, 0.63333774, 0.52193296, 0.34946230, 0.77051115, 0.56120759, 0.39190096, 0.23180516)
(0.23408797, 0.89033496, 0.71787786, 0.91700321, 0.24894278, 0.54827881, 0.79321796, 0.15893893, 0.34419405, 0.73464817)
(0.39735788, 0.28963611, 0.81884038, 0.65555769, 0.56115860, 0.44081569, 0.81612074, 0.64171112, 0.37303501, 0.24884474)
(0.25047427, 0.88281053, 0.35025382, 0.60100132, 0.55125314, 0.60710591, 0.51604241, 0.16537330, 0.36892053, 0.77177572)
(0.36654657, 0.64929384, 0.88729024, 0.88866305, 0.20915712, 0.53119737, 0.87217194, 0.39246187, 0.52563870, 0.50695592)
(0.35059446, 0.52434355, 0.84055436, 0.83222491, 0.34628269, 0.49488863, 0.83967727, 0.49537209, 0.43918857, 0.42187431)
(0.58441281, 0.72858483, 0.52486998, 0.55688655, 0.37453157, 0.52715862, 0.47989759, 0.24945901, 0.59109569, 0.68280548)
(0.62759763, 0.54792041, 0.76456958, 0.53160644, 0.37070906, 0.55622017, 0.65860540, 0.46070567, 0.70322758, 0.49587145)
(0.38569099, 0.58893496, 0.46387976, 0.45924389, 0.61327928, 0.53955513, 0.54409176, 0.44428843, 0.44824076, 0.55580807)
(0.41605347, 0.42845193, 0.58329880, 0.66121411, 0.74430889, 0.24880666, 0.60686523, 0.32054755, 0.11510541, 0.34755182)
(0.47587353, 0.67617530, 0.51324302, 0.43068033, 0.51494825, 0.58505011, 0.52233839, 0.36498520, 0.57665211, 0.63207722)
(0.26900676, 0.75261664, 0.64985883, 0.47772422, 0.50354838, 0.72669184, 0.72291929, 0.45366830, 0.63801825, 0.63042778)
(0.35481906, 0.39874217, 0.90579545, 0.84562290, 0.34545591, 0.48484647, 0.89149618, 0.59912193, 0.46059316, 0.30800611)
(0.15480331, 0.96097660, 0.34265265, 0.86029267, 0.44049713, 0.56482536, 0.58824229, 0.05858485, 0.20235534, 0.85584688)
(0.14078434, 0.90611768, 0.50274307, 0.64207989, 0.53798962, 0.72652781, 0.70829070, 0.23052539, 0.43106183, 0.75470024)
(0.45723137, 0.86831933, 0.59591609, 0.76818520, 0.20744960, 0.55536962, 0.60268128, 0.13703309, 0.59727532, 0.78680241)
(0.41202506, 0.70647883, 0.52999550, 0.26800463, 0.69320130, 0.66306102, 0.53885108, 0.40194646, 0.56873530, 0.58440745)
(0.42639706, 0.88363111, 0.67791134, 0.96234399, 0.16613725, 0.31911388, 0.67637843, 0.07252833, 0.22472090, 0.77162057)
(0.18309048, 0.69907904, 0.66770828, 0.39381027, 0.65648508, 0.76227081, 0.77853322, 0.60167342, 0.58905250, 0.53932130)
(0.59967589, 0.60280383, 0.54702836, 0.54009259, 0.49402869, 0.42910588, 0.50156063, 0.30889916, 0.45632142, 0.55979180)
(0.19179544, 0.62379342, 0.68621504, 0.44009903, 0.65228957, 0.72673863, 0.78799242, 0.65313065, 0.54558218, 0.48521683)
(0.55040747, 0.42294469, 0.55683661, 0.46518651, 0.73892820, 0.28763267, 0.52041435, 0.30982408, 0.19522642, 0.37454724)
(0.26000577, 0.92829794, 0.65691769, 0.90010172, 0.20012833, 0.58294082, 0.74533981, 0.10431772, 0.42782509, 0.80734426)
(0.22552830, 0.62942410, 0.66147858, 0.46872804, 0.60933769, 0.69805133, 0.75822055, 0.60424626, 0.54571539, 0.51257485)
(0.24570058, 0.90722287, 0.50049460, 0.83834177, 0.34503868, 0.54987538, 0.64782667, 0.12127136, 0.33297694, 0.78520381)
(0.24998540, 0.87201142, 0.41686177, 0.64648026, 0.49269158, 0.61102992, 0.57717133, 0.18729366, 0.40243608, 0.75511056)
(0.27662966, 0.52024335, 0.49288732, 0.68175066, 0.75714338, 0.35431650, 0.61582154, 0.40640908, 0.13911699, 0.40348810)
(0.49838987, 0.71678233, 0.87396348, 0.55724472, 0.23863174, 0.73104328, 0.81000990, 0.44943234, 0.84082878, 0.60440689)
(0.59156030, 0.51922309, 0.65670061, 0.68603206, 0.51073831, 0.29691342, 0.58162832, 0.25177804, 0.27760500, 0.47792202)
(0.20697722, 0.84893149, 0.50313723, 0.38743156, 0.64846790, 0.75712949, 0.64376080, 0.34704804, 0.55176806, 0.69899184)
(0.69899088, 0.26148349, 0.88323039, 0.37381840, 0.52962518, 0.47228339, 0.74746239, 0.61181986, 0.62908661, 0.22948293)
(0.58925939, 0.36785313, 0.62418646, 0.49443460, 0.79512662, 0.20641024, 0.54535604, 0.25448450, 0.11416271, 0.29414931)
(0.65804875, 0.62781268, 0.72862303, 0.11798424, 0.66475010, 0.69955349, 0.56046420, 0.44386357, 0.75741285, 0.50378013)
(0.43600395, 0.26631939, 0.91711754, 0.84547085, 0.37394550, 0.37675187, 0.88910830, 0.60701239, 0.38941368, 0.22591335)
(0.07402990, 0.73669636, 0.59391934, 0.47752395, 0.83184534, 0.75377595, 0.81426102, 0.60781085, 0.30224788, 0.47024468)
(0.14176305, 0.73017919, 0.59198672, 0.81185311, 0.73140436, 0.46663418, 0.75145155, 0.34164572, 0.12179993, 0.47882330)
(0.64410377, 0.75550324, 0.55761665, 0.75436157, 0.43434402, 0.26397681, 0.46085387, 0.08929696, 0.22145988, 0.66366899)
(0.55357468, 0.74944562, 0.79785472, 0.26044518, 0.42775589, 0.77212769, 0.69116449, 0.42045817, 0.84701520, 0.63130945)
(0.07956129, 0.96568942, 0.30085286, 0.88875514, 0.62816000, 0.55044085, 0.63385135, 0.06039915, 0.08998174, 0.83046520)
(0.37759227, 0.86244231, 0.59266949, 0.39134929, 0.45464730, 0.75383663, 0.60655409, 0.27576193, 0.71853745, 0.75671870)
(0.75899762, 0.58504093, 0.79805589, 0.66278106, 0.28733778, 0.45324561, 0.61837465, 0.34270632, 0.68694788, 0.50816506)
(0.41924065, 0.38910580, 0.93110943, 0.71587563, 0.30413187, 0.60597885, 0.90413404, 0.69114983, 0.67733991, 0.31582072)
(0.60189861, 0.28176668, 0.87529969, 0.60972041, 0.39879030, 0.45784765, 0.79877472, 0.60484719, 0.59145576, 0.28347677)
(0.27801344, 0.75590408, 0.74485183, 0.60288316, 0.39226797, 0.71812952, 0.78631294, 0.44741571, 0.65916187, 0.62083709)
(0.83332425, 0.44619340, 0.91288424, 0.72107339, 0.23912172, 0.40108237, 0.72475642, 0.39695412, 0.73306268, 0.36561182)
(0.30218861, 0.75515634, 0.53799677, 0.42235896, 0.57544160, 0.68933731, 0.62386525, 0.40140522, 0.57611614, 0.64874333)
(0.26539102, 0.79301375, 0.71506774, 0.91106677, 0.35076576, 0.44732189, 0.77197313, 0.22521871, 0.24947961, 0.61820829)
(0.43034369, 0.92640781, 0.52376270, 0.63069242, 0.24037631, 0.66879696, 0.54655677, 0.09956775, 0.67476195, 0.84963882)
(0.24146561, 0.78102952, 0.48060837, 0.53544396, 0.57895857, 0.64755404, 0.62933493, 0.34661812, 0.45475194, 0.66116136)
(0.79335469, 0.74408579, 0.65150172, 0.57714248, 0.37023824, 0.42202637, 0.45345250, 0.17081602, 0.56574923, 0.60839558)
(0.21950699, 0.87844253, 0.42149001, 0.43057179, 0.62945604, 0.72281682, 0.57598120, 0.25397500, 0.49450374, 0.74797237)
(0.52665204, 0.47508773, 0.72068369, 0.76044190, 0.39229709, 0.36336443, 0.67958820, 0.37951148, 0.39269510, 0.46370986)
(0.54131120, 0.76280671, 0.46474180, 0.45114714, 0.44943976, 0.57294565, 0.44916406, 0.22945663, 0.57899612, 0.70595807)
(0.26397014, 0.61048925, 0.85235798, 0.72897255, 0.36545801, 0.66152412, 0.87169492, 0.57939273, 0.59205037, 0.46515304)
(0.40913421, 0.71376961, 0.63942403, 0.35280389, 0.53638786, 0.70435029, 0.63612401, 0.44149211, 0.68532133, 0.61393631)
(0.33311224, 0.59655708, 0.62281299, 0.73548937, 0.49948180, 0.47527367, 0.69301337, 0.41537470, 0.33945692, 0.51501888)
(0.18491951, 0.38160983, 0.92823130, 0.67553210, 0.50827944, 0.69810158, 0.94185573, 0.82092363, 0.54694539, 0.25126532)
(0.71422791, 0.67211813, 0.54556072, 0.51313937, 0.54837477, 0.34030774, 0.42487147, 0.16663851, 0.33408824, 0.56834835)
(0.61913872, 0.51493108, 0.84264350, 0.73654193, 0.26634759, 0.48002622, 0.74569935, 0.43640202, 0.64399171, 0.46907485)
(0.58849818, 0.61459661, 0.89134526, 0.78901625, 0.18062669, 0.54503548, 0.81025797, 0.39652070, 0.71081221, 0.52989209)
(0.25316024, 0.64613402, 0.63371688, 0.58181244, 0.55902082, 0.63048351, 0.73178917, 0.51180977, 0.46729246, 0.53257519)
(0.30361378, 0.87704366, 0.31542096, 0.75159925, 0.49910074, 0.46325958, 0.46011633, 0.10739084, 0.23948014, 0.77640450)
(0.40520236, 0.64078915, 0.71304077, 0.25583494, 0.61040121, 0.72575766, 0.69006526, 0.54704380, 0.70988929, 0.52948344)
(0.31488493, 0.47419232, 0.69924790, 0.71652174, 0.55345666, 0.47027662, 0.75256205, 0.53965557, 0.33272678, 0.39953545)
(0.24843286, 0.50287199, 0.71845865, 0.80604625, 0.58581400, 0.43104684, 0.79358721, 0.50556505, 0.22200117, 0.37730986)
(0.37637633, 0.86896074, 0.45644107, 0.72298658, 0.32582211, 0.54245049, 0.54161137, 0.13674875, 0.46474737, 0.78052932)
(0.63986802, 0.15607679, 0.93429863, 0.71263725, 0.43410644, 0.32188287, 0.86196196, 0.61963588, 0.43235803, 0.15452939)
(0.68533552, 0.85042453, 0.37000141, 0.55242324, 0.39798671, 0.45569775, 0.30606076, 0.08747222, 0.44720587, 0.76235014)
(0.45332438, 0.61906052, 0.41877434, 0.60825419, 0.60955727, 0.37331811, 0.46102834, 0.26535961, 0.25076255, 0.58891314)
(0.23877460, 0.78670138, 0.47355792, 0.41154608, 0.66699636, 0.69057202, 0.60912979, 0.37709981, 0.48452330, 0.65004092)
(0.37673146, 0.89160287, 0.54059011, 0.60792994, 0.30646816, 0.66529882, 0.58939689, 0.16206609, 0.64304608, 0.80315346)
(0.21284337, 0.64205039, 0.70293343, 0.45497021, 0.59767604, 0.73034489, 0.78892285, 0.62761593, 0.58929896, 0.51051044)
(0.44058824, 0.57207668, 0.44262064, 0.47928914, 0.59582877, 0.49410638, 0.50163901, 0.41071153, 0.42490947, 0.55998254)
(0.16314794, 0.71618819, 0.61053121, 0.73806244, 0.63030678, 0.57611263, 0.76594353, 0.42611745, 0.25358358, 0.52885199)
(0.27519941, 0.74782771, 0.89975321, 0.71134543, 0.25018471, 0.76139468, 0.89837790, 0.50876993, 0.75970960, 0.56600803)
(0.31172350, 0.89049244, 0.41284925, 0.79838705, 0.37714803, 0.49626350, 0.54283017, 0.11158437, 0.31639397, 0.78835434)
(0.48698387, 0.35704371, 0.80659902, 0.46907505, 0.51317012, 0.54595029, 0.76191819, 0.63560849, 0.58005112, 0.33729351)
(0.10343190, 0.71822387, 0.61477345, 0.55138850, 0.75694352, 0.71554965, 0.80385095, 0.57367367, 0.32378545, 0.48846483)
(0.66301000, 0.57249796, 0.65893328, 0.55711079, 0.41746935, 0.47166669, 0.54750687, 0.37978145, 0.59479964, 0.52647263)
(0.25316209, 0.74129140, 0.49160832, 0.66529620, 0.56644279, 0.55460840, 0.63916212, 0.33445495, 0.33685970, 0.62095767)
(0.59840316, 0.53933471, 0.61991489, 0.61591041, 0.47309867, 0.38306630, 0.55995286, 0.31528324, 0.42552987, 0.51230401)
(0.18637152, 0.63616663, 0.72076672, 0.48189497, 0.62739670, 0.72801083, 0.80917209, 0.64384550, 0.54398721, 0.48280680)
(0.46299186, 0.41883832, 0.66467208, 0.71778119, 0.55602032, 0.30398470, 0.66563952, 0.37138730, 0.24274890, 0.39210257)
(0.70864791, 0.76180947, 0.55890816, 0.45890021, 0.37755555, 0.54509819, 0.42833361, 0.21415095, 0.65876293, 0.67738229)
(0.48601729, 0.76470041, 0.64325124, 0.23785205, 0.57959938, 0.73551846, 0.57969201, 0.37683913, 0.73595715, 0.64068419)
(0.39875731, 0.82691985, 0.60480571, 0.74469662, 0.27153492, 0.56713283, 0.63945425, 0.20114970, 0.55994695, 0.73582906)
(0.33003932, 0.76340353, 0.42157927, 0.45289665, 0.62065804, 0.60804260, 0.51896048, 0.31420550, 0.45167193, 0.66607970)
(0.30263066, 0.51688701, 0.85924518, 0.58039623, 0.41904902, 0.69372261, 0.86499220, 0.69145650, 0.67954963, 0.42126936)
(0.44492584, 0.97734571, 0.48385200, 0.86490500, 0.10773790, 0.58987832, 0.50060958, 0.02228008, 0.58437914, 0.92783403)
(0.58780277, 0.81494778, 0.78292298, 0.89215142, 0.12444556, 0.45522824, 0.69885182, 0.15008712, 0.58339173, 0.73685956)
(0.37084043, 0.41458929, 0.78070319, 0.65950376, 0.47405404, 0.52813089, 0.79324627, 0.61778736, 0.48504180, 0.37392312)
(0.16915248, 0.74842501, 0.55128860, 0.30217367, 0.77447063, 0.76312155, 0.70754236, 0.53146201, 0.50810820, 0.55722558)
(0.48313236, 0.62368828, 0.70567673, 0.87228310, 0.30754638, 0.33278641, 0.68826246, 0.25193322, 0.30974308, 0.56078327)
(0.71907508, 0.27546003, 0.91129380, 0.44758502, 0.43645915, 0.49487382, 0.78493154, 0.62651259, 0.70065314, 0.24275987)
(0.18008889, 0.68841183, 0.75280845, 0.48685646, 0.60088408, 0.75437707, 0.82841909, 0.60901827, 0.58245558, 0.50638348)
(0.49115378, 0.67926228, 0.77456886, 0.77466524, 0.26207542, 0.52168930, 0.72777855, 0.33519223, 0.58081001, 0.59762126)
(0.36688462, 0.65988696, 0.51856023, 0.18272232, 0.79914594, 0.68068337, 0.55299193, 0.46900555, 0.53258908, 0.50989920)
(0.37409765, 0.54563731, 0.84179479, 0.87308741, 0.32622695, 0.43465805, 0.83239573, 0.42589879, 0.37480330, 0.43383610)
(0.21554230, 0.72468358, 0.69669014, 0.70512974, 0.48309687, 0.64243335, 0.78932619, 0.45195001, 0.44740617, 0.56669998)
(0.27726802, 0.74696684, 0.69730347, 0.74187136, 0.38566342, 0.61287689, 0.76447982, 0.37394011, 0.48889533, 0.61264050)
(0.81594700, 0.60156959, 0.82092118, 0.74139696, 0.35799900, 0.26778403, 0.60043615, 0.15622683, 0.41508776, 0.46352047)
(0.19738233, 0.85474193, 0.48687953, 0.82776296, 0.50807643, 0.51197445, 0.66760802, 0.18871562, 0.22163481, 0.69712949)
(0.33156088, 0.69657773, 0.67689991, 0.45058438, 0.48227897, 0.70802361, 0.71411276, 0.49081513, 0.67435044, 0.60212606)
(0.49252564, 0.63620001, 0.65133554, 0.72480506, 0.35434687, 0.46687120, 0.63143343, 0.33498996, 0.48475704, 0.59287220)
(0.24348439, 0.84497464, 0.38132471, 0.39014307, 0.70205230, 0.67962784, 0.52637023, 0.26735464, 0.42796993, 0.70638269)
(0.44612819, 0.68317401, 0.55395961, 0.37131345, 0.54911190, 0.63699704, 0.56193036, 0.40453908, 0.61740011, 0.61711609)
(0.23789206, 0.71849382, 0.66195804, 0.64327848, 0.48912847, 0.65249097, 0.75903010, 0.45076990, 0.49059218, 0.58175248)
(0.18134823, 0.60318011, 0.68655515, 0.53699017, 0.64256299, 0.68492693, 0.79620385, 0.64145797, 0.46114117, 0.46411708)
(0.49156478, 0.60593456, 0.72230113, 0.78949821, 0.30629829, 0.43905064, 0.69598776, 0.33925349, 0.46584749, 0.55965149)
(0.73657024, 0.34614116, 0.95321757, 0.64963531, 0.24047746, 0.53717631, 0.85540247, 0.61574745, 0.80871046, 0.29073119)
(0.42574003, 0.51580507, 0.81922871, 0.73369920, 0.34296229, 0.53551483, 0.79743272, 0.51534528, 0.55960554, 0.44993615)
(0.23699982, 0.73786885, 0.69929016, 0.36143374, 0.58984220, 0.78190273, 0.76328468, 0.55075842, 0.68494380, 0.58764076)
(0.55951554, 0.62964392, 0.62705898, 0.66956782, 0.36283687, 0.46924037, 0.57969439, 0.33327395, 0.53188896, 0.59821272)
(0.36471200, 0.91594189, 0.57540536, 0.66802013, 0.24990158, 0.67796499, 0.61986184, 0.13287871, 0.66409564, 0.82692325)
(0.55960435, 0.85303134, 0.64376187, 0.59542680, 0.23746204, 0.63337040, 0.57389230, 0.17669284, 0.73483735, 0.77993292)
(0.52338958, 0.46621010, 0.74559796, 0.66348445, 0.39761221, 0.46333450, 0.69616264, 0.47822708, 0.52519637, 0.45566586)
(0.80894631, 0.55069697, 0.67213535, 0.43410254, 0.62875944, 0.27720797, 0.46207991, 0.18653813, 0.31433338, 0.42246404)
(0.38879621, 0.69893968, 0.81727862, 0.35651958, 0.42724833, 0.78274500, 0.78707623, 0.55559546, 0.81638777, 0.57985038)
(0.84163493, 0.33607402, 0.82294828, 0.37261242, 0.61569530, 0.32099378, 0.59394693, 0.38058034, 0.49338403, 0.24752961)
(0.20952292, 0.67669332, 0.35532942, 0.78621387, 0.82986522, 0.28156427, 0.53138953, 0.22471976, 0.04987203, 0.47053841)
(0.47971636, 0.63405246, 0.86341947, 0.36827916, 0.38766608, 0.75578749, 0.79910463, 0.57589793, 0.83468652, 0.52209890)
(0.07886079, 0.59563988, 0.59978861, 0.47184119, 0.87412119, 0.69043136, 0.81598926, 0.68242651, 0.23899274, 0.36030462)
(0.32140231, 0.86518365, 0.48325917, 0.65511793, 0.38140592, 0.61125767, 0.58342075, 0.18386856, 0.51097107, 0.76524466)
(0.46648964, 0.48025531, 0.52804524, 0.56953794, 0.67726314, 0.32720625, 0.54583371, 0.33935091, 0.21552898, 0.43879238)
(0.49813432, 0.65691894, 0.70211309, 0.78864700, 0.28649110, 0.45752233, 0.67328250, 0.30648026, 0.49105465, 0.60519141)
(0.35922882, 0.88868350, 0.72105920, 0.74185991, 0.19486468, 0.68597203, 0.73736602, 0.18315251, 0.71052039, 0.77799815)
(0.52293432, 0.50116390, 0.90218031, 0.53563142, 0.29707149, 0.66409588, 0.84148049, 0.61272317, 0.80127400, 0.43715706)
(0.90873796, 0.28934067, 0.91043144, 0.48466405, 0.55679536, 0.22770016, 0.66407955, 0.28435129, 0.45790190, 0.18263742)
(0.20182857, 0.75787359, 0.73503959, 0.70341152, 0.43868044, 0.68839145, 0.82011783, 0.44801691, 0.51174802, 0.58603460)
(0.66752464, 0.51350880, 0.51755059, 0.31075722, 0.69077325, 0.41952118, 0.42621055, 0.34685594, 0.41171196, 0.44577566)
(0.35186046, 0.33955821, 0.96524984, 0.49234307, 0.38901106, 0.75574642, 0.94858718, 0.83236939, 0.80233461, 0.23743863)
(0.32958144, 0.65304911, 0.46499214, 0.64638555, 0.57661039, 0.47844490, 0.57895011, 0.35460559, 0.31840742, 0.57891321)
(0.40284419, 0.36429623, 0.91880399, 0.83979589, 0.33634949, 0.46576104, 0.89180183, 0.60968912, 0.47826678, 0.28758180)
(0.65922087, 0.47570005, 0.84240752, 0.73395348, 0.30534938, 0.42721704, 0.72182292, 0.42618808, 0.59007263, 0.43421212)
(0.47591957, 0.71081841, 0.54068089, 0.67319506, 0.35525948, 0.49356690, 0.55981517, 0.26844609, 0.50480705, 0.66847593)
(0.13740715, 0.77735889, 0.36812124, 0.76778048, 0.81049246, 0.41442585, 0.61385560, 0.23447071, 0.07587515, 0.54431874)
(0.24126981, 0.83947110, 0.53365374, 0.94752431, 0.43508059, 0.29399943, 0.67468435, 0.10759731, 0.08829727, 0.66354775)
(0.50424635, 0.56755286, 0.76417285, 0.57961476, 0.34910390, 0.58444494, 0.71896565, 0.48622721, 0.67567122, 0.52708954)
(0.48970550, 0.25037190, 0.89064705, 0.67681605, 0.44126800, 0.45286050, 0.85387450, 0.66097862, 0.49202991, 0.23069921)
(0.23232196, 0.81292474, 0.81521767, 0.67280293, 0.31856537, 0.76614547, 0.84988606, 0.42783174, 0.70348811, 0.64613563)
(0.18999915, 0.63981426, 0.57285082, 0.55029142, 0.69106734, 0.62887812, 0.72472090, 0.54054898, 0.35613409, 0.49549174)
(0.45187414, 0.56327075, 0.84957314, 0.53601110, 0.36119649, 0.66502887, 0.80468708, 0.58060133, 0.74033874, 0.48305824)
(0.27046317, 0.60191786, 0.53348494, 0.30428702, 0.77049500, 0.65221512, 0.63652176, 0.55548114, 0.45661005, 0.48075151)
(0.58865291, 0.38947496, 0.92849326, 0.74469382, 0.24321467, 0.52120513, 0.85908568, 0.58552879, 0.70258206, 0.35093117)
(0.27779093, 0.62726623, 0.65749043, 0.72843397, 0.53190225, 0.52126467, 0.73146063, 0.44418073, 0.34356928, 0.50674820)
(0.34560382, 0.73022592, 0.39841360, 0.65289408, 0.55811298, 0.46777275, 0.51412165, 0.25405169, 0.30412534, 0.65007508)
(0.28436843, 0.89267832, 0.34327143, 0.56202841, 0.50846839, 0.62700444, 0.48605886, 0.14539644, 0.43259972, 0.79302460)
(0.32794407, 0.73188901, 0.59240496, 0.69893754, 0.43182912, 0.55821389, 0.66428053, 0.33638656, 0.44922218, 0.63480932)
(0.43679205, 0.53815240, 0.74140298, 0.71454376, 0.37272963, 0.50436300, 0.73393291, 0.46322155, 0.51208740, 0.49239820)
(0.25884473, 0.89621735, 0.35411817, 0.87063432, 0.47108391, 0.39027187, 0.52043962, 0.08169574, 0.14701463, 0.77292019)
(0.63531423, 0.63452536, 0.56224459, 0.62824559, 0.56311226, 0.27018920, 0.47938958, 0.14965457, 0.21545236, 0.55160850)
(0.24717963, 0.67069072, 0.56547487, 0.45614159, 0.62789434, 0.66900343, 0.68404269, 0.51192868, 0.50813377, 0.56097460)
(0.64089566, 0.85624909, 0.62274581, 0.47217041, 0.27083582, 0.65713531, 0.50224030, 0.16479245, 0.76906788, 0.78854471)
(0.66048652, 0.65431702, 0.70103395, 0.73186064, 0.30236897, 0.42705199, 0.58398086, 0.27461389, 0.55148888, 0.59370822)
(0.42449048, 0.35799772, 0.92647588, 0.72289431, 0.31755742, 0.58185935, 0.90048534, 0.69409221, 0.64678657, 0.29693422)
(0.58941787, 0.25759152, 0.79157382, 0.61122531, 0.59866267, 0.29725268, 0.70938671, 0.48353857, 0.31162620, 0.24756692)
(0.41479215, 0.68130803, 0.50450248, 0.23240571, 0.72649974, 0.65603280, 0.52439737, 0.41705596, 0.55291563, 0.56327772)
(0.26110151, 0.76430136, 0.53783774, 0.52576721, 0.53532457, 0.66587967, 0.65578133, 0.38012573, 0.52431339, 0.65163106)
(0.33265617, 0.69303882, 0.79531831, 0.70207596, 0.33350742, 0.64901620, 0.80384928, 0.45663396, 0.62460202, 0.56825846)
(0.29090714, 0.61806291, 0.73537290, 0.85675532, 0.42697141, 0.44446117, 0.79016876, 0.38194981, 0.28031677, 0.48584014)
(0.27551627, 0.55359578, 0.77649808, 0.85592014, 0.45736468, 0.44136325, 0.82141954, 0.45179743, 0.27082151, 0.41949052)
(0.29271150, 0.77921522, 0.78356457, 0.83405739, 0.27647901, 0.60196167, 0.81378895, 0.32451889, 0.51350081, 0.62912899)
(0.39515263, 0.80181050, 0.49718967, 0.66220516, 0.38280898, 0.54857910, 0.55669671, 0.22147729, 0.49403346, 0.72273129)
(0.19962350, 0.54920727, 0.77583593, 0.85820270, 0.57977450, 0.45033470, 0.84310764, 0.50150651, 0.19318922, 0.36698306)
(0.23424876, 0.82434273, 0.56005651, 0.67767245, 0.46117926, 0.64066106, 0.69170755, 0.28940305, 0.45408514, 0.68958694)
(0.46101061, 0.42675826, 0.59582084, 0.61731040, 0.62130266, 0.33508739, 0.60901099, 0.39436021, 0.25815669, 0.40533999)
(0.61927199, 0.85250884, 0.68509597, 0.88547254, 0.13881767, 0.42112911, 0.59219009, 0.10474882, 0.52943969, 0.78215539)
(0.19643311, 0.56694418, 0.67075312, 0.49853429, 0.66564035, 0.67453146, 0.77992010, 0.65927154, 0.46814761, 0.44963628)
(0.17570749, 0.66520405, 0.78394228, 0.79246932, 0.50275862, 0.61840707, 0.85802555, 0.51970631, 0.35831484, 0.46793681)
(0.51755607, 0.61803162, 0.75008237, 0.82220984, 0.28630799, 0.41228727, 0.70261246, 0.31167436, 0.44570553, 0.55870390)
(0.11525256, 0.90931392, 0.54521972, 0.77684414, 0.51991558, 0.68883568, 0.76487309, 0.21863091, 0.31589270, 0.73587537)
(0.31573573, 0.49264631, 0.86069387, 0.47730595, 0.46199465, 0.71943557, 0.86162579, 0.71952218, 0.71679509, 0.40420482)
(0.32952410, 0.91151822, 0.62947714, 0.89614511, 0.19275907, 0.52599442, 0.69405752, 0.10078204, 0.42397928, 0.80162436)
(0.43350044, 0.59980577, 0.40960145, 0.51259011, 0.61249799, 0.46801722, 0.47734222, 0.36263877, 0.36722574, 0.57621557)
(0.47238368, 0.76403672, 0.56682402, 0.33944523, 0.54006237, 0.67319620, 0.53985953, 0.33185244, 0.65779942, 0.66798407)
(0.26191127, 0.65166271, 0.66406071, 0.71042711, 0.50899887, 0.56854582, 0.74880081, 0.45778754, 0.39022356, 0.52900440)
(0.60646331, 0.68735158, 0.68361312, 0.77613366, 0.26605883, 0.43460399, 0.60153663, 0.25609159, 0.53301591, 0.63502705)
(0.21332411, 0.86497819, 0.41038761, 0.80150276, 0.53136712, 0.49920791, 0.60151541, 0.16118583, 0.21304852, 0.72324675)
(0.32530755, 0.61566949, 0.65447950, 0.46825847, 0.52442706, 0.65982640, 0.70886087, 0.54527146, 0.60414016, 0.54466981)
(0.40869790, 0.84078467, 0.29761139, 0.48889938, 0.60074335, 0.54099059, 0.37883478, 0.14016522, 0.35141319, 0.73789960)
(0.47129798, 0.56393474, 0.60569680, 0.77134937, 0.58959830, 0.24917547, 0.59766036, 0.21146286, 0.14285307, 0.47296962)
(0.35701051, 0.74043012, 0.47396350, 0.38054419, 0.61939949, 0.64580005, 0.54343706, 0.36450508, 0.53291196, 0.64576215)
(0.12940040, 0.72258449, 0.76036388, 0.69417959, 0.57035410, 0.71808642, 0.86400729, 0.56599814, 0.41953754, 0.49988225)
(0.19383428, 0.69734591, 0.80082244, 0.35724759, 0.59334713, 0.81779122, 0.84612417, 0.67140746, 0.72438180, 0.51868564)
(0.39119527, 0.65710163, 0.35783434, 0.30002633, 0.83116865, 0.51011741, 0.43448371, 0.31579146, 0.26103479, 0.50031412)
(0.24472499, 0.73094523, 0.68057919, 0.61381614, 0.46734536, 0.68302637, 0.76351219, 0.45870247, 0.55431896, 0.59728634)
(0.39307621, 0.47575548, 0.85736549, 0.68461412, 0.35991997, 0.59044540, 0.83985227, 0.61731231, 0.62052226, 0.40959689)
(0.26868501, 0.75668997, 0.54929650, 0.77500463, 0.48396602, 0.50783420, 0.67215765, 0.28576487, 0.30294925, 0.62632912)
(0.29061022, 0.59003252, 0.51985198, 0.80262601, 0.66723758, 0.31264189, 0.62814146, 0.31500438, 0.12163289, 0.46081495)
(0.19983168, 0.72004694, 0.59058386, 0.44745997, 0.64684379, 0.71763557, 0.72253102, 0.51623738, 0.52271539, 0.57416636)
(0.14316927, 0.79358280, 0.54111582, 0.30824539, 0.77708727, 0.78683990, 0.71920896, 0.50237107, 0.50835639, 0.58696276)
(0.75244570, 0.74689269, 0.54726601, 0.53986293, 0.48131964, 0.35896331, 0.40051892, 0.12485491, 0.37772265, 0.61460763)
(0.24028283, 0.88618934, 0.26847890, 0.61383086, 0.66045791, 0.54424781, 0.44119811, 0.13115701, 0.23583758, 0.75993037)
(0.61356717, 0.53885597, 0.78831208, 0.10463747, 0.70750517, 0.69645363, 0.62606114, 0.54603827, 0.75927711, 0.42109081)
(0.29872429, 0.66176373, 0.57100797, 0.52191341, 0.54716569, 0.62741882, 0.66551656, 0.46840933, 0.51389343, 0.57869416)
(0.74116641, 0.66664481, 0.53457624, 0.36480603, 0.51843959, 0.49323270, 0.39864308, 0.27407306, 0.57187569, 0.56603569)
(0.29862309, 0.72651374, 0.42886665, 0.85196722, 0.64145386, 0.25926632, 0.53875136, 0.15213390, 0.07586328, 0.57780164)
(0.63408220, 0.57995558, 0.82980430, 0.71010643, 0.25752142, 0.51288784, 0.72363842, 0.40685996, 0.68318325, 0.51621145)
(0.06156202, 0.88106322, 0.36682108, 0.80527413, 0.83132243, 0.53294146, 0.70798647, 0.20748121, 0.06538387, 0.61689031)
(0.24125108, 0.86087477, 0.37718087, 0.33866650, 0.73478550, 0.70343399, 0.51593393, 0.25685623, 0.43807226, 0.71227127)
(0.45694628, 0.46706578, 0.70463532, 0.70372230, 0.42674682, 0.43556657, 0.69943559, 0.46058029, 0.43797761, 0.45453712)
(0.45361176, 0.67926735, 0.44970885, 0.46193051, 0.57937831, 0.53384340, 0.48124817, 0.32946995, 0.46106416, 0.62087268)
(0.31355307, 0.57945067, 0.37845996, 0.44930571, 0.82566130, 0.43726191, 0.49195048, 0.37270302, 0.18783528, 0.45532602)
(0.16921911, 0.87160158, 0.56029665, 0.56160790, 0.52435911, 0.74888188, 0.71967775, 0.30933455, 0.53727615, 0.72124916)
(0.21781452, 0.65755099, 0.66542947, 0.62308371, 0.57302964, 0.63651365, 0.76655614, 0.52112538, 0.43071505, 0.51592833)
(0.25875181, 0.86750972, 0.85480398, 0.95025826, 0.16002893, 0.54467857, 0.87540179, 0.18150660, 0.40425071, 0.68377310)
(0.23108925, 0.67033559, 0.55591536, 0.48217440, 0.63745141, 0.65889370, 0.68961066, 0.50703198, 0.46873304, 0.55389035)
(0.35550511, 0.64225441, 0.55218834, 0.62900430, 0.49881536, 0.52854306, 0.63067937, 0.39901745, 0.43019757, 0.57780349)
(0.57672280, 0.66933209, 0.54805386, 0.60113716, 0.40172213, 0.48218617, 0.50312090, 0.29735425, 0.53681898, 0.63441753)
(0.66873056, 0.52027565, 0.77852714, 0.74501354, 0.32025406, 0.38290542, 0.66282207, 0.33765152, 0.53325796, 0.47892255)
(0.30909654, 0.40523517, 0.85042375, 0.53939682, 0.50967520, 0.64990515, 0.86111230, 0.73113936, 0.59290993, 0.33450937)
(0.57746321, 0.48822525, 0.81362009, 0.62890023, 0.33192357, 0.53049046, 0.73435825, 0.50873405, 0.66844094, 0.45699656)
(0.80106848, 0.40017283, 0.89884967, 0.42676634, 0.38408720, 0.52990270, 0.71711040, 0.54954553, 0.79321194, 0.31847128)
(0.22511901, 0.65935206, 0.45423949, 0.30136418, 0.85305858, 0.63212466, 0.59620970, 0.47644246, 0.31267482, 0.47525263)
(0.34473920, 0.79974222, 0.47539946, 0.78570139, 0.41255039, 0.46098614, 0.57700062, 0.19073576, 0.31410044, 0.70190006)
(0.35524520, 0.43208611, 0.81266248, 0.77541876, 0.43434906, 0.47432116, 0.81889242, 0.55804551, 0.41647878, 0.36406574)
(0.25231788, 0.70671189, 0.73199123, 0.52728999, 0.48185328, 0.72716326, 0.78783673, 0.53027415, 0.63928026, 0.57198179)
(0.80798513, 0.40613684, 0.83643055, 0.60526758, 0.44419405, 0.30953676, 0.64522868, 0.31030858, 0.50969654, 0.32627618)
(0.15388104, 0.76262444, 0.67262375, 0.66273725, 0.56290489, 0.69652474, 0.80663359, 0.46935341, 0.42123365, 0.57267970)
(0.59111345, 0.74358320, 0.50377566, 0.55305642, 0.37925264, 0.52146375, 0.45784456, 0.22668189, 0.57720900, 0.69480252)
(0.08465017, 0.93116814, 0.63922489, 0.75694579, 0.50838333, 0.77663511, 0.82836771, 0.24795821, 0.40431052, 0.75021261)
(0.24051188, 0.72801888, 0.72246528, 0.88154966, 0.40846547, 0.48598266, 0.79679722, 0.31960458, 0.26846710, 0.55572039)
(0.38491952, 0.57456613, 0.85839409, 0.43936998, 0.40755954, 0.73318064, 0.83255708, 0.64512247, 0.78131390, 0.47836846)
(0.58548427, 0.32822812, 0.77771354, 0.73408198, 0.58805203, 0.20545602, 0.69776267, 0.28963420, 0.17522725, 0.29120728)
(0.38540742, 0.73850965, 0.59762603, 0.91198891, 0.37566978, 0.28592011, 0.64037758, 0.15769608, 0.15907502, 0.62320942)
(0.60893440, 0.74211586, 0.39959902, 0.34994251, 0.55647331, 0.53085202, 0.37177679, 0.20202784, 0.49268764, 0.66217363)
(0.50806153, 0.56231463, 0.57884902, 0.67754114, 0.46736291, 0.37139815, 0.57442617, 0.30195129, 0.34512925, 0.54617012)
(0.31041452, 0.56467724, 0.78607929, 0.57949173, 0.44832253, 0.66019565, 0.80964148, 0.61615384, 0.62058502, 0.47401106)
(0.29744372, 0.40232253, 0.61458731, 0.57152408, 0.74067539, 0.44031221, 0.69251245, 0.56460136, 0.26229057, 0.33066151)
(0.28287563, 0.63656712, 0.86422813, 0.53974879, 0.38831475, 0.75706071, 0.86825585, 0.64212608, 0.74846995, 0.50114173)
(0.50798774, 0.41837427, 0.82128656, 0.81105280, 0.34178478, 0.37202120, 0.77256155, 0.44176269, 0.41585734, 0.39637107)
(0.30926514, 0.71436018, 0.74257946, 0.25267518, 0.61314970, 0.79424757, 0.75162643, 0.56570381, 0.74548495, 0.55935055)
(0.61209434, 0.37140080, 0.71869534, 0.57280844, 0.52040040, 0.37503886, 0.63665468, 0.45057088, 0.45151594, 0.36718619)
(0.52875388, 0.69940180, 0.67484051, 0.27563509, 0.52699673, 0.69538456, 0.59940839, 0.40989289, 0.73708761, 0.60670781)
(0.57322466, 0.49007672, 0.91041952, 0.58662659, 0.25853413, 0.62939459, 0.83799440, 0.58194345, 0.79931480, 0.43491742)
(0.36902025, 0.67214119, 0.53697479, 0.29523990, 0.67358273, 0.66580629, 0.58236778, 0.45578787, 0.57022202, 0.56781751)
(0.42753720, 0.86291730, 0.41853315, 0.72919184, 0.32314742, 0.50313652, 0.48161691, 0.11965197, 0.43849722, 0.78564793)
(0.31590840, 0.68308693, 0.57001013, 0.22556455, 0.75206846, 0.71534365, 0.62253016, 0.50407678, 0.57508278, 0.53273213)
(0.76440638, 0.34357750, 0.91963774, 0.51207459, 0.36339691, 0.50513524, 0.77283370, 0.58593994, 0.75929284, 0.28762847)
(0.16227518, 0.83259904, 0.37523815, 0.61532551, 0.69918817, 0.60386163, 0.60773724, 0.26574266, 0.25141856, 0.67004406)
(0.33054584, 0.71993142, 0.62893093, 0.49231127, 0.47300589, 0.68026358, 0.68251282, 0.43283471, 0.63095325, 0.62674415)
(0.79670310, 0.44127288, 0.67155153, 0.36948866, 0.78351796, 0.20122294, 0.45795155, 0.17497705, 0.14970566, 0.31576034)
(0.20412770, 0.92418700, 0.37403044, 0.52318168, 0.55812109, 0.71237439, 0.55100137, 0.15877809, 0.46444795, 0.81218749)
(0.37417558, 0.91279203, 0.24991700, 0.53461170, 0.56826663, 0.55984759, 0.34087256, 0.07674934, 0.33158752, 0.81488490)
(0.27268022, 0.93935812, 0.25252777, 0.60466909, 0.54151458, 0.60415065, 0.39753580, 0.07177106, 0.32549754, 0.84641778)
(0.60745096, 0.28735858, 0.93743467, 0.72513270, 0.27734911, 0.48047769, 0.87309510, 0.62826037, 0.66412294, 0.27155468)
(0.22771020, 0.49679828, 0.79922456, 0.25018165, 0.74754781, 0.75150549, 0.82262331, 0.75185055, 0.63153255, 0.35963899)
(0.42991543, 0.33240333, 0.85864896, 0.47707373, 0.52634102, 0.58212680, 0.82752520, 0.70147586, 0.58556628, 0.28989851)
(0.46823779, 0.90474242, 0.55244267, 0.47530767, 0.32459360, 0.71466386, 0.53445721, 0.15075728, 0.72772700, 0.82155031)
(0.59944755, 0.66394657, 0.60337132, 0.53765154, 0.39318380, 0.53082794, 0.52992284, 0.33344027, 0.62595725, 0.62250304)
(0.29780149, 0.77310956, 0.74165148, 0.44229931, 0.44680104, 0.77593100, 0.76462150, 0.47266144, 0.74401152, 0.64017880)
(0.09348808, 0.86292022, 0.48762167, 0.86862099, 0.68514687, 0.50956398, 0.74915880, 0.21739548, 0.10017265, 0.62527239)
(0.25566173, 0.67671359, 0.74332970, 0.64539570, 0.44324976, 0.66989577, 0.80022866, 0.51448834, 0.56234020, 0.54365766)
(0.29412505, 0.75232005, 0.52608532, 0.91545749, 0.48667100, 0.27114788, 0.63344580, 0.15011172, 0.09688187, 0.60647386)
(0.33063084, 0.53040987, 0.89704686, 0.72775739, 0.31758308, 0.64660794, 0.88830334, 0.63166732, 0.65514868, 0.41507804)
(0.50678551, 0.51974279, 0.84367156, 0.65671575, 0.29981264, 0.57415283, 0.79105169, 0.52598858, 0.68364948, 0.47008571)
(0.12563165, 0.82217646, 0.56681836, 0.56269079, 0.66499060, 0.73181462, 0.75574183, 0.41584316, 0.40900168, 0.62854403)
(0.34053037, 0.60201889, 0.80941391, 0.83735538, 0.33663744, 0.50525695, 0.81888580, 0.43102571, 0.43017372, 0.48398367)
(0.22956914, 0.85123295, 0.55201197, 0.68634754, 0.44298962, 0.64984316, 0.68512708, 0.25534055, 0.46436042, 0.71741140)
(0.37577039, 0.78467387, 0.42024499, 0.48664719, 0.57422912, 0.58588552, 0.49031907, 0.26351440, 0.45713335, 0.69286633)
(0.20598532, 0.78840643, 0.43362018, 0.67123145, 0.63401622, 0.55375665, 0.62199980, 0.28725106, 0.26589745, 0.64182520)
(0.22198293, 0.64981598, 0.63927603, 0.46326843, 0.61739767, 0.69918144, 0.74586242, 0.58163553, 0.53781474, 0.52854133)
(0.55681592, 0.90963423, 0.58833873, 0.55545741, 0.24369937, 0.67571270, 0.51561642, 0.11828066, 0.74233603, 0.83517444)
(0.23407434, 0.75451237, 0.89026600, 0.58210963, 0.32707441, 0.81424212, 0.89706653, 0.58150274, 0.79411787, 0.57085067)
(0.40567568, 0.91941339, 0.65867054, 0.80690867, 0.15262663, 0.62379187, 0.66969699, 0.10490666, 0.66511905, 0.83008331)
(0.17463042, 0.75579304, 0.68757343, 0.76499116, 0.51174468, 0.62575895, 0.80575478, 0.41261482, 0.35160568, 0.56728381)
(0.32350919, 0.77157837, 0.80157864, 0.70795757, 0.27991581, 0.69209868, 0.81099838, 0.39158532, 0.68290889, 0.63748908)
(0.25345588, 0.85206908, 0.57544750, 0.87002528, 0.37108654, 0.49515045, 0.69557077, 0.17586914, 0.27622518, 0.70856899)
(0.38793001, 0.75533563, 0.51395476, 0.11477520, 0.84112847, 0.73805982, 0.51688540, 0.39415261, 0.56913412, 0.54985255)
(0.15740655, 0.95896769, 0.58543307, 0.47589681, 0.45147449, 0.85520202, 0.71860337, 0.17429149, 0.69863158, 0.84794688)
(0.45148337, 0.78393018, 0.55602288, 0.34985316, 0.52858180, 0.68480510, 0.54311842, 0.32066700, 0.66144645, 0.68857527)
(0.54684174, 0.58712971, 0.85899973, 0.81176877, 0.20883088, 0.49623555, 0.79255950, 0.38876069, 0.61612117, 0.52110100)
(0.18519743, 0.88241595, 0.43795520, 0.72262812, 0.52857685, 0.61046237, 0.64110845, 0.19195075, 0.31481004, 0.74007541)
(0.21910797, 0.61180419, 0.62535042, 0.59564871, 0.62651420, 0.61319697, 0.74420017, 0.55099630, 0.38633096, 0.48513299)
(0.22220643, 0.86045480, 0.56400001, 0.46751049, 0.52572453, 0.76023531, 0.68015373, 0.32250986, 0.61261863, 0.72593671)
(0.33779636, 0.69845945, 0.69581991, 0.67588204, 0.37883735, 0.61138982, 0.73535377, 0.41037849, 0.56233585, 0.59969288)
(0.24521990, 0.86803347, 0.38349220, 0.36840299, 0.69337684, 0.70540482, 0.52178168, 0.24733570, 0.46195778, 0.73177481)
(0.45056173, 0.39177090, 0.58636689, 0.56608719, 0.70956641, 0.32061526, 0.59735888, 0.41550684, 0.21566394, 0.35139665)
(0.22808506, 0.70740753, 0.60991865, 0.79674232, 0.53781891, 0.50216323, 0.73169029, 0.35343081, 0.25497812, 0.55280924)
(0.32826939, 0.67896026, 0.73913670, 0.28727666, 0.59384644, 0.76649600, 0.74496430, 0.57452905, 0.72603786, 0.54279810)
(0.52349430, 0.70240676, 0.70955569, 0.68646997, 0.27715644, 0.55293506, 0.65859699, 0.31956503, 0.64313173, 0.64557552)
(0.31458282, 0.91845280, 0.52330440, 0.58442473, 0.34195876, 0.71114028, 0.60044676, 0.15046169, 0.63946921, 0.82326931)
(0.32550016, 0.67320758, 0.49334851, 0.46562433, 0.59695399, 0.60741025, 0.58995175, 0.42741349, 0.48874146, 0.59853399)
(0.13552171, 0.58101374, 0.76710439, 0.26009175, 0.80317509, 0.80128515, 0.84917808, 0.77441967, 0.58339339, 0.38499540)
(0.19794212, 0.91353053, 0.48631722, 0.62723178, 0.45202142, 0.71101373, 0.65097862, 0.18334360, 0.50633746, 0.79000217)
(0.23517844, 0.72084367, 0.85355127, 0.51575243, 0.40750366, 0.79855722, 0.87102306, 0.60303622, 0.75912732, 0.55234873)
(0.37538344, 0.57291532, 0.71721512, 0.82650626, 0.40144205, 0.41276401, 0.74429673, 0.37703174, 0.32509020, 0.49179590)
(0.46707141, 0.73226255, 0.75504947, 0.64619106, 0.27948102, 0.63342577, 0.71680057, 0.35691270, 0.70607424, 0.64792705)
(0.17251925, 0.93462169, 0.22170374, 0.88100177, 0.67012477, 0.34639341, 0.43684378, 0.04594659, 0.05682915, 0.79428071)
(0.61482406, 0.27854759, 0.87360603, 0.57646227, 0.41899523, 0.46134380, 0.79045284, 0.60768485, 0.59570277, 0.27721620)
(0.21076265, 0.67251134, 0.75849110, 0.73454690, 0.47803304, 0.63756353, 0.82911277, 0.51158822, 0.44110626, 0.50578630)
(0.30848408, 0.64849216, 0.75106400, 0.36034647, 0.54570144, 0.74845654, 0.76912320, 0.60313779, 0.71347332, 0.53430313)
(0.41887999, 0.77133077, 0.32731003, 0.43786353, 0.67902482, 0.51851398, 0.39939606, 0.20527565, 0.32150385, 0.65954733)
(0.38288921, 0.92609936, 0.53757381, 0.79223311, 0.20201667, 0.58798563, 0.59038341, 0.08804736, 0.56550825, 0.84279197)
(0.25605255, 0.66203046, 0.65822989, 0.64698678, 0.51399285, 0.61391479, 0.74927855, 0.48124099, 0.45102900, 0.54045326)
(0.40238014, 0.69762546, 0.73321122, 0.74601221, 0.30031756, 0.56604093, 0.73627794, 0.36381942, 0.56992799, 0.60824353)
(0.12217098, 0.83060205, 0.64123458, 0.69659197, 0.57062972, 0.71519947, 0.80940360, 0.39507112, 0.38309926, 0.62534761)
(0.55388474, 0.56195414, 0.79958713, 0.85301572, 0.27354378, 0.35864416, 0.73061407, 0.31248924, 0.41064996, 0.50565583)
(0.25011730, 0.59828085, 0.77564013, 0.38645691, 0.58111197, 0.75319111, 0.81405801, 0.68404633, 0.67939323, 0.47503850)
(0.41875821, 0.67860204, 0.73797297, 0.55014861, 0.35927707, 0.66256350, 0.72794807, 0.44713196, 0.70356607, 0.59927261)
(0.36659306, 0.50230312, 0.82025111, 0.71026248, 0.38530403, 0.56734806, 0.81921649, 0.57450271, 0.55415004, 0.42841747)
(0.48121321, 0.55829871, 0.58249187, 0.48312953, 0.50920933, 0.54160762, 0.58095914, 0.46184537, 0.55391967, 0.54180843)
(0.21916045, 0.52011049, 0.69107914, 0.78666365, 0.64004344, 0.44678757, 0.78690219, 0.51348889, 0.20118025, 0.37809062)
(0.44936115, 0.81299943, 0.42537722, 0.48110056, 0.47591844, 0.59780383, 0.46228734, 0.20621803, 0.53626072, 0.73689622)
(0.23740019, 0.50140291, 0.75362128, 0.83718342, 0.57129556, 0.42236406, 0.81916904, 0.50551146, 0.20806570, 0.36063519)
(0.35273415, 0.89308196, 0.74524039, 0.81993103, 0.16398551, 0.65331429, 0.76138157, 0.16477029, 0.66826278, 0.77866977)
(0.10779072, 0.82269710, 0.47428915, 0.48726115, 0.76763010, 0.72704214, 0.71516657, 0.41448015, 0.33514857, 0.61432725)
(0.37445131, 0.61764097, 0.68353575, 0.39807820, 0.53097290, 0.67922598, 0.69711149, 0.54790890, 0.66149563, 0.54453540)
(0.22311048, 0.80794036, 0.52818567, 0.26688746, 0.73935086, 0.77371734, 0.64392316, 0.42538106, 0.57271957, 0.63213259)
(0.07402611, 0.80661225, 0.71845150, 0.63714385, 0.67130613, 0.78744078, 0.87597424, 0.55076671, 0.38618895, 0.54123139)
(0.36900395, 0.49184060, 0.89647043, 0.53687847, 0.37073967, 0.70755553, 0.87782001, 0.69928658, 0.75709349, 0.40456432)
(0.47876653, 0.68173462, 0.66158539, 0.81236118, 0.29530090, 0.43134248, 0.65192294, 0.26759353, 0.43095317, 0.62590176)
(0.32857448, 0.68086845, 0.88736945, 0.69669271, 0.26713032, 0.71331954, 0.87718666, 0.52872479, 0.73543370, 0.53128511)
(0.17358652, 0.81994373, 0.71916413, 0.41409835, 0.56608289, 0.82403600, 0.80276471, 0.50356340, 0.69210565, 0.63835692)
(0.34766445, 0.74692315, 0.62565809, 0.27504158, 0.63419223, 0.74817574, 0.64520204, 0.45307663, 0.67497355, 0.60680443)
(0.26280823, 0.63902086, 0.79434597, 0.81572866, 0.40709728, 0.55652863, 0.83105898, 0.46308598, 0.40536144, 0.48612067)
(0.28534570, 0.80773348, 0.61205184, 0.58940870, 0.42021948, 0.68285859, 0.69006652, 0.32929519, 0.59682178, 0.69054955)
(0.53530830, 0.58362997, 0.61668861, 0.70058668, 0.39861071, 0.40795186, 0.59225363, 0.32452026, 0.43063325, 0.56257969)
(0.20128413, 0.89702201, 0.27895802, 0.67247051, 0.65628505, 0.53961331, 0.48513439, 0.12790604, 0.20486099, 0.76495665)
(0.25651053, 0.81518996, 0.56151265, 0.80514532, 0.42480469, 0.53159994, 0.68689179, 0.23561034, 0.32221970, 0.67700076)
(0.19456229, 0.67615169, 0.61808956, 0.45936894, 0.67282313, 0.70004040, 0.74127835, 0.55969793, 0.48331329, 0.52654529)
(0.23877843, 0.75719029, 0.77713901, 0.61208057, 0.40179786, 0.74323380, 0.82278055, 0.48485824, 0.66177404, 0.60072994)
(0.54956090, 0.39284217, 0.88824695, 0.82371807, 0.27540275, 0.40273958, 0.82328248, 0.48048601, 0.51228744, 0.36634073)
(0.29192328, 0.86065137, 0.50488824, 0.69154680, 0.38689992, 0.60820073, 0.62090665, 0.19465876, 0.47726443, 0.74908239)
(0.27799323, 0.61916095, 0.71628708, 0.88401568, 0.46448076, 0.38555345, 0.78091305, 0.34751239, 0.20267716, 0.47416222)
(0.59621537, 0.64733374, 0.58974814, 0.12656750, 0.74015749, 0.66551614, 0.48843426, 0.40771201, 0.64053953, 0.51281577)
(0.32193542, 0.82190168, 0.61185890, 0.67713702, 0.33884960, 0.63587791, 0.68089312, 0.26063669, 0.57705772, 0.71231425)
(0.23928927, 0.52261770, 0.71609420, 0.55832386, 0.59295839, 0.63744313, 0.78998953, 0.66025198, 0.48278141, 0.43190384)
(0.21237022, 0.65609342, 0.60993254, 0.71762693, 0.60864991, 0.54027200, 0.73854232, 0.44467589, 0.27879471, 0.50812757)
(0.24805950, 0.94582790, 0.45536527, 0.79325837, 0.30248690, 0.62017184, 0.60418046, 0.08169199, 0.43253705, 0.84934139)
(0.18935762, 0.58876437, 0.68251240, 0.63271338, 0.64149350, 0.61885011, 0.79121631, 0.59686637, 0.36067522, 0.44143552)
(0.72343636, 0.49980897, 0.85961246, 0.85540414, 0.27508122, 0.26404902, 0.72558308, 0.22688225, 0.40576270, 0.42818895)
(0.41812417, 0.50828379, 0.80584997, 0.72805625, 0.37941658, 0.52199680, 0.78698623, 0.51964605, 0.52157545, 0.43837857)
(0.18340437, 0.69336224, 0.54827470, 0.45519418, 0.70144618, 0.68722594, 0.70791030, 0.52540737, 0.43764561, 0.54352695)
(0.86521250, 0.37198445, 0.92761326, 0.43650198, 0.36172065, 0.49434108, 0.72137707, 0.53217870, 0.81097233, 0.27026004)
(0.65993345, 0.47115889, 0.89827919, 0.17913553, 0.53968823, 0.70495522, 0.75131339, 0.62095100, 0.84002447, 0.37490931)
(0.31697664, 0.90516102, 0.45049578, 0.72303057, 0.33320019, 0.59036309, 0.56383491, 0.12012082, 0.47034290, 0.80837929)
(0.57255298, 0.67367280, 0.52194577, 0.57852149, 0.41220900, 0.48929074, 0.48664865, 0.29105061, 0.53747165, 0.63930351)
(0.47270367, 0.78558415, 0.43834901, 0.80307138, 0.44956443, 0.29590935, 0.45723256, 0.09810265, 0.17473614, 0.71135098)
(0.13097176, 0.79020452, 0.54480064, 0.37778237, 0.75171196, 0.77291495, 0.73610574, 0.50141799, 0.47795644, 0.58837628)
(0.45560557, 0.52641201, 0.87478435, 0.16057029, 0.62650138, 0.77254087, 0.79452670, 0.69225222, 0.81759101, 0.39982671)
(0.41532421, 0.56033903, 0.62489837, 0.30346149, 0.63884801, 0.63187081, 0.62753093, 0.54294622, 0.59915084, 0.49743509)
(0.45953882, 0.63243520, 0.39546028, 0.39331993, 0.69072384, 0.49619588, 0.44530258, 0.33354720, 0.35915014, 0.56148899)
(0.24306628, 0.81403637, 0.42613092, 0.36471400, 0.71041733, 0.69478089, 0.56290889, 0.33188829, 0.46250686, 0.66960531)
(0.34074062, 0.67559409, 0.54082233, 0.41980469, 0.58204973, 0.64712524, 0.61423844, 0.45205766, 0.56109434, 0.59718931)
(0.64964658, 0.54830146, 0.73670012, 0.70197666, 0.34352896, 0.41675404, 0.62841558, 0.35389620, 0.54719329, 0.50912863)
(0.10675135, 0.87253881, 0.53381616, 0.85091329, 0.61341399, 0.56338048, 0.76352477, 0.22494607, 0.15793651, 0.65480411)
(0.14484210, 0.76288593, 0.64396763, 0.53795254, 0.62253231, 0.74552715, 0.79163307, 0.51281095, 0.48691621, 0.57792813)
(0.45861000, 0.58714747, 0.74786627, 0.69596279, 0.38248140, 0.51874429, 0.71683294, 0.43510771, 0.53060299, 0.51479912)
(0.16173249, 0.76817554, 0.61647159, 0.53961265, 0.60695636, 0.73013508, 0.76616871, 0.47897574, 0.48890281, 0.59786242)
(0.35585099, 0.71092355, 0.36702734, 0.33382392, 0.79407197, 0.55035430, 0.45635918, 0.30820754, 0.30024415, 0.56482863)
(0.15624890, 0.73867112, 0.65629900, 0.42631558, 0.66626906, 0.77013451, 0.78505826, 0.57205302, 0.55546731, 0.55842918)
(0.24712807, 0.79924119, 0.59089357, 0.78367984, 0.43435752, 0.55947208, 0.71177256, 0.27503660, 0.35223010, 0.65650356)
(0.56714028, 0.57286215, 0.83653617, 0.53391480, 0.31084129, 0.63243270, 0.75182205, 0.49630037, 0.76874131, 0.51369667)
(0.13112260, 0.89019769, 0.65152240, 0.75328302, 0.45333457, 0.72974849, 0.80837798, 0.28568962, 0.43568015, 0.71113354)
(0.13866867, 0.85970515, 0.71795881, 0.72762442, 0.43917805, 0.74900919, 0.83803159, 0.36588392, 0.50156456, 0.66765285)
(0.17919743, 0.89632493, 0.40816641, 0.60374850, 0.58304167, 0.67428452, 0.60808873, 0.20326869, 0.38173357, 0.76214880)
(0.10493284, 0.83397108, 0.45123187, 0.61207080, 0.74806792, 0.66814500, 0.70911163, 0.34625825, 0.24385051, 0.62689310)
(0.62906903, 0.53175020, 0.67582893, 0.73117322, 0.53385562, 0.21843335, 0.57379204, 0.16136868, 0.18417609, 0.46719554)
(0.77003092, 0.49109772, 0.79401392, 0.64585471, 0.47537360, 0.28196114, 0.60649085, 0.23395836, 0.37338129, 0.38599610)
(0.22524230, 0.62348479, 0.36395669, 0.68267035, 0.84216952, 0.33348829, 0.53637111, 0.29572374, 0.07624274, 0.44238776)
(0.70633286, 0.79280478, 0.46666908, 0.57960951, 0.44312781, 0.40115052, 0.36582625, 0.11392286, 0.38556194, 0.68363059)
(0.51288676, 0.42198136, 0.85830188, 0.84794194, 0.30092013, 0.36680463, 0.80444413, 0.43543065, 0.42101577, 0.38676843)
(0.36141074, 0.73043561, 0.71972609, 0.68810982, 0.32538119, 0.62618840, 0.74181151, 0.37685552, 0.61228245, 0.63005126)
(0.33398661, 0.91153902, 0.21684217, 0.56962872, 0.65282369, 0.51948559, 0.32736161, 0.07309935, 0.23068868, 0.79971635)
(0.26100183, 0.81418777, 0.72199506, 0.64453912, 0.35438082, 0.72251165, 0.77914572, 0.36447468, 0.65128219, 0.67481649)
(0.68912077, 0.67943001, 0.82661319, 0.65916234, 0.22352819, 0.57398838, 0.68819058, 0.33905393, 0.77531916, 0.58523339)
(0.18539324, 0.67347008, 0.54826385, 0.65020531, 0.67782789, 0.56837076, 0.71383840, 0.45558861, 0.26812577, 0.51740032)
(0.47624424, 0.63992345, 0.75812018, 0.76079696, 0.27947241, 0.51495779, 0.72816253, 0.36757863, 0.56496352, 0.57559186)
(0.26601171, 0.38464072, 0.79943079, 0.71654010, 0.58265811, 0.50314522, 0.83844650, 0.66434604, 0.34169200, 0.30267715)
(0.67333871, 0.54873610, 0.69985539, 0.63021225, 0.39169642, 0.41720062, 0.58697218, 0.33789432, 0.55800086, 0.50338674)
(0.12800279, 0.85616744, 0.48943040, 0.64091045, 0.64697021, 0.68618399, 0.71349519, 0.31323755, 0.32886964, 0.67753279)
(0.38921529, 0.82801694, 0.50428522, 0.64651698, 0.35998377, 0.58016592, 0.56336951, 0.20648447, 0.53803504, 0.74492818)
(0.20835166, 0.83457565, 0.60182440, 0.42118239, 0.57244968, 0.78038579, 0.71296924, 0.40064618, 0.62937927, 0.68582761)
(0.26859593, 0.52846551, 0.67817563, 0.61606473, 0.57935148, 0.57794887, 0.75469923, 0.59311211, 0.41948628, 0.44323322)
(0.16119479, 0.94329804, 0.39750704, 0.58140600, 0.53928220, 0.73760045, 0.60046357, 0.14216579, 0.45280308, 0.82934749)
(0.48374933, 0.76145345, 0.50667316, 0.62817019, 0.35806367, 0.52540970, 0.52243036, 0.22890399, 0.53666228, 0.70685089)
(0.23814131, 0.92353982, 0.64201492, 0.92542517, 0.23135029, 0.53170580, 0.74535549, 0.10483238, 0.31570163, 0.79357767)
(0.23182808, 0.64290643, 0.73398054, 0.51908916, 0.53055543, 0.71553624, 0.80124336, 0.60741663, 0.60008585, 0.51646173)
(0.27737918, 0.51013434, 0.56455892, 0.29947379, 0.81011385, 0.59952641, 0.64039886, 0.57770723, 0.41550305, 0.40008149)
(0.43215877, 0.36054981, 0.71140856, 0.75420612, 0.68597978, 0.23693019, 0.70274782, 0.37830740, 0.12973794, 0.28284556)
(0.18093225, 0.94110888, 0.85131609, 0.90112823, 0.15210119, 0.75244761, 0.88709575, 0.17551954, 0.63255274, 0.79514015)
(0.26992533, 0.57723439, 0.47928566, 0.47035962, 0.71867442, 0.55758548, 0.61118037, 0.50635457, 0.35186094, 0.49306798)
(0.50060737, 0.67518771, 0.47748742, 0.68859440, 0.50463074, 0.34231454, 0.48246926, 0.18826604, 0.25627384, 0.62977678)
(0.51897436, 0.53246593, 0.70970273, 0.80208212, 0.39408264, 0.33256212, 0.67332196, 0.31216583, 0.32461697, 0.48721185)
(0.49294856, 0.54167932, 0.85029006, 0.49676234, 0.35329303, 0.66464388, 0.79381615, 0.58220869, 0.76810622, 0.47915715)
(0.45313153, 0.44270208, 0.90152556, 0.79522008, 0.28017402, 0.52177209, 0.86348432, 0.56329173, 0.59293222, 0.37505394)
(0.78474683, 0.41704303, 0.83043027, 0.61131316, 0.45143282, 0.32502437, 0.64591980, 0.33260962, 0.49625105, 0.33562580)
(0.15520439, 0.83456087, 0.33576030, 0.72433019, 0.75603575, 0.48360485, 0.57195044, 0.19929543, 0.12349980, 0.64232492)
(0.10649277, 0.96958637, 0.41208303, 0.89016914, 0.42873716, 0.62057316, 0.68699741, 0.06180080, 0.19873440, 0.85747546)
(0.24163616, 0.93215269, 0.65455246, 0.96380758, 0.20529386, 0.42441151, 0.74814034, 0.06949295, 0.20126806, 0.79995757)
(0.26529765, 0.43094212, 0.83211410, 0.68604130, 0.51573277, 0.58621782, 0.85789472, 0.69081247, 0.46039447, 0.34019315)
(0.39150724, 0.91001844, 0.24289553, 0.48943502, 0.60833317, 0.56489772, 0.32705548, 0.07742430, 0.31923568, 0.80230117)
(0.26414508, 0.70847571, 0.60340554, 0.52261096, 0.53865987, 0.67219740, 0.69972044, 0.46504954, 0.54514211, 0.59892565)
(0.07880378, 0.83087033, 0.78687084, 0.60913831, 0.58202404, 0.83646816, 0.89888674, 0.56900805, 0.54404932, 0.57620990)
(0.22094654, 0.87383366, 0.75063449, 0.58521378, 0.35619634, 0.79863578, 0.80312556, 0.34491673, 0.72825599, 0.72254145)
(0.39277819, 0.84848440, 0.63022077, 0.68764150, 0.27526331, 0.63068563, 0.65092123, 0.20987867, 0.63601166, 0.75178564)
(0.12789255, 0.73395389, 0.57965881, 0.47427499, 0.73826122, 0.72653604, 0.76354599, 0.53960556, 0.40020567, 0.53389525)
(0.27564779, 0.84765494, 0.54030210, 0.66816854, 0.39930943, 0.63599002, 0.65415382, 0.23303144, 0.50765270, 0.72963595)
(0.08449426, 0.98400939, 0.34405315, 0.92041934, 0.44161534, 0.60935408, 0.65642554, 0.03355398, 0.13848113, 0.89764720)
(0.55837357, 0.32564059, 0.90854967, 0.83872861, 0.29633310, 0.36317277, 0.84312356, 0.51039338, 0.46889818, 0.30530003)
(0.45493332, 0.77773893, 0.38508546, 0.58764011, 0.45879731, 0.50585783, 0.44057861, 0.19259608, 0.43308827, 0.71632069)
(0.24275970, 0.65656644, 0.64619732, 0.53133100, 0.55704170, 0.67292517, 0.74308300, 0.54030108, 0.52827454, 0.54411310)
(0.39653885, 0.65140092, 0.61379844, 0.39710170, 0.54381925, 0.65798134, 0.63426554, 0.47888410, 0.62944394, 0.57984596)
(0.36040759, 0.45193797, 0.58707434, 0.56666535, 0.64459169, 0.46497566, 0.64965212, 0.53377974, 0.34643719, 0.41229075)
(0.47735977, 0.59985834, 0.53330493, 0.65788752, 0.46181607, 0.43686298, 0.55207652, 0.34812039, 0.40694010, 0.57885742)
(0.43118623, 0.71889627, 0.48493850, 0.51318431, 0.47634023, 0.57116318, 0.52901393, 0.31622460, 0.53648800, 0.66564918)
(0.85824567, 0.24227184, 0.92353439, 0.50853968, 0.45122069, 0.34635949, 0.73330534, 0.50676608, 0.64979661, 0.18696621)
(0.69176209, 0.63485849, 0.64344925, 0.59843993, 0.42879355, 0.41317305, 0.51411462, 0.26510039, 0.49774712, 0.55278617)
(0.09630058, 0.90113789, 0.37738445, 0.57883841, 0.74460012, 0.70891571, 0.66359198, 0.24451359, 0.26200122, 0.71782613)
(0.10388766, 0.78380793, 0.50771761, 0.72143835, 0.75607592, 0.58563447, 0.74474841, 0.37123606, 0.16320819, 0.55046654)
(0.51493579, 0.58046305, 0.47884637, 0.57460636, 0.63254029, 0.34162122, 0.47572839, 0.26194090, 0.23760746, 0.53648037)
(0.46023655, 0.67221540, 0.41903210, 0.49414980, 0.53886265, 0.51560372, 0.46780634, 0.30698857, 0.45408389, 0.63276905)
(0.53265297, 0.44159660, 0.86031568, 0.69127893, 0.30521351, 0.52324039, 0.79889023, 0.54501987, 0.64601350, 0.41503739)
(0.51907885, 0.67590892, 0.66937560, 0.39772493, 0.45317617, 0.65224081, 0.61159939, 0.41546783, 0.70782036, 0.60730195)
(0.28705382, 0.71101528, 0.41650259, 0.60375190, 0.62559098, 0.51794708, 0.55990171, 0.32587448, 0.30953795, 0.61249566)
(0.78126448, 0.56437814, 0.55453330, 0.10499300, 0.80706078, 0.49241599, 0.34797898, 0.28421685, 0.49265385, 0.41830686)
(0.20192844, 0.79574066, 0.67574406, 0.86356664, 0.42755088, 0.53735000, 0.78715146, 0.28294498, 0.27700326, 0.61293137)
(0.20924048, 0.73163003, 0.73739433, 0.33608994, 0.61042023, 0.80543762, 0.80025125, 0.59985059, 0.70330352, 0.56313330)
(0.52698290, 0.74897736, 0.75840461, 0.46510202, 0.31266809, 0.70872504, 0.68778503, 0.36703560, 0.79884613, 0.66567278)
(0.39922643, 0.75666487, 0.53464687, 0.44959682, 0.49908650, 0.64874476, 0.57045168, 0.34224442, 0.60332537, 0.67773008)
(0.37823093, 0.45375144, 0.84829068, 0.67648166, 0.38411614, 0.58542430, 0.83969879, 0.63101089, 0.59712666, 0.39287651)
(0.43316990, 0.79989123, 0.54518867, 0.73900473, 0.30428392, 0.51150113, 0.58159018, 0.19708334, 0.49605903, 0.72454381)
(0.55324501, 0.66160053, 0.70781541, 0.48294541, 0.36422798, 0.62902355, 0.63840699, 0.39738008, 0.72373438, 0.60900396)
(0.36779886, 0.65827453, 0.57109493, 0.41249403, 0.56033230, 0.64812231, 0.62261915, 0.46547651, 0.59229136, 0.58802342)
(0.31447300, 0.54165965, 0.84091878, 0.47199062, 0.45937267, 0.72540969, 0.84328848, 0.68976992, 0.72327834, 0.44810835)
(0.19513294, 0.74064153, 0.70649391, 0.61802399, 0.49922466, 0.71359557, 0.80397910, 0.49370345, 0.53698951, 0.57706666)
(0.43751946, 0.55570710, 0.79515845, 0.66188663, 0.34272403, 0.57650405, 0.77416605, 0.51103592, 0.62307638, 0.49408630)
(0.49893060, 0.44739076, 0.79010010, 0.86888361, 0.40176541, 0.25811419, 0.75296718, 0.30943948, 0.23141067, 0.38966614)
(0.43624720, 0.93041557, 0.84945661, 0.72527575, 0.10560527, 0.77991003, 0.80244064, 0.14948769, 0.87173063, 0.82773185)
(0.58914334, 0.53739375, 0.73821366, 0.68705571, 0.33423102, 0.46397978, 0.66157615, 0.40922958, 0.58070982, 0.51190150)
(0.26854336, 0.46753868, 0.87162185, 0.57798469, 0.46021655, 0.69627041, 0.88526732, 0.73777902, 0.64312559, 0.36873618)
(0.40235355, 0.59180063, 0.43085659, 0.50086510, 0.61338723, 0.49494004, 0.50973362, 0.40033334, 0.39458179, 0.56443614)
(0.74958694, 0.53005880, 0.60278422, 0.42777047, 0.71106952, 0.24294585, 0.44341329, 0.17189336, 0.19564401, 0.42008170)
(0.32843393, 0.68077093, 0.73275518, 0.71421295, 0.36899486, 0.60245454, 0.76573390, 0.43007854, 0.54452598, 0.57220399)
(0.17513046, 0.84279698, 0.51088560, 0.85925239, 0.53890246, 0.48404264, 0.69786221, 0.20016527, 0.17333823, 0.66240257)
(0.23762785, 0.36308214, 0.94297355, 0.50717044, 0.50300574, 0.75395155, 0.94221205, 0.84176069, 0.69532311, 0.24442650)
(0.33850747, 0.50881493, 0.72917092, 0.85111570, 0.46411678, 0.35859117, 0.76742625, 0.40387899, 0.23843238, 0.42243326)
(0.45185876, 0.70717990, 0.91703248, 0.15307541, 0.50969380, 0.86670202, 0.84484023, 0.63850695, 0.90810430, 0.51500261)
(0.43616381, 0.64664370, 0.58715117, 0.40729424, 0.52474475, 0.63009351, 0.59860873, 0.44663897, 0.62149477, 0.59148926)
(0.40122253, 0.60906917, 0.54007959, 0.26372650, 0.71042895, 0.63428885, 0.56700540, 0.48717314, 0.54613757, 0.51745015)
(0.37193248, 0.35477650, 0.75829333, 0.84332740, 0.57045269, 0.26023233, 0.77307791, 0.44448745, 0.16101050, 0.29145512)
(0.44362426, 0.66049337, 0.49364009, 0.57322782, 0.47513008, 0.51439261, 0.53475392, 0.34511012, 0.48176408, 0.62735140)
(0.28098261, 0.71282452, 0.72451276, 0.65606713, 0.40220937, 0.66301149, 0.77872705, 0.45162952, 0.58050251, 0.58696681)
(0.49519667, 0.42603034, 0.70552963, 0.74820513, 0.47502786, 0.32531747, 0.68484902, 0.38525736, 0.30906108, 0.41098532)
(0.19518922, 0.58702058, 0.85531259, 0.44609216, 0.54837680, 0.79224801, 0.88503873, 0.75522810, 0.70311844, 0.43085942)
(0.40510252, 0.82857192, 0.55881518, 0.47639549, 0.41569176, 0.68216330, 0.58157140, 0.26520449, 0.66201144, 0.73915750)
(0.65367311, 0.88594794, 0.64618766, 0.74961960, 0.15933968, 0.54199708, 0.52469534, 0.10159516, 0.69443148, 0.81307244)
(0.79791713, 0.66991937, 0.60158706, 0.38884926, 0.53635579, 0.42807010, 0.41074860, 0.22192664, 0.51230347, 0.52309048)
(0.72565931, 0.74729550, 0.46860915, 0.38791299, 0.49091521, 0.49602428, 0.35609457, 0.18808520, 0.54240584, 0.64329302)
(0.11313482, 0.76771623, 0.57582927, 0.78950208, 0.69923747, 0.55891281, 0.77844679, 0.37610140, 0.16107331, 0.53330654)
(0.24934594, 0.91535103, 0.55558687, 0.56032121, 0.38731122, 0.75223005, 0.65941685, 0.19186482, 0.64396495, 0.80341065)
(0.22004670, 0.74650007, 0.60008615, 0.57265210, 0.54648662, 0.67892963, 0.72435832, 0.43824756, 0.49600351, 0.61052567)
(0.56215805, 0.47621909, 0.94267040, 0.72569561, 0.19791947, 0.60610324, 0.88455999, 0.58237523, 0.78499234, 0.39986065)
(0.28149629, 0.54000556, 0.61941075, 0.65156233, 0.60519683, 0.51748413, 0.71178520, 0.52290803, 0.33482358, 0.45329100)
(0.15675062, 0.61231697, 0.70904559, 0.34083483, 0.74559051, 0.76989549, 0.81431675, 0.71519464, 0.55631733, 0.44063064)
(0.38905492, 0.61203527, 0.91797036, 0.87725663, 0.20072693, 0.55887061, 0.89242429, 0.45435396, 0.58972293, 0.46411830)
(0.13287164, 0.94998235, 0.81734413, 0.33512014, 0.47308153, 0.92894208, 0.86222297, 0.35496548, 0.85538042, 0.78769660)
(0.45446384, 0.37218532, 0.91241974, 0.66662705, 0.32971945, 0.58952183, 0.87989098, 0.67784137, 0.67390049, 0.32167515)
(0.24627087, 0.75029200, 0.38266355, 0.59339625, 0.67229807, 0.53199339, 0.55429614, 0.29675820, 0.27195176, 0.62628162)
(0.33234149, 0.62603307, 0.89497972, 0.88674110, 0.23423523, 0.54305065, 0.88618636, 0.43603477, 0.50845760, 0.47150317)
(0.60500783, 0.53759176, 0.84981310, 0.84668493, 0.23474416, 0.38063565, 0.75729620, 0.33645847, 0.49751207, 0.48688355)
(0.29709682, 0.79556763, 0.31096387, 0.51004303, 0.73091787, 0.51981157, 0.44276342, 0.21458188, 0.24989010, 0.65906566)
(0.55618423, 0.55967689, 0.77834743, 0.20701931, 0.58481431, 0.69034910, 0.66986638, 0.55016351, 0.76083481, 0.47636431)
(0.50112236, 0.43621734, 0.52729362, 0.45177817, 0.67277491, 0.39117476, 0.53102750, 0.41787481, 0.33039734, 0.42004117)
(0.22943144, 0.98665315, 0.31336835, 0.86634910, 0.23774824, 0.61251020, 0.47931442, 0.01775470, 0.34388539, 0.93685949)
(0.71843499, 0.49220538, 0.75556707, 0.63115108, 0.39955959, 0.37708601, 0.61621416, 0.32978585, 0.54620260, 0.43886456)
(0.89433259, 0.57027191, 0.71406388, 0.12922053, 0.67601633, 0.51341897, 0.38115165, 0.33906347, 0.68591678, 0.39111677)
(0.26001677, 0.88302743, 0.69593781, 0.64948839, 0.31600702, 0.74394977, 0.75228626, 0.26002768, 0.68115157, 0.75197530)
(0.12247934, 0.89607787, 0.37327814, 0.60605609, 0.72042096, 0.66252911, 0.62674528, 0.21300431, 0.24957943, 0.72143012)
(0.48819977, 0.37440425, 0.55706072, 0.45709971, 0.82221383, 0.26197332, 0.53874463, 0.33928630, 0.13819332, 0.29455575)
(0.60931885, 0.82570422, 0.37558204, 0.38488871, 0.50511426, 0.54928529, 0.34512693, 0.13329740, 0.50207299, 0.73576677)
(0.17542209, 0.70997268, 0.59597975, 0.61198729, 0.63849390, 0.64653099, 0.74771106, 0.48187217, 0.36457115, 0.54600680)
(0.17593381, 0.56698734, 0.68253958, 0.36151591, 0.75310987, 0.72625631, 0.79064232, 0.70422202, 0.50775558, 0.42213535)
(0.74651593, 0.53191400, 0.77108443, 0.63831961, 0.39040717, 0.37955374, 0.60358953, 0.31001005, 0.54902148, 0.45231262)
(0.24512385, 0.73173839, 0.67122012, 0.88209939, 0.44348609, 0.44807929, 0.76249677, 0.28873512, 0.22443521, 0.56403309)
(0.74689025, 0.36012742, 0.80246693, 0.61607128, 0.55223978, 0.23924617, 0.64202422, 0.27087694, 0.30899841, 0.30029973)
(0.22718000, 0.65494227, 0.61371142, 0.59433085, 0.59313655, 0.62610447, 0.73312241, 0.50767231, 0.41758433, 0.52812546)
(0.21177116, 0.74868751, 0.67194057, 0.84930730, 0.46922666, 0.51708508, 0.77861357, 0.32523614, 0.26301107, 0.57183015)
(0.12676315, 0.80494475, 0.83061594, 0.76669520, 0.42813358, 0.75720173, 0.89792544, 0.49504974, 0.51904655, 0.56696451)
(0.61720997, 0.51649439, 0.56260151, 0.59358346, 0.75548679, 0.16508390, 0.47689459, 0.12388881, 0.07524110, 0.42222965)
(0.60135013, 0.67622161, 0.79097056, 0.89714521, 0.18367232, 0.34344652, 0.70615244, 0.20396720, 0.43458027, 0.61154866)
(0.34274560, 0.64988792, 0.87759483, 0.77873194, 0.25805274, 0.63998878, 0.86918944, 0.48855650, 0.64906305, 0.50755304)
(0.23722781, 0.72390360, 0.79350543, 0.65092456, 0.39500150, 0.72006696, 0.83830976, 0.50693983, 0.62974226, 0.56416738)
(0.51140052, 0.58895934, 0.67980498, 0.25665700, 0.59772235, 0.65740883, 0.61643285, 0.50379509, 0.68509817, 0.51860380)
(0.61386216, 0.68007720, 0.46305096, 0.24052294, 0.63362008, 0.57660383, 0.41221204, 0.29286778, 0.54977107, 0.59453499)
(0.15831792, 0.61533451, 0.65988255, 0.43340728, 0.71656454, 0.72645271, 0.79226410, 0.67085707, 0.48510587, 0.46133375)
(0.24047360, 0.79547322, 0.56316650, 0.93456596, 0.45499787, 0.31671721, 0.70002943, 0.15028061, 0.10557835, 0.62045819)
(0.55321723, 0.73296946, 0.43454182, 0.71877092, 0.58072358, 0.23861916, 0.40477911, 0.08880690, 0.12596348, 0.66251892)
(0.49876437, 0.62158835, 0.78937739, 0.51908118, 0.34650290, 0.65131098, 0.73366815, 0.48639321, 0.74450165, 0.55565310)
(0.32540080, 0.70364511, 0.66806400, 0.59847265, 0.42367417, 0.64641345, 0.71924013, 0.43216535, 0.59123665, 0.60655075)
(0.22340263, 0.70877409, 0.37250155, 0.53786725, 0.77741098, 0.51648766, 0.54670626, 0.33739790, 0.21153504, 0.55754679)
(0.40321356, 0.79392976, 0.36061385, 0.49743721, 0.54890805, 0.55688417, 0.43884727, 0.20645215, 0.43145430, 0.71305579)
(0.32881677, 0.78247011, 0.46183997, 0.77423692, 0.47424293, 0.44495791, 0.57128090, 0.20306101, 0.27294898, 0.67504442)
(0.59388316, 0.60192013, 0.63396394, 0.09357314, 0.78900999, 0.66627300, 0.50549024, 0.43702859, 0.64778847, 0.44877517)
(0.66727155, 0.63868535, 0.64060009, 0.66123748, 0.41006187, 0.36672619, 0.53470075, 0.22132781, 0.43520370, 0.56961399)
(0.25572327, 0.57599372, 0.85368347, 0.89934123, 0.37560159, 0.46968254, 0.87765306, 0.45885473, 0.29949817, 0.40725228)
(0.30780482, 0.73272586, 0.65686738, 0.85462087, 0.38209429, 0.46109560, 0.72727168, 0.27386191, 0.30154347, 0.60201764)
(0.77033460, 0.69915938, 0.69224149, 0.64010203, 0.38008806, 0.38610277, 0.49497905, 0.18866912, 0.50458574, 0.57412940)
(0.30033875, 0.40271643, 0.86337042, 0.61529678, 0.47630212, 0.62954652, 0.87471002, 0.72620064, 0.56549299, 0.32751033)
(0.57804197, 0.85551858, 0.61369735, 0.67277265, 0.20705909, 0.57545245, 0.54641646, 0.14081402, 0.68621951, 0.78899193)
(0.49189463, 0.59161681, 0.61040908, 0.48838237, 0.46636873, 0.56647450, 0.59634912, 0.44454244, 0.60184741, 0.56677401)
(0.75059283, 0.28624049, 0.93159759, 0.74404109, 0.28556275, 0.38367262, 0.81009185, 0.54038227, 0.65645504, 0.26439074)
(0.31634474, 0.59526002, 0.80350572, 0.79820675, 0.37378800, 0.54501230, 0.82066202, 0.47835776, 0.45829090, 0.47525465)
(0.28225374, 0.83238608, 0.36582947, 0.58290738, 0.56401640, 0.57814562, 0.51507580, 0.21162392, 0.37135753, 0.72749346)
(0.37184340, 0.50953841, 0.64509833, 0.59581679, 0.51387841, 0.53450471, 0.68985313, 0.53863150, 0.47463930, 0.47585836)
(0.19212750, 0.76570874, 0.59621167, 0.51072419, 0.58602077, 0.72253519, 0.73311538, 0.45965660, 0.52810925, 0.61752284)
(0.24496870, 0.68732238, 0.79066950, 0.53478485, 0.45055652, 0.74689281, 0.83061373, 0.57968831, 0.67837799, 0.54548967)
(0.39084473, 0.69057268, 0.90555823, 0.64162654, 0.23196824, 0.74150062, 0.87622023, 0.52698863, 0.81396115, 0.55172938)
(0.17586392, 0.77987689, 0.49447894, 0.74458659, 0.62933987, 0.54196346, 0.68671060, 0.30955979, 0.22363324, 0.60755849)
(0.29663798, 0.78501755, 0.81070924, 0.44319522, 0.38383871, 0.81073588, 0.81582510, 0.49645135, 0.80817366, 0.64279568)
(0.12587345, 0.79403061, 0.72590184, 0.43950409, 0.63603532, 0.82209170, 0.83701938, 0.57364428, 0.61522740, 0.58117855)
(0.72791833, 0.67322528, 0.52195835, 0.40628374, 0.57103097, 0.43201214, 0.38895419, 0.22719930, 0.43968704, 0.55917507)
(0.24067686, 0.79978979, 0.55861938, 0.72213817, 0.47239208, 0.59410894, 0.69218075, 0.29543948, 0.38732961, 0.66364932)
(0.19514625, 0.69040471, 0.68421155, 0.72140276, 0.54860723, 0.61258763, 0.79179651, 0.47620249, 0.36079773, 0.52385217)
(0.32046542, 0.69235522, 0.67712992, 0.54169124, 0.45519763, 0.67292863, 0.72375971, 0.47037143, 0.62103200, 0.59348029)
(0.35393417, 0.66604400, 0.74204832, 0.46020806, 0.44025987, 0.71335799, 0.75300902, 0.53020370, 0.71465844, 0.57439274)
(0.23593573, 0.86123341, 0.33629829, 0.65865433, 0.60054421, 0.55180049, 0.51867676, 0.17619796, 0.27349064, 0.73908722)
(0.11164265, 0.84054911, 0.80614293, 0.56279773, 0.51976651, 0.84247804, 0.88571137, 0.53117764, 0.65285367, 0.60820979)
(0.31346485, 0.47607252, 0.71764070, 0.69391847, 0.53531235, 0.50732207, 0.76615399, 0.56569171, 0.38248950, 0.40321070)
(0.72004068, 0.32057720, 0.90269256, 0.81083268, 0.30436903, 0.29689950, 0.78443617, 0.40805623, 0.49681342, 0.29952261)
(0.29933935, 0.54934907, 0.72617668, 0.78894734, 0.50354606, 0.46853450, 0.77312195, 0.47552699, 0.31083021, 0.43733791)
(0.35282394, 0.76430309, 0.62013966, 0.50762153, 0.43241334, 0.68068826, 0.66208106, 0.36774147, 0.64776391, 0.66924274)
(0.25542408, 0.55453837, 0.71587050, 0.66112626, 0.55611706, 0.58489192, 0.78110349, 0.58027333, 0.41671753, 0.44460773)
(0.33200395, 0.82512349, 0.77169997, 0.75175744, 0.24023114, 0.67381591, 0.78703541, 0.29263657, 0.66644031, 0.69747168)
(0.39695114, 0.83615750, 0.62096202, 0.79641432, 0.25020564, 0.54312921, 0.65389466, 0.18239313, 0.52134967, 0.73992330)
(0.55961168, 0.58675069, 0.51331192, 0.60189927, 0.61803037, 0.28666672, 0.47854060, 0.19678387, 0.19745383, 0.53887171)
(0.45603764, 0.59058219, 0.49438953, 0.30694482, 0.67468709, 0.57734829, 0.51741779, 0.44560549, 0.50899106, 0.52987516)
(0.34595919, 0.71147722, 0.44289371, 0.54247051, 0.55233508, 0.55724776, 0.54633784, 0.33664215, 0.43650568, 0.64196610)
(0.34728479, 0.46491858, 0.78890169, 0.52801454, 0.48585695, 0.63398683, 0.80393034, 0.66465497, 0.61034811, 0.41286826)
(0.17433544, 0.72515857, 0.55120403, 0.41939709, 0.70538193, 0.71920192, 0.71519911, 0.51614696, 0.47355446, 0.56217992)
(0.67461652, 0.45867586, 0.88842553, 0.74156922, 0.24668945, 0.46914589, 0.77705085, 0.46621135, 0.68845057, 0.41027069)
(0.14002480, 0.78871655, 0.58441406, 0.51774347, 0.65234429, 0.74190247, 0.76072383, 0.46971005, 0.46202615, 0.60605389)
(0.29357353, 0.84582001, 0.50066286, 0.40910333, 0.56219542, 0.72378635, 0.58880752, 0.29670313, 0.59354210, 0.72957277)
(0.34071296, 0.54255724, 0.80317378, 0.78876579, 0.38567847, 0.52090091, 0.81459093, 0.50231433, 0.45125759, 0.44348148)
(0.46721402, 0.26936463, 0.89778227, 0.72306848, 0.39713037, 0.46157101, 0.86775225, 0.65795469, 0.50582463, 0.24627537)
(0.44399849, 0.64200687, 0.82853198, 0.53386170, 0.32451764, 0.69279104, 0.78953105, 0.51858497, 0.77037543, 0.55430037)
(0.31249765, 0.71825945, 0.61303765, 0.36699060, 0.58587563, 0.72044408, 0.66971457, 0.47862470, 0.63971192, 0.60528564)
(0.13211738, 0.78231508, 0.81699085, 0.54601377, 0.50769597, 0.82611954, 0.88492513, 0.60162163, 0.66775584, 0.56793481)
(0.75004297, 0.47501493, 0.84047419, 0.78442955, 0.34847903, 0.26947650, 0.68230224, 0.23736070, 0.41500008, 0.40172392)
(0.17814465, 0.81153685, 0.42927751, 0.49815983, 0.68620312, 0.67290103, 0.62988406, 0.34234685, 0.38013023, 0.65828836)
(0.16748628, 0.74971300, 0.55792207, 0.42882010, 0.70861024, 0.72640741, 0.71919161, 0.49567398, 0.46746832, 0.57394481)
(0.39429089, 0.58310616, 0.51738811, 0.40561602, 0.61054546, 0.58095956, 0.57538635, 0.48313928, 0.51586688, 0.54329509)
(0.25196004, 0.65684140, 0.81197739, 0.89540035, 0.39021534, 0.47795197, 0.84531760, 0.39292026, 0.28709489, 0.47365546)
(0.08406901, 0.78310716, 0.55114609, 0.30251890, 0.86175644, 0.80211490, 0.77563131, 0.57571751, 0.39285272, 0.51455510)
(0.27858579, 0.88490611, 0.62682515, 0.56356335, 0.35656852, 0.74680048, 0.69788635, 0.24375182, 0.68348241, 0.76729572)
(0.39461589, 0.58054864, 0.42475334, 0.50814426, 0.63422137, 0.48043013, 0.50804448, 0.40238756, 0.36514416, 0.55176008)
(0.47988880, 0.88406974, 0.47342974, 0.48399863, 0.37327328, 0.66012579, 0.47374237, 0.14577185, 0.64483023, 0.80390882)
(0.37243637, 0.88663399, 0.69019616, 0.95207250, 0.16916147, 0.39327052, 0.71827143, 0.08997293, 0.28109428, 0.77121061)
(0.19590360, 0.97658497, 0.20191017, 0.86288953, 0.46735463, 0.48640192, 0.39609510, 0.02186684, 0.13652626, 0.90383816)
(0.33587471, 0.78214127, 0.30975452, 0.49034095, 0.73454130, 0.50256801, 0.42043862, 0.21149598, 0.24786042, 0.65107101)
(0.52962166, 0.56071377, 0.76357728, 0.78382325, 0.29608056, 0.43254736, 0.71076548, 0.36912513, 0.49655926, 0.52501982)
(0.08318000, 0.86018687, 0.57593584, 0.88687748, 0.65704399, 0.53936243, 0.80693030, 0.24748176, 0.10854596, 0.60145020)
(0.28242382, 0.58795476, 0.54723030, 0.69413012, 0.62425870, 0.46041289, 0.66197938, 0.42906532, 0.25659540, 0.49155101)
(0.36321849, 0.52996832, 0.42268679, 0.60669017, 0.80183220, 0.30090344, 0.49220476, 0.31549430, 0.11101275, 0.42642576)
(0.19704846, 0.90476185, 0.35427201, 0.82856393, 0.52774704, 0.48352301, 0.56732440, 0.10655699, 0.17418738, 0.77043074)
(0.35384127, 0.85148442, 0.56514823, 0.58447534, 0.35491735, 0.66729039, 0.62143731, 0.22842567, 0.63044101, 0.75488782)
(0.53041196, 0.84852934, 0.68284273, 0.60867780, 0.22178227, 0.65351170, 0.62531674, 0.19417173, 0.75594103, 0.76921254)
(0.29202345, 0.77163196, 0.79444295, 0.68047905, 0.31149918, 0.71245205, 0.81703883, 0.41752082, 0.67978126, 0.62993193)
(0.36204764, 0.66145372, 0.73492479, 0.72661293, 0.35143363, 0.57462901, 0.75448465, 0.41841432, 0.54159212, 0.56650978)
(0.24201187, 0.87294602, 0.49831283, 0.55518228, 0.48527357, 0.70004117, 0.62852871, 0.24291199, 0.53992075, 0.75208861)
(0.30016389, 0.69526577, 0.46118882, 0.68346554, 0.57436794, 0.48047808, 0.59139943, 0.32053286, 0.29054728, 0.59819824)
(0.19654213, 0.44047955, 0.69906718, 0.72855341, 0.71640277, 0.45985809, 0.80153728, 0.59919304, 0.19819343, 0.31091699)
(0.66557819, 0.58483452, 0.56534183, 0.57318085, 0.64162946, 0.23274763, 0.46409175, 0.14230728, 0.16854268, 0.50027138)
(0.75714099, 0.59733862, 0.77059489, 0.72544909, 0.38246208, 0.29592741, 0.58805782, 0.18678381, 0.40669250, 0.49091625)
(0.32002434, 0.36965376, 0.71868408, 0.65430850, 0.63771427, 0.44366112, 0.76592326, 0.60547596, 0.30331337, 0.30883446)
(0.26841232, 0.35432652, 0.84452742, 0.86145991, 0.58195227, 0.35138670, 0.86403561, 0.57691270, 0.18575300, 0.24147667)
(0.63089305, 0.73290682, 0.55039710, 0.53768539, 0.36772317, 0.53054619, 0.47019991, 0.24644139, 0.62249690, 0.67674464)
(0.25408626, 0.48066279, 0.79355049, 0.50113893, 0.57127196, 0.68132234, 0.83394492, 0.71880388, 0.57577825, 0.39207134)
(0.18976012, 0.61529803, 0.79917669, 0.78718501, 0.50640869, 0.60420585, 0.86085999, 0.55554944, 0.36502546, 0.43204829)
(0.16204245, 0.73944652, 0.40760046, 0.45366922, 0.78851867, 0.63903517, 0.62572002, 0.41826820, 0.29264230, 0.56624264)
(0.35000417, 0.97352284, 0.42337707, 0.87009764, 0.15125549, 0.57014489, 0.51503360, 0.02695647, 0.47309718, 0.91521120)
(0.30304527, 0.68324786, 0.48839387, 0.47664171, 0.63611394, 0.59944916, 0.59230763, 0.41739234, 0.43766484, 0.58795255)
(0.30647376, 0.69398779, 0.57783282, 0.44475472, 0.57099479, 0.67065835, 0.65443635, 0.46597791, 0.57166326, 0.59798062)
(0.63705504, 0.23147258, 0.88227683, 0.61023396, 0.44369149, 0.39712945, 0.79284817, 0.59474546, 0.52315742, 0.23513925)
(0.16609481, 0.96569353, 0.34586734, 0.78546584, 0.42037347, 0.64223677, 0.57190704, 0.06159122, 0.31293648, 0.87319326)
(0.12474274, 0.94305807, 0.36808422, 0.91327590, 0.53536069, 0.46195585, 0.63658500, 0.07027404, 0.09746803, 0.79376185)
(0.86796683, 0.29262182, 0.90471792, 0.36186874, 0.49905118, 0.41187793, 0.66762286, 0.53905052, 0.70063061, 0.21442597)
(0.40958413, 0.84519655, 0.64079309, 0.66315025, 0.25986817, 0.64266962, 0.65629709, 0.21160667, 0.67327601, 0.75249130)
(0.69361633, 0.81482190, 0.40610334, 0.54007882, 0.42243892, 0.44763136, 0.32663056, 0.11460290, 0.44843510, 0.72061580)
(0.36636648, 0.56464136, 0.82793462, 0.68866730, 0.34791097, 0.61125100, 0.82443142, 0.55045462, 0.61750400, 0.47356969)
(0.24847078, 0.54865313, 0.88468689, 0.69181228, 0.39418957, 0.69083446, 0.89648849, 0.68425035, 0.62732822, 0.40892798)
(0.16146430, 0.72524232, 0.59510612, 0.64210629, 0.63900405, 0.64354986, 0.75862819, 0.46632046, 0.33533105, 0.54889768)
(0.69015217, 0.65210181, 0.68729293, 0.69309598, 0.33434126, 0.41008353, 0.56216854, 0.25127342, 0.54424733, 0.58171314)
(0.21631336, 0.85141373, 0.59724778, 0.75192481, 0.41576424, 0.63681430, 0.72778404, 0.25662351, 0.42666471, 0.70527941)
(0.30395249, 0.60611153, 0.75926727, 0.68971211, 0.42084229, 0.60684675, 0.79641527, 0.51722932, 0.52829999, 0.49811321)
(0.09008985, 0.69868839, 0.80337638, 0.39870536, 0.71564233, 0.84552795, 0.89606160, 0.75761873, 0.60277575, 0.45110816)
(0.21553390, 0.82810163, 0.50586903, 0.81096190, 0.49713263, 0.51557422, 0.67403585, 0.21884151, 0.24742809, 0.67398542)
(0.67528862, 0.58527356, 0.70768207, 0.62964243, 0.34974870, 0.46415541, 0.58443183, 0.36202592, 0.61976057, 0.53711414)
(0.52865779, 0.63880670, 0.80196577, 0.48643169, 0.34535781, 0.66634458, 0.72707158, 0.47574437, 0.77078038, 0.56424284)
(0.14580488, 0.88822526, 0.32497770, 0.78751212, 0.68171442, 0.49405038, 0.58032209, 0.13888995, 0.12695628, 0.71694231)
(0.59825474, 0.60540646, 0.71513879, 0.77586102, 0.31408367, 0.38841909, 0.63545281, 0.29052293, 0.46037880, 0.55969447)
(0.23332891, 0.90382242, 0.52926886, 0.73744619, 0.36097232, 0.64952582, 0.67020988, 0.16225056, 0.47314045, 0.78055918)
(0.13012089, 0.64898652, 0.70799595, 0.61763120, 0.67210871, 0.69457871, 0.83583617, 0.63097137, 0.37214771, 0.45150670)
(0.18783553, 0.76487595, 0.47040737, 0.76995295, 0.63647979, 0.48966965, 0.66460794, 0.28706887, 0.18532971, 0.59581035)
(0.49412128, 0.68038994, 0.54049355, 0.41770643, 0.50588846, 0.59578604, 0.52937633, 0.36785138, 0.60399687, 0.63166362)
(0.71425796, 0.50151092, 0.70895916, 0.58406186, 0.50438851, 0.32759479, 0.56768805, 0.27378577, 0.40300021, 0.43089584)
(0.40587798, 0.52558881, 0.92887276, 0.49613184, 0.32752559, 0.74916184, 0.89533985, 0.70011032, 0.83016658, 0.41511396)
(0.24411620, 0.85241938, 0.43027636, 0.57459968, 0.53220522, 0.64425093, 0.58700681, 0.23596074, 0.44570422, 0.73376143)
(0.31205317, 0.54218489, 0.59412766, 0.70864815, 0.58145505, 0.44751605, 0.68458360, 0.45325854, 0.28324336, 0.46532401)
(0.21743551, 0.64790601, 0.70726305, 0.40280139, 0.63372856, 0.74263531, 0.78305054, 0.63166934, 0.60620499, 0.50598890)
(0.44446817, 0.37184060, 0.57624054, 0.52845848, 0.77017349, 0.29805666, 0.58221006, 0.40708372, 0.17904626, 0.31475678)
(0.28714731, 0.61735523, 0.91603971, 0.49393478, 0.36771685, 0.79960507, 0.90472835, 0.70652723, 0.81726760, 0.46267426)
(0.51350588, 0.43104401, 0.86361378, 0.57014716, 0.34611711, 0.59041613, 0.81219661, 0.61018264, 0.70852786, 0.40109491)
(0.40633914, 0.62632048, 0.44431883, 0.44331086, 0.61173397, 0.54217166, 0.51236397, 0.39867848, 0.45394272, 0.58499908)
(0.57873881, 0.46463853, 0.80921191, 0.74231726, 0.31146127, 0.43531072, 0.73196405, 0.44300210, 0.55549157, 0.44730338)
(0.74977374, 0.74315584, 0.62303472, 0.65765613, 0.41442719, 0.31738794, 0.46035948, 0.11700357, 0.36527553, 0.62011582)
(0.28440374, 0.84542495, 0.43743759, 0.65616864, 0.46804929, 0.58469909, 0.57627577, 0.20331110, 0.41302601, 0.73525321)
(0.15024555, 0.78211170, 0.89124745, 0.54927379, 0.41023895, 0.85436946, 0.91793203, 0.63756704, 0.77356809, 0.55975038)
(0.66112554, 0.59081483, 0.62656522, 0.58998698, 0.47341666, 0.37707344, 0.52701783, 0.26554540, 0.42988569, 0.52677393)
(0.07243484, 0.88017958, 0.58809429, 0.36797163, 0.77483934, 0.85393792, 0.80620986, 0.47932658, 0.50953150, 0.64187205)
(0.25757909, 0.85319620, 0.56181514, 0.72338933, 0.39158818, 0.62436068, 0.67910326, 0.22892028, 0.46628764, 0.72636974)
(0.28872845, 0.41124159, 0.61631167, 0.69825351, 0.70716578, 0.36232939, 0.70844150, 0.51026994, 0.18375798, 0.33065957)
(0.21851775, 0.51205897, 0.56618381, 0.78827482, 0.74694461, 0.32955992, 0.70511240, 0.41966775, 0.10427348, 0.36441830)
(0.15932667, 0.70111382, 0.77888131, 0.56991452, 0.53110343, 0.76518512, 0.85749072, 0.62392908, 0.59042072, 0.51938421)
(0.64175206, 0.42485023, 0.81086463, 0.83834088, 0.44249940, 0.17891623, 0.70343304, 0.17935833, 0.17720158, 0.37265292)
(0.28197405, 0.66176391, 0.88081360, 0.82193583, 0.27712539, 0.63666451, 0.88600099, 0.49296200, 0.58382833, 0.49484113)
(0.39826003, 0.37469876, 0.90892738, 0.57014793, 0.39325193, 0.64839602, 0.88913685, 0.72973257, 0.69379187, 0.31350163)
(0.49920246, 0.62071705, 0.48087856, 0.40405506, 0.70822537, 0.47535533, 0.47103402, 0.34160596, 0.34188306, 0.51341116)
(0.37915072, 0.23437601, 0.95106542, 0.86700904, 0.37669468, 0.40987125, 0.93370873, 0.69075429, 0.38756245, 0.16958931)
(0.81439430, 0.40321618, 0.91659361, 0.58965129, 0.30088565, 0.47302371, 0.73829019, 0.49908733, 0.77542341, 0.32543334)
(0.26571095, 0.51315761, 0.78291714, 0.68416274, 0.49902824, 0.59543329, 0.82396775, 0.62501252, 0.46977043, 0.41288099)
(0.33649212, 0.40456015, 0.88279366, 0.77370143, 0.39486951, 0.54204011, 0.87772441, 0.65129781, 0.50185758, 0.32349005)
(0.38451928, 0.85839653, 0.63116115, 0.46228659, 0.37736234, 0.74043161, 0.64021736, 0.26797900, 0.73328727, 0.75602651)
(0.17053241, 0.67622250, 0.85992509, 0.56164849, 0.46692726, 0.79755330, 0.89787585, 0.68799365, 0.69216746, 0.48816511)
(0.69537890, 0.59377438, 0.89995980, 0.79955149, 0.17305067, 0.49863344, 0.78189868, 0.37659261, 0.73031276, 0.50266844)
(0.29229397, 0.82438314, 0.78277022, 0.75925422, 0.25985581, 0.69104296, 0.80767965, 0.32410830, 0.65083510, 0.68524289)
(0.54533094, 0.18640937, 0.89563042, 0.77547306, 0.52712101, 0.26216993, 0.83482158, 0.56349474, 0.27043900, 0.16729532)
(0.14595915, 0.89262730, 0.74593240, 0.70176214, 0.37146333, 0.79343635, 0.84236455, 0.33255428, 0.61802763, 0.72034323)
(0.58628261, 0.28597867, 0.79330128, 0.67333704, 0.52103513, 0.29491243, 0.71916497, 0.44533831, 0.33464959, 0.28822732)
(0.36929667, 0.58044159, 0.75828475, 0.51178813, 0.44052225, 0.66015238, 0.76512223, 0.57604927, 0.66590017, 0.51154494)
(0.24998748, 0.54286546, 0.83110523, 0.65585417, 0.45669597, 0.66441613, 0.86027116, 0.66376567, 0.56972438, 0.42329934)
(0.27902538, 0.52352440, 0.74513435, 0.55179286, 0.53647506, 0.64393669, 0.79187548, 0.65441751, 0.54810745, 0.44354159)
(0.47200122, 0.63285649, 0.64275599, 0.76635933, 0.34591737, 0.43750766, 0.64247102, 0.31643066, 0.43321696, 0.59116954)
(0.11107294, 0.97028512, 0.25403020, 0.89326864, 0.65750122, 0.46044394, 0.51932335, 0.03648601, 0.06526668, 0.84429461)
(0.54783529, 0.29553580, 0.83070010, 0.72876740, 0.43157029, 0.35496861, 0.76859874, 0.52303356, 0.41631785, 0.30082053)
(0.08492658, 0.85955000, 0.64008129, 0.72088885, 0.62317449, 0.73571801, 0.83585072, 0.38593906, 0.32057032, 0.62578595)
(0.53795493, 0.22126251, 0.92205548, 0.80237931, 0.38350236, 0.34951976, 0.87114507, 0.60665286, 0.41970581, 0.20642190)
(0.38181812, 0.71665996, 0.59141219, 0.57247972, 0.41717589, 0.60820711, 0.63736701, 0.36125511, 0.58506191, 0.64368880)
(0.33106127, 0.68243575, 0.76779425, 0.51503360, 0.40756226, 0.71722257, 0.78211141, 0.52355337, 0.71096724, 0.57546514)
(0.06516385, 0.95559603, 0.42697296, 0.84396499, 0.62063491, 0.66864800, 0.74531078, 0.12096351, 0.16150130, 0.79312611)
(0.10020487, 0.71471298, 0.54010034, 0.52287769, 0.80732983, 0.68956834, 0.76648134, 0.54999131, 0.27021345, 0.48574078)
(0.29699850, 0.73720020, 0.62709469, 0.67104077, 0.43221202, 0.61049104, 0.70648170, 0.37406158, 0.49645111, 0.62671816)
(0.29219693, 0.87880653, 0.39923373, 0.75365514, 0.43045822, 0.52164346, 0.54381305, 0.13457945, 0.32437909, 0.77126354)
(0.25256330, 0.72543603, 0.75568867, 0.46999964, 0.47420400, 0.76593465, 0.80031401, 0.54610485, 0.70399147, 0.58681768)
(0.37422225, 0.85800791, 0.33689991, 0.76199985, 0.55748254, 0.39108744, 0.41683862, 0.10568025, 0.18898667, 0.73783016)
(0.13319245, 0.69866323, 0.51924008, 0.50785202, 0.78413713, 0.65686464, 0.72222525, 0.51714730, 0.29021698, 0.50378597)
(0.25354335, 0.69731927, 0.53340918, 0.83714122, 0.57169664, 0.39531869, 0.67019284, 0.28244391, 0.16679437, 0.55025798)
(0.13945830, 0.69138169, 0.78766221, 0.61448681, 0.55621052, 0.75440919, 0.87020767, 0.63878673, 0.53095746, 0.49232554)
(0.12130481, 0.69122154, 0.84239405, 0.57850224, 0.54594904, 0.80462289, 0.90410399, 0.70596004, 0.61054146, 0.47284931)
(0.42251042, 0.58393514, 0.48901373, 0.29011524, 0.71845549, 0.58198482, 0.52603698, 0.45760858, 0.48301330, 0.50738752)
(0.43198973, 0.75215799, 0.76641744, 0.69199294, 0.25565103, 0.63747263, 0.74455822, 0.34253207, 0.69509232, 0.65677905)
(0.08962005, 0.93153316, 0.51785654, 0.55140483, 0.65955669, 0.80000532, 0.74745083, 0.24901062, 0.42405668, 0.75749534)
(0.20191906, 0.89664316, 0.60772979, 0.68030435, 0.38301608, 0.72167355, 0.73045582, 0.22935124, 0.56109196, 0.76075029)
(0.42184499, 0.41401479, 0.94026744, 0.89869356, 0.24589178, 0.44325304, 0.90994400, 0.53254312, 0.47557411, 0.31281090)
(0.47810203, 0.59598988, 0.74743247, 0.73066133, 0.31809220, 0.50793278, 0.71835649, 0.40575358, 0.55177844, 0.54387623)
(0.35548466, 0.63435757, 0.56586236, 0.30181119, 0.67440915, 0.66286331, 0.61429858, 0.50460410, 0.56948262, 0.53784835)
(0.12394006, 0.61920190, 0.67560482, 0.52675402, 0.73117954, 0.71091104, 0.82303613, 0.67104858, 0.39246711, 0.43562266)
(0.20858641, 0.65670109, 0.57279432, 0.60391748, 0.64552063, 0.60115445, 0.71580493, 0.49227330, 0.34558049, 0.52057046)
(0.29395378, 0.49515167, 0.70782703, 0.61066133, 0.55024809, 0.57521451, 0.76372200, 0.61613405, 0.45819518, 0.42968297)
(0.12716421, 0.61334068, 0.74728346, 0.48198569, 0.69198102, 0.76076424, 0.85533351, 0.72525489, 0.50698036, 0.43220982)
(0.11701718, 0.65289855, 0.74651086, 0.45343792, 0.69959062, 0.78583521, 0.85833716, 0.71922201, 0.53030109, 0.45270112)
(0.39800009, 0.37722898, 0.93447071, 0.41409779, 0.43711972, 0.72663248, 0.90600002, 0.77762955, 0.78250355, 0.29429030)
(0.19616842, 0.64258885, 0.68764603, 0.47122854, 0.61788696, 0.72395241, 0.78785068, 0.62858027, 0.55193907, 0.50587213)
(0.12576495, 0.65061975, 0.81788778, 0.71198052, 0.58212495, 0.70593899, 0.89185721, 0.64591175, 0.41127729, 0.42116517)
(0.22372371, 0.85084641, 0.49982399, 0.59299326, 0.51828218, 0.67207998, 0.64699137, 0.26865044, 0.47239807, 0.72066528)
(0.45419326, 0.86761183, 0.55790240, 0.60987192, 0.28495863, 0.63126612, 0.56495196, 0.16731775, 0.65700704, 0.78807718)
(0.36866921, 0.54295421, 0.90226495, 0.67626852, 0.29647142, 0.67045844, 0.88364387, 0.62944138, 0.72103465, 0.43530673)
(0.50766039, 0.29890844, 0.88836616, 0.80296397, 0.36252639, 0.37814361, 0.83972406, 0.55600619, 0.44023106, 0.28073871)
(0.28758162, 0.83075577, 0.28860787, 0.56146997, 0.69921976, 0.51425743, 0.42906487, 0.17419268, 0.24001355, 0.70193577)
(0.48179179, 0.55612916, 0.86408490, 0.83075762, 0.24030648, 0.48858473, 0.81900167, 0.42572430, 0.55631828, 0.47775653)
(0.54243881, 0.61338872, 0.57430452, 0.72043234, 0.60441262, 0.25097772, 0.52529597, 0.16741237, 0.15221292, 0.51195627)
(0.43410712, 0.43409741, 0.84894663, 0.86099595, 0.41181245, 0.34219980, 0.81580991, 0.44712144, 0.28986773, 0.34200740)
(0.22479950, 0.56556720, 0.68590885, 0.33035818, 0.71960378, 0.71523643, 0.76329297, 0.67913568, 0.55922800, 0.44253433)
(0.23939364, 0.68866289, 0.61845469, 0.54511011, 0.55766153, 0.66748685, 0.72800756, 0.49324885, 0.50666869, 0.56752425)
(0.08800307, 0.79806393, 0.52720153, 0.53222758, 0.79170376, 0.72213620, 0.76474732, 0.47080624, 0.28514120, 0.56064880)
(0.17837889, 0.85137516, 0.63827759, 0.66287273, 0.45471096, 0.72369289, 0.77024484, 0.33057064, 0.51962078, 0.69115525)
(0.54383951, 0.61407971, 0.51608813, 0.72036713, 0.77480346, 0.13715887, 0.46453312, 0.08054196, 0.03990795, 0.46744895)
(0.57080078, 0.55859321, 0.69290406, 0.69767100, 0.35345939, 0.44297150, 0.63139749, 0.37813476, 0.52575785, 0.53631914)
(0.47816968, 0.51573157, 0.80180651, 0.78362072, 0.33863872, 0.44740140, 0.76253748, 0.43794033, 0.47253817, 0.45781609)
(0.71040267, 0.61269176, 0.69377851, 0.73523539, 0.50150174, 0.20528854, 0.54056627, 0.11022390, 0.18841070, 0.50029939)
(0.70841300, 0.72366893, 0.55133563, 0.53811753, 0.41864544, 0.45455810, 0.43816650, 0.20489313, 0.52871847, 0.62101209)
(0.23926768, 0.63920587, 0.43152094, 0.66421437, 0.73062921, 0.43715402, 0.59490848, 0.36168274, 0.17467821, 0.50725561)
(0.36619347, 0.60294151, 0.46089435, 0.72471625, 0.66935867, 0.29601824, 0.53520828, 0.24394645, 0.13189989, 0.51436579)
(0.27793202, 0.52704889, 0.91396588, 0.78327191, 0.32381386, 0.64569163, 0.91312635, 0.64701104, 0.60674834, 0.38127655)
(0.45848989, 0.52636492, 0.94627821, 0.55472589, 0.26028186, 0.73763329, 0.90572160, 0.67929375, 0.85106164, 0.41449815)
(0.17074640, 0.74753755, 0.46866062, 0.69609040, 0.69432932, 0.53636938, 0.66923183, 0.34516588, 0.20777220, 0.57462436)
(0.20075382, 0.57488036, 0.73844481, 0.46695742, 0.62323439, 0.72165298, 0.81610620, 0.69545853, 0.56253552, 0.45000190)
(0.39923668, 0.82637674, 0.75385374, 0.80173683, 0.19480863, 0.60856313, 0.75260341, 0.23096779, 0.64106095, 0.71630394)
(0.35192201, 0.34115168, 0.80214816, 0.68035179, 0.53844345, 0.47494206, 0.81752390, 0.64296246, 0.38896388, 0.29245353)
(0.51975614, 0.94834739, 0.69569480, 0.61866730, 0.15752499, 0.74494421, 0.61691391, 0.09169060, 0.82592100, 0.87536228)
(0.19452530, 0.82089758, 0.71968216, 0.32926723, 0.59592605, 0.83976221, 0.78936046, 0.51237249, 0.73145890, 0.63915539)
(0.42302552, 0.59414101, 0.74294251, 0.45288244, 0.46570447, 0.65934002, 0.72164136, 0.54722875, 0.68635434, 0.52591902)
(0.23793846, 0.86430961, 0.41718584, 0.50949073, 0.58351928, 0.67439085, 0.56750262, 0.24180651, 0.45933956, 0.74387932)
(0.64149570, 0.86939996, 0.48617566, 0.41946703, 0.35556200, 0.62219244, 0.39419675, 0.12222359, 0.67554009, 0.79600477)
(0.27966028, 0.87647635, 0.49040785, 0.70303410, 0.38861191, 0.60980994, 0.61588764, 0.17616884, 0.46081439, 0.76356798)
(0.65310329, 0.81051147, 0.51668227, 0.34802178, 0.42712450, 0.61708313, 0.41388729, 0.18309495, 0.67307860, 0.73088831)
(0.64479309, 0.56684631, 0.72368598, 0.71827018, 0.33820739, 0.40463692, 0.62392378, 0.32429859, 0.52813828, 0.52409506)
(0.43861806, 0.94494027, 0.66283870, 0.90043485, 0.10093323, 0.55152553, 0.65657878, 0.05715015, 0.59398538, 0.86825687)
(0.14800194, 0.42104417, 0.84138590, 0.79184425, 0.66647840, 0.54120296, 0.89825338, 0.70679671, 0.23827896, 0.25546730)
(0.36202303, 0.59765643, 0.80727750, 0.47249818, 0.42116487, 0.70960546, 0.80143857, 0.60500228, 0.73286235, 0.51151663)
(0.37589002, 0.39243650, 0.88076562, 0.51200336, 0.45269257, 0.65727723, 0.86782283, 0.72501075, 0.67345792, 0.33033830)
(0.30485147, 0.71073103, 0.73306060, 0.62469989, 0.39221531, 0.67469448, 0.77227485, 0.45667925, 0.62326807, 0.59288335)
(0.42811587, 0.80159265, 0.41632214, 0.61080414, 0.40939012, 0.53339881, 0.48130247, 0.18910465, 0.47578824, 0.73332429)
(0.34357795, 0.64074689, 0.79048711, 0.90590632, 0.31461886, 0.40211752, 0.80855513, 0.31507152, 0.29258153, 0.51062322)
(0.47936186, 0.70764059, 0.75171334, 0.30745748, 0.48815417, 0.74020880, 0.68491083, 0.46908733, 0.77818018, 0.59097016)
(0.47217977, 0.49577934, 0.92464411, 0.62598974, 0.26385123, 0.66465825, 0.88243556, 0.63672894, 0.78793681, 0.41369274)
(0.14067534, 0.90026635, 0.35155892, 0.60025644, 0.68528068, 0.66235226, 0.59535325, 0.19737341, 0.27945328, 0.74721402)
(0.16172151, 0.64642495, 0.76859188, 0.51921964, 0.58593816, 0.75830007, 0.84955752, 0.67923146, 0.57656497, 0.48149690)
(0.25866720, 0.76382941, 0.56504130, 0.44790924, 0.56958568, 0.71005845, 0.66970438, 0.42220181, 0.57734495, 0.64359224)
(0.59360456, 0.48217916, 0.84036171, 0.65638918, 0.30514246, 0.52750009, 0.75523293, 0.50798786, 0.68254811, 0.44430745)
(0.42689005, 0.92705959, 0.71400553, 0.70143920, 0.15223902, 0.71776962, 0.69638568, 0.12178954, 0.78703272, 0.83913249)
(0.60486990, 0.55264890, 0.65529418, 0.55430359, 0.41889668, 0.49729559, 0.58037394, 0.42334464, 0.60306066, 0.52619112)
(0.38853380, 0.53575581, 0.79607660, 0.76076305, 0.37522984, 0.51775908, 0.79011589, 0.49704897, 0.48989591, 0.45527881)
(0.22428435, 0.78056055, 0.58332413, 0.55258578, 0.53517425, 0.69466054, 0.70405132, 0.40173534, 0.52782774, 0.64841956)
(0.53362304, 0.76082718, 0.54715598, 0.80466557, 0.29554969, 0.39852512, 0.52755493, 0.17285047, 0.39504111, 0.70946914)
(0.45853531, 0.38453549, 0.63706571, 0.62259573, 0.59618044, 0.36156473, 0.64650607, 0.47160283, 0.31014717, 0.37240461)
(0.22781484, 0.63284355, 0.63280773, 0.48736691, 0.61478162, 0.67858875, 0.73938066, 0.58115685, 0.51217222, 0.51995379)
(0.54127258, 0.59830129, 0.54425573, 0.66607124, 0.61791784, 0.26345116, 0.50872117, 0.17809966, 0.16413277, 0.51787204)
(0.27163780, 0.64197391, 0.63049746, 0.25303185, 0.73351872, 0.72889102, 0.69754392, 0.58680278, 0.59102029, 0.49903354)
(0.26661533, 0.92182779, 0.33401081, 0.78292179, 0.42614418, 0.51904076, 0.49947390, 0.08270650, 0.27653939, 0.82159555)
(0.35404241, 0.83883613, 0.37876150, 0.59715462, 0.46433693, 0.56491953, 0.48489848, 0.17631456, 0.43852335, 0.75230575)
(0.18818520, 0.94444686, 0.50253230, 0.94061273, 0.31123850, 0.46610504, 0.68407696, 0.06558982, 0.17314436, 0.81859052)
(0.29686731, 0.93680161, 0.67210817, 0.88709295, 0.16160142, 0.60824746, 0.73352545, 0.09187042, 0.52581000, 0.83075321)
(0.19270346, 0.67294580, 0.65424699, 0.57916403, 0.59913111, 0.67620850, 0.77377337, 0.54746997, 0.45137882, 0.52400714)
(0.32239050, 0.62856477, 0.73077357, 0.63162839, 0.42612278, 0.62681925, 0.76619542, 0.50910920, 0.57168740, 0.53293264)
(0.46376011, 0.55600601, 0.61234671, 0.77496058, 0.50943518, 0.28366309, 0.61877054, 0.24117653, 0.20014143, 0.50035542)
(0.32240003, 0.75017548, 0.41096944, 0.40250537, 0.67038798, 0.61620283, 0.51429045, 0.33264190, 0.44112542, 0.64463615)
(0.19779602, 0.46518064, 0.79722100, 0.27735645, 0.77050930, 0.74027270, 0.83590412, 0.76415962, 0.58291036, 0.33006045)
(0.19618049, 0.92579210, 0.34659633, 0.81083143, 0.49596757, 0.53145421, 0.55938905, 0.09508206, 0.21520703, 0.80595934)
(0.16558553, 0.80271715, 0.76938832, 0.64085829, 0.44493270, 0.77199680, 0.84697139, 0.48131129, 0.61114579, 0.61448157)
(0.18368576, 0.57082576, 0.66181588, 0.48895967, 0.68421817, 0.68183225, 0.78244007, 0.66475731, 0.45929465, 0.44739005)
(0.40297419, 0.73530591, 0.71473575, 0.17498292, 0.66112202, 0.78463286, 0.67336714, 0.48702696, 0.75438696, 0.57674384)
(0.41507238, 0.66730636, 0.76713699, 0.88225693, 0.26673314, 0.42131042, 0.76479065, 0.28507870, 0.37935171, 0.56960636)
(0.27888805, 0.48012227, 0.72180122, 0.65765393, 0.56308043, 0.55063063, 0.77891195, 0.61436737, 0.40482637, 0.40324891)
(0.21590565, 0.81748283, 0.58724695, 0.59161890, 0.49439549, 0.69975507, 0.71333116, 0.34984231, 0.52981329, 0.67836899)
(0.33283186, 0.54088432, 0.56312340, 0.82263297, 0.74848688, 0.18296823, 0.62691432, 0.19710781, 0.04849247, 0.38709182)
(0.62364829, 0.34193534, 0.77294427, 0.70432842, 0.55889928, 0.22054052, 0.67323935, 0.28350067, 0.21838902, 0.31771314)
(0.66115969, 0.52225059, 0.63005584, 0.59508634, 0.60121149, 0.25280622, 0.52394187, 0.19233771, 0.22033031, 0.45135948)
(0.14955246, 0.79464883, 0.68524367, 0.51874393, 0.58069783, 0.77857643, 0.80623025, 0.49925262, 0.56943780, 0.60663807)
(0.40891132, 0.69148487, 0.47005779, 0.33554673, 0.69119066, 0.59946316, 0.50307220, 0.37163696, 0.47337401, 0.58647776)
(0.54352456, 0.87271905, 0.81786811, 0.92932624, 0.08818347, 0.47802716, 0.74811095, 0.11139021, 0.58884221, 0.78237051)
(0.15792884, 0.86837858, 0.54260749, 0.70871735, 0.52746332, 0.67220765, 0.72672498, 0.27004495, 0.37527031, 0.70605552)
(0.11994602, 0.84034753, 0.45122331, 0.74601644, 0.68798774, 0.58423251, 0.70190811, 0.27282009, 0.18457527, 0.64032155)
(0.46165279, 0.62044311, 0.55843699, 0.77084470, 0.53523856, 0.26831874, 0.57061160, 0.18288779, 0.16253236, 0.54757065)
(0.42186570, 0.70531017, 0.49855864, 0.42125091, 0.54916692, 0.61023384, 0.53521860, 0.36550647, 0.55970770, 0.64188671)
(0.42535695, 0.53147674, 0.84872758, 0.44908828, 0.44396234, 0.68747741, 0.80683398, 0.63616246, 0.73850918, 0.44855085)
(0.18062975, 0.76422882, 0.89382106, 0.65135306, 0.36489844, 0.80881590, 0.91177863, 0.58789784, 0.72745097, 0.54466033)
(0.33423346, 0.74579883, 0.57127720, 0.63142031, 0.43495995, 0.59468168, 0.64490014, 0.33551645, 0.51209968, 0.65527582)
(0.41721323, 0.25805911, 0.90360540, 0.70718449, 0.45482862, 0.47908261, 0.88419747, 0.69756740, 0.46907306, 0.21434823)
(0.08919319, 0.84320676, 0.46630466, 0.35243130, 0.82889664, 0.78947687, 0.72420061, 0.44903770, 0.38152030, 0.60896701)
(0.21520181, 0.93264735, 0.44521418, 0.59943163, 0.43739751, 0.72045499, 0.60227650, 0.14384384, 0.53181118, 0.82664466)
(0.15365075, 0.75688154, 0.68264043, 0.65379548, 0.58366263, 0.69529778, 0.80537069, 0.48110342, 0.42254165, 0.56249684)
(0.19571996, 0.85298401, 0.46293357, 0.74209726, 0.53430176, 0.58185577, 0.65315002, 0.22294408, 0.29496977, 0.70698959)
(0.23031643, 0.71199179, 0.68694395, 0.41712388, 0.57237124, 0.75522512, 0.76549548, 0.55839962, 0.64653569, 0.57498419)
(0.68641919, 0.62312448, 0.61183685, 0.56748873, 0.48019153, 0.37146723, 0.50165099, 0.23176192, 0.42302993, 0.54232746)
(0.27107778, 0.84285671, 0.46665546, 0.78548169, 0.44709304, 0.51253778, 0.60979301, 0.18358223, 0.30067798, 0.72067088)
(0.38137031, 0.59568381, 0.51011080, 0.65324205, 0.53686887, 0.45984688, 0.58891642, 0.38784459, 0.35226309, 0.55076176)
(0.26576385, 0.59505576, 0.68132871, 0.49957049, 0.56008828, 0.67058575, 0.75366473, 0.60469168, 0.55999881, 0.50453645)
(0.20206021, 0.49318543, 0.66714573, 0.70191103, 0.69471532, 0.50094736, 0.78078967, 0.58229518, 0.23406033, 0.36316332)
(0.30736300, 0.69774550, 0.94952404, 0.13849147, 0.55821556, 0.91195619, 0.91482306, 0.76874959, 0.92368966, 0.44738838)
(0.30801925, 0.45317167, 0.81055957, 0.61679667, 0.48103103, 0.61192381, 0.83326119, 0.67447591, 0.54580700, 0.38463902)
(0.50935829, 0.43717366, 0.50506485, 0.47319138, 0.82037318, 0.23903395, 0.48770013, 0.26197428, 0.11083924, 0.35675815)
(0.25334972, 0.48365271, 0.81584537, 0.57474089, 0.52131987, 0.66755974, 0.85085291, 0.71102458, 0.56578022, 0.38974208)
(0.41751862, 0.66165811, 0.83042133, 0.81605643, 0.24084239, 0.55106062, 0.80867887, 0.38620326, 0.58186525, 0.55573523)
(0.06347176, 0.86421335, 0.72578287, 0.86302727, 0.61123240, 0.68000793, 0.88781983, 0.36308745, 0.19453292, 0.57619810)
(0.23273516, 0.84059143, 0.47251999, 0.70333558, 0.49767932, 0.59004962, 0.63565135, 0.23068695, 0.36100450, 0.70905870)
(0.35140184, 0.75565374, 0.31344852, 0.78826952, 0.74422872, 0.22969177, 0.38788366, 0.10080523, 0.05518723, 0.63006717)
(0.35104984, 0.80996281, 0.80775863, 0.84648973, 0.19675143, 0.60912377, 0.80988413, 0.27536792, 0.60233748, 0.67677057)
(0.33011174, 0.59394348, 0.83017963, 0.81569260, 0.33235756, 0.54658777, 0.83677572, 0.47395772, 0.48572287, 0.47214612)
(0.66780704, 0.70767361, 0.88043523, 0.94405168, 0.11109061, 0.31270146, 0.77064472, 0.16192928, 0.46280831, 0.61243367)
(0.58215624, 0.57443076, 0.86036247, 0.76945293, 0.21945818, 0.51728868, 0.78072768, 0.41521242, 0.66709524, 0.50987601)
(0.31285170, 0.64180815, 0.71753061, 0.45779979, 0.49415830, 0.70457345, 0.75399911, 0.56407481, 0.66596830, 0.54986507)
(0.17173956, 0.76567119, 0.89379126, 0.89192116, 0.29172891, 0.66529876, 0.92064744, 0.44004861, 0.46898535, 0.52256608)
(0.56962794, 0.86075932, 0.72296727, 0.61203134, 0.18879452, 0.66756648, 0.63833451, 0.17994663, 0.79502732, 0.78081179)
(0.57911295, 0.61276424, 0.66326910, 0.72695094, 0.33595845, 0.42486152, 0.60399222, 0.31524178, 0.49708524, 0.57909662)
(0.57341462, 0.67341912, 0.47596186, 0.55846882, 0.52976537, 0.42790005, 0.44041193, 0.25242019, 0.38432863, 0.60938621)
(0.18641421, 0.61843204, 0.50836402, 0.45766562, 0.76377374, 0.62787372, 0.68320185, 0.55248535, 0.34651825, 0.48012349)
(0.25244716, 0.76234031, 0.62015897, 0.51436454, 0.50413603, 0.70939642, 0.71489865, 0.42685717, 0.59496433, 0.63838482)
(0.13240553, 0.55720448, 0.66710258, 0.78816330, 0.76605141, 0.46677324, 0.81315124, 0.53455210, 0.12371829, 0.34346712)
(0.28078723, 0.56817526, 0.72190720, 0.49208233, 0.54209560, 0.67661935, 0.77386767, 0.63442993, 0.59397328, 0.48351166)
(0.25842467, 0.72072458, 0.53931773, 0.89498276, 0.54044718, 0.31809032, 0.67299378, 0.20821823, 0.11563541, 0.56004149)
(0.15604524, 0.81080014, 0.67358857, 0.80776316, 0.49218956, 0.62294143, 0.80772853, 0.34210250, 0.31748819, 0.61025387)
(0.26859170, 0.71749860, 0.58584845, 0.58788621, 0.51641381, 0.63503009, 0.69221377, 0.42066658, 0.49114034, 0.60741210)
(0.61638218, 0.73140168, 0.44940519, 0.45619339, 0.46655580, 0.50921571, 0.40738010, 0.21800418, 0.52531195, 0.66707927)
(0.45072514, 0.77353525, 0.59031081, 0.56564248, 0.34703076, 0.61426985, 0.59986269, 0.27718556, 0.64571393, 0.70376819)
(0.26183766, 0.87455171, 0.66242570, 0.61715370, 0.33641684, 0.73855561, 0.73450547, 0.26286480, 0.67223167, 0.74753410)
(0.62999666, 0.68484277, 0.60408700, 0.60022056, 0.40660179, 0.46219081, 0.49815580, 0.26063243, 0.52427769, 0.62403387)
(0.34037340, 0.48527065, 0.78818268, 0.55073231, 0.47305581, 0.63372970, 0.80472672, 0.65243739, 0.60795885, 0.42615539)
(0.34458736, 0.72288132, 0.49306840, 0.55882496, 0.50245064, 0.58136195, 0.58488768, 0.34194025, 0.48729807, 0.64745349)
(0.17078406, 0.77388924, 0.65247715, 0.57839513, 0.56929821, 0.72447580, 0.77776170, 0.46793652, 0.50385797, 0.60183829)
(0.38001776, 0.31431568, 0.91430664, 0.73184109, 0.38782349, 0.54462379, 0.90046513, 0.70994353, 0.54433137, 0.25544325)
(0.44523573, 0.71135801, 0.45803908, 0.13834484, 0.83119106, 0.66408998, 0.46314019, 0.36647201, 0.48757949, 0.53394926)
(0.21965091, 0.52785832, 0.72365618, 0.43012202, 0.66588789, 0.69776040, 0.79775429, 0.70379138, 0.54074252, 0.42039824)
(0.72859353, 0.52012026, 0.74764663, 0.73117447, 0.50534320, 0.19615261, 0.58668298, 0.13743262, 0.20800397, 0.42680192)
(0.30080253, 0.69994438, 0.52750307, 0.32443199, 0.68634671, 0.68751091, 0.61427677, 0.46592936, 0.54626095, 0.57866818)
(0.13833386, 0.85419881, 0.51167601, 0.81923622, 0.59137100, 0.55503279, 0.72487003, 0.23203419, 0.19332974, 0.66042536)
(0.33402917, 0.53239489, 0.90484315, 0.75245053, 0.30022034, 0.63911217, 0.89411420, 0.62059301, 0.65084696, 0.41168272)
(0.58432823, 0.80071110, 0.58564442, 0.61595243, 0.27732390, 0.55819595, 0.52200359, 0.19298637, 0.65371919, 0.73998594)
(0.24951231, 0.84948909, 0.50193030, 0.85615742, 0.43310845, 0.46787837, 0.64589310, 0.16630223, 0.23212747, 0.70936757)
(0.61166418, 0.58685452, 0.61113632, 0.68411249, 0.52753055, 0.26548958, 0.53293747, 0.17347400, 0.22604828, 0.52305102)
(0.22684219, 0.65991145, 0.61732912, 0.64199036, 0.58107740, 0.60112119, 0.73739284, 0.48199943, 0.38047850, 0.52753872)
(0.54098928, 0.48770002, 0.85586923, 0.55160022, 0.32436299, 0.60582292, 0.78919190, 0.56835318, 0.74301142, 0.45131588)
(0.45925307, 0.61680418, 0.81770468, 0.89033586, 0.25064105, 0.39513281, 0.78583664, 0.30855432, 0.39250836, 0.52346873)
(0.65791827, 0.59205049, 0.76432896, 0.83412039, 0.34206638, 0.25405863, 0.64845318, 0.16766505, 0.28913039, 0.51482701)
(0.34829897, 0.96601635, 0.66874981, 0.84353197, 0.10987232, 0.68983370, 0.69387525, 0.05647023, 0.70524460, 0.89356750)
(0.25456926, 0.81697780, 0.41999838, 0.66787171, 0.54826087, 0.55922586, 0.58236724, 0.23746890, 0.33035690, 0.69714630)
(0.43339866, 0.58539474, 0.57776380, 0.77333248, 0.52227187, 0.30102289, 0.60555214, 0.24720535, 0.19617185, 0.52086920)
(0.50258744, 0.45826197, 0.91390759, 0.53055179, 0.31493047, 0.66690284, 0.86195803, 0.65776879, 0.79307222, 0.39632124)
(0.48538068, 0.39719307, 0.67255080, 0.69075608, 0.57917792, 0.29447788, 0.65965343, 0.36909884, 0.23812206, 0.37159628)
(0.77390164, 0.68177593, 0.52702999, 0.39969364, 0.60959893, 0.35771197, 0.36728144, 0.15874755, 0.34509099, 0.54610604)
(0.26396292, 0.69703329, 0.63829333, 0.29897788, 0.67074090, 0.74833649, 0.70817733, 0.55037272, 0.62952459, 0.55524909)
(0.25317621, 0.94690847, 0.31919858, 0.84612000, 0.37985766, 0.49173334, 0.49275523, 0.05212798, 0.23017535, 0.85626239)
(0.66738433, 0.85750300, 0.49505782, 0.38062111, 0.41630834, 0.60396653, 0.38147870, 0.12812327, 0.64096773, 0.76437712)
(0.18173668, 0.97870785, 0.56280464, 0.77437568, 0.20927151, 0.77902108, 0.70393360, 0.05984307, 0.63812524, 0.90601069)
(0.20606430, 0.80483735, 0.51492721, 0.68754846, 0.54693431, 0.60897982, 0.68218070, 0.30699217, 0.35287642, 0.65854001)
(0.28696638, 0.77691323, 0.74140298, 0.67980301, 0.34010631, 0.68944430, 0.78395903, 0.38942498, 0.63136142, 0.64492947)
(0.64759785, 0.52188957, 0.88705927, 0.67965323, 0.23949485, 0.55260754, 0.78520763, 0.48422885, 0.75538528, 0.45447955)
(0.52102321, 0.66737676, 0.90402365, 0.86471891, 0.17143391, 0.52131236, 0.84120977, 0.34754300, 0.62713522, 0.53744149)
(0.23794159, 0.74987453, 0.59766239, 0.51381874, 0.54444355, 0.69838464, 0.70811248, 0.44076824, 0.55261153, 0.62396777)
(0.47339261, 0.69195837, 0.83215445, 0.71570754, 0.22510669, 0.62276971, 0.78915834, 0.39148247, 0.71863931, 0.59683716)
(0.17300226, 0.96477771, 0.39754581, 0.60595423, 0.44464993, 0.75827843, 0.58791256, 0.09210552, 0.51391339, 0.87514395)
(0.11917469, 0.84896886, 0.72967845, 0.39574394, 0.62195981, 0.85859948, 0.83782142, 0.53105366, 0.68259728, 0.63777715)
(0.24696785, 0.76092690, 0.64439756, 0.50088239, 0.50906116, 0.72665077, 0.73043323, 0.45151535, 0.61601722, 0.63203627)
(0.37218392, 0.75324947, 0.61605000, 0.93390566, 0.38160700, 0.23531833, 0.65727317, 0.11939979, 0.10765740, 0.61637342)
(0.46130708, 0.73450392, 0.43836999, 0.79143089, 0.59583557, 0.21975131, 0.45187575, 0.08803308, 0.09248209, 0.64184380)
(0.38875368, 0.85840195, 0.38854986, 0.54440349, 0.47418898, 0.59630072, 0.46109661, 0.16437273, 0.48050922, 0.77028143)
(0.18522815, 0.93342239, 0.36016786, 0.69620389, 0.52776110, 0.63741386, 0.56262273, 0.11818264, 0.32523012, 0.81854117)
(0.14212608, 0.70697039, 0.57764167, 0.47671518, 0.72873354, 0.71183759, 0.75409126, 0.55627590, 0.40532267, 0.52308059)
(0.62422228, 0.28826249, 0.72407812, 0.52174145, 0.73374683, 0.22157092, 0.62131244, 0.33115971, 0.17172849, 0.25036556)
(0.20075481, 0.88389319, 0.45784092, 0.49005601, 0.57437676, 0.73062199, 0.62166166, 0.25499091, 0.51254267, 0.75299174)
(0.15251030, 0.71200460, 0.71111190, 0.57062125, 0.59013230, 0.73859727, 0.82512635, 0.58071935, 0.50359386, 0.52973366)
(0.10520232, 0.76574159, 0.63456100, 0.63155442, 0.68919146, 0.71198231, 0.81473583, 0.50711989, 0.32797596, 0.54002166)
(0.37521419, 0.85994107, 0.58163249, 0.83305985, 0.25544542, 0.50828397, 0.63831812, 0.14421682, 0.43952808, 0.75940567)
(0.26255041, 0.88182527, 0.83128226, 0.90991199, 0.16746777, 0.63074905, 0.85697764, 0.20451300, 0.53501236, 0.72061229)
(0.42784745, 0.63741082, 0.60561365, 0.45318812, 0.48763034, 0.62354261, 0.62253940, 0.45477545, 0.62450778, 0.59040529)
(0.75777441, 0.62663275, 0.69433010, 0.54420263, 0.38583279, 0.45499608, 0.52868634, 0.29623231, 0.63251323, 0.52878273)
(0.78255653, 0.36794901, 0.87226206, 0.75770164, 0.43485969, 0.20821148, 0.70102006, 0.22972105, 0.32779807, 0.29799139)
(0.76329297, 0.55589461, 0.71741462, 0.60442865, 0.50089717, 0.28385004, 0.54082716, 0.19053403, 0.35127205, 0.44965506)
(0.21955329, 0.86632782, 0.60306329, 0.53900737, 0.46332246, 0.75360841, 0.71033442, 0.30824426, 0.61981726, 0.73004329)
(0.33525896, 0.55073428, 0.68610835, 0.27266243, 0.68825054, 0.68337744, 0.70287997, 0.62451750, 0.61315346, 0.45532930)
(0.14244130, 0.56866002, 0.73448676, 0.49877527, 0.70137429, 0.72441357, 0.84139568, 0.72349411, 0.46833822, 0.41005367)
(0.55770081, 0.94757742, 0.73720521, 0.68628591, 0.11935397, 0.72406495, 0.63903230, 0.08336320, 0.83640814, 0.87533891)
(0.37927830, 0.65706968, 0.46049428, 0.65015578, 0.52831709, 0.46194372, 0.54993880, 0.32256207, 0.34558025, 0.60158592)
(0.31208932, 0.88258606, 0.60790718, 0.50904733, 0.37273380, 0.74869877, 0.66406268, 0.24114512, 0.70215899, 0.77305311)
(0.71573132, 0.40449175, 0.88961637, 0.37942761, 0.40714458, 0.58496702, 0.74856085, 0.59253067, 0.79361099, 0.34642935)
(0.39908907, 0.76273185, 0.56640983, 0.56798232, 0.39143884, 0.61387753, 0.60825038, 0.30196425, 0.60114145, 0.68711221)
(0.37638000, 0.58774316, 0.83307296, 0.44148123, 0.42779958, 0.72418207, 0.81310683, 0.62692440, 0.75857997, 0.49393815)
(0.17157879, 0.74728215, 0.61831135, 0.56706607, 0.60270011, 0.70332986, 0.76322949, 0.47924212, 0.45787376, 0.58090621)
(0.10743492, 0.79887873, 0.51809055, 0.51335365, 0.75392705, 0.72442186, 0.74412972, 0.45598817, 0.34009898, 0.58725500)
(0.26037464, 0.87214625, 0.54565835, 0.70374137, 0.37355360, 0.64094573, 0.66688079, 0.20265138, 0.49896193, 0.74991566)
(0.77670979, 0.55547333, 0.60799754, 0.31829059, 0.62456888, 0.42387968, 0.43468910, 0.32099268, 0.49364370, 0.44673637)
(0.37988037, 0.76464999, 0.73261786, 0.53501827, 0.34487736, 0.71354878, 0.73322868, 0.39078948, 0.73723078, 0.66014171)
(0.35948652, 0.79926413, 0.45945510, 0.34586540, 0.63597643, 0.67214286, 0.51724225, 0.30520663, 0.54328817, 0.68515921)
(0.63658100, 0.57841408, 0.80583543, 0.83776885, 0.24330699, 0.36611772, 0.70046502, 0.29108909, 0.49237469, 0.52692175)
(0.16966309, 0.88691884, 0.46272296, 0.45709094, 0.64034909, 0.75287849, 0.64099067, 0.28226507, 0.49088326, 0.73889476)
(0.76833236, 0.33423838, 0.77612132, 0.36141703, 0.62915552, 0.36789849, 0.59018177, 0.44833931, 0.50205594, 0.27011681)
(0.16640222, 0.46148264, 0.63715327, 0.76645529, 0.79182249, 0.38275489, 0.77791423, 0.53330004, 0.10775091, 0.29676834)
(0.82874268, 0.44686887, 0.89209962, 0.53477800, 0.32100376, 0.48385569, 0.68675399, 0.46622980, 0.78171188, 0.35308573)
(0.35895455, 0.86532646, 0.67176503, 0.58996445, 0.28672478, 0.71773404, 0.69728398, 0.23620883, 0.72496450, 0.75841099)
(0.15831155, 0.90645123, 0.45380309, 0.85359079, 0.50263208, 0.53979170, 0.67162788, 0.13957497, 0.19811891, 0.75163907)
(0.63903642, 0.44675785, 0.89612967, 0.75190628, 0.24413359, 0.48112446, 0.80206722, 0.48719865, 0.68007118, 0.39977810)
(0.43055344, 0.80324239, 0.40415296, 0.48984870, 0.49673370, 0.58472246, 0.45773789, 0.21192627, 0.50372136, 0.72792768)
(0.53208488, 0.45725179, 0.83691269, 0.66611630, 0.32918853, 0.52699518, 0.77408576, 0.54047698, 0.63760322, 0.43192255)
(0.67397457, 0.52533919, 0.79019403, 0.74827266, 0.29995278, 0.39810121, 0.66913748, 0.35076612, 0.56472558, 0.48418033)
(0.29750705, 0.76822060, 0.69460857, 0.50010449, 0.43651879, 0.73513830, 0.73874670, 0.43201107, 0.68866682, 0.64684236)
(0.38551509, 0.39023221, 0.69646281, 0.54103696, 0.59381825, 0.50168616, 0.72059882, 0.60460263, 0.43013287, 0.36395139)
(0.62675399, 0.77770418, 0.73182982, 0.75407422, 0.19438334, 0.52459389, 0.62686658, 0.21437830, 0.68056172, 0.70436674)
(0.28141218, 0.57319158, 0.75889099, 0.86622804, 0.45745122, 0.41765487, 0.80701518, 0.41369897, 0.24613750, 0.43780372)
(0.36252505, 0.58075482, 0.52503824, 0.30867675, 0.71297932, 0.61035669, 0.58261782, 0.51153648, 0.49840081, 0.50198597)
(0.61761874, 0.40913975, 0.71686041, 0.65470499, 0.52078271, 0.29224116, 0.62962514, 0.31458682, 0.32142282, 0.38811618)
(0.67050755, 0.48892766, 0.77900934, 0.70426983, 0.33757219, 0.40314680, 0.66226131, 0.38097847, 0.56705785, 0.45714381)
(0.69282329, 0.62356406, 0.62080592, 0.64076638, 0.55472875, 0.24529576, 0.49232978, 0.13391583, 0.21258140, 0.51907593)
(0.41967970, 0.84194690, 0.71611500, 0.97819239, 0.19142540, 0.18953827, 0.71710771, 0.05516282, 0.10012783, 0.70412451)
(0.24187838, 0.66394818, 0.52141255, 0.48418579, 0.65320545, 0.63333404, 0.65980369, 0.48832664, 0.43692222, 0.55478966)
(0.23306824, 0.82740515, 0.76661336, 0.48959592, 0.42281193, 0.81083620, 0.80686682, 0.44966865, 0.75126994, 0.67072618)
(0.53103048, 0.67690814, 0.87160289, 0.68595099, 0.20191340, 0.64522451, 0.80463970, 0.41424873, 0.78332782, 0.58140773)
(0.42569372, 0.62639278, 0.82949483, 0.53292537, 0.34114620, 0.69197690, 0.79727757, 0.54143286, 0.75811249, 0.53779942)
(0.79544240, 0.60073686, 0.81208599, 0.67932552, 0.27905896, 0.42016137, 0.61439657, 0.28712073, 0.67997223, 0.50252771)
(0.25952762, 0.40722445, 0.72977853, 0.74146026, 0.65021348, 0.43003640, 0.79287720, 0.58875823, 0.23633376, 0.31054869)
(0.17244558, 0.78183448, 0.53845859, 0.58742166, 0.62007064, 0.67384243, 0.71469963, 0.40129822, 0.39926919, 0.62151557)
(0.35544002, 0.74914950, 0.57776970, 0.51935083, 0.44975233, 0.64944327, 0.63467294, 0.35905004, 0.60374480, 0.66321069)
(0.69695324, 0.24521196, 0.87975729, 0.47973511, 0.49038965, 0.42402136, 0.75352764, 0.59233606, 0.58915621, 0.23130558)
(0.52125269, 0.64102185, 0.94066799, 0.73267585, 0.15758985, 0.68203670, 0.88834530, 0.49568534, 0.83062613, 0.50906837)
(0.48618677, 0.53742683, 0.87981212, 0.75027704, 0.25409812, 0.56415546, 0.83181351, 0.50847262, 0.66285694, 0.45953575)
(0.08193344, 0.75205177, 0.74956465, 0.76775795, 0.67247564, 0.68781352, 0.88237447, 0.53649402, 0.25148284, 0.46825555)
(0.22308557, 0.97158921, 0.69548184, 0.89921290, 0.12791777, 0.70147395, 0.77396029, 0.05991640, 0.59431267, 0.88521153)
(0.19891234, 0.79071420, 0.55584574, 0.76098824, 0.53160089, 0.56806856, 0.71684384, 0.30485886, 0.29429734, 0.62791002)
(0.22989222, 0.61717802, 0.56609273, 0.36528617, 0.72720879, 0.67837721, 0.68947458, 0.58829612, 0.48159078, 0.49681205)
(0.12370053, 0.85392857, 0.46788317, 0.75829840, 0.64816123, 0.59792203, 0.71144617, 0.25875825, 0.20629458, 0.66073847)
(0.26933435, 0.66770595, 0.48770913, 0.34553421, 0.72735536, 0.65782404, 0.61056966, 0.48575836, 0.46746287, 0.54863381)
(0.53477335, 0.73873532, 0.73336184, 0.84068543, 0.20137870, 0.45687905, 0.68091029, 0.22326431, 0.52949584, 0.67337561)
(0.50390399, 0.31558371, 0.61085182, 0.44782645, 0.81184787, 0.27418253, 0.57584071, 0.39742872, 0.17153175, 0.25380796)
(0.29051876, 0.71592593, 0.45385876, 0.57448864, 0.59155345, 0.56257546, 0.58560419, 0.35460666, 0.38319984, 0.62242663)
(0.15900362, 0.75510502, 0.59660733, 0.73727882, 0.61110985, 0.59596783, 0.76077437, 0.39464274, 0.27108634, 0.56557357)
(0.17705759, 0.84082878, 0.63961214, 0.74290925, 0.46390590, 0.66980088, 0.77167535, 0.31797767, 0.42047372, 0.67152518)
(0.29980823, 0.75571239, 0.83701450, 0.43369272, 0.39416200, 0.81150919, 0.83321607, 0.54674649, 0.81370044, 0.60629362)
(0.29098630, 0.84681439, 0.58958840, 0.60508001, 0.37569800, 0.68639922, 0.67461503, 0.26176026, 0.61118233, 0.73309559)
(0.25527701, 0.64437670, 0.50251597, 0.32305527, 0.75597399, 0.66470468, 0.62858707, 0.52414066, 0.45908335, 0.51876307)
(0.56183702, 0.61202574, 0.45242375, 0.33839557, 0.60507017, 0.52542609, 0.44429609, 0.34484288, 0.49344486, 0.56821662)
(0.15173194, 0.80623227, 0.83051753, 0.47399622, 0.47997603, 0.85152400, 0.88136005, 0.58557200, 0.75047791, 0.60149366)
(0.34036970, 0.37361655, 0.88135630, 0.84945768, 0.45852694, 0.40380341, 0.87214416, 0.57768238, 0.31011069, 0.27216586)
(0.08344619, 0.85513878, 0.61279261, 0.62261569, 0.67218959, 0.76864016, 0.81961912, 0.42396304, 0.37027904, 0.62781823)
(0.40621981, 0.68576896, 0.64243948, 0.67561072, 0.36814168, 0.55676138, 0.66736597, 0.36422774, 0.54358542, 0.61889839)
(0.25574598, 0.91104144, 0.31427234, 0.51709336, 0.58785993, 0.65189576, 0.46485156, 0.13609353, 0.39858648, 0.80363345)
(0.76547408, 0.70190358, 0.71387053, 0.75669140, 0.37348622, 0.25310388, 0.52894950, 0.10081866, 0.31691790, 0.57789874)
(0.31832775, 0.59354943, 0.87519914, 0.38469660, 0.46082103, 0.78459913, 0.86072862, 0.69839233, 0.79870725, 0.46551198)
(0.31152785, 0.71727163, 0.77422494, 0.71331048, 0.32735804, 0.65015864, 0.80165052, 0.42768624, 0.60780299, 0.58948892)
(0.20696807, 0.68945724, 0.47328952, 0.39595187, 0.74796945, 0.66143239, 0.64101619, 0.48788562, 0.40525210, 0.54640764)
(0.16905305, 0.73345828, 0.74451655, 0.49297258, 0.55367374, 0.78342956, 0.83109194, 0.59341341, 0.63006157, 0.56070060)
(0.44306844, 0.56374526, 0.73597956, 0.78481114, 0.34459251, 0.44997537, 0.72805291, 0.39458889, 0.44490853, 0.51288736)
(0.25732648, 0.50216132, 0.79969168, 0.74764532, 0.50181174, 0.55851954, 0.83769959, 0.60707271, 0.40251905, 0.38613185)
(0.62763935, 0.75384629, 0.50449687, 0.59986216, 0.35943964, 0.48803091, 0.43975109, 0.20234975, 0.55474567, 0.69433177)
(0.10885985, 0.93537641, 0.29635459, 0.90462571, 0.66566443, 0.40818590, 0.59095335, 0.06652726, 0.05701181, 0.76230621)
(0.22635657, 0.33498845, 0.93408018, 0.62662393, 0.50760496, 0.68957829, 0.93980336, 0.82702160, 0.57929295, 0.22827537)
(0.24749415, 0.91363168, 0.34003660, 0.82831091, 0.46209320, 0.46563122, 0.51786029, 0.08429313, 0.20122677, 0.80262876)
(0.10226279, 0.69510764, 0.59009480, 0.44662467, 0.79785579, 0.73964196, 0.78965658, 0.62371659, 0.36816275, 0.47753906)
(0.49632505, 0.86272377, 0.52348053, 0.58548361, 0.28760916, 0.61611980, 0.51887220, 0.15190069, 0.65130615, 0.79054558)
(0.84411103, 0.12744856, 0.95342493, 0.34414744, 0.64033902, 0.30423176, 0.78322053, 0.60355735, 0.50527114, 0.09282887)
(0.20724335, 0.72756523, 0.70471072, 0.61605549, 0.49662194, 0.70362920, 0.79687810, 0.49763045, 0.53856528, 0.57164067)
(0.24585794, 0.56064063, 0.67733860, 0.49015978, 0.60642034, 0.66466492, 0.76149368, 0.64036298, 0.52353531, 0.46980432)
(0.23442385, 0.86942232, 0.69189131, 0.92340583, 0.28588673, 0.49782500, 0.78064281, 0.16228643, 0.27467331, 0.70419991)
(0.22238350, 0.92401689, 0.48017251, 0.58831948, 0.41662171, 0.72788441, 0.62879539, 0.16105577, 0.56667078, 0.81427038)
(0.41763166, 0.65522629, 0.50991660, 0.74971354, 0.54573268, 0.36632970, 0.54627228, 0.26628795, 0.23344214, 0.56588537)
(0.27955234, 0.58882427, 0.72889572, 0.88458854, 0.47051740, 0.37253958, 0.78993201, 0.36453903, 0.19606583, 0.45060477)
(0.37800491, 0.61825520, 0.77829611, 0.53724039, 0.39848673, 0.67254013, 0.77481389, 0.54437870, 0.69210207, 0.53596592)
(0.47838935, 0.96112603, 0.71501106, 0.46710813, 0.22947216, 0.82590437, 0.62567842, 0.10726663, 0.85674083, 0.88303226)
(0.41756928, 0.50125736, 0.68893456, 0.83711940, 0.46558490, 0.30365112, 0.70463353, 0.33852863, 0.22532028, 0.44196719)
(0.37315795, 0.65720725, 0.58330536, 0.67668813, 0.44994119, 0.51849908, 0.64188069, 0.37556589, 0.43908134, 0.59051037)
(0.52032679, 0.17535591, 0.89102489, 0.72114104, 0.59569603, 0.28298104, 0.83806026, 0.59871519, 0.25840262, 0.14648035)
(0.67426044, 0.88304257, 0.54222602, 0.55583262, 0.25374395, 0.59336299, 0.41823041, 0.10502477, 0.69890273, 0.81629646)
(0.58612883, 0.56646585, 0.58587348, 0.56946588, 0.45909241, 0.44911313, 0.54063475, 0.36574101, 0.50946862, 0.54352194)
(0.37948745, 0.67512280, 0.59056693, 0.58397996, 0.44213817, 0.58633393, 0.64036673, 0.39865983, 0.54925233, 0.61246341)
(0.22530125, 0.81885976, 0.54649836, 0.58745968, 0.51026177, 0.67990291, 0.68088484, 0.32659554, 0.50235301, 0.68615550)
(0.43903095, 0.52176297, 0.66126668, 0.79847789, 0.45771107, 0.33977818, 0.67302954, 0.35036814, 0.27693066, 0.47337344)
(0.11836267, 0.75125104, 0.59888238, 0.67790687, 0.70298135, 0.64331675, 0.78447032, 0.45786136, 0.25630763, 0.53103870)
(0.16080157, 0.77723283, 0.80689585, 0.60376525, 0.45585176, 0.79106867, 0.87091726, 0.54219365, 0.64626801, 0.57595164)
(0.37579608, 0.79862267, 0.66275561, 0.78871447, 0.32967633, 0.53191906, 0.67949694, 0.23584042, 0.45785552, 0.68052226)
(0.49906287, 0.68500495, 0.45110574, 0.49738920, 0.48746002, 0.52506691, 0.47100496, 0.29437938, 0.50671667, 0.65061992)
(0.18636894, 0.91998035, 0.54615903, 0.73420358, 0.37900326, 0.69384062, 0.70828742, 0.16526538, 0.47843274, 0.78847605)
(0.66029596, 0.73268670, 0.46870780, 0.63518226, 0.55905354, 0.25670579, 0.38561633, 0.08847272, 0.17917149, 0.65004355)
(0.82564563, 0.62347740, 0.73208594, 0.53507298, 0.44724587, 0.34566963, 0.50896144, 0.19332847, 0.50248182, 0.48006412)
(0.19319296, 0.67442775, 0.52596360, 0.43965110, 0.71692425, 0.67108130, 0.68856794, 0.52814937, 0.42338520, 0.53251565)
(0.12066279, 0.94449568, 0.59160119, 0.93476152, 0.35865548, 0.56552237, 0.78769636, 0.10141703, 0.18717748, 0.78535342)
(0.33687761, 0.67326856, 0.60095334, 0.65854871, 0.46015429, 0.55937600, 0.67191923, 0.39921907, 0.46162826, 0.59013379)
(0.31230190, 0.90244228, 0.55956936, 0.56970036, 0.35356736, 0.71967769, 0.62832427, 0.18602332, 0.65536755, 0.80010986)
(0.27839252, 0.90321839, 0.42506516, 0.49350604, 0.49789649, 0.70302922, 0.54403406, 0.17846937, 0.54858607, 0.79930526)
(0.17379904, 0.45374849, 0.76060867, 0.65191829, 0.68642342, 0.58906627, 0.84404868, 0.70115191, 0.32333747, 0.32438129)
(0.25773185, 0.75562537, 0.61879903, 0.93489259, 0.46104845, 0.30136940, 0.72473198, 0.17706099, 0.10724914, 0.57204831)
(0.30661920, 0.91328675, 0.83078790, 0.93211210, 0.11784066, 0.60915864, 0.83947897, 0.13938117, 0.55883998, 0.77935529)
(0.33055672, 0.53636163, 0.75999135, 0.54045427, 0.47505653, 0.64701265, 0.78454548, 0.62373489, 0.61608589, 0.46888974)
(0.13639338, 0.99022782, 0.38852131, 0.90952969, 0.24439263, 0.65994501, 0.62214011, 0.01968973, 0.29836622, 0.93613058)
(0.41448379, 0.57997048, 0.55970293, 0.26723689, 0.70161164, 0.62060374, 0.57393932, 0.50494629, 0.55051214, 0.50122994)
(0.25736928, 0.65665770, 0.48086405, 0.82874703, 0.64602655, 0.32163429, 0.62654996, 0.26204032, 0.11230078, 0.51385510)
(0.20253047, 0.92426634, 0.48188961, 0.73135668, 0.39934164, 0.66352564, 0.65219355, 0.13976827, 0.43642047, 0.80347174)
(0.41793025, 0.34554079, 0.91916269, 0.78059578, 0.32333121, 0.52485752, 0.89452541, 0.66048706, 0.56882727, 0.28736013)
(0.27225310, 0.62419623, 0.74439394, 0.52432442, 0.49211985, 0.69855100, 0.79242635, 0.59703594, 0.62631655, 0.51752007)
(0.19884165, 0.64838660, 0.86515349, 0.69520468, 0.39973140, 0.72844082, 0.89621967, 0.63351893, 0.61910117, 0.46895495)
(0.24769434, 0.64478213, 0.60530227, 0.39696488, 0.65404916, 0.69330215, 0.70715094, 0.56824338, 0.54707533, 0.53123051)
(0.82719046, 0.48952100, 0.82885110, 0.52045709, 0.38636434, 0.42902315, 0.61195600, 0.37631151, 0.68755317, 0.38299862)
(0.19902620, 0.70093709, 0.52924854, 0.47739527, 0.67786276, 0.66930473, 0.68898594, 0.49153262, 0.43163136, 0.56184441)
(0.93745750, 0.42345679, 0.89316857, 0.33674839, 0.51885229, 0.34824380, 0.57838762, 0.30701026, 0.66472507, 0.23958845)
(0.53627014, 0.86630446, 0.75583863, 0.69325835, 0.16228496, 0.65943384, 0.68428707, 0.17666866, 0.78479302, 0.77744585)
(0.28288868, 0.65230733, 0.62807262, 0.51453960, 0.53765476, 0.65732366, 0.71146166, 0.51464945, 0.55092275, 0.55938184)
(0.74001801, 0.79791087, 0.61820257, 0.56946355, 0.28377980, 0.53476489, 0.44871306, 0.18156256, 0.70049524, 0.71009910)
(0.17487453, 0.71661639, 0.40274015, 0.47845396, 0.78870189, 0.60257006, 0.61092818, 0.41182190, 0.26438788, 0.55187911)
(0.62657309, 0.32414848, 0.86868107, 0.71173167, 0.35488421, 0.40436733, 0.77528566, 0.53282243, 0.55999839, 0.32223773)
(0.28782761, 0.72141141, 0.73543924, 0.67237085, 0.38375881, 0.66194510, 0.78115076, 0.44197577, 0.58845448, 0.59474802)
(0.19776727, 0.72099727, 0.56398571, 0.40693733, 0.68381166, 0.71974856, 0.70684493, 0.51403832, 0.51060903, 0.56922919)
(0.17211959, 0.75023413, 0.63646531, 0.79316378, 0.55580825, 0.56880897, 0.77913219, 0.37251112, 0.26249591, 0.56029582)
(0.43186367, 0.48277736, 0.59556955, 0.69417763, 0.53105658, 0.37019852, 0.62907845, 0.40120348, 0.30454889, 0.46460536)
(0.28007293, 0.90520471, 0.26555949, 0.76746273, 0.52815288, 0.45176333, 0.42109948, 0.07798383, 0.19603638, 0.80527151)
(0.31143302, 0.76616418, 0.58751523, 0.41669679, 0.53969491, 0.71477318, 0.65165967, 0.40783775, 0.63050079, 0.65612954)
(0.34598756, 0.51728016, 0.95029366, 0.35983014, 0.40666416, 0.82386184, 0.92330110, 0.78979403, 0.87388670, 0.37166610)
(0.56420863, 0.68528944, 0.46746072, 0.62887979, 0.49539310, 0.36570433, 0.44748846, 0.18498768, 0.31037331, 0.64126128)
(0.76822799, 0.43928897, 0.85016114, 0.60719860, 0.33652458, 0.44305995, 0.67175245, 0.45252672, 0.69744545, 0.38507804)
(0.76020330, 0.25300431, 0.91780829, 0.76097906, 0.37498397, 0.27202997, 0.78527182, 0.43911242, 0.47790852, 0.23103695)
(0.23805073, 0.61031115, 0.63870651, 0.50603533, 0.60174757, 0.66206980, 0.74038249, 0.58692038, 0.50325072, 0.50746435)
(0.22436889, 0.89783484, 0.65679282, 0.68164194, 0.31988478, 0.73807383, 0.74921852, 0.23039675, 0.63588935, 0.76684535)
(0.29598480, 0.73869950, 0.69254571, 0.42664358, 0.50331259, 0.74713117, 0.73329264, 0.48955721, 0.69220263, 0.61726099)
(0.31989616, 0.23390532, 0.93827772, 0.66330159, 0.51570719, 0.57172513, 0.93024033, 0.80217266, 0.48985809, 0.16842906)
(0.25160640, 0.89228296, 0.55778170, 0.85482132, 0.32221383, 0.54742038, 0.68662184, 0.14279324, 0.34329268, 0.76255774)
(0.09600463, 0.82242745, 0.54517961, 0.51444656, 0.73465908, 0.75887340, 0.77232087, 0.45956716, 0.37719736, 0.60532427)
(0.21665312, 0.64277244, 0.83959538, 0.55525982, 0.45465726, 0.76151091, 0.87247080, 0.66460025, 0.68499511, 0.48858580)
(0.75521731, 0.52176774, 0.72076988, 0.14305903, 0.65890247, 0.58500254, 0.50264913, 0.44528592, 0.70726949, 0.41797984)
(0.45912865, 0.85953999, 0.46110532, 0.64652056, 0.30513263, 0.56484377, 0.49680182, 0.13698821, 0.55575645, 0.78706300)
(0.18838863, 0.60571855, 0.63313180, 0.53072041, 0.66819239, 0.66031754, 0.76418304, 0.60896170, 0.42094791, 0.47261000)
(0.17845105, 0.87681925, 0.57410747, 0.73800111, 0.44838282, 0.66880226, 0.73554081, 0.24248916, 0.41496184, 0.72212476)
(0.68120730, 0.60117322, 0.62848771, 0.53981537, 0.45266184, 0.44095147, 0.51661092, 0.31742886, 0.53703594, 0.53264558)
(0.24050705, 0.73987180, 0.87113190, 0.80281895, 0.27445841, 0.69415379, 0.88936812, 0.46553618, 0.61945623, 0.55262947)
(0.25033477, 0.60647410, 0.65801579, 0.46056947, 0.60243356, 0.68274868, 0.74471760, 0.60601842, 0.55214053, 0.50574392)
(0.33069745, 0.50227833, 0.64177155, 0.79728764, 0.55339849, 0.35703036, 0.71046138, 0.41306531, 0.21555877, 0.42769083)
(0.60325491, 0.45736638, 0.57169771, 0.51766515, 0.78295231, 0.19787438, 0.49607939, 0.18734480, 0.09622154, 0.36673799)
(0.38300282, 0.58887064, 0.81193632, 0.65448052, 0.34760141, 0.62376684, 0.80447394, 0.53447831, 0.64336360, 0.50242817)
(0.42972207, 0.44971940, 0.51919657, 0.52025014, 0.66145670, 0.40709409, 0.56188238, 0.45625979, 0.31862506, 0.42936522)
(0.22982125, 0.62059247, 0.65226072, 0.49578977, 0.60207111, 0.67914724, 0.75178516, 0.59494251, 0.52099478, 0.50998175)
(0.36458716, 0.65200967, 0.76972419, 0.69914353, 0.33966631, 0.60743910, 0.77918804, 0.45366946, 0.59647989, 0.55261904)
(0.30729869, 0.84116405, 0.35872385, 0.36208555, 0.69860935, 0.65407288, 0.46467012, 0.23260005, 0.43098333, 0.71256554)
(0.40577757, 0.84549916, 0.43987435, 0.62354636, 0.36010012, 0.57277256, 0.51073223, 0.16313510, 0.52373081, 0.76767349)
(0.35460001, 0.82499850, 0.34997460, 0.32156605, 0.72768897, 0.62869978, 0.43127406, 0.22107270, 0.40563005, 0.68754137)
(0.38973835, 0.60416162, 0.77437067, 0.79465419, 0.33011135, 0.50899696, 0.77534807, 0.41737333, 0.48118192, 0.51691979)
(0.56513286, 0.73764133, 0.64317387, 0.60897070, 0.29258132, 0.56406063, 0.58465534, 0.27244514, 0.67077070, 0.68291509)
(0.11938512, 0.71297455, 0.66847938, 0.49963489, 0.69399035, 0.75863850, 0.81980997, 0.61862224, 0.46111482, 0.51085079)
(0.48900080, 0.76601869, 0.53227949, 0.44999707, 0.43489465, 0.62624902, 0.52600235, 0.28495100, 0.63923031, 0.70281446)
(0.24513102, 0.88150221, 0.62882495, 0.80617601, 0.31084731, 0.62589574, 0.73470980, 0.19263148, 0.46275499, 0.74525625)
(0.54017061, 0.59267014, 0.88084859, 0.82686424, 0.19654304, 0.50757027, 0.81582278, 0.39916101, 0.62871063, 0.51157415)
(0.13587375, 0.79518056, 0.47821656, 0.74608028, 0.69528717, 0.54789007, 0.70433849, 0.30734670, 0.17662872, 0.59294915)
(0.17971951, 0.80443960, 0.45053300, 0.82005674, 0.62300169, 0.45864820, 0.65438545, 0.22709969, 0.15151142, 0.62689364)
(0.66426849, 0.83486331, 0.49223432, 0.39571634, 0.39302972, 0.59507465, 0.39071530, 0.14498138, 0.64960057, 0.75671756)
(0.51000726, 0.60209870, 0.63317770, 0.40383786, 0.48695967, 0.60775775, 0.60049421, 0.45454997, 0.65483099, 0.56623656)
(0.32174388, 0.74805635, 0.56581736, 0.35880136, 0.60165894, 0.71268457, 0.62701833, 0.42669222, 0.61688757, 0.63297254)
(0.32004225, 0.66146082, 0.60275322, 0.61968523, 0.49062693, 0.58319396, 0.67924267, 0.43575975, 0.47755620, 0.57721734)
